Including file DEVICE.asm
Processed file 'DEVICE.asm' ok
Including file mmfs100.asm
Including file VERSION.asm
Processed file 'VERSION.asm' ok
Including file SYSVARS.asm
Processed file 'SYSVARS.asm' ok
.langentry
     8000   00         BRK
     8001   00         BRK
     8002   00         BRK
.serventry
     8003   4C 23 8E   JMP &8E23
.romtype
     8006   82
.copywoffset
     8007   26
.binversion
     8008   7B
.title
Macro BUILD_NAME:
Macro BASE_NAME:
     8009   4D 6F 64 ...
Macro SYSTEM_NAME:
     8012   4D 4D 46 ...
End macro SYSTEM_NAME
     8016   20 31 32 ...
End macro BASE_NAME
Macro DEVICE_NAME:
     801A   20 50 69 ...
End macro DEVICE_NAME
Macro DFS_EMUL_NAME:
End macro DFS_EMUL_NAME
     8021   00
End macro BUILD_NAME
.version
Macro BUILD_VERSION:
     8022   31 2E 36 ...
     8026   00
End macro BUILD_VERSION
.copyright
Macro BUILD_COPYRIGHT:
     8027   28 43 29 ...
     8035   00
End macro BUILD_COPYRIGHT
.header_end
.Go_FSCV
     8036   6C 1E 02   JMP (&021E)
.SetLEDS
     8039   A2 06      LDX #&06
     803B   8E 40 FE   STX &FE40
     803E   E8         INX
     803F   8E 40 FE   STX &FE40
     8042   60         RTS
.ResetLEDS
     8043   20 F4 83   JSR &83F4
     8046   A9 76      LDA #&76
     8048   4C F4 FF   JMP &FFF4
.errDISK
     804B   20 60 80   JSR &8060
     804E   00         BRK
     804F   44 69 73 ...
     8054   90 21      BCC &8077
.errBAD
     8056   20 60 80   JSR &8060
     8059   00         BRK
     805A   42 61 64 ...
     805E   90 17      BCC &8077
.ReportErrorCB
     8060   AD DD A4   LDA &A4DD
     8063   D0 03      BNE &8068
     8065   20 8E 97   JSR &978E
.brk100_notbuf
     8068   A9 FF      LDA #&FF
     806A   8D 82 A4   STA &A482
     806D   8D DD A4   STA &A4DD
.ReportError
     8070   A2 02      LDX #&02
     8072   A9 00      LDA #&00
     8074   8D 00 01   STA &0100
.ErrCONTINUE
     8077   20 43 80   JSR &8043
.ReportError2
     807A   68         PLA
     807B   85 AE      STA &AE
     807D   68         PLA
     807E   85 AF      STA &AF
     8080   A0 00      LDY #&00
     8082   20 EB 83   JSR &83EB
     8085   8D 01 01   STA &0101
     8088   CA         DEX
.errstr_loop
     8089   E8         INX
     808A   20 EB 83   JSR &83EB
     808D   9D 00 01   STA &0100,X
     8090   30 27      BMI &80B9
     8092   D0 F5      BNE &8089
     8094   20 11 8D   JSR &8D11
     8097   4C 00 01   JMP &0100
.PrintNibble_PrintString
     809A   20 03 81   JSR &8103
.PrintString
     809D   85 B3      STA &B3
     809F   68         PLA
     80A0   85 AE      STA &AE
     80A2   68         PLA
     80A3   85 AF      STA &AF
     80A5   A5 B3      LDA &B3
     80A7   48         PHA
     80A8   98         TYA
     80A9   48         PHA
     80AA   A0 00      LDY #&00
.prtstr_loop
     80AC   20 EB 83   JSR &83EB
     80AF   30 05      BMI &80B6
     80B1   20 DC 80   JSR &80DC
     80B4   10 F6      BPL &80AC
.prtstr_return1
     80B6   68         PLA
     80B7   A8         TAY
     80B8   68         PLA
.prtstr_return2
     80B9   18         CLC
     80BA   6C AE 00   JMP (&00AE)
.PrintStringSPL
     80BD   85 B3      STA &B3
     80BF   68         PLA
     80C0   85 AE      STA &AE
     80C2   68         PLA
     80C3   85 AF      STA &AF
     80C5   A5 B3      LDA &B3
     80C7   48         PHA
     80C8   98         TYA
     80C9   48         PHA
     80CA   A0 00      LDY #&00
.pstr_loop
     80CC   20 EB 83   JSR &83EB
     80CF   30 E5      BMI &80B6
     80D1   20 E3 FF   JSR &FFE3
     80D4   4C CC 80   JMP &80CC
.PrintNibFullStop
     80D7   20 03 81   JSR &8103
.PrintFullStop
     80DA   A9 2E      LDA #&2E
.PrintChrA
     80DC   20 F4 83   JSR &83F4
     80DF   48         PHA
     80E0   A9 EC      LDA #&EC
     80E2   20 FB 93   JSR &93FB
     80E5   8A         TXA
     80E6   48         PHA
     80E7   09 10      ORA #&10
     80E9   AA         TAX
     80EA   20 F3 80   JSR &80F3
     80ED   68         PLA
     80EE   AA         TAX
     80EF   68         PLA
     80F0   20 E3 FF   JSR &FFE3
.osbyte03_Xoutstream
     80F3   A9 03      LDA #&03
     80F5   4C F4 FF   JMP &FFF4
.PrintBCD
     80F8   20 50 84   JSR &8450
.PrintHex
     80FB   48         PHA
     80FC   20 20 82   JSR &8220
     80FF   20 03 81   JSR &8103
     8102   68         PLA
.PrintNibble
     8103   20 25 81   JSR &8125
     8106   D0 D4      BNE &80DC
.PrintBCDSPL
     8108   20 50 84   JSR &8450
.PrintHexSPL
     810B   48         PHA
     810C   20 20 82   JSR &8220
     810F   20 13 81   JSR &8113
     8112   68         PLA
.PrintNibbleSPL
     8113   20 25 81   JSR &8125
     8116   4C EE FF   JMP &FFEE
.Print2SpacesSPL
     8119   20 1C 81   JSR &811C
.PrintSpaceSPL
     811C   48         PHA
     811D   A9 20      LDA #&20
     811F   20 EE FF   JSR &FFEE
     8122   68         PLA
     8123   18         CLC
     8124   60         RTS
.NibToASC
     8125   29 0F      AND #&0F
     8127   C9 0A      CMP #&0A
     8129   90 02      BCC &812D
     812B   69 06      ADC #&06
.nibasc
     812D   69 30      ADC #&30
     812F   60         RTS
.CopyVarsB0BA
     8130   20 40 81   JSR &8140
     8133   CA         DEX
     8134   CA         DEX
     8135   20 38 81   JSR &8138
.cpybyte1
     8138   B1 B0      LDA (&B0),Y
     813A   9D 72 A4   STA &A472,X
     813D   E8         INX
     813E   C8         INY
     813F   60         RTS
.CopyWordB0BA
     8140   20 43 81   JSR &8143
.cpybyte2
     8143   B1 B0      LDA (&B0),Y
     8145   95 BA      STA &BA,X
     8147   E8         INX
     8148   C8         INY
     8149   60         RTS
.read_fspTextPointer
     814A   20 00 8C   JSR &8C00
     814D   4C 60 81   JMP &8160
.read_fspBA_reset
     8150   20 00 8C   JSR &8C00
.read_fspBA
     8153   A5 BA      LDA &BA
     8155   85 F2      STA &F2
     8157   A5 BB      LDA &BB
     8159   85 F3      STA &F3
     815B   A0 00      LDY #&00
     815D   20 C1 81   JSR &81C1
.rdafsp_entry
     8160   A2 20      LDX #&20
     8162   20 A6 81   JSR &81A6
     8165   B0 1B      BCS &8182
     8167   8D 00 A4   STA &A400
     816A   C9 2E      CMP #&2E
     816C   D0 04      BNE &8172
.rdafsp_setdrv
     816E   86 CC      STX &CC
     8170   F0 EE      BEQ &8160
.rdafsp_notdot
     8172   C9 3A      CMP #&3A
     8174   D0 15      BNE &818B
     8176   20 15 8C   JSR &8C15
     8179   20 A6 81   JSR &81A6
     817C   B0 04      BCS &8182
     817E   C9 2E      CMP #&2E
     8180   F0 DE      BEQ &8160
.errBadName
     8182   20 56 80   JSR &8056
     8185   CC
     8186   6E 61 6D ...
     818A   00
.rdafsp_notcolon
     818B   AA         TAX
     818C   20 A6 81   JSR &81A6
     818F   B0 34      BCS &81C5
     8191   C9 2E      CMP #&2E
     8193   F0 D9      BEQ &816E
     8195   A2 01      LDX #&01
.rdafsp_rdfnloop
     8197   9D 00 A4   STA &A400,X
     819A   E8         INX
     819B   20 A6 81   JSR &81A6
     819E   B0 27      BCS &81C7
     81A0   E0 07      CPX #&07
     81A2   D0 F3      BNE &8197
     81A4   F0 DC      BEQ &8182
.GSREAD_A
     81A6   20 C5 FF   JSR &FFC5
     81A9   08         PHP
     81AA   29 7F      AND #&7F
     81AC   C9 0D      CMP #&0D
     81AE   F0 08      BEQ &81B8
     81B0   C9 20      CMP #&20
     81B2   90 CE      BCC &8182
     81B4   C9 7F      CMP #&7F
     81B6   F0 CA      BEQ &8182
.dogsrd_exit
     81B8   28         PLP
     81B9   60         RTS
.SetTextPointerYX
     81BA   86 F2      STX &F2
     81BC   84 F3      STY &F3
     81BE   A0 00      LDY #&00
     81C0   60         RTS
.GSINIT_A
     81C1   18         CLC
     81C2   4C C2 FF   JMP &FFC2
.Rdafsp_padall
     81C5   A2 01      LDX #&01
.rdafsp_padX
     81C7   A9 20      LDA #&20
.rdafsp_padloop
     81C9   9D 00 A4   STA &A400,X
     81CC   E8         INX
     81CD   E0 40      CPX #&40
     81CF   D0 F8      BNE &81C9
     81D1   A2 06      LDX #&06
.rdafsp_cpyfnloop
     81D3   BD 00 A4   LDA &A400,X
     81D6   95 C5      STA &C5,X
     81D8   CA         DEX
     81D9   10 F8      BPL &81D3
     81DB   60         RTS
.prt_filename_Yoffset
     81DC   20 F4 83   JSR &83F4
     81DF   B9 0F A2   LDA &A20F,Y
     81E2   08         PHP
     81E3   29 7F      AND #&7F
     81E5   D0 05      BNE &81EC
     81E7   20 19 81   JSR &8119
     81EA   F0 06      BEQ &81F2
.prt_filename_prtchr
     81EC   20 DC 80   JSR &80DC
     81EF   20 DA 80   JSR &80DA
.prt_filename_nodir
     81F2   A2 06      LDX #&06
.prt_filename_loop
     81F4   B9 08 A2   LDA &A208,Y
     81F7   29 7F      AND #&7F
     81F9   20 DC 80   JSR &80DC
     81FC   C8         INY
     81FD   CA         DEX
     81FE   10 F4      BPL &81F4
     8200   20 19 81   JSR &8119
     8203   A9 20      LDA #&20
     8205   28         PLP
     8206   10 02      BPL &820A
     8208   A9 4C      LDA #&4C
.prt_filename_notlocked
     820A   20 DC 80   JSR &80DC
     820D   A0 01      LDY #&01
.prt_Yspaces
     820F   20 1C 81   JSR &811C
     8212   88         DEY
     8213   D0 FA      BNE &820F
     8215   60         RTS
.A_rorx6and3
     8216   4A         LSR A
     8217   4A         LSR A
.A_rorx4and3
     8218   4A         LSR A
     8219   4A         LSR A
.A_rorx2and3
     821A   4A         LSR A
     821B   4A         LSR A
     821C   29 03      AND #&03
     821E   60         RTS
.A_rorx5
     821F   4A         LSR A
.A_rorx4
     8220   4A         LSR A
     8221   4A         LSR A
     8222   4A         LSR A
     8223   4A         LSR A
     8224   60         RTS
.A_rolx5
     8225   0A         ASL A
.A_rolx4
     8226   0A         ASL A
     8227   0A         ASL A
     8228   0A         ASL A
     8229   0A         ASL A
.getcat_exit
     822A   60         RTS
.parameter_afsp_Param_SyntaxErrorIfNull_getcatentry_fspTxtP
     822B   20 03 93   JSR &9303
.Param_SyntaxErrorIfNull_getcatentry_fspTxtP
     822E   20 7E 9A   JSR &9A7E
.getcatentry_fspTxtP
     8231   20 4A 81   JSR &814A
     8234   30 03      BMI &8239
.getcatentry_fspBA
     8236   20 50 81   JSR &8150
.getcatentry
     8239   20 7E 82   JSR &827E
     823C   B0 EC      BCS &822A
.err_FILENOTFOUND
     823E   20 70 80   JSR &8070
     8241   D6
     8242   4E 6F 74 ...
     824B   00
.fscv9_starEX
     824C   20 BA 81   JSR &81BA
.CMD_EX
     824F   20 00 8C   JSR &8C00
     8252   20 C1 81   JSR &81C1
     8255   F0 03      BEQ &825A
     8257   20 B2 89   JSR &89B2
.cmd_ex_nullstr
     825A   A9 2A      LDA #&2A
     825C   8D 00 A4   STA &A400
     825F   20 C5 81   JSR &81C5
     8262   20 03 93   JSR &9303
     8265   20 39 82   JSR &8239
     8268   4C 75 82   JMP &8275
.fscv10_starINFO
     826B   20 BA 81   JSR &81BA
     826E   A9 4E      LDA #&4E
     8270   85 BF      STA &BF
.CMD_INFO
     8272   20 2B 82   JSR &822B
.cmd_info_loop
     8275   20 4A 83   JSR &834A
     8278   20 85 82   JSR &8285
     827B   B0 F8      BCS &8275
     827D   60         RTS
.get_cat_firstentry80
.get_cat_firstentry81
     827E   20 BA AE   JSR &AEBA
     8281   A2 00      LDX #&00
     8283   F0 18      BEQ &829D
.get_cat_nextentry
     8285   A2 00      LDX #&00
     8287   F0 18      BEQ &82A1
.get_cat_firstentry80fname
     8289   A2 06      LDX #&06
.getcatloop1
     828B   B5 C5      LDA &C5,X
     828D   9D 58 A4   STA &A458,X
     8290   CA         DEX
     8291   10 F8      BPL &828B
     8293   A9 20      LDA #&20
     8295   8D 5F A4   STA &A45F
     8298   20 BA AE   JSR &AEBA
     829B   A2 58      LDX #&58
.getcatentry2
     829D   A9 00      LDA #&00
     829F   85 B6      STA &B6
.getcatsetupB7
     82A1   A9 A2      LDA #&A2
     82A3   85 B7      STA &B7
.getcatloop2
     82A5   A0 00      LDY #&00
     82A7   A5 B6      LDA &B6
     82A9   CD 05 A3   CMP &A305
     82AC   B0 49      BCS &82F7
     82AE   69 08      ADC #&08
     82B0   85 B6      STA &B6
     82B2   20 CC 82   JSR &82CC
     82B5   90 EE      BCC &82A5
     82B7   A5 CC      LDA &CC
     82B9   A0 07      LDY #&07
     82BB   20 F9 82   JSR &82F9
     82BE   D0 E5      BNE &82A5
     82C0   A4 B6      LDY &B6
     82C2   38         SEC
.Y_sub8
     82C3   88         DEY
     82C4   88         DEY
     82C5   88         DEY
     82C6   88         DEY
     82C7   88         DEY
     82C8   88         DEY
     82C9   88         DEY
     82CA   88         DEY
.NotCmdTable2
     82CB   60         RTS
.MatchFilename
     82CC   20 F4 83   JSR &83F4
.matfn_loop1
     82CF   BD 00 A4   LDA &A400,X
     82D2   CD CE A4   CMP &A4CE
     82D5   D0 13      BNE &82EA
     82D7   E8         INX
.matfn_loop2
     82D8   20 CC 82   JSR &82CC
     82DB   B0 1B      BCS &82F8
     82DD   C8         INY
     82DE   C0 07      CPY #&07
     82E0   90 F6      BCC &82D8
.matfn_loop3
     82E2   BD 00 A4   LDA &A400,X
     82E5   C9 20      CMP #&20
     82E7   D0 0E      BNE &82F7
     82E9   60         RTS
.matfn_nomatch
     82EA   C0 07      CPY #&07
     82EC   B0 F4      BCS &82E2
     82EE   20 F9 82   JSR &82F9
     82F1   D0 04      BNE &82F7
     82F3   E8         INX
     82F4   C8         INY
     82F5   D0 D8      BNE &82CF
.matfn_exitC0
     82F7   18         CLC
.matfn_exit
     82F8   60         RTS
.MatchChr
     82F9   CD CE A4   CMP &A4CE
     82FC   F0 10      BEQ &830E
     82FE   CD CD A4   CMP &A4CD
     8301   F0 0B      BEQ &830E
     8303   20 37 83   JSR &8337
     8306   51 B6      EOR (&B6),Y
     8308   B0 02      BCS &830C
     830A   29 5F      AND #&5F
.matchr_notalpha
     830C   29 7F      AND #&7F
.matchr_exit
     830E   60         RTS
.UcaseA2
     830F   08         PHP
     8310   20 37 83   JSR &8337
     8313   B0 02      BCS &8317
     8315   29 5F      AND #&5F
.ucasea
     8317   29 7F      AND #&7F
     8319   28         PLP
     831A   60         RTS
.DeleteCatEntry_YFileOffset
     831B   20 B8 93   JSR &93B8
.delcatloop
     831E   B9 10 A2   LDA &A210,Y
     8321   99 08 A2   STA &A208,Y
     8324   B9 10 A3   LDA &A310,Y
     8327   99 08 A3   STA &A308,Y
     832A   C8         INY
     832B   CC 05 A3   CPY &A305
     832E   90 EE      BCC &831E
     8330   98         TYA
     8331   E9 08      SBC #&08
     8333   8D 05 A3   STA &A305
.print_infoline_exit
     8336   60         RTS
.IsAlphaChar
     8337   48         PHA
     8338   29 5F      AND #&5F
     833A   C9 41      CMP #&41
     833C   90 04      BCC &8342
     833E   C9 5B      CMP #&5B
     8340   90 01      BCC &8343
.isalpha1
     8342   38         SEC
.isalpha2
     8343   68         PLA
     8344   60         RTS
.prt_InfoMsg_Yoffset
     8345   2C C6 A4   BIT &A4C6
     8348   30 EC      BMI &8336
.prt_InfoLine_Yoffset
     834A   20 F4 83   JSR &83F4
     834D   20 DC 81   JSR &81DC
     8350   98         TYA
     8351   48         PHA
     8352   A9 60      LDA #&60
     8354   85 B0      STA &B0
     8356   A9 A4      LDA #&A4
     8358   85 B1      STA &B1
     835A   20 95 83   JSR &8395
     835D   A0 02      LDY #&02
     835F   20 1C 81   JSR &811C
     8362   20 83 83   JSR &8383
     8365   20 83 83   JSR &8383
     8368   20 83 83   JSR &8383
     836B   68         PLA
     836C   A8         TAY
     836D   B9 0E A3   LDA &A30E,Y
     8370   29 03      AND #&03
     8372   20 03 81   JSR &8103
     8375   B9 0F A3   LDA &A30F,Y
     8378   20 FB 80   JSR &80FB
.PrintNewLine
     837B   48         PHA
     837C   A9 0D      LDA #&0D
     837E   20 DC 80   JSR &80DC
     8381   68         PLA
     8382   60         RTS
.PrintHex3Byte
     8383   A2 03      LDX #&03
.printhex3byte_loop
     8385   B9 62 A4   LDA &A462,Y
     8388   20 FB 80   JSR &80FB
     838B   88         DEY
     838C   CA         DEX
     838D   D0 F6      BNE &8385
     838F   20 4D 88   JSR &884D
     8392   4C 1C 81   JMP &811C
.ReadFileAttribsToB0_Yoffset
     8395   20 F4 83   JSR &83F4
     8398   98         TYA
     8399   48         PHA
     839A   AA         TAX
     839B   A0 12      LDY #&12
     839D   A9 00      LDA #&00
.readfileattribs_clearloop
     839F   88         DEY
     83A0   91 B0      STA (&B0),Y
     83A2   C0 02      CPY #&02
     83A4   D0 F9      BNE &839F
.readfileattribs_copyloop
     83A6   20 E0 83   JSR &83E0
     83A9   C8         INY
     83AA   C8         INY
     83AB   C0 0E      CPY #&0E
     83AD   D0 F7      BNE &83A6
     83AF   68         PLA
     83B0   AA         TAX
     83B1   BD 0F A2   LDA &A20F,X
     83B4   10 04      BPL &83BA
     83B6   A9 08      LDA #&08
     83B8   91 B0      STA (&B0),Y
.readfileattribs_notlocked
     83BA   BD 0E A3   LDA &A30E,X
     83BD   A0 04      LDY #&04
     83BF   20 CE 83   JSR &83CE
     83C2   A0 0C      LDY #&0C
     83C4   4A         LSR A
     83C5   4A         LSR A
     83C6   48         PHA
     83C7   29 03      AND #&03
     83C9   91 B0      STA (&B0),Y
     83CB   68         PLA
     83CC   A0 08      LDY #&08
.readfileattribs_addrHiBytes
     83CE   4A         LSR A
     83CF   4A         LSR A
     83D0   48         PHA
     83D1   29 03      AND #&03
     83D3   C9 03      CMP #&03
     83D5   D0 05      BNE &83DC
     83D7   A9 FF      LDA #&FF
     83D9   91 B0      STA (&B0),Y
     83DB   C8         INY
.readfileattribs_nothost
     83DC   91 B0      STA (&B0),Y
.readfileattribs_exits
     83DE   68         PLA
     83DF   60         RTS
.readfileattribs_copy2bytes
     83E0   20 E3 83   JSR &83E3
.readfileattribs_copy1byte
     83E3   BD 08 A3   LDA &A308,X
     83E6   91 B0      STA (&B0),Y
     83E8   E8         INX
     83E9   C8         INY
     83EA   60         RTS
.inc_word_AE_and_load
     83EB   E6 AE      INC &AE
     83ED   D0 02      BNE &83F1
     83EF   E6 AF      INC &AF
.inc_word_AE_exit
     83F1   B1 AE      LDA (&AE),Y
     83F3   60         RTS
.RememberAXY
     83F4   48         PHA
     83F5   8A         TXA
     83F6   48         PHA
     83F7   98         TYA
     83F8   48         PHA
     83F9   A9 84      LDA #&84
     83FB   48         PHA
     83FC   A9 16      LDA #&16
     83FE   48         PHA
.rAXY_loop_init
     83FF   A0 05      LDY #&05
.rAXY_loop
     8401   BA         TSX
     8402   BD 07 01   LDA &0107,X
     8405   48         PHA
     8406   88         DEY
     8407   D0 F8      BNE &8401
     8409   A0 0A      LDY #&0A
.rAXY_loop2
     840B   BD 09 01   LDA &0109,X
     840E   9D 0B 01   STA &010B,X
     8411   CA         DEX
     8412   88         DEY
     8413   D0 F6      BNE &840B
     8415   68         PLA
     8416   68         PLA
.rAXY_restore
     8417   68         PLA
     8418   A8         TAY
     8419   68         PLA
     841A   AA         TAX
     841B   68         PLA
     841C   60         RTS
.RememberXYonly
     841D   48         PHA
     841E   8A         TXA
     841F   48         PHA
     8420   98         TYA
     8421   48         PHA
     8422   20 FF 83   JSR &83FF
.axyret1
     8425   BA         TSX
     8426   9D 03 01   STA &0103,X
     8429   4C 17 84   JMP &8417
.DecNo_BIN2BCD
     842C   F8         SED
     842D   A9 00      LDA #&00
     842F   85 B5      STA &B5
     8431   85 B6      STA &B6
     8433   A2 10      LDX #&10
.loop
     8435   26 B8      ROL &B8
     8437   26 B9      ROL &B9
     8439   08         PHP
     843A   A5 B5      LDA &B5
     843C   65 B5      ADC &B5
     843E   85 B5      STA &B5
     8440   A5 B6      LDA &B6
     8442   65 B6      ADC &B6
     8444   85 B6      STA &B6
     8446   28         PLP
     8447   CA         DEX
     8448   D0 EB      BNE &8435
     844A   26 B8      ROL &B8
     844C   26 B9      ROL &B9
     844E   D8         CLD
     844F   60         RTS
.BinaryToBCD
     8450   20 1D 84   JSR &841D
     8453   A8         TAY
     8454   F0 0A      BEQ &8460
     8456   18         CLC
     8457   F8         SED
     8458   A9 00      LDA #&00
.bbcd_loop
     845A   69 01      ADC #&01
     845C   88         DEY
     845D   D0 FB      BNE &845A
     845F   D8         CLD
.bbcd_exit
     8460   60         RTS
.Param_ReadNum
     8461   98         TYA
     8462   48         PHA
     8463   A9 00      LDA #&00
     8465   85 B0      STA &B0
     8467   85 B1      STA &B1
     8469   20 C1 81   JSR &81C1
     846C   F0 4B      BEQ &84B9
     846E   C9 22      CMP #&22
     8470   F0 47      BEQ &84B9
     8472   20 C5 FF   JSR &FFC5
     8475   B0 42      BCS &84B9
.rnloop
     8477   E9 2F      SBC #&2F
     8479   30 3E      BMI &84B9
     847B   C9 0A      CMP #&0A
     847D   B0 3A      BCS &84B9
     847F   48         PHA
     8480   A5 B0      LDA &B0
     8482   0A         ASL A
     8483   48         PHA
     8484   26 B1      ROL &B1
     8486   A6 B1      LDX &B1
     8488   0A         ASL A
     8489   26 B1      ROL &B1
     848B   0A         ASL A
     848C   26 B1      ROL &B1
     848E   85 B0      STA &B0
     8490   68         PLA
     8491   65 B0      ADC &B0
     8493   85 B0      STA &B0
     8495   8A         TXA
     8496   65 B1      ADC &B1
     8498   AA         TAX
     8499   68         PLA
     849A   65 B0      ADC &B0
     849C   85 B0      STA &B0
     849E   8A         TXA
     849F   69 00      ADC #&00
     84A1   85 B1      STA &B1
     84A3   C9 20      CMP #&20
     84A5   B0 12      BCS &84B9
     84A7   20 C5 FF   JSR &FFC5
     84AA   90 CB      BCC &8477
     84AC   A2 B0      LDX #&B0
     84AE   20 AC AD   JSR &ADAC
     84B1   B0 06      BCS &84B9
     84B3   A6 B0      LDX &B0
     84B5   68         PLA
     84B6   A5 B1      LDA &B1
     84B8   60         RTS
.rnnotval
     84B9   68         PLA
     84BA   A8         TAY
     84BB   A9 00      LDA #&00
     84BD   AA         TAX
     84BE   38         SEC
     84BF   60         RTS
.fscv5_starCAT
     84C0   20 BA 81   JSR &81BA
     84C3   20 0D 8C   JSR &8C0D
     84C6   20 C8 AE   JSR &AEC8
     84C9   A0 FF      LDY #&FF
     84CB   84 A8      STY &A8
     84CD   C8         INY
     84CE   84 AA      STY &AA
.cat_titleloop
     84D0   B9 00 A2   LDA &A200,Y
     84D3   C0 08      CPY #&08
     84D5   90 03      BCC &84DA
     84D7   B9 F8 A2   LDA &A2F8,Y
.cat_titlelo
     84DA   20 DC 80   JSR &80DC
     84DD   C8         INY
     84DE   C0 0C      CPY #&0C
     84E0   D0 EE      BNE &84D0
     84E2   20 9D 80   JSR &809D
     84E5   20 28 
     84E7   A6 CD      LDX &CD
     84E9   20 1A B6   JSR &B61A
     84EC   20 9D 80   JSR &809D
     84EF   29 
     84F0   0D
     84F1   44 72 69 ...
     84F7   A5 CD      LDA &CD
     84F9   20 03 81   JSR &8103
     84FC   A0 0D      LDY #&0D
     84FE   20 0F 82   JSR &820F
     8501   20 9D 80   JSR &809D
     8504   4F 70 74 ...
     850B   AD 06 A3   LDA &A306
     850E   20 20 82   JSR &8220
     8511   48         PHA
     8512   20 9A 80   JSR &809A
     8515   20 28 
     8517   A0 03      LDY #&03
     8519   68         PLA
     851A   0A         ASL A
     851B   0A         ASL A
     851C   AA         TAX
.cat_printoptionnameloop
     851D   BD 09 86   LDA &8609,X
     8520   20 DC 80   JSR &80DC
     8523   E8         INX
     8524   88         DEY
     8525   10 F6      BPL &851D
     8527   20 9D 80   JSR &809D
     852A   29 
     852B   0D
     852C   44 69 72 ...
     8532   AD CA A4   LDA &A4CA
     8535   20 D7 80   JSR &80D7
     8538   AD C9 A4   LDA &A4C9
     853B   20 DC 80   JSR &80DC
     853E   A0 0B      LDY #&0B
     8540   20 0F 82   JSR &820F
     8543   20 9D 80   JSR &809D
     8546   4C 69 62 ...
     854C   AD CC A4   LDA &A4CC
     854F   20 D7 80   JSR &80D7
     8552   AD CB A4   LDA &A4CB
     8555   20 DC 80   JSR &80DC
     8558   20 7B 83   JSR &837B
     855B   A0 00      LDY #&00
.cat_curdirloop
     855D   CC 05 A3   CPY &A305
     8560   B0 17      BCS &8579
     8562   B9 0F A2   LDA &A20F,Y
     8565   4D C9 A4   EOR &A4C9
     8568   29 5F      AND #&5F
     856A   D0 08      BNE &8574
     856C   B9 0F A2   LDA &A20F,Y
     856F   29 80      AND #&80
     8571   99 0F A2   STA &A20F,Y
.cat_curdirnext
     8574   20 4C 88   JSR &884C
     8577   90 E4      BCC &855D
.cat_sortloop1
     8579   A0 00      LDY #&00
     857B   20 8B 85   JSR &858B
     857E   90 16      BCC &8596
     8580   A9 FF      LDA #&FF
     8582   8D 82 A4   STA &A482
     8585   4C 7B 83   JMP &837B
.cat_getnextunmarkedfile_loop
     8588   20 4C 88   JSR &884C
.cat_getnextunmarkedfileY
     858B   CC 05 A3   CPY &A305
     858E   B0 05      BCS &8595
     8590   B9 08 A2   LDA &A208,Y
     8593   30 F3      BMI &8588
.cat_exit
     8595   60         RTS
.cat_printfilename
     8596   84 AB      STY &AB
     8598   A2 00      LDX #&00
.cat_copyfnloop
     859A   B9 08 A2   LDA &A208,Y
     859D   20 0F 83   JSR &830F
     85A0   9D 60 A4   STA &A460,X
     85A3   C8         INY
     85A4   E8         INX
     85A5   E0 08      CPX #&08
     85A7   D0 F1      BNE &859A
.cat_comparefnloop1
     85A9   20 8B 85   JSR &858B
     85AC   B0 23      BCS &85D1
     85AE   38         SEC
     85AF   A2 06      LDX #&06
.cat_comparefnloop2
     85B1   B9 0E A2   LDA &A20E,Y
     85B4   20 0F 83   JSR &830F
     85B7   FD 60 A4   SBC &A460,X
     85BA   88         DEY
     85BB   CA         DEX
     85BC   10 F3      BPL &85B1
     85BE   20 4D 88   JSR &884D
     85C1   B9 0F A2   LDA &A20F,Y
     85C4   20 0F 83   JSR &830F
     85C7   ED 67 A4   SBC &A467
     85CA   90 CA      BCC &8596
     85CC   20 4C 88   JSR &884C
     85CF   B0 D8      BCS &85A9
.cat_printfn
     85D1   A4 AB      LDY &AB
     85D3   B9 08 A2   LDA &A208,Y
     85D6   09 80      ORA #&80
     85D8   99 08 A2   STA &A208,Y
     85DB   AD 67 A4   LDA &A467
     85DE   C5 AA      CMP &AA
     85E0   F0 10      BEQ &85F2
     85E2   A6 AA      LDX &AA
     85E4   85 AA      STA &AA
     85E6   D0 0A      BNE &85F2
     85E8   20 7B 83   JSR &837B
.cat_newline
     85EB   20 7B 83   JSR &837B
     85EE   A0 FF      LDY #&FF
     85F0   D0 09      BNE &85FB
.cat_samedir
     85F2   A4 A8      LDY &A8
     85F4   D0 F5      BNE &85EB
     85F6   A0 05      LDY #&05
     85F8   20 0F 82   JSR &820F
.cat_skipspaces
     85FB   C8         INY
     85FC   84 A8      STY &A8
     85FE   A4 AB      LDY &AB
     8600   20 19 81   JSR &8119
     8603   20 DC 81   JSR &81DC
     8606   4C 79 85   JMP &8579
.diskoptions_table
     8609   6F 66 66 
     860C   00
     860D   4C 4F 41 ...
     8611   52 55 4E 
     8614   00
     8615   45 58 45 ...
.cmdtable1
     8619   FF
     861A   41 43 43 ...
     8620   B2
     8621   42 41 43 ...
     8627   8C
     8628   43 4C 4F ...
     862D   80
     862E   43 4F 4D ...
     8635   85
     8636   43 4F 50 ...
     863A   AC
     863B   44 45 4C ...
     8641   88
     8642   44 45 53 ...
     8649   82
     864A   44 49 52 
     864D   86
     864E   44 52 49 ...
     8653   81
     8654   45 4E 41 ...
     865A   80
     865B   45 58 
     865D   86
     865E   46 4F 52 ...
     8662   DF
     8663   46 52 45 ...
     8667   84
.info_cmd_index
     8668   49 4E 46 ...
     866C   82
     866D   4C 49 42 
     8670   86
     8671   4D 41 50 
     8674   84
     8675   52 45 4E ...
     867B   8D
     867C   54 49 54 ...
     8681   8A
     8682   56 45 52 ...
     8688   85
     8689   57 49 50 ...
     868D   82
     868E   00         BRK
.cmdtable2
     868F   14
     8690   42 55 49 ...
     8695   88
     8696   44 55 4D ...
     869A   88
     869B   4C 49 53 ...
     869F   88
     86A0   52 4F 4D ...
     86A4   8B
     86A5   54 59 50 ...
     86A9   88
     86AA   00         BRK
.cmdtable22
     86AB   1A
     86AC   44 49 53 ...
     86B0   80
     86B1   44 49 53 ...
     86B5   80
     86B6   4D 4D 46 ...
     86BA   80
     86BB   43 41 52 ...
     86BF   80
     86C0   00         BRK
.cmdtable3
     86C1   1F
     86C2   44 55 54 ...
     86C8   80
     86C9   4D 4D 46 ...
     86CD   80
     86CE   55 54 49 ...
     86D3   80
     86D4   00         BRK
.cmdtable4
     86D5   23
     86D6   42 41 53 ...
     86DA   8B
     86DB   42 4F 4F ...
     86DF   87
     86E0   43 41 54 
     86E3   8E
     86E4   44 52 49 ...
     86E9   84
     86EA   46 52 45 ...
     86EE   80
     86EF   49 4E 
     86F1   F4
     86F2   4F 4E 42 ...
     86F8   F4
     86F9   4F 50 
     86FB   C9
     86FC   4F 55 54 
     86FF   84
     8700   52 45 43 ...
     8705   80
     8706   41 42 4F ...
     870B   80
     870C   00         BRK
.cmdaddr1
     870D   0D 8A
     870F   0B 9D
     8711   74 94
     8713   AC 9B
     8715   73 9D
     8717   00 88
     8719   0F 88
     871B   90 89
     871D   5F 88
     871F   C8 8B
     8721   4E 82
     8723   77 1E
     8725   CE 9F
     8727   71 82
     8729   94 89
     872B   D1 9F
     872D   A9 8C
     872F   DB 89
     8731   73 1E
     8733   D7 87
     8735   6C 87
.cmdaddr2
     8737   93 BB
     8739   EC BA
     873B   5B BB
     873D   C9 B9
     873F   57 BB
     8741   CA 82
.cmdaddr22
     8743   69 8D
     8745   69 8D
     8747   76 8D
     8749   76 8D
     874B   D1 8E
.cmdaddr3
     874D   63 9A
     874F   24 9A
     8751   6A 9A
     8753   71 9A
.cmdaddr4
     8755   6B 36
     8757   C3 36
     8759   E7 36
     875B   DA 37
     875D   79 37
     875F   D5 36
     8761   C5 37
     8763   D0 38
     8765   DB 36
     8767   F2 34
     8769   59 B6
     876B   CD 88
.cmdaddrX
.NotCmdTable1
     876D   A2 BC      LDX #&BC
     876F   20 C1 81   JSR &81C1
     8772   B1 F2      LDA (&F2),Y
     8774   C8         INY
     8775   09 20      ORA #&20
     8777   C9 64      CMP #&64
     8779   F0 09      BEQ &8784
     877B   88         DEY
     877C   4C CE 88   JMP &88CE
.fscv3_unreccommand
     877F   20 BA 81   JSR &81BA
     8782   A2 00      LDX #&00
.UnrecCommandTextPointer
     8784   BD 19 86   LDA &8619,X
     8787   85 BE      STA &BE
     8789   98         TYA
     878A   48         PHA
.unrecloop1
     878B   E6 BE      INC &BE
     878D   68         PLA
     878E   48         PHA
     878F   A8         TAY
     8790   20 C1 81   JSR &81C1
     8793   E8         INX
     8794   BD 19 86   LDA &8619,X
     8797   F0 28      BEQ &87C1
     8799   CA         DEX
     879A   88         DEY
     879B   86 BF      STX &BF
.unrecloop2
     879D   E8         INX
     879E   C8         INY
     879F   BD 19 86   LDA &8619,X
     87A2   30 16      BMI &87BA
.unrecloop2in
     87A4   51 F2      EOR (&F2),Y
     87A6   29 5F      AND #&5F
     87A8   F0 F3      BEQ &879D
     87AA   CA         DEX
.unrecloop3
     87AB   E8         INX
     87AC   BD 19 86   LDA &8619,X
     87AF   10 FA      BPL &87AB
     87B1   B1 F2      LDA (&F2),Y
     87B3   C9 2E      CMP #&2E
     87B5   D0 D4      BNE &878B
     87B7   C8         INY
     87B8   B0 07      BCS &87C1
.endofcmd_oncmdline
     87BA   B1 F2      LDA (&F2),Y
     87BC   20 37 83   JSR &8337
     87BF   90 CA      BCC &878B
.gocmdcode
     87C1   68         PLA
     87C2   A5 BE      LDA &BE
     87C4   0A         ASL A
     87C5   AA         TAX
     87C6   BD 0E 87   LDA &870E,X
     87C9   10 06      BPL &87D1
.gocmdcode2
     87CB   48         PHA
     87CC   BD 0D 87   LDA &870D,X
     87CF   48         PHA
     87D0   60         RTS
.dommcinit
     87D1   20 41 B4   JSR &B441
     87D4   09 80      ORA #&80
     87D6   D0 F3      BNE &87CB
.CMD_WIPE
     87D8   20 2B 82   JSR &822B
.wipeloop
     87DB   B9 0F A2   LDA &A20F,Y
     87DE   30 1B      BMI &87FB
     87E0   20 DC 81   JSR &81DC
     87E3   20 CA 9C   JSR &9CCA
     87E6   D0 13      BNE &87FB
     87E8   A6 B6      LDX &B6
     87EA   20 AD 94   JSR &94AD
     87ED   86 B6      STX &B6
     87EF   20 55 88   JSR &8855
     87F2   84 AB      STY &AB
     87F4   20 D6 AE   JSR &AED6
     87F7   A5 AB      LDA &AB
     87F9   85 B6      STA &B6
.wipenext
     87FB   20 85 82   JSR &8285
     87FE   B0 DB      BCS &87DB
     8800   60         RTS
.CMD_DELETE
     8801   20 FA 92   JSR &92FA
     8804   20 2E 82   JSR &822E
     8807   20 45 83   JSR &8345
     880A   20 1B 83   JSR &831B
     880D   4C D6 AE   JMP &AED6
.CMD_DESTROY
     8810   20 7B 9C   JSR &9C7B
     8813   20 2B 82   JSR &822B
.destroyloop1
     8816   B9 0F A2   LDA &A20F,Y
     8819   30 06      BMI &8821
     881B   20 DC 81   JSR &81DC
     881E   20 7B 83   JSR &837B
.destroylocked1
     8821   20 85 82   JSR &8285
     8824   B0 F0      BCS &8816
     8826   20 D2 9C   JSR &9CD2
     8829   D0 29      BNE &8854
     882B   20 AD 94   JSR &94AD
     882E   20 7E 82   JSR &827E
.destroyloop2
     8831   B9 0F A2   LDA &A20F,Y
     8834   30 03      BMI &8839
     8836   20 55 88   JSR &8855
.destroylocked2
     8839   20 85 82   JSR &8285
     883C   B0 F3      BCS &8831
     883E   20 D6 AE   JSR &AED6
.msgDELETED
     8841   20 9D 80   JSR &809D
     8844   44 65 6C ...
     884B   0D
.Y_add8
     884C   C8         INY
.Y_add7
     884D   C8         INY
     884E   C8         INY
     884F   C8         INY
     8850   C8         INY
     8851   C8         INY
     8852   C8         INY
     8853   C8         INY
.Y_rts
     8854   60         RTS
.DeleteCatEntry_AdjustPtr
     8855   20 1B 83   JSR &831B
     8858   A4 B6      LDY &B6
     885A   20 C3 82   JSR &82C3
     885D   84 B6      STY &B6
     885F   60         RTS
.CMD_DRIVE
     8860   20 12 8C   JSR &8C12
     8863   8D CA A4   STA &A4CA
     8866   60         RTS
.osfileFF_loadfiletoaddr
     8867   20 36 82   JSR &8236
     886A   20 DA 93   JSR &93DA
     886D   20 95 83   JSR &8395
.LoadFile_Ycatoffset
     8870   84 BA      STY &BA
     8872   A2 00      LDX #&00
     8874   A5 BE      LDA &BE
     8876   D0 06      BNE &887E
     8878   C8         INY
     8879   C8         INY
     887A   A2 02      LDX #&02
     887C   D0 08      BNE &8886
.loadAtLoadAddr
     887E   B9 0E A3   LDA &A30E,Y
     8881   85 C2      STA &C2
     8883   20 CF 8B   JSR &8BCF
.load_copyfileinfo_loop
     8886   B9 08 A3   LDA &A308,Y
     8889   95 BC      STA &BC,X
     888B   C8         INY
     888C   E8         INX
     888D   E0 08      CPX #&08
     888F   D0 F5      BNE &8886
     8891   20 E9 8B   JSR &8BE9
     8894   A4 BA      LDY &BA
     8896   20 45 83   JSR &8345
.LoadMemBlockEX
     8899   20 29 AE   JSR &AE29
     889C   20 81 AE   JSR &AE81
     889F   4C A5 88   JMP &88A5
.LoadMemBlock
     88A2   20 29 AE   JSR &AE29
.readblock
     88A5   20 AE B2   JSR &B2AE
.rwblkexit
     88A8   AD 9E A4   LDA &A49E
     88AB   F0 03      BEQ &88B0
     88AD   20 16 8D   JSR &8D16
.rwblknottube
     88B0   20 CC B4   JSR &B4CC
     88B3   A9 01      LDA #&01
     88B5   60         RTS
.osfile0_savememblock
     88B6   20 B4 8A   JSR &8AB4
     88B9   20 DA 93   JSR &93DA
     88BC   20 95 83   JSR &8395
.SaveMemBlock
     88BF   20 29 AE   JSR &AE29
     88C2   20 4F AD   JSR &AD4F
     88C5   20 57 B3   JSR &B357
     88C8   4C A8 88   JMP &88A8
.fscv2_4_11_starRUN
     88CB   20 BA 81   JSR &81BA
.NotCmdTable4
.SetWordBA_txtptr
     88CE   A9 FF      LDA #&FF
     88D0   85 BE      STA &BE
     88D2   A5 F2      LDA &F2
     88D4   85 BA      STA &BA
     88D6   A5 F3      LDA &F3
     88D8   85 BB      STA &BB
     88DA   8C DA A4   STY &A4DA
     88DD   20 50 81   JSR &8150
     88E0   8C D9 A4   STY &A4D9
     88E3   20 7E 82   JSR &827E
     88E6   B0 21      BCS &8909
     88E8   AC DA A4   LDY &A4DA
     88EB   AD CB A4   LDA &A4CB
     88EE   85 CC      STA &CC
     88F0   AD CC A4   LDA &A4CC
     88F3   85 CD      STA &CD
     88F5   20 53 81   JSR &8153
     88F8   20 7E 82   JSR &827E
     88FB   B0 0C      BCS &8909
.errBADCOMMAND
     88FD   20 56 80   JSR &8056
     8900   FE
     8901   63 6F 6D ...
     8908   00
.runfile_found
     8909   B9 0E A3   LDA &A30E,Y
     890C   20 16 82   JSR &8216
     890F   C9 03      CMP #&03
     8911   D0 42      BNE &8955
     8913   B9 0A A3   LDA &A30A,Y
     8916   39 0B A3   AND &A30B,Y
     8919   C9 FF      CMP #&FF
     891B   D0 38      BNE &8955
     891D   A2 06      LDX #&06
.runfile_exec_loop
     891F   BD 00 A4   LDA &A400,X
     8922   9D 07 A4   STA &A407,X
     8925   CA         DEX
     8926   10 F7      BPL &891F
     8928   A9 0D      LDA #&0D
     892A   8D 0E A4   STA &A40E
     892D   A9 45      LDA #&45
     892F   8D 00 A4   STA &A400
     8932   A9 3A      LDA #&3A
     8934   8D 02 A4   STA &A402
     8937   A5 CD      LDA &CD
     8939   09 30      ORA #&30
     893B   8D 03 A4   STA &A403
     893E   A9 2E      LDA #&2E
     8940   8D 01 A4   STA &A401
     8943   8D 04 A4   STA &A404
     8946   8D 06 A4   STA &A406
     8949   A5 CC      LDA &CC
     894B   8D 05 A4   STA &A405
     894E   A2 00      LDX #&00
     8950   A0 A4      LDY #&A4
     8952   4C F7 FF   JMP &FFF7
.runfile_run
     8955   20 70 88   JSR &8870
     8958   18         CLC
     8959   AD D9 A4   LDA &A4D9
     895C   A8         TAY
     895D   65 F2      ADC &F2
     895F   8D D9 A4   STA &A4D9
     8962   A5 F3      LDA &F3
     8964   69 00      ADC #&00
     8966   8D DA A4   STA &A4DA
     8969   AD 76 A4   LDA &A476
     896C   2D 77 A4   AND &A477
     896F   0D D6 A4   ORA &A4D6
     8972   C9 FF      CMP #&FF
     8974   F0 16      BEQ &898C
     8976   A5 BE      LDA &BE
     8978   8D 74 A4   STA &A474
     897B   A5 BF      LDA &BF
     897D   8D 75 A4   STA &A475
     8980   20 07 8D   JSR &8D07
     8983   A2 74      LDX #&74
     8985   A0 A4      LDY #&A4
     8987   A9 04      LDA #&04
     8989   4C 06 04   JMP &0406
.runfile_inhost
     898C   A9 01      LDA #&01
     898E   6C BE 00   JMP (&00BE)
.CMD_DIR
     8991   A2 00      LDX #&00
     8993   F0 02      BEQ &8997
.CMD_LIB
     8995   A2 02      LDX #&02
.setdirlib
     8997   20 A3 89   JSR &89A3
     899A   9D CA A4   STA &A4CA,X
     899D   A5 CC      LDA &CC
     899F   9D C9 A4   STA &A4C9,X
     89A2   60         RTS
.ReadDirDrvParameters
     89A3   AD C9 A4   LDA &A4C9
     89A6   85 CC      STA &CC
     89A8   20 C1 81   JSR &81C1
     89AB   D0 05      BNE &89B2
     89AD   A9 00      LDA #&00
     89AF   85 CD      STA &CD
     89B1   60         RTS
.ReadDirDrvParameters2
     89B2   20 05 8C   JSR &8C05
.rdd_loop
     89B5   20 A6 81   JSR &81A6
     89B8   B0 10      BCS &89CA
     89BA   C9 3A      CMP #&3A
     89BC   D0 14      BNE &89D2
     89BE   20 15 8C   JSR &8C15
     89C1   20 A6 81   JSR &81A6
     89C4   B0 13      BCS &89D9
     89C6   C9 2E      CMP #&2E
     89C8   F0 EB      BEQ &89B5
.errBADDIRECTORY
     89CA   20 56 80   JSR &8056
     89CD   CE
     89CE   64 69 72 
     89D1   00
.rdd_exit2
     89D2   85 CC      STA &CC
     89D4   20 A6 81   JSR &81A6
     89D7   90 F1      BCC &89CA
.rdd_exit1
     89D9   A5 CD      LDA &CD
     89DB   60         RTS
.CMD_TITLE
     89DC   20 7E 9A   JSR &9A7E
     89DF   20 C2 AE   JSR &AEC2
     89E2   A2 0B      LDX #&0B
     89E4   A9 00      LDA #&00
.cmdtit_loop1
     89E6   20 FF 89   JSR &89FF
     89E9   CA         DEX
     89EA   10 FA      BPL &89E6
.cmdtit_loop2
     89EC   E8         INX
     89ED   20 A6 81   JSR &81A6
     89F0   B0 07      BCS &89F9
     89F2   20 FF 89   JSR &89FF
     89F5   E0 0B      CPX #&0B
     89F7   90 F3      BCC &89EC
.cmdtit_savecat
     89F9   20 D6 AE   JSR &AED6
     89FC   4C 64 9D   JMP &9D64
.SetDiskTitleChr_Xpos
     89FF   9D 00 A4   STA &A400,X
     8A02   E0 08      CPX #&08
     8A04   90 04      BCC &8A0A
     8A06   9D F8 A2   STA &A2F8,X
     8A09   60         RTS
.setdisttit_page
     8A0A   9D 00 A2   STA &A200,X
     8A0D   60         RTS
.CMD_ACCESS
     8A0E   20 03 93   JSR &9303
     8A11   20 7E 9A   JSR &9A7E
     8A14   20 4A 81   JSR &814A
     8A17   A2 00      LDX #&00
     8A19   20 C1 81   JSR &81C1
     8A1C   D0 1F      BNE &8A3D
.cmdac_flag
     8A1E   86 AA      STX &AA
     8A20   20 39 82   JSR &8239
.cmdac_filefound
     8A23   20 BB 93   JSR &93BB
     8A26   B9 0F A2   LDA &A20F,Y
     8A29   29 7F      AND #&7F
     8A2B   05 AA      ORA &AA
     8A2D   99 0F A2   STA &A20F,Y
     8A30   20 45 83   JSR &8345
     8A33   20 85 82   JSR &8285
     8A36   B0 EB      BCS &8A23
.jmp_savecattodisk
     8A38   4C D6 AE   JMP &AED6
.cmdac_paramloop
     8A3B   A2 80      LDX #&80
.cmdac_getparam
     8A3D   20 A6 81   JSR &81A6
     8A40   B0 DC      BCS &8A1E
     8A42   29 5F      AND #&5F
     8A44   C9 4C      CMP #&4C
     8A46   F0 F3      BEQ &8A3B
.errBADATTRIBUTE
     8A48   20 56 80   JSR &8056
     8A4B   CF
     8A4C   61 74 74 ...
     8A55   00
.fscv0_starOPT
     8A56   20 F4 83   JSR &83F4
     8A59   8A         TXA
     8A5A   C9 04      CMP #&04
     8A5C   F0 1E      BEQ &8A7C
     8A5E   C9 05      CMP #&05
     8A60   F0 34      BEQ &8A96
     8A62   C9 02      CMP #&02
     8A64   90 0B      BCC &8A71
.errBADOPTION
     8A66   20 56 80   JSR &8056
     8A69   CB
     8A6A   6F 70 74 ...
     8A70   00
.opts0_1
     8A71   A2 FF      LDX #&FF
     8A73   98         TYA
     8A74   F0 02      BEQ &8A78
     8A76   A2 00      LDX #&00
.opts0_1_Y0
     8A78   8E C6 A4   STX &A4C6
     8A7B   60         RTS
.SetBootOption_Yoption
     8A7C   98         TYA
     8A7D   48         PHA
     8A7E   20 00 8C   JSR &8C00
     8A81   20 C8 AE   JSR &AEC8
     8A84   68         PLA
     8A85   20 26 82   JSR &8226
     8A88   4D 06 A3   EOR &A306
     8A8B   29 30      AND #&30
     8A8D   4D 06 A3   EOR &A306
     8A90   8D 06 A3   STA &A306
     8A93   4C D6 AE   JMP &AED6
.DiskTrapOption
     8A96   98         TYA
     8A97   08         PHP
     8A98   A5 F4      LDA &F4
     8A9A   29 7F      AND #&7F
     8A9C   AA         TAX
     8A9D   BD F0 0D   LDA &0DF0,X
     8AA0   29 BF      AND #&BF
     8AA2   28         PLP
     8AA3   F0 02      BEQ &8AA7
     8AA5   09 40      ORA #&40
.skip
     8AA7   9D F0 0D   STA &0DF0,X
     8AAA   60         RTS
.errDISKFULL
     8AAB   20 4B 80   JSR &804B
     8AAE   C6
     8AAF   66 75 6C ...
     8AB3   00
.CreateFile_FSP
     8AB4   20 50 81   JSR &8150
     8AB7   20 7E 82   JSR &827E
     8ABA   90 03      BCC &8ABF
     8ABC   20 1B 83   JSR &831B
.createfile_nodel
     8ABF   A5 C0      LDA &C0
     8AC1   48         PHA
     8AC2   A5 C1      LDA &C1
     8AC4   48         PHA
     8AC5   38         SEC
     8AC6   A5 C2      LDA &C2
     8AC8   E5 C0      SBC &C0
     8ACA   85 C0      STA &C0
     8ACC   A5 C3      LDA &C3
     8ACE   E5 C1      SBC &C1
     8AD0   85 C1      STA &C1
     8AD2   AD 7A A4   LDA &A47A
     8AD5   ED 78 A4   SBC &A478
     8AD8   20 09 8B   JSR &8B09
     8ADB   AD 79 A4   LDA &A479
     8ADE   8D 75 A4   STA &A475
     8AE1   AD 78 A4   LDA &A478
     8AE4   8D 74 A4   STA &A474
     8AE7   68         PLA
     8AE8   85 BD      STA &BD
     8AEA   68         PLA
     8AEB   85 BC      STA &BC
     8AED   60         RTS
.CreateFile_3
     8AEE   85 CD      STA &CD
     8AF0   A5 CC      LDA &CC
     8AF2   48         PHA
     8AF3   20 C5 AE   JSR &AEC5
     8AF6   20 89 82   JSR &8289
     8AF9   90 03      BCC &8AFE
     8AFB   20 1B 83   JSR &831B
.cd_writedest_cat_nodel
     8AFE   68         PLA
     8AFF   85 CC      STA &CC
     8B01   20 E6 8B   JSR &8BE6
     8B04   A5 C2      LDA &C2
     8B06   20 18 82   JSR &8218
.CreateFile_2
     8B09   85 C4      STA &C4
     8B0B   A9 00      LDA #&00
     8B0D   85 C2      STA &C2
     8B0F   A9 02      LDA #&02
     8B11   85 C3      STA &C3
     8B13   AC 05 A3   LDY &A305
     8B16   C0 F8      CPY #&F8
     8B18   90 31      BCC &8B4B
.errCATALOGUEFULL
     8B1A   20 60 80   JSR &8060
     8B1D   BE
     8B1E   43 61 74 ...
     8B26   00
.cfile_loop
     8B27   F0 82      BEQ &8AAB
     8B29   20 C3 82   JSR &82C3
     8B2C   B9 0E A3   LDA &A30E,Y
     8B2F   20 18 82   JSR &8218
     8B32   85 C2      STA &C2
     8B34   18         CLC
     8B35   A9 FF      LDA #&FF
     8B37   79 0C A3   ADC &A30C,Y
     8B3A   B9 0F A3   LDA &A30F,Y
     8B3D   79 0D A3   ADC &A30D,Y
     8B40   85 C3      STA &C3
     8B42   B9 0E A3   LDA &A30E,Y
     8B45   29 03      AND #&03
     8B47   65 C2      ADC &C2
     8B49   85 C2      STA &C2
.Getfirstblock_Yoffset
     8B4B   38         SEC
     8B4C   B9 07 A3   LDA &A307,Y
     8B4F   E5 C3      SBC &C3
     8B51   48         PHA
     8B52   B9 06 A3   LDA &A306,Y
     8B55   29 03      AND #&03
     8B57   E5 C2      SBC &C2
     8B59   AA         TAX
     8B5A   A9 00      LDA #&00
     8B5C   C5 C0      CMP &C0
     8B5E   68         PLA
     8B5F   E5 C1      SBC &C1
     8B61   8A         TXA
     8B62   E5 C4      SBC &C4
     8B64   98         TYA
     8B65   90 C0      BCC &8B27
     8B67   84 B0      STY &B0
     8B69   AC 05 A3   LDY &A305
.cfile_insertfileloop
     8B6C   C4 B0      CPY &B0
     8B6E   F0 0F      BEQ &8B7F
     8B70   B9 07 A2   LDA &A207,Y
     8B73   99 0F A2   STA &A20F,Y
     8B76   B9 07 A3   LDA &A307,Y
     8B79   99 0F A3   STA &A30F,Y
     8B7C   88         DEY
     8B7D   B0 ED      BCS &8B6C
.cfile_atcatentry
     8B7F   AD 76 A4   LDA &A476
     8B82   29 03      AND #&03
     8B84   0A         ASL A
     8B85   0A         ASL A
     8B86   45 C4      EOR &C4
     8B88   29 FC      AND #&FC
     8B8A   45 C4      EOR &C4
     8B8C   0A         ASL A
     8B8D   0A         ASL A
     8B8E   4D 74 A4   EOR &A474
     8B91   29 FC      AND #&FC
     8B93   4D 74 A4   EOR &A474
     8B96   0A         ASL A
     8B97   0A         ASL A
     8B98   45 C2      EOR &C2
     8B9A   29 FC      AND #&FC
     8B9C   45 C2      EOR &C2
     8B9E   85 C2      STA &C2
     8BA0   A2 00      LDX #&00
     8BA2   98         TYA
     8BA3   48         PHA
.cfile_copyfnloop
     8BA4   B5 C5      LDA &C5,X
     8BA6   99 08 A2   STA &A208,Y
     8BA9   B5 BC      LDA &BC,X
     8BAB   99 08 A3   STA &A308,Y
     8BAE   C8         INY
     8BAF   E8         INX
     8BB0   E0 08      CPX #&08
     8BB2   D0 F0      BNE &8BA4
     8BB4   68         PLA
     8BB5   A8         TAY
     8BB6   48         PHA
     8BB7   20 45 83   JSR &8345
     8BBA   AC 05 A3   LDY &A305
     8BBD   20 4C 88   JSR &884C
     8BC0   8C 05 A3   STY &A305
     8BC3   20 D6 AE   JSR &AED6
     8BC6   68         PLA
     8BC7   A8         TAY
     8BC8   60         RTS
.CMD_ENABLE
     8BC9   A9 01      LDA #&01
     8BCB   8D C7 A4   STA &A4C7
     8BCE   60         RTS
.LoadAddrHi2
     8BCF   A9 00      LDA #&00
     8BD1   8D 75 A4   STA &A475
     8BD4   A5 C2      LDA &C2
     8BD6   29 08      AND #&08
     8BD8   8D 74 A4   STA &A474
     8BDB   F0 08      BEQ &8BE5
.SetLoadAddrToHost
     8BDD   A9 FF      LDA #&FF
     8BDF   8D 75 A4   STA &A475
     8BE2   8D 74 A4   STA &A474
.ldadd_nothost
     8BE5   60         RTS
.LoadandEexeAddrHi2
     8BE6   20 CF 8B   JSR &8BCF
.ExecAddrHi2
     8BE9   A9 00      LDA #&00
     8BEB   8D 77 A4   STA &A477
     8BEE   A5 C2      LDA &C2
     8BF0   20 16 82   JSR &8216
     8BF3   C9 03      CMP #&03
     8BF5   D0 05      BNE &8BFC
     8BF7   A9 FF      LDA #&FF
     8BF9   8D 77 A4   STA &A477
.exadd_nothost
     8BFC   8D 76 A4   STA &A476
     8BFF   60         RTS
.Set_CurDirDrv_ToDefaults
     8C00   AD C9 A4   LDA &A4C9
     8C03   85 CC      STA &CC
.Set_CurDrv_ToDefault
     8C05   AD CA A4   LDA &A4CA
.SetCurrentDrive_Adrive
     8C08   29 03      AND #&03
.SetCurrentDrive_Adrive_noand
     8C0A   85 CD      STA &CD
     8C0C   60         RTS
.Param_OptionalDriveNo
     8C0D   20 C1 81   JSR &81C1
     8C10   F0 F3      BEQ &8C05
.Param_DriveNo_Syntax
     8C12   20 7E 9A   JSR &9A7E
.Param_DriveNo_BadDrive
     8C15   20 A6 81   JSR &81A6
     8C18   B0 0B      BCS &8C25
     8C1A   C9 3A      CMP #&3A
     8C1C   F0 F7      BEQ &8C15
     8C1E   38         SEC
     8C1F   E9 30      SBC #&30
     8C21   C9 04      CMP #&04
     8C23   90 E5      BCC &8C0A
.errBADDRIVE
     8C25   20 56 80   JSR &8056
     8C28   CD
     8C29   64 72 69 ...
     8C2E   00
.jmpSYNTAX
     8C2F   4C 8A 9A   JMP &9A8A
.errDISKNOTFOUND
     8C32   20 4B 80   JSR &804B
     8C35   D6
     8C36   6E 6F 74 ...
     8C3F   00
.Param_DriveAndDisk
     8C40   20 7E 9A   JSR &9A7E
     8C43   C9 22      CMP #&22
     8C45   D0 01      BNE &8C48
     8C47   88         DEY
.param_nq1
     8C48   84 B4      STY &B4
     8C4A   20 A6 81   JSR &81A6
     8C4D   C9 3A      CMP #&3A
     8C4F   D0 05      BNE &8C56
     8C51   20 15 8C   JSR &8C15
     8C54   90 20      BCC &8C76
.param_dad
     8C56   A4 B4      LDY &B4
     8C58   20 05 8C   JSR &8C05
     8C5B   20 61 84   JSR &8461
     8C5E   B0 29      BCS &8C89
     8C60   20 C1 81   JSR &81C1
     8C63   F0 1B      BEQ &8C80
     8C65   C9 22      CMP #&22
     8C67   D0 01      BNE &8C6A
     8C69   88         DEY
.param_nq2
     8C6A   A5 B1      LDA &B1
     8C6C   D0 B7      BNE &8C25
     8C6E   A5 B0      LDA &B0
     8C70   C9 04      CMP #&04
     8C72   B0 B1      BCS &8C25
     8C74   85 CD      STA &CD
.Param_Disk
     8C76   20 61 84   JSR &8461
     8C79   B0 0E      BCS &8C89
     8C7B   20 C1 81   JSR &81C1
     8C7E   D0 AF      BNE &8C2F
.gdnodrv
     8C80   A5 B1      LDA &B1
     8C82   85 B9      STA &B9
     8C84   A5 B0      LDA &B0
     8C86   85 B8      STA &B8
.gddfound
     8C88   60         RTS
.gddfind
     8C89   20 46 B5   JSR &B546
     8C8C   A2 00      LDX #&00
     8C8E   20 1A B0   JSR &B01A
     8C91   AD 0D A4   LDA &A40D
     8C94   F0 99      BEQ &8C2F
     8C96   AD 0E A4   LDA &A40E
     8C99   D0 94      BNE &8C2F
.gddlp
     8C9B   A5 B9      LDA &B9
     8C9D   30 93      BMI &8C32
     8C9F   20 95 B5   JSR &B595
     8CA2   90 E4      BCC &8C88
     8CA4   20 57 B0   JSR &B057
     8CA7   4C 9B 8C   JMP &8C9B
.CMD_RENAME
     8CAA   20 FA 92   JSR &92FA
     8CAD   20 7E 9A   JSR &9A7E
     8CB0   20 4A 81   JSR &814A
     8CB3   98         TYA
     8CB4   48         PHA
     8CB5   20 39 82   JSR &8239
     8CB8   20 B8 93   JSR &93B8
     8CBB   84 C4      STY &C4
     8CBD   68         PLA
     8CBE   A8         TAY
     8CBF   20 7E 9A   JSR &9A7E
     8CC2   A5 CD      LDA &CD
     8CC4   48         PHA
     8CC5   20 4A 81   JSR &814A
     8CC8   68         PLA
     8CC9   C5 CD      CMP &CD
     8CCB   D0 14      BNE &8CE1
     8CCD   20 7E 82   JSR &827E
     8CD0   90 12      BCC &8CE4
     8CD2   C4 C4      CPY &C4
     8CD4   F0 0E      BEQ &8CE4
.errFILEEXISTS
     8CD6   20 60 80   JSR &8060
     8CD9   C4
     8CDA   45 78 69 ...
     8CE0   00
.jmpBADDRIVE
     8CE1   4C 25 8C   JMP &8C25
.rname_ok
     8CE4   A4 C4      LDY &C4
     8CE6   20 4C 88   JSR &884C
     8CE9   A2 07      LDX #&07
.rname_loop
     8CEB   B5 C5      LDA &C5,X
     8CED   99 07 A2   STA &A207,Y
     8CF0   88         DEY
     8CF1   CA         DEX
     8CF2   10 F7      BPL &8CEB
     8CF4   4C D6 AE   JMP &AED6
.TUBE_CheckIfPresent
     8CF7   A9 EA      LDA #&EA
     8CF9   A2 00      LDX #&00
     8CFB   A0 FF      LDY #&FF
     8CFD   20 F4 FF   JSR &FFF4
     8D00   8A         TXA
     8D01   49 FF      EOR #&FF
     8D03   8D D6 A4   STA &A4D6
     8D06   60         RTS
.TUBE_CLAIM
     8D07   48         PHA
.tclaim_loop
     8D08   A9 CA      LDA #&CA
     8D0A   20 06 04   JSR &0406
     8D0D   90 F9      BCC &8D08
     8D0F   68         PLA
     8D10   60         RTS
.TUBE_RELEASE
     8D11   20 F7 8C   JSR &8CF7
     8D14   30 07      BMI &8D1D
.TUBE_RELEASE_NoCheck
     8D16   48         PHA
     8D17   A9 8A      LDA #&8A
     8D19   20 06 04   JSR &0406
     8D1C   68         PLA
.trelease_exit
     8D1D   60         RTS
.CheckESCAPE
     8D1E   24 FF      BIT &FF
     8D20   10 1F      BPL &8D41
.ReportESCAPE
     8D22   A9 7E      LDA #&7E
     8D24   20 F4 FF   JSR &FFF4
     8D27   20 70 80   JSR &8070
     8D2A   11
     8D2B   45 73 63 ...
     8D31   00
.PrintHex100
     8D32   48         PHA
     8D33   20 20 82   JSR &8220
     8D36   20 3A 8D   JSR &8D3A
     8D39   68         PLA
.PrintNib100
     8D3A   20 25 81   JSR &8125
     8D3D   99 00 01   STA &0100,Y
     8D40   C8         INY
.noesc
     8D41   60         RTS
.BootOptions
     8D42   4C 2E 21 ...
     8D49   0D
     8D4A   45 2E 21 ...
     8D51   0D
.AUTOBOOT
     8D52   A2 00      LDX #&00
.bootprloop
     8D54   BD 09 80   LDA &8009,X
     8D57   F0 06      BEQ &8D5F
     8D59   20 EE FF   JSR &FFEE
     8D5C   E8         INX
     8D5D   D0 F5      BNE &8D54
.bootprexit
     8D5F   20 E7 FF   JSR &FFE7
     8D62   20 E7 FF   JSR &FFE7
     8D65   A5 B3      LDA &B3
     8D67   4C 79 8D   JMP &8D79
.CMD_DISC
     8D6A   A5 F4      LDA &F4
     8D6C   29 7F      AND #&7F
     8D6E   AA         TAX
     8D6F   BD F0 0D   LDA &0DF0,X
     8D72   29 40      AND #&40
     8D74   F0 01      BEQ &8D77
     8D76   60         RTS
.CMD_CARD
     8D77   A9 FF      LDA #&FF
.initMMFS
     8D79   20 95 96   JSR &9695
     8D7C   48         PHA
     8D7D   A9 06      LDA #&06
     8D7F   20 36 80   JSR &8036
     8D82   A2 0D      LDX #&0D
.vectloop
     8D84   BD 02 94   LDA &9402,X
     8D87   9D 12 02   STA &0212,X
     8D8A   CA         DEX
     8D8B   10 F7      BPL &8D84
     8D8D   A9 A8      LDA #&A8
     8D8F   20 FB 93   JSR &93FB
     8D92   84 B1      STY &B1
     8D94   86 B0      STX &B0
     8D96   A2 07      LDX #&07
     8D98   A0 1B      LDY #&1B
.extendedvec_loop
     8D9A   B9 F5 93   LDA &93F5,Y
     8D9D   91 B0      STA (&B0),Y
     8D9F   C8         INY
     8DA0   B9 F5 93   LDA &93F5,Y
     8DA3   91 B0      STA (&B0),Y
     8DA5   C8         INY
     8DA6   A5 F4      LDA &F4
     8DA8   09 80      ORA #&80
     8DAA   91 B0      STA (&B0),Y
     8DAC   C8         INY
     8DAD   CA         DEX
     8DAE   D0 EA      BNE &8D9A
     8DB0   8C 82 A4   STY &A482
     8DB3   8C 83 A4   STY &A483
     8DB6   86 CD      STX &CD
     8DB8   8E 9F A4   STX &A49F
     8DBB   A2 0F      LDX #&0F
     8DBD   A9 8F      LDA #&8F
     8DBF   20 F4 FF   JSR &FFF4
     8DC2   AD D3 A4   LDA &A4D3
     8DC5   30 27      BMI &8DEE
     8DC7   A9 FF      LDA #&FF
     8DC9   8D D3 A4   STA &A4D3
.setdefaults
     8DCC   A9 24      LDA #&24
     8DCE   8D C9 A4   STA &A4C9
     8DD1   8D CB A4   STA &A4CB
     8DD4   A9 00      LDA #&00
     8DD6   8D CC A4   STA &A4CC
     8DD9   A0 00      LDY #&00
     8DDB   8C CA A4   STY &A4CA
     8DDE   8C C0 A4   STY &A4C0
     8DE1   88         DEY
     8DE2   8C C7 A4   STY &A4C7
     8DE5   8C C6 A4   STY &A4C6
     8DE8   8C DD A4   STY &A4DD
     8DEB   20 13 8E   JSR &8E13
.initdfs_noreset
     8DEE   20 F7 8C   JSR &8CF7
     8DF1   68         PLA
     8DF2   D0 0B      BNE &8DFF
     8DF4   20 C8 AE   JSR &AEC8
     8DF7   AD 06 A3   LDA &A306
     8DFA   20 20 82   JSR &8220
     8DFD   D0 01      BNE &8E00
.initdfs_exit
     8DFF   60         RTS
.notOPT0
     8E00   A0 8D      LDY #&8D
     8E02   A2 42      LDX #&42
     8E04   C9 02      CMP #&02
     8E06   90 08      BCC &8E10
     8E08   F0 04      BEQ &8E0E
     8E0A   A2 4A      LDX #&4A
     8E0C   D0 02      BNE &8E10
.oscliOPT2
     8E0E   A2 4C      LDX #&4C
.jmpOSCLI
     8E10   4C F7 FF   JMP &FFF7
.VIDRESET
     8E13   A0 10      LDY #&10
     8E15   A9 00      LDA #&00
.loop
     8E17   99 DF A4   STA &A4DF,Y
     8E1A   88         DEY
     8E1B   10 FA      BPL &8E17
     8E1D   A9 01      LDA #&01
     8E1F   8D EF A4   STA &A4EF
     8E22   60         RTS
.MMFS_SERVICECALLS
     8E23   20 CE A3   JSR &A3CE
     8E26   48         PHA
     8E27   A5 F4      LDA &F4
     8E29   29 7F      AND #&7F
     8E2B   AA         TAX
     8E2C   BD F0 0D   LDA &0DF0,X
     8E2F   30 23      BMI &8E54
.lbl1
     8E31   68         PLA
     8E32   C9 12      CMP #&12
     8E34   F0 36      BEQ &8E6C
     8E36   C9 0B      CMP #&0B
     8E38   B0 19      BCS &8E53
.label4
     8E3A   0A         ASL A
     8E3B   AA         TAX
     8E3C   BD 57 8E   LDA &8E57,X
     8E3F   48         PHA
     8E40   BD 56 8E   LDA &8E56,X
     8E43   48         PHA
     8E44   8A         TXA
     8E45   48         PHA
     8E46   A5 F4      LDA &F4
     8E48   29 7F      AND #&7F
     8E4A   AA         TAX
     8E4B   68         PLA
     8E4C   4A         LSR A
     8E4D   C9 0B      CMP #&0B
     8E4F   90 02      BCC &8E53
     8E51   69 15      ADC #&15
.label3
.SERVICE_NULL
     8E53   60         RTS
.romdisabled
     8E54   68         PLA
     8E55   60         RTS
.data
     8E56   52 8E
     8E58   52 8E
     8E5A   7E 8E
     8E5C   9E 8E
     8E5E   C0 8E
     8E60   52 8E
     8E62   52 8E
     8E64   52 8E
     8E66   D5 8E
     8E68   3C 8F
     8E6A   52 8E
.SERVICE12_init_filesystem
Macro BP12K_NEST:
     8E6C   20 6F BC   JSR &BC6F
     8E6F   20 75 8E   JSR &8E75
     8E72   4C 7D BC   JMP &BC7D
.nested
End macro BP12K_NEST
     8E75   C0 04      CPY #&04
     8E77   D0 DA      BNE &8E53
     8E79   20 F4 83   JSR &83F4
     8E7C   4C 77 8D   JMP &8D77
.SERVICE02_claim_privworkspace
     8E7F   98         TYA
     8E80   48         PHA
     8E81   20 2B BC   JSR &BC2B
     8E84   A9 FD      LDA #&FD
     8E86   20 FB 93   JSR &93FB
     8E89   CA         DEX
     8E8A   30 09      BMI &8E95
     8E8C   20 6F BC   JSR &BC6F
     8E8F   8E D3 A4   STX &A4D3
     8E92   20 7D BC   JSR &BC7D
.skipOnSoftReset
     8E95   A5 F4      LDA &F4
     8E97   29 7F      AND #&7F
     8E99   AA         TAX
     8E9A   68         PLA
     8E9B   A8         TAY
     8E9C   A9 02      LDA #&02
.srv3_exit
     8E9E   60         RTS
.SERVICE03_autoboot
Macro BP12K_NEST:
     8E9F   20 6F BC   JSR &BC6F
     8EA2   20 A8 8E   JSR &8EA8
     8EA5   4C 7D BC   JMP &BC7D
.nested
End macro BP12K_NEST
     8EA8   20 F4 83   JSR &83F4
     8EAB   84 B3      STY &B3
     8EAD   A9 7A      LDA #&7A
     8EAF   20 F4 FF   JSR &FFF4
     8EB2   8A         TXA
     8EB3   30 09      BMI &8EBE
     8EB5   C9 65      CMP #&65
     8EB7   D0 E5      BNE &8E9E
     8EB9   A9 78      LDA #&78
     8EBB   20 F4 FF   JSR &FFF4
.jmpAUTOBOOT
     8EBE   4C 52 8D   JMP &8D52
.SERVICE04_unrec_command
Macro BP12K_NEST:
     8EC1   20 6F BC   JSR &BC6F
     8EC4   20 CA 8E   JSR &8ECA
     8EC7   4C 7D BC   JMP &BC7D
.nested
End macro BP12K_NEST
     8ECA   20 F4 83   JSR &83F4
     8ECD   A2 92      LDX #&92
.jmpunreccmd
     8ECF   4C 84 87   JMP &8784
.NotCmdTable22
     8ED2   A2 76      LDX #&76
     8ED4   D0 F9      BNE &8ECF
.SERVICE08_unrec_OSWORD
Macro BP12K_NEST:
     8ED6   20 6F BC   JSR &BC6F
     8ED9   20 DF 8E   JSR &8EDF
     8EDC   4C 7D BC   JMP &BC7D
.nested
End macro BP12K_NEST
     8EDF   20 F4 83   JSR &83F4
     8EE2   A4 EF      LDY &EF
     8EE4   30 2F      BMI &8F15
     8EE6   C0 7D      CPY #&7D
     8EE8   90 2B      BCC &8F15
     8EEA   AD 13 02   LDA &0213
     8EED   C9 FF      CMP #&FF
     8EEF   D0 24      BNE &8F15
     8EF1   AD 12 02   LDA &0212
     8EF4   C9 1B      CMP #&1B
     8EF6   D0 1D      BNE &8F15
     8EF8   AD BC 0D   LDA &0DBC
     8EFB   C5 F4      CMP &F4
     8EFD   D0 16      BNE &8F15
     8EFF   20 95 96   JSR &9695
     8F02   A6 F0      LDX &F0
     8F04   86 B0      STX &B0
     8F06   A6 F1      LDX &F1
     8F08   86 B1      STX &B1
     8F0A   A4 EF      LDY &EF
     8F0C   C8         INY
     8F0D   10 07      BPL &8F16
     8F0F   08         PHP
     8F10   58         CLI
     8F11   20 00 B9   JSR &B900
     8F14   28         PLP
.notMMFS
.exit
     8F15   60         RTS
.notOSWORD7F
     8F16   20 C2 AE   JSR &AEC2
     8F19   C8         INY
     8F1A   30 08      BMI &8F24
     8F1C   A0 00      LDY #&00
     8F1E   AD 04 A3   LDA &A304
     8F21   91 B0      STA (&B0),Y
     8F23   60         RTS
.OSWORD7E
     8F24   A9 00      LDA #&00
     8F26   A8         TAY
     8F27   91 B0      STA (&B0),Y
     8F29   C8         INY
     8F2A   AD 07 A3   LDA &A307
     8F2D   91 B0      STA (&B0),Y
     8F2F   C8         INY
     8F30   AD 06 A3   LDA &A306
     8F33   29 03      AND #&03
     8F35   91 B0      STA (&B0),Y
     8F37   C8         INY
     8F38   A9 00      LDA #&00
     8F3A   91 B0      STA (&B0),Y
     8F3C   60         RTS
.SERVICE09_help
     8F3D   20 F4 83   JSR &83F4
     8F40   B1 F2      LDA (&F2),Y
     8F42   A2 A8      LDX #&A8
     8F44   C9 0D      CMP #&0D
     8F46   D0 87      BNE &8ECF
     8F48   98         TYA
     8F49   A0 03      LDY #&03
     8F4B   4C 2A 9A   JMP &9A2A
.FILEV_ENTRY
     8F4E   20 1D 84   JSR &841D
     8F51   48         PHA
     8F52   20 FA 92   JSR &92FA
     8F55   86 B0      STX &B0
     8F57   8E DB A4   STX &A4DB
     8F5A   84 B1      STY &B1
     8F5C   8C DC A4   STY &A4DC
     8F5F   A2 00      LDX #&00
     8F61   A0 00      LDY #&00
     8F63   20 40 81   JSR &8140
.filev_copyparams_loop
     8F66   20 30 81   JSR &8130
     8F69   C0 12      CPY #&12
     8F6B   D0 F9      BNE &8F66
     8F6D   68         PLA
     8F6E   AA         TAX
     8F6F   E8         INX
     8F70   E0 08      CPX #&08
     8F72   B0 08      BCS &8F7C
     8F74   BD 45 94   LDA &9445,X
     8F77   48         PHA
     8F78   BD 3D 94   LDA &943D,X
     8F7B   48         PHA
.filev_unknownop
     8F7C   A9 00      LDA #&00
     8F7E   60         RTS
.FSCV_ENTRY
     8F7F   C9 0C      CMP #&0C
     8F81   B0 F9      BCS &8F7C
     8F83   86 B5      STX &B5
     8F85   AA         TAX
     8F86   BD 31 94   LDA &9431,X
     8F89   48         PHA
     8F8A   BD 25 94   LDA &9425,X
     8F8D   48         PHA
     8F8E   8A         TXA
     8F8F   A6 B5      LDX &B5
     8F91   60         RTS
.GBPBV_ENTRY
     8F92   C9 09      CMP #&09
     8F94   B0 1D      BCS &8FB3
     8F96   20 F4 83   JSR &83F4
     8F99   20 95 96   JSR &9695
     8F9C   8E 7D A4   STX &A47D
     8F9F   8C 7E A4   STY &A47E
     8FA2   A8         TAY
     8FA3   4C 54 91   JMP &9154
.upgbpb
     8FA6   20 B4 8F   JSR &8FB4
     8FA9   08         PHP
     8FAA   2C 81 A4   BIT &A481
     8FAD   10 03      BPL &8FB2
     8FAF   20 16 8D   JSR &8D16
.gbpb_nottube
     8FB2   28         PLP
.gbpbv_unrecop
     8FB3   60         RTS
.gbpb_gosub
     8FB4   B9 4D 94   LDA &944D,Y
     8FB7   8D D7 A4   STA &A4D7
     8FBA   B9 56 94   LDA &9456,Y
     8FBD   8D D8 A4   STA &A4D8
     8FC0   B9 5F 94   LDA &945F,Y
     8FC3   4A         LSR A
     8FC4   08         PHP
     8FC5   4A         LSR A
     8FC6   08         PHP
     8FC7   8D 7F A4   STA &A47F
     8FCA   A0 0C      LDY #&0C
.gbpb_ctlblk_loop
     8FCC   B1 B4      LDA (&B4),Y
     8FCE   99 60 A4   STA &A460,Y
     8FD1   88         DEY
     8FD2   10 F8      BPL &8FCC
     8FD4   AD 63 A4   LDA &A463
     8FD7   2D 64 A4   AND &A464
     8FDA   0D D6 A4   ORA &A4D6
     8FDD   18         CLC
     8FDE   69 01      ADC #&01
     8FE0   F0 06      BEQ &8FE8
     8FE2   20 07 8D   JSR &8D07
     8FE5   18         CLC
     8FE6   A9 FF      LDA #&FF
.gbpb_nottube1
     8FE8   8D 81 A4   STA &A481
     8FEB   AD 7F A4   LDA &A47F
     8FEE   B0 07      BCS &8FF7
     8FF0   A2 61      LDX #&61
     8FF2   A0 A4      LDY #&A4
     8FF4   20 06 04   JSR &0406
.gbpb_nottube2
     8FF7   28         PLP
     8FF8   B0 04      BCS &8FFE
     8FFA   28         PLP
.gbpb_jmpsub
     8FFB   6C D7 A4   JMP (&A4D7)
.gbpb_rw_seqptr
     8FFE   A2 03      LDX #&03
.gbpb_seqptr_loop1
     9000   BD 69 A4   LDA &A469,X
     9003   95 B6      STA &B6,X
     9005   CA         DEX
     9006   10 F8      BPL &9000
     9008   A2 B6      LDX #&B6
     900A   AC 60 A4   LDY &A460
     900D   A9 00      LDA #&00
     900F   28         PLP
     9010   B0 03      BCS &9015
     9012   20 7B 99   JSR &997B
.gpbp_dontwriteseqptr
     9015   20 E0 96   JSR &96E0
     9018   A2 03      LDX #&03
.gbpb_seqptr_loop2
     901A   B5 B6      LDA &B6,X
     901C   9D 69 A4   STA &A469,X
     901F   CA         DEX
     9020   10 F8      BPL &901A
.gbpb_rwdata
     9022   20 F2 90   JSR &90F2
     9025   30 0D      BMI &9034
.gbpb_data_loop
     9027   AC 60 A4   LDY &A460
     902A   20 FB 8F   JSR &8FFB
     902D   B0 0D      BCS &903C
     902F   A2 09      LDX #&09
     9031   20 2D 91   JSR &912D
.gbpb_data_loopin
     9034   A2 05      LDX #&05
     9036   20 2D 91   JSR &912D
     9039   D0 EC      BNE &9027
     903B   18         CLC
.gbpb_data_loopout
     903C   08         PHP
     903D   20 F2 90   JSR &90F2
     9040   A2 05      LDX #&05
     9042   20 2D 91   JSR &912D
     9045   20 00 91   JSR &9100
     9048   A0 0C      LDY #&0C
.gbpb_restorectlblk_loop
     904A   B9 60 A4   LDA &A460,Y
     904D   91 B4      STA (&B4),Y
     904F   88         DEY
     9050   10 F8      BPL &904A
     9052   28         PLP
     9053   60         RTS
.gbpb8_rdfilescurdir
     9054   20 B7 AE   JSR &AEB7
     9057   A9 63      LDA #&63
     9059   8D D7 A4   STA &A4D7
     905C   A9 90      LDA #&90
     905E   8D D8 A4   STA &A4D8
     9061   D0 BF      BNE &9022
.gbpb8_getbyte
     9063   AC 69 A4   LDY &A469
.gbpb8_loop
     9066   CC 05 A3   CPY &A305
     9069   B0 28      BCS &9093
     906B   B9 0F A2   LDA &A20F,Y
     906E   20 37 83   JSR &8337
     9071   45 CC      EOR &CC
     9073   B0 02      BCS &9077
     9075   29 DF      AND #&DF
.gbpb8_notalpha
     9077   29 7F      AND #&7F
     9079   F0 05      BEQ &9080
     907B   20 4C 88   JSR &884C
     907E   D0 E6      BNE &9066
.gbpb8_filefound
     9080   A9 07      LDA #&07
     9082   20 19 91   JSR &9119
     9085   85 B0      STA &B0
.gbpb8_copyfn_loop
     9087   B9 08 A2   LDA &A208,Y
     908A   20 19 91   JSR &9119
     908D   C8         INY
     908E   C6 B0      DEC &B0
     9090   D0 F5      BNE &9087
     9092   18         CLC
.gbpb8_endofcat
     9093   8C 69 A4   STY &A469
     9096   AD 04 A3   LDA &A304
     9099   8D 60 A4   STA &A460
     909C   60         RTS
.gbpb5_getmediatitle
     909D   20 B7 AE   JSR &AEB7
     90A0   A9 0C      LDA #&0C
     90A2   20 19 91   JSR &9119
     90A5   A0 00      LDY #&00
.gbpb5_titleloop
     90A7   C0 08      CPY #&08
     90A9   B0 05      BCS &90B0
     90AB   B9 00 A2   LDA &A200,Y
     90AE   90 03      BCC &90B3
.gbpb5_titlehi
     90B0   B9 F8 A2   LDA &A2F8,Y
.gbpb5_titlelo
     90B3   20 19 91   JSR &9119
     90B6   C8         INY
     90B7   C0 0C      CPY #&0C
     90B9   D0 EC      BNE &90A7
     90BB   AD 06 A3   LDA &A306
     90BE   20 20 82   JSR &8220
     90C1   20 19 91   JSR &9119
     90C4   A5 CD      LDA &CD
     90C6   4C 19 91   JMP &9119
.gbpb6_rdcurdirdevice
     90C9   20 10 91   JSR &9110
     90CC   AD CA A4   LDA &A4CA
     90CF   20 0B 91   JSR &910B
     90D2   AD C9 A4   LDA &A4C9
     90D5   D0 42      BNE &9119
.gbpb7_rdcurlibdevice
     90D7   20 10 91   JSR &9110
     90DA   AD CC A4   LDA &A4CC
     90DD   20 0B 91   JSR &910B
     90E0   AD CB A4   LDA &A4CB
     90E3   D0 34      BNE &9119
.gpbp_B8memptr
     90E5   AE 61 A4   LDX &A461
     90E8   86 B8      STX &B8
     90EA   AE 62 A4   LDX &A462
     90ED   86 B9      STX &B9
     90EF   A2 00      LDX #&00
     90F1   60         RTS
.gbpb_bytesxferinvert
     90F2   A2 03      LDX #&03
.gbpb_bytesxferinvert_loop
     90F4   A9 FF      LDA #&FF
     90F6   5D 65 A4   EOR &A465,X
     90F9   9D 65 A4   STA &A465,X
     90FC   CA         DEX
     90FD   10 F5      BPL &90F4
     90FF   60         RTS
.gbpb_wordB4_word107D
     9100   AD 7D A4   LDA &A47D
     9103   85 B4      STA &B4
     9105   AD 7E A4   LDA &A47E
     9108   85 B5      STA &B5
     910A   60         RTS
.gbpb_gb_SAVEBYTE_and_gbpb_SAVE_01
     910B   09 30      ORA #&30
     910D   20 19 91   JSR &9119
.gbpb_SAVE_01
     9110   A9 01      LDA #&01
     9112   D0 05      BNE &9119
.gbpb_getbyteSAVEBYTE
     9114   20 EE 97   JSR &97EE
     9117   B0 1F      BCS &9138
.gbpb_gb_SAVEBYTE
     9119   2C 81 A4   BIT &A481
     911C   10 05      BPL &9123
     911E   8D E5 FE   STA &FEE5
     9121   30 05      BMI &9128
.gBpb_gb_fromhost
     9123   20 E5 90   JSR &90E5
     9126   81 B8      STA (&B8,X)
.gbpb_incDataPtr
     9128   20 F4 83   JSR &83F4
     912B   A2 01      LDX #&01
.gbpb_incdblword1060X
     912D   A0 04      LDY #&04
.gbpb_incdblword_loop
     912F   FE 60 A4   INC &A460,X
     9132   D0 04      BNE &9138
     9134   E8         INX
     9135   88         DEY
     9136   D0 F7      BNE &912F
.gbpb_incdblworkd_exit
     9138   60         RTS
.gbpb_putbytes
     9139   20 41 91   JSR &9141
     913C   20 AB 98   JSR &98AB
     913F   18         CLC
     9140   60         RTS
.gpbp_pb_LOADBYTE
     9141   2C 81 A4   BIT &A481
     9144   10 06      BPL &914C
     9146   AD E5 FE   LDA &FEE5
     9149   4C 28 91   JMP &9128
.gbpb_pb_fromhost
     914C   20 E5 90   JSR &90E5
     914F   A1 B8      LDA (&B8,X)
     9151   4C 28 91   JMP &9128
.fastgb
     9154   20 00 91   JSR &9100
     9157   B9 5F 94   LDA &945F,Y
     915A   29 03      AND #&03
     915C   4A         LSR A
     915D   F0 4A      BEQ &91A9
     915F   8C 6D A4   STY &A46D
     9162   A0 0C      LDY #&0C
.copyl0
     9164   B1 B4      LDA (&B4),Y
     9166   99 60 A4   STA &A460,Y
     9169   88         DEY
     916A   10 F8      BPL &9164
     916C   A8         TAY
     916D   A2 03      LDX #&03
.initl
     916F   BD 65 A4   LDA &A465,X
     9172   9D 6E A4   STA &A46E,X
     9175   CA         DEX
     9176   10 F7      BPL &916F
     9178   AD 69 A4   LDA &A469
     917B   90 09      BCC &9186
     917D   98         TYA
     917E   20 25 82   JSR &8225
     9181   A8         TAY
     9182   B9 10 A5   LDA &A510,Y
     9185   18         CLC
.dcptr
     9186   49 FF      EOR #&FF
     9188   69 01      ADC #&01
     918A   A0 FC      LDY #&FC
.hdrext
     918C   99 69 A3   STA &A369,Y
     918F   A9 00      LDA #&00
     9191   C8         INY
     9192   D0 F8      BNE &918C
     9194   20 C2 92   JSR &92C2
     9197   90 02      BCC &919B
     9199   D0 46      BNE &91E1
.trailr
     919B   20 D8 92   JSR &92D8
.drain
     919E   A9 60      LDA #&60
     91A0   85 B4      STA &B4
     91A2   A9 A4      LDA #&A4
     91A4   85 B5      STA &B5
     91A6   AC 6D A4   LDY &A46D
.chain
     91A9   4C A6 8F   JMP &8FA6
.morfst
     91AC   AD 71 A4   LDA &A471
     91AF   20 D1 92   JSR &92D1
     91B2   D0 32      BNE &91E6
     91B4   8D 66 A4   STA &A466
     91B7   8D 67 A4   STA &A467
     91BA   AD 6E A4   LDA &A46E
     91BD   D0 DC      BNE &919B
     91BF   18         CLC
.fgbfin
     91C0   08         PHP
     91C1   20 D8 92   JSR &92D8
     91C4   28         PLP
     91C5   20 00 91   JSR &9100
     91C8   A0 0C      LDY #&0C
.retnl
     91CA   B9 60 A4   LDA &A460,Y
     91CD   91 B4      STA (&B4),Y
     91CF   88         DEY
     91D0   10 F8      BPL &91CA
     91D2   60         RTS
.setmax
     91D3   8D 67 A4   STA &A467
     91D6   0D 66 A4   ORA &A466
     91D9   D0 4B      BNE &9226
.throw
     91DB   A0 FD      LDY #&FD
     91DD   A9 01      LDA #&01
     91DF   D0 AB      BNE &918C
.align
     91E1   20 9E 91   JSR &919E
     91E4   B0 DA      BCS &91C0
.dofast
     91E6   AE 71 A4   LDX &A471
     91E9   F0 02      BEQ &91ED
     91EB   A2 FF      LDX #&FF
.sclamp
     91ED   8A         TXA
     91EE   0D 70 A4   ORA &A470
     91F1   8D 67 A4   STA &A467
     91F4   8A         TXA
     91F5   0D 6F A4   ORA &A46F
     91F8   AA         TAX
     91F9   AD C2 A4   LDA &A4C2
     91FC   38         SEC
     91FD   6D 6D A4   ADC &A46D
     9200   49 04      EOR #&04
     9202   29 E4      AND #&E4
     9204   A8         TAY
     9205   B9 15 A5   LDA &A515,Y
     9208   38         SEC
     9209   ED 6A A4   SBC &A46A
     920C   8D 66 A4   STA &A466
     920F   B9 16 A5   LDA &A516,Y
     9212   ED 6B A4   SBC &A46B
     9215   90 C4      BCC &91DB
     9217   CD 67 A4   CMP &A467
     921A   90 B7      BCC &91D3
     921C   D0 05      BNE &9223
     921E   EC 66 A4   CPX &A466
     9221   B0 B0      BCS &91D3
.sectr0
     9223   8E 66 A4   STX &A466
.sectr1
     9226   AC C2 A4   LDY &A4C2
     9229   20 85 94   JSR &9485
     922C   20 49 98   JSR &9849
     922F   A9 3F      LDA #&3F
     9231   99 1D A5   STA &A51D,Y
     9234   20 41 98   JSR &9841
     9237   AD 61 A4   LDA &A461
     923A   85 BC      STA &BC
     923C   AD 62 A4   LDA &A462
     923F   85 BD      STA &BD
     9241   AD 63 A4   LDA &A463
     9244   8D 74 A4   STA &A474
     9247   AD 64 A4   LDA &A464
     924A   8D 75 A4   STA &A475
     924D   B9 0F A5   LDA &A50F,Y
     9250   18         CLC
     9251   6D 6A A4   ADC &A46A
     9254   85 C3      STA &C3
     9256   B9 0D A5   LDA &A50D,Y
     9259   6D 6B A4   ADC &A46B
     925C   29 03      AND #&03
     925E   85 C2      STA &C2
     9260   A9 00      LDA #&00
     9262   85 C0      STA &C0
     9264   AD 66 A4   LDA &A466
     9267   85 C1      STA &C1
     9269   AD 67 A4   LDA &A467
     926C   20 26 82   JSR &8226
     926F   05 C2      ORA &C2
     9271   85 C2      STA &C2
     9273   AD 6D A4   LDA &A46D
     9276   EE DD A4   INC &A4DD
     9279   20 E8 92   JSR &92E8
     927C   CE DD A4   DEC &A4DD
     927F   20 C2 92   JSR &92C2
     9282   AC 66 A4   LDY &A466
     9285   98         TYA
     9286   18         CLC
     9287   6D 62 A4   ADC &A462
     928A   8D 62 A4   STA &A462
     928D   AE 67 A4   LDX &A467
     9290   8A         TXA
     9291   6D 63 A4   ADC &A463
     9294   8D 63 A4   STA &A463
     9297   90 03      BCC &929C
     9299   EE 64 A4   INC &A464
.updp
     929C   98         TYA
     929D   AC C2 A4   LDY &A4C2
     92A0   18         CLC
     92A1   79 11 A5   ADC &A511,Y
     92A4   99 11 A5   STA &A511,Y
     92A7   8D 6A A4   STA &A46A
     92AA   8A         TXA
     92AB   79 12 A5   ADC &A512,Y
     92AE   99 12 A5   STA &A512,Y
     92B1   8D 6B A4   STA &A46B
     92B4   98         TYA
     92B5   20 EE 99   JSR &99EE
     92B8   90 05      BCC &92BF
     92BA   F0 03      BEQ &92BF
     92BC   20 59 99   JSR &9959
.doneit
     92BF   4C AC 91   JMP &91AC
.subwk
     92C2   38         SEC
     92C3   A2 FC      LDX #&FC
.subwkl
     92C5   BD 72 A3   LDA &A372,X
     92C8   FD 69 A3   SBC &A369,X
     92CB   9D 72 A3   STA &A372,X
     92CE   E8         INX
     92CF   D0 F4      BNE &92C5
.testl
     92D1   0D 70 A4   ORA &A470
     92D4   0D 6F A4   ORA &A46F
     92D7   60         RTS
.addtol
     92D8   18         CLC
     92D9   A2 FC      LDX #&FC
.addl
     92DB   BD 72 A3   LDA &A372,X
     92DE   7D 69 A3   ADC &A369,X
     92E1   9D 69 A3   STA &A369,X
     92E4   E8         INX
     92E5   D0 F4      BNE &92DB
     92E7   60         RTS
.docmd
     92E8   C9 03      CMP #&03
     92EA   90 03      BCC &92EF
.dordcmd
     92EC   4C A2 88   JMP &88A2
.dowrcmd
     92EF   4C BF 88   JMP &88BF
.fscv_osabouttoproccmd
     92F2   2C C7 A4   BIT &A4C7
     92F5   30 03      BMI &92FA
     92F7   CE C7 A4   DEC &A4C7
.parameter_fsp
     92FA   A9 FF      LDA #&FF
     92FC   8D CE A4   STA &A4CE
.param_out
     92FF   8D CD A4   STA &A4CD
     9302   60         RTS
.parameter_afsp
     9303   A9 2A      LDA #&2A
     9305   8D CE A4   STA &A4CE
     9308   A9 23      LDA #&23
     930A   D0 F3      BNE &92FF
.osfile5_rdcatinfo
     930C   20 C6 93   JSR &93C6
     930F   20 95 83   JSR &8395
     9312   A9 01      LDA #&01
     9314   60         RTS
.osfile6_delfile
     9315   20 A3 93   JSR &93A3
     9318   20 95 83   JSR &8395
     931B   20 1B 83   JSR &831B
     931E   4C 45 93   JMP &9345
.osfile1_updatecat
     9321   20 C6 93   JSR &93C6
     9324   20 4B 93   JSR &934B
     9327   20 67 93   JSR &9367
     932A   50 16      BVC &9342
.osfile3_wrexecaddr
     932C   20 C6 93   JSR &93C6
     932F   20 67 93   JSR &9367
     9332   50 11      BVC &9345
.osfile2_wrloadaddr
     9334   20 C6 93   JSR &93C6
     9337   20 4B 93   JSR &934B
     933A   50 09      BVC &9345
.osfile4_wrattribs
     933C   20 C6 93   JSR &93C6
     933F   20 BB 93   JSR &93BB
.osfile_updatelocksavecat
     9342   20 8A 93   JSR &938A
.osfile_savecat_retA_1
     9345   20 D6 AE   JSR &AED6
     9348   A9 01      LDA #&01
     934A   60         RTS
.osfile_update_loadaddr_Xoffset
     934B   20 F4 83   JSR &83F4
     934E   A0 02      LDY #&02
     9350   B1 B0      LDA (&B0),Y
     9352   9D 08 A3   STA &A308,X
     9355   C8         INY
     9356   B1 B0      LDA (&B0),Y
     9358   9D 09 A3   STA &A309,X
     935B   C8         INY
     935C   B1 B0      LDA (&B0),Y
     935E   0A         ASL A
     935F   0A         ASL A
     9360   5D 0E A3   EOR &A30E,X
     9363   29 0C      AND #&0C
     9365   10 1B      BPL &9382
.osfile_update_execaddr_Xoffset
     9367   20 F4 83   JSR &83F4
     936A   A0 06      LDY #&06
     936C   B1 B0      LDA (&B0),Y
     936E   9D 0A A3   STA &A30A,X
     9371   C8         INY
     9372   B1 B0      LDA (&B0),Y
     9374   9D 0B A3   STA &A30B,X
     9377   C8         INY
     9378   B1 B0      LDA (&B0),Y
     937A   6A         ROR A
     937B   6A         ROR A
     937C   6A         ROR A
     937D   5D 0E A3   EOR &A30E,X
     9380   29 C0      AND #&C0
.osfile_savemixedbyte
     9382   5D 0E A3   EOR &A30E,X
     9385   9D 0E A3   STA &A30E,X
     9388   B8         CLV
     9389   60         RTS
.osfile_updatelock
     938A   20 F4 83   JSR &83F4
     938D   A0 0E      LDY #&0E
     938F   B1 B0      LDA (&B0),Y
     9391   29 0A      AND #&0A
     9393   F0 02      BEQ &9397
     9395   A9 80      LDA #&80
.osfile_notlocked
     9397   5D 0F A2   EOR &A20F,X
     939A   29 80      AND #&80
     939C   5D 0F A2   EOR &A20F,X
     939F   9D 0F A2   STA &A20F,X
     93A2   60         RTS
.CheckFileNotLocked
     93A3   20 D0 93   JSR &93D0
     93A6   90 23      BCC &93CB
.CheckFileNotLockedY
     93A8   B9 0F A2   LDA &A20F,Y
     93AB   10 22      BPL &93CF
.errFILELOCKED
     93AD   20 60 80   JSR &8060
     93B0   C3
     93B1   4C 6F 63 ...
     93B7   00
.CheckFileNotLockedOrOpenY
     93B8   20 A8 93   JSR &93A8
.CheckFileNotOpenY
     93BB   20 F4 83   JSR &83F4
     93BE   20 2A 96   JSR &962A
     93C1   90 21      BCC &93E4
     93C3   4C 8E 95   JMP &958E
.CheckFileExists
     93C6   20 D0 93   JSR &93D0
     93C9   B0 19      BCS &93E4
.ExitCallingSubroutine
     93CB   68         PLA
     93CC   68         PLA
     93CD   A9 00      LDA #&00
.chklock_exit
     93CF   60         RTS
.read_fspBA_findcatentry
     93D0   20 50 81   JSR &8150
     93D3   20 7E 82   JSR &827E
     93D6   90 0C      BCC &93E4
     93D8   98         TYA
     93D9   AA         TAX
.SetParamBlockPointerB0
     93DA   AD DB A4   LDA &A4DB
     93DD   85 B0      STA &B0
     93DF   AD DC A4   LDA &A4DC
     93E2   85 B1      STA &B1
.checkexit
     93E4   60         RTS
.CalcRAM
     93E5   A9 83      LDA #&83
     93E7   20 F4 FF   JSR &FFF4
     93EA   8C CF A4   STY &A4CF
     93ED   A9 84      LDA #&84
     93EF   20 F4 FF   JSR &FFF4
     93F2   98         TYA
     93F3   38         SEC
     93F4   ED CF A4   SBC &A4CF
     93F7   8D D0 A4   STA &A4D0
     93FA   60         RTS
.osbyte_X0YFF
     93FB   A2 00      LDX #&00
.osbyte_YFF
     93FD   A0 FF      LDY #&FF
     93FF   4C F4 FF   JMP &FFF4
.vectors_table
     9402   1B FF
     9404   1E FF
     9406   21 FF
     9408   24 FF
     940A   27 FF
     940C   2A FF
     940E   2D FF
.extendedvectors_table
     9410   4E 8F
     9412   00         BRK
     9413   A2 96
     9415   00         BRK
     9416   EE 97
     9418   00         BRK
     9419   AB 98
     941B   00         BRK
     941C   92 8F
     941E   00         BRK
     941F   C7 94
     9421   00         BRK
     9422   7F 8F
     9424   00         BRK
.fscv_table1
     9425   55
     9426   BA
     9427   CA
     9428   7E
     9429   CA
     942A   BF
     942B   6C
     942C   67
     942D   F1
     942E   4B
     942F   6A
     9430   CA
.fscv_table2
     9431   8A
     9432   97
     9433   88
     9434   87
     9435   88
     9436   84
     9437   94
     9438   94
     9439   92
     943A   82
     943B   82
     943C   88
.finv_tablelo
     943D   66
     943E   B5
     943F   20
     9440   33
     9441   2B
     9442   3B
     9443   0B
     9444   14
.finv_tablehi
     9445   88
     9446   88
     9447   93
     9448   93
     9449   93
     944A   93
     944B   93
     944C   93
.gbpbv_table1
     944D   CB
     944E   39
     944F   39
     9450   14
     9451   14
     9452   9D
     9453   C9
     9454   D7
     9455   54
.gbpbv_table2
     9456   82
     9457   91
     9458   91
     9459   91
     945A   91
     945B   90
     945C   90
     945D   90
     945E   90
.gbpbv_table3
     945F   04
     9460   02
     9461   03
     9462   06
     9463   07
     9464   04
     9465   04
     9466   04
     9467   04
.fscv7_hndlrange
     9468   A2 11      LDX #&11
     946A   A0 15      LDY #&15
.closeallfiles_exit
     946C   60         RTS
.fscv6_shutdownfilesys
     946D   20 F4 83   JSR &83F4
.CloseSPOOLEXECfiles
     9470   A9 77      LDA #&77
     9472   4C F4 FF   JMP &FFF4
.CMD_CLOSE
.CloseAllFiles_Osbyte77
     9475   20 70 94   JSR &9470
.CloseAllFiles
     9478   A9 00      LDA #&00
.closeallfiles_loop
     947A   18         CLC
     947B   69 20      ADC #&20
     947D   F0 ED      BEQ &946C
     947F   A8         TAY
     9480   20 D4 94   JSR &94D4
     9483   D0 F5      BNE &947A
.Channel_SetDirDrv_GetCatEntry_Yintch
     9485   20 A0 94   JSR &94A0
.Channel_GetCatEntry_Yintch
     9488   A2 06      LDX #&06
.chnl_getcatloop
     948A   B9 0C A5   LDA &A50C,Y
     948D   95 C5      STA &C5,X
     948F   88         DEY
     9490   88         DEY
     9491   CA         DEX
     9492   10 F6      BPL &948A
     9494   20 89 82   JSR &8289
     9497   90 22      BCC &94BB
     9499   8C C3 A4   STY &A4C3
     949C   AC C2 A4   LDY &A4C2
.chkdskchangexit
     949F   60         RTS
.Channel_SetDirDrive_Yintch
     94A0   B9 0E A5   LDA &A50E,Y
     94A3   29 7F      AND #&7F
     94A5   85 CC      STA &CC
     94A7   B9 17 A5   LDA &A517,Y
     94AA   4C 08 8C   JMP &8C08
.CheckForDiskChange
     94AD   20 F4 83   JSR &83F4
     94B0   AD 04 A3   LDA &A304
     94B3   20 C5 AE   JSR &AEC5
     94B6   CD 04 A3   CMP &A304
     94B9   F0 E4      BEQ &949F
.errDISKCHANGED
     94BB   20 4B 80   JSR &804B
     94BE   C8
     94BF   63 68 61 ...
     94C6   00
.FINDV_ENTRY
     94C7   29 C0      AND #&C0
     94C9   D0 59      BNE &9524
     94CB   20 F4 83   JSR &83F4
.CloseFiles_Yhandle
     94CE   98         TYA
     94CF   F0 A4      BEQ &9475
     94D1   20 CF 97   JSR &97CF
.CloseFile_Yintch
     94D4   48         PHA
     94D5   20 5A 97   JSR &975A
     94D8   B0 45      BCS &951F
     94DA   B9 1B A5   LDA &A51B,Y
     94DD   49 FF      EOR #&FF
     94DF   2D C0 A4   AND &A4C0
     94E2   8D C0 A4   STA &A4C0
     94E5   B9 17 A5   LDA &A517,Y
     94E8   29 60      AND #&60
     94EA   F0 33      BEQ &951F
     94EC   20 85 94   JSR &9485
     94EF   B9 17 A5   LDA &A517,Y
     94F2   29 20      AND #&20
     94F4   F0 26      BEQ &951C
     94F6   AE C3 A4   LDX &A4C3
     94F9   B9 14 A5   LDA &A514,Y
     94FC   9D 0C A3   STA &A30C,X
     94FF   B9 15 A5   LDA &A515,Y
     9502   9D 0D A3   STA &A30D,X
     9505   B9 16 A5   LDA &A516,Y
     9508   20 26 82   JSR &8226
     950B   5D 0E A3   EOR &A30E,X
     950E   29 30      AND #&30
     9510   5D 0E A3   EOR &A30E,X
     9513   9D 0E A3   STA &A30E,X
     9516   20 D6 AE   JSR &AED6
     9519   AC C2 A4   LDY &A4C2
.closefile_buftodisk
     951C   20 49 98   JSR &9849
.closefile_exit
     951F   AE C5 A4   LDX &A4C5
     9522   68         PLA
     9523   60         RTS
.findvnot0_openfile
     9524   20 1D 84   JSR &841D
     9527   86 BA      STX &BA
     9529   84 BB      STY &BB
     952B   85 B4      STA &B4
     952D   24 B4      BIT &B4
     952F   08         PHP
     9530   20 50 81   JSR &8150
     9533   20 FA 92   JSR &92FA
     9536   20 7E 82   JSR &827E
     9539   B0 22      BCS &955D
     953B   A9 00      LDA #&00
     953D   28         PLP
     953E   50 01      BVC &9541
     9540   60         RTS
.findv_createfile
     9541   08         PHP
     9542   A2 07      LDX #&07
.findv_loop1
     9544   95 BC      STA &BC,X
     9546   9D 74 A4   STA &A474,X
     9549   CA         DEX
     954A   10 F8      BPL &9544
     954C   C6 BE      DEC &BE
     954E   C6 BF      DEC &BF
     9550   CE 76 A4   DEC &A476
     9553   CE 77 A4   DEC &A477
     9556   A9 40      LDA #&40
     9558   85 C3      STA &C3
     955A   20 B4 8A   JSR &8AB4
.findv_filefound
     955D   28         PLP
     955E   08         PHP
     955F   70 03      BVS &9564
     9561   20 A8 93   JSR &93A8
.findv_readorupdate
     9564   20 2A 96   JSR &962A
     9567   90 0E      BCC &9577
.findv_loop2
     9569   B9 0C A5   LDA &A50C,Y
     956C   10 20      BPL &958E
     956E   28         PLP
     956F   08         PHP
     9570   30 1C      BMI &958E
     9572   20 25 96   JSR &9625
     9575   B0 F2      BCS &9569
.findv_openchannel
     9577   AC C2 A4   LDY &A4C2
     957A   D0 1B      BNE &9597
.errTOOMANYFILESOPEN
     957C   20 60 80   JSR &8060
     957F   C0
     9580   54 6F 6F ...
     958D   00
.errFILEOPEN
     958E   20 60 80   JSR &8060
     9591   C2
     9592   4F 70 65 ...
     9596   00
.SetupChannelInfoBlock_Yintch
     9597   A9 08      LDA #&08
     9599   8D C4 A4   STA &A4C4
.chnlblock_loop1
     959C   BD 08 A2   LDA &A208,X
     959F   99 00 A5   STA &A500,Y
     95A2   C8         INY
     95A3   BD 08 A3   LDA &A308,X
     95A6   99 00 A5   STA &A500,Y
     95A9   C8         INY
     95AA   E8         INX
     95AB   CE C4 A4   DEC &A4C4
     95AE   D0 EC      BNE &959C
     95B0   A2 10      LDX #&10
     95B2   A9 00      LDA #&00
.chnlblock_loop2
     95B4   99 00 A5   STA &A500,Y
     95B7   C8         INY
     95B8   CA         DEX
     95B9   D0 F9      BNE &95B4
     95BB   AD C2 A4   LDA &A4C2
     95BE   A8         TAY
     95BF   20 1F 82   JSR &821F
     95C2   69 A5      ADC #&A5
     95C4   99 13 A5   STA &A513,Y
     95C7   AD C1 A4   LDA &A4C1
     95CA   99 1B A5   STA &A51B,Y
     95CD   0D C0 A4   ORA &A4C0
     95D0   8D C0 A4   STA &A4C0
     95D3   B9 09 A5   LDA &A509,Y
     95D6   69 FF      ADC #&FF
     95D8   B9 0B A5   LDA &A50B,Y
     95DB   69 00      ADC #&00
     95DD   99 19 A5   STA &A519,Y
     95E0   B9 0D A5   LDA &A50D,Y
     95E3   09 0F      ORA #&0F
     95E5   69 00      ADC #&00
     95E7   20 18 82   JSR &8218
     95EA   99 1A A5   STA &A51A,Y
     95ED   28         PLP
     95EE   50 2E      BVC &961E
     95F0   30 08      BMI &95FA
     95F2   A9 80      LDA #&80
     95F4   19 0C A5   ORA &A50C,Y
     95F7   99 0C A5   STA &A50C,Y
.chnlblock_setEXT
     95FA   B9 09 A5   LDA &A509,Y
     95FD   99 14 A5   STA &A514,Y
     9600   B9 0B A5   LDA &A50B,Y
     9603   99 15 A5   STA &A515,Y
     9606   B9 0D A5   LDA &A50D,Y
     9609   20 18 82   JSR &8218
     960C   99 16 A5   STA &A516,Y
.chnlblock_cont
     960F   A5 CD      LDA &CD
     9611   19 17 A5   ORA &A517,Y
     9614   99 17 A5   STA &A517,Y
     9617   98         TYA
     9618   20 1F 82   JSR &821F
     961B   09 10      ORA #&10
     961D   60         RTS
.chnlblock_setBit5
     961E   A9 20      LDA #&20
     9620   99 17 A5   STA &A517,Y
     9623   D0 EA      BNE &960F
.IsFileOpenContinue
     9625   8A         TXA
     9626   48         PHA
     9627   4C 69 96   JMP &9669
.IsFileOpen_Yoffset
     962A   A9 00      LDA #&00
     962C   8D C2 A4   STA &A4C2
     962F   A9 08      LDA #&08
     9631   85 B5      STA &B5
     9633   98         TYA
     9634   AA         TAX
     9635   A0 A0      LDY #&A0
.fop_main_loop
     9637   84 B3      STY &B3
     9639   8A         TXA
     963A   48         PHA
     963B   A9 08      LDA #&08
     963D   85 B2      STA &B2
     963F   A5 B5      LDA &B5
     9641   2C C0 A4   BIT &A4C0
     9644   F0 1D      BEQ &9663
     9646   B9 17 A5   LDA &A517,Y
     9649   45 CD      EOR &CD
     964B   29 03      AND #&03
     964D   D0 1A      BNE &9669
.fop_cmpfn_loop
     964F   BD 08 A2   LDA &A208,X
     9652   59 00 A5   EOR &A500,Y
     9655   29 7F      AND #&7F
     9657   D0 10      BNE &9669
     9659   E8         INX
     965A   C8         INY
     965B   C8         INY
     965C   C6 B2      DEC &B2
     965E   D0 EF      BNE &964F
     9660   38         SEC
     9661   B0 10      BCS &9673
.fop_channelnotopen
     9663   8C C2 A4   STY &A4C2
     9666   8D C1 A4   STA &A4C1
.fop_nothisfile
     9669   38         SEC
     966A   A5 B3      LDA &B3
     966C   E9 20      SBC #&20
     966E   85 B3      STA &B3
     9670   06 B5      ASL &B5
     9672   18         CLC
.fop_matchifCset
     9673   68         PLA
     9674   AA         TAX
     9675   A4 B3      LDY &B3
     9677   A5 B5      LDA &B5
     9679   B0 02      BCS &967D
     967B   D0 BA      BNE &9637
.fop_exit
     967D   60         RTS
.ChannelBufferToDisk_Yhandle_A0
     967E   20 95 96   JSR &9695
.ChannelBufferToDisk_Yhandle
     9681   AD C0 A4   LDA &A4C0
     9684   48         PHA
     9685   98         TYA
     9686   D0 05      BNE &968D
     9688   20 78 94   JSR &9478
     968B   F0 03      BEQ &9690
.chbuf1
     968D   20 CE 94   JSR &94CE
.chbuf2
     9690   68         PLA
     9691   8D C0 A4   STA &A4C0
     9694   60         RTS
.ReturnWithA0
     9695   48         PHA
     9696   8A         TXA
     9697   48         PHA
     9698   A9 00      LDA #&00
     969A   BA         TSX
     969B   9D 09 01   STA &0109,X
     969E   68         PLA
     969F   AA         TAX
     96A0   68         PLA
     96A1   60         RTS
.ARGSV_ENTRY
     96A2   20 F4 83   JSR &83F4
     96A5   C9 FF      CMP #&FF
     96A7   F0 D5      BEQ &967E
     96A9   C0 00      CPY #&00
     96AB   F0 12      BEQ &96BF
     96AD   C9 04      CMP #&04
     96AF   B0 27      BCS &96D8
     96B1   20 95 96   JSR &9695
     96B4   C9 03      CMP #&03
     96B6   F0 47      BEQ &96FF
     96B8   C9 01      CMP #&01
     96BA   D0 24      BNE &96E0
     96BC   4C 7B 99   JMP &997B
.argsv_Y0
     96BF   C9 02      CMP #&02
     96C1   B0 15      BCS &96D8
     96C3   20 95 96   JSR &9695
     96C6   F0 11      BEQ &96D9
     96C8   A9 FF      LDA #&FF
     96CA   95 02      STA &02,X
     96CC   95 03      STA &03,X
     96CE   AD D9 A4   LDA &A4D9
     96D1   95 00      STA &00,X
     96D3   AD DA A4   LDA &A4DA
     96D6   95 01      STA &01,X
.argsv_exit
     96D8   60         RTS
.argsv_filesysnumber
     96D9   A9 04      LDA #&04
     96DB   BA         TSX
     96DC   9D 05 01   STA &0105,X
     96DF   60         RTS
.argsv_rdseqptr_or_filelen
     96E0   20 CF 97   JSR &97CF
     96E3   8C C2 A4   STY &A4C2
     96E6   0A         ASL A
     96E7   6D C2 A4   ADC &A4C2
     96EA   A8         TAY
     96EB   B9 10 A5   LDA &A510,Y
     96EE   95 00      STA &00,X
     96F0   B9 11 A5   LDA &A511,Y
     96F3   95 01      STA &01,X
     96F5   B9 12 A5   LDA &A512,Y
     96F8   95 02      STA &02,X
     96FA   A9 00      LDA #&00
     96FC   95 03      STA &03,X
     96FE   60         RTS
.argsv3
     96FF   20 CF 97   JSR &97CF
     9702   20 6B 99   JSR &996B
     9705   B0 1E      BCS &9725
     9707   B9 10 A5   LDA &A510,Y
     970A   48         PHA
     970B   B9 11 A5   LDA &A511,Y
     970E   48         PHA
     970F   B9 12 A5   LDA &A512,Y
     9712   48         PHA
     9713   20 86 99   JSR &9986
     9716   68         PLA
     9717   99 12 A5   STA &A512,Y
     971A   68         PLA
     971B   99 11 A5   STA &A511,Y
     971E   68         PLA
     971F   99 10 A5   STA &A510,Y
     9722   20 C4 99   JSR &99C4
.truncate
     9725   B9 0C A5   LDA &A50C,Y
     9728   30 2A      BMI &9754
     972A   19 0E A5   ORA &A50E,Y
     972D   30 28      BMI &9757
     972F   A9 20      LDA #&20
     9731   20 3A 98   JSR &983A
     9734   B5 00      LDA &00,X
     9736   99 14 A5   STA &A514,Y
     9739   B5 01      LDA &01,X
     973B   99 15 A5   STA &A515,Y
     973E   B5 02      LDA &02,X
     9740   99 16 A5   STA &A516,Y
     9743   8A         TXA
     9744   48         PHA
     9745   20 ED 99   JSR &99ED
     9748   68         PLA
     9749   AA         TAX
     974A   90 03      BCC &974F
     974C   20 B5 99   JSR &99B5
.dontchangeptr
     974F   A9 EF      LDA #&EF
     9751   4C 41 98   JMP &9841
.filereadonly
     9754   4C 97 98   JMP &9897
.filelocked
     9757   4C AD 93   JMP &93AD
.IsHndlinUse_Yintch
     975A   48         PHA
     975B   8E C5 A4   STX &A4C5
     975E   98         TYA
     975F   29 E0      AND #&E0
     9761   8D C2 A4   STA &A4C2
     9764   F0 13      BEQ &9779
     9766   20 1F 82   JSR &821F
     9769   A8         TAY
     976A   A9 00      LDA #&00
     976C   38         SEC
.hndlinsue_loop
     976D   6A         ROR A
     976E   88         DEY
     976F   D0 FC      BNE &976D
     9771   AC C2 A4   LDY &A4C2
     9774   2C C0 A4   BIT &A4C0
     9777   D0 01      BNE &977A
.hndlinuse_notused_C1
     9779   38         SEC
.hndlinuse_used_C0
     977A   68         PLA
     977B   60         RTS
.conv_Yhndl_intch_exYintch
     977C   48         PHA
     977D   98         TYA
.conv_hndl_X_entry
     977E   C9 10      CMP #&10
     9780   90 04      BCC &9786
     9782   C9 18      CMP #&18
     9784   90 02      BCC &9788
.conv_hndl10
     9786   A9 08      LDA #&08
.conv_hndl18
     9788   20 25 82   JSR &8225
     978B   A8         TAY
     978C   68         PLA
     978D   60         RTS
.ClearEXECSPOOLFileHandle
     978E   A9 C6      LDA #&C6
     9790   20 FB 93   JSR &93FB
     9793   8A         TXA
     9794   F0 09      BEQ &979F
     9796   20 B2 97   JSR &97B2
     9799   D0 04      BNE &979F
     979B   A9 C6      LDA #&C6
     979D   D0 0C      BNE &97AB
.ClearSpoolhandle
     979F   A9 C7      LDA #&C7
     97A1   20 FB 93   JSR &93FB
     97A4   20 B2 97   JSR &97B2
     97A7   D0 11      BNE &97BA
     97A9   A9 C7      LDA #&C7
.osbyte_X0Y0
     97AB   A2 00      LDX #&00
     97AD   A0 00      LDY #&00
     97AF   4C F4 FF   JMP &FFF4
.ConvertXhndl_exYintch
     97B2   8A         TXA
     97B3   A8         TAY
     97B4   20 7C 97   JSR &977C
     97B7   CC C2 A4   CPY &A4C2
.clrsplhndl_exit
     97BA   60         RTS
.fscv1_EOF_Yhndl
     97BB   48         PHA
     97BC   98         TYA
     97BD   48         PHA
     97BE   8A         TXA
     97BF   A8         TAY
     97C0   20 EA 99   JSR &99EA
     97C3   D0 04      BNE &97C9
     97C5   A2 FF      LDX #&FF
     97C7   D0 02      BNE &97CB
.eof_NOTEND
     97C9   A2 00      LDX #&00
.eof_exit
     97CB   68         PLA
     97CC   A8         TAY
     97CD   68         PLA
.checkchannel_okexit
     97CE   60         RTS
.CheckChannel_Yhndl_exYintch
     97CF   20 7C 97   JSR &977C
     97D2   20 5A 97   JSR &975A
     97D5   90 F7      BCC &97CE
     97D7   20 8E 97   JSR &978E
.errCHANNEL
     97DA   20 60 80   JSR &8060
     97DD   DE
     97DE   43 68 61 ...
     97E5   00
.errEOF
     97E6   20 60 80   JSR &8060
     97E9   DF
     97EA   45 4F 46 
     97ED   00
.BGETV_ENTRY
     97EE   20 1D 84   JSR &841D
     97F1   20 EA 99   JSR &99EA
     97F4   D0 13      BNE &9809
     97F6   B9 17 A5   LDA &A517,Y
     97F9   29 10      AND #&10
     97FB   D0 E9      BNE &97E6
     97FD   A9 10      LDA #&10
     97FF   20 3A 98   JSR &983A
     9802   AE C5 A4   LDX &A4C5
     9805   A9 FE      LDA #&FE
     9807   38         SEC
     9808   60         RTS
.bg_notEOF
     9809   B9 17 A5   LDA &A517,Y
     980C   30 0A      BMI &9818
     980E   20 A0 94   JSR &94A0
     9811   20 49 98   JSR &9849
     9814   38         SEC
     9815   20 51 98   JSR &9851
.bg_samesector1
     9818   20 06 9A   JSR &9A06
     981B   A1 BA      LDA (&BA,X)
     981D   18         CLC
     981E   60         RTS
.CalcBufferSectorForPTR
     981F   18         CLC
     9820   B9 0F A5   LDA &A50F,Y
     9823   79 11 A5   ADC &A511,Y
     9826   85 C3      STA &C3
     9828   99 1C A5   STA &A51C,Y
     982B   B9 0D A5   LDA &A50D,Y
     982E   29 03      AND #&03
     9830   79 12 A5   ADC &A512,Y
     9833   85 C2      STA &C2
     9835   99 1D A5   STA &A51D,Y
.ChannelFlags_SetBit7
     9838   A9 80      LDA #&80
.ChannelFlags_SetBits
     983A   19 17 A5   ORA &A517,Y
     983D   D0 05      BNE &9844
.ChannelFlags_ClearBit7
     983F   A9 7F      LDA #&7F
.ChannelFlags_ClearBits
     9841   39 17 A5   AND &A517,Y
.chnflg_save
     9844   99 17 A5   STA &A517,Y
     9847   18         CLC
     9848   60         RTS
.ChannelBufferToDisk_Yintch
     9849   B9 17 A5   LDA &A517,Y
     984C   29 40      AND #&40
     984E   F0 43      BEQ &9893
     9850   18         CLC
.ChannelBufferRW_Yintch_C1read
     9851   EE DD A4   INC &A4DD
     9854   AC C2 A4   LDY &A4C2
     9857   B9 13 A5   LDA &A513,Y
     985A   85 BD      STA &BD
     985C   A9 FF      LDA #&FF
     985E   8D 74 A4   STA &A474
     9861   8D 75 A4   STA &A475
     9864   A9 00      LDA #&00
     9866   85 BC      STA &BC
     9868   85 C0      STA &C0
     986A   A9 01      LDA #&01
     986C   85 C1      STA &C1
     986E   B0 17      BCS &9887
     9870   B9 1C A5   LDA &A51C,Y
     9873   85 C3      STA &C3
     9875   B9 1D A5   LDA &A51D,Y
     9878   85 C2      STA &C2
     987A   20 BF 88   JSR &88BF
     987D   AC C2 A4   LDY &A4C2
     9880   A9 BF      LDA #&BF
     9882   20 41 98   JSR &9841
     9885   90 06      BCC &988D
.chnbuf_read
     9887   20 1F 98   JSR &981F
     988A   20 A2 88   JSR &88A2
.chnbuf_exit
     988D   CE DD A4   DEC &A4DD
     9890   AC C2 A4   LDY &A4C2
.chnbuf_exit2
     9893   60         RTS
.errFILELOCKED2
     9894   4C AD 93   JMP &93AD
.errFILEREADONLY
     9897   20 60 80   JSR &8060
     989A   C1
     989B   52 65 61 ...
     98A4   00
.bput_Yintchan
     98A5   20 F4 83   JSR &83F4
     98A8   4C B1 98   JMP &98B1
.BPUTV_ENTRY
     98AB   20 F4 83   JSR &83F4
     98AE   20 CF 97   JSR &97CF
.bp_entry
     98B1   48         PHA
     98B2   B9 0C A5   LDA &A50C,Y
     98B5   30 E0      BMI &9897
     98B7   B9 0E A5   LDA &A50E,Y
     98BA   30 D8      BMI &9894
     98BC   20 A0 94   JSR &94A0
     98BF   98         TYA
     98C0   18         CLC
     98C1   69 04      ADC #&04
     98C3   20 EE 99   JSR &99EE
     98C6   D0 66      BNE &992E
     98C8   20 88 94   JSR &9488
     98CB   AE C3 A4   LDX &A4C3
     98CE   38         SEC
     98CF   BD 07 A3   LDA &A307,X
     98D2   FD 0F A3   SBC &A30F,X
     98D5   48         PHA
     98D6   BD 06 A3   LDA &A306,X
     98D9   FD 0E A3   SBC &A30E,X
     98DC   29 03      AND #&03
     98DE   D9 1A A5   CMP &A51A,Y
     98E1   D0 1F      BNE &9902
     98E3   68         PLA
     98E4   D9 19 A5   CMP &A519,Y
     98E7   D0 34      BNE &991D
     98E9   84 B4      STY &B4
     98EB   8C C2 A4   STY &A4C2
     98EE   20 8E 97   JSR &978E
.errCANTEXTEND
     98F1   20 60 80   JSR &8060
     98F4   BF
     98F5   43 61 6E ...
     9901   00
.bp_extendby100
     9902   B9 1A A5   LDA &A51A,Y
     9905   18         CLC
     9906   69 01      ADC #&01
     9908   99 1A A5   STA &A51A,Y
     990B   0A         ASL A
     990C   0A         ASL A
     990D   0A         ASL A
     990E   0A         ASL A
     990F   5D 0E A3   EOR &A30E,X
     9912   29 30      AND #&30
     9914   5D 0E A3   EOR &A30E,X
     9917   9D 0E A3   STA &A30E,X
     991A   68         PLA
     991B   A9 00      LDA #&00
.bp_extendtogap
     991D   9D 0D A3   STA &A30D,X
     9920   99 19 A5   STA &A519,Y
     9923   A9 00      LDA #&00
     9925   9D 0C A3   STA &A30C,X
     9928   20 D6 AE   JSR &AED6
     992B   AC C2 A4   LDY &A4C2
.bp_noextend
     992E   B9 17 A5   LDA &A517,Y
     9931   30 16      BMI &9949
     9933   20 49 98   JSR &9849
     9936   B9 14 A5   LDA &A514,Y
     9939   D0 0A      BNE &9945
     993B   20 ED 99   JSR &99ED
     993E   D0 05      BNE &9945
     9940   20 1F 98   JSR &981F
     9943   D0 04      BNE &9949
.bp_loadbuf
     9945   38         SEC
     9946   20 51 98   JSR &9851
.bp_savebyte
     9949   A9 40      LDA #&40
     994B   20 3A 98   JSR &983A
     994E   20 06 9A   JSR &9A06
     9951   68         PLA
     9952   81 BA      STA (&BA,X)
     9954   20 ED 99   JSR &99ED
     9957   90 11      BCC &996A
.updext
     9959   A9 20      LDA #&20
     995B   20 3A 98   JSR &983A
     995E   A2 02      LDX #&02
.bp_setextloop
     9960   B9 10 A5   LDA &A510,Y
     9963   99 14 A5   STA &A514,Y
     9966   C8         INY
     9967   CA         DEX
     9968   10 F6      BPL &9960
.bp_exit
     996A   60         RTS
.cmptoEXT
     996B   B9 14 A5   LDA &A514,Y
     996E   D5 00      CMP &00,X
     9970   B9 15 A5   LDA &A515,Y
     9973   F5 01      SBC &01,X
     9975   B9 16 A5   LDA &A516,Y
     9978   F5 02      SBC &02,X
     997A   60         RTS
.argsv_WriteSeqPointer
     997B   20 F4 83   JSR &83F4
     997E   20 CF 97   JSR &97CF
.wsploop
     9981   20 6B 99   JSR &996B
     9984   B0 2F      BCS &99B5
.argsextendloop
     9986   B9 14 A5   LDA &A514,Y
     9989   99 10 A5   STA &A510,Y
     998C   B9 15 A5   LDA &A515,Y
     998F   99 11 A5   STA &A511,Y
     9992   B9 16 A5   LDA &A516,Y
     9995   99 12 A5   STA &A512,Y
     9998   20 C4 99   JSR &99C4
     999B   A5 B6      LDA &B6
     999D   48         PHA
     999E   A5 B7      LDA &B7
     99A0   48         PHA
     99A1   A5 B8      LDA &B8
     99A3   48         PHA
     99A4   A9 00      LDA #&00
     99A6   20 A5 98   JSR &98A5
     99A9   68         PLA
     99AA   85 B8      STA &B8
     99AC   68         PLA
     99AD   85 B7      STA &B7
     99AF   68         PLA
     99B0   85 B6      STA &B6
     99B2   4C 81 99   JMP &9981
.SetSeqPointer_Yintch
     99B5   B5 00      LDA &00,X
     99B7   99 10 A5   STA &A510,Y
     99BA   B5 01      LDA &01,X
     99BC   99 11 A5   STA &A511,Y
     99BF   B5 02      LDA &02,X
     99C1   99 12 A5   STA &A512,Y
.IsSeqPointerInBuffer_Yintch
     99C4   A9 6F      LDA #&6F
     99C6   20 41 98   JSR &9841
     99C9   B9 0F A5   LDA &A50F,Y
     99CC   79 11 A5   ADC &A511,Y
     99CF   8D C4 A4   STA &A4C4
     99D2   B9 0D A5   LDA &A50D,Y
     99D5   29 03      AND #&03
     99D7   79 12 A5   ADC &A512,Y
     99DA   D9 1D A5   CMP &A51D,Y
     99DD   D0 8B      BNE &996A
     99DF   AD C4 A4   LDA &A4C4
     99E2   D9 1C A5   CMP &A51C,Y
     99E5   D0 83      BNE &996A
     99E7   4C 38 98   JMP &9838
.CheckChannel_Yhndl_exYintch_TYA_CmpPTR
     99EA   20 CF 97   JSR &97CF
.TYA_CmpPTR
     99ED   98         TYA
.CmpPTR
     99EE   AA         TAX
     99EF   B9 12 A5   LDA &A512,Y
     99F2   DD 16 A5   CMP &A516,X
     99F5   D0 0E      BNE &9A05
     99F7   B9 11 A5   LDA &A511,Y
     99FA   DD 15 A5   CMP &A515,X
     99FD   D0 06      BNE &9A05
     99FF   B9 10 A5   LDA &A510,Y
     9A02   DD 14 A5   CMP &A514,X
.cmpPE_exit
     9A05   60         RTS
.load_then_incSeqPtr_Yintch
     9A06   B9 10 A5   LDA &A510,Y
     9A09   85 BA      STA &BA
     9A0B   B9 13 A5   LDA &A513,Y
     9A0E   85 BB      STA &BB
     9A10   98         TYA
     9A11   AA         TAX
     9A12   FE 10 A5   INC &A510,X
     9A15   D0 0B      BNE &9A22
     9A17   20 3F 98   JSR &983F
     9A1A   FE 11 A5   INC &A511,X
     9A1D   D0 03      BNE &9A22
     9A1F   FE 12 A5   INC &A512,X
.samesector
     9A22   A2 00      LDX #&00
     9A24   60         RTS
.CMD_MMFS
     9A25   98         TYA
     9A26   A2 00      LDX #&00
     9A28   A0 14      LDY #&14
.Prthelp_Xtable
     9A2A   48         PHA
     9A2B   20 9D 80   JSR &809D
     9A2E   0D
Macro SYSTEM_NAME:
     9A2F   4D 4D 46 ...
End macro SYSTEM_NAME
     9A33   20
     9A34   86 BF      STX &BF
     9A36   84 B7      STY &B7
     9A38   A2 00      LDX #&00
.verloop
     9A3A   BD 22 80   LDA &8022,X
     9A3D   F0 06      BEQ &9A45
     9A3F   20 DC 80   JSR &80DC
     9A42   E8         INX
     9A43   D0 F5      BNE &9A3A
.verex
     9A45   A9 0D      LDA #&0D
     9A47   20 DC 80   JSR &80DC
.help_dfs_loop
     9A4A   A9 00      LDA #&00
     9A4C   85 B9      STA &B9
     9A4E   A0 01      LDY #&01
     9A50   20 08 9B   JSR &9B08
     9A53   20 A3 9A   JSR &9AA3
     9A56   20 7B 83   JSR &837B
     9A59   C6 B7      DEC &B7
     9A5B   D0 ED      BNE &9A4A
     9A5D   68         PLA
     9A5E   A8         TAY
.morehelp
     9A5F   A2 A8      LDX #&A8
     9A61   4C 84 87   JMP &8784
.CMD_DUTILS
     9A64   98         TYA
     9A65   A2 BC      LDX #&BC
     9A67   A0 0A      LDY #&0A
     9A69   D0 BF      BNE &9A2A
.CMD_UTILS
     9A6B   98         TYA
     9A6C   A2 76      LDX #&76
     9A6E   A0 05      LDY #&05
     9A70   D0 B8      BNE &9A2A
.CMD_NOTHELPTBL
     9A72   20 C1 81   JSR &81C1
     9A75   F0 7E      BEQ &9AF5
.cmd_nothelptlb_loop
     9A77   20 A6 81   JSR &81A6
     9A7A   90 FB      BCC &9A77
     9A7C   B0 E1      BCS &9A5F
.Param_SyntaxErrorIfNull
     9A7E   20 C1 81   JSR &81C1
     9A81   F0 07      BEQ &9A8A
     9A83   60         RTS
.Param_SyntaxErrorIfNotNull
     9A84   20 C1 81   JSR &81C1
     9A87   D0 01      BNE &9A8A
     9A89   60         RTS
.errSYNTAX
     9A8A   20 70 80   JSR &8070
     9A8D   DC
     9A8E   53 79 6E ...
     9A96   86 B9      STX &B9
     9A98   20 A3 9A   JSR &9AA3
     9A9B   A9 00      LDA #&00
     9A9D   20 F6 9A   JSR &9AF6
     9AA0   4C 00 01   JMP &0100
.prtcmdAtBCadd1
     9AA3   A9 07      LDA #&07
     9AA5   85 B8      STA &B8
     9AA7   A6 BF      LDX &BF
     9AA9   E0 BC      CPX #&BC
     9AAB   90 05      BCC &9AB2
     9AAD   A9 44      LDA #&44
     9AAF   20 F6 9A   JSR &9AF6
.prtcmdloop
     9AB2   E8         INX
     9AB3   BD 19 86   LDA &8619,X
     9AB6   30 06      BMI &9ABE
     9AB8   20 F6 9A   JSR &9AF6
     9ABB   4C B2 9A   JMP &9AB2
.prtcmdloop_exit
     9ABE   A4 B8      LDY &B8
     9AC0   30 03      BMI &9AC5
     9AC2   20 08 9B   JSR &9B08
.prtcmdnospcs
     9AC5   86 BF      STX &BF
     9AC7   BD 19 86   LDA &8619,X
     9ACA   29 7F      AND #&7F
     9ACC   20 D2 9A   JSR &9AD2
     9ACF   20 20 82   JSR &8220
.prtcmdparam
     9AD2   20 F4 83   JSR &83F4
     9AD5   29 0F      AND #&0F
     9AD7   F0 1C      BEQ &9AF5
     9AD9   A8         TAY
     9ADA   A9 20      LDA #&20
     9ADC   20 F6 9A   JSR &9AF6
     9ADF   A2 FF      LDX #&FF
.prtcmdparam_findloop
     9AE1   E8         INX
     9AE2   BD 15 9B   LDA &9B15,X
     9AE5   10 FA      BPL &9AE1
     9AE7   88         DEY
     9AE8   D0 F7      BNE &9AE1
     9AEA   29 7F      AND #&7F
.prtcmdparam_loop
     9AEC   20 F6 9A   JSR &9AF6
     9AEF   E8         INX
     9AF0   BD 15 9B   LDA &9B15,X
     9AF3   10 F7      BPL &9AEC
.prtcmdparamexit
     9AF5   60         RTS
.prtcmd_prtchr
     9AF6   20 F4 83   JSR &83F4
     9AF9   A6 B9      LDX &B9
     9AFB   F0 06      BEQ &9B03
     9AFD   E6 B9      INC &B9
     9AFF   9D 00 01   STA &0100,X
     9B02   60         RTS
.prtcmdparam_prtchr
     9B03   C6 B8      DEC &B8
     9B05   4C DC 80   JMP &80DC
.prtcmd_Print_Y_Spaces_IfNotErr
     9B08   A5 B9      LDA &B9
     9B0A   D0 08      BNE &9B14
     9B0C   A9 20      LDA #&20
.prtcmd_yspc_loop
     9B0E   20 F6 9A   JSR &9AF6
     9B11   88         DEY
     9B12   10 FA      BPL &9B0E
.prtcmd_yspc_exit
     9B14   60         RTS
.parametertable
     9B15   BC
     9B16   64 72 69 ...
     9B1C   BC
     9B1D   61 66 73 ...
     9B22   A8
     9B23   4C 29 
     9B25   A8
     9B26   3C 64 72 ...
     9B2E   A8
     9B2F   3C 64 72 ...
     9B3A   A8
     9B3B   3C 64 69 ...
     9B41   BC
     9B42   64 6E 6F ...
     9B4C   BC
     9B4D   66 73 70 ...
     9B51   D0
     9B52   2F 55 2F ...
     9B5A   BC
     9B5B   74 69 74 ...
     9B61   A8
     9B62   3C 6E 75 ...
     9B68   BC
     9B69   73 6F 75 ...
     9B78   BC
     9B79   6F 6C 64 ...
     9B8B   A8
     9B8C   28 3C 66 ...
     9BA7   B4
     9BA8   30 2F 38 ...
     9BAC   FF
.CMD_COMPACT
     9BAD   20 0D 8C   JSR &8C0D
     9BB0   20 9D 80   JSR &809D
     9BB3   43 6F 6D ...
     9BBF   8D D1 A4   STA &A4D1
     9BC2   8D D2 A4   STA &A4D2
     9BC5   20 03 81   JSR &8103
     9BC8   20 7B 83   JSR &837B
     9BCB   A0 00      LDY #&00
     9BCD   20 CE 94   JSR &94CE
     9BD0   20 E5 93   JSR &93E5
     9BD3   20 C5 AE   JSR &AEC5
     9BD6   AC 05 A3   LDY &A305
     9BD9   84 CA      STY &CA
     9BDB   A9 02      LDA #&02
     9BDD   85 C8      STA &C8
     9BDF   A9 00      LDA #&00
     9BE1   85 C9      STA &C9
.compact_loop
     9BE3   A4 CA      LDY &CA
     9BE5   20 C3 82   JSR &82C3
     9BE8   C0 F8      CPY #&F8
     9BEA   D0 28      BNE &9C14
     9BEC   AD 07 A3   LDA &A307
     9BEF   38         SEC
     9BF0   E5 C8      SBC &C8
     9BF2   48         PHA
     9BF3   AD 06 A3   LDA &A306
     9BF6   29 03      AND #&03
     9BF8   E5 C9      SBC &C9
     9BFA   20 03 81   JSR &8103
     9BFD   68         PLA
     9BFE   20 FB 80   JSR &80FB
     9C01   20 9D 80   JSR &809D
     9C04   20 66 72 ...
     9C11   0D
     9C12   EA         NOP
     9C13   60         RTS
.compact_checkfile
     9C14   84 CA      STY &CA
     9C16   20 45 83   JSR &8345
     9C19   A4 CA      LDY &CA
     9C1B   B9 0C A3   LDA &A30C,Y
     9C1E   C9 01      CMP #&01
     9C20   A9 00      LDA #&00
     9C22   85 BC      STA &BC
     9C24   85 C0      STA &C0
     9C26   79 0D A3   ADC &A30D,Y
     9C29   85 C4      STA &C4
     9C2B   B9 0E A3   LDA &A30E,Y
     9C2E   08         PHP
     9C2F   20 18 82   JSR &8218
     9C32   28         PLP
     9C33   69 00      ADC #&00
     9C35   85 C5      STA &C5
     9C37   B9 0F A3   LDA &A30F,Y
     9C3A   85 C6      STA &C6
     9C3C   B9 0E A3   LDA &A30E,Y
     9C3F   29 03      AND #&03
     9C41   85 C7      STA &C7
     9C43   C5 C9      CMP &C9
     9C45   D0 14      BNE &9C5B
     9C47   A5 C6      LDA &C6
     9C49   C5 C8      CMP &C8
     9C4B   D0 0E      BNE &9C5B
     9C4D   18         CLC
     9C4E   65 C4      ADC &C4
     9C50   85 C8      STA &C8
     9C52   A5 C9      LDA &C9
     9C54   65 C5      ADC &C5
     9C56   85 C9      STA &C9
     9C58   4C 73 9C   JMP &9C73
.compact_movefile
     9C5B   A5 C8      LDA &C8
     9C5D   99 0F A3   STA &A30F,Y
     9C60   B9 0E A3   LDA &A30E,Y
     9C63   29 FC      AND #&FC
     9C65   05 C9      ORA &C9
     9C67   99 0E A3   STA &A30E,Y
     9C6A   20 D6 AE   JSR &AED6
     9C6D   20 09 9E   JSR &9E09
     9C70   20 BA AE   JSR &AEBA
.compact_fileinfo
     9C73   A4 CA      LDY &CA
     9C75   20 4A 83   JSR &834A
     9C78   4C E3 9B   JMP &9BE3
.IsEnabledOrGo
     9C7B   2C C7 A4   BIT &A4C7
     9C7E   10 07      BPL &9C87
     9C80   20 D2 9C   JSR &9CD2
     9C83   F0 02      BEQ &9C87
     9C85   68         PLA
     9C86   68         PLA
.isgo
.isgoalready
     9C87   60         RTS
.Get_CopyDATA_Drives
     9C88   20 12 8C   JSR &8C12
     9C8B   8D D1 A4   STA &A4D1
     9C8E   20 12 8C   JSR &8C12
     9C91   8D D2 A4   STA &A4D2
     9C94   CD D1 A4   CMP &A4D1
     9C97   F0 2E      BEQ &9CC7
     9C99   98         TYA
     9C9A   48         PHA
     9C9B   20 E5 93   JSR &93E5
     9C9E   20 9D 80   JSR &809D
     9CA1   43 6F 70 ...
     9CAF   AD D1 A4   LDA &A4D1
     9CB2   20 9A 80   JSR &809A
     9CB5   20 74 6F ...
     9CBA   AD D2 A4   LDA &A4D2
     9CBD   20 03 81   JSR &8103
     9CC0   20 7B 83   JSR &837B
     9CC3   68         PLA
     9CC4   A8         TAY
     9CC5   18         CLC
     9CC6   60         RTS
.baddrv
     9CC7   4C 25 8C   JMP &8C25
.ConfirmYNcolon
     9CCA   20 9D 80   JSR &809D
     9CCD   20 3A 20 
     9CD0   90 0F      BCC &9CE1
.GoYN
     9CD2   20 9D 80   JSR &809D
     9CD5   47 6F 20 ...
     9CE0   EA         NOP
.ConfirmYN
     9CE1   20 FA 9C   JSR &9CFA
     9CE4   20 E0 FF   JSR &FFE0
     9CE7   B0 1D      BCS &9D06
     9CE9   29 5F      AND #&5F
     9CEB   C9 59      CMP #&59
     9CED   08         PHP
     9CEE   F0 02      BEQ &9CF2
     9CF0   A9 4E      LDA #&4E
.confYN
     9CF2   20 DC 80   JSR &80DC
     9CF5   20 7B 83   JSR &837B
     9CF8   28         PLP
     9CF9   60         RTS
.osbyte0F_flushinbuf2
     9CFA   20 F4 83   JSR &83F4
     9CFD   A9 0F      LDA #&0F
     9CFF   A2 01      LDX #&01
     9D01   A0 00      LDY #&00
     9D03   4C F4 FF   JMP &FFF4
.err_ESCAPE
     9D06   4C 22 8D   JMP &8D22
.err_DISKFULL2
     9D09   4C AB 8A   JMP &8AAB
.CMD_BACKUP
     9D0C   20 88 9C   JSR &9C88
     9D0F   20 7B 9C   JSR &9C7B
     9D12   A9 00      LDA #&00
     9D14   85 C7      STA &C7
     9D16   85 C9      STA &C9
     9D18   85 C8      STA &C8
     9D1A   85 C6      STA &C6
     9D1C   AD D1 A4   LDA &A4D1
     9D1F   85 CD      STA &CD
     9D21   20 C8 AE   JSR &AEC8
     9D24   AD 07 A3   LDA &A307
     9D27   85 C4      STA &C4
     9D29   AD 06 A3   LDA &A306
     9D2C   29 03      AND #&03
     9D2E   85 C5      STA &C5
     9D30   AD D2 A4   LDA &A4D2
     9D33   85 CD      STA &CD
     9D35   20 C8 AE   JSR &AEC8
     9D38   AD 06 A3   LDA &A306
     9D3B   29 03      AND #&03
     9D3D   C5 C5      CMP &C5
     9D3F   90 C8      BCC &9D09
     9D41   D0 07      BNE &9D4A
     9D43   AD 07 A3   LDA &A307
     9D46   C5 C4      CMP &C4
     9D48   90 BF      BCC &9D09
.backup_copy
     9D4A   20 09 9E   JSR &9E09
     9D4D   20 C8 AE   JSR &AEC8
     9D50   A2 0A      LDX #&0A
.tloop
     9D52   E0 08      CPX #&08
     9D54   90 05      BCC &9D5B
     9D56   BD F8 A2   LDA &A2F8,X
     9D59   B0 03      BCS &9D5E
.tskip1
     9D5B   BD 00 A2   LDA &A200,X
.tskip2
     9D5E   9D 00 A4   STA &A400,X
     9D61   CA         DEX
     9D62   10 EE      BPL &9D52
.UpdateDiskTableTitle
     9D64   20 42 AF   JSR &AF42
     9D67   A0 0B      LDY #&0B
.loop
     9D69   B9 00 A4   LDA &A400,Y
     9D6C   91 B0      STA (&B0),Y
     9D6E   88         DEY
     9D6F   10 F8      BPL &9D69
     9D71   4C 14 B0   JMP &B014
.CMD_COPY
     9D74   20 03 93   JSR &9303
     9D77   20 88 9C   JSR &9C88
     9D7A   20 7E 9A   JSR &9A7E
     9D7D   20 4A 81   JSR &814A
     9D80   AD D1 A4   LDA &A4D1
     9D83   85 CD      STA &CD
     9D85   20 39 82   JSR &8239
.copy_loop1
     9D88   A5 CC      LDA &CC
     9D8A   48         PHA
     9D8B   A5 B6      LDA &B6
     9D8D   48         PHA
     9D8E   20 4A 83   JSR &834A
     9D91   A2 00      LDX #&00
.copy_loop2
     9D93   B9 08 A2   LDA &A208,Y
     9D96   95 C5      STA &C5,X
     9D98   9D 50 A4   STA &A450,X
     9D9B   B9 08 A3   LDA &A308,Y
     9D9E   95 BB      STA &BB,X
     9DA0   9D 47 A4   STA &A447,X
     9DA3   E8         INX
     9DA4   C8         INY
     9DA5   E0 08      CPX #&08
     9DA7   D0 EA      BNE &9D93
     9DA9   20 F9 9D   JSR &9DF9
     9DAC   AD D2 A4   LDA &A4D2
     9DAF   20 EE 8A   JSR &8AEE
     9DB2   A5 C2      LDA &C2
     9DB4   29 03      AND #&03
     9DB6   48         PHA
     9DB7   A5 C3      LDA &C3
     9DB9   48         PHA
     9DBA   20 F9 9D   JSR &9DF9
     9DBD   68         PLA
     9DBE   85 C8      STA &C8
     9DC0   68         PLA
     9DC1   85 C9      STA &C9
     9DC3   A5 C1      LDA &C1
     9DC5   20 18 82   JSR &8218
     9DC8   AA         TAX
     9DC9   A5 BF      LDA &BF
     9DCB   C9 01      CMP #&01
     9DCD   A5 C0      LDA &C0
     9DCF   69 00      ADC #&00
     9DD1   85 C4      STA &C4
     9DD3   8A         TXA
     9DD4   69 00      ADC #&00
     9DD6   85 C5      STA &C5
     9DD8   A5 C2      LDA &C2
     9DDA   85 C6      STA &C6
     9DDC   A5 C1      LDA &C1
     9DDE   29 03      AND #&03
     9DE0   85 C7      STA &C7
     9DE2   20 09 9E   JSR &9E09
     9DE5   AD D1 A4   LDA &A4D1
     9DE8   85 CD      STA &CD
     9DEA   20 C5 AE   JSR &AEC5
     9DED   68         PLA
     9DEE   85 B6      STA &B6
     9DF0   68         PLA
     9DF1   85 CC      STA &CC
     9DF3   20 85 82   JSR &8285
     9DF6   B0 90      BCS &9D88
     9DF8   60         RTS
.cd_swapvars
     9DF9   A2 11      LDX #&11
.cd_swapvars_loop
     9DFB   BC 45 A4   LDY &A445,X
     9DFE   B5 BA      LDA &BA,X
     9E00   94 BA      STY &BA,X
     9E02   9D 45 A4   STA &A445,X
     9E05   CA         DEX
     9E06   10 F3      BPL &9DFB
     9E08   60         RTS
.CopyDATABLOCK
     9E09   A9 00      LDA #&00
     9E0B   85 BC      STA &BC
     9E0D   85 C0      STA &C0
     9E0F   AD CF A4   LDA &A4CF
     9E12   85 BD      STA &BD
     9E14   F0 57      BEQ &9E6D
.cd_loop
     9E16   A4 C4      LDY &C4
     9E18   CC D0 A4   CPY &A4D0
     9E1B   A5 C5      LDA &C5
     9E1D   E9 00      SBC #&00
     9E1F   90 03      BCC &9E24
     9E21   AC D0 A4   LDY &A4D0
.cd_part
     9E24   84 C1      STY &C1
     9E26   A5 C6      LDA &C6
     9E28   85 C3      STA &C3
     9E2A   A5 C7      LDA &C7
     9E2C   85 C2      STA &C2
     9E2E   AD D1 A4   LDA &A4D1
     9E31   85 CD      STA &CD
     9E33   20 DD 8B   JSR &8BDD
     9E36   20 A2 88   JSR &88A2
     9E39   AD D2 A4   LDA &A4D2
     9E3C   85 CD      STA &CD
     9E3E   A5 C8      LDA &C8
     9E40   85 C3      STA &C3
     9E42   A5 C9      LDA &C9
     9E44   85 C2      STA &C2
     9E46   20 DD 8B   JSR &8BDD
     9E49   20 BF 88   JSR &88BF
     9E4C   A5 C1      LDA &C1
     9E4E   18         CLC
     9E4F   65 C8      ADC &C8
     9E51   85 C8      STA &C8
     9E53   90 02      BCC &9E57
     9E55   E6 C9      INC &C9
.cd_inc1
     9E57   A5 C1      LDA &C1
     9E59   18         CLC
     9E5A   65 C6      ADC &C6
     9E5C   85 C6      STA &C6
     9E5E   90 02      BCC &9E62
     9E60   E6 C7      INC &C7
.cd_inc2
     9E62   38         SEC
     9E63   A5 C4      LDA &C4
     9E65   E5 C1      SBC &C1
     9E67   85 C4      STA &C4
     9E69   B0 02      BCS &9E6D
     9E6B   C6 C5      DEC &C5
.cd_loopentry
     9E6D   A5 C4      LDA &C4
     9E6F   05 C5      ORA &C5
     9E71   D0 A3      BNE &9E16
     9E73   60         RTS
.CMD_VERIFY
     9E74   A9 00      LDA #&00
     9E76   F0 02      BEQ &9E7A
.CMD_FORM
     9E78   A9 FF      LDA #&FF
.vform1
     9E7A   85 C9      STA &C9
     9E7C   85 B2      STA &B2
     9E7E   10 18      BPL &9E98
     9E80   20 7E 9A   JSR &9A7E
     9E83   20 61 84   JSR &8461
     9E86   B0 0D      BCS &9E95
     9E88   0A         ASL A
     9E89   D0 0A      BNE &9E95
     9E8B   86 B5      STX &B5
     9E8D   E0 28      CPX #&28
     9E8F   F0 07      BEQ &9E98
     9E91   E0 50      CPX #&50
     9E93   F0 03      BEQ &9E98
.vform2_syntax
     9E95   4C 8A 9A   JMP &9A8A
.vform3_ok
     9E98   20 C1 81   JSR &81C1
     9E9B   84 CA      STY &CA
     9E9D   D0 49      BNE &9EE8
     9E9F   24 C9      BIT &C9
     9EA1   30 0B      BMI &9EAE
     9EA3   20 9D 80   JSR &809D
     9EA6   56 65 72 ...
     9EAC   90 0A      BCC &9EB8
.vform4_form
     9EAE   20 9D 80   JSR &809D
     9EB1   46 6F 72 ...
     9EB7   EA         NOP
.vform4_askdrive
     9EB8   20 9D 80   JSR &809D
     9EBB   20 77 68 ...
     9ECA   EA         NOP
     9ECB   20 E0 FF   JSR &FFE0
     9ECE   B0 2F      BCS &9EFF
     9ED0   C9 20      CMP #&20
     9ED2   90 2E      BCC &9F02
     9ED4   20 DC 80   JSR &80DC
     9ED7   38         SEC
     9ED8   E9 30      SBC #&30
     9EDA   C9 04      CMP #&04
     9EDC   B0 24      BCS &9F02
     9EDE   85 CD      STA &CD
     9EE0   20 7B 83   JSR &837B
     9EE3   A4 CA      LDY &CA
     9EE5   4C EB 9E   JMP &9EEB
.vform5_driveloop
     9EE8   20 15 8C   JSR &8C15
.vform6_drivein
     9EEB   84 CA      STY &CA
     9EED   24 B2      BIT &B2
     9EEF   10 03      BPL &9EF4
     9EF1   20 7B 9C   JSR &9C7B
.vform7_go
     9EF4   20 05 9F   JSR &9F05
     9EF7   A4 CA      LDY &CA
     9EF9   20 C1 81   JSR &81C1
     9EFC   D0 EA      BNE &9EE8
     9EFE   60         RTS
.jmp_reportEscape
     9EFF   4C 22 8D   JMP &8D22
.jmp_errBadDrive
     9F02   4C 25 8C   JMP &8C25
.VFCurDrv
     9F05   24 C9      BIT &C9
     9F07   30 11      BMI &9F1A
     9F09   20 58 AD   JSR &AD58
     9F0C   20 9D 80   JSR &809D
     9F0F   56 65 72 ...
     9F18   90 18      BCC &9F32
.vf1
     9F1A   38         SEC
     9F1B   20 59 AD   JSR &AD59
     9F1E   20 BE 9F   JSR &9FBE
     9F21   20 9D 80   JSR &809D
     9F24   46 6F 72 ...
     9F2E   A6 CD      LDX &CD
     9F30   86 B2      STX &B2
.vf2
     9F32   20 9D 80   JSR &809D
     9F35   20 64 72 ...
     9F3C   A5 CD      LDA &CD
     9F3E   20 9A 80   JSR &809A
     9F41   20 74 72 ...
     9F4A   EA         NOP
     9F4B   24 C9      BIT &C9
     9F4D   30 29      BMI &9F78
     9F4F   20 C8 AE   JSR &AEC8
     9F52   AD 06 A3   LDA &A306
     9F55   29 03      AND #&03
     9F57   AA         TAX
     9F58   AD 07 A3   LDA &A307
     9F5B   A0 0A      LDY #&0A
     9F5D   84 B0      STY &B0
     9F5F   A0 FF      LDY #&FF
.trkloop1
     9F61   38         SEC
.trkloop2
     9F62   C8         INY
     9F63   E5 B0      SBC &B0
     9F65   B0 FB      BCS &9F62
     9F67   CA         DEX
     9F68   10 F7      BPL &9F61
     9F6A   65 B0      ADC &B0
     9F6C   48         PHA
     9F6D   98         TYA
     9F6E   AA         TAX
     9F6F   68         PLA
     9F70   F0 01      BEQ &9F73
     9F72   E8         INX
.trkex
     9F73   8A         TXA
     9F74   F0 45      BEQ &9FBB
     9F76   85 B5      STA &B5
.vf4
     9F78   A2 FF      LDX #&FF
     9F7A   8E 82 A4   STX &A482
     9F7D   E8         INX
     9F7E   86 B4      STX &B4
.vf5_trackloop
     9F80   A9 08      LDA #&08
     9F82   20 DC 80   JSR &80DC
     9F85   20 DC 80   JSR &80DC
     9F88   A5 B4      LDA &B4
     9F8A   20 FB 80   JSR &80FB
     9F8D   20 ED AE   JSR &AEED
     9F90   E6 B4      INC &B4
     9F92   A5 B4      LDA &B4
     9F94   C5 B5      CMP &B5
     9F96   D0 E8      BNE &9F80
     9F98   24 C9      BIT &C9
     9F9A   10 1F      BPL &9FBB
     9F9C   20 25 B8   JSR &B825
     9F9F   20 BE 9F   JSR &9FBE
     9FA2   A5 B5      LDA &B5
     9FA4   C9 28      CMP #&28
     9FA6   D0 06      BNE &9FAE
     9FA8   A0 01      LDY #&01
     9FAA   A2 90      LDX #&90
     9FAC   D0 04      BNE &9FB2
.vf7
     9FAE   A0 03      LDY #&03
     9FB0   A2 20      LDX #&20
.vf8
     9FB2   8E 07 A3   STX &A307
     9FB5   8C 06 A3   STY &A306
     9FB8   20 D6 AE   JSR &AED6
.vf6_exit
     9FBB   4C 7B 83   JMP &837B
.ClearCatalogue
     9FBE   A0 FF      LDY #&FF
     9FC0   8C 82 A4   STY &A482
     9FC3   C8         INY
     9FC4   98         TYA
.ccatloop
     9FC5   99 00 A2   STA &A200,Y
     9FC8   99 00 A3   STA &A300,Y
     9FCB   C8         INY
     9FCC   D0 F7      BNE &9FC5
     9FCE   60         RTS
.CMD_FREE
     9FCF   38         SEC
     9FD0   B0 01      BCS &9FD3
.CMD_MAP
     9FD2   18         CLC
.Label_A7F7
     9FD3   66 C6      ROR &C6
     9FD5   20 0D 8C   JSR &8C0D
     9FD8   20 C5 AE   JSR &AEC5
     9FDB   24 C6      BIT &C6
     9FDD   30 15      BMI &9FF4
     9FDF   20 BD 80   JSR &80BD
     9FE2   41 64 64 ...
     9FF3   0D
.Label_A818_free
     9FF4   AD 06 A3   LDA &A306
     9FF7   29 03      AND #&03
     9FF9   85 C5      STA &C5
     9FFB   85 C2      STA &C2
     9FFD   AD 07 A3   LDA &A307
     A000   85 C4      STA &C4
     A002   38         SEC
     A003   E9 02      SBC #&02
     A005   85 C1      STA &C1
     A007   B0 02      BCS &A00B
     A009   C6 C2      DEC &C2
.Label_A82F
     A00B   A9 02      LDA #&02
     A00D   85 BB      STA &BB
     A00F   A9 00      LDA #&00
     A011   85 BC      STA &BC
     A013   85 BF      STA &BF
     A015   85 C0      STA &C0
     A017   AD 05 A3   LDA &A305
     A01A   29 F8      AND #&F8
     A01C   A8         TAY
     A01D   F0 26      BEQ &A045
     A01F   D0 11      BNE &A032
.Label_A845_fileloop
     A021   20 B4 A0   JSR &A0B4
     A024   20 C3 82   JSR &82C3
     A027   A5 C4      LDA &C4
     A029   38         SEC
     A02A   E5 BB      SBC &BB
     A02C   A5 C5      LDA &C5
     A02E   E5 BC      SBC &BC
     A030   90 13      BCC &A045
.Label_A856_fileloop_entry
     A032   B9 07 A3   LDA &A307,Y
     A035   38         SEC
     A036   E5 BB      SBC &BB
     A038   85 C1      STA &C1
     A03A   B9 06 A3   LDA &A306,Y
     A03D   29 03      AND #&03
     A03F   E5 BC      SBC &BC
     A041   85 C2      STA &C2
     A043   90 DC      BCC &A021
.Label_A86B_nofiles
     A045   84 BD      STY &BD
     A047   24 C6      BIT &C6
     A049   30 2B      BMI &A076
     A04B   A5 C1      LDA &C1
     A04D   05 C2      ORA &C2
     A04F   F0 25      BEQ &A076
     A051   A5 BC      LDA &BC
     A053   20 13 81   JSR &8113
     A056   A5 BB      LDA &BB
     A058   20 0B 81   JSR &810B
     A05B   20 BD 80   JSR &80BD
     A05E   20 20 20 ...
     A066   A5 C2      LDA &C2
     A068   20 13 81   JSR &8113
     A06B   A5 C1      LDA &C1
     A06D   20 0B 81   JSR &810B
     A070   20 E7 FF   JSR &FFE7
     A073   20 B4 A0   JSR &A0B4
.Label_A87A_free
     A076   A5 C1      LDA &C1
     A078   18         CLC
     A079   65 BF      ADC &BF
     A07B   85 BF      STA &BF
     A07D   A5 C2      LDA &C2
     A07F   65 C0      ADC &C0
     A081   85 C0      STA &C0
     A083   A4 BD      LDY &BD
     A085   D0 9A      BNE &A021
     A087   24 C6      BIT &C6
     A089   10 28      BPL &A0B3
     A08B   A8         TAY
     A08C   A6 BF      LDX &BF
     A08E   A9 F8      LDA #&F8
     A090   38         SEC
     A091   ED 05 A3   SBC &A305
     A094   20 DE A0   JSR &A0DE
     A097   46 72 65 ...
     A09B   0D
     A09C   A5 C4      LDA &C4
     A09E   38         SEC
     A09F   E5 BF      SBC &BF
     A0A1   AA         TAX
     A0A2   A5 C5      LDA &C5
     A0A4   E5 C0      SBC &C0
     A0A6   A8         TAY
     A0A7   AD 05 A3   LDA &A305
     A0AA   20 DE A0   JSR &A0DE
     A0AD   55 73 65 ...
     A0B1   0D
     A0B2   EA         NOP
.Label_A8BD_rst
     A0B3   60         RTS
.Sub_A8E2_nextblock
     A0B4   B9 06 A3   LDA &A306,Y
     A0B7   48         PHA
     A0B8   20 18 82   JSR &8218
     A0BB   85 BC      STA &BC
     A0BD   68         PLA
     A0BE   29 03      AND #&03
     A0C0   18         CLC
     A0C1   65 BC      ADC &BC
     A0C3   85 BC      STA &BC
     A0C5   B9 04 A3   LDA &A304,Y
     A0C8   C9 01      CMP #&01
     A0CA   A9 00      LDA #&00
     A0CC   79 05 A3   ADC &A305,Y
     A0CF   90 02      BCC &A0D3
     A0D1   E6 BC      INC &BC
.Label_A902
     A0D3   18         CLC
     A0D4   79 07 A3   ADC &A307,Y
     A0D7   85 BB      STA &BB
     A0D9   90 02      BCC &A0DD
     A0DB   E6 BC      INC &BC
.Label_A90C
     A0DD   60         RTS
.Sub_A90D_freeinfo
     A0DE   4A         LSR A
     A0DF   4A         LSR A
     A0E0   4A         LSR A
     A0E1   20 08 81   JSR &8108
     A0E4   20 BD 80   JSR &80BD
     A0E7   20 46 69 ...
     A0EE   86 BC      STX &BC
     A0F0   84 BD      STY &BD
     A0F2   98         TYA
     A0F3   20 13 81   JSR &8113
     A0F6   8A         TXA
     A0F7   20 0B 81   JSR &810B
     A0FA   20 BD 80   JSR &80BD
     A0FD   20 53 65 ...
     A106   A9 00      LDA #&00
     A108   85 BB      STA &BB
     A10A   85 BE      STA &BE
     A10C   A2 1F      LDX #&1F
     A10E   86 C1      STX &C1
     A110   A2 09      LDX #&09
.Label_A941_loop1
     A112   9D 00 A4   STA &A400,X
     A115   CA         DEX
     A116   10 FA      BPL &A112
.Label_A947_loop2
     A118   06 BB      ASL &BB
     A11A   26 BC      ROL &BC
     A11C   26 BD      ROL &BD
     A11E   26 BE      ROL &BE
     A120   A2 00      LDX #&00
     A122   A0 09      LDY #&09
.Label_A953_loop3
     A124   BD 00 A4   LDA &A400,X
     A127   2A         ROL A
     A128   C9 0A      CMP #&0A
     A12A   90 02      BCC &A12E
     A12C   E9 0A      SBC #&0A
.Label_A95D
     A12E   9D 00 A4   STA &A400,X
     A131   E8         INX
     A132   88         DEY
     A133   10 EF      BPL &A124
     A135   C6 C1      DEC &C1
     A137   10 DF      BPL &A118
     A139   A0 20      LDY #&20
     A13B   A2 05      LDX #&05
.Label_A96C_loop4
     A13D   D0 02      BNE &A141
     A13F   A0 2C      LDY #&2C
.Label_A970
     A141   BD 00 A4   LDA &A400,X
     A144   D0 07      BNE &A14D
     A146   C0 2C      CPY #&2C
     A148   F0 03      BEQ &A14D
     A14A   98         TYA
     A14B   D0 04      BNE &A151
.Label_A97D
     A14D   A0 2C      LDY #&2C
     A14F   09 30      ORA #&30
.Label_A982
     A151   20 EE FF   JSR &FFEE
     A154   E0 03      CPX #&03
     A156   D0 04      BNE &A15C
     A158   98         TYA
     A159   20 EE FF   JSR &FFEE
.Label_A98D
     A15C   CA         DEX
     A15D   10 DE      BPL &A13D
     A15F   20 BD 80   JSR &80BD
     A162   20 42 79 ...
     A169   EA         NOP
     A16A   4C BD 80   JMP &80BD
.ReportMMCErrS
     A16D   A2 FF      LDX #&FF
     A16F   D0 02      BNE &A173
.ReportMMCErr
     A171   A2 00      LDX #&00
.rmmc
     A173   A0 FF      LDY #&FF
     A175   8C 82 A4   STY &A482
     A178   85 B0      STA &B0
     A17A   86 B1      STX &B1
     A17C   20 43 80   JSR &8043
     A17F   68         PLA
     A180   85 B8      STA &B8
     A182   68         PLA
     A183   85 B9      STA &B9
     A185   A0 00      LDY #&00
     A187   8C 9F A4   STY &A49F
     A18A   8C 00 01   STY &0100
.rmmc_loop
     A18D   C8         INY
     A18E   F0 07      BEQ &A197
     A190   B1 B8      LDA (&B8),Y
     A192   99 00 01   STA &0100,Y
     A195   D0 F6      BNE &A18D
.rmmc_cont
     A197   A5 B0      LDA &B0
     A199   20 32 8D   JSR &8D32
     A19C   A5 B1      LDA &B1
     A19E   F0 18      BEQ &A1B8
     A1A0   A9 2F      LDA #&2F
     A1A2   99 00 01   STA &0100,Y
     A1A5   C8         INY
     A1A6   AD 89 A4   LDA &A489
     A1A9   20 32 8D   JSR &8D32
     A1AC   AD 8A A4   LDA &A48A
     A1AF   20 32 8D   JSR &8D32
     A1B2   AD 8B A4   LDA &A48B
     A1B5   20 32 8D   JSR &8D32
.rmmc_j100
     A1B8   A9 00      LDA #&00
     A1BA   99 00 01   STA &0100,Y
     A1BD   4C 00 01   JMP &0100
Including file TubeHost230.asm
.TUBE_CODE_500
     A200   37 05
     A202   96 05
     A204   F2 05
     A206   07 06
     A208   27 06
     A20A   68 06
     A20C   5E 05
     A20E   2D 05
     A210   20 05
     A212   42 05
     A214   A9 05
     A216   D1 05
     A218   86
     A219   88
     A21A   96
     A21B   98
     A21C   18
     A21D   18
     A21E   82
     A21F   18
     A220   20 C5 06   JSR &06C5
     A223   A8         TAY
     A224   20 C5 06   JSR &06C5
     A227   20 D4 FF   JSR &FFD4
     A22A   4C 9C 05   JMP &059C
     A22D   20 C5 06   JSR &06C5
     A230   A8         TAY
     A231   20 D7 FF   JSR &FFD7
     A234   4C 3A 05   JMP &053A
     A237   20 E0 FF   JSR &FFE0
     A23A   6A         ROR A
     A23B   20 95 06   JSR &0695
     A23E   2A         ROL A
     A23F   4C 9E 05   JMP &059E
     A242   20 C5 06   JSR &06C5
     A245   F0 0B      BEQ &A252
     A247   48         PHA
     A248   20 82 05   JSR &0582
     A24B   68         PLA
     A24C   20 CE FF   JSR &FFCE
     A24F   4C 9E 05   JMP &059E
.Label_AD2D
     A252   20 C5 06   JSR &06C5
     A255   A8         TAY
     A256   A9 00      LDA #&00
     A258   20 CE FF   JSR &FFCE
     A25B   4C 9C 05   JMP &059C
     A25E   20 C5 06   JSR &06C5
     A261   A8         TAY
     A262   A2 04      LDX #&04
.Label_AD3F
     A264   20 C5 06   JSR &06C5
     A267   95 FF      STA &FF,X
     A269   CA         DEX
     A26A   D0 F8      BNE &A264
     A26C   20 C5 06   JSR &06C5
     A26F   20 DA FF   JSR &FFDA
     A272   20 95 06   JSR &0695
     A275   A2 03      LDX #&03
.Label_AD52
     A277   B5 00      LDA &00,X
     A279   20 95 06   JSR &0695
     A27C   CA         DEX
     A27D   10 F8      BPL &A277
     A27F   4C 36 00   JMP &0036
     A282   A2 00      LDX #&00
     A284   A0 00      LDY #&00
.Label_AD61
     A286   20 C5 06   JSR &06C5
     A289   99 00 07   STA &0700,Y
     A28C   C8         INY
     A28D   F0 04      BEQ &A293
     A28F   C9 0D      CMP #&0D
     A291   D0 F3      BNE &A286
.Label_AD6E
     A293   A0 07      LDY #&07
     A295   60         RTS
     A296   20 82 05   JSR &0582
     A299   20 F7 FF   JSR &FFF7
     A29C   A9 7F      LDA #&7F
.Label_AD79
     A29E   2C E2 FE   BIT &FEE2
     A2A1   50 FB      BVC &A29E
     A2A3   8D E3 FE   STA &FEE3
.Label_AD81
     A2A6   4C 36 00   JMP &0036
     A2A9   A2 10      LDX #&10
.Label_AD86
     A2AB   20 C5 06   JSR &06C5
     A2AE   95 01      STA &01,X
     A2B0   CA         DEX
     A2B1   D0 F8      BNE &A2AB
     A2B3   20 82 05   JSR &0582
     A2B6   86 00      STX &00
     A2B8   84 01      STY &01
     A2BA   A0 00      LDY #&00
     A2BC   20 C5 06   JSR &06C5
     A2BF   20 DD FF   JSR &FFDD
     A2C2   20 95 06   JSR &0695
     A2C5   A2 10      LDX #&10
.Label_ADA2
     A2C7   B5 01      LDA &01,X
     A2C9   20 95 06   JSR &0695
     A2CC   CA         DEX
     A2CD   D0 F8      BNE &A2C7
     A2CF   F0 D5      BEQ &A2A6
     A2D1   A2 0D      LDX #&0D
.Label_ADAE
     A2D3   20 C5 06   JSR &06C5
     A2D6   95 FF      STA &FF,X
     A2D8   CA         DEX
     A2D9   D0 F8      BNE &A2D3
     A2DB   20 C5 06   JSR &06C5
     A2DE   A0 00      LDY #&00
     A2E0   20 D1 FF   JSR &FFD1
     A2E3   48         PHA
     A2E4   A2 0C      LDX #&0C
.Label_ADC1
     A2E6   B5 00      LDA &00,X
     A2E8   20 95 06   JSR &0695
     A2EB   CA         DEX
     A2EC   10 F8      BPL &A2E6
     A2EE   68         PLA
     A2EF   4C 3A 05   JMP &053A
     A2F2   20 C5 06   JSR &06C5
     A2F5   AA         TAX
     A2F6   20 C5 06   JSR &06C5
     A2F9   20 F4 FF   JSR &FFF4
.Label_ADD7
     A2FC   2C E2 FE   BIT &FEE2
     A2FF   50 FB      BVC &A2FC
     A301   8E E3 FE   STX &FEE3
.Label_ADDF
     A304   4C 36 00   JMP &0036
     A307   20 C5 06   JSR &06C5
     A30A   AA         TAX
     A30B   20 C5 06   JSR &06C5
     A30E   A8         TAY
     A30F   20 C5 06   JSR &06C5
     A312   20 F4 FF   JSR &FFF4
     A315   49 9D      EOR #&9D
     A317   F0 EB      BEQ &A304
     A319   6A         ROR A
     A31A   20 95 06   JSR &0695
.Label_ADF8
     A31D   2C E2 FE   BIT &FEE2
     A320   50 FB      BVC &A31D
     A322   8C E3 FE   STY &FEE3
     A325   70 D5      BVS &A2FC
     A327   20 C5 06   JSR &06C5
     A32A   A8         TAY
.Label_AE06
     A32B   2C E2 FE   BIT &FEE2
     A32E   10 FB      BPL &A32B
     A330   AE E3 FE   LDX &FEE3
     A333   CA         DEX
     A334   30 0F      BMI &A345
.Label_AE11
     A336   2C E2 FE   BIT &FEE2
     A339   10 FB      BPL &A336
     A33B   AD E3 FE   LDA &FEE3
     A33E   9D 28 01   STA &0128,X
     A341   CA         DEX
     A342   10 F2      BPL &A336
     A344   98         TYA
.Label_AE20
     A345   A2 28      LDX #&28
     A347   A0 01      LDY #&01
     A349   20 F1 FF   JSR &FFF1
.Label_AE27
     A34C   2C E2 FE   BIT &FEE2
     A34F   10 FB      BPL &A34C
     A351   AE E3 FE   LDX &FEE3
     A354   CA         DEX
     A355   30 0E      BMI &A365
.Label_AE32
     A357   BC 28 01   LDY &0128,X
.Label_AE35
     A35A   2C E2 FE   BIT &FEE2
     A35D   50 FB      BVC &A35A
     A35F   8C E3 FE   STY &FEE3
     A362   CA         DEX
     A363   10 F2      BPL &A357
.Label_AE40
     A365   4C 36 00   JMP &0036
     A368   A2 04      LDX #&04
.Label_AE45
     A36A   20 C5 06   JSR &06C5
     A36D   95 00      STA &00,X
     A36F   CA         DEX
     A370   10 F8      BPL &A36A
     A372   E8         INX
     A373   A0 00      LDY #&00
     A375   8A         TXA
     A376   20 F1 FF   JSR &FFF1
     A379   90 05      BCC &A380
     A37B   A9 FF      LDA #&FF
     A37D   4C 9E 05   JMP &059E
.Label_AE5B
     A380   A2 00      LDX #&00
     A382   A9 7F      LDA #&7F
     A384   20 95 06   JSR &0695
.Label_AE62
     A387   BD 00 07   LDA &0700,X
     A38A   20 95 06   JSR &0695
     A38D   E8         INX
     A38E   C9 0D      CMP #&0D
     A390   D0 F5      BNE &A387
     A392   4C 36 00   JMP &0036
.Label_AE70
     A395   2C E2 FE   BIT &FEE2
     A398   50 FB      BVC &A395
     A39A   8D E3 FE   STA &FEE3
     A39D   60         RTS
.Label_AE79
     A39E   2C E6 FE   BIT &FEE6
     A3A1   50 FB      BVC &A39E
     A3A3   8D E7 FE   STA &FEE7
     A3A6   60         RTS
     A3A7   A5 FF      LDA &FF
     A3A9   38         SEC
     A3AA   6A         ROR A
     A3AB   30 0F      BMI &A3BC
     A3AD   48         PHA
     A3AE   A9 00      LDA #&00
     A3B0   20 BC 06   JSR &06BC
     A3B3   98         TYA
     A3B4   20 BC 06   JSR &06BC
     A3B7   8A         TXA
     A3B8   20 BC 06   JSR &06BC
     A3BB   68         PLA
.Label_AE97
     A3BC   2C E0 FE   BIT &FEE0
     A3BF   50 FB      BVC &A3BC
     A3C1   8D E1 FE   STA &FEE1
     A3C4   60         RTS
.Label_AEA0
     A3C5   2C E2 FE   BIT &FEE2
     A3C8   10 FB      BPL &A3C5
     A3CA   AD E3 FE   LDA &FEE3
     A3CD   60         RTS
.SERVICE09_TUBEHelp
     A3CE   C9 09      CMP #&09
     A3D0   D0 2A      BNE &A3FC
     A3D2   98         TYA
     A3D3   48         PHA
     A3D4   B1 F2      LDA (&F2),Y
     A3D6   C9 0D      CMP #&0D
     A3D8   D0 1E      BNE &A3F8
     A3DA   A9 E9      LDA #&E9
     A3DC   20 FB 93   JSR &93FB
     A3DF   A6 F4      LDX &F4
     A3E1   98         TYA
     A3E2   F0 14      BEQ &A3F8
     A3E4   20 9D 80   JSR &809D
     A3E7   0D
     A3E8   54 55 42 ...
     A3F6   0D
     A3F7   EA         NOP
.Label_AED3
     A3F8   68         PLA
     A3F9   A8         TAY
     A3FA   A9 09      LDA #&09
.SERVICEFE_TUBEPostInit
     A3FC   C9 FE      CMP #&FE
     A3FE   90 5C      BCC &A45C
     A400   D0 1B      BNE &A41D
     A402   C0 00      CPY #&00
     A404   F0 56      BEQ &A45C
     A406   A2 06      LDX #&06
     A408   A9 14      LDA #&14
     A40A   20 F4 FF   JSR &FFF4
.servFE_tubemsg_loop
     A40D   2C E0 FE   BIT &FEE0
     A410   10 FB      BPL &A40D
     A412   AD E1 FE   LDA &FEE1
     A415   F0 43      BEQ &A45A
     A417   20 EE FF   JSR &FFEE
     A41A   4C 0D A4   JMP &A40D
.SERVICEFF_TUBEInit
     A41D   A9 AD      LDA #&AD
     A41F   8D 20 02   STA &0220
     A422   A9 06      LDA #&06
     A424   8D 21 02   STA &0221
     A427   A9 16      LDA #&16
     A429   8D 02 02   STA &0202
     A42C   A9 00      LDA #&00
     A42E   8D 03 02   STA &0203
     A431   A9 8E      LDA #&8E
     A433   8D E0 FE   STA &FEE0
     A436   A0 00      LDY #&00
.servFF_copytubecode_loop
     A438   B9 9E A4   LDA &A49E,Y
     A43B   99 00 04   STA &0400,Y
     A43E   B9 00 A2   LDA &A200,Y
     A441   99 00 05   STA &0500,Y
     A444   B9 00 A3   LDA &A300,Y
     A447   99 00 06   STA &0600,Y
     A44A   88         DEY
     A44B   D0 EB      BNE &A438
     A44D   20 21 04   JSR &0421
     A450   A2 41      LDX #&41
.servFF_copytubezpcode_loop
     A452   BD 5D A4   LDA &A45D,X
     A455   95 16      STA &16,X
     A457   CA         DEX
     A458   10 F8      BPL &A452
.servFE_exitA_0
     A45A   A9 00      LDA #&00
.servFE_exit
     A45C   60         RTS
.TUBE_ZP_CODE_0016
     A45D   A9 FF      LDA #&FF
     A45F   20 9E 06   JSR &069E
     A462   AD E3 FE   LDA &FEE3
     A465   A9 00      LDA #&00
     A467   20 95 06   JSR &0695
     A46A   A8         TAY
     A46B   B1 FD      LDA (&FD),Y
     A46D   20 95 06   JSR &0695
.Label_AF4B
     A470   C8         INY
     A471   B1 FD      LDA (&FD),Y
     A473   20 95 06   JSR &0695
     A476   AA         TAX
     A477   D0 F7      BNE &A470
     A479   A2 FF      LDX #&FF
     A47B   9A         TXS
     A47C   58         CLI
.Label_AF58
     A47D   2C E0 FE   BIT &FEE0
     A480   10 06      BPL &A488
.Label_AF5D
     A482   AD E1 FE   LDA &FEE1
     A485   20 EE FF   JSR &FFEE
.Label_AF63
     A488   2C E2 FE   BIT &FEE2
     A48B   10 F0      BPL &A47D
     A48D   2C E0 FE   BIT &FEE0
     A490   30 F0      BMI &A482
     A492   AE E3 FE   LDX &FEE3
     A495   86 51      STX &51
     A497   6C 00 05   JMP (&0500)
     A49A   00 80
     A49C   00 00
.TUBE_CODE_400
     A49E   4C 84 04   JMP &0484
     A4A1   4C A7 06   JMP &06A7
     A4A4   C9 80      CMP #&80
     A4A6   90 2B      BCC &A4D3
     A4A8   C9 C0      CMP #&C0
     A4AA   B0 1A      BCS &A4C6
     A4AC   09 40      ORA #&40
     A4AE   C5 15      CMP &15
     A4B0   D0 20      BNE &A4D2
     A4B2   08         PHP
     A4B3   78         SEI
     A4B4   A9 05      LDA #&05
     A4B6   20 9E 06   JSR &069E
     A4B9   A5 15      LDA &15
     A4BB   20 9E 06   JSR &069E
     A4BE   28         PLP
     A4BF   A9 80      LDA #&80
     A4C1   85 15      STA &15
     A4C3   85 14      STA &14
     A4C5   60         RTS
.Label_AFA1
     A4C6   06 14      ASL &14
     A4C8   B0 06      BCS &A4D0
     A4CA   C5 15      CMP &15
     A4CC   F0 04      BEQ &A4D2
     A4CE   18         CLC
     A4CF   60         RTS
.Label_AFAB
     A4D0   85 15      STA &15
.Label_AFAD
     A4D2   60         RTS
.Label_AFAE
     A4D3   08         PHP
     A4D4   78         SEI
     A4D5   84 13      STY &13
     A4D7   86 12      STX &12
     A4D9   20 9E 06   JSR &069E
     A4DC   AA         TAX
     A4DD   A0 03      LDY #&03
     A4DF   A5 15      LDA &15
     A4E1   20 9E 06   JSR &069E
.Label_AFBF
     A4E4   B1 12      LDA (&12),Y
     A4E6   20 9E 06   JSR &069E
     A4E9   88         DEY
     A4EA   10 F8      BPL &A4E4
     A4EC   A0 18      LDY #&18
     A4EE   8C E0 FE   STY &FEE0
     A4F1   BD 18 05   LDA &0518,X
     A4F4   8D E0 FE   STA &FEE0
     A4F7   4A         LSR A
     A4F8   4A         LSR A
     A4F9   90 06      BCC &A501
     A4FB   2C E5 FE   BIT &FEE5
     A4FE   2C E5 FE   BIT &FEE5
.Label_AFDC
     A501   20 9E 06   JSR &069E
.Label_AFDF
     A504   2C E6 FE   BIT &FEE6
     A507   50 FB      BVC &A504
     A509   B0 0D      BCS &A518
     A50B   E0 04      CPX #&04
     A50D   D0 11      BNE &A520
.Label_AFEA
     A50F   20 14 04   JSR &0414
     A512   20 95 06   JSR &0695
     A515   4C 32 00   JMP &0032
.Label_AFF3
     A518   4A         LSR A
     A519   90 05      BCC &A520
     A51B   A0 88      LDY #&88
     A51D   8C E0 FE   STY &FEE0
.Label_AFFB
     A520   28         PLP
     A521   60         RTS
     A522   58         CLI
     A523   B0 0A      BCS &A52F
     A525   D0 03      BNE &A52A
     A527   4C 9C 05   JMP &059C
.Label_B005
     A52A   AE 8D 02   LDX &028D
     A52D   F0 E0      BEQ &A50F
.Label_B00A
     A52F   A9 FF      LDA #&FF
     A531   20 06 04   JSR &0406
     A534   90 F9      BCC &A52F
     A536   20 CE 04   JSR &04CE
.Label_B014
     A539   08         PHP
     A53A   78         SEI
     A53B   A9 07      LDA #&07
     A53D   20 C7 04   JSR &04C7
     A540   A0 00      LDY #&00
     A542   84 00      STY &00
.Label_B01F
     A544   B1 00      LDA (&00),Y
     A546   8D E5 FE   STA &FEE5
     A549   EA         NOP
     A54A   EA         NOP
     A54B   EA         NOP
     A54C   C8         INY
     A54D   D0 F5      BNE &A544
     A54F   28         PLP
     A550   E6 54      INC &54
     A552   D0 06      BNE &A55A
     A554   E6 55      INC &55
     A556   D0 02      BNE &A55A
     A558   E6 56      INC &56
.Label_B035
     A55A   E6 01      INC &01
     A55C   24 01      BIT &01
     A55E   50 D9      BVC &A539
     A560   20 CE 04   JSR &04CE
     A563   A9 04      LDA #&04
     A565   A0 00      LDY #&00
     A567   A2 53      LDX #&53
     A569   4C 06 04   JMP &0406
     A56C   A9 80      LDA #&80
     A56E   85 54      STA &54
     A570   85 01      STA &01
     A572   A9 20      LDA #&20
     A574   2D 06 80   AND &8006
     A577   A8         TAY
     A578   84 53      STY &53
     A57A   F0 19      BEQ &A595
     A57C   AE 07 80   LDX &8007
.Label_B05A
     A57F   E8         INX
     A580   BD 00 80   LDA &8000,X
     A583   D0 FA      BNE &A57F
     A585   BD 01 80   LDA &8001,X
     A588   85 53      STA &53
     A58A   BD 02 80   LDA &8002,X
     A58D   85 54      STA &54
     A58F   BC 03 80   LDY &8003,X
     A592   BD 04 80   LDA &8004,X
.Label_B070
     A595   85 56      STA &56
     A597   84 55      STY &55
     A599   60         RTS
Processed file 'TubeHost230.asm' ok
Including file FAT.asm
.FATLoadRootDirectory
     AB00   A9 DD      LDA #&DD
     AB02   8D 82 A4   STA &A482
     AB05   A9 00      LDA #&00
     AB07   85 BE      STA &BE
     AB09   85 BF      STA &BF
     AB0B   85 C0      STA &C0
     AB0D   20 14 AB   JSR &AB14
     AB10   F0 12      BEQ &AB24
     AB12   18         CLC
     AB13   60         RTS
.isfat
     AB14   20 53 B2   JSR &B253
     AB17   AD FE A3   LDA &A3FE
     AB1A   C9 55      CMP #&55
     AB1C   D0 05      BNE &AB23
     AB1E   AD FF A3   LDA &A3FF
     AB21   C9 AA      CMP #&AA
.ifx
     AB23   60         RTS
.fat
     AB24   AD 00 A2   LDA &A200
     AB27   C9 EB      CMP #&EB
     AB29   D0 0E      BNE &AB39
     AB2B   AD 02 A2   LDA &A202
     AB2E   C9 90      CMP #&90
     AB30   D0 07      BNE &AB39
     AB32   AD 0C A2   LDA &A20C
     AB35   C9 02      CMP #&02
     AB37   F0 2F      BEQ &AB68
.mbr
     AB39   AD C6 A3   LDA &A3C6
     AB3C   0A         ASL A
     AB3D   85 BE      STA &BE
     AB3F   AD C7 A3   LDA &A3C7
     AB42   2A         ROL A
     AB43   85 BF      STA &BF
     AB45   AD C8 A3   LDA &A3C8
     AB48   2A         ROL A
     AB49   B0 0C      BCS &AB57
     AB4B   85 C0      STA &C0
     AB4D   AD C9 A3   LDA &A3C9
     AB50   D0 05      BNE &AB57
     AB52   20 14 AB   JSR &AB14
     AB55   F0 11      BEQ &AB68
.faterr1
     AB57   20 70 80   JSR &8070
     AB5A   FF
     AB5B   43 61 72 ...
     AB67   00
.nombr
     AB68   AD 0B A2   LDA &A20B
     AB6B   D0 EA      BNE &AB57
     AB6D   AD 0C A2   LDA &A20C
     AB70   C9 02      CMP #&02
     AB72   D0 E3      BNE &AB57
     AB74   AD 11 A2   LDA &A211
     AB77   85 C1      STA &C1
     AB79   AD 12 A2   LDA &A212
     AB7C   4A         LSR A
     AB7D   66 C1      ROR &C1
     AB7F   4A         LSR A
     AB80   66 C1      ROR &C1
     AB82   4A         LSR A
     AB83   66 C1      ROR &C1
     AB85   85 C2      STA &C2
     AB87   AD 0D A2   LDA &A20D
     AB8A   85 C3      STA &C3
     AB8C   AD 0E A2   LDA &A20E
     AB8F   0A         ASL A
     AB90   2E 0F A2   ROL &A20F
     AB93   B0 C2      BCS &AB57
     AB95   65 BE      ADC &BE
     AB97   85 BE      STA &BE
     AB99   AD 0F A2   LDA &A20F
     AB9C   65 BF      ADC &BF
     AB9E   85 BF      STA &BF
     ABA0   90 02      BCC &ABA4
     ABA2   E6 C0      INC &C0
.skipinc1
     ABA4   AD 11 A2   LDA &A211
     ABA7   0D 12 A2   ORA &A212
     ABAA   F0 14      BEQ &ABC0
     ABAC   AD 16 A2   LDA &A216
     ABAF   8D 24 A2   STA &A224
     ABB2   AD 17 A2   LDA &A217
     ABB5   8D 25 A2   STA &A225
     ABB8   A9 00      LDA #&00
     ABBA   8D 26 A2   STA &A226
     ABBD   8D 27 A2   STA &A227
.fat32
     ABC0   0E 24 A2   ASL &A224
     ABC3   2E 25 A2   ROL &A225
     ABC6   2E 26 A2   ROL &A226
     ABC9   2E 27 A2   ROL &A227
     ABCC   B0 89      BCS &AB57
     ABCE   AE 10 A2   LDX &A210
.loop
     ABD1   18         CLC
     ABD2   A5 BE      LDA &BE
     ABD4   6D 24 A2   ADC &A224
     ABD7   85 BE      STA &BE
     ABD9   A5 BF      LDA &BF
     ABDB   6D 25 A2   ADC &A225
     ABDE   85 BF      STA &BF
     ABE0   A5 C0      LDA &C0
     ABE2   6D 26 A2   ADC &A226
     ABE5   85 C0      STA &C0
     ABE7   CA         DEX
     ABE8   D0 E7      BNE &ABD1
     ABEA   20 53 B2   JSR &B253
     ABED   38         SEC
     ABEE   60         RTS
.FATSearchRootDirectory
     ABEF   A5 C0      LDA &C0
     ABF1   48         PHA
     ABF2   A5 BF      LDA &BF
     ABF4   48         PHA
     ABF5   A5 BE      LDA &BE
     ABF7   48         PHA
.FATSearchRootDirectoryloop
     ABF8   A2 00      LDX #&00
     ABFA   86 C4      STX &C4
     ABFC   A9 A2      LDA #&A2
     ABFE   85 C5      STA &C5
     AC00   E8         INX
.dirloop
     AC01   A0 0B      LDY #&0B
     AC03   B1 C4      LDA (&C4),Y
     AC05   29 0F      AND #&0F
     AC07   D0 0F      BNE &AC18
     AC09   88         DEY
.comploop
     AC0A   B1 C4      LDA (&C4),Y
     AC0C   F0 2D      BEQ &AC3B
     AC0E   D9 F0 A4   CMP &A4F0,Y
     AC11   D0 05      BNE &AC18
     AC13   88         DEY
     AC14   10 F4      BPL &AC0A
     AC16   30 28      BMI &AC40
.nextfile
     AC18   18         CLC
     AC19   A5 C4      LDA &C4
     AC1B   69 20      ADC #&20
     AC1D   85 C4      STA &C4
     AC1F   D0 E0      BNE &AC01
     AC21   E6 C5      INC &C5
     AC23   CA         DEX
     AC24   10 DB      BPL &AC01
.incfatsector
     AC26   A5 BE      LDA &BE
     AC28   18         CLC
     AC29   69 02      ADC #&02
     AC2B   85 BE      STA &BE
     AC2D   90 06      BCC &AC35
     AC2F   E6 BF      INC &BF
     AC31   D0 02      BNE &AC35
     AC33   E6 C0      INC &C0
.readnextfatsector
     AC35   20 53 B2   JSR &B253
     AC38   4C F8 AB   JMP &ABF8
.filenotfound
     AC3B   68         PLA
     AC3C   68         PLA
     AC3D   68         PLA
     AC3E   38         SEC
     AC3F   60         RTS
.filefound
     AC40   18         CLC
     AC41   68         PLA
     AC42   65 C1      ADC &C1
     AC44   85 BE      STA &BE
     AC46   68         PLA
     AC47   65 C2      ADC &C2
     AC49   85 BF      STA &BF
     AC4B   68         PLA
     AC4C   69 00      ADC #&00
     AC4E   85 C0      STA &C0
     AC50   A6 C3      LDX &C3
     AC52   A0 14      LDY #&14
     AC54   B1 C4      LDA (&C4),Y
     AC56   48         PHA
     AC57   A0 1B      LDY #&1B
     AC59   B1 C4      LDA (&C4),Y
     AC5B   48         PHA
     AC5C   88         DEY
     AC5D   B1 C4      LDA (&C4),Y
     AC5F   38         SEC
     AC60   E9 02      SBC #&02
     AC62   85 C3      STA &C3
     AC64   68         PLA
     AC65   E9 00      SBC #&00
     AC67   85 C4      STA &C4
     AC69   68         PLA
     AC6A   E9 00      SBC #&00
     AC6C   85 C5      STA &C5
     AC6E   05 C4      ORA &C4
     AC70   05 C3      ORA &C3
     AC72   F0 1C      BEQ &AC90
     AC74   06 C3      ASL &C3
     AC76   26 C4      ROL &C4
     AC78   26 C5      ROL &C5
.clustloop
     AC7A   18         CLC
     AC7B   A5 BE      LDA &BE
     AC7D   65 C3      ADC &C3
     AC7F   85 BE      STA &BE
     AC81   A5 BF      LDA &BF
     AC83   65 C4      ADC &C4
     AC85   85 BF      STA &BF
     AC87   A5 C0      LDA &C0
     AC89   65 C5      ADC &C5
     AC8B   85 C0      STA &C0
     AC8D   CA         DEX
     AC8E   D0 EA      BNE &AC7A
.exit
     AC90   18         CLC
     AC91   60         RTS
Processed file 'FAT.asm' ok
.CalculateCRC7
     AC92   A0 0F      LDY #&0F
     AC94   A9 00      LDA #&00
.c7loop1
     AC96   59 DF A4   EOR &A4DF,Y
     AC99   0A         ASL A
     AC9A   A2 07      LDX #&07
.c7loop2
     AC9C   90 02      BCC &ACA0
     AC9E   49 12      EOR #&12
.c7b7z1
     ACA0   0A         ASL A
     ACA1   CA         DEX
     ACA2   D0 F8      BNE &AC9C
     ACA4   90 02      BCC &ACA8
     ACA6   49 12      EOR #&12
.c7b7z2
     ACA8   88         DEY
     ACA9   10 EB      BPL &AC96
     ACAB   09 01      ORA #&01
     ACAD   60         RTS
.CheckCRC7
     ACAE   20 F4 83   JSR &83F4
     ACB1   20 92 AC   JSR &AC92
     ACB4   CD EF A4   CMP &A4EF
     ACB7   D0 01      BNE &ACBA
     ACB9   60         RTS
.errBadSum
     ACBA   20 56 80   JSR &8056
     ACBD   FF
     ACBE   53 75 6D 
     ACC1   00
.storeDRIVE_INDEX4_ResetCRC7
     ACC2   9D E3 A4   STA &A4E3,X
.ResetCRC7
     ACC5   20 F4 83   JSR &83F4
     ACC8   20 92 AC   JSR &AC92
     ACCB   8D EF A4   STA &A4EF
     ACCE   60         RTS
.MMC_Sector_Reset
     ACCF   A0 0A      LDY #&0A
.loop
     ACD1   B9 44 AD   LDA &AD44,Y
     ACD4   99 F0 A4   STA &A4F0,Y
     ACD7   88         DEY
     ACD8   10 F7      BPL &ACD1
     ACDA   20 E6 B1   JSR &B1E6
     ACDD   8D EC A4   STA &A4EC
     ACE0   8C EB A4   STY &A4EB
     ACE3   A9 00      LDA #&00
     ACE5   8D EA A4   STA &A4EA
     ACE8   20 C5 AC   JSR &ACC5
     ACEB   20 00 AB   JSR &AB00
     ACEE   90 05      BCC &ACF5
     ACF0   20 EF AB   JSR &ABEF
     ACF3   B0 3A      BCS &AD2F
.nofat
     ACF5   A5 BE      LDA &BE
     ACF7   8D E7 A4   STA &A4E7
     ACFA   A5 BF      LDA &BF
     ACFC   8D E8 A4   STA &A4E8
     ACFF   A5 C0      LDA &C0
     AD01   8D E9 A4   STA &A4E9
     AD04   A9 FF      LDA #&FF
     AD06   8D EA A4   STA &A4EA
     AD09   A9 00      LDA #&00
     AD0B   20 06 B0   JSR &B006
     AD0E   A2 00      LDX #&00
     AD10   AD 08 A2   LDA &A208
     AD13   49 A0      EOR #&A0
     AD15   C9 10      CMP #&10
     AD17   B0 01      BCS &AD1A
     AD19   AA         TAX
.skip
     AD1A   E8         INX
     AD1B   8E EE A4   STX &A4EE
     AD1E   A2 00      LDX #&00
     AD20   AD 09 A2   LDA &A209
     AD23   CD EE A4   CMP &A4EE
     AD26   B0 01      BCS &AD29
     AD28   AA         TAX
.skip2
     AD29   8E ED A4   STX &A4ED
     AD2C   4C C5 AC   JMP &ACC5
.fileerr
     AD2F   20 70 80   JSR &8070
     AD32   FF
     AD33   49 6D 61 ...
     AD43   00
.filemmb
     AD44   42 45 45 ...
.CheckWriteProtect
     AD4F   A6 CD      LDX &CD
     AD51   BD E3 A4   LDA &A4E3,X
     AD54   0A         ASL A
     AD55   30 13      BMI &AD6A
     AD57   60         RTS
.CheckCurDrvFormatted
     AD58   18         CLC
.CheckCurDrvUnformatted
.chkdrv1
     AD59   A6 CD      LDX &CD
     AD5B   BD E3 A4   LDA &A4E3,X
     AD5E   10 18      BPL &AD78
     AD60   29 20      AND #&20
     AD62   B0 03      BCS &AD67
     AD64   D0 1E      BNE &AD84
     AD66   60         RTS
.chkdrv2
     AD67   F0 2D      BEQ &AD96
     AD69   60         RTS
.errReadOnly
     AD6A   20 4B 80   JSR &804B
     AD6D   C9
     AD6E   72 65 61 ...
     AD77   00
.errNoDisk
     AD78   20 70 80   JSR &8070
     AD7B   C7
     AD7C   4E 6F 20 ...
     AD83   00
.errNotFormatted
     AD84   20 4B 80   JSR &804B
     AD87   C7
     AD88   6E 6F 74 ...
     AD95   00
.errFormatted
     AD96   20 4B 80   JSR &804B
     AD99   C7
     AD9A   61 6C 72 ...
     ADAB   00
.calculate_div_mod_511_zp_x
     ADAC   B5 01      LDA &01,X
     ADAE   4A         LSR A
     ADAF   48         PHA
     ADB0   90 06      BCC &ADB8
     ADB2   75 00      ADC &00,X
     ADB4   68         PLA
     ADB5   69 00      ADC #&00
     ADB7   48         PHA
.done
     ADB8   75 00      ADC &00,X
     ADBA   85 B2      STA &B2
     ADBC   B5 01      LDA &01,X
     ADBE   69 00      ADC #&00
     ADC0   29 01      AND #&01
     ADC2   85 B3      STA &B3
     ADC4   68         PLA
     ADC5   18         CLC
     ADC6   6D ED A4   ADC &A4ED
     ADC9   CD EE A4   CMP &A4EE
     ADCC   60         RTS
.DiskStart
     ADCD   20 4A B4   JSR &B44A
     ADD0   20 58 AD   JSR &AD58
.DiskStartX
     ADD3   A0 00      LDY #&00
     ADD5   84 BE      STY &BE
     ADD7   84 BF      STY &BF
     ADD9   84 C0      STY &C0
     ADDB   8A         TXA
     ADDC   30 0C      BMI &ADEA
     ADDE   BD DF A4   LDA &A4DF,X
     ADE1   85 BE      STA &BE
     ADE3   BD E3 A4   LDA &A4E3,X
Macro MASK_DISKNO:
     ADE6   29 1F      AND #&1F
End macro MASK_DISKNO
     ADE8   85 BF      STA &BF
.skip_drive
     ADEA   A2 BE      LDX #&BE
     ADEC   20 AC AD   JSR &ADAC
     ADEF   48         PHA
     ADF0   A5 B3      LDA &B3
     ADF2   85 BF      STA &BF
     ADF4   A5 B2      LDA &B2
     ADF6   A0 05      LDY #&05
.dsxloop1
     ADF8   0A         ASL A
     ADF9   26 BF      ROL &BF
     ADFB   26 C0      ROL &C0
     ADFD   88         DEY
     ADFE   D0 F8      BNE &ADF8
     AE00   85 BE      STA &BE
     AE02   A0 03      LDY #&03
.dsxloop2
     AE04   A5 B2      LDA &B2
     AE06   18         CLC
     AE07   65 BF      ADC &BF
     AE09   85 BF      STA &BF
     AE0B   A5 B3      LDA &B3
     AE0D   65 C0      ADC &C0
     AE0F   85 C0      STA &C0
     AE11   88         DEY
     AE12   D0 F0      BNE &AE04
     AE14   68         PLA
     AE15   A8         TAY
     AE16   20 D0 AF   JSR &AFD0
     AE19   A9 20      LDA #&20
     AE1B   18         CLC
     AE1C   65 BE      ADC &BE
     AE1E   85 BE      STA &BE
     AE20   90 06      BCC &AE28
     AE22   E6 BF      INC &BF
     AE24   D0 02      BNE &AE28
     AE26   E6 C0      INC &C0
.done
     AE28   60         RTS
.CalcRWVars
     AE29   20 CD AD   JSR &ADCD
     AE2C   18         CLC
     AE2D   AD 97 A4   LDA &A497
     AE30   65 BE      ADC &BE
     AE32   85 BE      STA &BE
     AE34   AD 96 A4   LDA &A496
     AE37   29 03      AND #&03
     AE39   48         PHA
     AE3A   65 BF      ADC &BF
     AE3C   85 BF      STA &BF
     AE3E   90 02      BCC &AE42
     AE40   E6 C0      INC &C0
.cvskip
     AE42   AD 95 A4   LDA &A495
     AE45   85 CE      STA &CE
     AE47   AD 96 A4   LDA &A496
     AE4A   4A         LSR A
     AE4B   4A         LSR A
     AE4C   4A         LSR A
     AE4D   4A         LSR A
     AE4E   29 03      AND #&03
     AE50   85 CF      STA &CF
     AE52   AD 94 A4   LDA &A494
     AE55   85 C3      STA &C3
     AE57   F0 06      BEQ &AE5F
     AE59   E6 CE      INC &CE
     AE5B   D0 02      BNE &AE5F
     AE5D   E6 CF      INC &CF
.cvskip2
     AE5F   18         CLC
     AE60   AD 97 A4   LDA &A497
     AE63   65 CE      ADC &CE
     AE65   AA         TAX
     AE66   68         PLA
     AE67   65 CF      ADC &CF
     AE69   C9 03      CMP #&03
     AE6B   90 06      BCC &AE73
     AE6D   D0 05      BNE &AE74
     AE6F   E0 21      CPX #&21
     AE71   B0 01      BCS &AE74
.cvnoof
     AE73   60         RTS
.errOverflow
     AE74   20 4B 80   JSR &804B
     AE77   FF
     AE78   6F 76 65 ...
     AE80   00
.CheckForException
     AE81   AD 74 A4   LDA &A474
     AE84   2D 75 A4   AND &A475
     AE87   0D D6 A4   ORA &A4D6
     AE8A   49 FF      EOR #&FF
     AE8C   D0 18      BNE &AEA6
     AE8E   18         CLC
     AE8F   AD 90 A4   LDA &A490
     AE92   6D 94 A4   ADC &A494
     AE95   AA         TAX
     AE96   AD 91 A4   LDA &A491
     AE99   30 0C      BMI &AEA7
     AE9B   6D 95 A4   ADC &A495
     AE9E   10 06      BPL &AEA6
     AEA0   0A         ASL A
     AEA1   D0 04      BNE &AEA7
     AEA3   8A         TXA
     AEA4   D0 01      BNE &AEA7
.noexception
     AEA6   60         RTS
.errException
     AEA7   20 70 80   JSR &8070
     AEAA   FF
     AEAB   4E 6F 74 ...
     AEB6   00
.Set_CurDirDrv_ToDefaults_CheckCurDrvCat
     AEB7   20 00 8C   JSR &8C00
.CheckCurDrvCat
     AEBA   AD 82 A4   LDA &A482
     AEBD   C5 CD      CMP &CD
     AEBF   D0 07      BNE &AEC8
     AEC1   60         RTS
.Set_CurDirDrv_ToDefaults_and_load
     AEC2   20 00 8C   JSR &8C00
.LoadCurDrvCat2
     AEC5   20 F4 83   JSR &83F4
.LoadCurDrvCat
     AEC8   20 CD AD   JSR &ADCD
     AECB   20 53 B2   JSR &B253
.rwcatexit
     AECE   A5 CD      LDA &CD
     AED0   8D 82 A4   STA &A482
     AED3   4C CC B4   JMP &B4CC
.SaveCatToDisk
     AED6   AD 04 A3   LDA &A304
     AED9   18         CLC
     AEDA   F8         SED
     AEDB   69 01      ADC #&01
     AEDD   8D 04 A3   STA &A304
     AEE0   D8         CLD
     AEE1   20 CD AD   JSR &ADCD
     AEE4   20 4F AD   JSR &AD4F
     AEE7   20 6A B2   JSR &B26A
     AEEA   4C CE AE   JMP &AECE
.RW_Track
     AEED   A5 B4      LDA &B4
     AEEF   D0 05      BNE &AEF6
     AEF1   A6 CD      LDX &CD
     AEF3   20 D3 AD   JSR &ADD3
.rwtrk1
     AEF6   A9 05      LDA #&05
     AEF8   85 B6      STA &B6
.rwtrk2_loop
     AEFA   24 C9      BIT &C9
     AEFC   30 06      BMI &AF04
     AEFE   20 53 B2   JSR &B253
     AF01   4C 07 AF   JMP &AF07
.rwtrk3
     AF04   20 6A B2   JSR &B26A
.rwtrk4
     AF07   E6 BE      INC &BE
     AF09   E6 BE      INC &BE
     AF0B   D0 06      BNE &AF13
     AF0D   E6 BF      INC &BF
     AF0F   D0 02      BNE &AF13
     AF11   E6 C0      INC &C0
.rwtrk5
     AF13   C6 B6      DEC &B6
     AF15   D0 E3      BNE &AEFA
     AF17   60         RTS
.GetIndex
     AF18   A2 B8      LDX #&B8
     AF1A   20 AC AD   JSR &ADAC
Macro DO_ASLA_X4:
     AF1D   20 26 82   JSR &8226
End macro DO_ASLA_X4
     AF20   A4 B2      LDY &B2
     AF22   C8         INY
     AF23   85 B0      STA &B0
     AF25   66 B3      ROR &B3
     AF27   98         TYA
     AF28   D0 01      BNE &AF2B
     AF2A   38         SEC
.skip
     AF2B   2A         ROL A
     AF2C   2A         ROL A
     AF2D   2A         ROL A
     AF2E   2A         ROL A
     AF2F   48         PHA
     AF30   29 0F      AND #&0F
     AF32   05 B0      ORA &B0
     AF34   A8         TAY
     AF35   68         PLA
     AF36   29 F0      AND #&F0
     AF38   85 B0      STA &B0
     AF3A   A9 00      LDA #&00
     AF3C   69 A2      ADC #&A2
     AF3E   85 B1      STA &B1
     AF40   98         TYA
     AF41   60         RTS
.GetDriveStatus
     AF42   18         CLC
.GetDriveStatusC
     AF43   20 59 AD   JSR &AD59
     AF46   BD DF A4   LDA &A4DF,X
     AF49   85 B8      STA &B8
     AF4B   BD E3 A4   LDA &A4E3,X
Macro MASK_DISKNO:
     AF4E   29 1F      AND #&1F
End macro MASK_DISKNO
     AF50   85 B9      STA &B9
.GetDiskStatus
     AF52   20 18 AF   JSR &AF18
     AF55   20 FA AF   JSR &AFFA
     AF58   A0 0F      LDY #&0F
     AF5A   B1 B0      LDA (&B0),Y
     AF5C   C9 FF      CMP #&FF
     AF5E   F0 02      BEQ &AF62
     AF60   AA         TAX
     AF61   60         RTS
.ErrNotValid
     AF62   20 4B 80   JSR &804B
     AF65   C7
     AF66   6E 75 6D ...
     AF76   00
.LoadDrive
     AF77   A6 CD      LDX &CD
.LoadDriveX
     AF79   8A         TXA
     AF7A   48         PHA
     AF7B   A9 C0      LDA #&C0
     AF7D   85 B7      STA &B7
     AF7F   20 52 AF   JSR &AF52
     AF82   F0 0A      BEQ &AF8E
     AF84   10 04      BPL &AF8A
     AF86   A9 E0      LDA #&E0
     AF88   D0 02      BNE &AF8C
.ldiskrw
     AF8A   A9 80      LDA #&80
.ldisknf
     AF8C   85 B7      STA &B7
.ldiskro
     AF8E   20 AE AC   JSR &ACAE
     AF91   8A         TXA
     AF92   48         PHA
     AF93   A2 03      LDX #&03
.uldloop
     AF95   BD DF A4   LDA &A4DF,X
     AF98   C5 B8      CMP &B8
     AF9A   D0 0C      BNE &AFA8
     AF9C   BD E3 A4   LDA &A4E3,X
Macro MASK_DISKNO:
     AF9F   29 1F      AND #&1F
End macro MASK_DISKNO
     AFA1   C5 B9      CMP &B9
     AFA3   D0 03      BNE &AFA8
     AFA5   9D E3 A4   STA &A4E3,X
.uldskip
     AFA8   CA         DEX
     AFA9   10 EA      BPL &AF95
     AFAB   68         PLA
     AFAC   AA         TAX
     AFAD   68         PLA
     AFAE   AA         TAX
     AFAF   A5 B8      LDA &B8
     AFB1   9D DF A4   STA &A4DF,X
     AFB4   A5 B9      LDA &B9
     AFB6   05 B7      ORA &B7
     AFB8   4C C2 AC   JMP &ACC2
.DiskTableSec
     AFBB   AD D4 A4   LDA &A4D4
     AFBE   48         PHA
     AFBF   4A         LSR A
     AFC0   4A         LSR A
     AFC1   4A         LSR A
     AFC2   4A         LSR A
     AFC3   A8         TAY
     AFC4   68         PLA
     AFC5   29 0F      AND #&0F
     AFC7   0A         ASL A
     AFC8   85 BE      STA &BE
     AFCA   A9 00      LDA #&00
     AFCC   85 BF      STA &BF
     AFCE   85 C0      STA &C0
.add_chunk_sector
     AFD0   98         TYA
     AFD1   F0 10      BEQ &AFE3
     AFD3   18         CLC
.loop
     AFD4   A9 3D      LDA #&3D
     AFD6   65 BF      ADC &BF
     AFD8   85 BF      STA &BF
     AFDA   A9 06      LDA #&06
     AFDC   65 C0      ADC &C0
     AFDE   85 C0      STA &C0
     AFE0   88         DEY
     AFE1   D0 F1      BNE &AFD4
.done
.add_mmc_sector
     AFE3   AD E7 A4   LDA &A4E7
     AFE6   18         CLC
     AFE7   65 BE      ADC &BE
     AFE9   85 BE      STA &BE
     AFEB   AD E8 A4   LDA &A4E8
     AFEE   65 BF      ADC &BF
     AFF0   85 BF      STA &BF
     AFF2   AD E9 A4   LDA &A4E9
     AFF5   65 C0      ADC &C0
     AFF7   85 C0      STA &C0
.ldtloaded
     AFF9   60         RTS
.CheckDiskTable
     AFFA   2C 82 A4   BIT &A482
     AFFD   10 07      BPL &B006
     AFFF   70 05      BVS &B006
     B001   CD D4 A4   CMP &A4D4
     B004   F0 F3      BEQ &AFF9
.LoadDiskTable
     B006   8D D4 A4   STA &A4D4
     B009   A9 80      LDA #&80
     B00B   8D 82 A4   STA &A482
     B00E   20 BB AF   JSR &AFBB
     B011   4C 53 B2   JMP &B253
.SaveDiskTable
     B014   20 BB AF   JSR &AFBB
     B017   4C 6A B2   JMP &B26A
.GetDiskFirstAllX
     B01A   86 B7      STX &B7
.GetDiskFirstAll
     B01C   A9 00      LDA #&00
     B01E   85 B8      STA &B8
     B020   85 B9      STA &B9
.GetDiskFirst
     B022   20 18 AF   JSR &AF18
     B025   85 B2      STA &B2
     B027   20 FA AF   JSR &AFFA
     B02A   4C 8E B0   JMP &B08E
.print_pluralized_disks
     B02D   98         TYA
     B02E   48         PHA
     B02F   A2 00      LDX #&00
     B031   20 30 B6   JSR &B630
     B034   20 9D 80   JSR &809D
     B037   20 64 69 ...
     B03C   EA         NOP
     B03D   68         PLA
     B03E   AA         TAX
     B03F   B5 01      LDA &01,X
     B041   D0 04      BNE &B047
     B043   D6 00      DEC &00,X
     B045   F0 05      BEQ &B04C
.NotOne
     B047   A9 73      LDA #&73
     B049   20 DC 80   JSR &80DC
.nos
     B04C   4C 9D 80   JMP &809D
.gdnextloop
     B04F   C9 FF      CMP #&FF
     B051   F0 43      BEQ &B096
     B053   24 B7      BIT &B7
     B055   30 3D      BMI &B094
.GetDiskNext
     B057   20 1E 8D   JSR &8D1E
     B05A   18         CLC
     B05B   A5 B0      LDA &B0
     B05D   69 10      ADC #&10
     B05F   85 B0      STA &B0
     B061   D0 25      BNE &B088
     B063   A5 B1      LDA &B1
     B065   49 01      EOR #&01
     B067   85 B1      STA &B1
     B069   6A         ROR A
     B06A   B0 1C      BCS &B088
     B06C   AD EE A4   LDA &A4EE
Macro DO_ASLA_X4:
     B06F   20 26 82   JSR &8226
End macro DO_ASLA_X4
     B072   18         CLC
     B073   E5 B2      SBC &B2
     B075   F0 1F      BEQ &B096
     B077   E6 B2      INC &B2
     B079   A5 B2      LDA &B2
     B07B   20 FA AF   JSR &AFFA
     B07E   A5 B2      LDA &B2
     B080   29 0F      AND #&0F
     B082   D0 04      BNE &B088
     B084   A9 10      LDA #&10
     B086   85 B0      STA &B0
.gdx1
     B088   E6 B8      INC &B8
     B08A   D0 02      BNE &B08E
     B08C   E6 B9      INC &B9
.gdx50
.gdfirst
     B08E   A0 0F      LDY #&0F
     B090   B1 B0      LDA (&B0),Y
     B092   30 BB      BMI &B04F
.gdfrmt
     B094   18         CLC
     B095   60         RTS
.gdfin
     B096   A9 FF      LDA #&FF
     B098   85 B9      STA &B9
     B09A   38         SEC
     B09B   60         RTS
.bcd_inc16_zp_x_A8
     B09C   A2 A8      LDX #&A8
.bcd_inc16_zp_x
     B09E   F8         SED
     B09F   18         CLC
     B0A0   B5 00      LDA &00,X
     B0A2   69 01      ADC #&01
     B0A4   95 00      STA &00,X
     B0A6   B5 01      LDA &01,X
     B0A8   69 00      ADC #&00
     B0AA   95 01      STA &01,X
     B0AC   D8         CLD
     B0AD   60         RTS
Including file MMC_Pi1MHz.asm
.MMC_DEVICE_RESET
     B0AE   A9 00      LDA #&00
     B0B0   8D A6 FC   STA &FCA6
     B0B3   A0 F0      LDY #&F0
     B0B5   8C A7 FC   STY &FCA7
     B0B8   A2 FF      LDX #&FF
     B0BA   8E A8 FC   STX &FCA8
     B0BD   8D A9 FC   STA &FCA9
     B0C0   8D A9 FC   STA &FCA9
     B0C3   8D A9 FC   STA &FCA9
     B0C6   8D A9 FC   STA &FCA9
     B0C9   8D A9 FC   STA &FCA9
     B0CC   A0 E0      LDY #&E0
     B0CE   8C A9 FC   STY &FCA9
     B0D1   8E A9 FC   STX &FCA9
     B0D4   8D A9 FC   STA &FCA9
     B0D7   A0 0C      LDY #&0C
     B0D9   8C A6 FC   STY &FCA6
     B0DC   A0 01      LDY #&01
     B0DE   8C A9 FC   STY &FCA9
     B0E1   8D A9 FC   STA &FCA9
     B0E4   8D A9 FC   STA &FCA9
     B0E7   8D A9 FC   STA &FCA9
     B0EA   60         RTS
.MMC_16Clocks
     B0EB   60         RTS
.MMC_Clocks
     B0EC   F0 07      BEQ &B0F5
.count
     B0EE   AD A9 FC   LDA &FCA9
     B0F1   88         DEY
     B0F2   D0 FA      BNE &B0EE
     B0F4   60         RTS
.skip_sector
.MMC_ReadBuffer
.MMC_WriteBuffer
     B0F5   A9 E1      LDA #&E1
     B0F7   8D A7 FC   STA &FCA7
     B0FA   60         RTS
.MMC_DoCommand
     B0FB   AD 88 A4   LDA &A488
     B0FE   C9 51      CMP #&51
     B100   D0 43      BNE &B145
.setup_read_buffer
     B102   A9 00      LDA #&00
.setup_buffer
     B104   A2 00      LDX #&00
     B106   8E A6 FC   STX &FCA6
     B109   A0 F0      LDY #&F0
     B10B   8C A7 FC   STY &FCA7
     B10E   A2 FF      LDX #&FF
     B110   8E A8 FC   STX &FCA8
     B113   8D A9 FC   STA &FCA9
     B116   A2 08      LDX #&08
     B118   8E A6 FC   STX &FCA6
     B11B   AE 8C A4   LDX &A48C
     B11E   8E A9 FC   STX &FCA9
     B121   AE 8B A4   LDX &A48B
     B124   8E A9 FC   STX &FCA9
     B127   AE 8A A4   LDX &A48A
     B12A   8E A9 FC   STX &FCA9
     B12D   AE 89 A4   LDX &A489
     B130   8E A9 FC   STX &FCA9
     B133   90 03      BCC &B138
     B135   8C AA FC   STY &FCAA
.skip
     B138   A2 E0      LDX #&E0
     B13A   8E A7 FC   STX &FCA7
     B13D   A9 00      LDA #&00
     B13F   8D A6 FC   STA &FCA6
.MMC_send_cid
.MMC_send_op
.MMC_set_blk_size
.MMC_return
     B142   A9 00      LDA #&00
.dbgMmc
     B144   60         RTS
.notareadcommand
     B145   A9 01      LDA #&01
     B147   18         CLC
     B148   90 BA      BCC &B104
.MMC_EndWrite
     B14A   A9 F0      LDA #&F0
     B14C   8D AA FC   STA &FCAA
     B14F   EA         NOP
.MMC_WaitForData
.loop
     B150   AD AA FC   LDA &FCAA
     B153   30 FB      BMI &B150
     B155   A9 E0      LDA #&E0
     B157   8D A7 FC   STA &FCA7
     B15A   A9 00      LDA #&00
     B15C   8D A6 FC   STA &FCA6
     B15F   60         RTS
.MMC_Read256
     B160   AC 9E A4   LDY &A49E
     B163   D0 09      BNE &B16E
.rdl1
     B165   AD A9 FC   LDA &FCA9
     B168   91 BC      STA (&BC),Y
     B16A   C8         INY
     B16B   D0 F8      BNE &B165
     B16D   60         RTS
.rdlT20
     B16E   A2 00      LDX #&00
     B170   F0 11      BEQ &B183
.MMC_ReadBLS
     B172   A6 C3      LDX &C3
     B174   AC 9E A4   LDY &A49E
     B177   D0 0A      BNE &B183
.rdl2
     B179   AD A9 FC   LDA &FCA9
     B17C   91 BC      STA (&BC),Y
     B17E   C8         INY
     B17F   CA         DEX
     B180   D0 F7      BNE &B179
     B182   60         RTS
.rdlT1
.rdlT2
.rdlT3
     B183   AD A9 FC   LDA &FCA9
     B186   8D E5 FE   STA &FEE5
     B189   20 94 B1   JSR &B194
     B18C   20 94 B1   JSR &B194
     B18F   EA         NOP
     B190   CA         DEX
     B191   D0 F0      BNE &B183
     B193   60         RTS
.donothing16cycles
     B194   EA         NOP
.donothing14cycles
     B195   EA         NOP
.MMC_SendingData
.donothing
     B196   60         RTS
.MMC_Write256
     B197   AC 9E A4   LDY &A49E
     B19A   D0 09      BNE &B1A5
.wr1
     B19C   B1 BC      LDA (&BC),Y
     B19E   8D A9 FC   STA &FCA9
     B1A1   C8         INY
     B1A2   D0 F8      BNE &B19C
     B1A4   60         RTS
.wrT1
     B1A5   A0 00      LDY #&00
.wrT2
     B1A7   AD E5 FE   LDA &FEE5
     B1AA   8D A9 FC   STA &FCA9
     B1AD   20 94 B1   JSR &B194
     B1B0   20 94 B1   JSR &B194
     B1B3   EA         NOP
     B1B4   C8         INY
     B1B5   D0 F0      BNE &B1A7
     B1B7   60         RTS
Processed file 'MMC_Pi1MHz.asm' ok
.errWrite2
     B1B8   98         TYA
     B1B9   20 6D A1   JSR &A16D
     B1BC   C5
     B1BD   4D 4D 43 ...
     B1D6   00         BRK
Including file MMC.asm
.MMC_INIT
     B1D7   A9 01      LDA #&01
     B1D9   8D DE A4   STA &A4DE
     B1DC   A9 40      LDA #&40
     B1DE   8D 9F A4   STA &A49F
     B1E1   20 43 80   JSR &8043
     B1E4   18         CLC
     B1E5   60         RTS
.MMC_GetCIDCRC
     B1E6   A9 AA      LDA #&AA
     B1E8   A8         TAY
     B1E9   60         RTS
.MMC_SetupWrite
     B1EA   A9 58      LDA #&58
     B1EC   D0 02      BNE &B1F0
.MMC_SetupRead
     B1EE   A9 51      LDA #&51
.setuprw
     B1F0   8D 88 A4   STA &A488
.setCommandAddress
.setCommandAddressSDHC
     B1F3   A9 00      LDA #&00
     B1F5   8D 89 A4   STA &A489
     B1F8   A5 C0      LDA &C0
     B1FA   4A         LSR A
     B1FB   8D 8A A4   STA &A48A
     B1FE   A5 BF      LDA &BF
     B200   6A         ROR A
     B201   8D 8B A4   STA &A48B
     B204   A5 BE      LDA &BE
     B206   6A         ROR A
     B207   8D 8C A4   STA &A48C
     B20A   60         RTS
.MMC_StartRead
     B20B   20 FB B0   JSR &B0FB
     B20E   D0 03      BNE &B213
     B210   4C 50 B1   JMP &B150
.errRead
     B213   20 6D A1   JSR &A16D
     B216   C5
     B217   4D 4D 43 ...
     B226   00
.MMC_StartWrite
     B227   20 FB B0   JSR &B0FB
     B22A   D0 03      BNE &B22F
     B22C   4C 96 B1   JMP &B196
.errWrite
     B22F   20 6D A1   JSR &A16D
     B232   C5
     B233   4D 4D 43 ...
     B243   00
.SetupCatRW
     B244   20 39 80   JSR &8039
     B247   A9 00      LDA #&00
     B249   8D 9E A4   STA &A49E
     B24C   85 BC      STA &BC
     B24E   A9 A2      LDA #&A2
     B250   85 BD      STA &BD
     B252   60         RTS
.MMC_ReadCatalogue
     B253   20 44 B2   JSR &B244
     B256   20 EE B1   JSR &B1EE
     B259   20 0B B2   JSR &B20B
     B25C   20 60 B1   JSR &B160
     B25F   E6 BD      INC &BD
     B261   20 60 B1   JSR &B160
     B264   20 EB B0   JSR &B0EB
     B267   4C 43 80   JMP &8043
.MMC_WriteCatalogue
     B26A   20 44 B2   JSR &B244
     B26D   20 EA B1   JSR &B1EA
     B270   20 27 B2   JSR &B227
     B273   20 97 B1   JSR &B197
     B276   E6 BD      INC &BD
     B278   20 97 B1   JSR &B197
     B27B   20 4A B1   JSR &B14A
     B27E   4C 43 80   JMP &8043
.MMC_RWBlock_CheckIfToTube
     B281   48         PHA
     B282   AD 90 A4   LDA &A490
     B285   8D 72 A4   STA &A472
     B288   AD 91 A4   LDA &A491
     B28B   8D 73 A4   STA &A473
     B28E   AD 74 A4   LDA &A474
     B291   2D 75 A4   AND &A475
     B294   0D D6 A4   ORA &A4D6
     B297   49 FF      EOR #&FF
     B299   8D 9E A4   STA &A49E
     B29C   38         SEC
     B29D   F0 0D      BEQ &B2AC
     B29F   20 07 8D   JSR &8D07
     B2A2   A2 72      LDX #&72
     B2A4   A0 A4      LDY #&A4
     B2A6   68         PLA
     B2A7   48         PHA
     B2A8   20 06 04   JSR &0406
     B2AB   18         CLC
.notTube
     B2AC   68         PLA
     B2AD   60         RTS
.MMC_ReadBlock
     B2AE   20 39 80   JSR &8039
     B2B1   20 B8 B2   JSR &B2B8
     B2B4   4C 43 80   JMP &8043
.rb1_exit
     B2B7   60         RTS
.rdblk
     B2B8   A6 CE      LDX &CE
     B2BA   D0 04      BNE &B2C0
     B2BC   A5 CF      LDA &CF
     B2BE   F0 F7      BEQ &B2B7
.rb1
     B2C0   A9 01      LDA #&01
     B2C2   20 81 B2   JSR &B281
     B2C5   A6 CE      LDX &CE
     B2C7   66 BE      ROR &BE
     B2C9   66 C2      ROR &C2
     B2CB   10 07      BPL &B2D4
     B2CD   E8         INX
     B2CE   86 CE      STX &CE
     B2D0   D0 02      BNE &B2D4
     B2D2   E6 CF      INC &CF
.rb2
     B2D4   06 BE      ASL &BE
     B2D6   20 EE B1   JSR &B1EE
     B2D9   A5 CF      LDA &CF
     B2DB   D0 0E      BNE &B2EB
     B2DD   A6 CE      LDX &CE
     B2DF   E0 03      CPX #&03
     B2E1   B0 08      BCS &B2EB
.rb4_loop
     B2E3   A5 C3      LDA &C3
     B2E5   D0 40      BNE &B327
     B2E7   E0 01      CPX #&01
     B2E9   F0 33      BEQ &B31E
.rb3
     B2EB   24 C2      BIT &C2
     B2ED   10 0D      BPL &B2FC
     B2EF   20 0B B2   JSR &B20B
     B2F2   A0 00      LDY #&00
     B2F4   84 C2      STY &C2
     B2F6   20 EC B0   JSR &B0EC
     B2F9   4C 04 B3   JMP &B304
.rb6_loop
     B2FC   20 0B B2   JSR &B20B
     B2FF   20 60 B1   JSR &B160
     B302   E6 BD      INC &BD
.rb7
     B304   20 60 B1   JSR &B160
     B307   E6 BD      INC &BD
     B309   20 EB B0   JSR &B0EB
     B30C   20 D7 B4   JSR &B4D7
     B30F   20 F4 B3   JSR &B3F4
     B312   F0 A3      BEQ &B2B7
     B314   A5 CF      LDA &CF
     B316   D0 E4      BNE &B2FC
     B318   E0 03      CPX #&03
     B31A   B0 E0      BCS &B2FC
     B31C   90 C5      BCC &B2E3
.rb9
     B31E   20 0B B2   JSR &B20B
     B321   20 60 B1   JSR &B160
     B324   4C 4E B3   JMP &B34E
.rb5
     B327   20 0B B2   JSR &B20B
     B32A   24 C2      BIT &C2
     B32C   10 08      BPL &B336
     B32E   A0 00      LDY #&00
     B330   20 EC B0   JSR &B0EC
     B333   4C 3F B3   JMP &B33F
.rbx1
     B336   C6 CE      DEC &CE
     B338   F0 05      BEQ &B33F
     B33A   20 60 B1   JSR &B160
     B33D   E6 BD      INC &BD
.rbx2
     B33F   20 72 B1   JSR &B172
     B342   98         TYA
     B343   49 FF      EOR #&FF
     B345   A8         TAY
     B346   C8         INY
     B347   20 EC B0   JSR &B0EC
     B34A   A5 CE      LDA &CE
     B34C   D0 05      BNE &B353
.rbx4
     B34E   A0 00      LDY #&00
     B350   20 EC B0   JSR &B0EC
.rbx3
     B353   4C EB B0   JMP &B0EB
.wb1_exit
     B356   60         RTS
.MMC_WriteBlock
     B357   20 39 80   JSR &8039
     B35A   20 60 B3   JSR &B360
     B35D   4C 43 80   JMP &8043
.wrblk
     B360   A6 CE      LDX &CE
     B362   D0 04      BNE &B368
     B364   A5 CF      LDA &CF
     B366   F0 EE      BEQ &B356
.wb1
     B368   A9 00      LDA #&00
     B36A   20 81 B2   JSR &B281
     B36D   A6 CE      LDX &CE
     B36F   66 BE      ROR &BE
     B371   6A         ROR A
     B372   06 BE      ASL &BE
     B374   48         PHA
     B375   20 EA B1   JSR &B1EA
     B378   68         PLA
     B379   10 32      BPL &B3AD
     B37B   A9 51      LDA #&51
     B37D   8D 88 A4   STA &A488
     B380   20 0B B2   JSR &B20B
     B383   20 F5 B0   JSR &B0F5
     B386   A0 00      LDY #&00
     B388   20 EC B0   JSR &B0EC
     B38B   A0 02      LDY #&02
     B38D   20 EC B0   JSR &B0EC
     B390   A9 58      LDA #&58
     B392   8D 88 A4   STA &A488
     B395   20 27 B2   JSR &B227
     B398   20 F5 B0   JSR &B0F5
     B39B   20 97 B1   JSR &B197
     B39E   20 4A B1   JSR &B14A
     B3A1   A9 FF      LDA #&FF
     B3A3   20 F6 B3   JSR &B3F6
     B3A6   F0 AE      BEQ &B356
     B3A8   E6 BD      INC &BD
.wb4
     B3AA   20 D7 B4   JSR &B4D7
.wb2
     B3AD   A5 CF      LDA &CF
     B3AF   D0 2D      BNE &B3DE
     B3B1   A6 CE      LDX &CE
     B3B3   F0 3E      BEQ &B3F3
     B3B5   CA         DEX
     B3B6   D0 26      BNE &B3DE
     B3B8   A9 51      LDA #&51
     B3BA   8D 88 A4   STA &A488
     B3BD   20 0B B2   JSR &B20B
     B3C0   A0 00      LDY #&00
     B3C2   20 EC B0   JSR &B0EC
     B3C5   20 F5 B0   JSR &B0F5
     B3C8   A0 02      LDY #&02
     B3CA   20 EC B0   JSR &B0EC
     B3CD   A9 58      LDA #&58
     B3CF   8D 88 A4   STA &A488
     B3D2   20 27 B2   JSR &B227
     B3D5   20 97 B1   JSR &B197
     B3D8   20 F5 B0   JSR &B0F5
     B3DB   4C 4A B1   JMP &B14A
.wb3
     B3DE   20 27 B2   JSR &B227
     B3E1   20 97 B1   JSR &B197
     B3E4   E6 BD      INC &BD
     B3E6   20 97 B1   JSR &B197
     B3E9   E6 BD      INC &BD
     B3EB   20 4A B1   JSR &B14A
     B3EE   20 F4 B3   JSR &B3F4
     B3F1   D0 B7      BNE &B3AA
.wb5
     B3F3   60         RTS
.dec_seccountby2
     B3F4   A9 FE      LDA #&FE
.dec_seccount
     B3F6   18         CLC
     B3F7   65 CE      ADC &CE
     B3F9   85 CE      STA &CE
     B3FB   AA         TAX
     B3FC   A9 FF      LDA #&FF
     B3FE   65 CF      ADC &CF
     B400   85 CF      STA &CF
     B402   05 CE      ORA &CE
     B404   60         RTS
.MMC_ReadDiscTitle
     B405   20 39 80   JSR &8039
     B408   A9 00      LDA #&00
     B40A   8D 9E A4   STA &A49E
     B40D   A2 02      LDX #&02
.loop
     B40F   B5 B4      LDA &B4,X
     B411   95 BE      STA &BE,X
     B413   CA         DEX
     B414   10 F9      BPL &B40F
     B416   20 EE B1   JSR &B1EE
     B419   20 0B B2   JSR &B20B
     B41C   A9 00      LDA #&00
     B41E   85 BC      STA &BC
     B420   A9 A4      LDA #&A4
     B422   85 BD      STA &BD
     B424   A9 08      LDA #&08
     B426   85 C3      STA &C3
     B428   20 72 B1   JSR &B172
     B42B   A0 F8      LDY #&F8
     B42D   20 EC B0   JSR &B0EC
     B430   A9 08      LDA #&08
     B432   85 BC      STA &BC
     B434   85 C3      STA &C3
     B436   20 72 B1   JSR &B172
     B439   A0 FA      LDY #&FA
     B43B   20 EC B0   JSR &B0EC
     B43E   4C 43 80   JMP &8043
.MMC_BEGIN2
     B441   20 F4 83   JSR &83F4
     B444   20 4A B4   JSR &B44A
     B447   4C CC B4   JMP &B4CC
.MMC_BEGIN1
     B44A   A2 09      LDX #&09
.begloop1
     B44C   B5 BC      LDA &BC,X
     B44E   9D 90 A4   STA &A490,X
     B451   CA         DEX
     B452   10 F8      BPL &B44C
     B454   20 AE B0   JSR &B0AE
     B457   2C 9F A4   BIT &A49F
     B45A   70 08      BVS &B464
     B45C   20 D7 B1   JSR &B1D7
     B45F   B0 12      BCS &B473
     B461   20 A1 B4   JSR &B4A1
.beg2
     B464   20 AE AC   JSR &ACAE
     B467   AD EA A4   LDA &A4EA
     B46A   F0 01      BEQ &B46D
     B46C   60         RTS
.beg3
     B46D   20 CF AC   JSR &ACCF
     B470   4C 7D B4   JMP &B47D
.carderr
     B473   20 70 80   JSR &8070
     B476   FF
     B477   43 61 72 ...
     B47C   00
.MMC_LoadDisks
     B47D   A2 03      LDX #&03
.loop
     B47F   20 93 B4   JSR &B493
     B482   BD 00 A2   LDA &A200,X
     B485   85 B8      STA &B8
     B487   BD 04 A2   LDA &A204,X
     B48A   85 B9      STA &B9
     B48C   20 79 AF   JSR &AF79
     B48F   CA         DEX
     B490   10 ED      BPL &B47F
     B492   60         RTS
.LoadBaseSector
     B493   8A         TXA
     B494   48         PHA
     B495   AD ED A4   LDA &A4ED
Macro DO_ASLA_X4:
     B498   20 26 82   JSR &8226
End macro DO_ASLA_X4
     B49B   20 06 B0   JSR &B006
     B49E   68         PLA
     B49F   AA         TAX
     B4A0   60         RTS
.MMC_CheckCardID
     B4A1   20 AE AC   JSR &ACAE
     B4A4   AD EA A4   LDA &A4EA
     B4A7   F0 0D      BEQ &B4B6
     B4A9   20 E6 B1   JSR &B1E6
     B4AC   CD EC A4   CMP &A4EC
     B4AF   D0 06      BNE &B4B7
     B4B1   CC EB A4   CPY &A4EB
     B4B4   D0 01      BNE &B4B7
.cid_x
     B4B6   60         RTS
.errCardChanged
     B4B7   A9 00      LDA #&00
     B4B9   8D 9F A4   STA &A49F
     B4BC   20 70 80   JSR &8070
     B4BF   FF
     B4C0   57 72 6F ...
     B4CB   00
.MMC_END
     B4CC   A2 09      LDX #&09
.eloop0
     B4CE   BD 90 A4   LDA &A490,X
     B4D1   95 BC      STA &BC,X
     B4D3   CA         DEX
     B4D4   10 F8      BPL &B4CE
     B4D6   60         RTS
.incCommandAddress
     B4D7   AD DE A4   LDA &A4DE
     B4DA   D0 11      BNE &B4ED
     B4DC   EE 8B A4   INC &A48B
.incMS
     B4DF   EE 8B A4   INC &A48B
     B4E2   D0 08      BNE &B4EC
     B4E4   EE 8A A4   INC &A48A
     B4E7   D0 03      BNE &B4EC
     B4E9   EE 89 A4   INC &A489
.incDone
     B4EC   60         RTS
.incCommandAddressSDHC
     B4ED   EE 8C A4   INC &A48C
     B4F0   F0 ED      BEQ &B4DF
     B4F2   60         RTS
Processed file 'MMC.asm' ok
.CMD_DRECAT
     B4F3   20 84 9A   JSR &9A84
     B4F6   A2 FF      LDX #&FF
     B4F8   20 D3 AD   JSR &ADD3
     B4FB   A2 02      LDX #&02
.drc_loop1
     B4FD   B5 BE      LDA &BE,X
     B4FF   95 B4      STA &B4,X
     B501   CA         DEX
     B502   10 F9      BPL &B4FD
     B504   20 1A B0   JSR &B01A
.drc_loop2
     B507   20 05 B4   JSR &B405
     B50A   A0 0B      LDY #&0B
.drc_loop4
     B50C   B9 00 A4   LDA &A400,Y
     B50F   91 B0      STA (&B0),Y
     B511   88         DEY
     B512   10 F8      BPL &B50C
     B514   A5 B1      LDA &B1
     B516   C9 A3      CMP #&A3
     B518   90 14      BCC &B52E
     B51A   A5 B0      LDA &B0
     B51C   C9 F0      CMP #&F0
     B51E   90 0E      BCC &B52E
     B520   20 14 B0   JSR &B014
     B523   A5 B2      LDA &B2
     B525   29 0F      AND #&0F
     B527   C9 0F      CMP #&0F
     B529   90 03      BCC &B52E
     B52B   A9 3F      LDA #&3F
     B52D   2C
.skipsave
     B52E   A9 20      LDA #&20
     B530   65 B4      ADC &B4
     B532   85 B4      STA &B4
     B534   A9 03      LDA #&03
     B536   65 B5      ADC &B5
     B538   85 B5      STA &B5
     B53A   90 02      BCC &B53E
     B53C   E6 B6      INC &B6
.drc_label3
     B53E   20 57 B0   JSR &B057
     B541   90 C4      BCC &B507
     B543   4C 14 B0   JMP &B014
.DMatchInit
     B546   A2 00      LDX #&00
     B548   8E 0E A4   STX &A40E
     B54B   18         CLC
     B54C   20 C2 FF   JSR &FFC2
     B54F   F0 20      BEQ &B571
.dmiLoop
     B551   20 C5 FF   JSR &FFC5
     B554   B0 1B      BCS &B571
     B556   C9 2A      CMP #&2A
     B558   F0 24      BEQ &B57E
     B55A   C9 61      CMP #&61
     B55C   90 06      BCC &B564
     B55E   C9 7B      CMP #&7B
     B560   B0 02      BCS &B564
     B562   49 20      EOR #&20
.dmiUcase
     B564   9D 00 A4   STA &A400,X
     B567   E8         INX
     B568   E0 0C      CPX #&0C
     B56A   D0 E5      BNE &B551
.dmiEnd
     B56C   20 C5 FF   JSR &FFC5
     B56F   90 12      BCC &B583
.dmiExit
     B571   C9 0D      CMP #&0D
     B573   D0 1D      BNE &B592
     B575   A9 00      LDA #&00
     B577   9D 00 A4   STA &A400,X
     B57A   8E 0D A4   STX &A40D
     B57D   60         RTS
.dmiStar
     B57E   8D 0E A4   STA &A40E
     B581   F0 E9      BEQ &B56C
.ErrBadString
     B583   20 70 80   JSR &8070
     B586   FF
     B587   42 61 64 ...
     B591   00
.dmiSyntax
     B592   4C 8A 9A   JMP &9A8A
.DMatch
     B595   A0 00      LDY #&00
     B597   AE 0D A4   LDX &A40D
     B59A   F0 17      BEQ &B5B3
.dmatlp
     B59C   B1 B0      LDA (&B0),Y
     B59E   F0 25      BEQ &B5C5
     B5A0   C9 61      CMP #&61
     B5A2   90 06      BCC &B5AA
     B5A4   C9 7B      CMP #&7B
     B5A6   B0 02      BCS &B5AA
     B5A8   49 20      EOR #&20
.dmnotlc
     B5AA   D9 00 A4   CMP &A400,Y
     B5AD   D0 16      BNE &B5C5
     B5AF   C8         INY
     B5B0   CA         DEX
     B5B1   D0 E9      BNE &B59C
.dmatend
     B5B3   B1 B0      LDA (&B0),Y
     B5B5   F0 0C      BEQ &B5C3
     B5B7   AD 0D A4   LDA &A40D
     B5BA   C9 0C      CMP #&0C
     B5BC   F0 05      BEQ &B5C3
     B5BE   AD 0E A4   LDA &A40E
     B5C1   F0 02      BEQ &B5C5
.dmmatyes
     B5C3   18         CLC
     B5C4   60         RTS
.dmatnomatch
     B5C5   38         SEC
     B5C6   60         RTS
.PrintDCat
     B5C7   B0 05      BCS &B5CE
     B5C9   A9 20      LDA #&20
     B5CB   20 DC 80   JSR &80DC
.pdcnospc
     B5CE   20 2C 84   JSR &842C
     B5D1   A2 20      LDX #&20
     B5D3   20 2E B6   JSR &B62E
     B5D6   A9 20      LDA #&20
     B5D8   20 DC 80   JSR &80DC
     B5DB   A0 0F      LDY #&0F
     B5DD   B1 B0      LDA (&B0),Y
     B5DF   30 2F      BMI &B610
     B5E1   A0 00      LDY #&00
.pdcloop
     B5E3   B1 B0      LDA (&B0),Y
     B5E5   F0 12      BEQ &B5F9
     B5E7   C9 20      CMP #&20
     B5E9   90 04      BCC &B5EF
     B5EB   C9 7F      CMP #&7F
     B5ED   D0 02      BNE &B5F1
.pdcdot
     B5EF   A9 2E      LDA #&2E
.pdcprint
     B5F1   20 DC 80   JSR &80DC
     B5F4   C8         INY
     B5F5   C0 0C      CPY #&0C
     B5F7   D0 EA      BNE &B5E3
.pdcspc
     B5F9   A9 20      LDA #&20
.pdcspclp
     B5FB   20 DC 80   JSR &80DC
     B5FE   C8         INY
     B5FF   C0 0D      CPY #&0D
     B601   D0 F8      BNE &B5FB
     B603   AA         TAX
     B604   A0 0F      LDY #&0F
     B606   B1 B0      LDA (&B0),Y
     B608   D0 02      BNE &B60C
     B60A   A2 50      LDX #&50
.pdcnoprot
     B60C   8A         TXA
     B60D   4C DC 80   JMP &80DC
.pdcnotform
     B610   A0 0D      LDY #&0D
     B612   20 0F 82   JSR &820F
     B615   A9 55      LDA #&55
     B617   4C DC 80   JMP &80DC
.PrtDiskNo
     B61A   20 1D 84   JSR &841D
     B61D   BD DF A4   LDA &A4DF,X
     B620   85 B8      STA &B8
     B622   BD E3 A4   LDA &A4E3,X
Macro MASK_DISKNO:
     B625   29 1F      AND #&1F
End macro MASK_DISKNO
     B627   85 B9      STA &B9
     B629   20 2C 84   JSR &842C
     B62C   A2 00      LDX #&00
.DecNo_Print
     B62E   A0 B5      LDY #&B5
.DecNo_Print_zp_y
     B630   B9 00 00   LDA &0000,Y
     B633   48         PHA
     B634   B9 01 00   LDA &0001,Y
     B637   A0 04      LDY #&04
     B639   20 3D B6   JSR &B63D
     B63C   68         PLA
.PrintDec
     B63D   48         PHA
     B63E   4A         LSR A
     B63F   4A         LSR A
     B640   4A         LSR A
     B641   4A         LSR A
     B642   20 46 B6   JSR &B646
     B645   68         PLA
.pdec1
     B646   29 0F      AND #&0F
     B648   F0 07      BEQ &B651
     B64A   A2 30      LDX #&30
     B64C   09 30      ORA #&30
     B64E   4C DC 80   JMP &80DC
.pdec2
     B651   88         DEY
     B652   D0 02      BNE &B656
     B654   A2 30      LDX #&30
.pdec3
     B656   8A         TXA
     B657   4C DC 80   JMP &80DC
.CMD_DABOUT
     B65A   A2 00      LDX #&00
.loop
     B65C   BD 09 80   LDA &8009,X
     B65F   D0 02      BNE &B663
     B661   A9 0D      LDA #&0D
.print
     B663   20 E3 FF   JSR &FFE3
     B666   E8         INX
     B667   E0 2D      CPX #&2D
     B669   D0 F1      BNE &B65C
     B66B   60         RTS
.CMD_DBASE
     B66C   20 C1 81   JSR &81C1
     B66F   F0 20      BEQ &B691
     B671   20 61 84   JSR &8461
     B674   B0 4B      BCS &B6C1
     B676   D0 49      BNE &B6C1
     B678   EC EE A4   CPX &A4EE
     B67B   B0 44      BCS &B6C1
     B67D   8E ED A4   STX &A4ED
     B680   20 C5 AC   JSR &ACC5
     B683   A9 00      LDA #&00
     B685   20 06 B0   JSR &B006
     B688   AD ED A4   LDA &A4ED
     B68B   8D 09 A2   STA &A209
     B68E   4C 14 B0   JMP &B014
.info
     B691   20 9D 80   JSR &809D
     B694   4D 4D 42 ...
     B69E   AD ED A4   LDA &A4ED
     B6A1   20 B4 B6   JSR &B6B4
     B6A4   20 9D 80   JSR &809D
     B6A7   4D 4D 42 ...
     B6B1   AD EE A4   LDA &A4EE
.printdec
     B6B4   20 50 84   JSR &8450
     B6B7   A2 00      LDX #&00
     B6B9   A0 02      LDY #&02
     B6BB   20 3D B6   JSR &B63D
     B6BE   4C 7B 83   JMP &837B
.invalid
     B6C1   4C 66 8A   JMP &8A66
.CMD_DBOOT
     B6C4   20 7E 9A   JSR &9A7E
     B6C7   A9 00      LDA #&00
     B6C9   85 CD      STA &CD
     B6CB   20 76 8C   JSR &8C76
     B6CE   20 77 AF   JSR &AF77
     B6D1   A9 00      LDA #&00
     B6D3   4C 79 8D   JMP &8D79
.CMD_DIN
     B6D6   20 40 8C   JSR &8C40
     B6D9   4C 77 AF   JMP &AF77
.CMD_DOUT
     B6DC   20 0D 8C   JSR &8C0D
.unloaddrive
     B6DF   20 AE AC   JSR &ACAE
     B6E2   A6 CD      LDX &CD
     B6E4   8A         TXA
     B6E5   4C C2 AC   JMP &ACC2
.CMD_DCAT
     B6E8   A9 00      LDA #&00
     B6EA   85 B7      STA &B7
     B6EC   85 A8      STA &A8
     B6EE   85 A9      STA &A9
     B6F0   20 61 84   JSR &8461
     B6F3   B0 25      BCS &B71A
     B6F5   86 AA      STX &AA
     B6F7   86 B8      STX &B8
     B6F9   85 AB      STA &AB
     B6FB   85 B9      STA &B9
     B6FD   20 61 84   JSR &8461
     B700   B0 1F      BCS &B721
     B702   86 AA      STX &AA
     B704   85 AB      STA &AB
     B706   E4 B8      CPX &B8
     B708   E5 B9      SBC &B9
     B70A   10 1B      BPL &B727
.badrange
     B70C   20 70 80   JSR &8070
     B70F   FF
     B710   42 61 64 ...
     B719   00
.dc_1
     B71A   A2 FE      LDX #&FE
     B71C   86 AA      STX &AA
     B71E   E8         INX
     B71F   86 AB      STX &AB
.dc_2
     B721   A9 00      LDA #&00
     B723   85 B8      STA &B8
     B725   85 B9      STA &B9
.dc_3
     B727   E6 AA      INC &AA
     B729   D0 02      BNE &B72D
     B72B   E6 AB      INC &AB
.dc_4
     B72D   20 46 B5   JSR &B546
     B730   20 22 B0   JSR &B022
     B733   A2 00      LDX #&00
     B735   AD 0D A4   LDA &A40D
     B738   D0 04      BNE &B73E
     B73A   CA         DEX
     B73B   8E 0E A4   STX &A40E
.dclp
     B73E   A5 B9      LDA &B9
     B740   30 1D      BMI &B75F
     B742   A5 B8      LDA &B8
     B744   C5 AA      CMP &AA
     B746   A5 B9      LDA &B9
     B748   E5 AB      SBC &AB
     B74A   B0 13      BCS &B75F
     B74C   20 95 B5   JSR &B595
     B74F   B0 08      BCS &B759
     B751   20 C7 B5   JSR &B5C7
     B754   A2 A8      LDX #&A8
     B756   20 9C B0   JSR &B09C
.dcnxt
     B759   20 57 B0   JSR &B057
     B75C   4C 3E B7   JMP &B73E
.dcfin
     B75F   A9 86      LDA #&86
     B761   20 F4 FF   JSR &FFF4
     B764   E0 00      CPX #&00
     B766   F0 03      BEQ &B76B
     B768   20 7B 83   JSR &837B
.dcEven
     B76B   A0 A8      LDY #&A8
     B76D   20 2D B0   JSR &B02D
     B770   20 66 6F ...
     B776   EA         NOP
     B777   4C 7B 83   JMP &837B
.CMD_DFREE
     B77A   20 84 9A   JSR &9A84
     B77D   A2 00      LDX #&00
     B77F   86 A8      STX &A8
     B781   86 A9      STX &A9
     B783   86 AA      STX &AA
     B785   86 AB      STX &AB
     B787   CA         DEX
     B788   20 1A B0   JSR &B01A
.dfreelp
     B78B   10 05      BPL &B792
     B78D   A2 A8      LDX #&A8
     B78F   20 9C B0   JSR &B09C
.dffmted
     B792   A2 AA      LDX #&AA
     B794   20 9E B0   JSR &B09E
     B797   20 57 B0   JSR &B057
     B79A   90 EF      BCC &B78B
.dffin
     B79C   A2 00      LDX #&00
     B79E   A0 A8      LDY #&A8
     B7A0   20 30 B6   JSR &B630
     B7A3   20 9D 80   JSR &809D
     B7A6   20 6F 66 ...
     B7AA   A0 AA      LDY #&AA
     B7AC   20 2D B0   JSR &B02D
     B7AF   20 66 72 ...
     B7C2   EA         NOP
     B7C3   4C 7B 83   JMP &837B
.CMD_DONBOOT
     B7C6   20 40 8C   JSR &8C40
     B7C9   20 93 B4   JSR &B493
     B7CC   A6 CD      LDX &CD
     B7CE   A5 B8      LDA &B8
     B7D0   9D 00 A2   STA &A200,X
     B7D3   A5 B9      LDA &B9
     B7D5   9D 04 A2   STA &A204,X
     B7D8   4C 14 B0   JMP &B014
.CMD_DDRIVE
     B7DB   84 B3      STY &B3
     B7DD   A9 FF      LDA #&FF
     B7DF   85 B7      STA &B7
     B7E1   A9 03      LDA #&03
     B7E3   85 CD      STA &CD
     B7E5   A4 B3      LDY &B3
     B7E7   20 C1 81   JSR &81C1
     B7EA   F0 05      BEQ &B7F1
     B7EC   20 15 8C   JSR &8C15
     B7EF   90 02      BCC &B7F3
.ddsknoparam
     B7F1   A9 00      LDA #&00
.ddskloop
     B7F3   48         PHA
     B7F4   AA         TAX
     B7F5   A9 3A      LDA #&3A
     B7F7   20 EE FF   JSR &FFEE
     B7FA   8A         TXA
     B7FB   09 30      ORA #&30
     B7FD   20 EE FF   JSR &FFEE
     B800   BD E3 A4   LDA &A4E3,X
     B803   10 13      BPL &B818
Macro MASK_DISKNO:
     B805   29 1F      AND #&1F
End macro MASK_DISKNO
     B807   85 B9      STA &B9
     B809   BD DF A4   LDA &A4DF,X
     B80C   85 B8      STA &B8
     B80E   20 22 B0   JSR &B022
     B811   C9 FF      CMP #&FF
     B813   F0 03      BEQ &B818
     B815   20 C7 B5   JSR &B5C7
.ddcont
     B818   20 E7 FF   JSR &FFE7
     B81B   68         PLA
     B81C   C5 CD      CMP &CD
     B81E   F0 04      BEQ &B824
     B820   69 01      ADC #&01
     B822   90 CF      BCC &B7F3
.ddskexit
     B824   60         RTS
.MarkDriveAsFormatted
     B825   38         SEC
     B826   20 43 AF   JSR &AF43
     B829   10 26      BPL &B851
     B82B   A9 00      LDA #&00
     B82D   A8         TAY
.masf_loop
     B82E   91 B0      STA (&B0),Y
     B830   C8         INY
     B831   C0 0F      CPY #&0F
     B833   D0 F9      BNE &B82E
     B835   98         TYA
     B836   D0 0E      BNE &B846
.dop_Protect
     B838   A9 00      LDA #&00
     B83A   2C
.dop_Unprotect
     B83B   A9 0F      LDA #&0F
.dlul
     B83D   48         PHA
.dkconfirmed
     B83E   20 42 AF   JSR &AF42
     B841   30 0B      BMI &B84E
.drestore
     B843   68         PLA
     B844   A0 0F      LDY #&0F
.masf_status
     B846   91 B0      STA (&B0),Y
     B848   20 14 B0   JSR &B014
     B84B   4C 77 AF   JMP &AF77
.jmpErrNotFormatted
     B84E   4C 84 AD   JMP &AD84
.jmpErrFormatted
     B851   4C 96 AD   JMP &AD96
.dop_Kill
     B854   20 7B 9C   JSR &9C7B
     B857   20 42 AF   JSR &AF42
     B85A   20 4F AD   JSR &AD4F
     B85D   20 22 B0   JSR &B022
     B860   20 9D 80   JSR &809D
     B863   4B 69 6C ...
     B867   EA         NOP
     B868   18         CLC
     B869   20 C7 B5   JSR &B5C7
     B86C   20 9D 80   JSR &809D
     B86F   20 3A 20 
     B872   EA         NOP
     B873   20 E1 9C   JSR &9CE1
     B876   D0 05      BNE &B87D
     B878   A9 F0      LDA #&F0
     B87A   48         PHA
     B87B   D0 C1      BNE &B83E
.dkcancel
     B87D   60         RTS
.dop_Restore
     B87E   A9 0F      LDA #&0F
     B880   48         PHA
     B881   38         SEC
     B882   20 43 AF   JSR &AF43
     B885   30 BC      BMI &B843
     B887   10 C8      BPL &B851
.dop_New
     B889   A2 FF      LDX #&FF
     B88B   20 1A B0   JSR &B01A
.fdkloop
     B88E   B0 2F      BCS &B8BF
     B890   C9 F0      CMP #&F0
     B892   F0 06      BEQ &B89A
     B894   20 57 B0   JSR &B057
     B897   4C 8E B8   JMP &B88E
.fdkfound
     B89A   20 2C 84   JSR &842C
     B89D   20 77 AF   JSR &AF77
     B8A0   20 9D 80   JSR &809D
     B8A3   44 69 73 ...
     B8A8   A2 00      LDX #&00
     B8AA   20 2E B6   JSR &B62E
     B8AD   20 9D 80   JSR &809D
     B8B0   20 69 6E ...
     B8B5   A5 CD      LDA &CD
     B8B7   09 30      ORA #&30
     B8B9   20 EE FF   JSR &FFEE
     B8BC   4C E7 FF   JMP &FFE7
.ErrNoFreeDisks
     B8BF   20 70 80   JSR &8070
     B8C2   FF
     B8C3   4E 6F 20 ...
     B8D0   00
.CMD_DOP
     B8D1   20 C1 81   JSR &81C1
     B8D4   F0 0C      BEQ &B8E2
     B8D6   29 DF      AND #&DF
     B8D8   A2 05      LDX #&05
.optloop
     B8DA   DD F1 B8   CMP &B8F1,X
     B8DD   F0 06      BEQ &B8E5
     B8DF   CA         DEX
     B8E0   10 F8      BPL &B8DA
.opterr
     B8E2   4C 66 8A   JMP &8A66
.optok
     B8E5   BD F6 B8   LDA &B8F6,X
     B8E8   48         PHA
     B8E9   BD FB B8   LDA &B8FB,X
     B8EC   48         PHA
     B8ED   C8         INY
     B8EE   4C 0D 8C   JMP &8C0D
.dop
     B8F1   52 4B 4E ...
.dopexhi
     B8F6   B8
     B8F7   B8
     B8F8   B8
     B8F9   B8
     B8FA   B8
.dopexlo
     B8FB   7D
     B8FC   53
     B8FD   88
     B8FE   3A
     B8FF   37
Including file OSWORD7F.asm
.Osword7F_8271_Emulation
     B900   A0 01      LDY #&01
     B902   A2 02      LDX #&02
     B904   20 30 81   JSR &8130
     B907   A0 00      LDY #&00
     B909   84 C3      STY &C3
     B90B   84 CF      STY &CF
     B90D   B1 B0      LDA (&B0),Y
     B90F   30 03      BMI &B914
     B911   20 08 8C   JSR &8C08
.ownoreset
     B914   20 41 B4   JSR &B441
     B917   A6 CD      LDX &CD
     B919   20 D3 AD   JSR &ADD3
     B91C   A0 05      LDY #&05
     B91E   B1 B0      LDA (&B0),Y
     B920   18         CLC
     B921   69 07      ADC #&07
     B923   85 B2      STA &B2
     B925   20 2F B9   JSR &B92F
     B928   A4 B2      LDY &B2
     B92A   91 B0      STA (&B0),Y
.owuknown
     B92C   A9 00      LDA #&00
     B92E   60         RTS
.ow7F
     B92F   A6 CD      LDX &CD
     B931   BD E3 A4   LDA &A4E3,X
     B934   10 21      BPL &B957
     B936   29 20      AND #&20
     B938   D0 1A      BNE &B954
     B93A   C8         INY
     B93B   B1 B0      LDA (&B0),Y
     B93D   85 B3      STA &B3
     B93F   C9 53      CMP #&53
     B941   F0 1A      BEQ &B95D
     B943   C9 57      CMP #&57
     B945   F0 16      BEQ &B95D
     B947   C9 4B      CMP #&4B
     B949   D0 E1      BNE &B92C
     B94B   BD E3 A4   LDA &A4E3,X
     B94E   0A         ASL A
     B94F   10 0C      BPL &B95D
     B951   A9 12      LDA #&12
     B953   60         RTS
.ownosector
     B954   A9 1E      LDA #&1E
     B956   60         RTS
.owdrvnotrdy
     B957   A9 10      LDA #&10
     B959   60         RTS
.owfault
     B95A   A9 FF      LDA #&FF
     B95C   60         RTS
.owrw
     B95D   A5 B2      LDA &B2
     B95F   C9 0A      CMP #&0A
     B961   D0 F7      BNE &B95A
     B963   A9 00      LDA #&00
     B965   85 B5      STA &B5
     B967   C8         INY
     B968   B1 B0      LDA (&B0),Y
     B96A   C9 50      CMP #&50
     B96C   B0 E6      BCS &B954
     B96E   0A         ASL A
     B96F   85 B4      STA &B4
     B971   0A         ASL A
     B972   26 B5      ROL &B5
     B974   0A         ASL A
     B975   26 B5      ROL &B5
     B977   65 B4      ADC &B4
     B979   85 B4      STA &B4
     B97B   90 02      BCC &B97F
     B97D   E6 B5      INC &B5
.owsk1
     B97F   C8         INY
     B980   B1 B0      LDA (&B0),Y
     B982   C9 0A      CMP #&0A
     B984   B0 CE      BCS &B954
     B986   65 B4      ADC &B4
     B988   85 B4      STA &B4
     B98A   90 02      BCC &B98E
     B98C   E6 B5      INC &B5
.owsk2
     B98E   C8         INY
     B98F   B1 B0      LDA (&B0),Y
     B991   29 1F      AND #&1F
     B993   F0 2C      BEQ &B9C1
     B995   85 CE      STA &CE
     B997   18         CLC
     B998   88         DEY
     B999   71 B0      ADC (&B0),Y
     B99B   C9 0B      CMP #&0B
     B99D   B0 B5      BCS &B954
     B99F   18         CLC
     B9A0   A5 BE      LDA &BE
     B9A2   65 B4      ADC &B4
     B9A4   85 BE      STA &BE
     B9A6   A5 BF      LDA &BF
     B9A8   65 B5      ADC &B5
     B9AA   85 BF      STA &BF
     B9AC   90 02      BCC &B9B0
     B9AE   E6 C0      INC &C0
.owsk4
     B9B0   A5 B3      LDA &B3
     B9B2   C9 4B      CMP #&4B
     B9B4   F0 0E      BEQ &B9C4
     B9B6   20 AE B2   JSR &B2AE
.owexit
     B9B9   AD 9E A4   LDA &A49E
     B9BC   F0 03      BEQ &B9C1
     B9BE   20 16 8D   JSR &8D16
.owretok
     B9C1   A9 00      LDA #&00
     B9C3   60         RTS
.owwrite
     B9C4   20 57 B3   JSR &B357
     B9C7   4C B9 B9   JMP &B9B9
Processed file 'OSWORD7F.asm' ok
Including file ROMS.asm
.CMD_ROMS
     B9CA   20 E6 BA   JSR &BAE6
     B9CD   85 A8      STA &A8
     B9CF   A9 0F      LDA #&0F
     B9D1   85 AA      STA &AA
     B9D3   20 D9 BA   JSR &BAD9
     B9D6   38         SEC
     B9D7   20 C2 FF   JSR &FFC2
     B9DA   84 AB      STY &AB
     B9DC   18         CLC
     B9DD   F0 1F      BEQ &B9FE
.loopROMnumbers
     B9DF   20 61 84   JSR &8461
     B9E2   B0 1A      BCS &B9FE
     B9E4   C9 00      CMP #&00
     B9E6   D0 F7      BNE &B9DF
     B9E8   E0 10      CPX #&10
     B9EA   B0 F3      BCS &B9DF
     B9EC   8A         TXA
     B9ED   84 AB      STY &AB
     B9EF   85 AA      STA &AA
     B9F1   20 52 BA   JSR &BA52
     B9F4   A4 AB      LDY &AB
     B9F6   20 C1 81   JSR &81C1
     B9F9   84 AB      STY &AB
     B9FB   D0 E2      BNE &B9DF
     B9FD   60         RTS
.Label_A9FF_notnum
     B9FE   66 A8      ROR &A8
.Label_AA01_loop
     BA00   24 A8      BIT &A8
     BA02   10 05      BPL &BA09
     BA04   20 11 BA   JSR &BA11
     BA07   90 03      BCC &BA0C
.Label_AA0A
     BA09   20 52 BA   JSR &BA52
.Label_AA0D_nomatch
     BA0C   C6 AA      DEC &AA
     BA0E   10 F0      BPL &BA00
     BA10   60         RTS
.Sub_AA12_titlecmp
     BA11   A9 09      LDA #&09
     BA13   85 F6      STA &F6
     BA15   A9 80      LDA #&80
     BA17   85 F7      STA &F7
     BA19   A4 AB      LDY &AB
.Label_AA1C_loop
     BA1B   B1 F2      LDA (&F2),Y
     BA1D   C9 0D      CMP #&0D
     BA1F   F0 22      BEQ &BA43
     BA21   C9 22      CMP #&22
     BA23   F0 1E      BEQ &BA43
     BA25   C8         INY
     BA26   C9 2A      CMP #&2A
     BA28   F0 26      BEQ &BA50
     BA2A   20 0F 83   JSR &830F
     BA2D   85 AE      STA &AE
     BA2F   20 CB BA   JSR &BACB
     BA32   F0 0D      BEQ &BA41
     BA34   A6 AE      LDX &AE
     BA36   E0 23      CPX #&23
     BA38   F0 E1      BEQ &BA1B
     BA3A   20 0F 83   JSR &830F
     BA3D   C5 AE      CMP &AE
     BA3F   F0 DA      BEQ &BA1B
.Label_AA42_nomatch
     BA41   18         CLC
     BA42   60         RTS
.Label_AA44
     BA43   20 CB BA   JSR &BACB
     BA46   F0 08      BEQ &BA50
     BA48   C9 20      CMP #&20
     BA4A   F0 F7      BEQ &BA43
     BA4C   C9 0D      CMP #&0D
     BA4E   D0 F1      BNE &BA41
.Label_AA51_match
     BA50   38         SEC
     BA51   60         RTS
.Label_AA53_RomInfo
     BA52   A4 AA      LDY &AA
     BA54   B1 AC      LDA (&AC),Y
     BA56   F0 E9      BEQ &BA41
     BA58   48         PHA
     BA59   20 9D 80   JSR &809D
     BA5C   52 6F 6D ...
     BA60   98         TYA
     BA61   20 F8 80   JSR &80F8
     BA64   20 9D 80   JSR &809D
     BA67   20 3A 20 
     BA6A   A9 28      LDA #&28
     BA6C   20 DC 80   JSR &80DC
     BA6F   68         PLA
     BA70   48         PHA
     BA71   30 04      BMI &BA77
     BA73   A0 20      LDY #&20
     BA75   D0 02      BNE &BA79
.Label_AA78
     BA77   A0 53      LDY #&53
.Label_AA7A
     BA79   98         TYA
     BA7A   20 DC 80   JSR &80DC
     BA7D   68         PLA
     BA7E   A0 20      LDY #&20
     BA80   0A         ASL A
     BA81   10 02      BPL &BA85
     BA83   A0 4C      LDY #&4C
.Label_AA86
     BA85   98         TYA
     BA86   20 DC 80   JSR &80DC
     BA89   A9 29      LDA #&29
     BA8B   20 DC 80   JSR &80DC
     BA8E   20 1C 81   JSR &811C
     BA91   20 99 BA   JSR &BA99
     BA94   20 7B 83   JSR &837B
     BA97   38         SEC
     BA98   60         RTS
.Label_AA9A_PrtRomTitle
     BA99   A9 07      LDA #&07
     BA9B   85 F6      STA &F6
     BA9D   A9 80      LDA #&80
     BA9F   85 F7      STA &F7
     BAA1   20 CB BA   JSR &BACB
     BAA4   85 AE      STA &AE
     BAA6   E6 F6      INC &F6
     BAA8   A0 1E      LDY #&1E
     BAAA   20 BE BA   JSR &BABE
     BAAD   B0 1B      BCS &BACA
     BAAF   20 1C 81   JSR &811C
     BAB2   90 09      BCC &BABD
.Label_AAB8_loop
     BAB4   C9 20      CMP #&20
     BAB6   B0 02      BCS &BABA
     BAB8   A9 20      LDA #&20
.Label_AABE
     BABA   20 DC 80   JSR &80DC
.DEY_Sub_AAC2_PrintRomStr
     BABD   88         DEY
.Sub_AAC2_PrintRomStr
     BABE   A5 F6      LDA &F6
     BAC0   C5 AE      CMP &AE
     BAC2   B0 06      BCS &BACA
     BAC4   20 CB BA   JSR &BACB
     BAC7   D0 EB      BNE &BAB4
     BAC9   18         CLC
.Label_AACE_rts
     BACA   60         RTS
.Sub_AACF_ReadRom
     BACB   98         TYA
     BACC   48         PHA
     BACD   A4 AA      LDY &AA
     BACF   20 B9 FF   JSR &FFB9
     BAD2   E6 F6      INC &F6
     BAD4   AA         TAX
     BAD5   68         PLA
     BAD6   A8         TAY
     BAD7   8A         TXA
     BAD8   60         RTS
.Sub_AADD_RomTablePtrBA
     BAD9   20 1D 84   JSR &841D
     BADC   A9 AA      LDA #&AA
     BADE   20 FB 93   JSR &93FB
     BAE1   86 AC      STX &AC
     BAE3   84 AD      STY &AD
     BAE5   60         RTS
.Sub_AAEA_StackAZero
     BAE6   BA         TSX
     BAE7   A9 00      LDA #&00
     BAE9   9D 07 01   STA &0107,X
     BAEC   60         RTS
Processed file 'ROMS.asm' ok
Including file Utilities.asm
.CMD_DUMP
     BAED   A9 40      LDA #&40
     BAEF   20 EC BB   JSR &BBEC
     BAF2   A9 00      LDA #&00
     BAF4   48         PHA
     BAF5   AA         TAX
     BAF6   F0 06      BEQ &BAFE
.dump_inc_address
     BAF8   69 08      ADC #&08
     BAFA   48         PHA
     BAFB   90 01      BCC &BAFE
     BAFD   E8         INX
.dump_loop
     BAFE   8A         TXA
     BAFF   20 0B 81   JSR &810B
     BB02   68         PLA
     BB03   48         PHA
     BB04   20 0B 81   JSR &810B
     BB07   8A         TXA
     BB08   48         PHA
     BB09   20 1C 81   JSR &811C
     BB0C   A2 07      LDX #&07
.dump_getbytes_loop
     BB0E   20 D7 FF   JSR &FFD7
     BB11   B0 0B      BCS &BB1E
     BB13   95 A8      STA &A8,X
     BB15   20 0B 81   JSR &810B
     BB18   20 1C 81   JSR &811C
     BB1B   CA         DEX
     BB1C   10 F0      BPL &BB0E
.dump_eof
     BB1E   08         PHP
     BB1F   90 12      BCC &BB33
.dump_padnum_loop
     BB21   A9 2A      LDA #&2A
     BB23   20 EE FF   JSR &FFEE
     BB26   20 EE FF   JSR &FFEE
     BB29   20 1C 81   JSR &811C
     BB2C   A9 00      LDA #&00
     BB2E   95 A8      STA &A8,X
     BB30   CA         DEX
     BB31   10 EE      BPL &BB21
.dump_noteof
     BB33   A2 07      LDX #&07
.dump_chr_loop
     BB35   B5 A8      LDA &A8,X
     BB37   29 7F      AND #&7F
     BB39   C9 7F      CMP #&7F
     BB3B   F0 04      BEQ &BB41
     BB3D   C9 20      CMP #&20
     BB3F   B0 02      BCS &BB43
.showchrdot
     BB41   A9 2E      LDA #&2E
.showchrexit
     BB43   20 EE FF   JSR &FFEE
     BB46   CA         DEX
     BB47   10 EC      BPL &BB35
     BB49   20 E7 FF   JSR &FFE7
     BB4C   28         PLP
     BB4D   68         PLA
     BB4E   AA         TAX
     BB4F   68         PLA
     BB50   24 FF      BIT &FF
     BB52   30 3A      BMI &BB8E
     BB54   90 A2      BCC &BAF8
     BB56   B0 31      BCS &BB89
.CMD_TYPE
     BB58   A9 00      LDA #&00
     BB5A   F0 02      BEQ &BB5E
.CMD_LIST
     BB5C   A9 FF      LDA #&FF
.type
     BB5E   85 AA      STA &AA
     BB60   A9 40      LDA #&40
     BB62   20 EC BB   JSR &BBEC
     BB65   A9 0D      LDA #&0D
.list_loop_entry
     BB67   25 AA      AND &AA
     BB69   49 0D      EOR #&0D
     BB6B   AA         TAX
.list_loop
     BB6C   20 D7 FF   JSR &FFD7
     BB6F   B0 15      BCS &BB86
     BB71   C9 0A      CMP #&0A
     BB73   F0 F7      BEQ &BB6C
     BB75   48         PHA
     BB76   8A         TXA
     BB77   D0 03      BNE &BB7C
     BB79   20 1D BC   JSR &BC1D
.list_skiplineno
     BB7C   68         PLA
     BB7D   20 E3 FF   JSR &FFE3
     BB80   24 FF      BIT &FF
     BB82   30 0A      BMI &BB8E
     BB84   10 E1      BPL &BB67
.list_eof
     BB86   20 E7 FF   JSR &FFE7
.Utils_CloseFile_Yhandle
     BB89   A9 00      LDA #&00
     BB8B   4C CE FF   JMP &FFCE
.Utils_ESCAPE_CloseFileY
     BB8E   20 89 BB   JSR &BB89
     BB91   4C 22 8D   JMP &8D22
.CMD_BUILD
     BB94   A9 80      LDA #&80
     BB96   20 EC BB   JSR &BBEC
.loop_newline
     BB99   20 1D BC   JSR &BC1D
     BB9C   A2 00      LDX #&00
.loop_line
     BB9E   20 E0 FF   JSR &FFE0
     BBA1   B0 EB      BCS &BB8E
     BBA3   C9 15      CMP #&15
     BBA5   F0 11      BEQ &BBB8
     BBA7   C9 7F      CMP #&7F
     BBA9   F0 14      BEQ &BBBF
     BBAB   20 E3 FF   JSR &FFE3
     BBAE   20 D4 FF   JSR &FFD4
     BBB1   E8         INX
     BBB2   C9 0D      CMP #&0D
     BBB4   D0 E8      BNE &BB9E
     BBB6   F0 E1      BEQ &BB99
.clearline
     BBB8   20 C5 BB   JSR &BBC5
     BBBB   D0 FB      BNE &BBB8
     BBBD   F0 DF      BEQ &BB9E
.subpointer
     BBBF   20 C5 BB   JSR &BBC5
     BBC2   4C 9E BB   JMP &BB9E
.fpdec
     BBC5   8A         TXA
     BBC6   F0 23      BEQ &BBEB
     BBC8   48         PHA
     BBC9   A9 7F      LDA #&7F
     BBCB   20 EE FF   JSR &FFEE
     BBCE   A9 00      LDA #&00
     BBD0   A2 AA      LDX #&AA
     BBD2   20 DA FF   JSR &FFDA
     BBD5   A5 AA      LDA &AA
     BBD7   D0 08      BNE &BBE1
     BBD9   A5 AB      LDA &AB
     BBDB   D0 02      BNE &BBDF
     BBDD   C6 AC      DEC &AC
.decmsb
     BBDF   C6 AB      DEC &AB
.declsb
     BBE1   C6 AA      DEC &AA
.fpdecdone
     BBE3   A9 03      LDA #&03
     BBE5   20 DA FF   JSR &FFDA
     BBE8   68         PLA
     BBE9   AA         TAX
     BBEA   CA         DEX
.fpdecrts
     BBEB   60         RTS
.Utils_FilenameAtXY
     BBEC   85 AF      STA &AF
     BBEE   BA         TSX
     BBEF   A9 00      LDA #&00
     BBF1   9D 07 01   STA &0107,X
     BBF4   85 A8      STA &A8
     BBF6   85 A9      STA &A9
     BBF8   88         DEY
.utils_skipspcloop
     BBF9   C8         INY
     BBFA   B1 F2      LDA (&F2),Y
     BBFC   C9 20      CMP #&20
     BBFE   F0 F9      BEQ &BBF9
     BC00   C9 0D      CMP #&0D
     BC02   D0 03      BNE &BC07
     BC04   4C 8A 9A   JMP &9A8A
.utils_notnullstr
     BC07   98         TYA
     BC08   18         CLC
     BC09   65 F2      ADC &F2
     BC0B   AA         TAX
     BC0C   A5 F3      LDA &F3
     BC0E   69 00      ADC #&00
     BC10   A8         TAY
     BC11   A5 AF      LDA &AF
     BC13   20 CE FF   JSR &FFCE
     BC16   F0 02      BEQ &BC1A
     BC18   A8         TAY
     BC19   60         RTS
.utils_filenotfound
     BC1A   4C 3E 82   JMP &823E
.Utils_PrintLineNoA8
     BC1D   20 9C B0   JSR &B09C
     BC20   20 0B 81   JSR &810B
     BC23   A5 A8      LDA &A8
     BC25   20 0B 81   JSR &810B
     BC28   4C 1C 81   JMP &811C
Processed file 'Utilities.asm' ok
.Init12K
     BC2B   08         PHP
     BC2C   48         PHA
     BC2D   8A         TXA
     BC2E   48         PHA
     BC2F   98         TYA
     BC30   48         PHA
     BC31   A9 00      LDA #&00
     BC33   85 B0      STA &B0
     BC35   A9 7F      LDA #&7F
     BC37   85 B1      STA &B1
     BC39   A5 F4      LDA &F4
     BC3B   09 80      ORA #&80
     BC3D   AA         TAX
     BC3E   A0 FF      LDY #&FF
     BC40   D0 09      BNE &BC4B
.loop
     BC42   B1 B0      LDA (&B0),Y
     BC44   86 F4      STX &F4
     BC46   8E 30 FE   STX &FE30
     BC49   91 B0      STA (&B0),Y
.start_loop
     BC4B   8A         TXA
     BC4C   29 7F      AND #&7F
     BC4E   85 F4      STA &F4
     BC50   8D 30 FE   STA &FE30
     BC53   C8         INY
     BC54   D0 EC      BNE &BC42
     BC56   E6 B1      INC &B1
     BC58   A5 B1      LDA &B1
     BC5A   C9 B0      CMP #&B0
     BC5C   F0 0A      BEQ &BC68
     BC5E   C9 A2      CMP #&A2
     BC60   D0 E0      BNE &BC42
     BC62   A9 AB      LDA #&AB
     BC64   85 B1      STA &B1
     BC66   D0 DA      BNE &BC42
.done
     BC68   68         PLA
     BC69   A8         TAY
     BC6A   68         PLA
     BC6B   AA         TAX
     BC6C   68         PLA
     BC6D   28         PLP
     BC6E   60         RTS
.PageIn12K
     BC6F   08         PHP
     BC70   48         PHA
     BC71   A5 F4      LDA &F4
     BC73   09 80      ORA #&80
     BC75   85 F4      STA &F4
     BC77   8D 30 FE   STA &FE30
     BC7A   68         PLA
     BC7B   28         PLP
     BC7C   60         RTS
.PageOut12K
     BC7D   08         PHP
     BC7E   48         PHA
     BC7F   A5 F4      LDA &F4
     BC81   29 7F      AND #&7F
     BC83   85 F4      STA &F4
     BC85   8D 30 FE   STA &FE30
     BC88   68         PLA
     BC89   28         PLP
     BC8A   60         RTS
    code ends at&BC8B  (949 bytes free )
Saving file 'build/1/SWMMFS+'
Processed file 'mmfs100.asm' ok
Processed file 'top_SWMMFS+.asm' ok
