Including file DEVICE.asm
Processed file 'DEVICE.asm' ok
Including file mmfs100.asm
     B6FE   19
     B6FF   67
Including file VERSION.asm
Processed file 'VERSION.asm' ok
Including file SYSVARS.asm
Processed file 'SYSVARS.asm' ok
.langentry
     8000   00         BRK
     8001   00         BRK
     8002   00         BRK
.serventry
     8003   4C 1C 8E   JMP &8E1C
.romtype
     8006   82
.copywoffset
     8007   27
.binversion
     8008   7B
.title
Macro BUILD_NAME:
Macro BASE_NAME:
     8009   4D 6F 64 ...
Macro SYSTEM_NAME:
     8011   4D 4D 46 ...
End macro SYSTEM_NAME
     8015   20 53 57 ...
End macro BASE_NAME
Macro DEVICE_NAME:
     801B   20 50 69 ...
End macro DEVICE_NAME
Macro DFS_EMUL_NAME:
End macro DFS_EMUL_NAME
     8022   00
End macro BUILD_NAME
.version
Macro BUILD_VERSION:
     8023   31 2E 36 ...
     8027   00
End macro BUILD_VERSION
.copyright
Macro BUILD_COPYRIGHT:
     8028   28 43 29 ...
     8036   00
End macro BUILD_COPYRIGHT
.header_end
.Go_FSCV
     8037   6C 1E 02   JMP (&021E)
.SetLEDS
     803A   A2 06      LDX #&06
     803C   8E 40 FE   STX &FE40
     803F   E8         INX
     8040   8E 40 FE   STX &FE40
     8043   60         RTS
.ResetLEDS
     8044   20 F5 83   JSR &83F5
     8047   A9 76      LDA #&76
     8049   4C F4 FF   JMP &FFF4
.errDISK
     804C   20 61 80   JSR &8061
     804F   00         BRK
     8050   44 69 73 ...
     8055   90 21      BCC &8078
.errBAD
     8057   20 61 80   JSR &8061
     805A   00         BRK
     805B   42 61 64 ...
     805F   90 17      BCC &8078
.ReportErrorCB
     8061   AD DD B9   LDA &B9DD
     8064   D0 03      BNE &8069
     8066   20 4B 97   JSR &974B
.brk100_notbuf
     8069   A9 FF      LDA #&FF
     806B   8D 82 B9   STA &B982
     806E   8D DD B9   STA &B9DD
.ReportError
     8071   A2 02      LDX #&02
     8073   A9 00      LDA #&00
     8075   8D 00 01   STA &0100
.ErrCONTINUE
     8078   20 44 80   JSR &8044
.ReportError2
     807B   68         PLA
     807C   85 AE      STA &AE
     807E   68         PLA
     807F   85 AF      STA &AF
     8081   A0 00      LDY #&00
     8083   20 EC 83   JSR &83EC
     8086   8D 01 01   STA &0101
     8089   CA         DEX
.errstr_loop
     808A   E8         INX
     808B   20 EC 83   JSR &83EC
     808E   9D 00 01   STA &0100,X
     8091   30 27      BMI &80BA
     8093   D0 F5      BNE &808A
     8095   20 0F 8D   JSR &8D0F
     8098   4C 00 01   JMP &0100
.PrintNibble_PrintString
     809B   20 04 81   JSR &8104
.PrintString
     809E   85 B3      STA &B3
     80A0   68         PLA
     80A1   85 AE      STA &AE
     80A3   68         PLA
     80A4   85 AF      STA &AF
     80A6   A5 B3      LDA &B3
     80A8   48         PHA
     80A9   98         TYA
     80AA   48         PHA
     80AB   A0 00      LDY #&00
.prtstr_loop
     80AD   20 EC 83   JSR &83EC
     80B0   30 05      BMI &80B7
     80B2   20 DD 80   JSR &80DD
     80B5   10 F6      BPL &80AD
.prtstr_return1
     80B7   68         PLA
     80B8   A8         TAY
     80B9   68         PLA
.prtstr_return2
     80BA   18         CLC
     80BB   6C AE 00   JMP (&00AE)
.PrintStringSPL
     80BE   85 B3      STA &B3
     80C0   68         PLA
     80C1   85 AE      STA &AE
     80C3   68         PLA
     80C4   85 AF      STA &AF
     80C6   A5 B3      LDA &B3
     80C8   48         PHA
     80C9   98         TYA
     80CA   48         PHA
     80CB   A0 00      LDY #&00
.pstr_loop
     80CD   20 EC 83   JSR &83EC
     80D0   30 E5      BMI &80B7
     80D2   20 E3 FF   JSR &FFE3
     80D5   4C CD 80   JMP &80CD
.PrintNibFullStop
     80D8   20 04 81   JSR &8104
.PrintFullStop
     80DB   A9 2E      LDA #&2E
.PrintChrA
     80DD   20 F5 83   JSR &83F5
     80E0   48         PHA
     80E1   A9 EC      LDA #&EC
     80E3   20 B8 93   JSR &93B8
     80E6   8A         TXA
     80E7   48         PHA
     80E8   09 10      ORA #&10
     80EA   AA         TAX
     80EB   20 F4 80   JSR &80F4
     80EE   68         PLA
     80EF   AA         TAX
     80F0   68         PLA
     80F1   20 E3 FF   JSR &FFE3
.osbyte03_Xoutstream
     80F4   A9 03      LDA #&03
     80F6   4C F4 FF   JMP &FFF4
.PrintBCD
     80F9   20 51 84   JSR &8451
.PrintHex
     80FC   48         PHA
     80FD   20 21 82   JSR &8221
     8100   20 04 81   JSR &8104
     8103   68         PLA
.PrintNibble
     8104   20 26 81   JSR &8126
     8107   D0 D4      BNE &80DD
.PrintBCDSPL
     8109   20 51 84   JSR &8451
.PrintHexSPL
     810C   48         PHA
     810D   20 21 82   JSR &8221
     8110   20 14 81   JSR &8114
     8113   68         PLA
.PrintNibbleSPL
     8114   20 26 81   JSR &8126
     8117   4C EE FF   JMP &FFEE
.Print2SpacesSPL
     811A   20 1D 81   JSR &811D
.PrintSpaceSPL
     811D   48         PHA
     811E   A9 20      LDA #&20
     8120   20 EE FF   JSR &FFEE
     8123   68         PLA
     8124   18         CLC
     8125   60         RTS
.NibToASC
     8126   29 0F      AND #&0F
     8128   C9 0A      CMP #&0A
     812A   90 02      BCC &812E
     812C   69 06      ADC #&06
.nibasc
     812E   69 30      ADC #&30
     8130   60         RTS
.CopyVarsB0BA
     8131   20 41 81   JSR &8141
     8134   CA         DEX
     8135   CA         DEX
     8136   20 39 81   JSR &8139
.cpybyte1
     8139   B1 B0      LDA (&B0),Y
     813B   9D 72 B9   STA &B972,X
     813E   E8         INX
     813F   C8         INY
     8140   60         RTS
.CopyWordB0BA
     8141   20 44 81   JSR &8144
.cpybyte2
     8144   B1 B0      LDA (&B0),Y
     8146   95 BA      STA &BA,X
     8148   E8         INX
     8149   C8         INY
     814A   60         RTS
.read_fspTextPointer
     814B   20 FE 8B   JSR &8BFE
     814E   4C 61 81   JMP &8161
.read_fspBA_reset
     8151   20 FE 8B   JSR &8BFE
.read_fspBA
     8154   A5 BA      LDA &BA
     8156   85 F2      STA &F2
     8158   A5 BB      LDA &BB
     815A   85 F3      STA &F3
     815C   A0 00      LDY #&00
     815E   20 C2 81   JSR &81C2
.rdafsp_entry
     8161   A2 20      LDX #&20
     8163   20 A7 81   JSR &81A7
     8166   B0 1B      BCS &8183
     8168   8D 00 B9   STA &B900
     816B   C9 2E      CMP #&2E
     816D   D0 04      BNE &8173
.rdafsp_setdrv
     816F   86 CC      STX &CC
     8171   F0 EE      BEQ &8161
.rdafsp_notdot
     8173   C9 3A      CMP #&3A
     8175   D0 15      BNE &818C
     8177   20 13 8C   JSR &8C13
     817A   20 A7 81   JSR &81A7
     817D   B0 04      BCS &8183
     817F   C9 2E      CMP #&2E
     8181   F0 DE      BEQ &8161
.errBadName
     8183   20 57 80   JSR &8057
     8186   CC
     8187   6E 61 6D ...
     818B   00
.rdafsp_notcolon
     818C   AA         TAX
     818D   20 A7 81   JSR &81A7
     8190   B0 34      BCS &81C6
     8192   C9 2E      CMP #&2E
     8194   F0 D9      BEQ &816F
     8196   A2 01      LDX #&01
.rdafsp_rdfnloop
     8198   9D 00 B9   STA &B900,X
     819B   E8         INX
     819C   20 A7 81   JSR &81A7
     819F   B0 27      BCS &81C8
     81A1   E0 07      CPX #&07
     81A3   D0 F3      BNE &8198
     81A5   F0 DC      BEQ &8183
.GSREAD_A
     81A7   20 C5 FF   JSR &FFC5
     81AA   08         PHP
     81AB   29 7F      AND #&7F
     81AD   C9 0D      CMP #&0D
     81AF   F0 08      BEQ &81B9
     81B1   C9 20      CMP #&20
     81B3   90 CE      BCC &8183
     81B5   C9 7F      CMP #&7F
     81B7   F0 CA      BEQ &8183
.dogsrd_exit
     81B9   28         PLP
     81BA   60         RTS
.SetTextPointerYX
     81BB   86 F2      STX &F2
     81BD   84 F3      STY &F3
     81BF   A0 00      LDY #&00
     81C1   60         RTS
.GSINIT_A
     81C2   18         CLC
     81C3   4C C2 FF   JMP &FFC2
.Rdafsp_padall
     81C6   A2 01      LDX #&01
.rdafsp_padX
     81C8   A9 20      LDA #&20
.rdafsp_padloop
     81CA   9D 00 B9   STA &B900,X
     81CD   E8         INX
     81CE   E0 40      CPX #&40
     81D0   D0 F8      BNE &81CA
     81D2   A2 06      LDX #&06
.rdafsp_cpyfnloop
     81D4   BD 00 B9   LDA &B900,X
     81D7   95 C5      STA &C5,X
     81D9   CA         DEX
     81DA   10 F8      BPL &81D4
     81DC   60         RTS
.prt_filename_Yoffset
     81DD   20 F5 83   JSR &83F5
     81E0   B9 0F B7   LDA &B70F,Y
     81E3   08         PHP
     81E4   29 7F      AND #&7F
     81E6   D0 05      BNE &81ED
     81E8   20 1A 81   JSR &811A
     81EB   F0 06      BEQ &81F3
.prt_filename_prtchr
     81ED   20 DD 80   JSR &80DD
     81F0   20 DB 80   JSR &80DB
.prt_filename_nodir
     81F3   A2 06      LDX #&06
.prt_filename_loop
     81F5   B9 08 B7   LDA &B708,Y
     81F8   29 7F      AND #&7F
     81FA   20 DD 80   JSR &80DD
     81FD   C8         INY
     81FE   CA         DEX
     81FF   10 F4      BPL &81F5
     8201   20 1A 81   JSR &811A
     8204   A9 20      LDA #&20
     8206   28         PLP
     8207   10 02      BPL &820B
     8209   A9 4C      LDA #&4C
.prt_filename_notlocked
     820B   20 DD 80   JSR &80DD
     820E   A0 01      LDY #&01
.prt_Yspaces
     8210   20 1D 81   JSR &811D
     8213   88         DEY
     8214   D0 FA      BNE &8210
     8216   60         RTS
.A_rorx6and3
     8217   4A         LSR A
     8218   4A         LSR A
.A_rorx4and3
     8219   4A         LSR A
     821A   4A         LSR A
.A_rorx2and3
     821B   4A         LSR A
     821C   4A         LSR A
     821D   29 03      AND #&03
     821F   60         RTS
.A_rorx5
     8220   4A         LSR A
.A_rorx4
     8221   4A         LSR A
     8222   4A         LSR A
     8223   4A         LSR A
     8224   4A         LSR A
     8225   60         RTS
.A_rolx5
     8226   0A         ASL A
.A_rolx4
     8227   0A         ASL A
     8228   0A         ASL A
     8229   0A         ASL A
     822A   0A         ASL A
.getcat_exit
     822B   60         RTS
.parameter_afsp_Param_SyntaxErrorIfNull_getcatentry_fspTxtP
     822C   20 C0 92   JSR &92C0
.Param_SyntaxErrorIfNull_getcatentry_fspTxtP
     822F   20 3B 9A   JSR &9A3B
.getcatentry_fspTxtP
     8232   20 4B 81   JSR &814B
     8235   30 03      BMI &823A
.getcatentry_fspBA
     8237   20 51 81   JSR &8151
.getcatentry
     823A   20 7F 82   JSR &827F
     823D   B0 EC      BCS &822B
.err_FILENOTFOUND
     823F   20 71 80   JSR &8071
     8242   D6
     8243   4E 6F 74 ...
     824C   00
.fscv9_starEX
     824D   20 BB 81   JSR &81BB
.CMD_EX
     8250   20 FE 8B   JSR &8BFE
     8253   20 C2 81   JSR &81C2
     8256   F0 03      BEQ &825B
     8258   20 B3 89   JSR &89B3
.cmd_ex_nullstr
     825B   A9 2A      LDA #&2A
     825D   8D 00 B9   STA &B900
     8260   20 C6 81   JSR &81C6
     8263   20 C0 92   JSR &92C0
     8266   20 3A 82   JSR &823A
     8269   4C 76 82   JMP &8276
.fscv10_starINFO
     826C   20 BB 81   JSR &81BB
     826F   A9 4E      LDA #&4E
     8271   85 BF      STA &BF
.CMD_INFO
     8273   20 2C 82   JSR &822C
.cmd_info_loop
     8276   20 4B 83   JSR &834B
     8279   20 86 82   JSR &8286
     827C   B0 F8      BCS &8276
     827E   60         RTS
.get_cat_firstentry80
.get_cat_firstentry81
     827F   20 37 A5   JSR &A537
     8282   A2 00      LDX #&00
     8284   F0 18      BEQ &829E
.get_cat_nextentry
     8286   A2 00      LDX #&00
     8288   F0 18      BEQ &82A2
.get_cat_firstentry80fname
     828A   A2 06      LDX #&06
.getcatloop1
     828C   B5 C5      LDA &C5,X
     828E   9D 58 B9   STA &B958,X
     8291   CA         DEX
     8292   10 F8      BPL &828C
     8294   A9 20      LDA #&20
     8296   8D 5F B9   STA &B95F
     8299   20 37 A5   JSR &A537
     829C   A2 58      LDX #&58
.getcatentry2
     829E   A9 00      LDA #&00
     82A0   85 B6      STA &B6
.getcatsetupB7
     82A2   A9 B7      LDA #&B7
     82A4   85 B7      STA &B7
.getcatloop2
     82A6   A0 00      LDY #&00
     82A8   A5 B6      LDA &B6
     82AA   CD 05 B8   CMP &B805
     82AD   B0 49      BCS &82F8
     82AF   69 08      ADC #&08
     82B1   85 B6      STA &B6
     82B3   20 CD 82   JSR &82CD
     82B6   90 EE      BCC &82A6
     82B8   A5 CC      LDA &CC
     82BA   A0 07      LDY #&07
     82BC   20 FA 82   JSR &82FA
     82BF   D0 E5      BNE &82A6
     82C1   A4 B6      LDY &B6
     82C3   38         SEC
.Y_sub8
     82C4   88         DEY
     82C5   88         DEY
     82C6   88         DEY
     82C7   88         DEY
     82C8   88         DEY
     82C9   88         DEY
     82CA   88         DEY
     82CB   88         DEY
.NotCmdTable2
     82CC   60         RTS
.MatchFilename
     82CD   20 F5 83   JSR &83F5
.matfn_loop1
     82D0   BD 00 B9   LDA &B900,X
     82D3   CD CE B9   CMP &B9CE
     82D6   D0 13      BNE &82EB
     82D8   E8         INX
.matfn_loop2
     82D9   20 CD 82   JSR &82CD
     82DC   B0 1B      BCS &82F9
     82DE   C8         INY
     82DF   C0 07      CPY #&07
     82E1   90 F6      BCC &82D9
.matfn_loop3
     82E3   BD 00 B9   LDA &B900,X
     82E6   C9 20      CMP #&20
     82E8   D0 0E      BNE &82F8
     82EA   60         RTS
.matfn_nomatch
     82EB   C0 07      CPY #&07
     82ED   B0 F4      BCS &82E3
     82EF   20 FA 82   JSR &82FA
     82F2   D0 04      BNE &82F8
     82F4   E8         INX
     82F5   C8         INY
     82F6   D0 D8      BNE &82D0
.matfn_exitC0
     82F8   18         CLC
.matfn_exit
     82F9   60         RTS
.MatchChr
     82FA   CD CE B9   CMP &B9CE
     82FD   F0 10      BEQ &830F
     82FF   CD CD B9   CMP &B9CD
     8302   F0 0B      BEQ &830F
     8304   20 38 83   JSR &8338
     8307   51 B6      EOR (&B6),Y
     8309   B0 02      BCS &830D
     830B   29 5F      AND #&5F
.matchr_notalpha
     830D   29 7F      AND #&7F
.matchr_exit
     830F   60         RTS
.UcaseA2
     8310   08         PHP
     8311   20 38 83   JSR &8338
     8314   B0 02      BCS &8318
     8316   29 5F      AND #&5F
.ucasea
     8318   29 7F      AND #&7F
     831A   28         PLP
     831B   60         RTS
.DeleteCatEntry_YFileOffset
     831C   20 75 93   JSR &9375
.delcatloop
     831F   B9 10 B7   LDA &B710,Y
     8322   99 08 B7   STA &B708,Y
     8325   B9 10 B8   LDA &B810,Y
     8328   99 08 B8   STA &B808,Y
     832B   C8         INY
     832C   CC 05 B8   CPY &B805
     832F   90 EE      BCC &831F
     8331   98         TYA
     8332   E9 08      SBC #&08
     8334   8D 05 B8   STA &B805
.print_infoline_exit
     8337   60         RTS
.IsAlphaChar
     8338   48         PHA
     8339   29 5F      AND #&5F
     833B   C9 41      CMP #&41
     833D   90 04      BCC &8343
     833F   C9 5B      CMP #&5B
     8341   90 01      BCC &8344
.isalpha1
     8343   38         SEC
.isalpha2
     8344   68         PLA
     8345   60         RTS
.prt_InfoMsg_Yoffset
     8346   2C C6 B9   BIT &B9C6
     8349   30 EC      BMI &8337
.prt_InfoLine_Yoffset
     834B   20 F5 83   JSR &83F5
     834E   20 DD 81   JSR &81DD
     8351   98         TYA
     8352   48         PHA
     8353   A9 60      LDA #&60
     8355   85 B0      STA &B0
     8357   A9 B9      LDA #&B9
     8359   85 B1      STA &B1
     835B   20 96 83   JSR &8396
     835E   A0 02      LDY #&02
     8360   20 1D 81   JSR &811D
     8363   20 84 83   JSR &8384
     8366   20 84 83   JSR &8384
     8369   20 84 83   JSR &8384
     836C   68         PLA
     836D   A8         TAY
     836E   B9 0E B8   LDA &B80E,Y
     8371   29 03      AND #&03
     8373   20 04 81   JSR &8104
     8376   B9 0F B8   LDA &B80F,Y
     8379   20 FC 80   JSR &80FC
.PrintNewLine
     837C   48         PHA
     837D   A9 0D      LDA #&0D
     837F   20 DD 80   JSR &80DD
     8382   68         PLA
     8383   60         RTS
.PrintHex3Byte
     8384   A2 03      LDX #&03
.printhex3byte_loop
     8386   B9 62 B9   LDA &B962,Y
     8389   20 FC 80   JSR &80FC
     838C   88         DEY
     838D   CA         DEX
     838E   D0 F6      BNE &8386
     8390   20 4E 88   JSR &884E
     8393   4C 1D 81   JMP &811D
.ReadFileAttribsToB0_Yoffset
     8396   20 F5 83   JSR &83F5
     8399   98         TYA
     839A   48         PHA
     839B   AA         TAX
     839C   A0 12      LDY #&12
     839E   A9 00      LDA #&00
.readfileattribs_clearloop
     83A0   88         DEY
     83A1   91 B0      STA (&B0),Y
     83A3   C0 02      CPY #&02
     83A5   D0 F9      BNE &83A0
.readfileattribs_copyloop
     83A7   20 E1 83   JSR &83E1
     83AA   C8         INY
     83AB   C8         INY
     83AC   C0 0E      CPY #&0E
     83AE   D0 F7      BNE &83A7
     83B0   68         PLA
     83B1   AA         TAX
     83B2   BD 0F B7   LDA &B70F,X
     83B5   10 04      BPL &83BB
     83B7   A9 08      LDA #&08
     83B9   91 B0      STA (&B0),Y
.readfileattribs_notlocked
     83BB   BD 0E B8   LDA &B80E,X
     83BE   A0 04      LDY #&04
     83C0   20 CF 83   JSR &83CF
     83C3   A0 0C      LDY #&0C
     83C5   4A         LSR A
     83C6   4A         LSR A
     83C7   48         PHA
     83C8   29 03      AND #&03
     83CA   91 B0      STA (&B0),Y
     83CC   68         PLA
     83CD   A0 08      LDY #&08
.readfileattribs_addrHiBytes
     83CF   4A         LSR A
     83D0   4A         LSR A
     83D1   48         PHA
     83D2   29 03      AND #&03
     83D4   C9 03      CMP #&03
     83D6   D0 05      BNE &83DD
     83D8   A9 FF      LDA #&FF
     83DA   91 B0      STA (&B0),Y
     83DC   C8         INY
.readfileattribs_nothost
     83DD   91 B0      STA (&B0),Y
.readfileattribs_exits
     83DF   68         PLA
     83E0   60         RTS
.readfileattribs_copy2bytes
     83E1   20 E4 83   JSR &83E4
.readfileattribs_copy1byte
     83E4   BD 08 B8   LDA &B808,X
     83E7   91 B0      STA (&B0),Y
     83E9   E8         INX
     83EA   C8         INY
     83EB   60         RTS
.inc_word_AE_and_load
     83EC   E6 AE      INC &AE
     83EE   D0 02      BNE &83F2
     83F0   E6 AF      INC &AF
.inc_word_AE_exit
     83F2   B1 AE      LDA (&AE),Y
     83F4   60         RTS
.RememberAXY
     83F5   48         PHA
     83F6   8A         TXA
     83F7   48         PHA
     83F8   98         TYA
     83F9   48         PHA
     83FA   A9 84      LDA #&84
     83FC   48         PHA
     83FD   A9 17      LDA #&17
     83FF   48         PHA
.rAXY_loop_init
     8400   A0 05      LDY #&05
.rAXY_loop
     8402   BA         TSX
     8403   BD 07 01   LDA &0107,X
     8406   48         PHA
     8407   88         DEY
     8408   D0 F8      BNE &8402
     840A   A0 0A      LDY #&0A
.rAXY_loop2
     840C   BD 09 01   LDA &0109,X
     840F   9D 0B 01   STA &010B,X
     8412   CA         DEX
     8413   88         DEY
     8414   D0 F6      BNE &840C
     8416   68         PLA
     8417   68         PLA
.rAXY_restore
     8418   68         PLA
     8419   A8         TAY
     841A   68         PLA
     841B   AA         TAX
     841C   68         PLA
     841D   60         RTS
.RememberXYonly
     841E   48         PHA
     841F   8A         TXA
     8420   48         PHA
     8421   98         TYA
     8422   48         PHA
     8423   20 00 84   JSR &8400
.axyret1
     8426   BA         TSX
     8427   9D 03 01   STA &0103,X
     842A   4C 18 84   JMP &8418
.DecNo_BIN2BCD
     842D   F8         SED
     842E   A9 00      LDA #&00
     8430   85 B5      STA &B5
     8432   85 B6      STA &B6
     8434   A2 10      LDX #&10
.loop
     8436   26 B8      ROL &B8
     8438   26 B9      ROL &B9
     843A   08         PHP
     843B   A5 B5      LDA &B5
     843D   65 B5      ADC &B5
     843F   85 B5      STA &B5
     8441   A5 B6      LDA &B6
     8443   65 B6      ADC &B6
     8445   85 B6      STA &B6
     8447   28         PLP
     8448   CA         DEX
     8449   D0 EB      BNE &8436
     844B   26 B8      ROL &B8
     844D   26 B9      ROL &B9
     844F   D8         CLD
     8450   60         RTS
.BinaryToBCD
     8451   20 1E 84   JSR &841E
     8454   A8         TAY
     8455   F0 0A      BEQ &8461
     8457   18         CLC
     8458   F8         SED
     8459   A9 00      LDA #&00
.bbcd_loop
     845B   69 01      ADC #&01
     845D   88         DEY
     845E   D0 FB      BNE &845B
     8460   D8         CLD
.bbcd_exit
     8461   60         RTS
.Param_ReadNum
     8462   98         TYA
     8463   48         PHA
     8464   A9 00      LDA #&00
     8466   85 B0      STA &B0
     8468   85 B1      STA &B1
     846A   20 C2 81   JSR &81C2
     846D   F0 4B      BEQ &84BA
     846F   C9 22      CMP #&22
     8471   F0 47      BEQ &84BA
     8473   20 C5 FF   JSR &FFC5
     8476   B0 42      BCS &84BA
.rnloop
     8478   E9 2F      SBC #&2F
     847A   30 3E      BMI &84BA
     847C   C9 0A      CMP #&0A
     847E   B0 3A      BCS &84BA
     8480   48         PHA
     8481   A5 B0      LDA &B0
     8483   0A         ASL A
     8484   48         PHA
     8485   26 B1      ROL &B1
     8487   A6 B1      LDX &B1
     8489   0A         ASL A
     848A   26 B1      ROL &B1
     848C   0A         ASL A
     848D   26 B1      ROL &B1
     848F   85 B0      STA &B0
     8491   68         PLA
     8492   65 B0      ADC &B0
     8494   85 B0      STA &B0
     8496   8A         TXA
     8497   65 B1      ADC &B1
     8499   AA         TAX
     849A   68         PLA
     849B   65 B0      ADC &B0
     849D   85 B0      STA &B0
     849F   8A         TXA
     84A0   69 00      ADC #&00
     84A2   85 B1      STA &B1
     84A4   C9 20      CMP #&20
     84A6   B0 12      BCS &84BA
     84A8   20 C5 FF   JSR &FFC5
     84AB   90 CB      BCC &8478
     84AD   A2 B0      LDX #&B0
     84AF   20 29 A4   JSR &A429
     84B2   B0 06      BCS &84BA
     84B4   A6 B0      LDX &B0
     84B6   68         PLA
     84B7   A5 B1      LDA &B1
     84B9   60         RTS
.rnnotval
     84BA   68         PLA
     84BB   A8         TAY
     84BC   A9 00      LDA #&00
     84BE   AA         TAX
     84BF   38         SEC
     84C0   60         RTS
.fscv5_starCAT
     84C1   20 BB 81   JSR &81BB
     84C4   20 0B 8C   JSR &8C0B
     84C7   20 45 A5   JSR &A545
     84CA   A0 FF      LDY #&FF
     84CC   84 A8      STY &A8
     84CE   C8         INY
     84CF   84 AA      STY &AA
.cat_titleloop
     84D1   B9 00 B7   LDA &B700,Y
     84D4   C0 08      CPY #&08
     84D6   90 03      BCC &84DB
     84D8   B9 F8 B7   LDA &B7F8,Y
.cat_titlelo
     84DB   20 DD 80   JSR &80DD
     84DE   C8         INY
     84DF   C0 0C      CPY #&0C
     84E1   D0 EE      BNE &84D1
     84E3   20 9E 80   JSR &809E
     84E6   20 28 
     84E8   A6 CD      LDX &CD
     84EA   20 97 AC   JSR &AC97
     84ED   20 9E 80   JSR &809E
     84F0   29 
     84F1   0D
     84F2   44 72 69 ...
     84F8   A5 CD      LDA &CD
     84FA   20 04 81   JSR &8104
     84FD   A0 0D      LDY #&0D
     84FF   20 10 82   JSR &8210
     8502   20 9E 80   JSR &809E
     8505   4F 70 74 ...
     850C   AD 06 B8   LDA &B806
     850F   20 21 82   JSR &8221
     8512   48         PHA
     8513   20 9B 80   JSR &809B
     8516   20 28 
     8518   A0 03      LDY #&03
     851A   68         PLA
     851B   0A         ASL A
     851C   0A         ASL A
     851D   AA         TAX
.cat_printoptionnameloop
     851E   BD 0A 86   LDA &860A,X
     8521   20 DD 80   JSR &80DD
     8524   E8         INX
     8525   88         DEY
     8526   10 F6      BPL &851E
     8528   20 9E 80   JSR &809E
     852B   29 
     852C   0D
     852D   44 69 72 ...
     8533   AD CA B9   LDA &B9CA
     8536   20 D8 80   JSR &80D8
     8539   AD C9 B9   LDA &B9C9
     853C   20 DD 80   JSR &80DD
     853F   A0 0B      LDY #&0B
     8541   20 10 82   JSR &8210
     8544   20 9E 80   JSR &809E
     8547   4C 69 62 ...
     854D   AD CC B9   LDA &B9CC
     8550   20 D8 80   JSR &80D8
     8553   AD CB B9   LDA &B9CB
     8556   20 DD 80   JSR &80DD
     8559   20 7C 83   JSR &837C
     855C   A0 00      LDY #&00
.cat_curdirloop
     855E   CC 05 B8   CPY &B805
     8561   B0 17      BCS &857A
     8563   B9 0F B7   LDA &B70F,Y
     8566   4D C9 B9   EOR &B9C9
     8569   29 5F      AND #&5F
     856B   D0 08      BNE &8575
     856D   B9 0F B7   LDA &B70F,Y
     8570   29 80      AND #&80
     8572   99 0F B7   STA &B70F,Y
.cat_curdirnext
     8575   20 4D 88   JSR &884D
     8578   90 E4      BCC &855E
.cat_sortloop1
     857A   A0 00      LDY #&00
     857C   20 8C 85   JSR &858C
     857F   90 16      BCC &8597
     8581   A9 FF      LDA #&FF
     8583   8D 82 B9   STA &B982
     8586   4C 7C 83   JMP &837C
.cat_getnextunmarkedfile_loop
     8589   20 4D 88   JSR &884D
.cat_getnextunmarkedfileY
     858C   CC 05 B8   CPY &B805
     858F   B0 05      BCS &8596
     8591   B9 08 B7   LDA &B708,Y
     8594   30 F3      BMI &8589
.cat_exit
     8596   60         RTS
.cat_printfilename
     8597   84 AB      STY &AB
     8599   A2 00      LDX #&00
.cat_copyfnloop
     859B   B9 08 B7   LDA &B708,Y
     859E   20 10 83   JSR &8310
     85A1   9D 60 B9   STA &B960,X
     85A4   C8         INY
     85A5   E8         INX
     85A6   E0 08      CPX #&08
     85A8   D0 F1      BNE &859B
.cat_comparefnloop1
     85AA   20 8C 85   JSR &858C
     85AD   B0 23      BCS &85D2
     85AF   38         SEC
     85B0   A2 06      LDX #&06
.cat_comparefnloop2
     85B2   B9 0E B7   LDA &B70E,Y
     85B5   20 10 83   JSR &8310
     85B8   FD 60 B9   SBC &B960,X
     85BB   88         DEY
     85BC   CA         DEX
     85BD   10 F3      BPL &85B2
     85BF   20 4E 88   JSR &884E
     85C2   B9 0F B7   LDA &B70F,Y
     85C5   20 10 83   JSR &8310
     85C8   ED 67 B9   SBC &B967
     85CB   90 CA      BCC &8597
     85CD   20 4D 88   JSR &884D
     85D0   B0 D8      BCS &85AA
.cat_printfn
     85D2   A4 AB      LDY &AB
     85D4   B9 08 B7   LDA &B708,Y
     85D7   09 80      ORA #&80
     85D9   99 08 B7   STA &B708,Y
     85DC   AD 67 B9   LDA &B967
     85DF   C5 AA      CMP &AA
     85E1   F0 10      BEQ &85F3
     85E3   A6 AA      LDX &AA
     85E5   85 AA      STA &AA
     85E7   D0 0A      BNE &85F3
     85E9   20 7C 83   JSR &837C
.cat_newline
     85EC   20 7C 83   JSR &837C
     85EF   A0 FF      LDY #&FF
     85F1   D0 09      BNE &85FC
.cat_samedir
     85F3   A4 A8      LDY &A8
     85F5   D0 F5      BNE &85EC
     85F7   A0 05      LDY #&05
     85F9   20 10 82   JSR &8210
.cat_skipspaces
     85FC   C8         INY
     85FD   84 A8      STY &A8
     85FF   A4 AB      LDY &AB
     8601   20 1A 81   JSR &811A
     8604   20 DD 81   JSR &81DD
     8607   4C 7A 85   JMP &857A
.diskoptions_table
     860A   6F 66 66 
     860D   00
     860E   4C 4F 41 ...
     8612   52 55 4E 
     8615   00
     8616   45 58 45 ...
.cmdtable1
     861A   FF
     861B   41 43 43 ...
     8621   B2
     8622   42 41 43 ...
     8628   8C
     8629   43 4C 4F ...
     862E   80
     862F   43 4F 4D ...
     8636   85
     8637   43 4F 50 ...
     863B   AC
     863C   44 45 4C ...
     8642   88
     8643   44 45 53 ...
     864A   82
     864B   44 49 52 
     864E   86
     864F   44 52 49 ...
     8654   81
     8655   45 4E 41 ...
     865B   80
     865C   45 58 
     865E   86
     865F   46 4F 52 ...
     8663   DF
     8664   46 52 45 ...
     8668   84
.info_cmd_index
     8669   49 4E 46 ...
     866D   82
     866E   4C 49 42 
     8671   86
     8672   4D 41 50 
     8675   84
     8676   52 45 4E ...
     867C   8D
     867D   54 49 54 ...
     8682   8A
     8683   56 45 52 ...
     8689   85
     868A   57 49 50 ...
     868E   82
     868F   00         BRK
.cmdtable2
     8690   14
     8691   42 55 49 ...
     8696   88
     8697   44 55 4D ...
     869B   88
     869C   4C 49 53 ...
     86A0   88
     86A1   52 4F 4D ...
     86A5   8B
     86A6   54 59 50 ...
     86AA   88
     86AB   00         BRK
.cmdtable22
     86AC   1A
     86AD   44 49 53 ...
     86B1   80
     86B2   44 49 53 ...
     86B6   80
     86B7   4D 4D 46 ...
     86BB   80
     86BC   43 41 52 ...
     86C0   80
     86C1   00         BRK
.cmdtable3
     86C2   1F
     86C3   44 55 54 ...
     86C9   80
     86CA   4D 4D 46 ...
     86CE   80
     86CF   55 54 49 ...
     86D4   80
     86D5   00         BRK
.cmdtable4
     86D6   23
     86D7   42 41 53 ...
     86DB   8B
     86DC   42 4F 4F ...
     86E0   87
     86E1   43 41 54 
     86E4   8E
     86E5   44 52 49 ...
     86EA   84
     86EB   46 52 45 ...
     86EF   80
     86F0   49 4E 
     86F2   F4
     86F3   4F 4E 42 ...
     86F9   F4
     86FA   4F 50 
     86FC   C9
     86FD   4F 55 54 
     8700   84
     8701   52 45 43 ...
     8706   80
     8707   41 42 4F ...
     870C   80
     870D   00         BRK
.cmdaddr1
     870E   0E 8A
     8710   C8 9C
     8712   31 94
     8714   69 9B
     8716   30 9D
     8718   01 88
     871A   10 88
     871C   91 89
     871E   60 88
     8720   C6 8B
     8722   4F 82
     8724   34 1E
     8726   8B 9F
     8728   72 82
     872A   95 89
     872C   8E 9F
     872E   A7 8C
     8730   DC 89
     8732   30 1E
     8734   D8 87
     8736   6D 87
.cmdaddr2
     8738   10 B2
     873A   69 B1
     873C   D8 B1
     873E   46 B0
     8740   D4 B1
     8742   CB 82
.cmdaddr22
     8744   67 8D
     8746   67 8D
     8748   71 8D
     874A   71 8D
     874C   97 8E
.cmdaddr3
     874E   20 9A
     8750   E1 99
     8752   27 9A
     8754   2E 9A
.cmdaddr4
     8756   E8 2C
     8758   40 2D
     875A   64 2D
     875C   57 2E
     875E   F6 2D
     8760   52 2D
     8762   42 2E
     8764   4D 2F
     8766   58 2D
     8768   6F 2B
     876A   D6 AC
     876C   CE 88
.cmdaddrX
.NotCmdTable1
     876E   A2 BC      LDX #&BC
     8770   20 C2 81   JSR &81C2
     8773   B1 F2      LDA (&F2),Y
     8775   C8         INY
     8776   09 20      ORA #&20
     8778   C9 64      CMP #&64
     877A   F0 09      BEQ &8785
     877C   88         DEY
     877D   4C CF 88   JMP &88CF
.fscv3_unreccommand
     8780   20 BB 81   JSR &81BB
     8783   A2 00      LDX #&00
.UnrecCommandTextPointer
     8785   BD 1A 86   LDA &861A,X
     8788   85 BE      STA &BE
     878A   98         TYA
     878B   48         PHA
.unrecloop1
     878C   E6 BE      INC &BE
     878E   68         PLA
     878F   48         PHA
     8790   A8         TAY
     8791   20 C2 81   JSR &81C2
     8794   E8         INX
     8795   BD 1A 86   LDA &861A,X
     8798   F0 28      BEQ &87C2
     879A   CA         DEX
     879B   88         DEY
     879C   86 BF      STX &BF
.unrecloop2
     879E   E8         INX
     879F   C8         INY
     87A0   BD 1A 86   LDA &861A,X
     87A3   30 16      BMI &87BB
.unrecloop2in
     87A5   51 F2      EOR (&F2),Y
     87A7   29 5F      AND #&5F
     87A9   F0 F3      BEQ &879E
     87AB   CA         DEX
.unrecloop3
     87AC   E8         INX
     87AD   BD 1A 86   LDA &861A,X
     87B0   10 FA      BPL &87AC
     87B2   B1 F2      LDA (&F2),Y
     87B4   C9 2E      CMP #&2E
     87B6   D0 D4      BNE &878C
     87B8   C8         INY
     87B9   B0 07      BCS &87C2
.endofcmd_oncmdline
     87BB   B1 F2      LDA (&F2),Y
     87BD   20 38 83   JSR &8338
     87C0   90 CA      BCC &878C
.gocmdcode
     87C2   68         PLA
     87C3   A5 BE      LDA &BE
     87C5   0A         ASL A
     87C6   AA         TAX
     87C7   BD 0F 87   LDA &870F,X
     87CA   10 06      BPL &87D2
.gocmdcode2
     87CC   48         PHA
     87CD   BD 0E 87   LDA &870E,X
     87D0   48         PHA
     87D1   60         RTS
.dommcinit
     87D2   20 BE AA   JSR &AABE
     87D5   09 80      ORA #&80
     87D7   D0 F3      BNE &87CC
.CMD_WIPE
     87D9   20 2C 82   JSR &822C
.wipeloop
     87DC   B9 0F B7   LDA &B70F,Y
     87DF   30 1B      BMI &87FC
     87E1   20 DD 81   JSR &81DD
     87E4   20 87 9C   JSR &9C87
     87E7   D0 13      BNE &87FC
     87E9   A6 B6      LDX &B6
     87EB   20 6A 94   JSR &946A
     87EE   86 B6      STX &B6
     87F0   20 56 88   JSR &8856
     87F3   84 AB      STY &AB
     87F5   20 53 A5   JSR &A553
     87F8   A5 AB      LDA &AB
     87FA   85 B6      STA &B6
.wipenext
     87FC   20 86 82   JSR &8286
     87FF   B0 DB      BCS &87DC
     8801   60         RTS
.CMD_DELETE
     8802   20 B7 92   JSR &92B7
     8805   20 2F 82   JSR &822F
     8808   20 46 83   JSR &8346
     880B   20 1C 83   JSR &831C
     880E   4C 53 A5   JMP &A553
.CMD_DESTROY
     8811   20 38 9C   JSR &9C38
     8814   20 2C 82   JSR &822C
.destroyloop1
     8817   B9 0F B7   LDA &B70F,Y
     881A   30 06      BMI &8822
     881C   20 DD 81   JSR &81DD
     881F   20 7C 83   JSR &837C
.destroylocked1
     8822   20 86 82   JSR &8286
     8825   B0 F0      BCS &8817
     8827   20 8F 9C   JSR &9C8F
     882A   D0 29      BNE &8855
     882C   20 6A 94   JSR &946A
     882F   20 7F 82   JSR &827F
.destroyloop2
     8832   B9 0F B7   LDA &B70F,Y
     8835   30 03      BMI &883A
     8837   20 56 88   JSR &8856
.destroylocked2
     883A   20 86 82   JSR &8286
     883D   B0 F3      BCS &8832
     883F   20 53 A5   JSR &A553
.msgDELETED
     8842   20 9E 80   JSR &809E
     8845   44 65 6C ...
     884C   0D
.Y_add8
     884D   C8         INY
.Y_add7
     884E   C8         INY
     884F   C8         INY
     8850   C8         INY
     8851   C8         INY
     8852   C8         INY
     8853   C8         INY
     8854   C8         INY
.Y_rts
     8855   60         RTS
.DeleteCatEntry_AdjustPtr
     8856   20 1C 83   JSR &831C
     8859   A4 B6      LDY &B6
     885B   20 C4 82   JSR &82C4
     885E   84 B6      STY &B6
     8860   60         RTS
.CMD_DRIVE
     8861   20 10 8C   JSR &8C10
     8864   8D CA B9   STA &B9CA
     8867   60         RTS
.osfileFF_loadfiletoaddr
     8868   20 37 82   JSR &8237
     886B   20 97 93   JSR &9397
     886E   20 96 83   JSR &8396
.LoadFile_Ycatoffset
     8871   84 BA      STY &BA
     8873   A2 00      LDX #&00
     8875   A5 BE      LDA &BE
     8877   D0 06      BNE &887F
     8879   C8         INY
     887A   C8         INY
     887B   A2 02      LDX #&02
     887D   D0 08      BNE &8887
.loadAtLoadAddr
     887F   B9 0E B8   LDA &B80E,Y
     8882   85 C2      STA &C2
     8884   20 CD 8B   JSR &8BCD
.load_copyfileinfo_loop
     8887   B9 08 B8   LDA &B808,Y
     888A   95 BC      STA &BC,X
     888C   C8         INY
     888D   E8         INX
     888E   E0 08      CPX #&08
     8890   D0 F5      BNE &8887
     8892   20 E7 8B   JSR &8BE7
     8895   A4 BA      LDY &BA
     8897   20 46 83   JSR &8346
.LoadMemBlockEX
     889A   20 A6 A4   JSR &A4A6
     889D   20 FE A4   JSR &A4FE
     88A0   4C A6 88   JMP &88A6
.LoadMemBlock
     88A3   20 A6 A4   JSR &A4A6
.readblock
     88A6   20 2B A9   JSR &A92B
.rwblkexit
     88A9   AD 9E B9   LDA &B99E
     88AC   F0 03      BEQ &88B1
     88AE   20 14 8D   JSR &8D14
.rwblknottube
     88B1   20 49 AB   JSR &AB49
     88B4   A9 01      LDA #&01
     88B6   60         RTS
.osfile0_savememblock
     88B7   20 B2 8A   JSR &8AB2
     88BA   20 97 93   JSR &9397
     88BD   20 96 83   JSR &8396
.SaveMemBlock
     88C0   20 A6 A4   JSR &A4A6
     88C3   20 CC A3   JSR &A3CC
     88C6   20 D4 A9   JSR &A9D4
     88C9   4C A9 88   JMP &88A9
.fscv2_4_11_starRUN
     88CC   20 BB 81   JSR &81BB
.NotCmdTable4
.SetWordBA_txtptr
     88CF   A9 FF      LDA #&FF
     88D1   85 BE      STA &BE
     88D3   A5 F2      LDA &F2
     88D5   85 BA      STA &BA
     88D7   A5 F3      LDA &F3
     88D9   85 BB      STA &BB
     88DB   8C DA B9   STY &B9DA
     88DE   20 51 81   JSR &8151
     88E1   8C D9 B9   STY &B9D9
     88E4   20 7F 82   JSR &827F
     88E7   B0 21      BCS &890A
     88E9   AC DA B9   LDY &B9DA
     88EC   AD CB B9   LDA &B9CB
     88EF   85 CC      STA &CC
     88F1   AD CC B9   LDA &B9CC
     88F4   85 CD      STA &CD
     88F6   20 54 81   JSR &8154
     88F9   20 7F 82   JSR &827F
     88FC   B0 0C      BCS &890A
.errBADCOMMAND
     88FE   20 57 80   JSR &8057
     8901   FE
     8902   63 6F 6D ...
     8909   00
.runfile_found
     890A   B9 0E B8   LDA &B80E,Y
     890D   20 17 82   JSR &8217
     8910   C9 03      CMP #&03
     8912   D0 42      BNE &8956
     8914   B9 0A B8   LDA &B80A,Y
     8917   39 0B B8   AND &B80B,Y
     891A   C9 FF      CMP #&FF
     891C   D0 38      BNE &8956
     891E   A2 06      LDX #&06
.runfile_exec_loop
     8920   BD 00 B9   LDA &B900,X
     8923   9D 07 B9   STA &B907,X
     8926   CA         DEX
     8927   10 F7      BPL &8920
     8929   A9 0D      LDA #&0D
     892B   8D 0E B9   STA &B90E
     892E   A9 45      LDA #&45
     8930   8D 00 B9   STA &B900
     8933   A9 3A      LDA #&3A
     8935   8D 02 B9   STA &B902
     8938   A5 CD      LDA &CD
     893A   09 30      ORA #&30
     893C   8D 03 B9   STA &B903
     893F   A9 2E      LDA #&2E
     8941   8D 01 B9   STA &B901
     8944   8D 04 B9   STA &B904
     8947   8D 06 B9   STA &B906
     894A   A5 CC      LDA &CC
     894C   8D 05 B9   STA &B905
     894F   A2 00      LDX #&00
     8951   A0 B9      LDY #&B9
     8953   4C F7 FF   JMP &FFF7
.runfile_run
     8956   20 71 88   JSR &8871
     8959   18         CLC
     895A   AD D9 B9   LDA &B9D9
     895D   A8         TAY
     895E   65 F2      ADC &F2
     8960   8D D9 B9   STA &B9D9
     8963   A5 F3      LDA &F3
     8965   69 00      ADC #&00
     8967   8D DA B9   STA &B9DA
     896A   AD 76 B9   LDA &B976
     896D   2D 77 B9   AND &B977
     8970   0D D6 B9   ORA &B9D6
     8973   C9 FF      CMP #&FF
     8975   F0 16      BEQ &898D
     8977   A5 BE      LDA &BE
     8979   8D 74 B9   STA &B974
     897C   A5 BF      LDA &BF
     897E   8D 75 B9   STA &B975
     8981   20 05 8D   JSR &8D05
     8984   A2 74      LDX #&74
     8986   A0 B9      LDY #&B9
     8988   A9 04      LDA #&04
     898A   4C 06 04   JMP &0406
.runfile_inhost
     898D   A9 01      LDA #&01
     898F   6C BE 00   JMP (&00BE)
.CMD_DIR
     8992   A2 00      LDX #&00
     8994   F0 02      BEQ &8998
.CMD_LIB
     8996   A2 02      LDX #&02
.setdirlib
     8998   20 A4 89   JSR &89A4
     899B   9D CA B9   STA &B9CA,X
     899E   A5 CC      LDA &CC
     89A0   9D C9 B9   STA &B9C9,X
     89A3   60         RTS
.ReadDirDrvParameters
     89A4   AD C9 B9   LDA &B9C9
     89A7   85 CC      STA &CC
     89A9   20 C2 81   JSR &81C2
     89AC   D0 05      BNE &89B3
     89AE   A9 00      LDA #&00
     89B0   85 CD      STA &CD
     89B2   60         RTS
.ReadDirDrvParameters2
     89B3   20 03 8C   JSR &8C03
.rdd_loop
     89B6   20 A7 81   JSR &81A7
     89B9   B0 10      BCS &89CB
     89BB   C9 3A      CMP #&3A
     89BD   D0 14      BNE &89D3
     89BF   20 13 8C   JSR &8C13
     89C2   20 A7 81   JSR &81A7
     89C5   B0 13      BCS &89DA
     89C7   C9 2E      CMP #&2E
     89C9   F0 EB      BEQ &89B6
.errBADDIRECTORY
     89CB   20 57 80   JSR &8057
     89CE   CE
     89CF   64 69 72 
     89D2   00
.rdd_exit2
     89D3   85 CC      STA &CC
     89D5   20 A7 81   JSR &81A7
     89D8   90 F1      BCC &89CB
.rdd_exit1
     89DA   A5 CD      LDA &CD
     89DC   60         RTS
.CMD_TITLE
     89DD   20 3B 9A   JSR &9A3B
     89E0   20 3F A5   JSR &A53F
     89E3   A2 0B      LDX #&0B
     89E5   A9 00      LDA #&00
.cmdtit_loop1
     89E7   20 00 8A   JSR &8A00
     89EA   CA         DEX
     89EB   10 FA      BPL &89E7
.cmdtit_loop2
     89ED   E8         INX
     89EE   20 A7 81   JSR &81A7
     89F1   B0 07      BCS &89FA
     89F3   20 00 8A   JSR &8A00
     89F6   E0 0B      CPX #&0B
     89F8   90 F3      BCC &89ED
.cmdtit_savecat
     89FA   20 53 A5   JSR &A553
     89FD   4C 21 9D   JMP &9D21
.SetDiskTitleChr_Xpos
     8A00   9D 00 B9   STA &B900,X
     8A03   E0 08      CPX #&08
     8A05   90 04      BCC &8A0B
     8A07   9D F8 B7   STA &B7F8,X
     8A0A   60         RTS
.setdisttit_page
     8A0B   9D 00 B7   STA &B700,X
     8A0E   60         RTS
.CMD_ACCESS
     8A0F   20 C0 92   JSR &92C0
     8A12   20 3B 9A   JSR &9A3B
     8A15   20 4B 81   JSR &814B
     8A18   A2 00      LDX #&00
     8A1A   20 C2 81   JSR &81C2
     8A1D   D0 1F      BNE &8A3E
.cmdac_flag
     8A1F   86 AA      STX &AA
     8A21   20 3A 82   JSR &823A
.cmdac_filefound
     8A24   20 78 93   JSR &9378
     8A27   B9 0F B7   LDA &B70F,Y
     8A2A   29 7F      AND #&7F
     8A2C   05 AA      ORA &AA
     8A2E   99 0F B7   STA &B70F,Y
     8A31   20 46 83   JSR &8346
     8A34   20 86 82   JSR &8286
     8A37   B0 EB      BCS &8A24
.jmp_savecattodisk
     8A39   4C 53 A5   JMP &A553
.cmdac_paramloop
     8A3C   A2 80      LDX #&80
.cmdac_getparam
     8A3E   20 A7 81   JSR &81A7
     8A41   B0 DC      BCS &8A1F
     8A43   29 5F      AND #&5F
     8A45   C9 4C      CMP #&4C
     8A47   F0 F3      BEQ &8A3C
.errBADATTRIBUTE
     8A49   20 57 80   JSR &8057
     8A4C   CF
     8A4D   61 74 74 ...
     8A56   00
.fscv0_starOPT
     8A57   20 F5 83   JSR &83F5
     8A5A   8A         TXA
     8A5B   C9 04      CMP #&04
     8A5D   F0 1E      BEQ &8A7D
     8A5F   C9 05      CMP #&05
     8A61   F0 34      BEQ &8A97
     8A63   C9 02      CMP #&02
     8A65   90 0B      BCC &8A72
.errBADOPTION
     8A67   20 57 80   JSR &8057
     8A6A   CB
     8A6B   6F 70 74 ...
     8A71   00
.opts0_1
     8A72   A2 FF      LDX #&FF
     8A74   98         TYA
     8A75   F0 02      BEQ &8A79
     8A77   A2 00      LDX #&00
.opts0_1_Y0
     8A79   8E C6 B9   STX &B9C6
     8A7C   60         RTS
.SetBootOption_Yoption
     8A7D   98         TYA
     8A7E   48         PHA
     8A7F   20 FE 8B   JSR &8BFE
     8A82   20 45 A5   JSR &A545
     8A85   68         PLA
     8A86   20 27 82   JSR &8227
     8A89   4D 06 B8   EOR &B806
     8A8C   29 30      AND #&30
     8A8E   4D 06 B8   EOR &B806
     8A91   8D 06 B8   STA &B806
     8A94   4C 53 A5   JMP &A553
.DiskTrapOption
     8A97   98         TYA
     8A98   08         PHP
     8A99   A6 F4      LDX &F4
     8A9B   BD F0 0D   LDA &0DF0,X
     8A9E   29 BF      AND #&BF
     8AA0   28         PLP
     8AA1   F0 02      BEQ &8AA5
     8AA3   09 40      ORA #&40
.skip
     8AA5   9D F0 0D   STA &0DF0,X
     8AA8   60         RTS
.errDISKFULL
     8AA9   20 4C 80   JSR &804C
     8AAC   C6
     8AAD   66 75 6C ...
     8AB1   00
.CreateFile_FSP
     8AB2   20 51 81   JSR &8151
     8AB5   20 7F 82   JSR &827F
     8AB8   90 03      BCC &8ABD
     8ABA   20 1C 83   JSR &831C
.createfile_nodel
     8ABD   A5 C0      LDA &C0
     8ABF   48         PHA
     8AC0   A5 C1      LDA &C1
     8AC2   48         PHA
     8AC3   38         SEC
     8AC4   A5 C2      LDA &C2
     8AC6   E5 C0      SBC &C0
     8AC8   85 C0      STA &C0
     8ACA   A5 C3      LDA &C3
     8ACC   E5 C1      SBC &C1
     8ACE   85 C1      STA &C1
     8AD0   AD 7A B9   LDA &B97A
     8AD3   ED 78 B9   SBC &B978
     8AD6   20 07 8B   JSR &8B07
     8AD9   AD 79 B9   LDA &B979
     8ADC   8D 75 B9   STA &B975
     8ADF   AD 78 B9   LDA &B978
     8AE2   8D 74 B9   STA &B974
     8AE5   68         PLA
     8AE6   85 BD      STA &BD
     8AE8   68         PLA
     8AE9   85 BC      STA &BC
     8AEB   60         RTS
.CreateFile_3
     8AEC   85 CD      STA &CD
     8AEE   A5 CC      LDA &CC
     8AF0   48         PHA
     8AF1   20 42 A5   JSR &A542
     8AF4   20 8A 82   JSR &828A
     8AF7   90 03      BCC &8AFC
     8AF9   20 1C 83   JSR &831C
.cd_writedest_cat_nodel
     8AFC   68         PLA
     8AFD   85 CC      STA &CC
     8AFF   20 E4 8B   JSR &8BE4
     8B02   A5 C2      LDA &C2
     8B04   20 19 82   JSR &8219
.CreateFile_2
     8B07   85 C4      STA &C4
     8B09   A9 00      LDA #&00
     8B0B   85 C2      STA &C2
     8B0D   A9 02      LDA #&02
     8B0F   85 C3      STA &C3
     8B11   AC 05 B8   LDY &B805
     8B14   C0 F8      CPY #&F8
     8B16   90 31      BCC &8B49
.errCATALOGUEFULL
     8B18   20 61 80   JSR &8061
     8B1B   BE
     8B1C   43 61 74 ...
     8B24   00
.cfile_loop
     8B25   F0 82      BEQ &8AA9
     8B27   20 C4 82   JSR &82C4
     8B2A   B9 0E B8   LDA &B80E,Y
     8B2D   20 19 82   JSR &8219
     8B30   85 C2      STA &C2
     8B32   18         CLC
     8B33   A9 FF      LDA #&FF
     8B35   79 0C B8   ADC &B80C,Y
     8B38   B9 0F B8   LDA &B80F,Y
     8B3B   79 0D B8   ADC &B80D,Y
     8B3E   85 C3      STA &C3
     8B40   B9 0E B8   LDA &B80E,Y
     8B43   29 03      AND #&03
     8B45   65 C2      ADC &C2
     8B47   85 C2      STA &C2
.Getfirstblock_Yoffset
     8B49   38         SEC
     8B4A   B9 07 B8   LDA &B807,Y
     8B4D   E5 C3      SBC &C3
     8B4F   48         PHA
     8B50   B9 06 B8   LDA &B806,Y
     8B53   29 03      AND #&03
     8B55   E5 C2      SBC &C2
     8B57   AA         TAX
     8B58   A9 00      LDA #&00
     8B5A   C5 C0      CMP &C0
     8B5C   68         PLA
     8B5D   E5 C1      SBC &C1
     8B5F   8A         TXA
     8B60   E5 C4      SBC &C4
     8B62   98         TYA
     8B63   90 C0      BCC &8B25
     8B65   84 B0      STY &B0
     8B67   AC 05 B8   LDY &B805
.cfile_insertfileloop
     8B6A   C4 B0      CPY &B0
     8B6C   F0 0F      BEQ &8B7D
     8B6E   B9 07 B7   LDA &B707,Y
     8B71   99 0F B7   STA &B70F,Y
     8B74   B9 07 B8   LDA &B807,Y
     8B77   99 0F B8   STA &B80F,Y
     8B7A   88         DEY
     8B7B   B0 ED      BCS &8B6A
.cfile_atcatentry
     8B7D   AD 76 B9   LDA &B976
     8B80   29 03      AND #&03
     8B82   0A         ASL A
     8B83   0A         ASL A
     8B84   45 C4      EOR &C4
     8B86   29 FC      AND #&FC
     8B88   45 C4      EOR &C4
     8B8A   0A         ASL A
     8B8B   0A         ASL A
     8B8C   4D 74 B9   EOR &B974
     8B8F   29 FC      AND #&FC
     8B91   4D 74 B9   EOR &B974
     8B94   0A         ASL A
     8B95   0A         ASL A
     8B96   45 C2      EOR &C2
     8B98   29 FC      AND #&FC
     8B9A   45 C2      EOR &C2
     8B9C   85 C2      STA &C2
     8B9E   A2 00      LDX #&00
     8BA0   98         TYA
     8BA1   48         PHA
.cfile_copyfnloop
     8BA2   B5 C5      LDA &C5,X
     8BA4   99 08 B7   STA &B708,Y
     8BA7   B5 BC      LDA &BC,X
     8BA9   99 08 B8   STA &B808,Y
     8BAC   C8         INY
     8BAD   E8         INX
     8BAE   E0 08      CPX #&08
     8BB0   D0 F0      BNE &8BA2
     8BB2   68         PLA
     8BB3   A8         TAY
     8BB4   48         PHA
     8BB5   20 46 83   JSR &8346
     8BB8   AC 05 B8   LDY &B805
     8BBB   20 4D 88   JSR &884D
     8BBE   8C 05 B8   STY &B805
     8BC1   20 53 A5   JSR &A553
     8BC4   68         PLA
     8BC5   A8         TAY
     8BC6   60         RTS
.CMD_ENABLE
     8BC7   A9 01      LDA #&01
     8BC9   8D C7 B9   STA &B9C7
     8BCC   60         RTS
.LoadAddrHi2
     8BCD   A9 00      LDA #&00
     8BCF   8D 75 B9   STA &B975
     8BD2   A5 C2      LDA &C2
     8BD4   29 08      AND #&08
     8BD6   8D 74 B9   STA &B974
     8BD9   F0 08      BEQ &8BE3
.SetLoadAddrToHost
     8BDB   A9 FF      LDA #&FF
     8BDD   8D 75 B9   STA &B975
     8BE0   8D 74 B9   STA &B974
.ldadd_nothost
     8BE3   60         RTS
.LoadandEexeAddrHi2
     8BE4   20 CD 8B   JSR &8BCD
.ExecAddrHi2
     8BE7   A9 00      LDA #&00
     8BE9   8D 77 B9   STA &B977
     8BEC   A5 C2      LDA &C2
     8BEE   20 17 82   JSR &8217
     8BF1   C9 03      CMP #&03
     8BF3   D0 05      BNE &8BFA
     8BF5   A9 FF      LDA #&FF
     8BF7   8D 77 B9   STA &B977
.exadd_nothost
     8BFA   8D 76 B9   STA &B976
     8BFD   60         RTS
.Set_CurDirDrv_ToDefaults
     8BFE   AD C9 B9   LDA &B9C9
     8C01   85 CC      STA &CC
.Set_CurDrv_ToDefault
     8C03   AD CA B9   LDA &B9CA
.SetCurrentDrive_Adrive
     8C06   29 03      AND #&03
.SetCurrentDrive_Adrive_noand
     8C08   85 CD      STA &CD
     8C0A   60         RTS
.Param_OptionalDriveNo
     8C0B   20 C2 81   JSR &81C2
     8C0E   F0 F3      BEQ &8C03
.Param_DriveNo_Syntax
     8C10   20 3B 9A   JSR &9A3B
.Param_DriveNo_BadDrive
     8C13   20 A7 81   JSR &81A7
     8C16   B0 0B      BCS &8C23
     8C18   C9 3A      CMP #&3A
     8C1A   F0 F7      BEQ &8C13
     8C1C   38         SEC
     8C1D   E9 30      SBC #&30
     8C1F   C9 04      CMP #&04
     8C21   90 E5      BCC &8C08
.errBADDRIVE
     8C23   20 57 80   JSR &8057
     8C26   CD
     8C27   64 72 69 ...
     8C2C   00
.jmpSYNTAX
     8C2D   4C 47 9A   JMP &9A47
.errDISKNOTFOUND
     8C30   20 4C 80   JSR &804C
     8C33   D6
     8C34   6E 6F 74 ...
     8C3D   00
.Param_DriveAndDisk
     8C3E   20 3B 9A   JSR &9A3B
     8C41   C9 22      CMP #&22
     8C43   D0 01      BNE &8C46
     8C45   88         DEY
.param_nq1
     8C46   84 B4      STY &B4
     8C48   20 A7 81   JSR &81A7
     8C4B   C9 3A      CMP #&3A
     8C4D   D0 05      BNE &8C54
     8C4F   20 13 8C   JSR &8C13
     8C52   90 20      BCC &8C74
.param_dad
     8C54   A4 B4      LDY &B4
     8C56   20 03 8C   JSR &8C03
     8C59   20 62 84   JSR &8462
     8C5C   B0 29      BCS &8C87
     8C5E   20 C2 81   JSR &81C2
     8C61   F0 1B      BEQ &8C7E
     8C63   C9 22      CMP #&22
     8C65   D0 01      BNE &8C68
     8C67   88         DEY
.param_nq2
     8C68   A5 B1      LDA &B1
     8C6A   D0 B7      BNE &8C23
     8C6C   A5 B0      LDA &B0
     8C6E   C9 04      CMP #&04
     8C70   B0 B1      BCS &8C23
     8C72   85 CD      STA &CD
.Param_Disk
     8C74   20 62 84   JSR &8462
     8C77   B0 0E      BCS &8C87
     8C79   20 C2 81   JSR &81C2
     8C7C   D0 AF      BNE &8C2D
.gdnodrv
     8C7E   A5 B1      LDA &B1
     8C80   85 B9      STA &B9
     8C82   A5 B0      LDA &B0
     8C84   85 B8      STA &B8
.gddfound
     8C86   60         RTS
.gddfind
     8C87   20 C3 AB   JSR &ABC3
     8C8A   A2 00      LDX #&00
     8C8C   20 97 A6   JSR &A697
     8C8F   AD 0D B9   LDA &B90D
     8C92   F0 99      BEQ &8C2D
     8C94   AD 0E B9   LDA &B90E
     8C97   D0 94      BNE &8C2D
.gddlp
     8C99   A5 B9      LDA &B9
     8C9B   30 93      BMI &8C30
     8C9D   20 12 AC   JSR &AC12
     8CA0   90 E4      BCC &8C86
     8CA2   20 D4 A6   JSR &A6D4
     8CA5   4C 99 8C   JMP &8C99
.CMD_RENAME
     8CA8   20 B7 92   JSR &92B7
     8CAB   20 3B 9A   JSR &9A3B
     8CAE   20 4B 81   JSR &814B
     8CB1   98         TYA
     8CB2   48         PHA
     8CB3   20 3A 82   JSR &823A
     8CB6   20 75 93   JSR &9375
     8CB9   84 C4      STY &C4
     8CBB   68         PLA
     8CBC   A8         TAY
     8CBD   20 3B 9A   JSR &9A3B
     8CC0   A5 CD      LDA &CD
     8CC2   48         PHA
     8CC3   20 4B 81   JSR &814B
     8CC6   68         PLA
     8CC7   C5 CD      CMP &CD
     8CC9   D0 14      BNE &8CDF
     8CCB   20 7F 82   JSR &827F
     8CCE   90 12      BCC &8CE2
     8CD0   C4 C4      CPY &C4
     8CD2   F0 0E      BEQ &8CE2
.errFILEEXISTS
     8CD4   20 61 80   JSR &8061
     8CD7   C4
     8CD8   45 78 69 ...
     8CDE   00
.jmpBADDRIVE
     8CDF   4C 23 8C   JMP &8C23
.rname_ok
     8CE2   A4 C4      LDY &C4
     8CE4   20 4D 88   JSR &884D
     8CE7   A2 07      LDX #&07
.rname_loop
     8CE9   B5 C5      LDA &C5,X
     8CEB   99 07 B7   STA &B707,Y
     8CEE   88         DEY
     8CEF   CA         DEX
     8CF0   10 F7      BPL &8CE9
     8CF2   4C 53 A5   JMP &A553
.TUBE_CheckIfPresent
     8CF5   A9 EA      LDA #&EA
     8CF7   A2 00      LDX #&00
     8CF9   A0 FF      LDY #&FF
     8CFB   20 F4 FF   JSR &FFF4
     8CFE   8A         TXA
     8CFF   49 FF      EOR #&FF
     8D01   8D D6 B9   STA &B9D6
     8D04   60         RTS
.TUBE_CLAIM
     8D05   48         PHA
.tclaim_loop
     8D06   A9 CA      LDA #&CA
     8D08   20 06 04   JSR &0406
     8D0B   90 F9      BCC &8D06
     8D0D   68         PLA
     8D0E   60         RTS
.TUBE_RELEASE
     8D0F   20 F5 8C   JSR &8CF5
     8D12   30 07      BMI &8D1B
.TUBE_RELEASE_NoCheck
     8D14   48         PHA
     8D15   A9 8A      LDA #&8A
     8D17   20 06 04   JSR &0406
     8D1A   68         PLA
.trelease_exit
     8D1B   60         RTS
.CheckESCAPE
     8D1C   24 FF      BIT &FF
     8D1E   10 1F      BPL &8D3F
.ReportESCAPE
     8D20   A9 7E      LDA #&7E
     8D22   20 F4 FF   JSR &FFF4
     8D25   20 71 80   JSR &8071
     8D28   11
     8D29   45 73 63 ...
     8D2F   00
.PrintHex100
     8D30   48         PHA
     8D31   20 21 82   JSR &8221
     8D34   20 38 8D   JSR &8D38
     8D37   68         PLA
.PrintNib100
     8D38   20 26 81   JSR &8126
     8D3B   99 00 01   STA &0100,Y
     8D3E   C8         INY
.noesc
     8D3F   60         RTS
.BootOptions
     8D40   4C 2E 21 ...
     8D47   0D
     8D48   45 2E 21 ...
     8D4F   0D
.AUTOBOOT
     8D50   A2 00      LDX #&00
.bootprloop
     8D52   BD 09 80   LDA &8009,X
     8D55   F0 06      BEQ &8D5D
     8D57   20 EE FF   JSR &FFEE
     8D5A   E8         INX
     8D5B   D0 F5      BNE &8D52
.bootprexit
     8D5D   20 E7 FF   JSR &FFE7
     8D60   20 E7 FF   JSR &FFE7
     8D63   A5 B3      LDA &B3
     8D65   4C 74 8D   JMP &8D74
.CMD_DISC
     8D68   A6 F4      LDX &F4
     8D6A   BD F0 0D   LDA &0DF0,X
     8D6D   29 40      AND #&40
     8D6F   F0 01      BEQ &8D72
     8D71   60         RTS
.CMD_CARD
     8D72   A9 FF      LDA #&FF
.initMMFS
     8D74   20 52 96   JSR &9652
     8D77   48         PHA
     8D78   A9 06      LDA #&06
     8D7A   20 37 80   JSR &8037
     8D7D   A2 0D      LDX #&0D
.vectloop
     8D7F   BD BF 93   LDA &93BF,X
     8D82   9D 12 02   STA &0212,X
     8D85   CA         DEX
     8D86   10 F7      BPL &8D7F
     8D88   A9 A8      LDA #&A8
     8D8A   20 B8 93   JSR &93B8
     8D8D   84 B1      STY &B1
     8D8F   86 B0      STX &B0
     8D91   A2 07      LDX #&07
     8D93   A0 1B      LDY #&1B
.extendedvec_loop
     8D95   B9 B2 93   LDA &93B2,Y
     8D98   91 B0      STA (&B0),Y
     8D9A   C8         INY
     8D9B   B9 B2 93   LDA &93B2,Y
     8D9E   91 B0      STA (&B0),Y
     8DA0   C8         INY
     8DA1   A5 F4      LDA &F4
     8DA3   91 B0      STA (&B0),Y
     8DA5   C8         INY
     8DA6   CA         DEX
     8DA7   D0 EC      BNE &8D95
     8DA9   8C 82 B9   STY &B982
     8DAC   8C 83 B9   STY &B983
     8DAF   86 CD      STX &CD
     8DB1   8E 9F B9   STX &B99F
     8DB4   A2 0F      LDX #&0F
     8DB6   A9 8F      LDA #&8F
     8DB8   20 F4 FF   JSR &FFF4
     8DBB   AD D3 B9   LDA &B9D3
     8DBE   30 27      BMI &8DE7
     8DC0   A9 FF      LDA #&FF
     8DC2   8D D3 B9   STA &B9D3
.setdefaults
     8DC5   A9 24      LDA #&24
     8DC7   8D C9 B9   STA &B9C9
     8DCA   8D CB B9   STA &B9CB
     8DCD   A9 00      LDA #&00
     8DCF   8D CC B9   STA &B9CC
     8DD2   A0 00      LDY #&00
     8DD4   8C CA B9   STY &B9CA
     8DD7   8C C0 B9   STY &B9C0
     8DDA   88         DEY
     8DDB   8C C7 B9   STY &B9C7
     8DDE   8C C6 B9   STY &B9C6
     8DE1   8C DD B9   STY &B9DD
     8DE4   20 0C 8E   JSR &8E0C
.initdfs_noreset
     8DE7   20 F5 8C   JSR &8CF5
     8DEA   68         PLA
     8DEB   D0 0B      BNE &8DF8
     8DED   20 45 A5   JSR &A545
     8DF0   AD 06 B8   LDA &B806
     8DF3   20 21 82   JSR &8221
     8DF6   D0 01      BNE &8DF9
.initdfs_exit
     8DF8   60         RTS
.notOPT0
     8DF9   A0 8D      LDY #&8D
     8DFB   A2 40      LDX #&40
     8DFD   C9 02      CMP #&02
     8DFF   90 08      BCC &8E09
     8E01   F0 04      BEQ &8E07
     8E03   A2 48      LDX #&48
     8E05   D0 02      BNE &8E09
.oscliOPT2
     8E07   A2 4A      LDX #&4A
.jmpOSCLI
     8E09   4C F7 FF   JMP &FFF7
.VIDRESET
     8E0C   A0 10      LDY #&10
     8E0E   A9 00      LDA #&00
.loop
     8E10   99 DF B9   STA &B9DF,Y
     8E13   88         DEY
     8E14   10 FA      BPL &8E10
     8E16   A9 01      LDA #&01
     8E18   8D EF B9   STA &B9EF
     8E1B   60         RTS
.MMFS_SERVICECALLS
     8E1C   20 76 B4   JSR &B476
     8E1F   48         PHA
     8E20   BD F0 0D   LDA &0DF0,X
     8E23   30 1E      BMI &8E43
.lbl1
     8E25   68         PLA
     8E26   C9 12      CMP #&12
     8E28   F0 31      BEQ &8E5B
     8E2A   C9 0B      CMP #&0B
     8E2C   B0 14      BCS &8E42
.label4
     8E2E   0A         ASL A
     8E2F   AA         TAX
     8E30   BD 46 8E   LDA &8E46,X
     8E33   48         PHA
     8E34   BD 45 8E   LDA &8E45,X
     8E37   48         PHA
     8E38   8A         TXA
     8E39   A6 F4      LDX &F4
     8E3B   4A         LSR A
     8E3C   C9 0B      CMP #&0B
     8E3E   90 02      BCC &8E42
     8E40   69 15      ADC #&15
.label3
.SERVICE_NULL
     8E42   60         RTS
.romdisabled
     8E43   68         PLA
     8E44   60         RTS
.data
     8E45   41 8E
     8E47   41 8E
     8E49   64 8E
     8E4B   76 8E
     8E4D   8F 8E
     8E4F   41 8E
     8E51   41 8E
     8E53   41 8E
     8E55   9B 8E
     8E57   F9 8E
     8E59   41 8E
.SERVICE12_init_filesystem
Macro BP12K_NEST:
End macro BP12K_NEST
     8E5B   C0 04      CPY #&04
     8E5D   D0 E3      BNE &8E42
     8E5F   20 F5 83   JSR &83F5
     8E62   4C 72 8D   JMP &8D72
.SERVICE02_claim_privworkspace
     8E65   98         TYA
     8E66   48         PHA
     8E67   A9 FD      LDA #&FD
     8E69   20 B8 93   JSR &93B8
     8E6C   CA         DEX
     8E6D   8E D3 B9   STX &B9D3
     8E70   A6 F4      LDX &F4
     8E72   68         PLA
     8E73   A8         TAY
     8E74   A9 02      LDA #&02
.srv3_exit
     8E76   60         RTS
.SERVICE03_autoboot
Macro BP12K_NEST:
End macro BP12K_NEST
     8E77   20 F5 83   JSR &83F5
     8E7A   84 B3      STY &B3
     8E7C   A9 7A      LDA #&7A
     8E7E   20 F4 FF   JSR &FFF4
     8E81   8A         TXA
     8E82   30 09      BMI &8E8D
     8E84   C9 65      CMP #&65
     8E86   D0 EE      BNE &8E76
     8E88   A9 78      LDA #&78
     8E8A   20 F4 FF   JSR &FFF4
.jmpAUTOBOOT
     8E8D   4C 50 8D   JMP &8D50
.SERVICE04_unrec_command
Macro BP12K_NEST:
End macro BP12K_NEST
     8E90   20 F5 83   JSR &83F5
     8E93   A2 92      LDX #&92
.jmpunreccmd
     8E95   4C 85 87   JMP &8785
.NotCmdTable22
     8E98   A2 76      LDX #&76
     8E9A   D0 F9      BNE &8E95
.SERVICE08_unrec_OSWORD
Macro BP12K_NEST:
End macro BP12K_NEST
     8E9C   20 F5 83   JSR &83F5
     8E9F   A4 EF      LDY &EF
     8EA1   30 2F      BMI &8ED2
     8EA3   C0 7D      CPY #&7D
     8EA5   90 2B      BCC &8ED2
     8EA7   AD 13 02   LDA &0213
     8EAA   C9 FF      CMP #&FF
     8EAC   D0 24      BNE &8ED2
     8EAE   AD 12 02   LDA &0212
     8EB1   C9 1B      CMP #&1B
     8EB3   D0 1D      BNE &8ED2
     8EB5   AD BC 0D   LDA &0DBC
     8EB8   C5 F4      CMP &F4
     8EBA   D0 16      BNE &8ED2
     8EBC   20 52 96   JSR &9652
     8EBF   A6 F0      LDX &F0
     8EC1   86 B0      STX &B0
     8EC3   A6 F1      LDX &F1
     8EC5   86 B1      STX &B1
     8EC7   A4 EF      LDY &EF
     8EC9   C8         INY
     8ECA   10 07      BPL &8ED3
     8ECC   08         PHP
     8ECD   58         CLI
     8ECE   20 7D AF   JSR &AF7D
     8ED1   28         PLP
.notMMFS
.exit
     8ED2   60         RTS
.notOSWORD7F
     8ED3   20 3F A5   JSR &A53F
     8ED6   C8         INY
     8ED7   30 08      BMI &8EE1
     8ED9   A0 00      LDY #&00
     8EDB   AD 04 B8   LDA &B804
     8EDE   91 B0      STA (&B0),Y
     8EE0   60         RTS
.OSWORD7E
     8EE1   A9 00      LDA #&00
     8EE3   A8         TAY
     8EE4   91 B0      STA (&B0),Y
     8EE6   C8         INY
     8EE7   AD 07 B8   LDA &B807
     8EEA   91 B0      STA (&B0),Y
     8EEC   C8         INY
     8EED   AD 06 B8   LDA &B806
     8EF0   29 03      AND #&03
     8EF2   91 B0      STA (&B0),Y
     8EF4   C8         INY
     8EF5   A9 00      LDA #&00
     8EF7   91 B0      STA (&B0),Y
     8EF9   60         RTS
.SERVICE09_help
     8EFA   20 F5 83   JSR &83F5
     8EFD   B1 F2      LDA (&F2),Y
     8EFF   A2 A8      LDX #&A8
     8F01   C9 0D      CMP #&0D
     8F03   D0 90      BNE &8E95
     8F05   98         TYA
     8F06   A0 03      LDY #&03
     8F08   4C E7 99   JMP &99E7
.FILEV_ENTRY
     8F0B   20 1E 84   JSR &841E
     8F0E   48         PHA
     8F0F   20 B7 92   JSR &92B7
     8F12   86 B0      STX &B0
     8F14   8E DB B9   STX &B9DB
     8F17   84 B1      STY &B1
     8F19   8C DC B9   STY &B9DC
     8F1C   A2 00      LDX #&00
     8F1E   A0 00      LDY #&00
     8F20   20 41 81   JSR &8141
.filev_copyparams_loop
     8F23   20 31 81   JSR &8131
     8F26   C0 12      CPY #&12
     8F28   D0 F9      BNE &8F23
     8F2A   68         PLA
     8F2B   AA         TAX
     8F2C   E8         INX
     8F2D   E0 08      CPX #&08
     8F2F   B0 08      BCS &8F39
     8F31   BD 02 94   LDA &9402,X
     8F34   48         PHA
     8F35   BD FA 93   LDA &93FA,X
     8F38   48         PHA
.filev_unknownop
     8F39   A9 00      LDA #&00
     8F3B   60         RTS
.FSCV_ENTRY
     8F3C   C9 0C      CMP #&0C
     8F3E   B0 F9      BCS &8F39
     8F40   86 B5      STX &B5
     8F42   AA         TAX
     8F43   BD EE 93   LDA &93EE,X
     8F46   48         PHA
     8F47   BD E2 93   LDA &93E2,X
     8F4A   48         PHA
     8F4B   8A         TXA
     8F4C   A6 B5      LDX &B5
     8F4E   60         RTS
.GBPBV_ENTRY
     8F4F   C9 09      CMP #&09
     8F51   B0 1D      BCS &8F70
     8F53   20 F5 83   JSR &83F5
     8F56   20 52 96   JSR &9652
     8F59   8E 7D B9   STX &B97D
     8F5C   8C 7E B9   STY &B97E
     8F5F   A8         TAY
     8F60   4C 11 91   JMP &9111
.upgbpb
     8F63   20 71 8F   JSR &8F71
     8F66   08         PHP
     8F67   2C 81 B9   BIT &B981
     8F6A   10 03      BPL &8F6F
     8F6C   20 14 8D   JSR &8D14
.gbpb_nottube
     8F6F   28         PLP
.gbpbv_unrecop
     8F70   60         RTS
.gbpb_gosub
     8F71   B9 0A 94   LDA &940A,Y
     8F74   8D D7 B9   STA &B9D7
     8F77   B9 13 94   LDA &9413,Y
     8F7A   8D D8 B9   STA &B9D8
     8F7D   B9 1C 94   LDA &941C,Y
     8F80   4A         LSR A
     8F81   08         PHP
     8F82   4A         LSR A
     8F83   08         PHP
     8F84   8D 7F B9   STA &B97F
     8F87   A0 0C      LDY #&0C
.gbpb_ctlblk_loop
     8F89   B1 B4      LDA (&B4),Y
     8F8B   99 60 B9   STA &B960,Y
     8F8E   88         DEY
     8F8F   10 F8      BPL &8F89
     8F91   AD 63 B9   LDA &B963
     8F94   2D 64 B9   AND &B964
     8F97   0D D6 B9   ORA &B9D6
     8F9A   18         CLC
     8F9B   69 01      ADC #&01
     8F9D   F0 06      BEQ &8FA5
     8F9F   20 05 8D   JSR &8D05
     8FA2   18         CLC
     8FA3   A9 FF      LDA #&FF
.gbpb_nottube1
     8FA5   8D 81 B9   STA &B981
     8FA8   AD 7F B9   LDA &B97F
     8FAB   B0 07      BCS &8FB4
     8FAD   A2 61      LDX #&61
     8FAF   A0 B9      LDY #&B9
     8FB1   20 06 04   JSR &0406
.gbpb_nottube2
     8FB4   28         PLP
     8FB5   B0 04      BCS &8FBB
     8FB7   28         PLP
.gbpb_jmpsub
     8FB8   6C D7 B9   JMP (&B9D7)
.gbpb_rw_seqptr
     8FBB   A2 03      LDX #&03
.gbpb_seqptr_loop1
     8FBD   BD 69 B9   LDA &B969,X
     8FC0   95 B6      STA &B6,X
     8FC2   CA         DEX
     8FC3   10 F8      BPL &8FBD
     8FC5   A2 B6      LDX #&B6
     8FC7   AC 60 B9   LDY &B960
     8FCA   A9 00      LDA #&00
     8FCC   28         PLP
     8FCD   B0 03      BCS &8FD2
     8FCF   20 38 99   JSR &9938
.gpbp_dontwriteseqptr
     8FD2   20 9D 96   JSR &969D
     8FD5   A2 03      LDX #&03
.gbpb_seqptr_loop2
     8FD7   B5 B6      LDA &B6,X
     8FD9   9D 69 B9   STA &B969,X
     8FDC   CA         DEX
     8FDD   10 F8      BPL &8FD7
.gbpb_rwdata
     8FDF   20 AF 90   JSR &90AF
     8FE2   30 0D      BMI &8FF1
.gbpb_data_loop
     8FE4   AC 60 B9   LDY &B960
     8FE7   20 B8 8F   JSR &8FB8
     8FEA   B0 0D      BCS &8FF9
     8FEC   A2 09      LDX #&09
     8FEE   20 EA 90   JSR &90EA
.gbpb_data_loopin
     8FF1   A2 05      LDX #&05
     8FF3   20 EA 90   JSR &90EA
     8FF6   D0 EC      BNE &8FE4
     8FF8   18         CLC
.gbpb_data_loopout
     8FF9   08         PHP
     8FFA   20 AF 90   JSR &90AF
     8FFD   A2 05      LDX #&05
     8FFF   20 EA 90   JSR &90EA
     9002   20 BD 90   JSR &90BD
     9005   A0 0C      LDY #&0C
.gbpb_restorectlblk_loop
     9007   B9 60 B9   LDA &B960,Y
     900A   91 B4      STA (&B4),Y
     900C   88         DEY
     900D   10 F8      BPL &9007
     900F   28         PLP
     9010   60         RTS
.gbpb8_rdfilescurdir
     9011   20 34 A5   JSR &A534
     9014   A9 20      LDA #&20
     9016   8D D7 B9   STA &B9D7
     9019   A9 90      LDA #&90
     901B   8D D8 B9   STA &B9D8
     901E   D0 BF      BNE &8FDF
.gbpb8_getbyte
     9020   AC 69 B9   LDY &B969
.gbpb8_loop
     9023   CC 05 B8   CPY &B805
     9026   B0 28      BCS &9050
     9028   B9 0F B7   LDA &B70F,Y
     902B   20 38 83   JSR &8338
     902E   45 CC      EOR &CC
     9030   B0 02      BCS &9034
     9032   29 DF      AND #&DF
.gbpb8_notalpha
     9034   29 7F      AND #&7F
     9036   F0 05      BEQ &903D
     9038   20 4D 88   JSR &884D
     903B   D0 E6      BNE &9023
.gbpb8_filefound
     903D   A9 07      LDA #&07
     903F   20 D6 90   JSR &90D6
     9042   85 B0      STA &B0
.gbpb8_copyfn_loop
     9044   B9 08 B7   LDA &B708,Y
     9047   20 D6 90   JSR &90D6
     904A   C8         INY
     904B   C6 B0      DEC &B0
     904D   D0 F5      BNE &9044
     904F   18         CLC
.gbpb8_endofcat
     9050   8C 69 B9   STY &B969
     9053   AD 04 B8   LDA &B804
     9056   8D 60 B9   STA &B960
     9059   60         RTS
.gbpb5_getmediatitle
     905A   20 34 A5   JSR &A534
     905D   A9 0C      LDA #&0C
     905F   20 D6 90   JSR &90D6
     9062   A0 00      LDY #&00
.gbpb5_titleloop
     9064   C0 08      CPY #&08
     9066   B0 05      BCS &906D
     9068   B9 00 B7   LDA &B700,Y
     906B   90 03      BCC &9070
.gbpb5_titlehi
     906D   B9 F8 B7   LDA &B7F8,Y
.gbpb5_titlelo
     9070   20 D6 90   JSR &90D6
     9073   C8         INY
     9074   C0 0C      CPY #&0C
     9076   D0 EC      BNE &9064
     9078   AD 06 B8   LDA &B806
     907B   20 21 82   JSR &8221
     907E   20 D6 90   JSR &90D6
     9081   A5 CD      LDA &CD
     9083   4C D6 90   JMP &90D6
.gbpb6_rdcurdirdevice
     9086   20 CD 90   JSR &90CD
     9089   AD CA B9   LDA &B9CA
     908C   20 C8 90   JSR &90C8
     908F   AD C9 B9   LDA &B9C9
     9092   D0 42      BNE &90D6
.gbpb7_rdcurlibdevice
     9094   20 CD 90   JSR &90CD
     9097   AD CC B9   LDA &B9CC
     909A   20 C8 90   JSR &90C8
     909D   AD CB B9   LDA &B9CB
     90A0   D0 34      BNE &90D6
.gpbp_B8memptr
     90A2   AE 61 B9   LDX &B961
     90A5   86 B8      STX &B8
     90A7   AE 62 B9   LDX &B962
     90AA   86 B9      STX &B9
     90AC   A2 00      LDX #&00
     90AE   60         RTS
.gbpb_bytesxferinvert
     90AF   A2 03      LDX #&03
.gbpb_bytesxferinvert_loop
     90B1   A9 FF      LDA #&FF
     90B3   5D 65 B9   EOR &B965,X
     90B6   9D 65 B9   STA &B965,X
     90B9   CA         DEX
     90BA   10 F5      BPL &90B1
     90BC   60         RTS
.gbpb_wordB4_word107D
     90BD   AD 7D B9   LDA &B97D
     90C0   85 B4      STA &B4
     90C2   AD 7E B9   LDA &B97E
     90C5   85 B5      STA &B5
     90C7   60         RTS
.gbpb_gb_SAVEBYTE_and_gbpb_SAVE_01
     90C8   09 30      ORA #&30
     90CA   20 D6 90   JSR &90D6
.gbpb_SAVE_01
     90CD   A9 01      LDA #&01
     90CF   D0 05      BNE &90D6
.gbpb_getbyteSAVEBYTE
     90D1   20 AB 97   JSR &97AB
     90D4   B0 1F      BCS &90F5
.gbpb_gb_SAVEBYTE
     90D6   2C 81 B9   BIT &B981
     90D9   10 05      BPL &90E0
     90DB   8D E5 FE   STA &FEE5
     90DE   30 05      BMI &90E5
.gBpb_gb_fromhost
     90E0   20 A2 90   JSR &90A2
     90E3   81 B8      STA (&B8,X)
.gbpb_incDataPtr
     90E5   20 F5 83   JSR &83F5
     90E8   A2 01      LDX #&01
.gbpb_incdblword1060X
     90EA   A0 04      LDY #&04
.gbpb_incdblword_loop
     90EC   FE 60 B9   INC &B960,X
     90EF   D0 04      BNE &90F5
     90F1   E8         INX
     90F2   88         DEY
     90F3   D0 F7      BNE &90EC
.gbpb_incdblworkd_exit
     90F5   60         RTS
.gbpb_putbytes
     90F6   20 FE 90   JSR &90FE
     90F9   20 68 98   JSR &9868
     90FC   18         CLC
     90FD   60         RTS
.gpbp_pb_LOADBYTE
     90FE   2C 81 B9   BIT &B981
     9101   10 06      BPL &9109
     9103   AD E5 FE   LDA &FEE5
     9106   4C E5 90   JMP &90E5
.gbpb_pb_fromhost
     9109   20 A2 90   JSR &90A2
     910C   A1 B8      LDA (&B8,X)
     910E   4C E5 90   JMP &90E5
.fastgb
     9111   20 BD 90   JSR &90BD
     9114   B9 1C 94   LDA &941C,Y
     9117   29 03      AND #&03
     9119   4A         LSR A
     911A   F0 4A      BEQ &9166
     911C   8C 6D B9   STY &B96D
     911F   A0 0C      LDY #&0C
.copyl0
     9121   B1 B4      LDA (&B4),Y
     9123   99 60 B9   STA &B960,Y
     9126   88         DEY
     9127   10 F8      BPL &9121
     9129   A8         TAY
     912A   A2 03      LDX #&03
.initl
     912C   BD 65 B9   LDA &B965,X
     912F   9D 6E B9   STA &B96E,X
     9132   CA         DEX
     9133   10 F7      BPL &912C
     9135   AD 69 B9   LDA &B969
     9138   90 09      BCC &9143
     913A   98         TYA
     913B   20 26 82   JSR &8226
     913E   A8         TAY
     913F   B9 10 BA   LDA &BA10,Y
     9142   18         CLC
.dcptr
     9143   49 FF      EOR #&FF
     9145   69 01      ADC #&01
     9147   A0 FC      LDY #&FC
.hdrext
     9149   99 69 B8   STA &B869,Y
     914C   A9 00      LDA #&00
     914E   C8         INY
     914F   D0 F8      BNE &9149
     9151   20 7F 92   JSR &927F
     9154   90 02      BCC &9158
     9156   D0 46      BNE &919E
.trailr
     9158   20 95 92   JSR &9295
.drain
     915B   A9 60      LDA #&60
     915D   85 B4      STA &B4
     915F   A9 B9      LDA #&B9
     9161   85 B5      STA &B5
     9163   AC 6D B9   LDY &B96D
.chain
     9166   4C 63 8F   JMP &8F63
.morfst
     9169   AD 71 B9   LDA &B971
     916C   20 8E 92   JSR &928E
     916F   D0 32      BNE &91A3
     9171   8D 66 B9   STA &B966
     9174   8D 67 B9   STA &B967
     9177   AD 6E B9   LDA &B96E
     917A   D0 DC      BNE &9158
     917C   18         CLC
.fgbfin
     917D   08         PHP
     917E   20 95 92   JSR &9295
     9181   28         PLP
     9182   20 BD 90   JSR &90BD
     9185   A0 0C      LDY #&0C
.retnl
     9187   B9 60 B9   LDA &B960,Y
     918A   91 B4      STA (&B4),Y
     918C   88         DEY
     918D   10 F8      BPL &9187
     918F   60         RTS
.setmax
     9190   8D 67 B9   STA &B967
     9193   0D 66 B9   ORA &B966
     9196   D0 4B      BNE &91E3
.throw
     9198   A0 FD      LDY #&FD
     919A   A9 01      LDA #&01
     919C   D0 AB      BNE &9149
.align
     919E   20 5B 91   JSR &915B
     91A1   B0 DA      BCS &917D
.dofast
     91A3   AE 71 B9   LDX &B971
     91A6   F0 02      BEQ &91AA
     91A8   A2 FF      LDX #&FF
.sclamp
     91AA   8A         TXA
     91AB   0D 70 B9   ORA &B970
     91AE   8D 67 B9   STA &B967
     91B1   8A         TXA
     91B2   0D 6F B9   ORA &B96F
     91B5   AA         TAX
     91B6   AD C2 B9   LDA &B9C2
     91B9   38         SEC
     91BA   6D 6D B9   ADC &B96D
     91BD   49 04      EOR #&04
     91BF   29 E4      AND #&E4
     91C1   A8         TAY
     91C2   B9 15 BA   LDA &BA15,Y
     91C5   38         SEC
     91C6   ED 6A B9   SBC &B96A
     91C9   8D 66 B9   STA &B966
     91CC   B9 16 BA   LDA &BA16,Y
     91CF   ED 6B B9   SBC &B96B
     91D2   90 C4      BCC &9198
     91D4   CD 67 B9   CMP &B967
     91D7   90 B7      BCC &9190
     91D9   D0 05      BNE &91E0
     91DB   EC 66 B9   CPX &B966
     91DE   B0 B0      BCS &9190
.sectr0
     91E0   8E 66 B9   STX &B966
.sectr1
     91E3   AC C2 B9   LDY &B9C2
     91E6   20 42 94   JSR &9442
     91E9   20 06 98   JSR &9806
     91EC   A9 3F      LDA #&3F
     91EE   99 1D BA   STA &BA1D,Y
     91F1   20 FE 97   JSR &97FE
     91F4   AD 61 B9   LDA &B961
     91F7   85 BC      STA &BC
     91F9   AD 62 B9   LDA &B962
     91FC   85 BD      STA &BD
     91FE   AD 63 B9   LDA &B963
     9201   8D 74 B9   STA &B974
     9204   AD 64 B9   LDA &B964
     9207   8D 75 B9   STA &B975
     920A   B9 0F BA   LDA &BA0F,Y
     920D   18         CLC
     920E   6D 6A B9   ADC &B96A
     9211   85 C3      STA &C3
     9213   B9 0D BA   LDA &BA0D,Y
     9216   6D 6B B9   ADC &B96B
     9219   29 03      AND #&03
     921B   85 C2      STA &C2
     921D   A9 00      LDA #&00
     921F   85 C0      STA &C0
     9221   AD 66 B9   LDA &B966
     9224   85 C1      STA &C1
     9226   AD 67 B9   LDA &B967
     9229   20 27 82   JSR &8227
     922C   05 C2      ORA &C2
     922E   85 C2      STA &C2
     9230   AD 6D B9   LDA &B96D
     9233   EE DD B9   INC &B9DD
     9236   20 A5 92   JSR &92A5
     9239   CE DD B9   DEC &B9DD
     923C   20 7F 92   JSR &927F
     923F   AC 66 B9   LDY &B966
     9242   98         TYA
     9243   18         CLC
     9244   6D 62 B9   ADC &B962
     9247   8D 62 B9   STA &B962
     924A   AE 67 B9   LDX &B967
     924D   8A         TXA
     924E   6D 63 B9   ADC &B963
     9251   8D 63 B9   STA &B963
     9254   90 03      BCC &9259
     9256   EE 64 B9   INC &B964
.updp
     9259   98         TYA
     925A   AC C2 B9   LDY &B9C2
     925D   18         CLC
     925E   79 11 BA   ADC &BA11,Y
     9261   99 11 BA   STA &BA11,Y
     9264   8D 6A B9   STA &B96A
     9267   8A         TXA
     9268   79 12 BA   ADC &BA12,Y
     926B   99 12 BA   STA &BA12,Y
     926E   8D 6B B9   STA &B96B
     9271   98         TYA
     9272   20 AB 99   JSR &99AB
     9275   90 05      BCC &927C
     9277   F0 03      BEQ &927C
     9279   20 16 99   JSR &9916
.doneit
     927C   4C 69 91   JMP &9169
.subwk
     927F   38         SEC
     9280   A2 FC      LDX #&FC
.subwkl
     9282   BD 72 B8   LDA &B872,X
     9285   FD 69 B8   SBC &B869,X
     9288   9D 72 B8   STA &B872,X
     928B   E8         INX
     928C   D0 F4      BNE &9282
.testl
     928E   0D 70 B9   ORA &B970
     9291   0D 6F B9   ORA &B96F
     9294   60         RTS
.addtol
     9295   18         CLC
     9296   A2 FC      LDX #&FC
.addl
     9298   BD 72 B8   LDA &B872,X
     929B   7D 69 B8   ADC &B869,X
     929E   9D 69 B8   STA &B869,X
     92A1   E8         INX
     92A2   D0 F4      BNE &9298
     92A4   60         RTS
.docmd
     92A5   C9 03      CMP #&03
     92A7   90 03      BCC &92AC
.dordcmd
     92A9   4C A3 88   JMP &88A3
.dowrcmd
     92AC   4C C0 88   JMP &88C0
.fscv_osabouttoproccmd
     92AF   2C C7 B9   BIT &B9C7
     92B2   30 03      BMI &92B7
     92B4   CE C7 B9   DEC &B9C7
.parameter_fsp
     92B7   A9 FF      LDA #&FF
     92B9   8D CE B9   STA &B9CE
.param_out
     92BC   8D CD B9   STA &B9CD
     92BF   60         RTS
.parameter_afsp
     92C0   A9 2A      LDA #&2A
     92C2   8D CE B9   STA &B9CE
     92C5   A9 23      LDA #&23
     92C7   D0 F3      BNE &92BC
.osfile5_rdcatinfo
     92C9   20 83 93   JSR &9383
     92CC   20 96 83   JSR &8396
     92CF   A9 01      LDA #&01
     92D1   60         RTS
.osfile6_delfile
     92D2   20 60 93   JSR &9360
     92D5   20 96 83   JSR &8396
     92D8   20 1C 83   JSR &831C
     92DB   4C 02 93   JMP &9302
.osfile1_updatecat
     92DE   20 83 93   JSR &9383
     92E1   20 08 93   JSR &9308
     92E4   20 24 93   JSR &9324
     92E7   50 16      BVC &92FF
.osfile3_wrexecaddr
     92E9   20 83 93   JSR &9383
     92EC   20 24 93   JSR &9324
     92EF   50 11      BVC &9302
.osfile2_wrloadaddr
     92F1   20 83 93   JSR &9383
     92F4   20 08 93   JSR &9308
     92F7   50 09      BVC &9302
.osfile4_wrattribs
     92F9   20 83 93   JSR &9383
     92FC   20 78 93   JSR &9378
.osfile_updatelocksavecat
     92FF   20 47 93   JSR &9347
.osfile_savecat_retA_1
     9302   20 53 A5   JSR &A553
     9305   A9 01      LDA #&01
     9307   60         RTS
.osfile_update_loadaddr_Xoffset
     9308   20 F5 83   JSR &83F5
     930B   A0 02      LDY #&02
     930D   B1 B0      LDA (&B0),Y
     930F   9D 08 B8   STA &B808,X
     9312   C8         INY
     9313   B1 B0      LDA (&B0),Y
     9315   9D 09 B8   STA &B809,X
     9318   C8         INY
     9319   B1 B0      LDA (&B0),Y
     931B   0A         ASL A
     931C   0A         ASL A
     931D   5D 0E B8   EOR &B80E,X
     9320   29 0C      AND #&0C
     9322   10 1B      BPL &933F
.osfile_update_execaddr_Xoffset
     9324   20 F5 83   JSR &83F5
     9327   A0 06      LDY #&06
     9329   B1 B0      LDA (&B0),Y
     932B   9D 0A B8   STA &B80A,X
     932E   C8         INY
     932F   B1 B0      LDA (&B0),Y
     9331   9D 0B B8   STA &B80B,X
     9334   C8         INY
     9335   B1 B0      LDA (&B0),Y
     9337   6A         ROR A
     9338   6A         ROR A
     9339   6A         ROR A
     933A   5D 0E B8   EOR &B80E,X
     933D   29 C0      AND #&C0
.osfile_savemixedbyte
     933F   5D 0E B8   EOR &B80E,X
     9342   9D 0E B8   STA &B80E,X
     9345   B8         CLV
     9346   60         RTS
.osfile_updatelock
     9347   20 F5 83   JSR &83F5
     934A   A0 0E      LDY #&0E
     934C   B1 B0      LDA (&B0),Y
     934E   29 0A      AND #&0A
     9350   F0 02      BEQ &9354
     9352   A9 80      LDA #&80
.osfile_notlocked
     9354   5D 0F B7   EOR &B70F,X
     9357   29 80      AND #&80
     9359   5D 0F B7   EOR &B70F,X
     935C   9D 0F B7   STA &B70F,X
     935F   60         RTS
.CheckFileNotLocked
     9360   20 8D 93   JSR &938D
     9363   90 23      BCC &9388
.CheckFileNotLockedY
     9365   B9 0F B7   LDA &B70F,Y
     9368   10 22      BPL &938C
.errFILELOCKED
     936A   20 61 80   JSR &8061
     936D   C3
     936E   4C 6F 63 ...
     9374   00
.CheckFileNotLockedOrOpenY
     9375   20 65 93   JSR &9365
.CheckFileNotOpenY
     9378   20 F5 83   JSR &83F5
     937B   20 E7 95   JSR &95E7
     937E   90 21      BCC &93A1
     9380   4C 4B 95   JMP &954B
.CheckFileExists
     9383   20 8D 93   JSR &938D
     9386   B0 19      BCS &93A1
.ExitCallingSubroutine
     9388   68         PLA
     9389   68         PLA
     938A   A9 00      LDA #&00
.chklock_exit
     938C   60         RTS
.read_fspBA_findcatentry
     938D   20 51 81   JSR &8151
     9390   20 7F 82   JSR &827F
     9393   90 0C      BCC &93A1
     9395   98         TYA
     9396   AA         TAX
.SetParamBlockPointerB0
     9397   AD DB B9   LDA &B9DB
     939A   85 B0      STA &B0
     939C   AD DC B9   LDA &B9DC
     939F   85 B1      STA &B1
.checkexit
     93A1   60         RTS
.CalcRAM
     93A2   A9 83      LDA #&83
     93A4   20 F4 FF   JSR &FFF4
     93A7   8C CF B9   STY &B9CF
     93AA   A9 84      LDA #&84
     93AC   20 F4 FF   JSR &FFF4
     93AF   98         TYA
     93B0   38         SEC
     93B1   ED CF B9   SBC &B9CF
     93B4   8D D0 B9   STA &B9D0
     93B7   60         RTS
.osbyte_X0YFF
     93B8   A2 00      LDX #&00
.osbyte_YFF
     93BA   A0 FF      LDY #&FF
     93BC   4C F4 FF   JMP &FFF4
.vectors_table
     93BF   1B FF
     93C1   1E FF
     93C3   21 FF
     93C5   24 FF
     93C7   27 FF
     93C9   2A FF
     93CB   2D FF
.extendedvectors_table
     93CD   0B 8F
     93CF   00         BRK
     93D0   5F 96
     93D2   00         BRK
     93D3   AB 97
     93D5   00         BRK
     93D6   68 98
     93D8   00         BRK
     93D9   4F 8F
     93DB   00         BRK
     93DC   84 94
     93DE   00         BRK
     93DF   3C 8F
     93E1   00         BRK
.fscv_table1
     93E2   56
     93E3   77
     93E4   CB
     93E5   7F
     93E6   CB
     93E7   C0
     93E8   29
     93E9   24
     93EA   AE
     93EB   4C
     93EC   6B
     93ED   CB
.fscv_table2
     93EE   8A
     93EF   97
     93F0   88
     93F1   87
     93F2   88
     93F3   84
     93F4   94
     93F5   94
     93F6   92
     93F7   82
     93F8   82
     93F9   88
.finv_tablelo
     93FA   67
     93FB   B6
     93FC   DD
     93FD   F0
     93FE   E8
     93FF   F8
     9400   C8
     9401   D1
.finv_tablehi
     9402   88
     9403   88
     9404   92
     9405   92
     9406   92
     9407   92
     9408   92
     9409   92
.gbpbv_table1
     940A   CC
     940B   F6
     940C   F6
     940D   D1
     940E   D1
     940F   5A
     9410   86
     9411   94
     9412   11
.gbpbv_table2
     9413   82
     9414   90
     9415   90
     9416   90
     9417   90
     9418   90
     9419   90
     941A   90
     941B   90
.gbpbv_table3
     941C   04
     941D   02
     941E   03
     941F   06
     9420   07
     9421   04
     9422   04
     9423   04
     9424   04
.fscv7_hndlrange
     9425   A2 11      LDX #&11
     9427   A0 15      LDY #&15
.closeallfiles_exit
     9429   60         RTS
.fscv6_shutdownfilesys
     942A   20 F5 83   JSR &83F5
.CloseSPOOLEXECfiles
     942D   A9 77      LDA #&77
     942F   4C F4 FF   JMP &FFF4
.CMD_CLOSE
.CloseAllFiles_Osbyte77
     9432   20 2D 94   JSR &942D
.CloseAllFiles
     9435   A9 00      LDA #&00
.closeallfiles_loop
     9437   18         CLC
     9438   69 20      ADC #&20
     943A   F0 ED      BEQ &9429
     943C   A8         TAY
     943D   20 91 94   JSR &9491
     9440   D0 F5      BNE &9437
.Channel_SetDirDrv_GetCatEntry_Yintch
     9442   20 5D 94   JSR &945D
.Channel_GetCatEntry_Yintch
     9445   A2 06      LDX #&06
.chnl_getcatloop
     9447   B9 0C BA   LDA &BA0C,Y
     944A   95 C5      STA &C5,X
     944C   88         DEY
     944D   88         DEY
     944E   CA         DEX
     944F   10 F6      BPL &9447
     9451   20 8A 82   JSR &828A
     9454   90 22      BCC &9478
     9456   8C C3 B9   STY &B9C3
     9459   AC C2 B9   LDY &B9C2
.chkdskchangexit
     945C   60         RTS
.Channel_SetDirDrive_Yintch
     945D   B9 0E BA   LDA &BA0E,Y
     9460   29 7F      AND #&7F
     9462   85 CC      STA &CC
     9464   B9 17 BA   LDA &BA17,Y
     9467   4C 06 8C   JMP &8C06
.CheckForDiskChange
     946A   20 F5 83   JSR &83F5
     946D   AD 04 B8   LDA &B804
     9470   20 42 A5   JSR &A542
     9473   CD 04 B8   CMP &B804
     9476   F0 E4      BEQ &945C
.errDISKCHANGED
     9478   20 4C 80   JSR &804C
     947B   C8
     947C   63 68 61 ...
     9483   00
.FINDV_ENTRY
     9484   29 C0      AND #&C0
     9486   D0 59      BNE &94E1
     9488   20 F5 83   JSR &83F5
.CloseFiles_Yhandle
     948B   98         TYA
     948C   F0 A4      BEQ &9432
     948E   20 8C 97   JSR &978C
.CloseFile_Yintch
     9491   48         PHA
     9492   20 17 97   JSR &9717
     9495   B0 45      BCS &94DC
     9497   B9 1B BA   LDA &BA1B,Y
     949A   49 FF      EOR #&FF
     949C   2D C0 B9   AND &B9C0
     949F   8D C0 B9   STA &B9C0
     94A2   B9 17 BA   LDA &BA17,Y
     94A5   29 60      AND #&60
     94A7   F0 33      BEQ &94DC
     94A9   20 42 94   JSR &9442
     94AC   B9 17 BA   LDA &BA17,Y
     94AF   29 20      AND #&20
     94B1   F0 26      BEQ &94D9
     94B3   AE C3 B9   LDX &B9C3
     94B6   B9 14 BA   LDA &BA14,Y
     94B9   9D 0C B8   STA &B80C,X
     94BC   B9 15 BA   LDA &BA15,Y
     94BF   9D 0D B8   STA &B80D,X
     94C2   B9 16 BA   LDA &BA16,Y
     94C5   20 27 82   JSR &8227
     94C8   5D 0E B8   EOR &B80E,X
     94CB   29 30      AND #&30
     94CD   5D 0E B8   EOR &B80E,X
     94D0   9D 0E B8   STA &B80E,X
     94D3   20 53 A5   JSR &A553
     94D6   AC C2 B9   LDY &B9C2
.closefile_buftodisk
     94D9   20 06 98   JSR &9806
.closefile_exit
     94DC   AE C5 B9   LDX &B9C5
     94DF   68         PLA
     94E0   60         RTS
.findvnot0_openfile
     94E1   20 1E 84   JSR &841E
     94E4   86 BA      STX &BA
     94E6   84 BB      STY &BB
     94E8   85 B4      STA &B4
     94EA   24 B4      BIT &B4
     94EC   08         PHP
     94ED   20 51 81   JSR &8151
     94F0   20 B7 92   JSR &92B7
     94F3   20 7F 82   JSR &827F
     94F6   B0 22      BCS &951A
     94F8   A9 00      LDA #&00
     94FA   28         PLP
     94FB   50 01      BVC &94FE
     94FD   60         RTS
.findv_createfile
     94FE   08         PHP
     94FF   A2 07      LDX #&07
.findv_loop1
     9501   95 BC      STA &BC,X
     9503   9D 74 B9   STA &B974,X
     9506   CA         DEX
     9507   10 F8      BPL &9501
     9509   C6 BE      DEC &BE
     950B   C6 BF      DEC &BF
     950D   CE 76 B9   DEC &B976
     9510   CE 77 B9   DEC &B977
     9513   A9 40      LDA #&40
     9515   85 C3      STA &C3
     9517   20 B2 8A   JSR &8AB2
.findv_filefound
     951A   28         PLP
     951B   08         PHP
     951C   70 03      BVS &9521
     951E   20 65 93   JSR &9365
.findv_readorupdate
     9521   20 E7 95   JSR &95E7
     9524   90 0E      BCC &9534
.findv_loop2
     9526   B9 0C BA   LDA &BA0C,Y
     9529   10 20      BPL &954B
     952B   28         PLP
     952C   08         PHP
     952D   30 1C      BMI &954B
     952F   20 E2 95   JSR &95E2
     9532   B0 F2      BCS &9526
.findv_openchannel
     9534   AC C2 B9   LDY &B9C2
     9537   D0 1B      BNE &9554
.errTOOMANYFILESOPEN
     9539   20 61 80   JSR &8061
     953C   C0
     953D   54 6F 6F ...
     954A   00
.errFILEOPEN
     954B   20 61 80   JSR &8061
     954E   C2
     954F   4F 70 65 ...
     9553   00
.SetupChannelInfoBlock_Yintch
     9554   A9 08      LDA #&08
     9556   8D C4 B9   STA &B9C4
.chnlblock_loop1
     9559   BD 08 B7   LDA &B708,X
     955C   99 00 BA   STA &BA00,Y
     955F   C8         INY
     9560   BD 08 B8   LDA &B808,X
     9563   99 00 BA   STA &BA00,Y
     9566   C8         INY
     9567   E8         INX
     9568   CE C4 B9   DEC &B9C4
     956B   D0 EC      BNE &9559
     956D   A2 10      LDX #&10
     956F   A9 00      LDA #&00
.chnlblock_loop2
     9571   99 00 BA   STA &BA00,Y
     9574   C8         INY
     9575   CA         DEX
     9576   D0 F9      BNE &9571
     9578   AD C2 B9   LDA &B9C2
     957B   A8         TAY
     957C   20 20 82   JSR &8220
     957F   69 BA      ADC #&BA
     9581   99 13 BA   STA &BA13,Y
     9584   AD C1 B9   LDA &B9C1
     9587   99 1B BA   STA &BA1B,Y
     958A   0D C0 B9   ORA &B9C0
     958D   8D C0 B9   STA &B9C0
     9590   B9 09 BA   LDA &BA09,Y
     9593   69 FF      ADC #&FF
     9595   B9 0B BA   LDA &BA0B,Y
     9598   69 00      ADC #&00
     959A   99 19 BA   STA &BA19,Y
     959D   B9 0D BA   LDA &BA0D,Y
     95A0   09 0F      ORA #&0F
     95A2   69 00      ADC #&00
     95A4   20 19 82   JSR &8219
     95A7   99 1A BA   STA &BA1A,Y
     95AA   28         PLP
     95AB   50 2E      BVC &95DB
     95AD   30 08      BMI &95B7
     95AF   A9 80      LDA #&80
     95B1   19 0C BA   ORA &BA0C,Y
     95B4   99 0C BA   STA &BA0C,Y
.chnlblock_setEXT
     95B7   B9 09 BA   LDA &BA09,Y
     95BA   99 14 BA   STA &BA14,Y
     95BD   B9 0B BA   LDA &BA0B,Y
     95C0   99 15 BA   STA &BA15,Y
     95C3   B9 0D BA   LDA &BA0D,Y
     95C6   20 19 82   JSR &8219
     95C9   99 16 BA   STA &BA16,Y
.chnlblock_cont
     95CC   A5 CD      LDA &CD
     95CE   19 17 BA   ORA &BA17,Y
     95D1   99 17 BA   STA &BA17,Y
     95D4   98         TYA
     95D5   20 20 82   JSR &8220
     95D8   09 10      ORA #&10
     95DA   60         RTS
.chnlblock_setBit5
     95DB   A9 20      LDA #&20
     95DD   99 17 BA   STA &BA17,Y
     95E0   D0 EA      BNE &95CC
.IsFileOpenContinue
     95E2   8A         TXA
     95E3   48         PHA
     95E4   4C 26 96   JMP &9626
.IsFileOpen_Yoffset
     95E7   A9 00      LDA #&00
     95E9   8D C2 B9   STA &B9C2
     95EC   A9 08      LDA #&08
     95EE   85 B5      STA &B5
     95F0   98         TYA
     95F1   AA         TAX
     95F2   A0 A0      LDY #&A0
.fop_main_loop
     95F4   84 B3      STY &B3
     95F6   8A         TXA
     95F7   48         PHA
     95F8   A9 08      LDA #&08
     95FA   85 B2      STA &B2
     95FC   A5 B5      LDA &B5
     95FE   2C C0 B9   BIT &B9C0
     9601   F0 1D      BEQ &9620
     9603   B9 17 BA   LDA &BA17,Y
     9606   45 CD      EOR &CD
     9608   29 03      AND #&03
     960A   D0 1A      BNE &9626
.fop_cmpfn_loop
     960C   BD 08 B7   LDA &B708,X
     960F   59 00 BA   EOR &BA00,Y
     9612   29 7F      AND #&7F
     9614   D0 10      BNE &9626
     9616   E8         INX
     9617   C8         INY
     9618   C8         INY
     9619   C6 B2      DEC &B2
     961B   D0 EF      BNE &960C
     961D   38         SEC
     961E   B0 10      BCS &9630
.fop_channelnotopen
     9620   8C C2 B9   STY &B9C2
     9623   8D C1 B9   STA &B9C1
.fop_nothisfile
     9626   38         SEC
     9627   A5 B3      LDA &B3
     9629   E9 20      SBC #&20
     962B   85 B3      STA &B3
     962D   06 B5      ASL &B5
     962F   18         CLC
.fop_matchifCset
     9630   68         PLA
     9631   AA         TAX
     9632   A4 B3      LDY &B3
     9634   A5 B5      LDA &B5
     9636   B0 02      BCS &963A
     9638   D0 BA      BNE &95F4
.fop_exit
     963A   60         RTS
.ChannelBufferToDisk_Yhandle_A0
     963B   20 52 96   JSR &9652
.ChannelBufferToDisk_Yhandle
     963E   AD C0 B9   LDA &B9C0
     9641   48         PHA
     9642   98         TYA
     9643   D0 05      BNE &964A
     9645   20 35 94   JSR &9435
     9648   F0 03      BEQ &964D
.chbuf1
     964A   20 8B 94   JSR &948B
.chbuf2
     964D   68         PLA
     964E   8D C0 B9   STA &B9C0
     9651   60         RTS
.ReturnWithA0
     9652   48         PHA
     9653   8A         TXA
     9654   48         PHA
     9655   A9 00      LDA #&00
     9657   BA         TSX
     9658   9D 09 01   STA &0109,X
     965B   68         PLA
     965C   AA         TAX
     965D   68         PLA
     965E   60         RTS
.ARGSV_ENTRY
     965F   20 F5 83   JSR &83F5
     9662   C9 FF      CMP #&FF
     9664   F0 D5      BEQ &963B
     9666   C0 00      CPY #&00
     9668   F0 12      BEQ &967C
     966A   C9 04      CMP #&04
     966C   B0 27      BCS &9695
     966E   20 52 96   JSR &9652
     9671   C9 03      CMP #&03
     9673   F0 47      BEQ &96BC
     9675   C9 01      CMP #&01
     9677   D0 24      BNE &969D
     9679   4C 38 99   JMP &9938
.argsv_Y0
     967C   C9 02      CMP #&02
     967E   B0 15      BCS &9695
     9680   20 52 96   JSR &9652
     9683   F0 11      BEQ &9696
     9685   A9 FF      LDA #&FF
     9687   95 02      STA &02,X
     9689   95 03      STA &03,X
     968B   AD D9 B9   LDA &B9D9
     968E   95 00      STA &00,X
     9690   AD DA B9   LDA &B9DA
     9693   95 01      STA &01,X
.argsv_exit
     9695   60         RTS
.argsv_filesysnumber
     9696   A9 04      LDA #&04
     9698   BA         TSX
     9699   9D 05 01   STA &0105,X
     969C   60         RTS
.argsv_rdseqptr_or_filelen
     969D   20 8C 97   JSR &978C
     96A0   8C C2 B9   STY &B9C2
     96A3   0A         ASL A
     96A4   6D C2 B9   ADC &B9C2
     96A7   A8         TAY
     96A8   B9 10 BA   LDA &BA10,Y
     96AB   95 00      STA &00,X
     96AD   B9 11 BA   LDA &BA11,Y
     96B0   95 01      STA &01,X
     96B2   B9 12 BA   LDA &BA12,Y
     96B5   95 02      STA &02,X
     96B7   A9 00      LDA #&00
     96B9   95 03      STA &03,X
     96BB   60         RTS
.argsv3
     96BC   20 8C 97   JSR &978C
     96BF   20 28 99   JSR &9928
     96C2   B0 1E      BCS &96E2
     96C4   B9 10 BA   LDA &BA10,Y
     96C7   48         PHA
     96C8   B9 11 BA   LDA &BA11,Y
     96CB   48         PHA
     96CC   B9 12 BA   LDA &BA12,Y
     96CF   48         PHA
     96D0   20 43 99   JSR &9943
     96D3   68         PLA
     96D4   99 12 BA   STA &BA12,Y
     96D7   68         PLA
     96D8   99 11 BA   STA &BA11,Y
     96DB   68         PLA
     96DC   99 10 BA   STA &BA10,Y
     96DF   20 81 99   JSR &9981
.truncate
     96E2   B9 0C BA   LDA &BA0C,Y
     96E5   30 2A      BMI &9711
     96E7   19 0E BA   ORA &BA0E,Y
     96EA   30 28      BMI &9714
     96EC   A9 20      LDA #&20
     96EE   20 F7 97   JSR &97F7
     96F1   B5 00      LDA &00,X
     96F3   99 14 BA   STA &BA14,Y
     96F6   B5 01      LDA &01,X
     96F8   99 15 BA   STA &BA15,Y
     96FB   B5 02      LDA &02,X
     96FD   99 16 BA   STA &BA16,Y
     9700   8A         TXA
     9701   48         PHA
     9702   20 AA 99   JSR &99AA
     9705   68         PLA
     9706   AA         TAX
     9707   90 03      BCC &970C
     9709   20 72 99   JSR &9972
.dontchangeptr
     970C   A9 EF      LDA #&EF
     970E   4C FE 97   JMP &97FE
.filereadonly
     9711   4C 54 98   JMP &9854
.filelocked
     9714   4C 6A 93   JMP &936A
.IsHndlinUse_Yintch
     9717   48         PHA
     9718   8E C5 B9   STX &B9C5
     971B   98         TYA
     971C   29 E0      AND #&E0
     971E   8D C2 B9   STA &B9C2
     9721   F0 13      BEQ &9736
     9723   20 20 82   JSR &8220
     9726   A8         TAY
     9727   A9 00      LDA #&00
     9729   38         SEC
.hndlinsue_loop
     972A   6A         ROR A
     972B   88         DEY
     972C   D0 FC      BNE &972A
     972E   AC C2 B9   LDY &B9C2
     9731   2C C0 B9   BIT &B9C0
     9734   D0 01      BNE &9737
.hndlinuse_notused_C1
     9736   38         SEC
.hndlinuse_used_C0
     9737   68         PLA
     9738   60         RTS
.conv_Yhndl_intch_exYintch
     9739   48         PHA
     973A   98         TYA
.conv_hndl_X_entry
     973B   C9 10      CMP #&10
     973D   90 04      BCC &9743
     973F   C9 18      CMP #&18
     9741   90 02      BCC &9745
.conv_hndl10
     9743   A9 08      LDA #&08
.conv_hndl18
     9745   20 26 82   JSR &8226
     9748   A8         TAY
     9749   68         PLA
     974A   60         RTS
.ClearEXECSPOOLFileHandle
     974B   A9 C6      LDA #&C6
     974D   20 B8 93   JSR &93B8
     9750   8A         TXA
     9751   F0 09      BEQ &975C
     9753   20 6F 97   JSR &976F
     9756   D0 04      BNE &975C
     9758   A9 C6      LDA #&C6
     975A   D0 0C      BNE &9768
.ClearSpoolhandle
     975C   A9 C7      LDA #&C7
     975E   20 B8 93   JSR &93B8
     9761   20 6F 97   JSR &976F
     9764   D0 11      BNE &9777
     9766   A9 C7      LDA #&C7
.osbyte_X0Y0
     9768   A2 00      LDX #&00
     976A   A0 00      LDY #&00
     976C   4C F4 FF   JMP &FFF4
.ConvertXhndl_exYintch
     976F   8A         TXA
     9770   A8         TAY
     9771   20 39 97   JSR &9739
     9774   CC C2 B9   CPY &B9C2
.clrsplhndl_exit
     9777   60         RTS
.fscv1_EOF_Yhndl
     9778   48         PHA
     9779   98         TYA
     977A   48         PHA
     977B   8A         TXA
     977C   A8         TAY
     977D   20 A7 99   JSR &99A7
     9780   D0 04      BNE &9786
     9782   A2 FF      LDX #&FF
     9784   D0 02      BNE &9788
.eof_NOTEND
     9786   A2 00      LDX #&00
.eof_exit
     9788   68         PLA
     9789   A8         TAY
     978A   68         PLA
.checkchannel_okexit
     978B   60         RTS
.CheckChannel_Yhndl_exYintch
     978C   20 39 97   JSR &9739
     978F   20 17 97   JSR &9717
     9792   90 F7      BCC &978B
     9794   20 4B 97   JSR &974B
.errCHANNEL
     9797   20 61 80   JSR &8061
     979A   DE
     979B   43 68 61 ...
     97A2   00
.errEOF
     97A3   20 61 80   JSR &8061
     97A6   DF
     97A7   45 4F 46 
     97AA   00
.BGETV_ENTRY
     97AB   20 1E 84   JSR &841E
     97AE   20 A7 99   JSR &99A7
     97B1   D0 13      BNE &97C6
     97B3   B9 17 BA   LDA &BA17,Y
     97B6   29 10      AND #&10
     97B8   D0 E9      BNE &97A3
     97BA   A9 10      LDA #&10
     97BC   20 F7 97   JSR &97F7
     97BF   AE C5 B9   LDX &B9C5
     97C2   A9 FE      LDA #&FE
     97C4   38         SEC
     97C5   60         RTS
.bg_notEOF
     97C6   B9 17 BA   LDA &BA17,Y
     97C9   30 0A      BMI &97D5
     97CB   20 5D 94   JSR &945D
     97CE   20 06 98   JSR &9806
     97D1   38         SEC
     97D2   20 0E 98   JSR &980E
.bg_samesector1
     97D5   20 C3 99   JSR &99C3
     97D8   A1 BA      LDA (&BA,X)
     97DA   18         CLC
     97DB   60         RTS
.CalcBufferSectorForPTR
     97DC   18         CLC
     97DD   B9 0F BA   LDA &BA0F,Y
     97E0   79 11 BA   ADC &BA11,Y
     97E3   85 C3      STA &C3
     97E5   99 1C BA   STA &BA1C,Y
     97E8   B9 0D BA   LDA &BA0D,Y
     97EB   29 03      AND #&03
     97ED   79 12 BA   ADC &BA12,Y
     97F0   85 C2      STA &C2
     97F2   99 1D BA   STA &BA1D,Y
.ChannelFlags_SetBit7
     97F5   A9 80      LDA #&80
.ChannelFlags_SetBits
     97F7   19 17 BA   ORA &BA17,Y
     97FA   D0 05      BNE &9801
.ChannelFlags_ClearBit7
     97FC   A9 7F      LDA #&7F
.ChannelFlags_ClearBits
     97FE   39 17 BA   AND &BA17,Y
.chnflg_save
     9801   99 17 BA   STA &BA17,Y
     9804   18         CLC
     9805   60         RTS
.ChannelBufferToDisk_Yintch
     9806   B9 17 BA   LDA &BA17,Y
     9809   29 40      AND #&40
     980B   F0 43      BEQ &9850
     980D   18         CLC
.ChannelBufferRW_Yintch_C1read
     980E   EE DD B9   INC &B9DD
     9811   AC C2 B9   LDY &B9C2
     9814   B9 13 BA   LDA &BA13,Y
     9817   85 BD      STA &BD
     9819   A9 FF      LDA #&FF
     981B   8D 74 B9   STA &B974
     981E   8D 75 B9   STA &B975
     9821   A9 00      LDA #&00
     9823   85 BC      STA &BC
     9825   85 C0      STA &C0
     9827   A9 01      LDA #&01
     9829   85 C1      STA &C1
     982B   B0 17      BCS &9844
     982D   B9 1C BA   LDA &BA1C,Y
     9830   85 C3      STA &C3
     9832   B9 1D BA   LDA &BA1D,Y
     9835   85 C2      STA &C2
     9837   20 C0 88   JSR &88C0
     983A   AC C2 B9   LDY &B9C2
     983D   A9 BF      LDA #&BF
     983F   20 FE 97   JSR &97FE
     9842   90 06      BCC &984A
.chnbuf_read
     9844   20 DC 97   JSR &97DC
     9847   20 A3 88   JSR &88A3
.chnbuf_exit
     984A   CE DD B9   DEC &B9DD
     984D   AC C2 B9   LDY &B9C2
.chnbuf_exit2
     9850   60         RTS
.errFILELOCKED2
     9851   4C 6A 93   JMP &936A
.errFILEREADONLY
     9854   20 61 80   JSR &8061
     9857   C1
     9858   52 65 61 ...
     9861   00
.bput_Yintchan
     9862   20 F5 83   JSR &83F5
     9865   4C 6E 98   JMP &986E
.BPUTV_ENTRY
     9868   20 F5 83   JSR &83F5
     986B   20 8C 97   JSR &978C
.bp_entry
     986E   48         PHA
     986F   B9 0C BA   LDA &BA0C,Y
     9872   30 E0      BMI &9854
     9874   B9 0E BA   LDA &BA0E,Y
     9877   30 D8      BMI &9851
     9879   20 5D 94   JSR &945D
     987C   98         TYA
     987D   18         CLC
     987E   69 04      ADC #&04
     9880   20 AB 99   JSR &99AB
     9883   D0 66      BNE &98EB
     9885   20 45 94   JSR &9445
     9888   AE C3 B9   LDX &B9C3
     988B   38         SEC
     988C   BD 07 B8   LDA &B807,X
     988F   FD 0F B8   SBC &B80F,X
     9892   48         PHA
     9893   BD 06 B8   LDA &B806,X
     9896   FD 0E B8   SBC &B80E,X
     9899   29 03      AND #&03
     989B   D9 1A BA   CMP &BA1A,Y
     989E   D0 1F      BNE &98BF
     98A0   68         PLA
     98A1   D9 19 BA   CMP &BA19,Y
     98A4   D0 34      BNE &98DA
     98A6   84 B4      STY &B4
     98A8   8C C2 B9   STY &B9C2
     98AB   20 4B 97   JSR &974B
.errCANTEXTEND
     98AE   20 61 80   JSR &8061
     98B1   BF
     98B2   43 61 6E ...
     98BE   00
.bp_extendby100
     98BF   B9 1A BA   LDA &BA1A,Y
     98C2   18         CLC
     98C3   69 01      ADC #&01
     98C5   99 1A BA   STA &BA1A,Y
     98C8   0A         ASL A
     98C9   0A         ASL A
     98CA   0A         ASL A
     98CB   0A         ASL A
     98CC   5D 0E B8   EOR &B80E,X
     98CF   29 30      AND #&30
     98D1   5D 0E B8   EOR &B80E,X
     98D4   9D 0E B8   STA &B80E,X
     98D7   68         PLA
     98D8   A9 00      LDA #&00
.bp_extendtogap
     98DA   9D 0D B8   STA &B80D,X
     98DD   99 19 BA   STA &BA19,Y
     98E0   A9 00      LDA #&00
     98E2   9D 0C B8   STA &B80C,X
     98E5   20 53 A5   JSR &A553
     98E8   AC C2 B9   LDY &B9C2
.bp_noextend
     98EB   B9 17 BA   LDA &BA17,Y
     98EE   30 16      BMI &9906
     98F0   20 06 98   JSR &9806
     98F3   B9 14 BA   LDA &BA14,Y
     98F6   D0 0A      BNE &9902
     98F8   20 AA 99   JSR &99AA
     98FB   D0 05      BNE &9902
     98FD   20 DC 97   JSR &97DC
     9900   D0 04      BNE &9906
.bp_loadbuf
     9902   38         SEC
     9903   20 0E 98   JSR &980E
.bp_savebyte
     9906   A9 40      LDA #&40
     9908   20 F7 97   JSR &97F7
     990B   20 C3 99   JSR &99C3
     990E   68         PLA
     990F   81 BA      STA (&BA,X)
     9911   20 AA 99   JSR &99AA
     9914   90 11      BCC &9927
.updext
     9916   A9 20      LDA #&20
     9918   20 F7 97   JSR &97F7
     991B   A2 02      LDX #&02
.bp_setextloop
     991D   B9 10 BA   LDA &BA10,Y
     9920   99 14 BA   STA &BA14,Y
     9923   C8         INY
     9924   CA         DEX
     9925   10 F6      BPL &991D
.bp_exit
     9927   60         RTS
.cmptoEXT
     9928   B9 14 BA   LDA &BA14,Y
     992B   D5 00      CMP &00,X
     992D   B9 15 BA   LDA &BA15,Y
     9930   F5 01      SBC &01,X
     9932   B9 16 BA   LDA &BA16,Y
     9935   F5 02      SBC &02,X
     9937   60         RTS
.argsv_WriteSeqPointer
     9938   20 F5 83   JSR &83F5
     993B   20 8C 97   JSR &978C
.wsploop
     993E   20 28 99   JSR &9928
     9941   B0 2F      BCS &9972
.argsextendloop
     9943   B9 14 BA   LDA &BA14,Y
     9946   99 10 BA   STA &BA10,Y
     9949   B9 15 BA   LDA &BA15,Y
     994C   99 11 BA   STA &BA11,Y
     994F   B9 16 BA   LDA &BA16,Y
     9952   99 12 BA   STA &BA12,Y
     9955   20 81 99   JSR &9981
     9958   A5 B6      LDA &B6
     995A   48         PHA
     995B   A5 B7      LDA &B7
     995D   48         PHA
     995E   A5 B8      LDA &B8
     9960   48         PHA
     9961   A9 00      LDA #&00
     9963   20 62 98   JSR &9862
     9966   68         PLA
     9967   85 B8      STA &B8
     9969   68         PLA
     996A   85 B7      STA &B7
     996C   68         PLA
     996D   85 B6      STA &B6
     996F   4C 3E 99   JMP &993E
.SetSeqPointer_Yintch
     9972   B5 00      LDA &00,X
     9974   99 10 BA   STA &BA10,Y
     9977   B5 01      LDA &01,X
     9979   99 11 BA   STA &BA11,Y
     997C   B5 02      LDA &02,X
     997E   99 12 BA   STA &BA12,Y
.IsSeqPointerInBuffer_Yintch
     9981   A9 6F      LDA #&6F
     9983   20 FE 97   JSR &97FE
     9986   B9 0F BA   LDA &BA0F,Y
     9989   79 11 BA   ADC &BA11,Y
     998C   8D C4 B9   STA &B9C4
     998F   B9 0D BA   LDA &BA0D,Y
     9992   29 03      AND #&03
     9994   79 12 BA   ADC &BA12,Y
     9997   D9 1D BA   CMP &BA1D,Y
     999A   D0 8B      BNE &9927
     999C   AD C4 B9   LDA &B9C4
     999F   D9 1C BA   CMP &BA1C,Y
     99A2   D0 83      BNE &9927
     99A4   4C F5 97   JMP &97F5
.CheckChannel_Yhndl_exYintch_TYA_CmpPTR
     99A7   20 8C 97   JSR &978C
.TYA_CmpPTR
     99AA   98         TYA
.CmpPTR
     99AB   AA         TAX
     99AC   B9 12 BA   LDA &BA12,Y
     99AF   DD 16 BA   CMP &BA16,X
     99B2   D0 0E      BNE &99C2
     99B4   B9 11 BA   LDA &BA11,Y
     99B7   DD 15 BA   CMP &BA15,X
     99BA   D0 06      BNE &99C2
     99BC   B9 10 BA   LDA &BA10,Y
     99BF   DD 14 BA   CMP &BA14,X
.cmpPE_exit
     99C2   60         RTS
.load_then_incSeqPtr_Yintch
     99C3   B9 10 BA   LDA &BA10,Y
     99C6   85 BA      STA &BA
     99C8   B9 13 BA   LDA &BA13,Y
     99CB   85 BB      STA &BB
     99CD   98         TYA
     99CE   AA         TAX
     99CF   FE 10 BA   INC &BA10,X
     99D2   D0 0B      BNE &99DF
     99D4   20 FC 97   JSR &97FC
     99D7   FE 11 BA   INC &BA11,X
     99DA   D0 03      BNE &99DF
     99DC   FE 12 BA   INC &BA12,X
.samesector
     99DF   A2 00      LDX #&00
     99E1   60         RTS
.CMD_MMFS
     99E2   98         TYA
     99E3   A2 00      LDX #&00
     99E5   A0 14      LDY #&14
.Prthelp_Xtable
     99E7   48         PHA
     99E8   20 9E 80   JSR &809E
     99EB   0D
Macro SYSTEM_NAME:
     99EC   4D 4D 46 ...
End macro SYSTEM_NAME
     99F0   20
     99F1   86 BF      STX &BF
     99F3   84 B7      STY &B7
     99F5   A2 00      LDX #&00
.verloop
     99F7   BD 23 80   LDA &8023,X
     99FA   F0 06      BEQ &9A02
     99FC   20 DD 80   JSR &80DD
     99FF   E8         INX
     9A00   D0 F5      BNE &99F7
.verex
     9A02   A9 0D      LDA #&0D
     9A04   20 DD 80   JSR &80DD
.help_dfs_loop
     9A07   A9 00      LDA #&00
     9A09   85 B9      STA &B9
     9A0B   A0 01      LDY #&01
     9A0D   20 C5 9A   JSR &9AC5
     9A10   20 60 9A   JSR &9A60
     9A13   20 7C 83   JSR &837C
     9A16   C6 B7      DEC &B7
     9A18   D0 ED      BNE &9A07
     9A1A   68         PLA
     9A1B   A8         TAY
.morehelp
     9A1C   A2 A8      LDX #&A8
     9A1E   4C 85 87   JMP &8785
.CMD_DUTILS
     9A21   98         TYA
     9A22   A2 BC      LDX #&BC
     9A24   A0 0A      LDY #&0A
     9A26   D0 BF      BNE &99E7
.CMD_UTILS
     9A28   98         TYA
     9A29   A2 76      LDX #&76
     9A2B   A0 05      LDY #&05
     9A2D   D0 B8      BNE &99E7
.CMD_NOTHELPTBL
     9A2F   20 C2 81   JSR &81C2
     9A32   F0 7E      BEQ &9AB2
.cmd_nothelptlb_loop
     9A34   20 A7 81   JSR &81A7
     9A37   90 FB      BCC &9A34
     9A39   B0 E1      BCS &9A1C
.Param_SyntaxErrorIfNull
     9A3B   20 C2 81   JSR &81C2
     9A3E   F0 07      BEQ &9A47
     9A40   60         RTS
.Param_SyntaxErrorIfNotNull
     9A41   20 C2 81   JSR &81C2
     9A44   D0 01      BNE &9A47
     9A46   60         RTS
.errSYNTAX
     9A47   20 71 80   JSR &8071
     9A4A   DC
     9A4B   53 79 6E ...
     9A53   86 B9      STX &B9
     9A55   20 60 9A   JSR &9A60
     9A58   A9 00      LDA #&00
     9A5A   20 B3 9A   JSR &9AB3
     9A5D   4C 00 01   JMP &0100
.prtcmdAtBCadd1
     9A60   A9 07      LDA #&07
     9A62   85 B8      STA &B8
     9A64   A6 BF      LDX &BF
     9A66   E0 BC      CPX #&BC
     9A68   90 05      BCC &9A6F
     9A6A   A9 44      LDA #&44
     9A6C   20 B3 9A   JSR &9AB3
.prtcmdloop
     9A6F   E8         INX
     9A70   BD 1A 86   LDA &861A,X
     9A73   30 06      BMI &9A7B
     9A75   20 B3 9A   JSR &9AB3
     9A78   4C 6F 9A   JMP &9A6F
.prtcmdloop_exit
     9A7B   A4 B8      LDY &B8
     9A7D   30 03      BMI &9A82
     9A7F   20 C5 9A   JSR &9AC5
.prtcmdnospcs
     9A82   86 BF      STX &BF
     9A84   BD 1A 86   LDA &861A,X
     9A87   29 7F      AND #&7F
     9A89   20 8F 9A   JSR &9A8F
     9A8C   20 21 82   JSR &8221
.prtcmdparam
     9A8F   20 F5 83   JSR &83F5
     9A92   29 0F      AND #&0F
     9A94   F0 1C      BEQ &9AB2
     9A96   A8         TAY
     9A97   A9 20      LDA #&20
     9A99   20 B3 9A   JSR &9AB3
     9A9C   A2 FF      LDX #&FF
.prtcmdparam_findloop
     9A9E   E8         INX
     9A9F   BD D2 9A   LDA &9AD2,X
     9AA2   10 FA      BPL &9A9E
     9AA4   88         DEY
     9AA5   D0 F7      BNE &9A9E
     9AA7   29 7F      AND #&7F
.prtcmdparam_loop
     9AA9   20 B3 9A   JSR &9AB3
     9AAC   E8         INX
     9AAD   BD D2 9A   LDA &9AD2,X
     9AB0   10 F7      BPL &9AA9
.prtcmdparamexit
     9AB2   60         RTS
.prtcmd_prtchr
     9AB3   20 F5 83   JSR &83F5
     9AB6   A6 B9      LDX &B9
     9AB8   F0 06      BEQ &9AC0
     9ABA   E6 B9      INC &B9
     9ABC   9D 00 01   STA &0100,X
     9ABF   60         RTS
.prtcmdparam_prtchr
     9AC0   C6 B8      DEC &B8
     9AC2   4C DD 80   JMP &80DD
.prtcmd_Print_Y_Spaces_IfNotErr
     9AC5   A5 B9      LDA &B9
     9AC7   D0 08      BNE &9AD1
     9AC9   A9 20      LDA #&20
.prtcmd_yspc_loop
     9ACB   20 B3 9A   JSR &9AB3
     9ACE   88         DEY
     9ACF   10 FA      BPL &9ACB
.prtcmd_yspc_exit
     9AD1   60         RTS
.parametertable
     9AD2   BC
     9AD3   64 72 69 ...
     9AD9   BC
     9ADA   61 66 73 ...
     9ADF   A8
     9AE0   4C 29 
     9AE2   A8
     9AE3   3C 64 72 ...
     9AEB   A8
     9AEC   3C 64 72 ...
     9AF7   A8
     9AF8   3C 64 69 ...
     9AFE   BC
     9AFF   64 6E 6F ...
     9B09   BC
     9B0A   66 73 70 ...
     9B0E   D0
     9B0F   2F 55 2F ...
     9B17   BC
     9B18   74 69 74 ...
     9B1E   A8
     9B1F   3C 6E 75 ...
     9B25   BC
     9B26   73 6F 75 ...
     9B35   BC
     9B36   6F 6C 64 ...
     9B48   A8
     9B49   28 3C 66 ...
     9B64   B4
     9B65   30 2F 38 ...
     9B69   FF
.CMD_COMPACT
     9B6A   20 0B 8C   JSR &8C0B
     9B6D   20 9E 80   JSR &809E
     9B70   43 6F 6D ...
     9B7C   8D D1 B9   STA &B9D1
     9B7F   8D D2 B9   STA &B9D2
     9B82   20 04 81   JSR &8104
     9B85   20 7C 83   JSR &837C
     9B88   A0 00      LDY #&00
     9B8A   20 8B 94   JSR &948B
     9B8D   20 A2 93   JSR &93A2
     9B90   20 42 A5   JSR &A542
     9B93   AC 05 B8   LDY &B805
     9B96   84 CA      STY &CA
     9B98   A9 02      LDA #&02
     9B9A   85 C8      STA &C8
     9B9C   A9 00      LDA #&00
     9B9E   85 C9      STA &C9
.compact_loop
     9BA0   A4 CA      LDY &CA
     9BA2   20 C4 82   JSR &82C4
     9BA5   C0 F8      CPY #&F8
     9BA7   D0 28      BNE &9BD1
     9BA9   AD 07 B8   LDA &B807
     9BAC   38         SEC
     9BAD   E5 C8      SBC &C8
     9BAF   48         PHA
     9BB0   AD 06 B8   LDA &B806
     9BB3   29 03      AND #&03
     9BB5   E5 C9      SBC &C9
     9BB7   20 04 81   JSR &8104
     9BBA   68         PLA
     9BBB   20 FC 80   JSR &80FC
     9BBE   20 9E 80   JSR &809E
     9BC1   20 66 72 ...
     9BCE   0D
     9BCF   EA         NOP
     9BD0   60         RTS
.compact_checkfile
     9BD1   84 CA      STY &CA
     9BD3   20 46 83   JSR &8346
     9BD6   A4 CA      LDY &CA
     9BD8   B9 0C B8   LDA &B80C,Y
     9BDB   C9 01      CMP #&01
     9BDD   A9 00      LDA #&00
     9BDF   85 BC      STA &BC
     9BE1   85 C0      STA &C0
     9BE3   79 0D B8   ADC &B80D,Y
     9BE6   85 C4      STA &C4
     9BE8   B9 0E B8   LDA &B80E,Y
     9BEB   08         PHP
     9BEC   20 19 82   JSR &8219
     9BEF   28         PLP
     9BF0   69 00      ADC #&00
     9BF2   85 C5      STA &C5
     9BF4   B9 0F B8   LDA &B80F,Y
     9BF7   85 C6      STA &C6
     9BF9   B9 0E B8   LDA &B80E,Y
     9BFC   29 03      AND #&03
     9BFE   85 C7      STA &C7
     9C00   C5 C9      CMP &C9
     9C02   D0 14      BNE &9C18
     9C04   A5 C6      LDA &C6
     9C06   C5 C8      CMP &C8
     9C08   D0 0E      BNE &9C18
     9C0A   18         CLC
     9C0B   65 C4      ADC &C4
     9C0D   85 C8      STA &C8
     9C0F   A5 C9      LDA &C9
     9C11   65 C5      ADC &C5
     9C13   85 C9      STA &C9
     9C15   4C 30 9C   JMP &9C30
.compact_movefile
     9C18   A5 C8      LDA &C8
     9C1A   99 0F B8   STA &B80F,Y
     9C1D   B9 0E B8   LDA &B80E,Y
     9C20   29 FC      AND #&FC
     9C22   05 C9      ORA &C9
     9C24   99 0E B8   STA &B80E,Y
     9C27   20 53 A5   JSR &A553
     9C2A   20 C6 9D   JSR &9DC6
     9C2D   20 37 A5   JSR &A537
.compact_fileinfo
     9C30   A4 CA      LDY &CA
     9C32   20 4B 83   JSR &834B
     9C35   4C A0 9B   JMP &9BA0
.IsEnabledOrGo
     9C38   2C C7 B9   BIT &B9C7
     9C3B   10 07      BPL &9C44
     9C3D   20 8F 9C   JSR &9C8F
     9C40   F0 02      BEQ &9C44
     9C42   68         PLA
     9C43   68         PLA
.isgo
.isgoalready
     9C44   60         RTS
.Get_CopyDATA_Drives
     9C45   20 10 8C   JSR &8C10
     9C48   8D D1 B9   STA &B9D1
     9C4B   20 10 8C   JSR &8C10
     9C4E   8D D2 B9   STA &B9D2
     9C51   CD D1 B9   CMP &B9D1
     9C54   F0 2E      BEQ &9C84
     9C56   98         TYA
     9C57   48         PHA
     9C58   20 A2 93   JSR &93A2
     9C5B   20 9E 80   JSR &809E
     9C5E   43 6F 70 ...
     9C6C   AD D1 B9   LDA &B9D1
     9C6F   20 9B 80   JSR &809B
     9C72   20 74 6F ...
     9C77   AD D2 B9   LDA &B9D2
     9C7A   20 04 81   JSR &8104
     9C7D   20 7C 83   JSR &837C
     9C80   68         PLA
     9C81   A8         TAY
     9C82   18         CLC
     9C83   60         RTS
.baddrv
     9C84   4C 23 8C   JMP &8C23
.ConfirmYNcolon
     9C87   20 9E 80   JSR &809E
     9C8A   20 3A 20 
     9C8D   90 0F      BCC &9C9E
.GoYN
     9C8F   20 9E 80   JSR &809E
     9C92   47 6F 20 ...
     9C9D   EA         NOP
.ConfirmYN
     9C9E   20 B7 9C   JSR &9CB7
     9CA1   20 E0 FF   JSR &FFE0
     9CA4   B0 1D      BCS &9CC3
     9CA6   29 5F      AND #&5F
     9CA8   C9 59      CMP #&59
     9CAA   08         PHP
     9CAB   F0 02      BEQ &9CAF
     9CAD   A9 4E      LDA #&4E
.confYN
     9CAF   20 DD 80   JSR &80DD
     9CB2   20 7C 83   JSR &837C
     9CB5   28         PLP
     9CB6   60         RTS
.osbyte0F_flushinbuf2
     9CB7   20 F5 83   JSR &83F5
     9CBA   A9 0F      LDA #&0F
     9CBC   A2 01      LDX #&01
     9CBE   A0 00      LDY #&00
     9CC0   4C F4 FF   JMP &FFF4
.err_ESCAPE
     9CC3   4C 20 8D   JMP &8D20
.err_DISKFULL2
     9CC6   4C A9 8A   JMP &8AA9
.CMD_BACKUP
     9CC9   20 45 9C   JSR &9C45
     9CCC   20 38 9C   JSR &9C38
     9CCF   A9 00      LDA #&00
     9CD1   85 C7      STA &C7
     9CD3   85 C9      STA &C9
     9CD5   85 C8      STA &C8
     9CD7   85 C6      STA &C6
     9CD9   AD D1 B9   LDA &B9D1
     9CDC   85 CD      STA &CD
     9CDE   20 45 A5   JSR &A545
     9CE1   AD 07 B8   LDA &B807
     9CE4   85 C4      STA &C4
     9CE6   AD 06 B8   LDA &B806
     9CE9   29 03      AND #&03
     9CEB   85 C5      STA &C5
     9CED   AD D2 B9   LDA &B9D2
     9CF0   85 CD      STA &CD
     9CF2   20 45 A5   JSR &A545
     9CF5   AD 06 B8   LDA &B806
     9CF8   29 03      AND #&03
     9CFA   C5 C5      CMP &C5
     9CFC   90 C8      BCC &9CC6
     9CFE   D0 07      BNE &9D07
     9D00   AD 07 B8   LDA &B807
     9D03   C5 C4      CMP &C4
     9D05   90 BF      BCC &9CC6
.backup_copy
     9D07   20 C6 9D   JSR &9DC6
     9D0A   20 45 A5   JSR &A545
     9D0D   A2 0A      LDX #&0A
.tloop
     9D0F   E0 08      CPX #&08
     9D11   90 05      BCC &9D18
     9D13   BD F8 B7   LDA &B7F8,X
     9D16   B0 03      BCS &9D1B
.tskip1
     9D18   BD 00 B7   LDA &B700,X
.tskip2
     9D1B   9D 00 B9   STA &B900,X
     9D1E   CA         DEX
     9D1F   10 EE      BPL &9D0F
.UpdateDiskTableTitle
     9D21   20 BF A5   JSR &A5BF
     9D24   A0 0B      LDY #&0B
.loop
     9D26   B9 00 B9   LDA &B900,Y
     9D29   91 B0      STA (&B0),Y
     9D2B   88         DEY
     9D2C   10 F8      BPL &9D26
     9D2E   4C 91 A6   JMP &A691
.CMD_COPY
     9D31   20 C0 92   JSR &92C0
     9D34   20 45 9C   JSR &9C45
     9D37   20 3B 9A   JSR &9A3B
     9D3A   20 4B 81   JSR &814B
     9D3D   AD D1 B9   LDA &B9D1
     9D40   85 CD      STA &CD
     9D42   20 3A 82   JSR &823A
.copy_loop1
     9D45   A5 CC      LDA &CC
     9D47   48         PHA
     9D48   A5 B6      LDA &B6
     9D4A   48         PHA
     9D4B   20 4B 83   JSR &834B
     9D4E   A2 00      LDX #&00
.copy_loop2
     9D50   B9 08 B7   LDA &B708,Y
     9D53   95 C5      STA &C5,X
     9D55   9D 50 B9   STA &B950,X
     9D58   B9 08 B8   LDA &B808,Y
     9D5B   95 BB      STA &BB,X
     9D5D   9D 47 B9   STA &B947,X
     9D60   E8         INX
     9D61   C8         INY
     9D62   E0 08      CPX #&08
     9D64   D0 EA      BNE &9D50
     9D66   20 B6 9D   JSR &9DB6
     9D69   AD D2 B9   LDA &B9D2
     9D6C   20 EC 8A   JSR &8AEC
     9D6F   A5 C2      LDA &C2
     9D71   29 03      AND #&03
     9D73   48         PHA
     9D74   A5 C3      LDA &C3
     9D76   48         PHA
     9D77   20 B6 9D   JSR &9DB6
     9D7A   68         PLA
     9D7B   85 C8      STA &C8
     9D7D   68         PLA
     9D7E   85 C9      STA &C9
     9D80   A5 C1      LDA &C1
     9D82   20 19 82   JSR &8219
     9D85   AA         TAX
     9D86   A5 BF      LDA &BF
     9D88   C9 01      CMP #&01
     9D8A   A5 C0      LDA &C0
     9D8C   69 00      ADC #&00
     9D8E   85 C4      STA &C4
     9D90   8A         TXA
     9D91   69 00      ADC #&00
     9D93   85 C5      STA &C5
     9D95   A5 C2      LDA &C2
     9D97   85 C6      STA &C6
     9D99   A5 C1      LDA &C1
     9D9B   29 03      AND #&03
     9D9D   85 C7      STA &C7
     9D9F   20 C6 9D   JSR &9DC6
     9DA2   AD D1 B9   LDA &B9D1
     9DA5   85 CD      STA &CD
     9DA7   20 42 A5   JSR &A542
     9DAA   68         PLA
     9DAB   85 B6      STA &B6
     9DAD   68         PLA
     9DAE   85 CC      STA &CC
     9DB0   20 86 82   JSR &8286
     9DB3   B0 90      BCS &9D45
     9DB5   60         RTS
.cd_swapvars
     9DB6   A2 11      LDX #&11
.cd_swapvars_loop
     9DB8   BC 45 B9   LDY &B945,X
     9DBB   B5 BA      LDA &BA,X
     9DBD   94 BA      STY &BA,X
     9DBF   9D 45 B9   STA &B945,X
     9DC2   CA         DEX
     9DC3   10 F3      BPL &9DB8
     9DC5   60         RTS
.CopyDATABLOCK
     9DC6   A9 00      LDA #&00
     9DC8   85 BC      STA &BC
     9DCA   85 C0      STA &C0
     9DCC   AD CF B9   LDA &B9CF
     9DCF   85 BD      STA &BD
     9DD1   F0 57      BEQ &9E2A
.cd_loop
     9DD3   A4 C4      LDY &C4
     9DD5   CC D0 B9   CPY &B9D0
     9DD8   A5 C5      LDA &C5
     9DDA   E9 00      SBC #&00
     9DDC   90 03      BCC &9DE1
     9DDE   AC D0 B9   LDY &B9D0
.cd_part
     9DE1   84 C1      STY &C1
     9DE3   A5 C6      LDA &C6
     9DE5   85 C3      STA &C3
     9DE7   A5 C7      LDA &C7
     9DE9   85 C2      STA &C2
     9DEB   AD D1 B9   LDA &B9D1
     9DEE   85 CD      STA &CD
     9DF0   20 DB 8B   JSR &8BDB
     9DF3   20 A3 88   JSR &88A3
     9DF6   AD D2 B9   LDA &B9D2
     9DF9   85 CD      STA &CD
     9DFB   A5 C8      LDA &C8
     9DFD   85 C3      STA &C3
     9DFF   A5 C9      LDA &C9
     9E01   85 C2      STA &C2
     9E03   20 DB 8B   JSR &8BDB
     9E06   20 C0 88   JSR &88C0
     9E09   A5 C1      LDA &C1
     9E0B   18         CLC
     9E0C   65 C8      ADC &C8
     9E0E   85 C8      STA &C8
     9E10   90 02      BCC &9E14
     9E12   E6 C9      INC &C9
.cd_inc1
     9E14   A5 C1      LDA &C1
     9E16   18         CLC
     9E17   65 C6      ADC &C6
     9E19   85 C6      STA &C6
     9E1B   90 02      BCC &9E1F
     9E1D   E6 C7      INC &C7
.cd_inc2
     9E1F   38         SEC
     9E20   A5 C4      LDA &C4
     9E22   E5 C1      SBC &C1
     9E24   85 C4      STA &C4
     9E26   B0 02      BCS &9E2A
     9E28   C6 C5      DEC &C5
.cd_loopentry
     9E2A   A5 C4      LDA &C4
     9E2C   05 C5      ORA &C5
     9E2E   D0 A3      BNE &9DD3
     9E30   60         RTS
.CMD_VERIFY
     9E31   A9 00      LDA #&00
     9E33   F0 02      BEQ &9E37
.CMD_FORM
     9E35   A9 FF      LDA #&FF
.vform1
     9E37   85 C9      STA &C9
     9E39   85 B2      STA &B2
     9E3B   10 18      BPL &9E55
     9E3D   20 3B 9A   JSR &9A3B
     9E40   20 62 84   JSR &8462
     9E43   B0 0D      BCS &9E52
     9E45   0A         ASL A
     9E46   D0 0A      BNE &9E52
     9E48   86 B5      STX &B5
     9E4A   E0 28      CPX #&28
     9E4C   F0 07      BEQ &9E55
     9E4E   E0 50      CPX #&50
     9E50   F0 03      BEQ &9E55
.vform2_syntax
     9E52   4C 47 9A   JMP &9A47
.vform3_ok
     9E55   20 C2 81   JSR &81C2
     9E58   84 CA      STY &CA
     9E5A   D0 49      BNE &9EA5
     9E5C   24 C9      BIT &C9
     9E5E   30 0B      BMI &9E6B
     9E60   20 9E 80   JSR &809E
     9E63   56 65 72 ...
     9E69   90 0A      BCC &9E75
.vform4_form
     9E6B   20 9E 80   JSR &809E
     9E6E   46 6F 72 ...
     9E74   EA         NOP
.vform4_askdrive
     9E75   20 9E 80   JSR &809E
     9E78   20 77 68 ...
     9E87   EA         NOP
     9E88   20 E0 FF   JSR &FFE0
     9E8B   B0 2F      BCS &9EBC
     9E8D   C9 20      CMP #&20
     9E8F   90 2E      BCC &9EBF
     9E91   20 DD 80   JSR &80DD
     9E94   38         SEC
     9E95   E9 30      SBC #&30
     9E97   C9 04      CMP #&04
     9E99   B0 24      BCS &9EBF
     9E9B   85 CD      STA &CD
     9E9D   20 7C 83   JSR &837C
     9EA0   A4 CA      LDY &CA
     9EA2   4C A8 9E   JMP &9EA8
.vform5_driveloop
     9EA5   20 13 8C   JSR &8C13
.vform6_drivein
     9EA8   84 CA      STY &CA
     9EAA   24 B2      BIT &B2
     9EAC   10 03      BPL &9EB1
     9EAE   20 38 9C   JSR &9C38
.vform7_go
     9EB1   20 C2 9E   JSR &9EC2
     9EB4   A4 CA      LDY &CA
     9EB6   20 C2 81   JSR &81C2
     9EB9   D0 EA      BNE &9EA5
     9EBB   60         RTS
.jmp_reportEscape
     9EBC   4C 20 8D   JMP &8D20
.jmp_errBadDrive
     9EBF   4C 23 8C   JMP &8C23
.VFCurDrv
     9EC2   24 C9      BIT &C9
     9EC4   30 11      BMI &9ED7
     9EC6   20 D5 A3   JSR &A3D5
     9EC9   20 9E 80   JSR &809E
     9ECC   56 65 72 ...
     9ED5   90 18      BCC &9EEF
.vf1
     9ED7   38         SEC
     9ED8   20 D6 A3   JSR &A3D6
     9EDB   20 7B 9F   JSR &9F7B
     9EDE   20 9E 80   JSR &809E
     9EE1   46 6F 72 ...
     9EEB   A6 CD      LDX &CD
     9EED   86 B2      STX &B2
.vf2
     9EEF   20 9E 80   JSR &809E
     9EF2   20 64 72 ...
     9EF9   A5 CD      LDA &CD
     9EFB   20 9B 80   JSR &809B
     9EFE   20 74 72 ...
     9F07   EA         NOP
     9F08   24 C9      BIT &C9
     9F0A   30 29      BMI &9F35
     9F0C   20 45 A5   JSR &A545
     9F0F   AD 06 B8   LDA &B806
     9F12   29 03      AND #&03
     9F14   AA         TAX
     9F15   AD 07 B8   LDA &B807
     9F18   A0 0A      LDY #&0A
     9F1A   84 B0      STY &B0
     9F1C   A0 FF      LDY #&FF
.trkloop1
     9F1E   38         SEC
.trkloop2
     9F1F   C8         INY
     9F20   E5 B0      SBC &B0
     9F22   B0 FB      BCS &9F1F
     9F24   CA         DEX
     9F25   10 F7      BPL &9F1E
     9F27   65 B0      ADC &B0
     9F29   48         PHA
     9F2A   98         TYA
     9F2B   AA         TAX
     9F2C   68         PLA
     9F2D   F0 01      BEQ &9F30
     9F2F   E8         INX
.trkex
     9F30   8A         TXA
     9F31   F0 45      BEQ &9F78
     9F33   85 B5      STA &B5
.vf4
     9F35   A2 FF      LDX #&FF
     9F37   8E 82 B9   STX &B982
     9F3A   E8         INX
     9F3B   86 B4      STX &B4
.vf5_trackloop
     9F3D   A9 08      LDA #&08
     9F3F   20 DD 80   JSR &80DD
     9F42   20 DD 80   JSR &80DD
     9F45   A5 B4      LDA &B4
     9F47   20 FC 80   JSR &80FC
     9F4A   20 6A A5   JSR &A56A
     9F4D   E6 B4      INC &B4
     9F4F   A5 B4      LDA &B4
     9F51   C5 B5      CMP &B5
     9F53   D0 E8      BNE &9F3D
     9F55   24 C9      BIT &C9
     9F57   10 1F      BPL &9F78
     9F59   20 A2 AE   JSR &AEA2
     9F5C   20 7B 9F   JSR &9F7B
     9F5F   A5 B5      LDA &B5
     9F61   C9 28      CMP #&28
     9F63   D0 06      BNE &9F6B
     9F65   A0 01      LDY #&01
     9F67   A2 90      LDX #&90
     9F69   D0 04      BNE &9F6F
.vf7
     9F6B   A0 03      LDY #&03
     9F6D   A2 20      LDX #&20
.vf8
     9F6F   8E 07 B8   STX &B807
     9F72   8C 06 B8   STY &B806
     9F75   20 53 A5   JSR &A553
.vf6_exit
     9F78   4C 7C 83   JMP &837C
.ClearCatalogue
     9F7B   A0 FF      LDY #&FF
     9F7D   8C 82 B9   STY &B982
     9F80   C8         INY
     9F81   98         TYA
.ccatloop
     9F82   99 00 B7   STA &B700,Y
     9F85   99 00 B8   STA &B800,Y
     9F88   C8         INY
     9F89   D0 F7      BNE &9F82
     9F8B   60         RTS
.CMD_FREE
     9F8C   38         SEC
     9F8D   B0 01      BCS &9F90
.CMD_MAP
     9F8F   18         CLC
.Label_A7F7
     9F90   66 C6      ROR &C6
     9F92   20 0B 8C   JSR &8C0B
     9F95   20 42 A5   JSR &A542
     9F98   24 C6      BIT &C6
     9F9A   30 15      BMI &9FB1
     9F9C   20 BE 80   JSR &80BE
     9F9F   41 64 64 ...
     9FB0   0D
.Label_A818_free
     9FB1   AD 06 B8   LDA &B806
     9FB4   29 03      AND #&03
     9FB6   85 C5      STA &C5
     9FB8   85 C2      STA &C2
     9FBA   AD 07 B8   LDA &B807
     9FBD   85 C4      STA &C4
     9FBF   38         SEC
     9FC0   E9 02      SBC #&02
     9FC2   85 C1      STA &C1
     9FC4   B0 02      BCS &9FC8
     9FC6   C6 C2      DEC &C2
.Label_A82F
     9FC8   A9 02      LDA #&02
     9FCA   85 BB      STA &BB
     9FCC   A9 00      LDA #&00
     9FCE   85 BC      STA &BC
     9FD0   85 BF      STA &BF
     9FD2   85 C0      STA &C0
     9FD4   AD 05 B8   LDA &B805
     9FD7   29 F8      AND #&F8
     9FD9   A8         TAY
     9FDA   F0 26      BEQ &A002
     9FDC   D0 11      BNE &9FEF
.Label_A845_fileloop
     9FDE   20 71 A0   JSR &A071
     9FE1   20 C4 82   JSR &82C4
     9FE4   A5 C4      LDA &C4
     9FE6   38         SEC
     9FE7   E5 BB      SBC &BB
     9FE9   A5 C5      LDA &C5
     9FEB   E5 BC      SBC &BC
     9FED   90 13      BCC &A002
.Label_A856_fileloop_entry
     9FEF   B9 07 B8   LDA &B807,Y
     9FF2   38         SEC
     9FF3   E5 BB      SBC &BB
     9FF5   85 C1      STA &C1
     9FF7   B9 06 B8   LDA &B806,Y
     9FFA   29 03      AND #&03
     9FFC   E5 BC      SBC &BC
     9FFE   85 C2      STA &C2
     A000   90 DC      BCC &9FDE
.Label_A86B_nofiles
     A002   84 BD      STY &BD
     A004   24 C6      BIT &C6
     A006   30 2B      BMI &A033
     A008   A5 C1      LDA &C1
     A00A   05 C2      ORA &C2
     A00C   F0 25      BEQ &A033
     A00E   A5 BC      LDA &BC
     A010   20 14 81   JSR &8114
     A013   A5 BB      LDA &BB
     A015   20 0C 81   JSR &810C
     A018   20 BE 80   JSR &80BE
     A01B   20 20 20 ...
     A023   A5 C2      LDA &C2
     A025   20 14 81   JSR &8114
     A028   A5 C1      LDA &C1
     A02A   20 0C 81   JSR &810C
     A02D   20 E7 FF   JSR &FFE7
     A030   20 71 A0   JSR &A071
.Label_A87A_free
     A033   A5 C1      LDA &C1
     A035   18         CLC
     A036   65 BF      ADC &BF
     A038   85 BF      STA &BF
     A03A   A5 C2      LDA &C2
     A03C   65 C0      ADC &C0
     A03E   85 C0      STA &C0
     A040   A4 BD      LDY &BD
     A042   D0 9A      BNE &9FDE
     A044   24 C6      BIT &C6
     A046   10 28      BPL &A070
     A048   A8         TAY
     A049   A6 BF      LDX &BF
     A04B   A9 F8      LDA #&F8
     A04D   38         SEC
     A04E   ED 05 B8   SBC &B805
     A051   20 9B A0   JSR &A09B
     A054   46 72 65 ...
     A058   0D
     A059   A5 C4      LDA &C4
     A05B   38         SEC
     A05C   E5 BF      SBC &BF
     A05E   AA         TAX
     A05F   A5 C5      LDA &C5
     A061   E5 C0      SBC &C0
     A063   A8         TAY
     A064   AD 05 B8   LDA &B805
     A067   20 9B A0   JSR &A09B
     A06A   55 73 65 ...
     A06E   0D
     A06F   EA         NOP
.Label_A8BD_rst
     A070   60         RTS
.Sub_A8E2_nextblock
     A071   B9 06 B8   LDA &B806,Y
     A074   48         PHA
     A075   20 19 82   JSR &8219
     A078   85 BC      STA &BC
     A07A   68         PLA
     A07B   29 03      AND #&03
     A07D   18         CLC
     A07E   65 BC      ADC &BC
     A080   85 BC      STA &BC
     A082   B9 04 B8   LDA &B804,Y
     A085   C9 01      CMP #&01
     A087   A9 00      LDA #&00
     A089   79 05 B8   ADC &B805,Y
     A08C   90 02      BCC &A090
     A08E   E6 BC      INC &BC
.Label_A902
     A090   18         CLC
     A091   79 07 B8   ADC &B807,Y
     A094   85 BB      STA &BB
     A096   90 02      BCC &A09A
     A098   E6 BC      INC &BC
.Label_A90C
     A09A   60         RTS
.Sub_A90D_freeinfo
     A09B   4A         LSR A
     A09C   4A         LSR A
     A09D   4A         LSR A
     A09E   20 09 81   JSR &8109
     A0A1   20 BE 80   JSR &80BE
     A0A4   20 46 69 ...
     A0AB   86 BC      STX &BC
     A0AD   84 BD      STY &BD
     A0AF   98         TYA
     A0B0   20 14 81   JSR &8114
     A0B3   8A         TXA
     A0B4   20 0C 81   JSR &810C
     A0B7   20 BE 80   JSR &80BE
     A0BA   20 53 65 ...
     A0C3   A9 00      LDA #&00
     A0C5   85 BB      STA &BB
     A0C7   85 BE      STA &BE
     A0C9   A2 1F      LDX #&1F
     A0CB   86 C1      STX &C1
     A0CD   A2 09      LDX #&09
.Label_A941_loop1
     A0CF   9D 00 B9   STA &B900,X
     A0D2   CA         DEX
     A0D3   10 FA      BPL &A0CF
.Label_A947_loop2
     A0D5   06 BB      ASL &BB
     A0D7   26 BC      ROL &BC
     A0D9   26 BD      ROL &BD
     A0DB   26 BE      ROL &BE
     A0DD   A2 00      LDX #&00
     A0DF   A0 09      LDY #&09
.Label_A953_loop3
     A0E1   BD 00 B9   LDA &B900,X
     A0E4   2A         ROL A
     A0E5   C9 0A      CMP #&0A
     A0E7   90 02      BCC &A0EB
     A0E9   E9 0A      SBC #&0A
.Label_A95D
     A0EB   9D 00 B9   STA &B900,X
     A0EE   E8         INX
     A0EF   88         DEY
     A0F0   10 EF      BPL &A0E1
     A0F2   C6 C1      DEC &C1
     A0F4   10 DF      BPL &A0D5
     A0F6   A0 20      LDY #&20
     A0F8   A2 05      LDX #&05
.Label_A96C_loop4
     A0FA   D0 02      BNE &A0FE
     A0FC   A0 2C      LDY #&2C
.Label_A970
     A0FE   BD 00 B9   LDA &B900,X
     A101   D0 07      BNE &A10A
     A103   C0 2C      CPY #&2C
     A105   F0 03      BEQ &A10A
     A107   98         TYA
     A108   D0 04      BNE &A10E
.Label_A97D
     A10A   A0 2C      LDY #&2C
     A10C   09 30      ORA #&30
.Label_A982
     A10E   20 EE FF   JSR &FFEE
     A111   E0 03      CPX #&03
     A113   D0 04      BNE &A119
     A115   98         TYA
     A116   20 EE FF   JSR &FFEE
.Label_A98D
     A119   CA         DEX
     A11A   10 DE      BPL &A0FA
     A11C   20 BE 80   JSR &80BE
     A11F   20 42 79 ...
     A126   EA         NOP
     A127   4C BE 80   JMP &80BE
.ReportMMCErrS
     A12A   A2 FF      LDX #&FF
     A12C   D0 02      BNE &A130
.ReportMMCErr
     A12E   A2 00      LDX #&00
.rmmc
     A130   A0 FF      LDY #&FF
     A132   8C 82 B9   STY &B982
     A135   85 B0      STA &B0
     A137   86 B1      STX &B1
     A139   20 44 80   JSR &8044
     A13C   68         PLA
     A13D   85 B8      STA &B8
     A13F   68         PLA
     A140   85 B9      STA &B9
     A142   A0 00      LDY #&00
     A144   8C 9F B9   STY &B99F
     A147   8C 00 01   STY &0100
.rmmc_loop
     A14A   C8         INY
     A14B   F0 07      BEQ &A154
     A14D   B1 B8      LDA (&B8),Y
     A14F   99 00 01   STA &0100,Y
     A152   D0 F6      BNE &A14A
.rmmc_cont
     A154   A5 B0      LDA &B0
     A156   20 30 8D   JSR &8D30
     A159   A5 B1      LDA &B1
     A15B   F0 18      BEQ &A175
     A15D   A9 2F      LDA #&2F
     A15F   99 00 01   STA &0100,Y
     A162   C8         INY
     A163   AD 89 B9   LDA &B989
     A166   20 30 8D   JSR &8D30
     A169   AD 8A B9   LDA &B98A
     A16C   20 30 8D   JSR &8D30
     A16F   AD 8B B9   LDA &B98B
     A172   20 30 8D   JSR &8D30
.rmmc_j100
     A175   A9 00      LDA #&00
     A177   99 00 01   STA &0100,Y
     A17A   4C 00 01   JMP &0100
Including file FAT.asm
.FATLoadRootDirectory
     A17D   A9 DD      LDA #&DD
     A17F   8D 82 B9   STA &B982
     A182   A9 00      LDA #&00
     A184   85 BE      STA &BE
     A186   85 BF      STA &BF
     A188   85 C0      STA &C0
     A18A   20 91 A1   JSR &A191
     A18D   F0 12      BEQ &A1A1
     A18F   18         CLC
     A190   60         RTS
.isfat
     A191   20 D0 A8   JSR &A8D0
     A194   AD FE B8   LDA &B8FE
     A197   C9 55      CMP #&55
     A199   D0 05      BNE &A1A0
     A19B   AD FF B8   LDA &B8FF
     A19E   C9 AA      CMP #&AA
.ifx
     A1A0   60         RTS
.fat
     A1A1   AD 00 B7   LDA &B700
     A1A4   C9 EB      CMP #&EB
     A1A6   D0 0E      BNE &A1B6
     A1A8   AD 02 B7   LDA &B702
     A1AB   C9 90      CMP #&90
     A1AD   D0 07      BNE &A1B6
     A1AF   AD 0C B7   LDA &B70C
     A1B2   C9 02      CMP #&02
     A1B4   F0 2F      BEQ &A1E5
.mbr
     A1B6   AD C6 B8   LDA &B8C6
     A1B9   0A         ASL A
     A1BA   85 BE      STA &BE
     A1BC   AD C7 B8   LDA &B8C7
     A1BF   2A         ROL A
     A1C0   85 BF      STA &BF
     A1C2   AD C8 B8   LDA &B8C8
     A1C5   2A         ROL A
     A1C6   B0 0C      BCS &A1D4
     A1C8   85 C0      STA &C0
     A1CA   AD C9 B8   LDA &B8C9
     A1CD   D0 05      BNE &A1D4
     A1CF   20 91 A1   JSR &A191
     A1D2   F0 11      BEQ &A1E5
.faterr1
     A1D4   20 71 80   JSR &8071
     A1D7   FF
     A1D8   43 61 72 ...
     A1E4   00
.nombr
     A1E5   AD 0B B7   LDA &B70B
     A1E8   D0 EA      BNE &A1D4
     A1EA   AD 0C B7   LDA &B70C
     A1ED   C9 02      CMP #&02
     A1EF   D0 E3      BNE &A1D4
     A1F1   AD 11 B7   LDA &B711
     A1F4   85 C1      STA &C1
     A1F6   AD 12 B7   LDA &B712
     A1F9   4A         LSR A
     A1FA   66 C1      ROR &C1
     A1FC   4A         LSR A
     A1FD   66 C1      ROR &C1
     A1FF   4A         LSR A
     A200   66 C1      ROR &C1
     A202   85 C2      STA &C2
     A204   AD 0D B7   LDA &B70D
     A207   85 C3      STA &C3
     A209   AD 0E B7   LDA &B70E
     A20C   0A         ASL A
     A20D   2E 0F B7   ROL &B70F
     A210   B0 C2      BCS &A1D4
     A212   65 BE      ADC &BE
     A214   85 BE      STA &BE
     A216   AD 0F B7   LDA &B70F
     A219   65 BF      ADC &BF
     A21B   85 BF      STA &BF
     A21D   90 02      BCC &A221
     A21F   E6 C0      INC &C0
.skipinc1
     A221   AD 11 B7   LDA &B711
     A224   0D 12 B7   ORA &B712
     A227   F0 14      BEQ &A23D
     A229   AD 16 B7   LDA &B716
     A22C   8D 24 B7   STA &B724
     A22F   AD 17 B7   LDA &B717
     A232   8D 25 B7   STA &B725
     A235   A9 00      LDA #&00
     A237   8D 26 B7   STA &B726
     A23A   8D 27 B7   STA &B727
.fat32
     A23D   0E 24 B7   ASL &B724
     A240   2E 25 B7   ROL &B725
     A243   2E 26 B7   ROL &B726
     A246   2E 27 B7   ROL &B727
     A249   B0 89      BCS &A1D4
     A24B   AE 10 B7   LDX &B710
.loop
     A24E   18         CLC
     A24F   A5 BE      LDA &BE
     A251   6D 24 B7   ADC &B724
     A254   85 BE      STA &BE
     A256   A5 BF      LDA &BF
     A258   6D 25 B7   ADC &B725
     A25B   85 BF      STA &BF
     A25D   A5 C0      LDA &C0
     A25F   6D 26 B7   ADC &B726
     A262   85 C0      STA &C0
     A264   CA         DEX
     A265   D0 E7      BNE &A24E
     A267   20 D0 A8   JSR &A8D0
     A26A   38         SEC
     A26B   60         RTS
.FATSearchRootDirectory
     A26C   A5 C0      LDA &C0
     A26E   48         PHA
     A26F   A5 BF      LDA &BF
     A271   48         PHA
     A272   A5 BE      LDA &BE
     A274   48         PHA
.FATSearchRootDirectoryloop
     A275   A2 00      LDX #&00
     A277   86 C4      STX &C4
     A279   A9 B7      LDA #&B7
     A27B   85 C5      STA &C5
     A27D   E8         INX
.dirloop
     A27E   A0 0B      LDY #&0B
     A280   B1 C4      LDA (&C4),Y
     A282   29 0F      AND #&0F
     A284   D0 0F      BNE &A295
     A286   88         DEY
.comploop
     A287   B1 C4      LDA (&C4),Y
     A289   F0 2D      BEQ &A2B8
     A28B   D9 F0 B9   CMP &B9F0,Y
     A28E   D0 05      BNE &A295
     A290   88         DEY
     A291   10 F4      BPL &A287
     A293   30 28      BMI &A2BD
.nextfile
     A295   18         CLC
     A296   A5 C4      LDA &C4
     A298   69 20      ADC #&20
     A29A   85 C4      STA &C4
     A29C   D0 E0      BNE &A27E
     A29E   E6 C5      INC &C5
     A2A0   CA         DEX
     A2A1   10 DB      BPL &A27E
.incfatsector
     A2A3   A5 BE      LDA &BE
     A2A5   18         CLC
     A2A6   69 02      ADC #&02
     A2A8   85 BE      STA &BE
     A2AA   90 06      BCC &A2B2
     A2AC   E6 BF      INC &BF
     A2AE   D0 02      BNE &A2B2
     A2B0   E6 C0      INC &C0
.readnextfatsector
     A2B2   20 D0 A8   JSR &A8D0
     A2B5   4C 75 A2   JMP &A275
.filenotfound
     A2B8   68         PLA
     A2B9   68         PLA
     A2BA   68         PLA
     A2BB   38         SEC
     A2BC   60         RTS
.filefound
     A2BD   18         CLC
     A2BE   68         PLA
     A2BF   65 C1      ADC &C1
     A2C1   85 BE      STA &BE
     A2C3   68         PLA
     A2C4   65 C2      ADC &C2
     A2C6   85 BF      STA &BF
     A2C8   68         PLA
     A2C9   69 00      ADC #&00
     A2CB   85 C0      STA &C0
     A2CD   A6 C3      LDX &C3
     A2CF   A0 14      LDY #&14
     A2D1   B1 C4      LDA (&C4),Y
     A2D3   48         PHA
     A2D4   A0 1B      LDY #&1B
     A2D6   B1 C4      LDA (&C4),Y
     A2D8   48         PHA
     A2D9   88         DEY
     A2DA   B1 C4      LDA (&C4),Y
     A2DC   38         SEC
     A2DD   E9 02      SBC #&02
     A2DF   85 C3      STA &C3
     A2E1   68         PLA
     A2E2   E9 00      SBC #&00
     A2E4   85 C4      STA &C4
     A2E6   68         PLA
     A2E7   E9 00      SBC #&00
     A2E9   85 C5      STA &C5
     A2EB   05 C4      ORA &C4
     A2ED   05 C3      ORA &C3
     A2EF   F0 1C      BEQ &A30D
     A2F1   06 C3      ASL &C3
     A2F3   26 C4      ROL &C4
     A2F5   26 C5      ROL &C5
.clustloop
     A2F7   18         CLC
     A2F8   A5 BE      LDA &BE
     A2FA   65 C3      ADC &C3
     A2FC   85 BE      STA &BE
     A2FE   A5 BF      LDA &BF
     A300   65 C4      ADC &C4
     A302   85 BF      STA &BF
     A304   A5 C0      LDA &C0
     A306   65 C5      ADC &C5
     A308   85 C0      STA &C0
     A30A   CA         DEX
     A30B   D0 EA      BNE &A2F7
.exit
     A30D   18         CLC
     A30E   60         RTS
Processed file 'FAT.asm' ok
.CalculateCRC7
     A30F   A0 0F      LDY #&0F
     A311   A9 00      LDA #&00
.c7loop1
     A313   59 DF B9   EOR &B9DF,Y
     A316   0A         ASL A
     A317   A2 07      LDX #&07
.c7loop2
     A319   90 02      BCC &A31D
     A31B   49 12      EOR #&12
.c7b7z1
     A31D   0A         ASL A
     A31E   CA         DEX
     A31F   D0 F8      BNE &A319
     A321   90 02      BCC &A325
     A323   49 12      EOR #&12
.c7b7z2
     A325   88         DEY
     A326   10 EB      BPL &A313
     A328   09 01      ORA #&01
     A32A   60         RTS
.CheckCRC7
     A32B   20 F5 83   JSR &83F5
     A32E   20 0F A3   JSR &A30F
     A331   CD EF B9   CMP &B9EF
     A334   D0 01      BNE &A337
     A336   60         RTS
.errBadSum
     A337   20 57 80   JSR &8057
     A33A   FF
     A33B   53 75 6D 
     A33E   00
.storeDRIVE_INDEX4_ResetCRC7
     A33F   9D E3 B9   STA &B9E3,X
.ResetCRC7
     A342   20 F5 83   JSR &83F5
     A345   20 0F A3   JSR &A30F
     A348   8D EF B9   STA &B9EF
     A34B   60         RTS
.MMC_Sector_Reset
     A34C   A0 0A      LDY #&0A
.loop
     A34E   B9 C1 A3   LDA &A3C1,Y
     A351   99 F0 B9   STA &B9F0,Y
     A354   88         DEY
     A355   10 F7      BPL &A34E
     A357   20 63 A8   JSR &A863
     A35A   8D EC B9   STA &B9EC
     A35D   8C EB B9   STY &B9EB
     A360   A9 00      LDA #&00
     A362   8D EA B9   STA &B9EA
     A365   20 42 A3   JSR &A342
     A368   20 7D A1   JSR &A17D
     A36B   90 05      BCC &A372
     A36D   20 6C A2   JSR &A26C
     A370   B0 3A      BCS &A3AC
.nofat
     A372   A5 BE      LDA &BE
     A374   8D E7 B9   STA &B9E7
     A377   A5 BF      LDA &BF
     A379   8D E8 B9   STA &B9E8
     A37C   A5 C0      LDA &C0
     A37E   8D E9 B9   STA &B9E9
     A381   A9 FF      LDA #&FF
     A383   8D EA B9   STA &B9EA
     A386   A9 00      LDA #&00
     A388   20 83 A6   JSR &A683
     A38B   A2 00      LDX #&00
     A38D   AD 08 B7   LDA &B708
     A390   49 A0      EOR #&A0
     A392   C9 10      CMP #&10
     A394   B0 01      BCS &A397
     A396   AA         TAX
.skip
     A397   E8         INX
     A398   8E EE B9   STX &B9EE
     A39B   A2 00      LDX #&00
     A39D   AD 09 B7   LDA &B709
     A3A0   CD EE B9   CMP &B9EE
     A3A3   B0 01      BCS &A3A6
     A3A5   AA         TAX
.skip2
     A3A6   8E ED B9   STX &B9ED
     A3A9   4C 42 A3   JMP &A342
.fileerr
     A3AC   20 71 80   JSR &8071
     A3AF   FF
     A3B0   49 6D 61 ...
     A3C0   00
.filemmb
     A3C1   42 45 45 ...
.CheckWriteProtect
     A3CC   A6 CD      LDX &CD
     A3CE   BD E3 B9   LDA &B9E3,X
     A3D1   0A         ASL A
     A3D2   30 13      BMI &A3E7
     A3D4   60         RTS
.CheckCurDrvFormatted
     A3D5   18         CLC
.CheckCurDrvUnformatted
.chkdrv1
     A3D6   A6 CD      LDX &CD
     A3D8   BD E3 B9   LDA &B9E3,X
     A3DB   10 18      BPL &A3F5
     A3DD   29 20      AND #&20
     A3DF   B0 03      BCS &A3E4
     A3E1   D0 1E      BNE &A401
     A3E3   60         RTS
.chkdrv2
     A3E4   F0 2D      BEQ &A413
     A3E6   60         RTS
.errReadOnly
     A3E7   20 4C 80   JSR &804C
     A3EA   C9
     A3EB   72 65 61 ...
     A3F4   00
.errNoDisk
     A3F5   20 71 80   JSR &8071
     A3F8   C7
     A3F9   4E 6F 20 ...
     A400   00
.errNotFormatted
     A401   20 4C 80   JSR &804C
     A404   C7
     A405   6E 6F 74 ...
     A412   00
.errFormatted
     A413   20 4C 80   JSR &804C
     A416   C7
     A417   61 6C 72 ...
     A428   00
.calculate_div_mod_511_zp_x
     A429   B5 01      LDA &01,X
     A42B   4A         LSR A
     A42C   48         PHA
     A42D   90 06      BCC &A435
     A42F   75 00      ADC &00,X
     A431   68         PLA
     A432   69 00      ADC #&00
     A434   48         PHA
.done
     A435   75 00      ADC &00,X
     A437   85 B2      STA &B2
     A439   B5 01      LDA &01,X
     A43B   69 00      ADC #&00
     A43D   29 01      AND #&01
     A43F   85 B3      STA &B3
     A441   68         PLA
     A442   18         CLC
     A443   6D ED B9   ADC &B9ED
     A446   CD EE B9   CMP &B9EE
     A449   60         RTS
.DiskStart
     A44A   20 C7 AA   JSR &AAC7
     A44D   20 D5 A3   JSR &A3D5
.DiskStartX
     A450   A0 00      LDY #&00
     A452   84 BE      STY &BE
     A454   84 BF      STY &BF
     A456   84 C0      STY &C0
     A458   8A         TXA
     A459   30 0C      BMI &A467
     A45B   BD DF B9   LDA &B9DF,X
     A45E   85 BE      STA &BE
     A460   BD E3 B9   LDA &B9E3,X
Macro MASK_DISKNO:
     A463   29 1F      AND #&1F
End macro MASK_DISKNO
     A465   85 BF      STA &BF
.skip_drive
     A467   A2 BE      LDX #&BE
     A469   20 29 A4   JSR &A429
     A46C   48         PHA
     A46D   A5 B3      LDA &B3
     A46F   85 BF      STA &BF
     A471   A5 B2      LDA &B2
     A473   A0 05      LDY #&05
.dsxloop1
     A475   0A         ASL A
     A476   26 BF      ROL &BF
     A478   26 C0      ROL &C0
     A47A   88         DEY
     A47B   D0 F8      BNE &A475
     A47D   85 BE      STA &BE
     A47F   A0 03      LDY #&03
.dsxloop2
     A481   A5 B2      LDA &B2
     A483   18         CLC
     A484   65 BF      ADC &BF
     A486   85 BF      STA &BF
     A488   A5 B3      LDA &B3
     A48A   65 C0      ADC &C0
     A48C   85 C0      STA &C0
     A48E   88         DEY
     A48F   D0 F0      BNE &A481
     A491   68         PLA
     A492   A8         TAY
     A493   20 4D A6   JSR &A64D
     A496   A9 20      LDA #&20
     A498   18         CLC
     A499   65 BE      ADC &BE
     A49B   85 BE      STA &BE
     A49D   90 06      BCC &A4A5
     A49F   E6 BF      INC &BF
     A4A1   D0 02      BNE &A4A5
     A4A3   E6 C0      INC &C0
.done
     A4A5   60         RTS
.CalcRWVars
     A4A6   20 4A A4   JSR &A44A
     A4A9   18         CLC
     A4AA   AD 97 B9   LDA &B997
     A4AD   65 BE      ADC &BE
     A4AF   85 BE      STA &BE
     A4B1   AD 96 B9   LDA &B996
     A4B4   29 03      AND #&03
     A4B6   48         PHA
     A4B7   65 BF      ADC &BF
     A4B9   85 BF      STA &BF
     A4BB   90 02      BCC &A4BF
     A4BD   E6 C0      INC &C0
.cvskip
     A4BF   AD 95 B9   LDA &B995
     A4C2   85 CE      STA &CE
     A4C4   AD 96 B9   LDA &B996
     A4C7   4A         LSR A
     A4C8   4A         LSR A
     A4C9   4A         LSR A
     A4CA   4A         LSR A
     A4CB   29 03      AND #&03
     A4CD   85 CF      STA &CF
     A4CF   AD 94 B9   LDA &B994
     A4D2   85 C3      STA &C3
     A4D4   F0 06      BEQ &A4DC
     A4D6   E6 CE      INC &CE
     A4D8   D0 02      BNE &A4DC
     A4DA   E6 CF      INC &CF
.cvskip2
     A4DC   18         CLC
     A4DD   AD 97 B9   LDA &B997
     A4E0   65 CE      ADC &CE
     A4E2   AA         TAX
     A4E3   68         PLA
     A4E4   65 CF      ADC &CF
     A4E6   C9 03      CMP #&03
     A4E8   90 06      BCC &A4F0
     A4EA   D0 05      BNE &A4F1
     A4EC   E0 21      CPX #&21
     A4EE   B0 01      BCS &A4F1
.cvnoof
     A4F0   60         RTS
.errOverflow
     A4F1   20 4C 80   JSR &804C
     A4F4   FF
     A4F5   6F 76 65 ...
     A4FD   00
.CheckForException
     A4FE   AD 74 B9   LDA &B974
     A501   2D 75 B9   AND &B975
     A504   0D D6 B9   ORA &B9D6
     A507   49 FF      EOR #&FF
     A509   D0 18      BNE &A523
     A50B   18         CLC
     A50C   AD 90 B9   LDA &B990
     A50F   6D 94 B9   ADC &B994
     A512   AA         TAX
     A513   AD 91 B9   LDA &B991
     A516   30 0C      BMI &A524
     A518   6D 95 B9   ADC &B995
     A51B   10 06      BPL &A523
     A51D   0A         ASL A
     A51E   D0 04      BNE &A524
     A520   8A         TXA
     A521   D0 01      BNE &A524
.noexception
     A523   60         RTS
.errException
     A524   20 71 80   JSR &8071
     A527   FF
     A528   4E 6F 74 ...
     A533   00
.Set_CurDirDrv_ToDefaults_CheckCurDrvCat
     A534   20 FE 8B   JSR &8BFE
.CheckCurDrvCat
     A537   AD 82 B9   LDA &B982
     A53A   C5 CD      CMP &CD
     A53C   D0 07      BNE &A545
     A53E   60         RTS
.Set_CurDirDrv_ToDefaults_and_load
     A53F   20 FE 8B   JSR &8BFE
.LoadCurDrvCat2
     A542   20 F5 83   JSR &83F5
.LoadCurDrvCat
     A545   20 4A A4   JSR &A44A
     A548   20 D0 A8   JSR &A8D0
.rwcatexit
     A54B   A5 CD      LDA &CD
     A54D   8D 82 B9   STA &B982
     A550   4C 49 AB   JMP &AB49
.SaveCatToDisk
     A553   AD 04 B8   LDA &B804
     A556   18         CLC
     A557   F8         SED
     A558   69 01      ADC #&01
     A55A   8D 04 B8   STA &B804
     A55D   D8         CLD
     A55E   20 4A A4   JSR &A44A
     A561   20 CC A3   JSR &A3CC
     A564   20 E7 A8   JSR &A8E7
     A567   4C 4B A5   JMP &A54B
.RW_Track
     A56A   A5 B4      LDA &B4
     A56C   D0 05      BNE &A573
     A56E   A6 CD      LDX &CD
     A570   20 50 A4   JSR &A450
.rwtrk1
     A573   A9 05      LDA #&05
     A575   85 B6      STA &B6
.rwtrk2_loop
     A577   24 C9      BIT &C9
     A579   30 06      BMI &A581
     A57B   20 D0 A8   JSR &A8D0
     A57E   4C 84 A5   JMP &A584
.rwtrk3
     A581   20 E7 A8   JSR &A8E7
.rwtrk4
     A584   E6 BE      INC &BE
     A586   E6 BE      INC &BE
     A588   D0 06      BNE &A590
     A58A   E6 BF      INC &BF
     A58C   D0 02      BNE &A590
     A58E   E6 C0      INC &C0
.rwtrk5
     A590   C6 B6      DEC &B6
     A592   D0 E3      BNE &A577
     A594   60         RTS
.GetIndex
     A595   A2 B8      LDX #&B8
     A597   20 29 A4   JSR &A429
Macro DO_ASLA_X4:
     A59A   20 27 82   JSR &8227
End macro DO_ASLA_X4
     A59D   A4 B2      LDY &B2
     A59F   C8         INY
     A5A0   85 B0      STA &B0
     A5A2   66 B3      ROR &B3
     A5A4   98         TYA
     A5A5   D0 01      BNE &A5A8
     A5A7   38         SEC
.skip
     A5A8   2A         ROL A
     A5A9   2A         ROL A
     A5AA   2A         ROL A
     A5AB   2A         ROL A
     A5AC   48         PHA
     A5AD   29 0F      AND #&0F
     A5AF   05 B0      ORA &B0
     A5B1   A8         TAY
     A5B2   68         PLA
     A5B3   29 F0      AND #&F0
     A5B5   85 B0      STA &B0
     A5B7   A9 00      LDA #&00
     A5B9   69 B7      ADC #&B7
     A5BB   85 B1      STA &B1
     A5BD   98         TYA
     A5BE   60         RTS
.GetDriveStatus
     A5BF   18         CLC
.GetDriveStatusC
     A5C0   20 D6 A3   JSR &A3D6
     A5C3   BD DF B9   LDA &B9DF,X
     A5C6   85 B8      STA &B8
     A5C8   BD E3 B9   LDA &B9E3,X
Macro MASK_DISKNO:
     A5CB   29 1F      AND #&1F
End macro MASK_DISKNO
     A5CD   85 B9      STA &B9
.GetDiskStatus
     A5CF   20 95 A5   JSR &A595
     A5D2   20 77 A6   JSR &A677
     A5D5   A0 0F      LDY #&0F
     A5D7   B1 B0      LDA (&B0),Y
     A5D9   C9 FF      CMP #&FF
     A5DB   F0 02      BEQ &A5DF
     A5DD   AA         TAX
     A5DE   60         RTS
.ErrNotValid
     A5DF   20 4C 80   JSR &804C
     A5E2   C7
     A5E3   6E 75 6D ...
     A5F3   00
.LoadDrive
     A5F4   A6 CD      LDX &CD
.LoadDriveX
     A5F6   8A         TXA
     A5F7   48         PHA
     A5F8   A9 C0      LDA #&C0
     A5FA   85 B7      STA &B7
     A5FC   20 CF A5   JSR &A5CF
     A5FF   F0 0A      BEQ &A60B
     A601   10 04      BPL &A607
     A603   A9 E0      LDA #&E0
     A605   D0 02      BNE &A609
.ldiskrw
     A607   A9 80      LDA #&80
.ldisknf
     A609   85 B7      STA &B7
.ldiskro
     A60B   20 2B A3   JSR &A32B
     A60E   8A         TXA
     A60F   48         PHA
     A610   A2 03      LDX #&03
.uldloop
     A612   BD DF B9   LDA &B9DF,X
     A615   C5 B8      CMP &B8
     A617   D0 0C      BNE &A625
     A619   BD E3 B9   LDA &B9E3,X
Macro MASK_DISKNO:
     A61C   29 1F      AND #&1F
End macro MASK_DISKNO
     A61E   C5 B9      CMP &B9
     A620   D0 03      BNE &A625
     A622   9D E3 B9   STA &B9E3,X
.uldskip
     A625   CA         DEX
     A626   10 EA      BPL &A612
     A628   68         PLA
     A629   AA         TAX
     A62A   68         PLA
     A62B   AA         TAX
     A62C   A5 B8      LDA &B8
     A62E   9D DF B9   STA &B9DF,X
     A631   A5 B9      LDA &B9
     A633   05 B7      ORA &B7
     A635   4C 3F A3   JMP &A33F
.DiskTableSec
     A638   AD D4 B9   LDA &B9D4
     A63B   48         PHA
     A63C   4A         LSR A
     A63D   4A         LSR A
     A63E   4A         LSR A
     A63F   4A         LSR A
     A640   A8         TAY
     A641   68         PLA
     A642   29 0F      AND #&0F
     A644   0A         ASL A
     A645   85 BE      STA &BE
     A647   A9 00      LDA #&00
     A649   85 BF      STA &BF
     A64B   85 C0      STA &C0
.add_chunk_sector
     A64D   98         TYA
     A64E   F0 10      BEQ &A660
     A650   18         CLC
.loop
     A651   A9 3D      LDA #&3D
     A653   65 BF      ADC &BF
     A655   85 BF      STA &BF
     A657   A9 06      LDA #&06
     A659   65 C0      ADC &C0
     A65B   85 C0      STA &C0
     A65D   88         DEY
     A65E   D0 F1      BNE &A651
.done
.add_mmc_sector
     A660   AD E7 B9   LDA &B9E7
     A663   18         CLC
     A664   65 BE      ADC &BE
     A666   85 BE      STA &BE
     A668   AD E8 B9   LDA &B9E8
     A66B   65 BF      ADC &BF
     A66D   85 BF      STA &BF
     A66F   AD E9 B9   LDA &B9E9
     A672   65 C0      ADC &C0
     A674   85 C0      STA &C0
.ldtloaded
     A676   60         RTS
.CheckDiskTable
     A677   2C 82 B9   BIT &B982
     A67A   10 07      BPL &A683
     A67C   70 05      BVS &A683
     A67E   CD D4 B9   CMP &B9D4
     A681   F0 F3      BEQ &A676
.LoadDiskTable
     A683   8D D4 B9   STA &B9D4
     A686   A9 80      LDA #&80
     A688   8D 82 B9   STA &B982
     A68B   20 38 A6   JSR &A638
     A68E   4C D0 A8   JMP &A8D0
.SaveDiskTable
     A691   20 38 A6   JSR &A638
     A694   4C E7 A8   JMP &A8E7
.GetDiskFirstAllX
     A697   86 B7      STX &B7
.GetDiskFirstAll
     A699   A9 00      LDA #&00
     A69B   85 B8      STA &B8
     A69D   85 B9      STA &B9
.GetDiskFirst
     A69F   20 95 A5   JSR &A595
     A6A2   85 B2      STA &B2
     A6A4   20 77 A6   JSR &A677
     A6A7   4C 0B A7   JMP &A70B
.print_pluralized_disks
     A6AA   98         TYA
     A6AB   48         PHA
     A6AC   A2 00      LDX #&00
     A6AE   20 AD AC   JSR &ACAD
     A6B1   20 9E 80   JSR &809E
     A6B4   20 64 69 ...
     A6B9   EA         NOP
     A6BA   68         PLA
     A6BB   AA         TAX
     A6BC   B5 01      LDA &01,X
     A6BE   D0 04      BNE &A6C4
     A6C0   D6 00      DEC &00,X
     A6C2   F0 05      BEQ &A6C9
.NotOne
     A6C4   A9 73      LDA #&73
     A6C6   20 DD 80   JSR &80DD
.nos
     A6C9   4C 9E 80   JMP &809E
.gdnextloop
     A6CC   C9 FF      CMP #&FF
     A6CE   F0 43      BEQ &A713
     A6D0   24 B7      BIT &B7
     A6D2   30 3D      BMI &A711
.GetDiskNext
     A6D4   20 1C 8D   JSR &8D1C
     A6D7   18         CLC
     A6D8   A5 B0      LDA &B0
     A6DA   69 10      ADC #&10
     A6DC   85 B0      STA &B0
     A6DE   D0 25      BNE &A705
     A6E0   A5 B1      LDA &B1
     A6E2   49 0F      EOR #&0F
     A6E4   85 B1      STA &B1
     A6E6   6A         ROR A
     A6E7   90 1C      BCC &A705
     A6E9   AD EE B9   LDA &B9EE
Macro DO_ASLA_X4:
     A6EC   20 27 82   JSR &8227
End macro DO_ASLA_X4
     A6EF   18         CLC
     A6F0   E5 B2      SBC &B2
     A6F2   F0 1F      BEQ &A713
     A6F4   E6 B2      INC &B2
     A6F6   A5 B2      LDA &B2
     A6F8   20 77 A6   JSR &A677
     A6FB   A5 B2      LDA &B2
     A6FD   29 0F      AND #&0F
     A6FF   D0 04      BNE &A705
     A701   A9 10      LDA #&10
     A703   85 B0      STA &B0
.gdx1
     A705   E6 B8      INC &B8
     A707   D0 02      BNE &A70B
     A709   E6 B9      INC &B9
.gdx50
.gdfirst
     A70B   A0 0F      LDY #&0F
     A70D   B1 B0      LDA (&B0),Y
     A70F   30 BB      BMI &A6CC
.gdfrmt
     A711   18         CLC
     A712   60         RTS
.gdfin
     A713   A9 FF      LDA #&FF
     A715   85 B9      STA &B9
     A717   38         SEC
     A718   60         RTS
.bcd_inc16_zp_x_A8
     A719   A2 A8      LDX #&A8
.bcd_inc16_zp_x
     A71B   F8         SED
     A71C   18         CLC
     A71D   B5 00      LDA &00,X
     A71F   69 01      ADC #&01
     A721   95 00      STA &00,X
     A723   B5 01      LDA &01,X
     A725   69 00      ADC #&00
     A727   95 01      STA &01,X
     A729   D8         CLD
     A72A   60         RTS
Including file MMC_Pi1MHz.asm
.MMC_DEVICE_RESET
     A72B   A9 00      LDA #&00
     A72D   8D A6 FC   STA &FCA6
     A730   A0 F0      LDY #&F0
     A732   8C A7 FC   STY &FCA7
     A735   A2 FF      LDX #&FF
     A737   8E A8 FC   STX &FCA8
     A73A   8D A9 FC   STA &FCA9
     A73D   8D A9 FC   STA &FCA9
     A740   8D A9 FC   STA &FCA9
     A743   8D A9 FC   STA &FCA9
     A746   8D A9 FC   STA &FCA9
     A749   A0 E0      LDY #&E0
     A74B   8C A9 FC   STY &FCA9
     A74E   8E A9 FC   STX &FCA9
     A751   8D A9 FC   STA &FCA9
     A754   A0 0C      LDY #&0C
     A756   8C A6 FC   STY &FCA6
     A759   A0 01      LDY #&01
     A75B   8C A9 FC   STY &FCA9
     A75E   8D A9 FC   STA &FCA9
     A761   8D A9 FC   STA &FCA9
     A764   8D A9 FC   STA &FCA9
     A767   60         RTS
.MMC_16Clocks
     A768   60         RTS
.MMC_Clocks
     A769   F0 07      BEQ &A772
.count
     A76B   AD A9 FC   LDA &FCA9
     A76E   88         DEY
     A76F   D0 FA      BNE &A76B
     A771   60         RTS
.skip_sector
.MMC_ReadBuffer
.MMC_WriteBuffer
     A772   A9 E1      LDA #&E1
     A774   8D A7 FC   STA &FCA7
     A777   60         RTS
.MMC_DoCommand
     A778   AD 88 B9   LDA &B988
     A77B   C9 51      CMP #&51
     A77D   D0 43      BNE &A7C2
.setup_read_buffer
     A77F   A9 00      LDA #&00
.setup_buffer
     A781   A2 00      LDX #&00
     A783   8E A6 FC   STX &FCA6
     A786   A0 F0      LDY #&F0
     A788   8C A7 FC   STY &FCA7
     A78B   A2 FF      LDX #&FF
     A78D   8E A8 FC   STX &FCA8
     A790   8D A9 FC   STA &FCA9
     A793   A2 08      LDX #&08
     A795   8E A6 FC   STX &FCA6
     A798   AE 8C B9   LDX &B98C
     A79B   8E A9 FC   STX &FCA9
     A79E   AE 8B B9   LDX &B98B
     A7A1   8E A9 FC   STX &FCA9
     A7A4   AE 8A B9   LDX &B98A
     A7A7   8E A9 FC   STX &FCA9
     A7AA   AE 89 B9   LDX &B989
     A7AD   8E A9 FC   STX &FCA9
     A7B0   90 03      BCC &A7B5
     A7B2   8C AA FC   STY &FCAA
.skip
     A7B5   A2 E0      LDX #&E0
     A7B7   8E A7 FC   STX &FCA7
     A7BA   A9 00      LDA #&00
     A7BC   8D A6 FC   STA &FCA6
.MMC_send_cid
.MMC_send_op
.MMC_set_blk_size
.MMC_return
     A7BF   A9 00      LDA #&00
.dbgMmc
     A7C1   60         RTS
.notareadcommand
     A7C2   A9 01      LDA #&01
     A7C4   18         CLC
     A7C5   90 BA      BCC &A781
.MMC_EndWrite
     A7C7   A9 F0      LDA #&F0
     A7C9   8D AA FC   STA &FCAA
     A7CC   EA         NOP
.MMC_WaitForData
.loop
     A7CD   AD AA FC   LDA &FCAA
     A7D0   30 FB      BMI &A7CD
     A7D2   A9 E0      LDA #&E0
     A7D4   8D A7 FC   STA &FCA7
     A7D7   A9 00      LDA #&00
     A7D9   8D A6 FC   STA &FCA6
     A7DC   60         RTS
.MMC_Read256
     A7DD   AC 9E B9   LDY &B99E
     A7E0   D0 09      BNE &A7EB
.rdl1
     A7E2   AD A9 FC   LDA &FCA9
     A7E5   91 BC      STA (&BC),Y
     A7E7   C8         INY
     A7E8   D0 F8      BNE &A7E2
     A7EA   60         RTS
.rdlT20
     A7EB   A2 00      LDX #&00
     A7ED   F0 11      BEQ &A800
.MMC_ReadBLS
     A7EF   A6 C3      LDX &C3
     A7F1   AC 9E B9   LDY &B99E
     A7F4   D0 0A      BNE &A800
.rdl2
     A7F6   AD A9 FC   LDA &FCA9
     A7F9   91 BC      STA (&BC),Y
     A7FB   C8         INY
     A7FC   CA         DEX
     A7FD   D0 F7      BNE &A7F6
     A7FF   60         RTS
.rdlT1
.rdlT2
.rdlT3
     A800   AD A9 FC   LDA &FCA9
     A803   8D E5 FE   STA &FEE5
     A806   20 11 A8   JSR &A811
     A809   20 11 A8   JSR &A811
     A80C   EA         NOP
     A80D   CA         DEX
     A80E   D0 F0      BNE &A800
     A810   60         RTS
.donothing16cycles
     A811   EA         NOP
.donothing14cycles
     A812   EA         NOP
.MMC_SendingData
.donothing
     A813   60         RTS
.MMC_Write256
     A814   AC 9E B9   LDY &B99E
     A817   D0 09      BNE &A822
.wr1
     A819   B1 BC      LDA (&BC),Y
     A81B   8D A9 FC   STA &FCA9
     A81E   C8         INY
     A81F   D0 F8      BNE &A819
     A821   60         RTS
.wrT1
     A822   A0 00      LDY #&00
.wrT2
     A824   AD E5 FE   LDA &FEE5
     A827   8D A9 FC   STA &FCA9
     A82A   20 11 A8   JSR &A811
     A82D   20 11 A8   JSR &A811
     A830   EA         NOP
     A831   C8         INY
     A832   D0 F0      BNE &A824
     A834   60         RTS
Processed file 'MMC_Pi1MHz.asm' ok
.errWrite2
     A835   98         TYA
     A836   20 2A A1   JSR &A12A
     A839   C5
     A83A   4D 4D 43 ...
     A853   00         BRK
Including file MMC.asm
.MMC_INIT
     A854   A9 01      LDA #&01
     A856   8D DE B9   STA &B9DE
     A859   A9 40      LDA #&40
     A85B   8D 9F B9   STA &B99F
     A85E   20 44 80   JSR &8044
     A861   18         CLC
     A862   60         RTS
.MMC_GetCIDCRC
     A863   A9 AA      LDA #&AA
     A865   A8         TAY
     A866   60         RTS
.MMC_SetupWrite
     A867   A9 58      LDA #&58
     A869   D0 02      BNE &A86D
.MMC_SetupRead
     A86B   A9 51      LDA #&51
.setuprw
     A86D   8D 88 B9   STA &B988
.setCommandAddress
.setCommandAddressSDHC
     A870   A9 00      LDA #&00
     A872   8D 89 B9   STA &B989
     A875   A5 C0      LDA &C0
     A877   4A         LSR A
     A878   8D 8A B9   STA &B98A
     A87B   A5 BF      LDA &BF
     A87D   6A         ROR A
     A87E   8D 8B B9   STA &B98B
     A881   A5 BE      LDA &BE
     A883   6A         ROR A
     A884   8D 8C B9   STA &B98C
     A887   60         RTS
.MMC_StartRead
     A888   20 78 A7   JSR &A778
     A88B   D0 03      BNE &A890
     A88D   4C CD A7   JMP &A7CD
.errRead
     A890   20 2A A1   JSR &A12A
     A893   C5
     A894   4D 4D 43 ...
     A8A3   00
.MMC_StartWrite
     A8A4   20 78 A7   JSR &A778
     A8A7   D0 03      BNE &A8AC
     A8A9   4C 13 A8   JMP &A813
.errWrite
     A8AC   20 2A A1   JSR &A12A
     A8AF   C5
     A8B0   4D 4D 43 ...
     A8C0   00
.SetupCatRW
     A8C1   20 3A 80   JSR &803A
     A8C4   A9 00      LDA #&00
     A8C6   8D 9E B9   STA &B99E
     A8C9   85 BC      STA &BC
     A8CB   A9 B7      LDA #&B7
     A8CD   85 BD      STA &BD
     A8CF   60         RTS
.MMC_ReadCatalogue
     A8D0   20 C1 A8   JSR &A8C1
     A8D3   20 6B A8   JSR &A86B
     A8D6   20 88 A8   JSR &A888
     A8D9   20 DD A7   JSR &A7DD
     A8DC   E6 BD      INC &BD
     A8DE   20 DD A7   JSR &A7DD
     A8E1   20 68 A7   JSR &A768
     A8E4   4C 44 80   JMP &8044
.MMC_WriteCatalogue
     A8E7   20 C1 A8   JSR &A8C1
     A8EA   20 67 A8   JSR &A867
     A8ED   20 A4 A8   JSR &A8A4
     A8F0   20 14 A8   JSR &A814
     A8F3   E6 BD      INC &BD
     A8F5   20 14 A8   JSR &A814
     A8F8   20 C7 A7   JSR &A7C7
     A8FB   4C 44 80   JMP &8044
.MMC_RWBlock_CheckIfToTube
     A8FE   48         PHA
     A8FF   AD 90 B9   LDA &B990
     A902   8D 72 B9   STA &B972
     A905   AD 91 B9   LDA &B991
     A908   8D 73 B9   STA &B973
     A90B   AD 74 B9   LDA &B974
     A90E   2D 75 B9   AND &B975
     A911   0D D6 B9   ORA &B9D6
     A914   49 FF      EOR #&FF
     A916   8D 9E B9   STA &B99E
     A919   38         SEC
     A91A   F0 0D      BEQ &A929
     A91C   20 05 8D   JSR &8D05
     A91F   A2 72      LDX #&72
     A921   A0 B9      LDY #&B9
     A923   68         PLA
     A924   48         PHA
     A925   20 06 04   JSR &0406
     A928   18         CLC
.notTube
     A929   68         PLA
     A92A   60         RTS
.MMC_ReadBlock
     A92B   20 3A 80   JSR &803A
     A92E   20 35 A9   JSR &A935
     A931   4C 44 80   JMP &8044
.rb1_exit
     A934   60         RTS
.rdblk
     A935   A6 CE      LDX &CE
     A937   D0 04      BNE &A93D
     A939   A5 CF      LDA &CF
     A93B   F0 F7      BEQ &A934
.rb1
     A93D   A9 01      LDA #&01
     A93F   20 FE A8   JSR &A8FE
     A942   A6 CE      LDX &CE
     A944   66 BE      ROR &BE
     A946   66 C2      ROR &C2
     A948   10 07      BPL &A951
     A94A   E8         INX
     A94B   86 CE      STX &CE
     A94D   D0 02      BNE &A951
     A94F   E6 CF      INC &CF
.rb2
     A951   06 BE      ASL &BE
     A953   20 6B A8   JSR &A86B
     A956   A5 CF      LDA &CF
     A958   D0 0E      BNE &A968
     A95A   A6 CE      LDX &CE
     A95C   E0 03      CPX #&03
     A95E   B0 08      BCS &A968
.rb4_loop
     A960   A5 C3      LDA &C3
     A962   D0 40      BNE &A9A4
     A964   E0 01      CPX #&01
     A966   F0 33      BEQ &A99B
.rb3
     A968   24 C2      BIT &C2
     A96A   10 0D      BPL &A979
     A96C   20 88 A8   JSR &A888
     A96F   A0 00      LDY #&00
     A971   84 C2      STY &C2
     A973   20 69 A7   JSR &A769
     A976   4C 81 A9   JMP &A981
.rb6_loop
     A979   20 88 A8   JSR &A888
     A97C   20 DD A7   JSR &A7DD
     A97F   E6 BD      INC &BD
.rb7
     A981   20 DD A7   JSR &A7DD
     A984   E6 BD      INC &BD
     A986   20 68 A7   JSR &A768
     A989   20 54 AB   JSR &AB54
     A98C   20 71 AA   JSR &AA71
     A98F   F0 A3      BEQ &A934
     A991   A5 CF      LDA &CF
     A993   D0 E4      BNE &A979
     A995   E0 03      CPX #&03
     A997   B0 E0      BCS &A979
     A999   90 C5      BCC &A960
.rb9
     A99B   20 88 A8   JSR &A888
     A99E   20 DD A7   JSR &A7DD
     A9A1   4C CB A9   JMP &A9CB
.rb5
     A9A4   20 88 A8   JSR &A888
     A9A7   24 C2      BIT &C2
     A9A9   10 08      BPL &A9B3
     A9AB   A0 00      LDY #&00
     A9AD   20 69 A7   JSR &A769
     A9B0   4C BC A9   JMP &A9BC
.rbx1
     A9B3   C6 CE      DEC &CE
     A9B5   F0 05      BEQ &A9BC
     A9B7   20 DD A7   JSR &A7DD
     A9BA   E6 BD      INC &BD
.rbx2
     A9BC   20 EF A7   JSR &A7EF
     A9BF   98         TYA
     A9C0   49 FF      EOR #&FF
     A9C2   A8         TAY
     A9C3   C8         INY
     A9C4   20 69 A7   JSR &A769
     A9C7   A5 CE      LDA &CE
     A9C9   D0 05      BNE &A9D0
.rbx4
     A9CB   A0 00      LDY #&00
     A9CD   20 69 A7   JSR &A769
.rbx3
     A9D0   4C 68 A7   JMP &A768
.wb1_exit
     A9D3   60         RTS
.MMC_WriteBlock
     A9D4   20 3A 80   JSR &803A
     A9D7   20 DD A9   JSR &A9DD
     A9DA   4C 44 80   JMP &8044
.wrblk
     A9DD   A6 CE      LDX &CE
     A9DF   D0 04      BNE &A9E5
     A9E1   A5 CF      LDA &CF
     A9E3   F0 EE      BEQ &A9D3
.wb1
     A9E5   A9 00      LDA #&00
     A9E7   20 FE A8   JSR &A8FE
     A9EA   A6 CE      LDX &CE
     A9EC   66 BE      ROR &BE
     A9EE   6A         ROR A
     A9EF   06 BE      ASL &BE
     A9F1   48         PHA
     A9F2   20 67 A8   JSR &A867
     A9F5   68         PLA
     A9F6   10 32      BPL &AA2A
     A9F8   A9 51      LDA #&51
     A9FA   8D 88 B9   STA &B988
     A9FD   20 88 A8   JSR &A888
     AA00   20 72 A7   JSR &A772
     AA03   A0 00      LDY #&00
     AA05   20 69 A7   JSR &A769
     AA08   A0 02      LDY #&02
     AA0A   20 69 A7   JSR &A769
     AA0D   A9 58      LDA #&58
     AA0F   8D 88 B9   STA &B988
     AA12   20 A4 A8   JSR &A8A4
     AA15   20 72 A7   JSR &A772
     AA18   20 14 A8   JSR &A814
     AA1B   20 C7 A7   JSR &A7C7
     AA1E   A9 FF      LDA #&FF
     AA20   20 73 AA   JSR &AA73
     AA23   F0 AE      BEQ &A9D3
     AA25   E6 BD      INC &BD
.wb4
     AA27   20 54 AB   JSR &AB54
.wb2
     AA2A   A5 CF      LDA &CF
     AA2C   D0 2D      BNE &AA5B
     AA2E   A6 CE      LDX &CE
     AA30   F0 3E      BEQ &AA70
     AA32   CA         DEX
     AA33   D0 26      BNE &AA5B
     AA35   A9 51      LDA #&51
     AA37   8D 88 B9   STA &B988
     AA3A   20 88 A8   JSR &A888
     AA3D   A0 00      LDY #&00
     AA3F   20 69 A7   JSR &A769
     AA42   20 72 A7   JSR &A772
     AA45   A0 02      LDY #&02
     AA47   20 69 A7   JSR &A769
     AA4A   A9 58      LDA #&58
     AA4C   8D 88 B9   STA &B988
     AA4F   20 A4 A8   JSR &A8A4
     AA52   20 14 A8   JSR &A814
     AA55   20 72 A7   JSR &A772
     AA58   4C C7 A7   JMP &A7C7
.wb3
     AA5B   20 A4 A8   JSR &A8A4
     AA5E   20 14 A8   JSR &A814
     AA61   E6 BD      INC &BD
     AA63   20 14 A8   JSR &A814
     AA66   E6 BD      INC &BD
     AA68   20 C7 A7   JSR &A7C7
     AA6B   20 71 AA   JSR &AA71
     AA6E   D0 B7      BNE &AA27
.wb5
     AA70   60         RTS
.dec_seccountby2
     AA71   A9 FE      LDA #&FE
.dec_seccount
     AA73   18         CLC
     AA74   65 CE      ADC &CE
     AA76   85 CE      STA &CE
     AA78   AA         TAX
     AA79   A9 FF      LDA #&FF
     AA7B   65 CF      ADC &CF
     AA7D   85 CF      STA &CF
     AA7F   05 CE      ORA &CE
     AA81   60         RTS
.MMC_ReadDiscTitle
     AA82   20 3A 80   JSR &803A
     AA85   A9 00      LDA #&00
     AA87   8D 9E B9   STA &B99E
     AA8A   A2 02      LDX #&02
.loop
     AA8C   B5 B4      LDA &B4,X
     AA8E   95 BE      STA &BE,X
     AA90   CA         DEX
     AA91   10 F9      BPL &AA8C
     AA93   20 6B A8   JSR &A86B
     AA96   20 88 A8   JSR &A888
     AA99   A9 00      LDA #&00
     AA9B   85 BC      STA &BC
     AA9D   A9 B9      LDA #&B9
     AA9F   85 BD      STA &BD
     AAA1   A9 08      LDA #&08
     AAA3   85 C3      STA &C3
     AAA5   20 EF A7   JSR &A7EF
     AAA8   A0 F8      LDY #&F8
     AAAA   20 69 A7   JSR &A769
     AAAD   A9 08      LDA #&08
     AAAF   85 BC      STA &BC
     AAB1   85 C3      STA &C3
     AAB3   20 EF A7   JSR &A7EF
     AAB6   A0 FA      LDY #&FA
     AAB8   20 69 A7   JSR &A769
     AABB   4C 44 80   JMP &8044
.MMC_BEGIN2
     AABE   20 F5 83   JSR &83F5
     AAC1   20 C7 AA   JSR &AAC7
     AAC4   4C 49 AB   JMP &AB49
.MMC_BEGIN1
     AAC7   A2 09      LDX #&09
.begloop1
     AAC9   B5 BC      LDA &BC,X
     AACB   9D 90 B9   STA &B990,X
     AACE   CA         DEX
     AACF   10 F8      BPL &AAC9
     AAD1   20 2B A7   JSR &A72B
     AAD4   2C 9F B9   BIT &B99F
     AAD7   70 08      BVS &AAE1
     AAD9   20 54 A8   JSR &A854
     AADC   B0 12      BCS &AAF0
     AADE   20 1E AB   JSR &AB1E
.beg2
     AAE1   20 2B A3   JSR &A32B
     AAE4   AD EA B9   LDA &B9EA
     AAE7   F0 01      BEQ &AAEA
     AAE9   60         RTS
.beg3
     AAEA   20 4C A3   JSR &A34C
     AAED   4C FA AA   JMP &AAFA
.carderr
     AAF0   20 71 80   JSR &8071
     AAF3   FF
     AAF4   43 61 72 ...
     AAF9   00
.MMC_LoadDisks
     AAFA   A2 03      LDX #&03
.loop
     AAFC   20 10 AB   JSR &AB10
     AAFF   BD 00 B7   LDA &B700,X
     AB02   85 B8      STA &B8
     AB04   BD 04 B7   LDA &B704,X
     AB07   85 B9      STA &B9
     AB09   20 F6 A5   JSR &A5F6
     AB0C   CA         DEX
     AB0D   10 ED      BPL &AAFC
     AB0F   60         RTS
.LoadBaseSector
     AB10   8A         TXA
     AB11   48         PHA
     AB12   AD ED B9   LDA &B9ED
Macro DO_ASLA_X4:
     AB15   20 27 82   JSR &8227
End macro DO_ASLA_X4
     AB18   20 83 A6   JSR &A683
     AB1B   68         PLA
     AB1C   AA         TAX
     AB1D   60         RTS
.MMC_CheckCardID
     AB1E   20 2B A3   JSR &A32B
     AB21   AD EA B9   LDA &B9EA
     AB24   F0 0D      BEQ &AB33
     AB26   20 63 A8   JSR &A863
     AB29   CD EC B9   CMP &B9EC
     AB2C   D0 06      BNE &AB34
     AB2E   CC EB B9   CPY &B9EB
     AB31   D0 01      BNE &AB34
.cid_x
     AB33   60         RTS
.errCardChanged
     AB34   A9 00      LDA #&00
     AB36   8D 9F B9   STA &B99F
     AB39   20 71 80   JSR &8071
     AB3C   FF
     AB3D   57 72 6F ...
     AB48   00
.MMC_END
     AB49   A2 09      LDX #&09
.eloop0
     AB4B   BD 90 B9   LDA &B990,X
     AB4E   95 BC      STA &BC,X
     AB50   CA         DEX
     AB51   10 F8      BPL &AB4B
     AB53   60         RTS
.incCommandAddress
     AB54   AD DE B9   LDA &B9DE
     AB57   D0 11      BNE &AB6A
     AB59   EE 8B B9   INC &B98B
.incMS
     AB5C   EE 8B B9   INC &B98B
     AB5F   D0 08      BNE &AB69
     AB61   EE 8A B9   INC &B98A
     AB64   D0 03      BNE &AB69
     AB66   EE 89 B9   INC &B989
.incDone
     AB69   60         RTS
.incCommandAddressSDHC
     AB6A   EE 8C B9   INC &B98C
     AB6D   F0 ED      BEQ &AB5C
     AB6F   60         RTS
Processed file 'MMC.asm' ok
.CMD_DRECAT
     AB70   20 41 9A   JSR &9A41
     AB73   A2 FF      LDX #&FF
     AB75   20 50 A4   JSR &A450
     AB78   A2 02      LDX #&02
.drc_loop1
     AB7A   B5 BE      LDA &BE,X
     AB7C   95 B4      STA &B4,X
     AB7E   CA         DEX
     AB7F   10 F9      BPL &AB7A
     AB81   20 97 A6   JSR &A697
.drc_loop2
     AB84   20 82 AA   JSR &AA82
     AB87   A0 0B      LDY #&0B
.drc_loop4
     AB89   B9 00 B9   LDA &B900,Y
     AB8C   91 B0      STA (&B0),Y
     AB8E   88         DEY
     AB8F   10 F8      BPL &AB89
     AB91   A5 B1      LDA &B1
     AB93   C9 B8      CMP #&B8
     AB95   90 14      BCC &ABAB
     AB97   A5 B0      LDA &B0
     AB99   C9 F0      CMP #&F0
     AB9B   90 0E      BCC &ABAB
     AB9D   20 91 A6   JSR &A691
     ABA0   A5 B2      LDA &B2
     ABA2   29 0F      AND #&0F
     ABA4   C9 0F      CMP #&0F
     ABA6   90 03      BCC &ABAB
     ABA8   A9 3F      LDA #&3F
     ABAA   2C
.skipsave
     ABAB   A9 20      LDA #&20
     ABAD   65 B4      ADC &B4
     ABAF   85 B4      STA &B4
     ABB1   A9 03      LDA #&03
     ABB3   65 B5      ADC &B5
     ABB5   85 B5      STA &B5
     ABB7   90 02      BCC &ABBB
     ABB9   E6 B6      INC &B6
.drc_label3
     ABBB   20 D4 A6   JSR &A6D4
     ABBE   90 C4      BCC &AB84
     ABC0   4C 91 A6   JMP &A691
.DMatchInit
     ABC3   A2 00      LDX #&00
     ABC5   8E 0E B9   STX &B90E
     ABC8   18         CLC
     ABC9   20 C2 FF   JSR &FFC2
     ABCC   F0 20      BEQ &ABEE
.dmiLoop
     ABCE   20 C5 FF   JSR &FFC5
     ABD1   B0 1B      BCS &ABEE
     ABD3   C9 2A      CMP #&2A
     ABD5   F0 24      BEQ &ABFB
     ABD7   C9 61      CMP #&61
     ABD9   90 06      BCC &ABE1
     ABDB   C9 7B      CMP #&7B
     ABDD   B0 02      BCS &ABE1
     ABDF   49 20      EOR #&20
.dmiUcase
     ABE1   9D 00 B9   STA &B900,X
     ABE4   E8         INX
     ABE5   E0 0C      CPX #&0C
     ABE7   D0 E5      BNE &ABCE
.dmiEnd
     ABE9   20 C5 FF   JSR &FFC5
     ABEC   90 12      BCC &AC00
.dmiExit
     ABEE   C9 0D      CMP #&0D
     ABF0   D0 1D      BNE &AC0F
     ABF2   A9 00      LDA #&00
     ABF4   9D 00 B9   STA &B900,X
     ABF7   8E 0D B9   STX &B90D
     ABFA   60         RTS
.dmiStar
     ABFB   8D 0E B9   STA &B90E
     ABFE   F0 E9      BEQ &ABE9
.ErrBadString
     AC00   20 71 80   JSR &8071
     AC03   FF
     AC04   42 61 64 ...
     AC0E   00
.dmiSyntax
     AC0F   4C 47 9A   JMP &9A47
.DMatch
     AC12   A0 00      LDY #&00
     AC14   AE 0D B9   LDX &B90D
     AC17   F0 17      BEQ &AC30
.dmatlp
     AC19   B1 B0      LDA (&B0),Y
     AC1B   F0 25      BEQ &AC42
     AC1D   C9 61      CMP #&61
     AC1F   90 06      BCC &AC27
     AC21   C9 7B      CMP #&7B
     AC23   B0 02      BCS &AC27
     AC25   49 20      EOR #&20
.dmnotlc
     AC27   D9 00 B9   CMP &B900,Y
     AC2A   D0 16      BNE &AC42
     AC2C   C8         INY
     AC2D   CA         DEX
     AC2E   D0 E9      BNE &AC19
.dmatend
     AC30   B1 B0      LDA (&B0),Y
     AC32   F0 0C      BEQ &AC40
     AC34   AD 0D B9   LDA &B90D
     AC37   C9 0C      CMP #&0C
     AC39   F0 05      BEQ &AC40
     AC3B   AD 0E B9   LDA &B90E
     AC3E   F0 02      BEQ &AC42
.dmmatyes
     AC40   18         CLC
     AC41   60         RTS
.dmatnomatch
     AC42   38         SEC
     AC43   60         RTS
.PrintDCat
     AC44   B0 05      BCS &AC4B
     AC46   A9 20      LDA #&20
     AC48   20 DD 80   JSR &80DD
.pdcnospc
     AC4B   20 2D 84   JSR &842D
     AC4E   A2 20      LDX #&20
     AC50   20 AB AC   JSR &ACAB
     AC53   A9 20      LDA #&20
     AC55   20 DD 80   JSR &80DD
     AC58   A0 0F      LDY #&0F
     AC5A   B1 B0      LDA (&B0),Y
     AC5C   30 2F      BMI &AC8D
     AC5E   A0 00      LDY #&00
.pdcloop
     AC60   B1 B0      LDA (&B0),Y
     AC62   F0 12      BEQ &AC76
     AC64   C9 20      CMP #&20
     AC66   90 04      BCC &AC6C
     AC68   C9 7F      CMP #&7F
     AC6A   D0 02      BNE &AC6E
.pdcdot
     AC6C   A9 2E      LDA #&2E
.pdcprint
     AC6E   20 DD 80   JSR &80DD
     AC71   C8         INY
     AC72   C0 0C      CPY #&0C
     AC74   D0 EA      BNE &AC60
.pdcspc
     AC76   A9 20      LDA #&20
.pdcspclp
     AC78   20 DD 80   JSR &80DD
     AC7B   C8         INY
     AC7C   C0 0D      CPY #&0D
     AC7E   D0 F8      BNE &AC78
     AC80   AA         TAX
     AC81   A0 0F      LDY #&0F
     AC83   B1 B0      LDA (&B0),Y
     AC85   D0 02      BNE &AC89
     AC87   A2 50      LDX #&50
.pdcnoprot
     AC89   8A         TXA
     AC8A   4C DD 80   JMP &80DD
.pdcnotform
     AC8D   A0 0D      LDY #&0D
     AC8F   20 10 82   JSR &8210
     AC92   A9 55      LDA #&55
     AC94   4C DD 80   JMP &80DD
.PrtDiskNo
     AC97   20 1E 84   JSR &841E
     AC9A   BD DF B9   LDA &B9DF,X
     AC9D   85 B8      STA &B8
     AC9F   BD E3 B9   LDA &B9E3,X
Macro MASK_DISKNO:
     ACA2   29 1F      AND #&1F
End macro MASK_DISKNO
     ACA4   85 B9      STA &B9
     ACA6   20 2D 84   JSR &842D
     ACA9   A2 00      LDX #&00
.DecNo_Print
     ACAB   A0 B5      LDY #&B5
.DecNo_Print_zp_y
     ACAD   B9 00 00   LDA &0000,Y
     ACB0   48         PHA
     ACB1   B9 01 00   LDA &0001,Y
     ACB4   A0 04      LDY #&04
     ACB6   20 BA AC   JSR &ACBA
     ACB9   68         PLA
.PrintDec
     ACBA   48         PHA
     ACBB   4A         LSR A
     ACBC   4A         LSR A
     ACBD   4A         LSR A
     ACBE   4A         LSR A
     ACBF   20 C3 AC   JSR &ACC3
     ACC2   68         PLA
.pdec1
     ACC3   29 0F      AND #&0F
     ACC5   F0 07      BEQ &ACCE
     ACC7   A2 30      LDX #&30
     ACC9   09 30      ORA #&30
     ACCB   4C DD 80   JMP &80DD
.pdec2
     ACCE   88         DEY
     ACCF   D0 02      BNE &ACD3
     ACD1   A2 30      LDX #&30
.pdec3
     ACD3   8A         TXA
     ACD4   4C DD 80   JMP &80DD
.CMD_DABOUT
     ACD7   A2 00      LDX #&00
.loop
     ACD9   BD 09 80   LDA &8009,X
     ACDC   D0 02      BNE &ACE0
     ACDE   A9 0D      LDA #&0D
.print
     ACE0   20 E3 FF   JSR &FFE3
     ACE3   E8         INX
     ACE4   E0 2E      CPX #&2E
     ACE6   D0 F1      BNE &ACD9
     ACE8   60         RTS
.CMD_DBASE
     ACE9   20 C2 81   JSR &81C2
     ACEC   F0 20      BEQ &AD0E
     ACEE   20 62 84   JSR &8462
     ACF1   B0 4B      BCS &AD3E
     ACF3   D0 49      BNE &AD3E
     ACF5   EC EE B9   CPX &B9EE
     ACF8   B0 44      BCS &AD3E
     ACFA   8E ED B9   STX &B9ED
     ACFD   20 42 A3   JSR &A342
     AD00   A9 00      LDA #&00
     AD02   20 83 A6   JSR &A683
     AD05   AD ED B9   LDA &B9ED
     AD08   8D 09 B7   STA &B709
     AD0B   4C 91 A6   JMP &A691
.info
     AD0E   20 9E 80   JSR &809E
     AD11   4D 4D 42 ...
     AD1B   AD ED B9   LDA &B9ED
     AD1E   20 31 AD   JSR &AD31
     AD21   20 9E 80   JSR &809E
     AD24   4D 4D 42 ...
     AD2E   AD EE B9   LDA &B9EE
.printdec
     AD31   20 51 84   JSR &8451
     AD34   A2 00      LDX #&00
     AD36   A0 02      LDY #&02
     AD38   20 BA AC   JSR &ACBA
     AD3B   4C 7C 83   JMP &837C
.invalid
     AD3E   4C 67 8A   JMP &8A67
.CMD_DBOOT
     AD41   20 3B 9A   JSR &9A3B
     AD44   A9 00      LDA #&00
     AD46   85 CD      STA &CD
     AD48   20 74 8C   JSR &8C74
     AD4B   20 F4 A5   JSR &A5F4
     AD4E   A9 00      LDA #&00
     AD50   4C 74 8D   JMP &8D74
.CMD_DIN
     AD53   20 3E 8C   JSR &8C3E
     AD56   4C F4 A5   JMP &A5F4
.CMD_DOUT
     AD59   20 0B 8C   JSR &8C0B
.unloaddrive
     AD5C   20 2B A3   JSR &A32B
     AD5F   A6 CD      LDX &CD
     AD61   8A         TXA
     AD62   4C 3F A3   JMP &A33F
.CMD_DCAT
     AD65   A9 00      LDA #&00
     AD67   85 B7      STA &B7
     AD69   85 A8      STA &A8
     AD6B   85 A9      STA &A9
     AD6D   20 62 84   JSR &8462
     AD70   B0 25      BCS &AD97
     AD72   86 AA      STX &AA
     AD74   86 B8      STX &B8
     AD76   85 AB      STA &AB
     AD78   85 B9      STA &B9
     AD7A   20 62 84   JSR &8462
     AD7D   B0 1F      BCS &AD9E
     AD7F   86 AA      STX &AA
     AD81   85 AB      STA &AB
     AD83   E4 B8      CPX &B8
     AD85   E5 B9      SBC &B9
     AD87   10 1B      BPL &ADA4
.badrange
     AD89   20 71 80   JSR &8071
     AD8C   FF
     AD8D   42 61 64 ...
     AD96   00
.dc_1
     AD97   A2 FE      LDX #&FE
     AD99   86 AA      STX &AA
     AD9B   E8         INX
     AD9C   86 AB      STX &AB
.dc_2
     AD9E   A9 00      LDA #&00
     ADA0   85 B8      STA &B8
     ADA2   85 B9      STA &B9
.dc_3
     ADA4   E6 AA      INC &AA
     ADA6   D0 02      BNE &ADAA
     ADA8   E6 AB      INC &AB
.dc_4
     ADAA   20 C3 AB   JSR &ABC3
     ADAD   20 9F A6   JSR &A69F
     ADB0   A2 00      LDX #&00
     ADB2   AD 0D B9   LDA &B90D
     ADB5   D0 04      BNE &ADBB
     ADB7   CA         DEX
     ADB8   8E 0E B9   STX &B90E
.dclp
     ADBB   A5 B9      LDA &B9
     ADBD   30 1D      BMI &ADDC
     ADBF   A5 B8      LDA &B8
     ADC1   C5 AA      CMP &AA
     ADC3   A5 B9      LDA &B9
     ADC5   E5 AB      SBC &AB
     ADC7   B0 13      BCS &ADDC
     ADC9   20 12 AC   JSR &AC12
     ADCC   B0 08      BCS &ADD6
     ADCE   20 44 AC   JSR &AC44
     ADD1   A2 A8      LDX #&A8
     ADD3   20 19 A7   JSR &A719
.dcnxt
     ADD6   20 D4 A6   JSR &A6D4
     ADD9   4C BB AD   JMP &ADBB
.dcfin
     ADDC   A9 86      LDA #&86
     ADDE   20 F4 FF   JSR &FFF4
     ADE1   E0 00      CPX #&00
     ADE3   F0 03      BEQ &ADE8
     ADE5   20 7C 83   JSR &837C
.dcEven
     ADE8   A0 A8      LDY #&A8
     ADEA   20 AA A6   JSR &A6AA
     ADED   20 66 6F ...
     ADF3   EA         NOP
     ADF4   4C 7C 83   JMP &837C
.CMD_DFREE
     ADF7   20 41 9A   JSR &9A41
     ADFA   A2 00      LDX #&00
     ADFC   86 A8      STX &A8
     ADFE   86 A9      STX &A9
     AE00   86 AA      STX &AA
     AE02   86 AB      STX &AB
     AE04   CA         DEX
     AE05   20 97 A6   JSR &A697
.dfreelp
     AE08   10 05      BPL &AE0F
     AE0A   A2 A8      LDX #&A8
     AE0C   20 19 A7   JSR &A719
.dffmted
     AE0F   A2 AA      LDX #&AA
     AE11   20 1B A7   JSR &A71B
     AE14   20 D4 A6   JSR &A6D4
     AE17   90 EF      BCC &AE08
.dffin
     AE19   A2 00      LDX #&00
     AE1B   A0 A8      LDY #&A8
     AE1D   20 AD AC   JSR &ACAD
     AE20   20 9E 80   JSR &809E
     AE23   20 6F 66 ...
     AE27   A0 AA      LDY #&AA
     AE29   20 AA A6   JSR &A6AA
     AE2C   20 66 72 ...
     AE3F   EA         NOP
     AE40   4C 7C 83   JMP &837C
.CMD_DONBOOT
     AE43   20 3E 8C   JSR &8C3E
     AE46   20 10 AB   JSR &AB10
     AE49   A6 CD      LDX &CD
     AE4B   A5 B8      LDA &B8
     AE4D   9D 00 B7   STA &B700,X
     AE50   A5 B9      LDA &B9
     AE52   9D 04 B7   STA &B704,X
     AE55   4C 91 A6   JMP &A691
.CMD_DDRIVE
     AE58   84 B3      STY &B3
     AE5A   A9 FF      LDA #&FF
     AE5C   85 B7      STA &B7
     AE5E   A9 03      LDA #&03
     AE60   85 CD      STA &CD
     AE62   A4 B3      LDY &B3
     AE64   20 C2 81   JSR &81C2
     AE67   F0 05      BEQ &AE6E
     AE69   20 13 8C   JSR &8C13
     AE6C   90 02      BCC &AE70
.ddsknoparam
     AE6E   A9 00      LDA #&00
.ddskloop
     AE70   48         PHA
     AE71   AA         TAX
     AE72   A9 3A      LDA #&3A
     AE74   20 EE FF   JSR &FFEE
     AE77   8A         TXA
     AE78   09 30      ORA #&30
     AE7A   20 EE FF   JSR &FFEE
     AE7D   BD E3 B9   LDA &B9E3,X
     AE80   10 13      BPL &AE95
Macro MASK_DISKNO:
     AE82   29 1F      AND #&1F
End macro MASK_DISKNO
     AE84   85 B9      STA &B9
     AE86   BD DF B9   LDA &B9DF,X
     AE89   85 B8      STA &B8
     AE8B   20 9F A6   JSR &A69F
     AE8E   C9 FF      CMP #&FF
     AE90   F0 03      BEQ &AE95
     AE92   20 44 AC   JSR &AC44
.ddcont
     AE95   20 E7 FF   JSR &FFE7
     AE98   68         PLA
     AE99   C5 CD      CMP &CD
     AE9B   F0 04      BEQ &AEA1
     AE9D   69 01      ADC #&01
     AE9F   90 CF      BCC &AE70
.ddskexit
     AEA1   60         RTS
.MarkDriveAsFormatted
     AEA2   38         SEC
     AEA3   20 C0 A5   JSR &A5C0
     AEA6   10 26      BPL &AECE
     AEA8   A9 00      LDA #&00
     AEAA   A8         TAY
.masf_loop
     AEAB   91 B0      STA (&B0),Y
     AEAD   C8         INY
     AEAE   C0 0F      CPY #&0F
     AEB0   D0 F9      BNE &AEAB
     AEB2   98         TYA
     AEB3   D0 0E      BNE &AEC3
.dop_Protect
     AEB5   A9 00      LDA #&00
     AEB7   2C
.dop_Unprotect
     AEB8   A9 0F      LDA #&0F
.dlul
     AEBA   48         PHA
.dkconfirmed
     AEBB   20 BF A5   JSR &A5BF
     AEBE   30 0B      BMI &AECB
.drestore
     AEC0   68         PLA
     AEC1   A0 0F      LDY #&0F
.masf_status
     AEC3   91 B0      STA (&B0),Y
     AEC5   20 91 A6   JSR &A691
     AEC8   4C F4 A5   JMP &A5F4
.jmpErrNotFormatted
     AECB   4C 01 A4   JMP &A401
.jmpErrFormatted
     AECE   4C 13 A4   JMP &A413
.dop_Kill
     AED1   20 38 9C   JSR &9C38
     AED4   20 BF A5   JSR &A5BF
     AED7   20 CC A3   JSR &A3CC
     AEDA   20 9F A6   JSR &A69F
     AEDD   20 9E 80   JSR &809E
     AEE0   4B 69 6C ...
     AEE4   EA         NOP
     AEE5   18         CLC
     AEE6   20 44 AC   JSR &AC44
     AEE9   20 9E 80   JSR &809E
     AEEC   20 3A 20 
     AEEF   EA         NOP
     AEF0   20 9E 9C   JSR &9C9E
     AEF3   D0 05      BNE &AEFA
     AEF5   A9 F0      LDA #&F0
     AEF7   48         PHA
     AEF8   D0 C1      BNE &AEBB
.dkcancel
     AEFA   60         RTS
.dop_Restore
     AEFB   A9 0F      LDA #&0F
     AEFD   48         PHA
     AEFE   38         SEC
     AEFF   20 C0 A5   JSR &A5C0
     AF02   30 BC      BMI &AEC0
     AF04   10 C8      BPL &AECE
.dop_New
     AF06   A2 FF      LDX #&FF
     AF08   20 97 A6   JSR &A697
.fdkloop
     AF0B   B0 2F      BCS &AF3C
     AF0D   C9 F0      CMP #&F0
     AF0F   F0 06      BEQ &AF17
     AF11   20 D4 A6   JSR &A6D4
     AF14   4C 0B AF   JMP &AF0B
.fdkfound
     AF17   20 2D 84   JSR &842D
     AF1A   20 F4 A5   JSR &A5F4
     AF1D   20 9E 80   JSR &809E
     AF20   44 69 73 ...
     AF25   A2 00      LDX #&00
     AF27   20 AB AC   JSR &ACAB
     AF2A   20 9E 80   JSR &809E
     AF2D   20 69 6E ...
     AF32   A5 CD      LDA &CD
     AF34   09 30      ORA #&30
     AF36   20 EE FF   JSR &FFEE
     AF39   4C E7 FF   JMP &FFE7
.ErrNoFreeDisks
     AF3C   20 71 80   JSR &8071
     AF3F   FF
     AF40   4E 6F 20 ...
     AF4D   00
.CMD_DOP
     AF4E   20 C2 81   JSR &81C2
     AF51   F0 0C      BEQ &AF5F
     AF53   29 DF      AND #&DF
     AF55   A2 05      LDX #&05
.optloop
     AF57   DD 6E AF   CMP &AF6E,X
     AF5A   F0 06      BEQ &AF62
     AF5C   CA         DEX
     AF5D   10 F8      BPL &AF57
.opterr
     AF5F   4C 67 8A   JMP &8A67
.optok
     AF62   BD 73 AF   LDA &AF73,X
     AF65   48         PHA
     AF66   BD 78 AF   LDA &AF78,X
     AF69   48         PHA
     AF6A   C8         INY
     AF6B   4C 0B 8C   JMP &8C0B
.dop
     AF6E   52 4B 4E ...
.dopexhi
     AF73   AE
     AF74   AE
     AF75   AF
     AF76   AE
     AF77   AE
.dopexlo
     AF78   FA
     AF79   D0
     AF7A   05
     AF7B   B7
     AF7C   B4
Including file OSWORD7F.asm
.Osword7F_8271_Emulation
     AF7D   A0 01      LDY #&01
     AF7F   A2 02      LDX #&02
     AF81   20 31 81   JSR &8131
     AF84   A0 00      LDY #&00
     AF86   84 C3      STY &C3
     AF88   84 CF      STY &CF
     AF8A   B1 B0      LDA (&B0),Y
     AF8C   30 03      BMI &AF91
     AF8E   20 06 8C   JSR &8C06
.ownoreset
     AF91   20 BE AA   JSR &AABE
     AF94   A6 CD      LDX &CD
     AF96   20 50 A4   JSR &A450
     AF99   A0 05      LDY #&05
     AF9B   B1 B0      LDA (&B0),Y
     AF9D   18         CLC
     AF9E   69 07      ADC #&07
     AFA0   85 B2      STA &B2
     AFA2   20 AC AF   JSR &AFAC
     AFA5   A4 B2      LDY &B2
     AFA7   91 B0      STA (&B0),Y
.owuknown
     AFA9   A9 00      LDA #&00
     AFAB   60         RTS
.ow7F
     AFAC   A6 CD      LDX &CD
     AFAE   BD E3 B9   LDA &B9E3,X
     AFB1   10 21      BPL &AFD4
     AFB3   29 20      AND #&20
     AFB5   D0 1A      BNE &AFD1
     AFB7   C8         INY
     AFB8   B1 B0      LDA (&B0),Y
     AFBA   85 B3      STA &B3
     AFBC   C9 53      CMP #&53
     AFBE   F0 1A      BEQ &AFDA
     AFC0   C9 57      CMP #&57
     AFC2   F0 16      BEQ &AFDA
     AFC4   C9 4B      CMP #&4B
     AFC6   D0 E1      BNE &AFA9
     AFC8   BD E3 B9   LDA &B9E3,X
     AFCB   0A         ASL A
     AFCC   10 0C      BPL &AFDA
     AFCE   A9 12      LDA #&12
     AFD0   60         RTS
.ownosector
     AFD1   A9 1E      LDA #&1E
     AFD3   60         RTS
.owdrvnotrdy
     AFD4   A9 10      LDA #&10
     AFD6   60         RTS
.owfault
     AFD7   A9 FF      LDA #&FF
     AFD9   60         RTS
.owrw
     AFDA   A5 B2      LDA &B2
     AFDC   C9 0A      CMP #&0A
     AFDE   D0 F7      BNE &AFD7
     AFE0   A9 00      LDA #&00
     AFE2   85 B5      STA &B5
     AFE4   C8         INY
     AFE5   B1 B0      LDA (&B0),Y
     AFE7   C9 50      CMP #&50
     AFE9   B0 E6      BCS &AFD1
     AFEB   0A         ASL A
     AFEC   85 B4      STA &B4
     AFEE   0A         ASL A
     AFEF   26 B5      ROL &B5
     AFF1   0A         ASL A
     AFF2   26 B5      ROL &B5
     AFF4   65 B4      ADC &B4
     AFF6   85 B4      STA &B4
     AFF8   90 02      BCC &AFFC
     AFFA   E6 B5      INC &B5
.owsk1
     AFFC   C8         INY
     AFFD   B1 B0      LDA (&B0),Y
     AFFF   C9 0A      CMP #&0A
     B001   B0 CE      BCS &AFD1
     B003   65 B4      ADC &B4
     B005   85 B4      STA &B4
     B007   90 02      BCC &B00B
     B009   E6 B5      INC &B5
.owsk2
     B00B   C8         INY
     B00C   B1 B0      LDA (&B0),Y
     B00E   29 1F      AND #&1F
     B010   F0 2C      BEQ &B03E
     B012   85 CE      STA &CE
     B014   18         CLC
     B015   88         DEY
     B016   71 B0      ADC (&B0),Y
     B018   C9 0B      CMP #&0B
     B01A   B0 B5      BCS &AFD1
     B01C   18         CLC
     B01D   A5 BE      LDA &BE
     B01F   65 B4      ADC &B4
     B021   85 BE      STA &BE
     B023   A5 BF      LDA &BF
     B025   65 B5      ADC &B5
     B027   85 BF      STA &BF
     B029   90 02      BCC &B02D
     B02B   E6 C0      INC &C0
.owsk4
     B02D   A5 B3      LDA &B3
     B02F   C9 4B      CMP #&4B
     B031   F0 0E      BEQ &B041
     B033   20 2B A9   JSR &A92B
.owexit
     B036   AD 9E B9   LDA &B99E
     B039   F0 03      BEQ &B03E
     B03B   20 14 8D   JSR &8D14
.owretok
     B03E   A9 00      LDA #&00
     B040   60         RTS
.owwrite
     B041   20 D4 A9   JSR &A9D4
     B044   4C 36 B0   JMP &B036
Processed file 'OSWORD7F.asm' ok
Including file ROMS.asm
.CMD_ROMS
     B047   20 63 B1   JSR &B163
     B04A   85 A8      STA &A8
     B04C   A9 0F      LDA #&0F
     B04E   85 AA      STA &AA
     B050   20 56 B1   JSR &B156
     B053   38         SEC
     B054   20 C2 FF   JSR &FFC2
     B057   84 AB      STY &AB
     B059   18         CLC
     B05A   F0 1F      BEQ &B07B
.loopROMnumbers
     B05C   20 62 84   JSR &8462
     B05F   B0 1A      BCS &B07B
     B061   C9 00      CMP #&00
     B063   D0 F7      BNE &B05C
     B065   E0 10      CPX #&10
     B067   B0 F3      BCS &B05C
     B069   8A         TXA
     B06A   84 AB      STY &AB
     B06C   85 AA      STA &AA
     B06E   20 CF B0   JSR &B0CF
     B071   A4 AB      LDY &AB
     B073   20 C2 81   JSR &81C2
     B076   84 AB      STY &AB
     B078   D0 E2      BNE &B05C
     B07A   60         RTS
.Label_A9FF_notnum
     B07B   66 A8      ROR &A8
.Label_AA01_loop
     B07D   24 A8      BIT &A8
     B07F   10 05      BPL &B086
     B081   20 8E B0   JSR &B08E
     B084   90 03      BCC &B089
.Label_AA0A
     B086   20 CF B0   JSR &B0CF
.Label_AA0D_nomatch
     B089   C6 AA      DEC &AA
     B08B   10 F0      BPL &B07D
     B08D   60         RTS
.Sub_AA12_titlecmp
     B08E   A9 09      LDA #&09
     B090   85 F6      STA &F6
     B092   A9 80      LDA #&80
     B094   85 F7      STA &F7
     B096   A4 AB      LDY &AB
.Label_AA1C_loop
     B098   B1 F2      LDA (&F2),Y
     B09A   C9 0D      CMP #&0D
     B09C   F0 22      BEQ &B0C0
     B09E   C9 22      CMP #&22
     B0A0   F0 1E      BEQ &B0C0
     B0A2   C8         INY
     B0A3   C9 2A      CMP #&2A
     B0A5   F0 26      BEQ &B0CD
     B0A7   20 10 83   JSR &8310
     B0AA   85 AE      STA &AE
     B0AC   20 48 B1   JSR &B148
     B0AF   F0 0D      BEQ &B0BE
     B0B1   A6 AE      LDX &AE
     B0B3   E0 23      CPX #&23
     B0B5   F0 E1      BEQ &B098
     B0B7   20 10 83   JSR &8310
     B0BA   C5 AE      CMP &AE
     B0BC   F0 DA      BEQ &B098
.Label_AA42_nomatch
     B0BE   18         CLC
     B0BF   60         RTS
.Label_AA44
     B0C0   20 48 B1   JSR &B148
     B0C3   F0 08      BEQ &B0CD
     B0C5   C9 20      CMP #&20
     B0C7   F0 F7      BEQ &B0C0
     B0C9   C9 0D      CMP #&0D
     B0CB   D0 F1      BNE &B0BE
.Label_AA51_match
     B0CD   38         SEC
     B0CE   60         RTS
.Label_AA53_RomInfo
     B0CF   A4 AA      LDY &AA
     B0D1   B1 AC      LDA (&AC),Y
     B0D3   F0 E9      BEQ &B0BE
     B0D5   48         PHA
     B0D6   20 9E 80   JSR &809E
     B0D9   52 6F 6D ...
     B0DD   98         TYA
     B0DE   20 F9 80   JSR &80F9
     B0E1   20 9E 80   JSR &809E
     B0E4   20 3A 20 
     B0E7   A9 28      LDA #&28
     B0E9   20 DD 80   JSR &80DD
     B0EC   68         PLA
     B0ED   48         PHA
     B0EE   30 04      BMI &B0F4
     B0F0   A0 20      LDY #&20
     B0F2   D0 02      BNE &B0F6
.Label_AA78
     B0F4   A0 53      LDY #&53
.Label_AA7A
     B0F6   98         TYA
     B0F7   20 DD 80   JSR &80DD
     B0FA   68         PLA
     B0FB   A0 20      LDY #&20
     B0FD   0A         ASL A
     B0FE   10 02      BPL &B102
     B100   A0 4C      LDY #&4C
.Label_AA86
     B102   98         TYA
     B103   20 DD 80   JSR &80DD
     B106   A9 29      LDA #&29
     B108   20 DD 80   JSR &80DD
     B10B   20 1D 81   JSR &811D
     B10E   20 16 B1   JSR &B116
     B111   20 7C 83   JSR &837C
     B114   38         SEC
     B115   60         RTS
.Label_AA9A_PrtRomTitle
     B116   A9 07      LDA #&07
     B118   85 F6      STA &F6
     B11A   A9 80      LDA #&80
     B11C   85 F7      STA &F7
     B11E   20 48 B1   JSR &B148
     B121   85 AE      STA &AE
     B123   E6 F6      INC &F6
     B125   A0 1E      LDY #&1E
     B127   20 3B B1   JSR &B13B
     B12A   B0 1B      BCS &B147
     B12C   20 1D 81   JSR &811D
     B12F   90 09      BCC &B13A
.Label_AAB8_loop
     B131   C9 20      CMP #&20
     B133   B0 02      BCS &B137
     B135   A9 20      LDA #&20
.Label_AABE
     B137   20 DD 80   JSR &80DD
.DEY_Sub_AAC2_PrintRomStr
     B13A   88         DEY
.Sub_AAC2_PrintRomStr
     B13B   A5 F6      LDA &F6
     B13D   C5 AE      CMP &AE
     B13F   B0 06      BCS &B147
     B141   20 48 B1   JSR &B148
     B144   D0 EB      BNE &B131
     B146   18         CLC
.Label_AACE_rts
     B147   60         RTS
.Sub_AACF_ReadRom
     B148   98         TYA
     B149   48         PHA
     B14A   A4 AA      LDY &AA
     B14C   20 B9 FF   JSR &FFB9
     B14F   E6 F6      INC &F6
     B151   AA         TAX
     B152   68         PLA
     B153   A8         TAY
     B154   8A         TXA
     B155   60         RTS
.Sub_AADD_RomTablePtrBA
     B156   20 1E 84   JSR &841E
     B159   A9 AA      LDA #&AA
     B15B   20 B8 93   JSR &93B8
     B15E   86 AC      STX &AC
     B160   84 AD      STY &AD
     B162   60         RTS
.Sub_AAEA_StackAZero
     B163   BA         TSX
     B164   A9 00      LDA #&00
     B166   9D 07 01   STA &0107,X
     B169   60         RTS
Processed file 'ROMS.asm' ok
Including file Utilities.asm
.CMD_DUMP
     B16A   A9 40      LDA #&40
     B16C   20 69 B2   JSR &B269
     B16F   A9 00      LDA #&00
     B171   48         PHA
     B172   AA         TAX
     B173   F0 06      BEQ &B17B
.dump_inc_address
     B175   69 08      ADC #&08
     B177   48         PHA
     B178   90 01      BCC &B17B
     B17A   E8         INX
.dump_loop
     B17B   8A         TXA
     B17C   20 0C 81   JSR &810C
     B17F   68         PLA
     B180   48         PHA
     B181   20 0C 81   JSR &810C
     B184   8A         TXA
     B185   48         PHA
     B186   20 1D 81   JSR &811D
     B189   A2 07      LDX #&07
.dump_getbytes_loop
     B18B   20 D7 FF   JSR &FFD7
     B18E   B0 0B      BCS &B19B
     B190   95 A8      STA &A8,X
     B192   20 0C 81   JSR &810C
     B195   20 1D 81   JSR &811D
     B198   CA         DEX
     B199   10 F0      BPL &B18B
.dump_eof
     B19B   08         PHP
     B19C   90 12      BCC &B1B0
.dump_padnum_loop
     B19E   A9 2A      LDA #&2A
     B1A0   20 EE FF   JSR &FFEE
     B1A3   20 EE FF   JSR &FFEE
     B1A6   20 1D 81   JSR &811D
     B1A9   A9 00      LDA #&00
     B1AB   95 A8      STA &A8,X
     B1AD   CA         DEX
     B1AE   10 EE      BPL &B19E
.dump_noteof
     B1B0   A2 07      LDX #&07
.dump_chr_loop
     B1B2   B5 A8      LDA &A8,X
     B1B4   29 7F      AND #&7F
     B1B6   C9 7F      CMP #&7F
     B1B8   F0 04      BEQ &B1BE
     B1BA   C9 20      CMP #&20
     B1BC   B0 02      BCS &B1C0
.showchrdot
     B1BE   A9 2E      LDA #&2E
.showchrexit
     B1C0   20 EE FF   JSR &FFEE
     B1C3   CA         DEX
     B1C4   10 EC      BPL &B1B2
     B1C6   20 E7 FF   JSR &FFE7
     B1C9   28         PLP
     B1CA   68         PLA
     B1CB   AA         TAX
     B1CC   68         PLA
     B1CD   24 FF      BIT &FF
     B1CF   30 3A      BMI &B20B
     B1D1   90 A2      BCC &B175
     B1D3   B0 31      BCS &B206
.CMD_TYPE
     B1D5   A9 00      LDA #&00
     B1D7   F0 02      BEQ &B1DB
.CMD_LIST
     B1D9   A9 FF      LDA #&FF
.type
     B1DB   85 AA      STA &AA
     B1DD   A9 40      LDA #&40
     B1DF   20 69 B2   JSR &B269
     B1E2   A9 0D      LDA #&0D
.list_loop_entry
     B1E4   25 AA      AND &AA
     B1E6   49 0D      EOR #&0D
     B1E8   AA         TAX
.list_loop
     B1E9   20 D7 FF   JSR &FFD7
     B1EC   B0 15      BCS &B203
     B1EE   C9 0A      CMP #&0A
     B1F0   F0 F7      BEQ &B1E9
     B1F2   48         PHA
     B1F3   8A         TXA
     B1F4   D0 03      BNE &B1F9
     B1F6   20 9A B2   JSR &B29A
.list_skiplineno
     B1F9   68         PLA
     B1FA   20 E3 FF   JSR &FFE3
     B1FD   24 FF      BIT &FF
     B1FF   30 0A      BMI &B20B
     B201   10 E1      BPL &B1E4
.list_eof
     B203   20 E7 FF   JSR &FFE7
.Utils_CloseFile_Yhandle
     B206   A9 00      LDA #&00
     B208   4C CE FF   JMP &FFCE
.Utils_ESCAPE_CloseFileY
     B20B   20 06 B2   JSR &B206
     B20E   4C 20 8D   JMP &8D20
.CMD_BUILD
     B211   A9 80      LDA #&80
     B213   20 69 B2   JSR &B269
.loop_newline
     B216   20 9A B2   JSR &B29A
     B219   A2 00      LDX #&00
.loop_line
     B21B   20 E0 FF   JSR &FFE0
     B21E   B0 EB      BCS &B20B
     B220   C9 15      CMP #&15
     B222   F0 11      BEQ &B235
     B224   C9 7F      CMP #&7F
     B226   F0 14      BEQ &B23C
     B228   20 E3 FF   JSR &FFE3
     B22B   20 D4 FF   JSR &FFD4
     B22E   E8         INX
     B22F   C9 0D      CMP #&0D
     B231   D0 E8      BNE &B21B
     B233   F0 E1      BEQ &B216
.clearline
     B235   20 42 B2   JSR &B242
     B238   D0 FB      BNE &B235
     B23A   F0 DF      BEQ &B21B
.subpointer
     B23C   20 42 B2   JSR &B242
     B23F   4C 1B B2   JMP &B21B
.fpdec
     B242   8A         TXA
     B243   F0 23      BEQ &B268
     B245   48         PHA
     B246   A9 7F      LDA #&7F
     B248   20 EE FF   JSR &FFEE
     B24B   A9 00      LDA #&00
     B24D   A2 AA      LDX #&AA
     B24F   20 DA FF   JSR &FFDA
     B252   A5 AA      LDA &AA
     B254   D0 08      BNE &B25E
     B256   A5 AB      LDA &AB
     B258   D0 02      BNE &B25C
     B25A   C6 AC      DEC &AC
.decmsb
     B25C   C6 AB      DEC &AB
.declsb
     B25E   C6 AA      DEC &AA
.fpdecdone
     B260   A9 03      LDA #&03
     B262   20 DA FF   JSR &FFDA
     B265   68         PLA
     B266   AA         TAX
     B267   CA         DEX
.fpdecrts
     B268   60         RTS
.Utils_FilenameAtXY
     B269   85 AF      STA &AF
     B26B   BA         TSX
     B26C   A9 00      LDA #&00
     B26E   9D 07 01   STA &0107,X
     B271   85 A8      STA &A8
     B273   85 A9      STA &A9
     B275   88         DEY
.utils_skipspcloop
     B276   C8         INY
     B277   B1 F2      LDA (&F2),Y
     B279   C9 20      CMP #&20
     B27B   F0 F9      BEQ &B276
     B27D   C9 0D      CMP #&0D
     B27F   D0 03      BNE &B284
     B281   4C 47 9A   JMP &9A47
.utils_notnullstr
     B284   98         TYA
     B285   18         CLC
     B286   65 F2      ADC &F2
     B288   AA         TAX
     B289   A5 F3      LDA &F3
     B28B   69 00      ADC #&00
     B28D   A8         TAY
     B28E   A5 AF      LDA &AF
     B290   20 CE FF   JSR &FFCE
     B293   F0 02      BEQ &B297
     B295   A8         TAY
     B296   60         RTS
.utils_filenotfound
     B297   4C 3F 82   JMP &823F
.Utils_PrintLineNoA8
     B29A   20 19 A7   JSR &A719
     B29D   20 0C 81   JSR &810C
     B2A0   A5 A8      LDA &A8
     B2A2   20 0C 81   JSR &810C
     B2A5   4C 1D 81   JMP &811D
Processed file 'Utilities.asm' ok
Including file TubeHost230.asm
.TUBE_CODE_500
     B2A8   37 05
     B2AA   96 05
     B2AC   F2 05
     B2AE   07 06
     B2B0   27 06
     B2B2   68 06
     B2B4   5E 05
     B2B6   2D 05
     B2B8   20 05
     B2BA   42 05
     B2BC   A9 05
     B2BE   D1 05
     B2C0   86
     B2C1   88
     B2C2   96
     B2C3   98
     B2C4   18
     B2C5   18
     B2C6   82
     B2C7   18
     B2C8   20 C5 06   JSR &06C5
     B2CB   A8         TAY
     B2CC   20 C5 06   JSR &06C5
     B2CF   20 D4 FF   JSR &FFD4
     B2D2   4C 9C 05   JMP &059C
     B2D5   20 C5 06   JSR &06C5
     B2D8   A8         TAY
     B2D9   20 D7 FF   JSR &FFD7
     B2DC   4C 3A 05   JMP &053A
     B2DF   20 E0 FF   JSR &FFE0
     B2E2   6A         ROR A
     B2E3   20 95 06   JSR &0695
     B2E6   2A         ROL A
     B2E7   4C 9E 05   JMP &059E
     B2EA   20 C5 06   JSR &06C5
     B2ED   F0 0B      BEQ &B2FA
     B2EF   48         PHA
     B2F0   20 82 05   JSR &0582
     B2F3   68         PLA
     B2F4   20 CE FF   JSR &FFCE
     B2F7   4C 9E 05   JMP &059E
.Label_AD2D
     B2FA   20 C5 06   JSR &06C5
     B2FD   A8         TAY
     B2FE   A9 00      LDA #&00
     B300   20 CE FF   JSR &FFCE
     B303   4C 9C 05   JMP &059C
     B306   20 C5 06   JSR &06C5
     B309   A8         TAY
     B30A   A2 04      LDX #&04
.Label_AD3F
     B30C   20 C5 06   JSR &06C5
     B30F   95 FF      STA &FF,X
     B311   CA         DEX
     B312   D0 F8      BNE &B30C
     B314   20 C5 06   JSR &06C5
     B317   20 DA FF   JSR &FFDA
     B31A   20 95 06   JSR &0695
     B31D   A2 03      LDX #&03
.Label_AD52
     B31F   B5 00      LDA &00,X
     B321   20 95 06   JSR &0695
     B324   CA         DEX
     B325   10 F8      BPL &B31F
     B327   4C 36 00   JMP &0036
     B32A   A2 00      LDX #&00
     B32C   A0 00      LDY #&00
.Label_AD61
     B32E   20 C5 06   JSR &06C5
     B331   99 00 07   STA &0700,Y
     B334   C8         INY
     B335   F0 04      BEQ &B33B
     B337   C9 0D      CMP #&0D
     B339   D0 F3      BNE &B32E
.Label_AD6E
     B33B   A0 07      LDY #&07
     B33D   60         RTS
     B33E   20 82 05   JSR &0582
     B341   20 F7 FF   JSR &FFF7
     B344   A9 7F      LDA #&7F
.Label_AD79
     B346   2C E2 FE   BIT &FEE2
     B349   50 FB      BVC &B346
     B34B   8D E3 FE   STA &FEE3
.Label_AD81
     B34E   4C 36 00   JMP &0036
     B351   A2 10      LDX #&10
.Label_AD86
     B353   20 C5 06   JSR &06C5
     B356   95 01      STA &01,X
     B358   CA         DEX
     B359   D0 F8      BNE &B353
     B35B   20 82 05   JSR &0582
     B35E   86 00      STX &00
     B360   84 01      STY &01
     B362   A0 00      LDY #&00
     B364   20 C5 06   JSR &06C5
     B367   20 DD FF   JSR &FFDD
     B36A   20 95 06   JSR &0695
     B36D   A2 10      LDX #&10
.Label_ADA2
     B36F   B5 01      LDA &01,X
     B371   20 95 06   JSR &0695
     B374   CA         DEX
     B375   D0 F8      BNE &B36F
     B377   F0 D5      BEQ &B34E
     B379   A2 0D      LDX #&0D
.Label_ADAE
     B37B   20 C5 06   JSR &06C5
     B37E   95 FF      STA &FF,X
     B380   CA         DEX
     B381   D0 F8      BNE &B37B
     B383   20 C5 06   JSR &06C5
     B386   A0 00      LDY #&00
     B388   20 D1 FF   JSR &FFD1
     B38B   48         PHA
     B38C   A2 0C      LDX #&0C
.Label_ADC1
     B38E   B5 00      LDA &00,X
     B390   20 95 06   JSR &0695
     B393   CA         DEX
     B394   10 F8      BPL &B38E
     B396   68         PLA
     B397   4C 3A 05   JMP &053A
     B39A   20 C5 06   JSR &06C5
     B39D   AA         TAX
     B39E   20 C5 06   JSR &06C5
     B3A1   20 F4 FF   JSR &FFF4
.Label_ADD7
     B3A4   2C E2 FE   BIT &FEE2
     B3A7   50 FB      BVC &B3A4
     B3A9   8E E3 FE   STX &FEE3
.Label_ADDF
     B3AC   4C 36 00   JMP &0036
     B3AF   20 C5 06   JSR &06C5
     B3B2   AA         TAX
     B3B3   20 C5 06   JSR &06C5
     B3B6   A8         TAY
     B3B7   20 C5 06   JSR &06C5
     B3BA   20 F4 FF   JSR &FFF4
     B3BD   49 9D      EOR #&9D
     B3BF   F0 EB      BEQ &B3AC
     B3C1   6A         ROR A
     B3C2   20 95 06   JSR &0695
.Label_ADF8
     B3C5   2C E2 FE   BIT &FEE2
     B3C8   50 FB      BVC &B3C5
     B3CA   8C E3 FE   STY &FEE3
     B3CD   70 D5      BVS &B3A4
     B3CF   20 C5 06   JSR &06C5
     B3D2   A8         TAY
.Label_AE06
     B3D3   2C E2 FE   BIT &FEE2
     B3D6   10 FB      BPL &B3D3
     B3D8   AE E3 FE   LDX &FEE3
     B3DB   CA         DEX
     B3DC   30 0F      BMI &B3ED
.Label_AE11
     B3DE   2C E2 FE   BIT &FEE2
     B3E1   10 FB      BPL &B3DE
     B3E3   AD E3 FE   LDA &FEE3
     B3E6   9D 28 01   STA &0128,X
     B3E9   CA         DEX
     B3EA   10 F2      BPL &B3DE
     B3EC   98         TYA
.Label_AE20
     B3ED   A2 28      LDX #&28
     B3EF   A0 01      LDY #&01
     B3F1   20 F1 FF   JSR &FFF1
.Label_AE27
     B3F4   2C E2 FE   BIT &FEE2
     B3F7   10 FB      BPL &B3F4
     B3F9   AE E3 FE   LDX &FEE3
     B3FC   CA         DEX
     B3FD   30 0E      BMI &B40D
.Label_AE32
     B3FF   BC 28 01   LDY &0128,X
.Label_AE35
     B402   2C E2 FE   BIT &FEE2
     B405   50 FB      BVC &B402
     B407   8C E3 FE   STY &FEE3
     B40A   CA         DEX
     B40B   10 F2      BPL &B3FF
.Label_AE40
     B40D   4C 36 00   JMP &0036
     B410   A2 04      LDX #&04
.Label_AE45
     B412   20 C5 06   JSR &06C5
     B415   95 00      STA &00,X
     B417   CA         DEX
     B418   10 F8      BPL &B412
     B41A   E8         INX
     B41B   A0 00      LDY #&00
     B41D   8A         TXA
     B41E   20 F1 FF   JSR &FFF1
     B421   90 05      BCC &B428
     B423   A9 FF      LDA #&FF
     B425   4C 9E 05   JMP &059E
.Label_AE5B
     B428   A2 00      LDX #&00
     B42A   A9 7F      LDA #&7F
     B42C   20 95 06   JSR &0695
.Label_AE62
     B42F   BD 00 07   LDA &0700,X
     B432   20 95 06   JSR &0695
     B435   E8         INX
     B436   C9 0D      CMP #&0D
     B438   D0 F5      BNE &B42F
     B43A   4C 36 00   JMP &0036
.Label_AE70
     B43D   2C E2 FE   BIT &FEE2
     B440   50 FB      BVC &B43D
     B442   8D E3 FE   STA &FEE3
     B445   60         RTS
.Label_AE79
     B446   2C E6 FE   BIT &FEE6
     B449   50 FB      BVC &B446
     B44B   8D E7 FE   STA &FEE7
     B44E   60         RTS
     B44F   A5 FF      LDA &FF
     B451   38         SEC
     B452   6A         ROR A
     B453   30 0F      BMI &B464
     B455   48         PHA
     B456   A9 00      LDA #&00
     B458   20 BC 06   JSR &06BC
     B45B   98         TYA
     B45C   20 BC 06   JSR &06BC
     B45F   8A         TXA
     B460   20 BC 06   JSR &06BC
     B463   68         PLA
.Label_AE97
     B464   2C E0 FE   BIT &FEE0
     B467   50 FB      BVC &B464
     B469   8D E1 FE   STA &FEE1
     B46C   60         RTS
.Label_AEA0
     B46D   2C E2 FE   BIT &FEE2
     B470   10 FB      BPL &B46D
     B472   AD E3 FE   LDA &FEE3
     B475   60         RTS
.SERVICE09_TUBEHelp
     B476   C9 09      CMP #&09
     B478   D0 2A      BNE &B4A4
     B47A   98         TYA
     B47B   48         PHA
     B47C   B1 F2      LDA (&F2),Y
     B47E   C9 0D      CMP #&0D
     B480   D0 1E      BNE &B4A0
     B482   A9 E9      LDA #&E9
     B484   20 B8 93   JSR &93B8
     B487   A6 F4      LDX &F4
     B489   98         TYA
     B48A   F0 14      BEQ &B4A0
     B48C   20 9E 80   JSR &809E
     B48F   0D
     B490   54 55 42 ...
     B49E   0D
     B49F   EA         NOP
.Label_AED3
     B4A0   68         PLA
     B4A1   A8         TAY
     B4A2   A9 09      LDA #&09
.SERVICEFE_TUBEPostInit
     B4A4   C9 FE      CMP #&FE
     B4A6   90 5C      BCC &B504
     B4A8   D0 1B      BNE &B4C5
     B4AA   C0 00      CPY #&00
     B4AC   F0 56      BEQ &B504
     B4AE   A2 06      LDX #&06
     B4B0   A9 14      LDA #&14
     B4B2   20 F4 FF   JSR &FFF4
.servFE_tubemsg_loop
     B4B5   2C E0 FE   BIT &FEE0
     B4B8   10 FB      BPL &B4B5
     B4BA   AD E1 FE   LDA &FEE1
     B4BD   F0 43      BEQ &B502
     B4BF   20 EE FF   JSR &FFEE
     B4C2   4C B5 B4   JMP &B4B5
.SERVICEFF_TUBEInit
     B4C5   A9 AD      LDA #&AD
     B4C7   8D 20 02   STA &0220
     B4CA   A9 06      LDA #&06
     B4CC   8D 21 02   STA &0221
     B4CF   A9 16      LDA #&16
     B4D1   8D 02 02   STA &0202
     B4D4   A9 00      LDA #&00
     B4D6   8D 03 02   STA &0203
     B4D9   A9 8E      LDA #&8E
     B4DB   8D E0 FE   STA &FEE0
     B4DE   A0 00      LDY #&00
.servFF_copytubecode_loop
     B4E0   B9 46 B5   LDA &B546,Y
     B4E3   99 00 04   STA &0400,Y
     B4E6   B9 A8 B2   LDA &B2A8,Y
     B4E9   99 00 05   STA &0500,Y
     B4EC   B9 A8 B3   LDA &B3A8,Y
     B4EF   99 00 06   STA &0600,Y
     B4F2   88         DEY
     B4F3   D0 EB      BNE &B4E0
     B4F5   20 21 04   JSR &0421
     B4F8   A2 41      LDX #&41
.servFF_copytubezpcode_loop
     B4FA   BD 05 B5   LDA &B505,X
     B4FD   95 16      STA &16,X
     B4FF   CA         DEX
     B500   10 F8      BPL &B4FA
.servFE_exitA_0
     B502   A9 00      LDA #&00
.servFE_exit
     B504   60         RTS
.TUBE_ZP_CODE_0016
     B505   A9 FF      LDA #&FF
     B507   20 9E 06   JSR &069E
     B50A   AD E3 FE   LDA &FEE3
     B50D   A9 00      LDA #&00
     B50F   20 95 06   JSR &0695
     B512   A8         TAY
     B513   B1 FD      LDA (&FD),Y
     B515   20 95 06   JSR &0695
.Label_AF4B
     B518   C8         INY
     B519   B1 FD      LDA (&FD),Y
     B51B   20 95 06   JSR &0695
     B51E   AA         TAX
     B51F   D0 F7      BNE &B518
     B521   A2 FF      LDX #&FF
     B523   9A         TXS
     B524   58         CLI
.Label_AF58
     B525   2C E0 FE   BIT &FEE0
     B528   10 06      BPL &B530
.Label_AF5D
     B52A   AD E1 FE   LDA &FEE1
     B52D   20 EE FF   JSR &FFEE
.Label_AF63
     B530   2C E2 FE   BIT &FEE2
     B533   10 F0      BPL &B525
     B535   2C E0 FE   BIT &FEE0
     B538   30 F0      BMI &B52A
     B53A   AE E3 FE   LDX &FEE3
     B53D   86 51      STX &51
     B53F   6C 00 05   JMP (&0500)
     B542   00 80
     B544   00 00
.TUBE_CODE_400
     B546   4C 84 04   JMP &0484
     B549   4C A7 06   JMP &06A7
     B54C   C9 80      CMP #&80
     B54E   90 2B      BCC &B57B
     B550   C9 C0      CMP #&C0
     B552   B0 1A      BCS &B56E
     B554   09 40      ORA #&40
     B556   C5 15      CMP &15
     B558   D0 20      BNE &B57A
     B55A   08         PHP
     B55B   78         SEI
     B55C   A9 05      LDA #&05
     B55E   20 9E 06   JSR &069E
     B561   A5 15      LDA &15
     B563   20 9E 06   JSR &069E
     B566   28         PLP
     B567   A9 80      LDA #&80
     B569   85 15      STA &15
     B56B   85 14      STA &14
     B56D   60         RTS
.Label_AFA1
     B56E   06 14      ASL &14
     B570   B0 06      BCS &B578
     B572   C5 15      CMP &15
     B574   F0 04      BEQ &B57A
     B576   18         CLC
     B577   60         RTS
.Label_AFAB
     B578   85 15      STA &15
.Label_AFAD
     B57A   60         RTS
.Label_AFAE
     B57B   08         PHP
     B57C   78         SEI
     B57D   84 13      STY &13
     B57F   86 12      STX &12
     B581   20 9E 06   JSR &069E
     B584   AA         TAX
     B585   A0 03      LDY #&03
     B587   A5 15      LDA &15
     B589   20 9E 06   JSR &069E
.Label_AFBF
     B58C   B1 12      LDA (&12),Y
     B58E   20 9E 06   JSR &069E
     B591   88         DEY
     B592   10 F8      BPL &B58C
     B594   A0 18      LDY #&18
     B596   8C E0 FE   STY &FEE0
     B599   BD 18 05   LDA &0518,X
     B59C   8D E0 FE   STA &FEE0
     B59F   4A         LSR A
     B5A0   4A         LSR A
     B5A1   90 06      BCC &B5A9
     B5A3   2C E5 FE   BIT &FEE5
     B5A6   2C E5 FE   BIT &FEE5
.Label_AFDC
     B5A9   20 9E 06   JSR &069E
.Label_AFDF
     B5AC   2C E6 FE   BIT &FEE6
     B5AF   50 FB      BVC &B5AC
     B5B1   B0 0D      BCS &B5C0
     B5B3   E0 04      CPX #&04
     B5B5   D0 11      BNE &B5C8
.Label_AFEA
     B5B7   20 14 04   JSR &0414
     B5BA   20 95 06   JSR &0695
     B5BD   4C 32 00   JMP &0032
.Label_AFF3
     B5C0   4A         LSR A
     B5C1   90 05      BCC &B5C8
     B5C3   A0 88      LDY #&88
     B5C5   8C E0 FE   STY &FEE0
.Label_AFFB
     B5C8   28         PLP
     B5C9   60         RTS
     B5CA   58         CLI
     B5CB   B0 0A      BCS &B5D7
     B5CD   D0 03      BNE &B5D2
     B5CF   4C 9C 05   JMP &059C
.Label_B005
     B5D2   AE 8D 02   LDX &028D
     B5D5   F0 E0      BEQ &B5B7
.Label_B00A
     B5D7   A9 FF      LDA #&FF
     B5D9   20 06 04   JSR &0406
     B5DC   90 F9      BCC &B5D7
     B5DE   20 CE 04   JSR &04CE
.Label_B014
     B5E1   08         PHP
     B5E2   78         SEI
     B5E3   A9 07      LDA #&07
     B5E5   20 C7 04   JSR &04C7
     B5E8   A0 00      LDY #&00
     B5EA   84 00      STY &00
.Label_B01F
     B5EC   B1 00      LDA (&00),Y
     B5EE   8D E5 FE   STA &FEE5
     B5F1   EA         NOP
     B5F2   EA         NOP
     B5F3   EA         NOP
     B5F4   C8         INY
     B5F5   D0 F5      BNE &B5EC
     B5F7   28         PLP
     B5F8   E6 54      INC &54
     B5FA   D0 06      BNE &B602
     B5FC   E6 55      INC &55
     B5FE   D0 02      BNE &B602
     B600   E6 56      INC &56
.Label_B035
     B602   E6 01      INC &01
     B604   24 01      BIT &01
     B606   50 D9      BVC &B5E1
     B608   20 CE 04   JSR &04CE
     B60B   A9 04      LDA #&04
     B60D   A0 00      LDY #&00
     B60F   A2 53      LDX #&53
     B611   4C 06 04   JMP &0406
     B614   A9 80      LDA #&80
     B616   85 54      STA &54
     B618   85 01      STA &01
     B61A   A9 20      LDA #&20
     B61C   2D 06 80   AND &8006
     B61F   A8         TAY
     B620   84 53      STY &53
     B622   F0 19      BEQ &B63D
     B624   AE 07 80   LDX &8007
.Label_B05A
     B627   E8         INX
     B628   BD 00 80   LDA &8000,X
     B62B   D0 FA      BNE &B627
     B62D   BD 01 80   LDA &8001,X
     B630   85 53      STA &53
     B632   BD 02 80   LDA &8002,X
     B635   85 54      STA &54
     B637   BC 03 80   LDY &8003,X
     B63A   BD 04 80   LDA &8004,X
.Label_B070
     B63D   85 56      STA &56
     B63F   84 55      STY &55
     B641   60         RTS
Processed file 'TubeHost230.asm' ok
    code ends at&B642  (188 bytes free )
Saving file 'build/1/SWMMFS'
Processed file 'mmfs100.asm' ok
Processed file 'top_SWMMFS.asm' ok
