Including file DEVICE.asm
Processed file 'DEVICE.asm' ok
Including file mmfs100.asm
Including file VERSION.asm
Processed file 'VERSION.asm' ok
Including file SYSVARS.asm
Processed file 'SYSVARS.asm' ok
.langentry
     8000   00         BRK
     8001   00         BRK
     8002   00         BRK
.serventry
     8003   4C 64 8E   JMP &8E64
.romtype
     8006   82
.copywoffset
     8007   1F
.binversion
     8008   7B
.title
Macro BUILD_NAME:
Macro BASE_NAME:
     8009   45 6C 65 ...
Macro SYSTEM_NAME:
     8012   4D 4D 46 ...
End macro SYSTEM_NAME
End macro BASE_NAME
Macro DEVICE_NAME:
     8016   20 45 50 ...
End macro DEVICE_NAME
Macro DFS_EMUL_NAME:
End macro DFS_EMUL_NAME
     801A   00
End macro BUILD_NAME
.version
Macro BUILD_VERSION:
     801B   31 2E 36 ...
     801F   00
End macro BUILD_VERSION
.copyright
Macro BUILD_COPYRIGHT:
     8020   28 43 29 ...
     802E   00
End macro BUILD_COPYRIGHT
.header_end
.Go_FSCV
     802F   6C 1E 02   JMP (&021E)
.SetLEDS
     8032   AD 82 02   LDA &0282
     8035   49 80      EOR #&80
     8037   8D 82 02   STA &0282
     803A   8D 07 FE   STA &FE07
     803D   60         RTS
.ResetLEDS
     803E   20 EC 83   JSR &83EC
     8041   A9 76      LDA #&76
     8043   4C F4 FF   JMP &FFF4
.errDISK
     8046   20 5B 80   JSR &805B
     8049   00         BRK
     804A   44 69 73 ...
     804F   90 21      BCC &8072
.errBAD
     8051   20 5B 80   JSR &805B
     8054   00         BRK
     8055   42 61 64 ...
     8059   90 17      BCC &8072
.ReportErrorCB
     805B   AD DD 10   LDA &10DD
     805E   D0 03      BNE &8063
     8060   20 10 98   JSR &9810
.brk100_notbuf
     8063   A9 FF      LDA #&FF
     8065   8D 82 10   STA &1082
     8068   8D DD 10   STA &10DD
.ReportError
     806B   A2 02      LDX #&02
     806D   A9 00      LDA #&00
     806F   8D 00 01   STA &0100
.ErrCONTINUE
     8072   20 3E 80   JSR &803E
.ReportError2
     8075   68         PLA
     8076   85 AE      STA &AE
     8078   68         PLA
     8079   85 AF      STA &AF
     807B   A0 00      LDY #&00
     807D   20 E3 83   JSR &83E3
     8080   8D 01 01   STA &0101
     8083   CA         DEX
.errstr_loop
     8084   E8         INX
     8085   20 E3 83   JSR &83E3
     8088   9D 00 01   STA &0100,X
     808B   30 27      BMI &80B4
     808D   D0 F5      BNE &8084
     808F   20 1E 8D   JSR &8D1E
     8092   4C 00 01   JMP &0100
.PrintNibble_PrintString
     8095   20 FB 80   JSR &80FB
.PrintString
     8098   85 B3      STA &B3
     809A   68         PLA
     809B   85 AE      STA &AE
     809D   68         PLA
     809E   85 AF      STA &AF
     80A0   A5 B3      LDA &B3
     80A2   48         PHA
     80A3   98         TYA
     80A4   48         PHA
     80A5   A0 00      LDY #&00
.prtstr_loop
     80A7   20 E3 83   JSR &83E3
     80AA   30 05      BMI &80B1
     80AC   20 D7 80   JSR &80D7
     80AF   10 F6      BPL &80A7
.prtstr_return1
     80B1   68         PLA
     80B2   A8         TAY
     80B3   68         PLA
.prtstr_return2
     80B4   18         CLC
     80B5   6C AE 00   JMP (&00AE)
.PrintStringSPL
     80B8   85 B3      STA &B3
     80BA   68         PLA
     80BB   85 AE      STA &AE
     80BD   68         PLA
     80BE   85 AF      STA &AF
     80C0   A5 B3      LDA &B3
     80C2   48         PHA
     80C3   98         TYA
     80C4   48         PHA
     80C5   A0 00      LDY #&00
.pstr_loop
     80C7   20 E3 83   JSR &83E3
     80CA   30 E5      BMI &80B1
     80CC   20 E3 FF   JSR &FFE3
     80CF   4C C7 80   JMP &80C7
.PrintNibFullStop
     80D2   20 FB 80   JSR &80FB
.PrintFullStop
     80D5   A9 2E      LDA #&2E
.PrintChrA
     80D7   20 EC 83   JSR &83EC
     80DA   48         PHA
     80DB   A9 EC      LDA #&EC
     80DD   20 7D 94   JSR &947D
     80E0   8A         TXA
     80E1   48         PHA
     80E2   09 10      ORA #&10
     80E4   AA         TAX
     80E5   20 EE 80   JSR &80EE
     80E8   68         PLA
     80E9   AA         TAX
     80EA   68         PLA
     80EB   20 E3 FF   JSR &FFE3
.osbyte03_Xoutstream
     80EE   A9 03      LDA #&03
     80F0   4C F4 FF   JMP &FFF4
.PrintHex
     80F3   48         PHA
     80F4   20 18 82   JSR &8218
     80F7   20 FB 80   JSR &80FB
     80FA   68         PLA
.PrintNibble
     80FB   20 1D 81   JSR &811D
     80FE   D0 D7      BNE &80D7
.PrintBCDSPL
     8100   20 48 84   JSR &8448
.PrintHexSPL
     8103   48         PHA
     8104   20 18 82   JSR &8218
     8107   20 0B 81   JSR &810B
     810A   68         PLA
.PrintNibbleSPL
     810B   20 1D 81   JSR &811D
     810E   4C EE FF   JMP &FFEE
.Print2SpacesSPL
     8111   20 14 81   JSR &8114
.PrintSpaceSPL
     8114   48         PHA
     8115   A9 20      LDA #&20
     8117   20 EE FF   JSR &FFEE
     811A   68         PLA
     811B   18         CLC
     811C   60         RTS
.NibToASC
     811D   29 0F      AND #&0F
     811F   C9 0A      CMP #&0A
     8121   90 02      BCC &8125
     8123   69 06      ADC #&06
.nibasc
     8125   69 30      ADC #&30
     8127   60         RTS
.CopyVarsB0BA
     8128   20 38 81   JSR &8138
     812B   CA         DEX
     812C   CA         DEX
     812D   20 30 81   JSR &8130
.cpybyte1
     8130   B1 B0      LDA (&B0),Y
     8132   9D 72 10   STA &1072,X
     8135   E8         INX
     8136   C8         INY
     8137   60         RTS
.CopyWordB0BA
     8138   20 3B 81   JSR &813B
.cpybyte2
     813B   B1 B0      LDA (&B0),Y
     813D   95 BA      STA &BA,X
     813F   E8         INX
     8140   C8         INY
     8141   60         RTS
.read_fspTextPointer
     8142   20 0D 8C   JSR &8C0D
     8145   4C 58 81   JMP &8158
.read_fspBA_reset
     8148   20 0D 8C   JSR &8C0D
.read_fspBA
     814B   A5 BA      LDA &BA
     814D   85 F2      STA &F2
     814F   A5 BB      LDA &BB
     8151   85 F3      STA &F3
     8153   A0 00      LDY #&00
     8155   20 B9 81   JSR &81B9
.rdafsp_entry
     8158   A2 20      LDX #&20
     815A   20 9E 81   JSR &819E
     815D   B0 1B      BCS &817A
     815F   8D 00 10   STA &1000
     8162   C9 2E      CMP #&2E
     8164   D0 04      BNE &816A
.rdafsp_setdrv
     8166   86 CC      STX &CC
     8168   F0 EE      BEQ &8158
.rdafsp_notdot
     816A   C9 3A      CMP #&3A
     816C   D0 15      BNE &8183
     816E   20 22 8C   JSR &8C22
     8171   20 9E 81   JSR &819E
     8174   B0 04      BCS &817A
     8176   C9 2E      CMP #&2E
     8178   F0 DE      BEQ &8158
.errBadName
     817A   20 51 80   JSR &8051
     817D   CC
     817E   6E 61 6D ...
     8182   00
.rdafsp_notcolon
     8183   AA         TAX
     8184   20 9E 81   JSR &819E
     8187   B0 34      BCS &81BD
     8189   C9 2E      CMP #&2E
     818B   F0 D9      BEQ &8166
     818D   A2 01      LDX #&01
.rdafsp_rdfnloop
     818F   9D 00 10   STA &1000,X
     8192   E8         INX
     8193   20 9E 81   JSR &819E
     8196   B0 27      BCS &81BF
     8198   E0 07      CPX #&07
     819A   D0 F3      BNE &818F
     819C   F0 DC      BEQ &817A
.GSREAD_A
     819E   20 C5 FF   JSR &FFC5
     81A1   08         PHP
     81A2   29 7F      AND #&7F
     81A4   C9 0D      CMP #&0D
     81A6   F0 08      BEQ &81B0
     81A8   C9 20      CMP #&20
     81AA   90 CE      BCC &817A
     81AC   C9 7F      CMP #&7F
     81AE   F0 CA      BEQ &817A
.dogsrd_exit
     81B0   28         PLP
     81B1   60         RTS
.SetTextPointerYX
     81B2   86 F2      STX &F2
     81B4   84 F3      STY &F3
     81B6   A0 00      LDY #&00
     81B8   60         RTS
.GSINIT_A
     81B9   18         CLC
     81BA   4C C2 FF   JMP &FFC2
.Rdafsp_padall
     81BD   A2 01      LDX #&01
.rdafsp_padX
     81BF   A9 20      LDA #&20
.rdafsp_padloop
     81C1   9D 00 10   STA &1000,X
     81C4   E8         INX
     81C5   E0 40      CPX #&40
     81C7   D0 F8      BNE &81C1
     81C9   A2 06      LDX #&06
.rdafsp_cpyfnloop
     81CB   BD 00 10   LDA &1000,X
     81CE   95 C5      STA &C5,X
     81D0   CA         DEX
     81D1   10 F8      BPL &81CB
     81D3   60         RTS
.prt_filename_Yoffset
     81D4   20 EC 83   JSR &83EC
     81D7   B9 0F 0E   LDA &0E0F,Y
     81DA   08         PHP
     81DB   29 7F      AND #&7F
     81DD   D0 05      BNE &81E4
     81DF   20 11 81   JSR &8111
     81E2   F0 06      BEQ &81EA
.prt_filename_prtchr
     81E4   20 D7 80   JSR &80D7
     81E7   20 D5 80   JSR &80D5
.prt_filename_nodir
     81EA   A2 06      LDX #&06
.prt_filename_loop
     81EC   B9 08 0E   LDA &0E08,Y
     81EF   29 7F      AND #&7F
     81F1   20 D7 80   JSR &80D7
     81F4   C8         INY
     81F5   CA         DEX
     81F6   10 F4      BPL &81EC
     81F8   20 11 81   JSR &8111
     81FB   A9 20      LDA #&20
     81FD   28         PLP
     81FE   10 02      BPL &8202
     8200   A9 4C      LDA #&4C
.prt_filename_notlocked
     8202   20 D7 80   JSR &80D7
     8205   A0 01      LDY #&01
.prt_Yspaces
     8207   20 14 81   JSR &8114
     820A   88         DEY
     820B   D0 FA      BNE &8207
     820D   60         RTS
.A_rorx6and3
     820E   4A         LSR A
     820F   4A         LSR A
.A_rorx4and3
     8210   4A         LSR A
     8211   4A         LSR A
.A_rorx2and3
     8212   4A         LSR A
     8213   4A         LSR A
     8214   29 03      AND #&03
     8216   60         RTS
.A_rorx5
     8217   4A         LSR A
.A_rorx4
     8218   4A         LSR A
     8219   4A         LSR A
     821A   4A         LSR A
     821B   4A         LSR A
     821C   60         RTS
.A_rolx5
     821D   0A         ASL A
.A_rolx4
     821E   0A         ASL A
     821F   0A         ASL A
     8220   0A         ASL A
     8221   0A         ASL A
.getcat_exit
     8222   60         RTS
.parameter_afsp_Param_SyntaxErrorIfNull_getcatentry_fspTxtP
     8223   20 60 93   JSR &9360
.Param_SyntaxErrorIfNull_getcatentry_fspTxtP
     8226   20 00 9B   JSR &9B00
.getcatentry_fspTxtP
     8229   20 42 81   JSR &8142
     822C   30 03      BMI &8231
.getcatentry_fspBA
     822E   20 48 81   JSR &8148
.getcatentry
     8231   20 76 82   JSR &8276
     8234   B0 EC      BCS &8222
.err_FILENOTFOUND
     8236   20 6B 80   JSR &806B
     8239   D6
     823A   4E 6F 74 ...
     8243   00
.fscv9_starEX
     8244   20 B2 81   JSR &81B2
.CMD_EX
     8247   20 0D 8C   JSR &8C0D
     824A   20 B9 81   JSR &81B9
     824D   F0 03      BEQ &8252
     824F   20 C2 89   JSR &89C2
.cmd_ex_nullstr
     8252   A9 2A      LDA #&2A
     8254   8D 00 10   STA &1000
     8257   20 BD 81   JSR &81BD
     825A   20 60 93   JSR &9360
     825D   20 31 82   JSR &8231
     8260   4C 6D 82   JMP &826D
.fscv10_starINFO
     8263   20 B2 81   JSR &81B2
     8266   A9 4E      LDA #&4E
     8268   85 BF      STA &BF
.CMD_INFO
     826A   20 23 82   JSR &8223
.cmd_info_loop
     826D   20 42 83   JSR &8342
     8270   20 7D 82   JSR &827D
     8273   B0 F8      BCS &826D
     8275   60         RTS
.get_cat_firstentry80
.get_cat_firstentry81
     8276   20 C6 A5   JSR &A5C6
     8279   A2 00      LDX #&00
     827B   F0 18      BEQ &8295
.get_cat_nextentry
     827D   A2 00      LDX #&00
     827F   F0 18      BEQ &8299
.get_cat_firstentry80fname
     8281   A2 06      LDX #&06
.getcatloop1
     8283   B5 C5      LDA &C5,X
     8285   9D 58 10   STA &1058,X
     8288   CA         DEX
     8289   10 F8      BPL &8283
     828B   A9 20      LDA #&20
     828D   8D 5F 10   STA &105F
     8290   20 C6 A5   JSR &A5C6
     8293   A2 58      LDX #&58
.getcatentry2
     8295   A9 00      LDA #&00
     8297   85 B6      STA &B6
.getcatsetupB7
     8299   A9 0E      LDA #&0E
     829B   85 B7      STA &B7
.getcatloop2
     829D   A0 00      LDY #&00
     829F   A5 B6      LDA &B6
     82A1   CD 05 0F   CMP &0F05
     82A4   B0 49      BCS &82EF
     82A6   69 08      ADC #&08
     82A8   85 B6      STA &B6
     82AA   20 C4 82   JSR &82C4
     82AD   90 EE      BCC &829D
     82AF   A5 CC      LDA &CC
     82B1   A0 07      LDY #&07
     82B3   20 F1 82   JSR &82F1
     82B6   D0 E5      BNE &829D
     82B8   A4 B6      LDY &B6
     82BA   38         SEC
.Y_sub8
     82BB   88         DEY
     82BC   88         DEY
     82BD   88         DEY
     82BE   88         DEY
     82BF   88         DEY
     82C0   88         DEY
     82C1   88         DEY
     82C2   88         DEY
.NotCmdTable2
     82C3   60         RTS
.MatchFilename
     82C4   20 EC 83   JSR &83EC
.matfn_loop1
     82C7   BD 00 10   LDA &1000,X
     82CA   CD CE 10   CMP &10CE
     82CD   D0 13      BNE &82E2
     82CF   E8         INX
.matfn_loop2
     82D0   20 C4 82   JSR &82C4
     82D3   B0 1B      BCS &82F0
     82D5   C8         INY
     82D6   C0 07      CPY #&07
     82D8   90 F6      BCC &82D0
.matfn_loop3
     82DA   BD 00 10   LDA &1000,X
     82DD   C9 20      CMP #&20
     82DF   D0 0E      BNE &82EF
     82E1   60         RTS
.matfn_nomatch
     82E2   C0 07      CPY #&07
     82E4   B0 F4      BCS &82DA
     82E6   20 F1 82   JSR &82F1
     82E9   D0 04      BNE &82EF
     82EB   E8         INX
     82EC   C8         INY
     82ED   D0 D8      BNE &82C7
.matfn_exitC0
     82EF   18         CLC
.matfn_exit
     82F0   60         RTS
.MatchChr
     82F1   CD CE 10   CMP &10CE
     82F4   F0 10      BEQ &8306
     82F6   CD CD 10   CMP &10CD
     82F9   F0 0B      BEQ &8306
     82FB   20 2F 83   JSR &832F
     82FE   51 B6      EOR (&B6),Y
     8300   B0 02      BCS &8304
     8302   29 5F      AND #&5F
.matchr_notalpha
     8304   29 7F      AND #&7F
.matchr_exit
     8306   60         RTS
.UcaseA2
     8307   08         PHP
     8308   20 2F 83   JSR &832F
     830B   B0 02      BCS &830F
     830D   29 5F      AND #&5F
.ucasea
     830F   29 7F      AND #&7F
     8311   28         PLP
     8312   60         RTS
.DeleteCatEntry_YFileOffset
     8313   20 15 94   JSR &9415
.delcatloop
     8316   B9 10 0E   LDA &0E10,Y
     8319   99 08 0E   STA &0E08,Y
     831C   B9 10 0F   LDA &0F10,Y
     831F   99 08 0F   STA &0F08,Y
     8322   C8         INY
     8323   CC 05 0F   CPY &0F05
     8326   90 EE      BCC &8316
     8328   98         TYA
     8329   E9 08      SBC #&08
     832B   8D 05 0F   STA &0F05
.print_infoline_exit
     832E   60         RTS
.IsAlphaChar
     832F   48         PHA
     8330   29 5F      AND #&5F
     8332   C9 41      CMP #&41
     8334   90 04      BCC &833A
     8336   C9 5B      CMP #&5B
     8338   90 01      BCC &833B
.isalpha1
     833A   38         SEC
.isalpha2
     833B   68         PLA
     833C   60         RTS
.prt_InfoMsg_Yoffset
     833D   2C C6 10   BIT &10C6
     8340   30 EC      BMI &832E
.prt_InfoLine_Yoffset
     8342   20 EC 83   JSR &83EC
     8345   20 D4 81   JSR &81D4
     8348   98         TYA
     8349   48         PHA
     834A   A9 60      LDA #&60
     834C   85 B0      STA &B0
     834E   A9 10      LDA #&10
     8350   85 B1      STA &B1
     8352   20 8D 83   JSR &838D
     8355   A0 02      LDY #&02
     8357   20 14 81   JSR &8114
     835A   20 7B 83   JSR &837B
     835D   20 7B 83   JSR &837B
     8360   20 7B 83   JSR &837B
     8363   68         PLA
     8364   A8         TAY
     8365   B9 0E 0F   LDA &0F0E,Y
     8368   29 03      AND #&03
     836A   20 FB 80   JSR &80FB
     836D   B9 0F 0F   LDA &0F0F,Y
     8370   20 F3 80   JSR &80F3
.PrintNewLine
     8373   48         PHA
     8374   A9 0D      LDA #&0D
     8376   20 D7 80   JSR &80D7
     8379   68         PLA
     837A   60         RTS
.PrintHex3Byte
     837B   A2 03      LDX #&03
.printhex3byte_loop
     837D   B9 62 10   LDA &1062,Y
     8380   20 F3 80   JSR &80F3
     8383   88         DEY
     8384   CA         DEX
     8385   D0 F6      BNE &837D
     8387   20 3E 88   JSR &883E
     838A   4C 14 81   JMP &8114
.ReadFileAttribsToB0_Yoffset
     838D   20 EC 83   JSR &83EC
     8390   98         TYA
     8391   48         PHA
     8392   AA         TAX
     8393   A0 12      LDY #&12
     8395   A9 00      LDA #&00
.readfileattribs_clearloop
     8397   88         DEY
     8398   91 B0      STA (&B0),Y
     839A   C0 02      CPY #&02
     839C   D0 F9      BNE &8397
.readfileattribs_copyloop
     839E   20 D8 83   JSR &83D8
     83A1   C8         INY
     83A2   C8         INY
     83A3   C0 0E      CPY #&0E
     83A5   D0 F7      BNE &839E
     83A7   68         PLA
     83A8   AA         TAX
     83A9   BD 0F 0E   LDA &0E0F,X
     83AC   10 04      BPL &83B2
     83AE   A9 08      LDA #&08
     83B0   91 B0      STA (&B0),Y
.readfileattribs_notlocked
     83B2   BD 0E 0F   LDA &0F0E,X
     83B5   A0 04      LDY #&04
     83B7   20 C6 83   JSR &83C6
     83BA   A0 0C      LDY #&0C
     83BC   4A         LSR A
     83BD   4A         LSR A
     83BE   48         PHA
     83BF   29 03      AND #&03
     83C1   91 B0      STA (&B0),Y
     83C3   68         PLA
     83C4   A0 08      LDY #&08
.readfileattribs_addrHiBytes
     83C6   4A         LSR A
     83C7   4A         LSR A
     83C8   48         PHA
     83C9   29 03      AND #&03
     83CB   C9 03      CMP #&03
     83CD   D0 05      BNE &83D4
     83CF   A9 FF      LDA #&FF
     83D1   91 B0      STA (&B0),Y
     83D3   C8         INY
.readfileattribs_nothost
     83D4   91 B0      STA (&B0),Y
.readfileattribs_exits
     83D6   68         PLA
     83D7   60         RTS
.readfileattribs_copy2bytes
     83D8   20 DB 83   JSR &83DB
.readfileattribs_copy1byte
     83DB   BD 08 0F   LDA &0F08,X
     83DE   91 B0      STA (&B0),Y
     83E0   E8         INX
     83E1   C8         INY
     83E2   60         RTS
.inc_word_AE_and_load
     83E3   E6 AE      INC &AE
     83E5   D0 02      BNE &83E9
     83E7   E6 AF      INC &AF
.inc_word_AE_exit
     83E9   B1 AE      LDA (&AE),Y
     83EB   60         RTS
.RememberAXY
     83EC   48         PHA
     83ED   8A         TXA
     83EE   48         PHA
     83EF   98         TYA
     83F0   48         PHA
     83F1   A9 84      LDA #&84
     83F3   48         PHA
     83F4   A9 0E      LDA #&0E
     83F6   48         PHA
.rAXY_loop_init
     83F7   A0 05      LDY #&05
.rAXY_loop
     83F9   BA         TSX
     83FA   BD 07 01   LDA &0107,X
     83FD   48         PHA
     83FE   88         DEY
     83FF   D0 F8      BNE &83F9
     8401   A0 0A      LDY #&0A
.rAXY_loop2
     8403   BD 09 01   LDA &0109,X
     8406   9D 0B 01   STA &010B,X
     8409   CA         DEX
     840A   88         DEY
     840B   D0 F6      BNE &8403
     840D   68         PLA
     840E   68         PLA
.rAXY_restore
     840F   68         PLA
     8410   A8         TAY
     8411   68         PLA
     8412   AA         TAX
     8413   68         PLA
     8414   60         RTS
.RememberXYonly
     8415   48         PHA
     8416   8A         TXA
     8417   48         PHA
     8418   98         TYA
     8419   48         PHA
     841A   20 F7 83   JSR &83F7
.axyret1
     841D   BA         TSX
     841E   9D 03 01   STA &0103,X
     8421   4C 0F 84   JMP &840F
.DecNo_BIN2BCD
     8424   F8         SED
     8425   A9 00      LDA #&00
     8427   85 B5      STA &B5
     8429   85 B6      STA &B6
     842B   A2 10      LDX #&10
.loop
     842D   26 B8      ROL &B8
     842F   26 B9      ROL &B9
     8431   08         PHP
     8432   A5 B5      LDA &B5
     8434   65 B5      ADC &B5
     8436   85 B5      STA &B5
     8438   A5 B6      LDA &B6
     843A   65 B6      ADC &B6
     843C   85 B6      STA &B6
     843E   28         PLP
     843F   CA         DEX
     8440   D0 EB      BNE &842D
     8442   26 B8      ROL &B8
     8444   26 B9      ROL &B9
     8446   D8         CLD
     8447   60         RTS
.BinaryToBCD
     8448   20 15 84   JSR &8415
     844B   A8         TAY
     844C   F0 0A      BEQ &8458
     844E   18         CLC
     844F   F8         SED
     8450   A9 00      LDA #&00
.bbcd_loop
     8452   69 01      ADC #&01
     8454   88         DEY
     8455   D0 FB      BNE &8452
     8457   D8         CLD
.bbcd_exit
     8458   60         RTS
.Param_ReadNum
     8459   98         TYA
     845A   48         PHA
     845B   A9 00      LDA #&00
     845D   85 B0      STA &B0
     845F   85 B1      STA &B1
     8461   20 B9 81   JSR &81B9
     8464   F0 4B      BEQ &84B1
     8466   C9 22      CMP #&22
     8468   F0 47      BEQ &84B1
     846A   20 C5 FF   JSR &FFC5
     846D   B0 42      BCS &84B1
.rnloop
     846F   E9 2F      SBC #&2F
     8471   30 3E      BMI &84B1
     8473   C9 0A      CMP #&0A
     8475   B0 3A      BCS &84B1
     8477   48         PHA
     8478   A5 B0      LDA &B0
     847A   0A         ASL A
     847B   48         PHA
     847C   26 B1      ROL &B1
     847E   A6 B1      LDX &B1
     8480   0A         ASL A
     8481   26 B1      ROL &B1
     8483   0A         ASL A
     8484   26 B1      ROL &B1
     8486   85 B0      STA &B0
     8488   68         PLA
     8489   65 B0      ADC &B0
     848B   85 B0      STA &B0
     848D   8A         TXA
     848E   65 B1      ADC &B1
     8490   AA         TAX
     8491   68         PLA
     8492   65 B0      ADC &B0
     8494   85 B0      STA &B0
     8496   8A         TXA
     8497   69 00      ADC #&00
     8499   85 B1      STA &B1
     849B   C9 20      CMP #&20
     849D   B0 12      BCS &84B1
     849F   20 C5 FF   JSR &FFC5
     84A2   90 CB      BCC &846F
     84A4   A2 B0      LDX #&B0
     84A6   20 EE A4   JSR &A4EE
     84A9   B0 06      BCS &84B1
     84AB   A6 B0      LDX &B0
     84AD   68         PLA
     84AE   A5 B1      LDA &B1
     84B0   60         RTS
.rnnotval
     84B1   68         PLA
     84B2   A8         TAY
     84B3   A9 00      LDA #&00
     84B5   AA         TAX
     84B6   38         SEC
     84B7   60         RTS
.fscv5_starCAT
     84B8   20 B2 81   JSR &81B2
     84BB   20 1A 8C   JSR &8C1A
     84BE   20 D4 A5   JSR &A5D4
     84C1   A0 FF      LDY #&FF
     84C3   84 A8      STY &A8
     84C5   C8         INY
     84C6   84 AA      STY &AA
.cat_titleloop
     84C8   B9 00 0E   LDA &0E00,Y
     84CB   C0 08      CPY #&08
     84CD   90 03      BCC &84D2
     84CF   B9 F8 0E   LDA &0EF8,Y
.cat_titlelo
     84D2   20 D7 80   JSR &80D7
     84D5   C8         INY
     84D6   C0 0C      CPY #&0C
     84D8   D0 EE      BNE &84C8
     84DA   20 98 80   JSR &8098
     84DD   20 28 
     84DF   A6 CD      LDX &CD
     84E1   20 A9 AE   JSR &AEA9
     84E4   20 98 80   JSR &8098
     84E7   29 
     84E8   0D
     84E9   44 72 69 ...
     84EF   A5 CD      LDA &CD
     84F1   20 FB 80   JSR &80FB
     84F4   A0 0D      LDY #&0D
     84F6   20 07 82   JSR &8207
     84F9   20 98 80   JSR &8098
     84FC   4F 70 74 ...
     8503   AD 06 0F   LDA &0F06
     8506   20 18 82   JSR &8218
     8509   48         PHA
     850A   20 95 80   JSR &8095
     850D   20 28 
     850F   A0 03      LDY #&03
     8511   68         PLA
     8512   0A         ASL A
     8513   0A         ASL A
     8514   AA         TAX
.cat_printoptionnameloop
     8515   BD 01 86   LDA &8601,X
     8518   20 D7 80   JSR &80D7
     851B   E8         INX
     851C   88         DEY
     851D   10 F6      BPL &8515
     851F   20 98 80   JSR &8098
     8522   29 
     8523   0D
     8524   44 69 72 ...
     852A   AD CA 10   LDA &10CA
     852D   20 D2 80   JSR &80D2
     8530   AD C9 10   LDA &10C9
     8533   20 D7 80   JSR &80D7
     8536   A0 0B      LDY #&0B
     8538   20 07 82   JSR &8207
     853B   20 98 80   JSR &8098
     853E   4C 69 62 ...
     8544   AD CC 10   LDA &10CC
     8547   20 D2 80   JSR &80D2
     854A   AD CB 10   LDA &10CB
     854D   20 D7 80   JSR &80D7
     8550   20 73 83   JSR &8373
     8553   A0 00      LDY #&00
.cat_curdirloop
     8555   CC 05 0F   CPY &0F05
     8558   B0 17      BCS &8571
     855A   B9 0F 0E   LDA &0E0F,Y
     855D   4D C9 10   EOR &10C9
     8560   29 5F      AND #&5F
     8562   D0 08      BNE &856C
     8564   B9 0F 0E   LDA &0E0F,Y
     8567   29 80      AND #&80
     8569   99 0F 0E   STA &0E0F,Y
.cat_curdirnext
     856C   20 3D 88   JSR &883D
     856F   90 E4      BCC &8555
.cat_sortloop1
     8571   A0 00      LDY #&00
     8573   20 83 85   JSR &8583
     8576   90 16      BCC &858E
     8578   A9 FF      LDA #&FF
     857A   8D 82 10   STA &1082
     857D   4C 73 83   JMP &8373
.cat_getnextunmarkedfile_loop
     8580   20 3D 88   JSR &883D
.cat_getnextunmarkedfileY
     8583   CC 05 0F   CPY &0F05
     8586   B0 05      BCS &858D
     8588   B9 08 0E   LDA &0E08,Y
     858B   30 F3      BMI &8580
.cat_exit
     858D   60         RTS
.cat_printfilename
     858E   84 AB      STY &AB
     8590   A2 00      LDX #&00
.cat_copyfnloop
     8592   B9 08 0E   LDA &0E08,Y
     8595   20 07 83   JSR &8307
     8598   9D 60 10   STA &1060,X
     859B   C8         INY
     859C   E8         INX
     859D   E0 08      CPX #&08
     859F   D0 F1      BNE &8592
.cat_comparefnloop1
     85A1   20 83 85   JSR &8583
     85A4   B0 23      BCS &85C9
     85A6   38         SEC
     85A7   A2 06      LDX #&06
.cat_comparefnloop2
     85A9   B9 0E 0E   LDA &0E0E,Y
     85AC   20 07 83   JSR &8307
     85AF   FD 60 10   SBC &1060,X
     85B2   88         DEY
     85B3   CA         DEX
     85B4   10 F3      BPL &85A9
     85B6   20 3E 88   JSR &883E
     85B9   B9 0F 0E   LDA &0E0F,Y
     85BC   20 07 83   JSR &8307
     85BF   ED 67 10   SBC &1067
     85C2   90 CA      BCC &858E
     85C4   20 3D 88   JSR &883D
     85C7   B0 D8      BCS &85A1
.cat_printfn
     85C9   A4 AB      LDY &AB
     85CB   B9 08 0E   LDA &0E08,Y
     85CE   09 80      ORA #&80
     85D0   99 08 0E   STA &0E08,Y
     85D3   AD 67 10   LDA &1067
     85D6   C5 AA      CMP &AA
     85D8   F0 10      BEQ &85EA
     85DA   A6 AA      LDX &AA
     85DC   85 AA      STA &AA
     85DE   D0 0A      BNE &85EA
     85E0   20 73 83   JSR &8373
.cat_newline
     85E3   20 73 83   JSR &8373
     85E6   A0 FF      LDY #&FF
     85E8   D0 09      BNE &85F3
.cat_samedir
     85EA   A4 A8      LDY &A8
     85EC   D0 F5      BNE &85E3
     85EE   A0 05      LDY #&05
     85F0   20 07 82   JSR &8207
.cat_skipspaces
     85F3   C8         INY
     85F4   84 A8      STY &A8
     85F6   A4 AB      LDY &AB
     85F8   20 11 81   JSR &8111
     85FB   20 D4 81   JSR &81D4
     85FE   4C 71 85   JMP &8571
.diskoptions_table
     8601   6F 66 66 
     8604   00
     8605   4C 4F 41 ...
     8609   52 55 4E 
     860C   00
     860D   45 58 45 ...
.cmdtable1
     8611   FF
     8612   41 43 43 ...
     8618   B2
     8619   42 41 43 ...
     861F   8C
     8620   43 4C 4F ...
     8625   80
     8626   43 4F 4D ...
     862D   85
     862E   43 4F 50 ...
     8632   AC
     8633   44 45 4C ...
     8639   88
     863A   44 45 53 ...
     8641   82
     8642   44 49 52 
     8645   86
     8646   44 52 49 ...
     864B   81
     864C   45 4E 41 ...
     8652   80
     8653   45 58 
     8655   86
     8656   46 4F 52 ...
     865A   DF
     865B   46 52 45 ...
     865F   84
.info_cmd_index
     8660   49 4E 46 ...
     8664   82
     8665   4C 49 42 
     8668   86
     8669   4D 41 50 
     866C   84
     866D   52 45 4E ...
     8673   8D
     8674   54 49 54 ...
     8679   8A
     867A   56 45 52 ...
     8680   85
     8681   57 49 50 ...
     8685   82
     8686   00         BRK
.cmdtable2
     8687   14
     8688   42 55 49 ...
     868D   88
     868E   44 55 4D ...
     8692   88
     8693   4C 49 53 ...
     8697   88
     8698   54 59 50 ...
     869C   88
     869D   00         BRK
.cmdtable22
     869E   19
     869F   44 49 53 ...
     86A3   80
     86A4   44 49 53 ...
     86A8   80
     86A9   4D 4D 46 ...
     86AD   80
     86AE   43 41 52 ...
     86B2   80
     86B3   00         BRK
.cmdtable3
     86B4   1E
     86B5   44 55 54 ...
     86BB   80
     86BC   4D 4D 46 ...
     86C0   80
     86C1   55 54 49 ...
     86C6   80
     86C7   00         BRK
.cmdtable4
     86C8   22
     86C9   42 41 53 ...
     86CD   8B
     86CE   42 4F 4F ...
     86D2   87
     86D3   43 41 54 
     86D6   8E
     86D7   44 52 49 ...
     86DC   84
     86DD   46 52 45 ...
     86E1   80
     86E2   49 4E 
     86E4   F4
     86E5   4F 4E 42 ...
     86EB   F4
     86EC   4F 50 
     86EE   C9
     86EF   4F 55 54 
     86F2   84
     86F3   52 45 43 ...
     86F8   80
     86F9   41 42 4F ...
     86FE   80
     86FF   00         BRK
.cmdaddr1
     8700   1D 8A
     8702   8D 9D
     8704   F6 94
     8706   2E 9C
     8708   F5 9D
     870A   F1 87
     870C   00 88
     870E   78 89
     8710   50 88
     8712   D5 8B
     8714   46 82
     8716   F9 1E
     8718   50 A0
     871A   69 82
     871C   7C 89
     871E   53 A0
     8720   B6 8C
     8722   EB 89
     8724   F5 1E
     8726   C8 87
     8728   5D 87
.cmdaddr2
     872A   FF B2
     872C   58 B2
     872E   C7 B2
     8730   C3 B2
     8732   C2 82
.cmdaddr22
     8734   76 8D
     8736   76 8D
     8738   80 8D
     873A   80 8D
     873C   15 8F
.cmdaddr3
     873E   E5 9A
     8740   A6 9A
     8742   EC 9A
     8744   F3 9A
.cmdaddr4
     8746   FA 2E
     8748   52 2F
     874A   76 2F
     874C   69 30
     874E   08 30
     8750   64 2F
     8752   54 30
     8754   5F 31
     8756   6A 2F
     8758   81 2D
     875A   E8 AE
     875C   B5 88
.cmdaddrX
.NotCmdTable1
     875E   A2 B7      LDX #&B7
     8760   20 B9 81   JSR &81B9
     8763   B1 F2      LDA (&F2),Y
     8765   C8         INY
     8766   09 20      ORA #&20
     8768   C9 64      CMP #&64
     876A   F0 09      BEQ &8775
     876C   88         DEY
     876D   4C B6 88   JMP &88B6
.fscv3_unreccommand
     8770   20 B2 81   JSR &81B2
     8773   A2 00      LDX #&00
.UnrecCommandTextPointer
     8775   BD 11 86   LDA &8611,X
     8778   85 BE      STA &BE
     877A   98         TYA
     877B   48         PHA
.unrecloop1
     877C   E6 BE      INC &BE
     877E   68         PLA
     877F   48         PHA
     8780   A8         TAY
     8781   20 B9 81   JSR &81B9
     8784   E8         INX
     8785   BD 11 86   LDA &8611,X
     8788   F0 28      BEQ &87B2
     878A   CA         DEX
     878B   88         DEY
     878C   86 BF      STX &BF
.unrecloop2
     878E   E8         INX
     878F   C8         INY
     8790   BD 11 86   LDA &8611,X
     8793   30 16      BMI &87AB
.unrecloop2in
     8795   51 F2      EOR (&F2),Y
     8797   29 5F      AND #&5F
     8799   F0 F3      BEQ &878E
     879B   CA         DEX
.unrecloop3
     879C   E8         INX
     879D   BD 11 86   LDA &8611,X
     87A0   10 FA      BPL &879C
     87A2   B1 F2      LDA (&F2),Y
     87A4   C9 2E      CMP #&2E
     87A6   D0 D4      BNE &877C
     87A8   C8         INY
     87A9   B0 07      BCS &87B2
.endofcmd_oncmdline
     87AB   B1 F2      LDA (&F2),Y
     87AD   20 2F 83   JSR &832F
     87B0   90 CA      BCC &877C
.gocmdcode
     87B2   68         PLA
     87B3   A5 BE      LDA &BE
     87B5   0A         ASL A
     87B6   AA         TAX
     87B7   BD 01 87   LDA &8701,X
     87BA   10 06      BPL &87C2
.gocmdcode2
     87BC   48         PHA
     87BD   BD 00 87   LDA &8700,X
     87C0   48         PHA
     87C1   60         RTS
.dommcinit
     87C2   20 CF AC   JSR &ACCF
     87C5   09 80      ORA #&80
     87C7   D0 F3      BNE &87BC
.CMD_WIPE
     87C9   20 23 82   JSR &8223
.wipeloop
     87CC   B9 0F 0E   LDA &0E0F,Y
     87CF   30 1B      BMI &87EC
     87D1   20 D4 81   JSR &81D4
     87D4   20 4C 9D   JSR &9D4C
     87D7   D0 13      BNE &87EC
     87D9   A6 B6      LDX &B6
     87DB   20 2F 95   JSR &952F
     87DE   86 B6      STX &B6
     87E0   20 46 88   JSR &8846
     87E3   84 AB      STY &AB
     87E5   20 E2 A5   JSR &A5E2
     87E8   A5 AB      LDA &AB
     87EA   85 B6      STA &B6
.wipenext
     87EC   20 7D 82   JSR &827D
     87EF   B0 DB      BCS &87CC
     87F1   60         RTS
.CMD_DELETE
     87F2   20 57 93   JSR &9357
     87F5   20 26 82   JSR &8226
     87F8   20 3D 83   JSR &833D
     87FB   20 13 83   JSR &8313
     87FE   4C E2 A5   JMP &A5E2
.CMD_DESTROY
     8801   20 FD 9C   JSR &9CFD
     8804   20 23 82   JSR &8223
.destroyloop1
     8807   B9 0F 0E   LDA &0E0F,Y
     880A   30 06      BMI &8812
     880C   20 D4 81   JSR &81D4
     880F   20 73 83   JSR &8373
.destroylocked1
     8812   20 7D 82   JSR &827D
     8815   B0 F0      BCS &8807
     8817   20 54 9D   JSR &9D54
     881A   D0 29      BNE &8845
     881C   20 2F 95   JSR &952F
     881F   20 76 82   JSR &8276
.destroyloop2
     8822   B9 0F 0E   LDA &0E0F,Y
     8825   30 03      BMI &882A
     8827   20 46 88   JSR &8846
.destroylocked2
     882A   20 7D 82   JSR &827D
     882D   B0 F3      BCS &8822
     882F   20 E2 A5   JSR &A5E2
.msgDELETED
     8832   20 98 80   JSR &8098
     8835   44 65 6C ...
     883C   0D
.Y_add8
     883D   C8         INY
.Y_add7
     883E   C8         INY
     883F   C8         INY
     8840   C8         INY
     8841   C8         INY
     8842   C8         INY
     8843   C8         INY
     8844   C8         INY
.Y_rts
     8845   60         RTS
.DeleteCatEntry_AdjustPtr
     8846   20 13 83   JSR &8313
     8849   A4 B6      LDY &B6
     884B   20 BB 82   JSR &82BB
     884E   84 B6      STY &B6
     8850   60         RTS
.CMD_DRIVE
     8851   20 1F 8C   JSR &8C1F
     8854   8D CA 10   STA &10CA
     8857   60         RTS
.osfileFF_loadfiletoaddr
     8858   20 2E 82   JSR &822E
     885B   20 37 94   JSR &9437
     885E   20 8D 83   JSR &838D
.LoadFile_Ycatoffset
     8861   84 BA      STY &BA
     8863   A2 00      LDX #&00
     8865   A5 BE      LDA &BE
     8867   D0 06      BNE &886F
     8869   C8         INY
     886A   C8         INY
     886B   A2 02      LDX #&02
     886D   D0 08      BNE &8877
.loadAtLoadAddr
     886F   B9 0E 0F   LDA &0F0E,Y
     8872   85 C2      STA &C2
     8874   20 DC 8B   JSR &8BDC
.load_copyfileinfo_loop
     8877   B9 08 0F   LDA &0F08,Y
     887A   95 BC      STA &BC,X
     887C   C8         INY
     887D   E8         INX
     887E   E0 08      CPX #&08
     8880   D0 F5      BNE &8877
     8882   20 F6 8B   JSR &8BF6
     8885   A4 BA      LDY &BA
     8887   20 3D 83   JSR &833D
.LoadMemBlockEX
.LoadMemBlock
     888A   20 6B A5   JSR &A56B
.readblock
     888D   20 3C AB   JSR &AB3C
.rwblkexit
     8890   AD 9E 10   LDA &109E
     8893   F0 03      BEQ &8898
     8895   20 23 8D   JSR &8D23
.rwblknottube
     8898   20 5B AD   JSR &AD5B
     889B   A9 01      LDA #&01
     889D   60         RTS
.osfile0_savememblock
     889E   20 C1 8A   JSR &8AC1
     88A1   20 37 94   JSR &9437
     88A4   20 8D 83   JSR &838D
.SaveMemBlock
     88A7   20 6B A5   JSR &A56B
     88AA   20 91 A4   JSR &A491
     88AD   20 E5 AB   JSR &ABE5
     88B0   4C 90 88   JMP &8890
.fscv2_4_11_starRUN
     88B3   20 B2 81   JSR &81B2
.NotCmdTable4
.SetWordBA_txtptr
     88B6   A9 FF      LDA #&FF
     88B8   85 BE      STA &BE
     88BA   A5 F2      LDA &F2
     88BC   85 BA      STA &BA
     88BE   A5 F3      LDA &F3
     88C0   85 BB      STA &BB
     88C2   8C DA 10   STY &10DA
     88C5   20 48 81   JSR &8148
     88C8   8C D9 10   STY &10D9
     88CB   20 76 82   JSR &8276
     88CE   B0 21      BCS &88F1
     88D0   AC DA 10   LDY &10DA
     88D3   AD CB 10   LDA &10CB
     88D6   85 CC      STA &CC
     88D8   AD CC 10   LDA &10CC
     88DB   85 CD      STA &CD
     88DD   20 4B 81   JSR &814B
     88E0   20 76 82   JSR &8276
     88E3   B0 0C      BCS &88F1
.errBADCOMMAND
     88E5   20 51 80   JSR &8051
     88E8   FE
     88E9   63 6F 6D ...
     88F0   00
.runfile_found
     88F1   B9 0E 0F   LDA &0F0E,Y
     88F4   20 0E 82   JSR &820E
     88F7   C9 03      CMP #&03
     88F9   D0 42      BNE &893D
     88FB   B9 0A 0F   LDA &0F0A,Y
     88FE   39 0B 0F   AND &0F0B,Y
     8901   C9 FF      CMP #&FF
     8903   D0 38      BNE &893D
     8905   A2 06      LDX #&06
.runfile_exec_loop
     8907   BD 00 10   LDA &1000,X
     890A   9D 07 10   STA &1007,X
     890D   CA         DEX
     890E   10 F7      BPL &8907
     8910   A9 0D      LDA #&0D
     8912   8D 0E 10   STA &100E
     8915   A9 45      LDA #&45
     8917   8D 00 10   STA &1000
     891A   A9 3A      LDA #&3A
     891C   8D 02 10   STA &1002
     891F   A5 CD      LDA &CD
     8921   09 30      ORA #&30
     8923   8D 03 10   STA &1003
     8926   A9 2E      LDA #&2E
     8928   8D 01 10   STA &1001
     892B   8D 04 10   STA &1004
     892E   8D 06 10   STA &1006
     8931   A5 CC      LDA &CC
     8933   8D 05 10   STA &1005
     8936   A2 00      LDX #&00
     8938   A0 10      LDY #&10
     893A   4C F7 FF   JMP &FFF7
.runfile_run
     893D   20 61 88   JSR &8861
     8940   18         CLC
     8941   AD D9 10   LDA &10D9
     8944   A8         TAY
     8945   65 F2      ADC &F2
     8947   8D D9 10   STA &10D9
     894A   A5 F3      LDA &F3
     894C   69 00      ADC #&00
     894E   8D DA 10   STA &10DA
     8951   AD 76 10   LDA &1076
     8954   2D 77 10   AND &1077
     8957   0D D6 10   ORA &10D6
     895A   C9 FF      CMP #&FF
     895C   F0 16      BEQ &8974
     895E   A5 BE      LDA &BE
     8960   8D 74 10   STA &1074
     8963   A5 BF      LDA &BF
     8965   8D 75 10   STA &1075
     8968   20 14 8D   JSR &8D14
     896B   A2 74      LDX #&74
     896D   A0 10      LDY #&10
     896F   A9 04      LDA #&04
     8971   4C 06 04   JMP &0406
.runfile_inhost
     8974   A9 01      LDA #&01
     8976   6C BE 00   JMP (&00BE)
.CMD_DIR
     8979   A2 00      LDX #&00
     897B   F0 02      BEQ &897F
.CMD_LIB
     897D   A2 02      LDX #&02
.setdirlib
     897F   20 B3 89   JSR &89B3
     8982   9D CA 10   STA &10CA,X
     8985   A5 CC      LDA &CC
     8987   9D C9 10   STA &10C9,X
     898A   60         RTS
.SaveStaticToPrivateWorkspace
     898B   20 EC 83   JSR &83EC
     898E   A5 B0      LDA &B0
     8990   48         PHA
     8991   A5 B1      LDA &B1
     8993   48         PHA
     8994   20 6F 94   JSR &946F
     8997   A0 00      LDY #&00
.stat_loop1
     8999   C0 C0      CPY #&C0
     899B   90 05      BCC &89A2
     899D   B9 00 10   LDA &1000,Y
     89A0   B0 03      BCS &89A5
.stat_Y_lessC0
     89A2   B9 00 11   LDA &1100,Y
.stat_Y_gtreqC0
     89A5   91 B0      STA (&B0),Y
     89A7   C8         INY
     89A8   C0 F0      CPY #&F0
     89AA   D0 ED      BNE &8999
     89AC   68         PLA
     89AD   85 B1      STA &B1
     89AF   68         PLA
     89B0   85 B0      STA &B0
     89B2   60         RTS
.ReadDirDrvParameters
     89B3   AD C9 10   LDA &10C9
     89B6   85 CC      STA &CC
     89B8   20 B9 81   JSR &81B9
     89BB   D0 05      BNE &89C2
     89BD   A9 00      LDA #&00
     89BF   85 CD      STA &CD
     89C1   60         RTS
.ReadDirDrvParameters2
     89C2   20 12 8C   JSR &8C12
.rdd_loop
     89C5   20 9E 81   JSR &819E
     89C8   B0 10      BCS &89DA
     89CA   C9 3A      CMP #&3A
     89CC   D0 14      BNE &89E2
     89CE   20 22 8C   JSR &8C22
     89D1   20 9E 81   JSR &819E
     89D4   B0 13      BCS &89E9
     89D6   C9 2E      CMP #&2E
     89D8   F0 EB      BEQ &89C5
.errBADDIRECTORY
     89DA   20 51 80   JSR &8051
     89DD   CE
     89DE   64 69 72 
     89E1   00
.rdd_exit2
     89E2   85 CC      STA &CC
     89E4   20 9E 81   JSR &819E
     89E7   90 F1      BCC &89DA
.rdd_exit1
     89E9   A5 CD      LDA &CD
     89EB   60         RTS
.CMD_TITLE
     89EC   20 00 9B   JSR &9B00
     89EF   20 CE A5   JSR &A5CE
     89F2   A2 0B      LDX #&0B
     89F4   A9 00      LDA #&00
.cmdtit_loop1
     89F6   20 0F 8A   JSR &8A0F
     89F9   CA         DEX
     89FA   10 FA      BPL &89F6
.cmdtit_loop2
     89FC   E8         INX
     89FD   20 9E 81   JSR &819E
     8A00   B0 07      BCS &8A09
     8A02   20 0F 8A   JSR &8A0F
     8A05   E0 0B      CPX #&0B
     8A07   90 F3      BCC &89FC
.cmdtit_savecat
     8A09   20 E2 A5   JSR &A5E2
     8A0C   4C E6 9D   JMP &9DE6
.SetDiskTitleChr_Xpos
     8A0F   9D 00 10   STA &1000,X
     8A12   E0 08      CPX #&08
     8A14   90 04      BCC &8A1A
     8A16   9D F8 0E   STA &0EF8,X
     8A19   60         RTS
.setdisttit_page
     8A1A   9D 00 0E   STA &0E00,X
     8A1D   60         RTS
.CMD_ACCESS
     8A1E   20 60 93   JSR &9360
     8A21   20 00 9B   JSR &9B00
     8A24   20 42 81   JSR &8142
     8A27   A2 00      LDX #&00
     8A29   20 B9 81   JSR &81B9
     8A2C   D0 1F      BNE &8A4D
.cmdac_flag
     8A2E   86 AA      STX &AA
     8A30   20 31 82   JSR &8231
.cmdac_filefound
     8A33   20 18 94   JSR &9418
     8A36   B9 0F 0E   LDA &0E0F,Y
     8A39   29 7F      AND #&7F
     8A3B   05 AA      ORA &AA
     8A3D   99 0F 0E   STA &0E0F,Y
     8A40   20 3D 83   JSR &833D
     8A43   20 7D 82   JSR &827D
     8A46   B0 EB      BCS &8A33
.jmp_savecattodisk
     8A48   4C E2 A5   JMP &A5E2
.cmdac_paramloop
     8A4B   A2 80      LDX #&80
.cmdac_getparam
     8A4D   20 9E 81   JSR &819E
     8A50   B0 DC      BCS &8A2E
     8A52   29 5F      AND #&5F
     8A54   C9 4C      CMP #&4C
     8A56   F0 F3      BEQ &8A4B
.errBADATTRIBUTE
     8A58   20 51 80   JSR &8051
     8A5B   CF
     8A5C   61 74 74 ...
     8A65   00
.fscv0_starOPT
     8A66   20 EC 83   JSR &83EC
     8A69   8A         TXA
     8A6A   C9 04      CMP #&04
     8A6C   F0 1E      BEQ &8A8C
     8A6E   C9 05      CMP #&05
     8A70   F0 34      BEQ &8AA6
     8A72   C9 02      CMP #&02
     8A74   90 0B      BCC &8A81
.errBADOPTION
     8A76   20 51 80   JSR &8051
     8A79   CB
     8A7A   6F 70 74 ...
     8A80   00
.opts0_1
     8A81   A2 FF      LDX #&FF
     8A83   98         TYA
     8A84   F0 02      BEQ &8A88
     8A86   A2 00      LDX #&00
.opts0_1_Y0
     8A88   8E C6 10   STX &10C6
     8A8B   60         RTS
.SetBootOption_Yoption
     8A8C   98         TYA
     8A8D   48         PHA
     8A8E   20 0D 8C   JSR &8C0D
     8A91   20 D4 A5   JSR &A5D4
     8A94   68         PLA
     8A95   20 1E 82   JSR &821E
     8A98   4D 06 0F   EOR &0F06
     8A9B   29 30      AND #&30
     8A9D   4D 06 0F   EOR &0F06
     8AA0   8D 06 0F   STA &0F06
     8AA3   4C E2 A5   JMP &A5E2
.DiskTrapOption
     8AA6   98         TYA
     8AA7   08         PHP
     8AA8   A6 F4      LDX &F4
     8AAA   BD F0 0D   LDA &0DF0,X
     8AAD   29 BF      AND #&BF
     8AAF   28         PLP
     8AB0   F0 02      BEQ &8AB4
     8AB2   09 40      ORA #&40
.skip
     8AB4   9D F0 0D   STA &0DF0,X
     8AB7   60         RTS
.errDISKFULL
     8AB8   20 46 80   JSR &8046
     8ABB   C6
     8ABC   66 75 6C ...
     8AC0   00
.CreateFile_FSP
     8AC1   20 48 81   JSR &8148
     8AC4   20 76 82   JSR &8276
     8AC7   90 03      BCC &8ACC
     8AC9   20 13 83   JSR &8313
.createfile_nodel
     8ACC   A5 C0      LDA &C0
     8ACE   48         PHA
     8ACF   A5 C1      LDA &C1
     8AD1   48         PHA
     8AD2   38         SEC
     8AD3   A5 C2      LDA &C2
     8AD5   E5 C0      SBC &C0
     8AD7   85 C0      STA &C0
     8AD9   A5 C3      LDA &C3
     8ADB   E5 C1      SBC &C1
     8ADD   85 C1      STA &C1
     8ADF   AD 7A 10   LDA &107A
     8AE2   ED 78 10   SBC &1078
     8AE5   20 16 8B   JSR &8B16
     8AE8   AD 79 10   LDA &1079
     8AEB   8D 75 10   STA &1075
     8AEE   AD 78 10   LDA &1078
     8AF1   8D 74 10   STA &1074
     8AF4   68         PLA
     8AF5   85 BD      STA &BD
     8AF7   68         PLA
     8AF8   85 BC      STA &BC
     8AFA   60         RTS
.CreateFile_3
     8AFB   85 CD      STA &CD
     8AFD   A5 CC      LDA &CC
     8AFF   48         PHA
     8B00   20 D1 A5   JSR &A5D1
     8B03   20 81 82   JSR &8281
     8B06   90 03      BCC &8B0B
     8B08   20 13 83   JSR &8313
.cd_writedest_cat_nodel
     8B0B   68         PLA
     8B0C   85 CC      STA &CC
     8B0E   20 F3 8B   JSR &8BF3
     8B11   A5 C2      LDA &C2
     8B13   20 10 82   JSR &8210
.CreateFile_2
     8B16   85 C4      STA &C4
     8B18   A9 00      LDA #&00
     8B1A   85 C2      STA &C2
     8B1C   A9 02      LDA #&02
     8B1E   85 C3      STA &C3
     8B20   AC 05 0F   LDY &0F05
     8B23   C0 F8      CPY #&F8
     8B25   90 31      BCC &8B58
.errCATALOGUEFULL
     8B27   20 5B 80   JSR &805B
     8B2A   BE
     8B2B   43 61 74 ...
     8B33   00
.cfile_loop
     8B34   F0 82      BEQ &8AB8
     8B36   20 BB 82   JSR &82BB
     8B39   B9 0E 0F   LDA &0F0E,Y
     8B3C   20 10 82   JSR &8210
     8B3F   85 C2      STA &C2
     8B41   18         CLC
     8B42   A9 FF      LDA #&FF
     8B44   79 0C 0F   ADC &0F0C,Y
     8B47   B9 0F 0F   LDA &0F0F,Y
     8B4A   79 0D 0F   ADC &0F0D,Y
     8B4D   85 C3      STA &C3
     8B4F   B9 0E 0F   LDA &0F0E,Y
     8B52   29 03      AND #&03
     8B54   65 C2      ADC &C2
     8B56   85 C2      STA &C2
.Getfirstblock_Yoffset
     8B58   38         SEC
     8B59   B9 07 0F   LDA &0F07,Y
     8B5C   E5 C3      SBC &C3
     8B5E   48         PHA
     8B5F   B9 06 0F   LDA &0F06,Y
     8B62   29 03      AND #&03
     8B64   E5 C2      SBC &C2
     8B66   AA         TAX
     8B67   A9 00      LDA #&00
     8B69   C5 C0      CMP &C0
     8B6B   68         PLA
     8B6C   E5 C1      SBC &C1
     8B6E   8A         TXA
     8B6F   E5 C4      SBC &C4
     8B71   98         TYA
     8B72   90 C0      BCC &8B34
     8B74   84 B0      STY &B0
     8B76   AC 05 0F   LDY &0F05
.cfile_insertfileloop
     8B79   C4 B0      CPY &B0
     8B7B   F0 0F      BEQ &8B8C
     8B7D   B9 07 0E   LDA &0E07,Y
     8B80   99 0F 0E   STA &0E0F,Y
     8B83   B9 07 0F   LDA &0F07,Y
     8B86   99 0F 0F   STA &0F0F,Y
     8B89   88         DEY
     8B8A   B0 ED      BCS &8B79
.cfile_atcatentry
     8B8C   AD 76 10   LDA &1076
     8B8F   29 03      AND #&03
     8B91   0A         ASL A
     8B92   0A         ASL A
     8B93   45 C4      EOR &C4
     8B95   29 FC      AND #&FC
     8B97   45 C4      EOR &C4
     8B99   0A         ASL A
     8B9A   0A         ASL A
     8B9B   4D 74 10   EOR &1074
     8B9E   29 FC      AND #&FC
     8BA0   4D 74 10   EOR &1074
     8BA3   0A         ASL A
     8BA4   0A         ASL A
     8BA5   45 C2      EOR &C2
     8BA7   29 FC      AND #&FC
     8BA9   45 C2      EOR &C2
     8BAB   85 C2      STA &C2
     8BAD   A2 00      LDX #&00
     8BAF   98         TYA
     8BB0   48         PHA
.cfile_copyfnloop
     8BB1   B5 C5      LDA &C5,X
     8BB3   99 08 0E   STA &0E08,Y
     8BB6   B5 BC      LDA &BC,X
     8BB8   99 08 0F   STA &0F08,Y
     8BBB   C8         INY
     8BBC   E8         INX
     8BBD   E0 08      CPX #&08
     8BBF   D0 F0      BNE &8BB1
     8BC1   68         PLA
     8BC2   A8         TAY
     8BC3   48         PHA
     8BC4   20 3D 83   JSR &833D
     8BC7   AC 05 0F   LDY &0F05
     8BCA   20 3D 88   JSR &883D
     8BCD   8C 05 0F   STY &0F05
     8BD0   20 E2 A5   JSR &A5E2
     8BD3   68         PLA
     8BD4   A8         TAY
     8BD5   60         RTS
.CMD_ENABLE
     8BD6   A9 01      LDA #&01
     8BD8   8D C7 10   STA &10C7
     8BDB   60         RTS
.LoadAddrHi2
     8BDC   A9 00      LDA #&00
     8BDE   8D 75 10   STA &1075
     8BE1   A5 C2      LDA &C2
     8BE3   29 08      AND #&08
     8BE5   8D 74 10   STA &1074
     8BE8   F0 08      BEQ &8BF2
.SetLoadAddrToHost
     8BEA   A9 FF      LDA #&FF
     8BEC   8D 75 10   STA &1075
     8BEF   8D 74 10   STA &1074
.ldadd_nothost
     8BF2   60         RTS
.LoadandEexeAddrHi2
     8BF3   20 DC 8B   JSR &8BDC
.ExecAddrHi2
     8BF6   A9 00      LDA #&00
     8BF8   8D 77 10   STA &1077
     8BFB   A5 C2      LDA &C2
     8BFD   20 0E 82   JSR &820E
     8C00   C9 03      CMP #&03
     8C02   D0 05      BNE &8C09
     8C04   A9 FF      LDA #&FF
     8C06   8D 77 10   STA &1077
.exadd_nothost
     8C09   8D 76 10   STA &1076
     8C0C   60         RTS
.Set_CurDirDrv_ToDefaults
     8C0D   AD C9 10   LDA &10C9
     8C10   85 CC      STA &CC
.Set_CurDrv_ToDefault
     8C12   AD CA 10   LDA &10CA
.SetCurrentDrive_Adrive
     8C15   29 03      AND #&03
.SetCurrentDrive_Adrive_noand
     8C17   85 CD      STA &CD
     8C19   60         RTS
.Param_OptionalDriveNo
     8C1A   20 B9 81   JSR &81B9
     8C1D   F0 F3      BEQ &8C12
.Param_DriveNo_Syntax
     8C1F   20 00 9B   JSR &9B00
.Param_DriveNo_BadDrive
     8C22   20 9E 81   JSR &819E
     8C25   B0 0B      BCS &8C32
     8C27   C9 3A      CMP #&3A
     8C29   F0 F7      BEQ &8C22
     8C2B   38         SEC
     8C2C   E9 30      SBC #&30
     8C2E   C9 04      CMP #&04
     8C30   90 E5      BCC &8C17
.errBADDRIVE
     8C32   20 51 80   JSR &8051
     8C35   CD
     8C36   64 72 69 ...
     8C3B   00
.jmpSYNTAX
     8C3C   4C 0C 9B   JMP &9B0C
.errDISKNOTFOUND
     8C3F   20 46 80   JSR &8046
     8C42   D6
     8C43   6E 6F 74 ...
     8C4C   00
.Param_DriveAndDisk
     8C4D   20 00 9B   JSR &9B00
     8C50   C9 22      CMP #&22
     8C52   D0 01      BNE &8C55
     8C54   88         DEY
.param_nq1
     8C55   84 B4      STY &B4
     8C57   20 9E 81   JSR &819E
     8C5A   C9 3A      CMP #&3A
     8C5C   D0 05      BNE &8C63
     8C5E   20 22 8C   JSR &8C22
     8C61   90 20      BCC &8C83
.param_dad
     8C63   A4 B4      LDY &B4
     8C65   20 12 8C   JSR &8C12
     8C68   20 59 84   JSR &8459
     8C6B   B0 29      BCS &8C96
     8C6D   20 B9 81   JSR &81B9
     8C70   F0 1B      BEQ &8C8D
     8C72   C9 22      CMP #&22
     8C74   D0 01      BNE &8C77
     8C76   88         DEY
.param_nq2
     8C77   A5 B1      LDA &B1
     8C79   D0 B7      BNE &8C32
     8C7B   A5 B0      LDA &B0
     8C7D   C9 04      CMP #&04
     8C7F   B0 B1      BCS &8C32
     8C81   85 CD      STA &CD
.Param_Disk
     8C83   20 59 84   JSR &8459
     8C86   B0 0E      BCS &8C96
     8C88   20 B9 81   JSR &81B9
     8C8B   D0 AF      BNE &8C3C
.gdnodrv
     8C8D   A5 B1      LDA &B1
     8C8F   85 B9      STA &B9
     8C91   A5 B0      LDA &B0
     8C93   85 B8      STA &B8
.gddfound
     8C95   60         RTS
.gddfind
     8C96   20 D5 AD   JSR &ADD5
     8C99   A2 00      LDX #&00
     8C9B   20 27 A7   JSR &A727
     8C9E   AD 0D 10   LDA &100D
     8CA1   F0 99      BEQ &8C3C
     8CA3   AD 0E 10   LDA &100E
     8CA6   D0 94      BNE &8C3C
.gddlp
     8CA8   A5 B9      LDA &B9
     8CAA   30 93      BMI &8C3F
     8CAC   20 24 AE   JSR &AE24
     8CAF   90 E4      BCC &8C95
     8CB1   20 64 A7   JSR &A764
     8CB4   4C A8 8C   JMP &8CA8
.CMD_RENAME
     8CB7   20 57 93   JSR &9357
     8CBA   20 00 9B   JSR &9B00
     8CBD   20 42 81   JSR &8142
     8CC0   98         TYA
     8CC1   48         PHA
     8CC2   20 31 82   JSR &8231
     8CC5   20 15 94   JSR &9415
     8CC8   84 C4      STY &C4
     8CCA   68         PLA
     8CCB   A8         TAY
     8CCC   20 00 9B   JSR &9B00
     8CCF   A5 CD      LDA &CD
     8CD1   48         PHA
     8CD2   20 42 81   JSR &8142
     8CD5   68         PLA
     8CD6   C5 CD      CMP &CD
     8CD8   D0 14      BNE &8CEE
     8CDA   20 76 82   JSR &8276
     8CDD   90 12      BCC &8CF1
     8CDF   C4 C4      CPY &C4
     8CE1   F0 0E      BEQ &8CF1
.errFILEEXISTS
     8CE3   20 5B 80   JSR &805B
     8CE6   C4
     8CE7   45 78 69 ...
     8CED   00
.jmpBADDRIVE
     8CEE   4C 32 8C   JMP &8C32
.rname_ok
     8CF1   A4 C4      LDY &C4
     8CF3   20 3D 88   JSR &883D
     8CF6   A2 07      LDX #&07
.rname_loop
     8CF8   B5 C5      LDA &C5,X
     8CFA   99 07 0E   STA &0E07,Y
     8CFD   88         DEY
     8CFE   CA         DEX
     8CFF   10 F7      BPL &8CF8
     8D01   4C E2 A5   JMP &A5E2
.TUBE_CheckIfPresent
     8D04   A9 EA      LDA #&EA
     8D06   A2 00      LDX #&00
     8D08   A0 FF      LDY #&FF
     8D0A   20 F4 FF   JSR &FFF4
     8D0D   8A         TXA
     8D0E   49 FF      EOR #&FF
     8D10   8D D6 10   STA &10D6
     8D13   60         RTS
.TUBE_CLAIM
     8D14   48         PHA
.tclaim_loop
     8D15   A9 CA      LDA #&CA
     8D17   20 06 04   JSR &0406
     8D1A   90 F9      BCC &8D15
     8D1C   68         PLA
     8D1D   60         RTS
.TUBE_RELEASE
     8D1E   20 04 8D   JSR &8D04
     8D21   30 07      BMI &8D2A
.TUBE_RELEASE_NoCheck
     8D23   48         PHA
     8D24   A9 8A      LDA #&8A
     8D26   20 06 04   JSR &0406
     8D29   68         PLA
.trelease_exit
     8D2A   60         RTS
.CheckESCAPE
     8D2B   24 FF      BIT &FF
     8D2D   10 1F      BPL &8D4E
.ReportESCAPE
     8D2F   A9 7E      LDA #&7E
     8D31   20 F4 FF   JSR &FFF4
     8D34   20 6B 80   JSR &806B
     8D37   11
     8D38   45 73 63 ...
     8D3E   00
.PrintHex100
     8D3F   48         PHA
     8D40   20 18 82   JSR &8218
     8D43   20 47 8D   JSR &8D47
     8D46   68         PLA
.PrintNib100
     8D47   20 1D 81   JSR &811D
     8D4A   99 00 01   STA &0100,Y
     8D4D   C8         INY
.noesc
     8D4E   60         RTS
.BootOptions
     8D4F   4C 2E 21 ...
     8D56   0D
     8D57   45 2E 21 ...
     8D5E   0D
.AUTOBOOT
     8D5F   A2 00      LDX #&00
.bootprloop
     8D61   BD 09 80   LDA &8009,X
     8D64   F0 06      BEQ &8D6C
     8D66   20 EE FF   JSR &FFEE
     8D69   E8         INX
     8D6A   D0 F5      BNE &8D61
.bootprexit
     8D6C   20 E7 FF   JSR &FFE7
     8D6F   20 E7 FF   JSR &FFE7
     8D72   A5 B3      LDA &B3
     8D74   4C 83 8D   JMP &8D83
.CMD_DISC
     8D77   A6 F4      LDX &F4
     8D79   BD F0 0D   LDA &0DF0,X
     8D7C   29 40      AND #&40
     8D7E   F0 01      BEQ &8D81
     8D80   60         RTS
.CMD_CARD
     8D81   A9 FF      LDA #&FF
.initMMFS
     8D83   20 17 97   JSR &9717
     8D86   48         PHA
     8D87   A9 06      LDA #&06
     8D89   20 2F 80   JSR &802F
     8D8C   A2 0D      LDX #&0D
.vectloop
     8D8E   BD 84 94   LDA &9484,X
     8D91   9D 12 02   STA &0212,X
     8D94   CA         DEX
     8D95   10 F7      BPL &8D8E
     8D97   A9 A8      LDA #&A8
     8D99   20 7D 94   JSR &947D
     8D9C   84 B1      STY &B1
     8D9E   86 B0      STX &B0
     8DA0   A2 07      LDX #&07
     8DA2   A0 1B      LDY #&1B
.extendedvec_loop
     8DA4   B9 77 94   LDA &9477,Y
     8DA7   91 B0      STA (&B0),Y
     8DA9   C8         INY
     8DAA   B9 77 94   LDA &9477,Y
     8DAD   91 B0      STA (&B0),Y
     8DAF   C8         INY
     8DB0   A5 F4      LDA &F4
     8DB2   91 B0      STA (&B0),Y
     8DB4   C8         INY
     8DB5   CA         DEX
     8DB6   D0 EC      BNE &8DA4
     8DB8   8C 82 10   STY &1082
     8DBB   8C 83 10   STY &1083
     8DBE   86 CD      STX &CD
     8DC0   8E 9F 10   STX &109F
     8DC3   A2 0F      LDX #&0F
     8DC5   A9 8F      LDA #&8F
     8DC7   20 F4 FF   JSR &FFF4
     8DCA   20 6F 94   JSR &946F
     8DCD   A0 D3      LDY #&D3
     8DCF   B1 B0      LDA (&B0),Y
     8DD1   10 37      BPL &8E0A
     8DD3   A0 D4      LDY #&D4
     8DD5   B1 B0      LDA (&B0),Y
     8DD7   30 56      BMI &8E2F
     8DD9   20 58 94   JSR &9458
     8DDC   A0 00      LDY #&00
.copyfromPWStoSWS_loop
     8DDE   B1 B0      LDA (&B0),Y
     8DE0   C0 C0      CPY #&C0
     8DE2   90 05      BCC &8DE9
     8DE4   99 00 10   STA &1000,Y
     8DE7   B0 03      BCS &8DEC
.copyfromPWS1
     8DE9   99 00 11   STA &1100,Y
.copyfromPWS2
     8DEC   88         DEY
     8DED   D0 EF      BNE &8DDE
     8DEF   20 D4 A3   JSR &A3D4
     8DF2   CD EF 10   CMP &10EF
     8DF5   D0 16      BNE &8E0D
     8DF7   A9 A0      LDA #&A0
.setchansloop
     8DF9   A8         TAY
     8DFA   48         PHA
     8DFB   A9 3F      LDA #&3F
     8DFD   20 C3 98   JSR &98C3
     8E00   68         PLA
     8E01   99 1D 11   STA &111D,Y
     8E04   E9 1F      SBC #&1F
     8E06   D0 F1      BNE &8DF9
     8E08   F0 25      BEQ &8E2F
.initdfs_reset
     8E0A   20 58 94   JSR &9458
.setdefaults
     8E0D   A9 24      LDA #&24
     8E0F   8D C9 10   STA &10C9
     8E12   8D CB 10   STA &10CB
     8E15   A9 00      LDA #&00
     8E17   8D CC 10   STA &10CC
     8E1A   A0 00      LDY #&00
     8E1C   8C CA 10   STY &10CA
     8E1F   8C C0 10   STY &10C0
     8E22   88         DEY
     8E23   8C C7 10   STY &10C7
     8E26   8C C6 10   STY &10C6
     8E29   8C DD 10   STY &10DD
     8E2C   20 54 8E   JSR &8E54
.initdfs_noreset
     8E2F   20 04 8D   JSR &8D04
     8E32   68         PLA
     8E33   D0 0B      BNE &8E40
     8E35   20 D4 A5   JSR &A5D4
     8E38   AD 06 0F   LDA &0F06
     8E3B   20 18 82   JSR &8218
     8E3E   D0 01      BNE &8E41
.initdfs_exit
     8E40   60         RTS
.notOPT0
     8E41   A0 8D      LDY #&8D
     8E43   A2 4F      LDX #&4F
     8E45   C9 02      CMP #&02
     8E47   90 08      BCC &8E51
     8E49   F0 04      BEQ &8E4F
     8E4B   A2 57      LDX #&57
     8E4D   D0 02      BNE &8E51
.oscliOPT2
     8E4F   A2 59      LDX #&59
.jmpOSCLI
     8E51   4C F7 FF   JMP &FFF7
.VIDRESET
     8E54   A0 10      LDY #&10
     8E56   A9 00      LDA #&00
.loop
     8E58   99 DF 10   STA &10DF,Y
     8E5B   88         DEY
     8E5C   10 FA      BPL &8E58
     8E5E   A9 01      LDA #&01
     8E60   8D EF 10   STA &10EF
     8E63   60         RTS
.MMFS_SERVICECALLS
     8E64   20 56 B5   JSR &B556
     8E67   48         PHA
     8E68   BD F0 0D   LDA &0DF0,X
     8E6B   30 1E      BMI &8E8B
.lbl1
     8E6D   68         PLA
     8E6E   C9 12      CMP #&12
     8E70   F0 31      BEQ &8EA3
     8E72   C9 0B      CMP #&0B
     8E74   B0 14      BCS &8E8A
.label4
     8E76   0A         ASL A
     8E77   AA         TAX
     8E78   BD 8E 8E   LDA &8E8E,X
     8E7B   48         PHA
     8E7C   BD 8D 8E   LDA &8E8D,X
     8E7F   48         PHA
     8E80   8A         TXA
     8E81   A6 F4      LDX &F4
     8E83   4A         LSR A
     8E84   C9 0B      CMP #&0B
     8E86   90 02      BCC &8E8A
     8E88   69 15      ADC #&15
.label3
.SERVICE_NULL
     8E8A   60         RTS
.romdisabled
     8E8B   68         PLA
     8E8C   60         RTS
.data
     8E8D   89 8E
     8E8F   AC 8E
     8E91   B3 8E
     8E93   F4 8E
     8E95   0D 8F
     8E97   89 8E
     8E99   89 8E
     8E9B   89 8E
     8E9D   19 8F
     8E9F   77 8F
     8EA1   88 8F
.SERVICE12_init_filesystem
Macro BP12K_NEST:
End macro BP12K_NEST
     8EA3   C0 04      CPY #&04
     8EA5   D0 E3      BNE &8E8A
     8EA7   20 EC 83   JSR &83EC
     8EAA   4C 81 8D   JMP &8D81
.SERVICE01_claim_absworkspace
     8EAD   C0 17      CPY #&17
     8EAF   B0 02      BCS &8EB3
     8EB1   A0 17      LDY #&17
.exit
     8EB3   60         RTS
.SERVICE02_claim_privworkspace
     8EB4   98         TYA
     8EB5   48         PHA
     8EB6   85 B1      STA &B1
     8EB8   BC F0 0D   LDY &0DF0,X
     8EBB   98         TYA
     8EBC   29 40      AND #&40
     8EBE   05 B1      ORA &B1
     8EC0   9D F0 0D   STA &0DF0,X
     8EC3   A9 00      LDA #&00
     8EC5   85 B0      STA &B0
     8EC7   C4 B1      CPY &B1
     8EC9   F0 04      BEQ &8ECF
     8ECB   A0 D3      LDY #&D3
     8ECD   91 B0      STA (&B0),Y
.samepage
     8ECF   A9 FD      LDA #&FD
     8ED1   20 7D 94   JSR &947D
     8ED4   CA         DEX
     8ED5   8A         TXA
     8ED6   A0 D3      LDY #&D3
     8ED8   31 B0      AND (&B0),Y
     8EDA   91 B0      STA (&B0),Y
     8EDC   08         PHP
     8EDD   C8         INY
     8EDE   28         PLP
     8EDF   10 07      BPL &8EE8
     8EE1   B1 B0      LDA (&B0),Y
     8EE3   10 03      BPL &8EE8
     8EE5   20 8B 89   JSR &898B
.notsoft
     8EE8   A9 00      LDA #&00
     8EEA   91 B0      STA (&B0),Y
     8EEC   A6 F4      LDX &F4
     8EEE   68         PLA
     8EEF   A8         TAY
     8EF0   A9 02      LDA #&02
     8EF2   C8         INY
     8EF3   C8         INY
.srv3_exit
     8EF4   60         RTS
.SERVICE03_autoboot
Macro BP12K_NEST:
End macro BP12K_NEST
     8EF5   20 EC 83   JSR &83EC
     8EF8   84 B3      STY &B3
     8EFA   A9 7A      LDA #&7A
     8EFC   20 F4 FF   JSR &FFF4
     8EFF   8A         TXA
     8F00   30 09      BMI &8F0B
     8F02   C9 65      CMP #&65
     8F04   D0 EE      BNE &8EF4
     8F06   A9 78      LDA #&78
     8F08   20 F4 FF   JSR &FFF4
.jmpAUTOBOOT
     8F0B   4C 5F 8D   JMP &8D5F
.SERVICE04_unrec_command
Macro BP12K_NEST:
End macro BP12K_NEST
     8F0E   20 EC 83   JSR &83EC
     8F11   A2 8D      LDX #&8D
.jmpunreccmd
     8F13   4C 75 87   JMP &8775
.NotCmdTable22
     8F16   A2 76      LDX #&76
     8F18   D0 F9      BNE &8F13
.SERVICE08_unrec_OSWORD
Macro BP12K_NEST:
End macro BP12K_NEST
     8F1A   20 EC 83   JSR &83EC
     8F1D   A4 EF      LDY &EF
     8F1F   30 2F      BMI &8F50
     8F21   C0 7D      CPY #&7D
     8F23   90 2B      BCC &8F50
     8F25   AD 13 02   LDA &0213
     8F28   C9 FF      CMP #&FF
     8F2A   D0 24      BNE &8F50
     8F2C   AD 12 02   LDA &0212
     8F2F   C9 1B      CMP #&1B
     8F31   D0 1D      BNE &8F50
     8F33   AD BC 0D   LDA &0DBC
     8F36   C5 F4      CMP &F4
     8F38   D0 16      BNE &8F50
     8F3A   20 17 97   JSR &9717
     8F3D   A6 F0      LDX &F0
     8F3F   86 B0      STX &B0
     8F41   A6 F1      LDX &F1
     8F43   86 B1      STX &B1
     8F45   A4 EF      LDY &EF
     8F47   C8         INY
     8F48   10 07      BPL &8F51
     8F4A   08         PHP
     8F4B   58         CLI
     8F4C   20 8F B1   JSR &B18F
     8F4F   28         PLP
.notMMFS
.exit
     8F50   60         RTS
.notOSWORD7F
     8F51   20 CE A5   JSR &A5CE
     8F54   C8         INY
     8F55   30 08      BMI &8F5F
     8F57   A0 00      LDY #&00
     8F59   AD 04 0F   LDA &0F04
     8F5C   91 B0      STA (&B0),Y
     8F5E   60         RTS
.OSWORD7E
     8F5F   A9 00      LDA #&00
     8F61   A8         TAY
     8F62   91 B0      STA (&B0),Y
     8F64   C8         INY
     8F65   AD 07 0F   LDA &0F07
     8F68   91 B0      STA (&B0),Y
     8F6A   C8         INY
     8F6B   AD 06 0F   LDA &0F06
     8F6E   29 03      AND #&03
     8F70   91 B0      STA (&B0),Y
     8F72   C8         INY
     8F73   A9 00      LDA #&00
     8F75   91 B0      STA (&B0),Y
     8F77   60         RTS
.SERVICE09_help
     8F78   20 EC 83   JSR &83EC
     8F7B   B1 F2      LDA (&F2),Y
     8F7D   A2 A3      LDX #&A3
     8F7F   C9 0D      CMP #&0D
     8F81   D0 90      BNE &8F13
     8F83   98         TYA
     8F84   A0 03      LDY #&03
     8F86   4C AC 9A   JMP &9AAC
.SERVICE0A_claim_statworkspace
     8F89   20 EC 83   JSR &83EC
     8F8C   20 6F 94   JSR &946F
     8F8F   A0 D4      LDY #&D4
     8F91   B1 B0      LDA (&B0),Y
     8F93   10 15      BPL &8FAA
     8F95   A0 00      LDY #&00
     8F97   20 03 97   JSR &9703
     8F9A   20 8B 89   JSR &898B
     8F9D   20 6F 94   JSR &946F
     8FA0   A0 D4      LDY #&D4
     8FA2   A9 00      LDA #&00
     8FA4   91 B0      STA (&B0),Y
     8FA6   BA         TSX
     8FA7   9D 05 01   STA &0105,X
.exit
     8FAA   60         RTS
.FILEV_ENTRY
     8FAB   20 15 84   JSR &8415
     8FAE   48         PHA
     8FAF   20 57 93   JSR &9357
     8FB2   86 B0      STX &B0
     8FB4   8E DB 10   STX &10DB
     8FB7   84 B1      STY &B1
     8FB9   8C DC 10   STY &10DC
     8FBC   A2 00      LDX #&00
     8FBE   A0 00      LDY #&00
     8FC0   20 38 81   JSR &8138
.filev_copyparams_loop
     8FC3   20 28 81   JSR &8128
     8FC6   C0 12      CPY #&12
     8FC8   D0 F9      BNE &8FC3
     8FCA   68         PLA
     8FCB   AA         TAX
     8FCC   E8         INX
     8FCD   E0 08      CPX #&08
     8FCF   B0 08      BCS &8FD9
     8FD1   BD C7 94   LDA &94C7,X
     8FD4   48         PHA
     8FD5   BD BF 94   LDA &94BF,X
     8FD8   48         PHA
.filev_unknownop
     8FD9   A9 00      LDA #&00
     8FDB   60         RTS
.FSCV_ENTRY
     8FDC   C9 0C      CMP #&0C
     8FDE   B0 F9      BCS &8FD9
     8FE0   86 B5      STX &B5
     8FE2   AA         TAX
     8FE3   BD B3 94   LDA &94B3,X
     8FE6   48         PHA
     8FE7   BD A7 94   LDA &94A7,X
     8FEA   48         PHA
     8FEB   8A         TXA
     8FEC   A6 B5      LDX &B5
     8FEE   60         RTS
.GBPBV_ENTRY
     8FEF   C9 09      CMP #&09
     8FF1   B0 1D      BCS &9010
     8FF3   20 EC 83   JSR &83EC
     8FF6   20 17 97   JSR &9717
     8FF9   8E 7D 10   STX &107D
     8FFC   8C 7E 10   STY &107E
     8FFF   A8         TAY
     9000   4C B1 91   JMP &91B1
.upgbpb
     9003   20 11 90   JSR &9011
     9006   08         PHP
     9007   2C 81 10   BIT &1081
     900A   10 03      BPL &900F
     900C   20 23 8D   JSR &8D23
.gbpb_nottube
     900F   28         PLP
.gbpbv_unrecop
     9010   60         RTS
.gbpb_gosub
     9011   B9 CF 94   LDA &94CF,Y
     9014   8D D7 10   STA &10D7
     9017   B9 D8 94   LDA &94D8,Y
     901A   8D D8 10   STA &10D8
     901D   B9 E1 94   LDA &94E1,Y
     9020   4A         LSR A
     9021   08         PHP
     9022   4A         LSR A
     9023   08         PHP
     9024   8D 7F 10   STA &107F
     9027   A0 0C      LDY #&0C
.gbpb_ctlblk_loop
     9029   B1 B4      LDA (&B4),Y
     902B   99 60 10   STA &1060,Y
     902E   88         DEY
     902F   10 F8      BPL &9029
     9031   AD 63 10   LDA &1063
     9034   2D 64 10   AND &1064
     9037   0D D6 10   ORA &10D6
     903A   18         CLC
     903B   69 01      ADC #&01
     903D   F0 06      BEQ &9045
     903F   20 14 8D   JSR &8D14
     9042   18         CLC
     9043   A9 FF      LDA #&FF
.gbpb_nottube1
     9045   8D 81 10   STA &1081
     9048   AD 7F 10   LDA &107F
     904B   B0 07      BCS &9054
     904D   A2 61      LDX #&61
     904F   A0 10      LDY #&10
     9051   20 06 04   JSR &0406
.gbpb_nottube2
     9054   28         PLP
     9055   B0 04      BCS &905B
     9057   28         PLP
.gbpb_jmpsub
     9058   6C D7 10   JMP (&10D7)
.gbpb_rw_seqptr
     905B   A2 03      LDX #&03
.gbpb_seqptr_loop1
     905D   BD 69 10   LDA &1069,X
     9060   95 B6      STA &B6,X
     9062   CA         DEX
     9063   10 F8      BPL &905D
     9065   A2 B6      LDX #&B6
     9067   AC 60 10   LDY &1060
     906A   A9 00      LDA #&00
     906C   28         PLP
     906D   B0 03      BCS &9072
     906F   20 FD 99   JSR &99FD
.gpbp_dontwriteseqptr
     9072   20 62 97   JSR &9762
     9075   A2 03      LDX #&03
.gbpb_seqptr_loop2
     9077   B5 B6      LDA &B6,X
     9079   9D 69 10   STA &1069,X
     907C   CA         DEX
     907D   10 F8      BPL &9077
.gbpb_rwdata
     907F   20 4F 91   JSR &914F
     9082   30 0D      BMI &9091
.gbpb_data_loop
     9084   AC 60 10   LDY &1060
     9087   20 58 90   JSR &9058
     908A   B0 0D      BCS &9099
     908C   A2 09      LDX #&09
     908E   20 8A 91   JSR &918A
.gbpb_data_loopin
     9091   A2 05      LDX #&05
     9093   20 8A 91   JSR &918A
     9096   D0 EC      BNE &9084
     9098   18         CLC
.gbpb_data_loopout
     9099   08         PHP
     909A   20 4F 91   JSR &914F
     909D   A2 05      LDX #&05
     909F   20 8A 91   JSR &918A
     90A2   20 5D 91   JSR &915D
     90A5   A0 0C      LDY #&0C
.gbpb_restorectlblk_loop
     90A7   B9 60 10   LDA &1060,Y
     90AA   91 B4      STA (&B4),Y
     90AC   88         DEY
     90AD   10 F8      BPL &90A7
     90AF   28         PLP
     90B0   60         RTS
.gbpb8_rdfilescurdir
     90B1   20 C3 A5   JSR &A5C3
     90B4   A9 C0      LDA #&C0
     90B6   8D D7 10   STA &10D7
     90B9   A9 90      LDA #&90
     90BB   8D D8 10   STA &10D8
     90BE   D0 BF      BNE &907F
.gbpb8_getbyte
     90C0   AC 69 10   LDY &1069
.gbpb8_loop
     90C3   CC 05 0F   CPY &0F05
     90C6   B0 28      BCS &90F0
     90C8   B9 0F 0E   LDA &0E0F,Y
     90CB   20 2F 83   JSR &832F
     90CE   45 CC      EOR &CC
     90D0   B0 02      BCS &90D4
     90D2   29 DF      AND #&DF
.gbpb8_notalpha
     90D4   29 7F      AND #&7F
     90D6   F0 05      BEQ &90DD
     90D8   20 3D 88   JSR &883D
     90DB   D0 E6      BNE &90C3
.gbpb8_filefound
     90DD   A9 07      LDA #&07
     90DF   20 76 91   JSR &9176
     90E2   85 B0      STA &B0
.gbpb8_copyfn_loop
     90E4   B9 08 0E   LDA &0E08,Y
     90E7   20 76 91   JSR &9176
     90EA   C8         INY
     90EB   C6 B0      DEC &B0
     90ED   D0 F5      BNE &90E4
     90EF   18         CLC
.gbpb8_endofcat
     90F0   8C 69 10   STY &1069
     90F3   AD 04 0F   LDA &0F04
     90F6   8D 60 10   STA &1060
     90F9   60         RTS
.gbpb5_getmediatitle
     90FA   20 C3 A5   JSR &A5C3
     90FD   A9 0C      LDA #&0C
     90FF   20 76 91   JSR &9176
     9102   A0 00      LDY #&00
.gbpb5_titleloop
     9104   C0 08      CPY #&08
     9106   B0 05      BCS &910D
     9108   B9 00 0E   LDA &0E00,Y
     910B   90 03      BCC &9110
.gbpb5_titlehi
     910D   B9 F8 0E   LDA &0EF8,Y
.gbpb5_titlelo
     9110   20 76 91   JSR &9176
     9113   C8         INY
     9114   C0 0C      CPY #&0C
     9116   D0 EC      BNE &9104
     9118   AD 06 0F   LDA &0F06
     911B   20 18 82   JSR &8218
     911E   20 76 91   JSR &9176
     9121   A5 CD      LDA &CD
     9123   4C 76 91   JMP &9176
.gbpb6_rdcurdirdevice
     9126   20 6D 91   JSR &916D
     9129   AD CA 10   LDA &10CA
     912C   20 68 91   JSR &9168
     912F   AD C9 10   LDA &10C9
     9132   D0 42      BNE &9176
.gbpb7_rdcurlibdevice
     9134   20 6D 91   JSR &916D
     9137   AD CC 10   LDA &10CC
     913A   20 68 91   JSR &9168
     913D   AD CB 10   LDA &10CB
     9140   D0 34      BNE &9176
.gpbp_B8memptr
     9142   AE 61 10   LDX &1061
     9145   86 B8      STX &B8
     9147   AE 62 10   LDX &1062
     914A   86 B9      STX &B9
     914C   A2 00      LDX #&00
     914E   60         RTS
.gbpb_bytesxferinvert
     914F   A2 03      LDX #&03
.gbpb_bytesxferinvert_loop
     9151   A9 FF      LDA #&FF
     9153   5D 65 10   EOR &1065,X
     9156   9D 65 10   STA &1065,X
     9159   CA         DEX
     915A   10 F5      BPL &9151
     915C   60         RTS
.gbpb_wordB4_word107D
     915D   AD 7D 10   LDA &107D
     9160   85 B4      STA &B4
     9162   AD 7E 10   LDA &107E
     9165   85 B5      STA &B5
     9167   60         RTS
.gbpb_gb_SAVEBYTE_and_gbpb_SAVE_01
     9168   09 30      ORA #&30
     916A   20 76 91   JSR &9176
.gbpb_SAVE_01
     916D   A9 01      LDA #&01
     916F   D0 05      BNE &9176
.gbpb_getbyteSAVEBYTE
     9171   20 70 98   JSR &9870
     9174   B0 1F      BCS &9195
.gbpb_gb_SAVEBYTE
     9176   2C 81 10   BIT &1081
     9179   10 05      BPL &9180
     917B   8D E5 FC   STA &FCE5
     917E   30 05      BMI &9185
.gBpb_gb_fromhost
     9180   20 42 91   JSR &9142
     9183   81 B8      STA (&B8,X)
.gbpb_incDataPtr
     9185   20 EC 83   JSR &83EC
     9188   A2 01      LDX #&01
.gbpb_incdblword1060X
     918A   A0 04      LDY #&04
.gbpb_incdblword_loop
     918C   FE 60 10   INC &1060,X
     918F   D0 04      BNE &9195
     9191   E8         INX
     9192   88         DEY
     9193   D0 F7      BNE &918C
.gbpb_incdblworkd_exit
     9195   60         RTS
.gbpb_putbytes
     9196   20 9E 91   JSR &919E
     9199   20 2D 99   JSR &992D
     919C   18         CLC
     919D   60         RTS
.gpbp_pb_LOADBYTE
     919E   2C 81 10   BIT &1081
     91A1   10 06      BPL &91A9
     91A3   AD E5 FC   LDA &FCE5
     91A6   4C 85 91   JMP &9185
.gbpb_pb_fromhost
     91A9   20 42 91   JSR &9142
     91AC   A1 B8      LDA (&B8,X)
     91AE   4C 85 91   JMP &9185
.fastgb
     91B1   20 5D 91   JSR &915D
     91B4   B9 E1 94   LDA &94E1,Y
     91B7   29 03      AND #&03
     91B9   4A         LSR A
     91BA   F0 4A      BEQ &9206
     91BC   8C 6D 10   STY &106D
     91BF   A0 0C      LDY #&0C
.copyl0
     91C1   B1 B4      LDA (&B4),Y
     91C3   99 60 10   STA &1060,Y
     91C6   88         DEY
     91C7   10 F8      BPL &91C1
     91C9   A8         TAY
     91CA   A2 03      LDX #&03
.initl
     91CC   BD 65 10   LDA &1065,X
     91CF   9D 6E 10   STA &106E,X
     91D2   CA         DEX
     91D3   10 F7      BPL &91CC
     91D5   AD 69 10   LDA &1069
     91D8   90 09      BCC &91E3
     91DA   98         TYA
     91DB   20 1D 82   JSR &821D
     91DE   A8         TAY
     91DF   B9 10 11   LDA &1110,Y
     91E2   18         CLC
.dcptr
     91E3   49 FF      EOR #&FF
     91E5   69 01      ADC #&01
     91E7   A0 FC      LDY #&FC
.hdrext
     91E9   99 69 0F   STA &0F69,Y
     91EC   A9 00      LDA #&00
     91EE   C8         INY
     91EF   D0 F8      BNE &91E9
     91F1   20 1F 93   JSR &931F
     91F4   90 02      BCC &91F8
     91F6   D0 46      BNE &923E
.trailr
     91F8   20 35 93   JSR &9335
.drain
     91FB   A9 60      LDA #&60
     91FD   85 B4      STA &B4
     91FF   A9 10      LDA #&10
     9201   85 B5      STA &B5
     9203   AC 6D 10   LDY &106D
.chain
     9206   4C 03 90   JMP &9003
.morfst
     9209   AD 71 10   LDA &1071
     920C   20 2E 93   JSR &932E
     920F   D0 32      BNE &9243
     9211   8D 66 10   STA &1066
     9214   8D 67 10   STA &1067
     9217   AD 6E 10   LDA &106E
     921A   D0 DC      BNE &91F8
     921C   18         CLC
.fgbfin
     921D   08         PHP
     921E   20 35 93   JSR &9335
     9221   28         PLP
     9222   20 5D 91   JSR &915D
     9225   A0 0C      LDY #&0C
.retnl
     9227   B9 60 10   LDA &1060,Y
     922A   91 B4      STA (&B4),Y
     922C   88         DEY
     922D   10 F8      BPL &9227
     922F   60         RTS
.setmax
     9230   8D 67 10   STA &1067
     9233   0D 66 10   ORA &1066
     9236   D0 4B      BNE &9283
.throw
     9238   A0 FD      LDY #&FD
     923A   A9 01      LDA #&01
     923C   D0 AB      BNE &91E9
.align
     923E   20 FB 91   JSR &91FB
     9241   B0 DA      BCS &921D
.dofast
     9243   AE 71 10   LDX &1071
     9246   F0 02      BEQ &924A
     9248   A2 FF      LDX #&FF
.sclamp
     924A   8A         TXA
     924B   0D 70 10   ORA &1070
     924E   8D 67 10   STA &1067
     9251   8A         TXA
     9252   0D 6F 10   ORA &106F
     9255   AA         TAX
     9256   AD C2 10   LDA &10C2
     9259   38         SEC
     925A   6D 6D 10   ADC &106D
     925D   49 04      EOR #&04
     925F   29 E4      AND #&E4
     9261   A8         TAY
     9262   B9 15 11   LDA &1115,Y
     9265   38         SEC
     9266   ED 6A 10   SBC &106A
     9269   8D 66 10   STA &1066
     926C   B9 16 11   LDA &1116,Y
     926F   ED 6B 10   SBC &106B
     9272   90 C4      BCC &9238
     9274   CD 67 10   CMP &1067
     9277   90 B7      BCC &9230
     9279   D0 05      BNE &9280
     927B   EC 66 10   CPX &1066
     927E   B0 B0      BCS &9230
.sectr0
     9280   8E 66 10   STX &1066
.sectr1
     9283   AC C2 10   LDY &10C2
     9286   20 07 95   JSR &9507
     9289   20 CB 98   JSR &98CB
     928C   A9 3F      LDA #&3F
     928E   99 1D 11   STA &111D,Y
     9291   20 C3 98   JSR &98C3
     9294   AD 61 10   LDA &1061
     9297   85 BC      STA &BC
     9299   AD 62 10   LDA &1062
     929C   85 BD      STA &BD
     929E   AD 63 10   LDA &1063
     92A1   8D 74 10   STA &1074
     92A4   AD 64 10   LDA &1064
     92A7   8D 75 10   STA &1075
     92AA   B9 0F 11   LDA &110F,Y
     92AD   18         CLC
     92AE   6D 6A 10   ADC &106A
     92B1   85 C3      STA &C3
     92B3   B9 0D 11   LDA &110D,Y
     92B6   6D 6B 10   ADC &106B
     92B9   29 03      AND #&03
     92BB   85 C2      STA &C2
     92BD   A9 00      LDA #&00
     92BF   85 C0      STA &C0
     92C1   AD 66 10   LDA &1066
     92C4   85 C1      STA &C1
     92C6   AD 67 10   LDA &1067
     92C9   20 1E 82   JSR &821E
     92CC   05 C2      ORA &C2
     92CE   85 C2      STA &C2
     92D0   AD 6D 10   LDA &106D
     92D3   EE DD 10   INC &10DD
     92D6   20 45 93   JSR &9345
     92D9   CE DD 10   DEC &10DD
     92DC   20 1F 93   JSR &931F
     92DF   AC 66 10   LDY &1066
     92E2   98         TYA
     92E3   18         CLC
     92E4   6D 62 10   ADC &1062
     92E7   8D 62 10   STA &1062
     92EA   AE 67 10   LDX &1067
     92ED   8A         TXA
     92EE   6D 63 10   ADC &1063
     92F1   8D 63 10   STA &1063
     92F4   90 03      BCC &92F9
     92F6   EE 64 10   INC &1064
.updp
     92F9   98         TYA
     92FA   AC C2 10   LDY &10C2
     92FD   18         CLC
     92FE   79 11 11   ADC &1111,Y
     9301   99 11 11   STA &1111,Y
     9304   8D 6A 10   STA &106A
     9307   8A         TXA
     9308   79 12 11   ADC &1112,Y
     930B   99 12 11   STA &1112,Y
     930E   8D 6B 10   STA &106B
     9311   98         TYA
     9312   20 70 9A   JSR &9A70
     9315   90 05      BCC &931C
     9317   F0 03      BEQ &931C
     9319   20 DB 99   JSR &99DB
.doneit
     931C   4C 09 92   JMP &9209
.subwk
     931F   38         SEC
     9320   A2 FC      LDX #&FC
.subwkl
     9322   BD 72 0F   LDA &0F72,X
     9325   FD 69 0F   SBC &0F69,X
     9328   9D 72 0F   STA &0F72,X
     932B   E8         INX
     932C   D0 F4      BNE &9322
.testl
     932E   0D 70 10   ORA &1070
     9331   0D 6F 10   ORA &106F
     9334   60         RTS
.addtol
     9335   18         CLC
     9336   A2 FC      LDX #&FC
.addl
     9338   BD 72 0F   LDA &0F72,X
     933B   7D 69 0F   ADC &0F69,X
     933E   9D 69 0F   STA &0F69,X
     9341   E8         INX
     9342   D0 F4      BNE &9338
     9344   60         RTS
.docmd
     9345   C9 03      CMP #&03
     9347   90 03      BCC &934C
.dordcmd
     9349   4C 8A 88   JMP &888A
.dowrcmd
     934C   4C A7 88   JMP &88A7
.fscv_osabouttoproccmd
     934F   2C C7 10   BIT &10C7
     9352   30 03      BMI &9357
     9354   CE C7 10   DEC &10C7
.parameter_fsp
     9357   A9 FF      LDA #&FF
     9359   8D CE 10   STA &10CE
.param_out
     935C   8D CD 10   STA &10CD
     935F   60         RTS
.parameter_afsp
     9360   A9 2A      LDA #&2A
     9362   8D CE 10   STA &10CE
     9365   A9 23      LDA #&23
     9367   D0 F3      BNE &935C
.osfile5_rdcatinfo
     9369   20 23 94   JSR &9423
     936C   20 8D 83   JSR &838D
     936F   A9 01      LDA #&01
     9371   60         RTS
.osfile6_delfile
     9372   20 00 94   JSR &9400
     9375   20 8D 83   JSR &838D
     9378   20 13 83   JSR &8313
     937B   4C A2 93   JMP &93A2
.osfile1_updatecat
     937E   20 23 94   JSR &9423
     9381   20 A8 93   JSR &93A8
     9384   20 C4 93   JSR &93C4
     9387   50 16      BVC &939F
.osfile3_wrexecaddr
     9389   20 23 94   JSR &9423
     938C   20 C4 93   JSR &93C4
     938F   50 11      BVC &93A2
.osfile2_wrloadaddr
     9391   20 23 94   JSR &9423
     9394   20 A8 93   JSR &93A8
     9397   50 09      BVC &93A2
.osfile4_wrattribs
     9399   20 23 94   JSR &9423
     939C   20 18 94   JSR &9418
.osfile_updatelocksavecat
     939F   20 E7 93   JSR &93E7
.osfile_savecat_retA_1
     93A2   20 E2 A5   JSR &A5E2
     93A5   A9 01      LDA #&01
     93A7   60         RTS
.osfile_update_loadaddr_Xoffset
     93A8   20 EC 83   JSR &83EC
     93AB   A0 02      LDY #&02
     93AD   B1 B0      LDA (&B0),Y
     93AF   9D 08 0F   STA &0F08,X
     93B2   C8         INY
     93B3   B1 B0      LDA (&B0),Y
     93B5   9D 09 0F   STA &0F09,X
     93B8   C8         INY
     93B9   B1 B0      LDA (&B0),Y
     93BB   0A         ASL A
     93BC   0A         ASL A
     93BD   5D 0E 0F   EOR &0F0E,X
     93C0   29 0C      AND #&0C
     93C2   10 1B      BPL &93DF
.osfile_update_execaddr_Xoffset
     93C4   20 EC 83   JSR &83EC
     93C7   A0 06      LDY #&06
     93C9   B1 B0      LDA (&B0),Y
     93CB   9D 0A 0F   STA &0F0A,X
     93CE   C8         INY
     93CF   B1 B0      LDA (&B0),Y
     93D1   9D 0B 0F   STA &0F0B,X
     93D4   C8         INY
     93D5   B1 B0      LDA (&B0),Y
     93D7   6A         ROR A
     93D8   6A         ROR A
     93D9   6A         ROR A
     93DA   5D 0E 0F   EOR &0F0E,X
     93DD   29 C0      AND #&C0
.osfile_savemixedbyte
     93DF   5D 0E 0F   EOR &0F0E,X
     93E2   9D 0E 0F   STA &0F0E,X
     93E5   B8         CLV
     93E6   60         RTS
.osfile_updatelock
     93E7   20 EC 83   JSR &83EC
     93EA   A0 0E      LDY #&0E
     93EC   B1 B0      LDA (&B0),Y
     93EE   29 0A      AND #&0A
     93F0   F0 02      BEQ &93F4
     93F2   A9 80      LDA #&80
.osfile_notlocked
     93F4   5D 0F 0E   EOR &0E0F,X
     93F7   29 80      AND #&80
     93F9   5D 0F 0E   EOR &0E0F,X
     93FC   9D 0F 0E   STA &0E0F,X
     93FF   60         RTS
.CheckFileNotLocked
     9400   20 2D 94   JSR &942D
     9403   90 23      BCC &9428
.CheckFileNotLockedY
     9405   B9 0F 0E   LDA &0E0F,Y
     9408   10 22      BPL &942C
.errFILELOCKED
     940A   20 5B 80   JSR &805B
     940D   C3
     940E   4C 6F 63 ...
     9414   00
.CheckFileNotLockedOrOpenY
     9415   20 05 94   JSR &9405
.CheckFileNotOpenY
     9418   20 EC 83   JSR &83EC
     941B   20 AC 96   JSR &96AC
     941E   90 21      BCC &9441
     9420   4C 10 96   JMP &9610
.CheckFileExists
     9423   20 2D 94   JSR &942D
     9426   B0 19      BCS &9441
.ExitCallingSubroutine
     9428   68         PLA
     9429   68         PLA
     942A   A9 00      LDA #&00
.chklock_exit
     942C   60         RTS
.read_fspBA_findcatentry
     942D   20 48 81   JSR &8148
     9430   20 76 82   JSR &8276
     9433   90 0C      BCC &9441
     9435   98         TYA
     9436   AA         TAX
.SetParamBlockPointerB0
     9437   AD DB 10   LDA &10DB
     943A   85 B0      STA &B0
     943C   AD DC 10   LDA &10DC
     943F   85 B1      STA &B1
.checkexit
     9441   60         RTS
.CalcRAM
     9442   A9 83      LDA #&83
     9444   20 F4 FF   JSR &FFF4
     9447   8C CF 10   STY &10CF
     944A   A9 84      LDA #&84
     944C   20 F4 FF   JSR &FFF4
     944F   98         TYA
     9450   38         SEC
     9451   ED CF 10   SBC &10CF
     9454   8D D0 10   STA &10D0
     9457   60         RTS
.ClaimStaticWorkspace
     9458   A2 0A      LDX #&0A
     945A   A9 8F      LDA #&8F
     945C   20 F4 FF   JSR &FFF4
     945F   20 6F 94   JSR &946F
     9462   A0 D3      LDY #&D3
     9464   A9 FF      LDA #&FF
     9466   91 B0      STA (&B0),Y
     9468   8D D3 10   STA &10D3
     946B   C8         INY
     946C   91 B0      STA (&B0),Y
     946E   60         RTS
.SetPrivateWorkspacePointerB0
     946F   A9 00      LDA #&00
     9471   85 B0      STA &B0
     9473   A6 F4      LDX &F4
     9475   BD F0 0D   LDA &0DF0,X
     9478   29 3F      AND #&3F
     947A   85 B1      STA &B1
     947C   60         RTS
.osbyte_X0YFF
     947D   A2 00      LDX #&00
.osbyte_YFF
     947F   A0 FF      LDY #&FF
     9481   4C F4 FF   JMP &FFF4
.vectors_table
     9484   1B FF
     9486   1E FF
     9488   21 FF
     948A   24 FF
     948C   27 FF
     948E   2A FF
     9490   2D FF
.extendedvectors_table
     9492   AB 8F
     9494   00         BRK
     9495   24 97
     9497   00         BRK
     9498   70 98
     949A   00         BRK
     949B   2D 99
     949D   00         BRK
     949E   EF 8F
     94A0   00         BRK
     94A1   49 95
     94A3   00         BRK
     94A4   DC 8F
     94A6   00         BRK
.fscv_table1
     94A7   65
     94A8   3C
     94A9   B2
     94AA   6F
     94AB   B2
     94AC   B7
     94AD   EE
     94AE   E9
     94AF   4E
     94B0   43
     94B1   62
     94B2   B2
.fscv_table2
     94B3   8A
     94B4   98
     94B5   88
     94B6   87
     94B7   88
     94B8   84
     94B9   94
     94BA   94
     94BB   93
     94BC   82
     94BD   82
     94BE   88
.finv_tablelo
     94BF   57
     94C0   9D
     94C1   7D
     94C2   90
     94C3   88
     94C4   98
     94C5   68
     94C6   71
.finv_tablehi
     94C7   88
     94C8   88
     94C9   93
     94CA   93
     94CB   93
     94CC   93
     94CD   93
     94CE   93
.gbpbv_table1
     94CF   C3
     94D0   96
     94D1   96
     94D2   71
     94D3   71
     94D4   FA
     94D5   26
     94D6   34
     94D7   B1
.gbpbv_table2
     94D8   82
     94D9   91
     94DA   91
     94DB   91
     94DC   91
     94DD   90
     94DE   91
     94DF   91
     94E0   90
.gbpbv_table3
     94E1   04
     94E2   02
     94E3   03
     94E4   06
     94E5   07
     94E6   04
     94E7   04
     94E8   04
     94E9   04
.fscv7_hndlrange
     94EA   A2 11      LDX #&11
     94EC   A0 15      LDY #&15
.closeallfiles_exit
     94EE   60         RTS
.fscv6_shutdownfilesys
     94EF   20 EC 83   JSR &83EC
.CloseSPOOLEXECfiles
     94F2   A9 77      LDA #&77
     94F4   4C F4 FF   JMP &FFF4
.CMD_CLOSE
.CloseAllFiles_Osbyte77
     94F7   20 F2 94   JSR &94F2
.CloseAllFiles
     94FA   A9 00      LDA #&00
.closeallfiles_loop
     94FC   18         CLC
     94FD   69 20      ADC #&20
     94FF   F0 ED      BEQ &94EE
     9501   A8         TAY
     9502   20 56 95   JSR &9556
     9505   D0 F5      BNE &94FC
.Channel_SetDirDrv_GetCatEntry_Yintch
     9507   20 22 95   JSR &9522
.Channel_GetCatEntry_Yintch
     950A   A2 06      LDX #&06
.chnl_getcatloop
     950C   B9 0C 11   LDA &110C,Y
     950F   95 C5      STA &C5,X
     9511   88         DEY
     9512   88         DEY
     9513   CA         DEX
     9514   10 F6      BPL &950C
     9516   20 81 82   JSR &8281
     9519   90 22      BCC &953D
     951B   8C C3 10   STY &10C3
     951E   AC C2 10   LDY &10C2
.chkdskchangexit
     9521   60         RTS
.Channel_SetDirDrive_Yintch
     9522   B9 0E 11   LDA &110E,Y
     9525   29 7F      AND #&7F
     9527   85 CC      STA &CC
     9529   B9 17 11   LDA &1117,Y
     952C   4C 15 8C   JMP &8C15
.CheckForDiskChange
     952F   20 EC 83   JSR &83EC
     9532   AD 04 0F   LDA &0F04
     9535   20 D1 A5   JSR &A5D1
     9538   CD 04 0F   CMP &0F04
     953B   F0 E4      BEQ &9521
.errDISKCHANGED
     953D   20 46 80   JSR &8046
     9540   C8
     9541   63 68 61 ...
     9548   00
.FINDV_ENTRY
     9549   29 C0      AND #&C0
     954B   D0 59      BNE &95A6
     954D   20 EC 83   JSR &83EC
.CloseFiles_Yhandle
     9550   98         TYA
     9551   F0 A4      BEQ &94F7
     9553   20 51 98   JSR &9851
.CloseFile_Yintch
     9556   48         PHA
     9557   20 DC 97   JSR &97DC
     955A   B0 45      BCS &95A1
     955C   B9 1B 11   LDA &111B,Y
     955F   49 FF      EOR #&FF
     9561   2D C0 10   AND &10C0
     9564   8D C0 10   STA &10C0
     9567   B9 17 11   LDA &1117,Y
     956A   29 60      AND #&60
     956C   F0 33      BEQ &95A1
     956E   20 07 95   JSR &9507
     9571   B9 17 11   LDA &1117,Y
     9574   29 20      AND #&20
     9576   F0 26      BEQ &959E
     9578   AE C3 10   LDX &10C3
     957B   B9 14 11   LDA &1114,Y
     957E   9D 0C 0F   STA &0F0C,X
     9581   B9 15 11   LDA &1115,Y
     9584   9D 0D 0F   STA &0F0D,X
     9587   B9 16 11   LDA &1116,Y
     958A   20 1E 82   JSR &821E
     958D   5D 0E 0F   EOR &0F0E,X
     9590   29 30      AND #&30
     9592   5D 0E 0F   EOR &0F0E,X
     9595   9D 0E 0F   STA &0F0E,X
     9598   20 E2 A5   JSR &A5E2
     959B   AC C2 10   LDY &10C2
.closefile_buftodisk
     959E   20 CB 98   JSR &98CB
.closefile_exit
     95A1   AE C5 10   LDX &10C5
     95A4   68         PLA
     95A5   60         RTS
.findvnot0_openfile
     95A6   20 15 84   JSR &8415
     95A9   86 BA      STX &BA
     95AB   84 BB      STY &BB
     95AD   85 B4      STA &B4
     95AF   24 B4      BIT &B4
     95B1   08         PHP
     95B2   20 48 81   JSR &8148
     95B5   20 57 93   JSR &9357
     95B8   20 76 82   JSR &8276
     95BB   B0 22      BCS &95DF
     95BD   A9 00      LDA #&00
     95BF   28         PLP
     95C0   50 01      BVC &95C3
     95C2   60         RTS
.findv_createfile
     95C3   08         PHP
     95C4   A2 07      LDX #&07
.findv_loop1
     95C6   95 BC      STA &BC,X
     95C8   9D 74 10   STA &1074,X
     95CB   CA         DEX
     95CC   10 F8      BPL &95C6
     95CE   C6 BE      DEC &BE
     95D0   C6 BF      DEC &BF
     95D2   CE 76 10   DEC &1076
     95D5   CE 77 10   DEC &1077
     95D8   A9 40      LDA #&40
     95DA   85 C3      STA &C3
     95DC   20 C1 8A   JSR &8AC1
.findv_filefound
     95DF   28         PLP
     95E0   08         PHP
     95E1   70 03      BVS &95E6
     95E3   20 05 94   JSR &9405
.findv_readorupdate
     95E6   20 AC 96   JSR &96AC
     95E9   90 0E      BCC &95F9
.findv_loop2
     95EB   B9 0C 11   LDA &110C,Y
     95EE   10 20      BPL &9610
     95F0   28         PLP
     95F1   08         PHP
     95F2   30 1C      BMI &9610
     95F4   20 A7 96   JSR &96A7
     95F7   B0 F2      BCS &95EB
.findv_openchannel
     95F9   AC C2 10   LDY &10C2
     95FC   D0 1B      BNE &9619
.errTOOMANYFILESOPEN
     95FE   20 5B 80   JSR &805B
     9601   C0
     9602   54 6F 6F ...
     960F   00
.errFILEOPEN
     9610   20 5B 80   JSR &805B
     9613   C2
     9614   4F 70 65 ...
     9618   00
.SetupChannelInfoBlock_Yintch
     9619   A9 08      LDA #&08
     961B   8D C4 10   STA &10C4
.chnlblock_loop1
     961E   BD 08 0E   LDA &0E08,X
     9621   99 00 11   STA &1100,Y
     9624   C8         INY
     9625   BD 08 0F   LDA &0F08,X
     9628   99 00 11   STA &1100,Y
     962B   C8         INY
     962C   E8         INX
     962D   CE C4 10   DEC &10C4
     9630   D0 EC      BNE &961E
     9632   A2 10      LDX #&10
     9634   A9 00      LDA #&00
.chnlblock_loop2
     9636   99 00 11   STA &1100,Y
     9639   C8         INY
     963A   CA         DEX
     963B   D0 F9      BNE &9636
     963D   AD C2 10   LDA &10C2
     9640   A8         TAY
     9641   20 17 82   JSR &8217
     9644   69 11      ADC #&11
     9646   99 13 11   STA &1113,Y
     9649   AD C1 10   LDA &10C1
     964C   99 1B 11   STA &111B,Y
     964F   0D C0 10   ORA &10C0
     9652   8D C0 10   STA &10C0
     9655   B9 09 11   LDA &1109,Y
     9658   69 FF      ADC #&FF
     965A   B9 0B 11   LDA &110B,Y
     965D   69 00      ADC #&00
     965F   99 19 11   STA &1119,Y
     9662   B9 0D 11   LDA &110D,Y
     9665   09 0F      ORA #&0F
     9667   69 00      ADC #&00
     9669   20 10 82   JSR &8210
     966C   99 1A 11   STA &111A,Y
     966F   28         PLP
     9670   50 2E      BVC &96A0
     9672   30 08      BMI &967C
     9674   A9 80      LDA #&80
     9676   19 0C 11   ORA &110C,Y
     9679   99 0C 11   STA &110C,Y
.chnlblock_setEXT
     967C   B9 09 11   LDA &1109,Y
     967F   99 14 11   STA &1114,Y
     9682   B9 0B 11   LDA &110B,Y
     9685   99 15 11   STA &1115,Y
     9688   B9 0D 11   LDA &110D,Y
     968B   20 10 82   JSR &8210
     968E   99 16 11   STA &1116,Y
.chnlblock_cont
     9691   A5 CD      LDA &CD
     9693   19 17 11   ORA &1117,Y
     9696   99 17 11   STA &1117,Y
     9699   98         TYA
     969A   20 17 82   JSR &8217
     969D   09 10      ORA #&10
     969F   60         RTS
.chnlblock_setBit5
     96A0   A9 20      LDA #&20
     96A2   99 17 11   STA &1117,Y
     96A5   D0 EA      BNE &9691
.IsFileOpenContinue
     96A7   8A         TXA
     96A8   48         PHA
     96A9   4C EB 96   JMP &96EB
.IsFileOpen_Yoffset
     96AC   A9 00      LDA #&00
     96AE   8D C2 10   STA &10C2
     96B1   A9 08      LDA #&08
     96B3   85 B5      STA &B5
     96B5   98         TYA
     96B6   AA         TAX
     96B7   A0 A0      LDY #&A0
.fop_main_loop
     96B9   84 B3      STY &B3
     96BB   8A         TXA
     96BC   48         PHA
     96BD   A9 08      LDA #&08
     96BF   85 B2      STA &B2
     96C1   A5 B5      LDA &B5
     96C3   2C C0 10   BIT &10C0
     96C6   F0 1D      BEQ &96E5
     96C8   B9 17 11   LDA &1117,Y
     96CB   45 CD      EOR &CD
     96CD   29 03      AND #&03
     96CF   D0 1A      BNE &96EB
.fop_cmpfn_loop
     96D1   BD 08 0E   LDA &0E08,X
     96D4   59 00 11   EOR &1100,Y
     96D7   29 7F      AND #&7F
     96D9   D0 10      BNE &96EB
     96DB   E8         INX
     96DC   C8         INY
     96DD   C8         INY
     96DE   C6 B2      DEC &B2
     96E0   D0 EF      BNE &96D1
     96E2   38         SEC
     96E3   B0 10      BCS &96F5
.fop_channelnotopen
     96E5   8C C2 10   STY &10C2
     96E8   8D C1 10   STA &10C1
.fop_nothisfile
     96EB   38         SEC
     96EC   A5 B3      LDA &B3
     96EE   E9 20      SBC #&20
     96F0   85 B3      STA &B3
     96F2   06 B5      ASL &B5
     96F4   18         CLC
.fop_matchifCset
     96F5   68         PLA
     96F6   AA         TAX
     96F7   A4 B3      LDY &B3
     96F9   A5 B5      LDA &B5
     96FB   B0 02      BCS &96FF
     96FD   D0 BA      BNE &96B9
.fop_exit
     96FF   60         RTS
.ChannelBufferToDisk_Yhandle_A0
     9700   20 17 97   JSR &9717
.ChannelBufferToDisk_Yhandle
     9703   AD C0 10   LDA &10C0
     9706   48         PHA
     9707   98         TYA
     9708   D0 05      BNE &970F
     970A   20 FA 94   JSR &94FA
     970D   F0 03      BEQ &9712
.chbuf1
     970F   20 50 95   JSR &9550
.chbuf2
     9712   68         PLA
     9713   8D C0 10   STA &10C0
     9716   60         RTS
.ReturnWithA0
     9717   48         PHA
     9718   8A         TXA
     9719   48         PHA
     971A   A9 00      LDA #&00
     971C   BA         TSX
     971D   9D 09 01   STA &0109,X
     9720   68         PLA
     9721   AA         TAX
     9722   68         PLA
     9723   60         RTS
.ARGSV_ENTRY
     9724   20 EC 83   JSR &83EC
     9727   C9 FF      CMP #&FF
     9729   F0 D5      BEQ &9700
     972B   C0 00      CPY #&00
     972D   F0 12      BEQ &9741
     972F   C9 04      CMP #&04
     9731   B0 27      BCS &975A
     9733   20 17 97   JSR &9717
     9736   C9 03      CMP #&03
     9738   F0 47      BEQ &9781
     973A   C9 01      CMP #&01
     973C   D0 24      BNE &9762
     973E   4C FD 99   JMP &99FD
.argsv_Y0
     9741   C9 02      CMP #&02
     9743   B0 15      BCS &975A
     9745   20 17 97   JSR &9717
     9748   F0 11      BEQ &975B
     974A   A9 FF      LDA #&FF
     974C   95 02      STA &02,X
     974E   95 03      STA &03,X
     9750   AD D9 10   LDA &10D9
     9753   95 00      STA &00,X
     9755   AD DA 10   LDA &10DA
     9758   95 01      STA &01,X
.argsv_exit
     975A   60         RTS
.argsv_filesysnumber
     975B   A9 04      LDA #&04
     975D   BA         TSX
     975E   9D 05 01   STA &0105,X
     9761   60         RTS
.argsv_rdseqptr_or_filelen
     9762   20 51 98   JSR &9851
     9765   8C C2 10   STY &10C2
     9768   0A         ASL A
     9769   6D C2 10   ADC &10C2
     976C   A8         TAY
     976D   B9 10 11   LDA &1110,Y
     9770   95 00      STA &00,X
     9772   B9 11 11   LDA &1111,Y
     9775   95 01      STA &01,X
     9777   B9 12 11   LDA &1112,Y
     977A   95 02      STA &02,X
     977C   A9 00      LDA #&00
     977E   95 03      STA &03,X
     9780   60         RTS
.argsv3
     9781   20 51 98   JSR &9851
     9784   20 ED 99   JSR &99ED
     9787   B0 1E      BCS &97A7
     9789   B9 10 11   LDA &1110,Y
     978C   48         PHA
     978D   B9 11 11   LDA &1111,Y
     9790   48         PHA
     9791   B9 12 11   LDA &1112,Y
     9794   48         PHA
     9795   20 08 9A   JSR &9A08
     9798   68         PLA
     9799   99 12 11   STA &1112,Y
     979C   68         PLA
     979D   99 11 11   STA &1111,Y
     97A0   68         PLA
     97A1   99 10 11   STA &1110,Y
     97A4   20 46 9A   JSR &9A46
.truncate
     97A7   B9 0C 11   LDA &110C,Y
     97AA   30 2A      BMI &97D6
     97AC   19 0E 11   ORA &110E,Y
     97AF   30 28      BMI &97D9
     97B1   A9 20      LDA #&20
     97B3   20 BC 98   JSR &98BC
     97B6   B5 00      LDA &00,X
     97B8   99 14 11   STA &1114,Y
     97BB   B5 01      LDA &01,X
     97BD   99 15 11   STA &1115,Y
     97C0   B5 02      LDA &02,X
     97C2   99 16 11   STA &1116,Y
     97C5   8A         TXA
     97C6   48         PHA
     97C7   20 6F 9A   JSR &9A6F
     97CA   68         PLA
     97CB   AA         TAX
     97CC   90 03      BCC &97D1
     97CE   20 37 9A   JSR &9A37
.dontchangeptr
     97D1   A9 EF      LDA #&EF
     97D3   4C C3 98   JMP &98C3
.filereadonly
     97D6   4C 19 99   JMP &9919
.filelocked
     97D9   4C 0A 94   JMP &940A
.IsHndlinUse_Yintch
     97DC   48         PHA
     97DD   8E C5 10   STX &10C5
     97E0   98         TYA
     97E1   29 E0      AND #&E0
     97E3   8D C2 10   STA &10C2
     97E6   F0 13      BEQ &97FB
     97E8   20 17 82   JSR &8217
     97EB   A8         TAY
     97EC   A9 00      LDA #&00
     97EE   38         SEC
.hndlinsue_loop
     97EF   6A         ROR A
     97F0   88         DEY
     97F1   D0 FC      BNE &97EF
     97F3   AC C2 10   LDY &10C2
     97F6   2C C0 10   BIT &10C0
     97F9   D0 01      BNE &97FC
.hndlinuse_notused_C1
     97FB   38         SEC
.hndlinuse_used_C0
     97FC   68         PLA
     97FD   60         RTS
.conv_Yhndl_intch_exYintch
     97FE   48         PHA
     97FF   98         TYA
.conv_hndl_X_entry
     9800   C9 10      CMP #&10
     9802   90 04      BCC &9808
     9804   C9 18      CMP #&18
     9806   90 02      BCC &980A
.conv_hndl10
     9808   A9 08      LDA #&08
.conv_hndl18
     980A   20 1D 82   JSR &821D
     980D   A8         TAY
     980E   68         PLA
     980F   60         RTS
.ClearEXECSPOOLFileHandle
     9810   A9 C6      LDA #&C6
     9812   20 7D 94   JSR &947D
     9815   8A         TXA
     9816   F0 09      BEQ &9821
     9818   20 34 98   JSR &9834
     981B   D0 04      BNE &9821
     981D   A9 C6      LDA #&C6
     981F   D0 0C      BNE &982D
.ClearSpoolhandle
     9821   A9 C7      LDA #&C7
     9823   20 7D 94   JSR &947D
     9826   20 34 98   JSR &9834
     9829   D0 11      BNE &983C
     982B   A9 C7      LDA #&C7
.osbyte_X0Y0
     982D   A2 00      LDX #&00
     982F   A0 00      LDY #&00
     9831   4C F4 FF   JMP &FFF4
.ConvertXhndl_exYintch
     9834   8A         TXA
     9835   A8         TAY
     9836   20 FE 97   JSR &97FE
     9839   CC C2 10   CPY &10C2
.clrsplhndl_exit
     983C   60         RTS
.fscv1_EOF_Yhndl
     983D   48         PHA
     983E   98         TYA
     983F   48         PHA
     9840   8A         TXA
     9841   A8         TAY
     9842   20 6C 9A   JSR &9A6C
     9845   D0 04      BNE &984B
     9847   A2 FF      LDX #&FF
     9849   D0 02      BNE &984D
.eof_NOTEND
     984B   A2 00      LDX #&00
.eof_exit
     984D   68         PLA
     984E   A8         TAY
     984F   68         PLA
.checkchannel_okexit
     9850   60         RTS
.CheckChannel_Yhndl_exYintch
     9851   20 FE 97   JSR &97FE
     9854   20 DC 97   JSR &97DC
     9857   90 F7      BCC &9850
     9859   20 10 98   JSR &9810
.errCHANNEL
     985C   20 5B 80   JSR &805B
     985F   DE
     9860   43 68 61 ...
     9867   00
.errEOF
     9868   20 5B 80   JSR &805B
     986B   DF
     986C   45 4F 46 
     986F   00
.BGETV_ENTRY
     9870   20 15 84   JSR &8415
     9873   20 6C 9A   JSR &9A6C
     9876   D0 13      BNE &988B
     9878   B9 17 11   LDA &1117,Y
     987B   29 10      AND #&10
     987D   D0 E9      BNE &9868
     987F   A9 10      LDA #&10
     9881   20 BC 98   JSR &98BC
     9884   AE C5 10   LDX &10C5
     9887   A9 FE      LDA #&FE
     9889   38         SEC
     988A   60         RTS
.bg_notEOF
     988B   B9 17 11   LDA &1117,Y
     988E   30 0A      BMI &989A
     9890   20 22 95   JSR &9522
     9893   20 CB 98   JSR &98CB
     9896   38         SEC
     9897   20 D3 98   JSR &98D3
.bg_samesector1
     989A   20 88 9A   JSR &9A88
     989D   A1 BA      LDA (&BA,X)
     989F   18         CLC
     98A0   60         RTS
.CalcBufferSectorForPTR
     98A1   18         CLC
     98A2   B9 0F 11   LDA &110F,Y
     98A5   79 11 11   ADC &1111,Y
     98A8   85 C3      STA &C3
     98AA   99 1C 11   STA &111C,Y
     98AD   B9 0D 11   LDA &110D,Y
     98B0   29 03      AND #&03
     98B2   79 12 11   ADC &1112,Y
     98B5   85 C2      STA &C2
     98B7   99 1D 11   STA &111D,Y
.ChannelFlags_SetBit7
     98BA   A9 80      LDA #&80
.ChannelFlags_SetBits
     98BC   19 17 11   ORA &1117,Y
     98BF   D0 05      BNE &98C6
.ChannelFlags_ClearBit7
     98C1   A9 7F      LDA #&7F
.ChannelFlags_ClearBits
     98C3   39 17 11   AND &1117,Y
.chnflg_save
     98C6   99 17 11   STA &1117,Y
     98C9   18         CLC
     98CA   60         RTS
.ChannelBufferToDisk_Yintch
     98CB   B9 17 11   LDA &1117,Y
     98CE   29 40      AND #&40
     98D0   F0 43      BEQ &9915
     98D2   18         CLC
.ChannelBufferRW_Yintch_C1read
     98D3   EE DD 10   INC &10DD
     98D6   AC C2 10   LDY &10C2
     98D9   B9 13 11   LDA &1113,Y
     98DC   85 BD      STA &BD
     98DE   A9 FF      LDA #&FF
     98E0   8D 74 10   STA &1074
     98E3   8D 75 10   STA &1075
     98E6   A9 00      LDA #&00
     98E8   85 BC      STA &BC
     98EA   85 C0      STA &C0
     98EC   A9 01      LDA #&01
     98EE   85 C1      STA &C1
     98F0   B0 17      BCS &9909
     98F2   B9 1C 11   LDA &111C,Y
     98F5   85 C3      STA &C3
     98F7   B9 1D 11   LDA &111D,Y
     98FA   85 C2      STA &C2
     98FC   20 A7 88   JSR &88A7
     98FF   AC C2 10   LDY &10C2
     9902   A9 BF      LDA #&BF
     9904   20 C3 98   JSR &98C3
     9907   90 06      BCC &990F
.chnbuf_read
     9909   20 A1 98   JSR &98A1
     990C   20 8A 88   JSR &888A
.chnbuf_exit
     990F   CE DD 10   DEC &10DD
     9912   AC C2 10   LDY &10C2
.chnbuf_exit2
     9915   60         RTS
.errFILELOCKED2
     9916   4C 0A 94   JMP &940A
.errFILEREADONLY
     9919   20 5B 80   JSR &805B
     991C   C1
     991D   52 65 61 ...
     9926   00
.bput_Yintchan
     9927   20 EC 83   JSR &83EC
     992A   4C 33 99   JMP &9933
.BPUTV_ENTRY
     992D   20 EC 83   JSR &83EC
     9930   20 51 98   JSR &9851
.bp_entry
     9933   48         PHA
     9934   B9 0C 11   LDA &110C,Y
     9937   30 E0      BMI &9919
     9939   B9 0E 11   LDA &110E,Y
     993C   30 D8      BMI &9916
     993E   20 22 95   JSR &9522
     9941   98         TYA
     9942   18         CLC
     9943   69 04      ADC #&04
     9945   20 70 9A   JSR &9A70
     9948   D0 66      BNE &99B0
     994A   20 0A 95   JSR &950A
     994D   AE C3 10   LDX &10C3
     9950   38         SEC
     9951   BD 07 0F   LDA &0F07,X
     9954   FD 0F 0F   SBC &0F0F,X
     9957   48         PHA
     9958   BD 06 0F   LDA &0F06,X
     995B   FD 0E 0F   SBC &0F0E,X
     995E   29 03      AND #&03
     9960   D9 1A 11   CMP &111A,Y
     9963   D0 1F      BNE &9984
     9965   68         PLA
     9966   D9 19 11   CMP &1119,Y
     9969   D0 34      BNE &999F
     996B   84 B4      STY &B4
     996D   8C C2 10   STY &10C2
     9970   20 10 98   JSR &9810
.errCANTEXTEND
     9973   20 5B 80   JSR &805B
     9976   BF
     9977   43 61 6E ...
     9983   00
.bp_extendby100
     9984   B9 1A 11   LDA &111A,Y
     9987   18         CLC
     9988   69 01      ADC #&01
     998A   99 1A 11   STA &111A,Y
     998D   0A         ASL A
     998E   0A         ASL A
     998F   0A         ASL A
     9990   0A         ASL A
     9991   5D 0E 0F   EOR &0F0E,X
     9994   29 30      AND #&30
     9996   5D 0E 0F   EOR &0F0E,X
     9999   9D 0E 0F   STA &0F0E,X
     999C   68         PLA
     999D   A9 00      LDA #&00
.bp_extendtogap
     999F   9D 0D 0F   STA &0F0D,X
     99A2   99 19 11   STA &1119,Y
     99A5   A9 00      LDA #&00
     99A7   9D 0C 0F   STA &0F0C,X
     99AA   20 E2 A5   JSR &A5E2
     99AD   AC C2 10   LDY &10C2
.bp_noextend
     99B0   B9 17 11   LDA &1117,Y
     99B3   30 16      BMI &99CB
     99B5   20 CB 98   JSR &98CB
     99B8   B9 14 11   LDA &1114,Y
     99BB   D0 0A      BNE &99C7
     99BD   20 6F 9A   JSR &9A6F
     99C0   D0 05      BNE &99C7
     99C2   20 A1 98   JSR &98A1
     99C5   D0 04      BNE &99CB
.bp_loadbuf
     99C7   38         SEC
     99C8   20 D3 98   JSR &98D3
.bp_savebyte
     99CB   A9 40      LDA #&40
     99CD   20 BC 98   JSR &98BC
     99D0   20 88 9A   JSR &9A88
     99D3   68         PLA
     99D4   81 BA      STA (&BA,X)
     99D6   20 6F 9A   JSR &9A6F
     99D9   90 11      BCC &99EC
.updext
     99DB   A9 20      LDA #&20
     99DD   20 BC 98   JSR &98BC
     99E0   A2 02      LDX #&02
.bp_setextloop
     99E2   B9 10 11   LDA &1110,Y
     99E5   99 14 11   STA &1114,Y
     99E8   C8         INY
     99E9   CA         DEX
     99EA   10 F6      BPL &99E2
.bp_exit
     99EC   60         RTS
.cmptoEXT
     99ED   B9 14 11   LDA &1114,Y
     99F0   D5 00      CMP &00,X
     99F2   B9 15 11   LDA &1115,Y
     99F5   F5 01      SBC &01,X
     99F7   B9 16 11   LDA &1116,Y
     99FA   F5 02      SBC &02,X
     99FC   60         RTS
.argsv_WriteSeqPointer
     99FD   20 EC 83   JSR &83EC
     9A00   20 51 98   JSR &9851
.wsploop
     9A03   20 ED 99   JSR &99ED
     9A06   B0 2F      BCS &9A37
.argsextendloop
     9A08   B9 14 11   LDA &1114,Y
     9A0B   99 10 11   STA &1110,Y
     9A0E   B9 15 11   LDA &1115,Y
     9A11   99 11 11   STA &1111,Y
     9A14   B9 16 11   LDA &1116,Y
     9A17   99 12 11   STA &1112,Y
     9A1A   20 46 9A   JSR &9A46
     9A1D   A5 B6      LDA &B6
     9A1F   48         PHA
     9A20   A5 B7      LDA &B7
     9A22   48         PHA
     9A23   A5 B8      LDA &B8
     9A25   48         PHA
     9A26   A9 00      LDA #&00
     9A28   20 27 99   JSR &9927
     9A2B   68         PLA
     9A2C   85 B8      STA &B8
     9A2E   68         PLA
     9A2F   85 B7      STA &B7
     9A31   68         PLA
     9A32   85 B6      STA &B6
     9A34   4C 03 9A   JMP &9A03
.SetSeqPointer_Yintch
     9A37   B5 00      LDA &00,X
     9A39   99 10 11   STA &1110,Y
     9A3C   B5 01      LDA &01,X
     9A3E   99 11 11   STA &1111,Y
     9A41   B5 02      LDA &02,X
     9A43   99 12 11   STA &1112,Y
.IsSeqPointerInBuffer_Yintch
     9A46   A9 6F      LDA #&6F
     9A48   20 C3 98   JSR &98C3
     9A4B   B9 0F 11   LDA &110F,Y
     9A4E   79 11 11   ADC &1111,Y
     9A51   8D C4 10   STA &10C4
     9A54   B9 0D 11   LDA &110D,Y
     9A57   29 03      AND #&03
     9A59   79 12 11   ADC &1112,Y
     9A5C   D9 1D 11   CMP &111D,Y
     9A5F   D0 8B      BNE &99EC
     9A61   AD C4 10   LDA &10C4
     9A64   D9 1C 11   CMP &111C,Y
     9A67   D0 83      BNE &99EC
     9A69   4C BA 98   JMP &98BA
.CheckChannel_Yhndl_exYintch_TYA_CmpPTR
     9A6C   20 51 98   JSR &9851
.TYA_CmpPTR
     9A6F   98         TYA
.CmpPTR
     9A70   AA         TAX
     9A71   B9 12 11   LDA &1112,Y
     9A74   DD 16 11   CMP &1116,X
     9A77   D0 0E      BNE &9A87
     9A79   B9 11 11   LDA &1111,Y
     9A7C   DD 15 11   CMP &1115,X
     9A7F   D0 06      BNE &9A87
     9A81   B9 10 11   LDA &1110,Y
     9A84   DD 14 11   CMP &1114,X
.cmpPE_exit
     9A87   60         RTS
.load_then_incSeqPtr_Yintch
     9A88   B9 10 11   LDA &1110,Y
     9A8B   85 BA      STA &BA
     9A8D   B9 13 11   LDA &1113,Y
     9A90   85 BB      STA &BB
     9A92   98         TYA
     9A93   AA         TAX
     9A94   FE 10 11   INC &1110,X
     9A97   D0 0B      BNE &9AA4
     9A99   20 C1 98   JSR &98C1
     9A9C   FE 11 11   INC &1111,X
     9A9F   D0 03      BNE &9AA4
     9AA1   FE 12 11   INC &1112,X
.samesector
     9AA4   A2 00      LDX #&00
     9AA6   60         RTS
.CMD_MMFS
     9AA7   98         TYA
     9AA8   A2 00      LDX #&00
     9AAA   A0 14      LDY #&14
.Prthelp_Xtable
     9AAC   48         PHA
     9AAD   20 98 80   JSR &8098
     9AB0   0D
Macro SYSTEM_NAME:
     9AB1   4D 4D 46 ...
End macro SYSTEM_NAME
     9AB5   20
     9AB6   86 BF      STX &BF
     9AB8   84 B7      STY &B7
     9ABA   A2 00      LDX #&00
.verloop
     9ABC   BD 1B 80   LDA &801B,X
     9ABF   F0 06      BEQ &9AC7
     9AC1   20 D7 80   JSR &80D7
     9AC4   E8         INX
     9AC5   D0 F5      BNE &9ABC
.verex
     9AC7   A9 0D      LDA #&0D
     9AC9   20 D7 80   JSR &80D7
.help_dfs_loop
     9ACC   A9 00      LDA #&00
     9ACE   85 B9      STA &B9
     9AD0   A0 01      LDY #&01
     9AD2   20 8A 9B   JSR &9B8A
     9AD5   20 25 9B   JSR &9B25
     9AD8   20 73 83   JSR &8373
     9ADB   C6 B7      DEC &B7
     9ADD   D0 ED      BNE &9ACC
     9ADF   68         PLA
     9AE0   A8         TAY
.morehelp
     9AE1   A2 A3      LDX #&A3
     9AE3   4C 75 87   JMP &8775
.CMD_DUTILS
     9AE6   98         TYA
     9AE7   A2 B7      LDX #&B7
     9AE9   A0 0A      LDY #&0A
     9AEB   D0 BF      BNE &9AAC
.CMD_UTILS
     9AED   98         TYA
     9AEE   A2 76      LDX #&76
     9AF0   A0 04      LDY #&04
     9AF2   D0 B8      BNE &9AAC
.CMD_NOTHELPTBL
     9AF4   20 B9 81   JSR &81B9
     9AF7   F0 7E      BEQ &9B77
.cmd_nothelptlb_loop
     9AF9   20 9E 81   JSR &819E
     9AFC   90 FB      BCC &9AF9
     9AFE   B0 E1      BCS &9AE1
.Param_SyntaxErrorIfNull
     9B00   20 B9 81   JSR &81B9
     9B03   F0 07      BEQ &9B0C
     9B05   60         RTS
.Param_SyntaxErrorIfNotNull
     9B06   20 B9 81   JSR &81B9
     9B09   D0 01      BNE &9B0C
     9B0B   60         RTS
.errSYNTAX
     9B0C   20 6B 80   JSR &806B
     9B0F   DC
     9B10   53 79 6E ...
     9B18   86 B9      STX &B9
     9B1A   20 25 9B   JSR &9B25
     9B1D   A9 00      LDA #&00
     9B1F   20 78 9B   JSR &9B78
     9B22   4C 00 01   JMP &0100
.prtcmdAtBCadd1
     9B25   A9 07      LDA #&07
     9B27   85 B8      STA &B8
     9B29   A6 BF      LDX &BF
     9B2B   E0 B7      CPX #&B7
     9B2D   90 05      BCC &9B34
     9B2F   A9 44      LDA #&44
     9B31   20 78 9B   JSR &9B78
.prtcmdloop
     9B34   E8         INX
     9B35   BD 11 86   LDA &8611,X
     9B38   30 06      BMI &9B40
     9B3A   20 78 9B   JSR &9B78
     9B3D   4C 34 9B   JMP &9B34
.prtcmdloop_exit
     9B40   A4 B8      LDY &B8
     9B42   30 03      BMI &9B47
     9B44   20 8A 9B   JSR &9B8A
.prtcmdnospcs
     9B47   86 BF      STX &BF
     9B49   BD 11 86   LDA &8611,X
     9B4C   29 7F      AND #&7F
     9B4E   20 54 9B   JSR &9B54
     9B51   20 18 82   JSR &8218
.prtcmdparam
     9B54   20 EC 83   JSR &83EC
     9B57   29 0F      AND #&0F
     9B59   F0 1C      BEQ &9B77
     9B5B   A8         TAY
     9B5C   A9 20      LDA #&20
     9B5E   20 78 9B   JSR &9B78
     9B61   A2 FF      LDX #&FF
.prtcmdparam_findloop
     9B63   E8         INX
     9B64   BD 97 9B   LDA &9B97,X
     9B67   10 FA      BPL &9B63
     9B69   88         DEY
     9B6A   D0 F7      BNE &9B63
     9B6C   29 7F      AND #&7F
.prtcmdparam_loop
     9B6E   20 78 9B   JSR &9B78
     9B71   E8         INX
     9B72   BD 97 9B   LDA &9B97,X
     9B75   10 F7      BPL &9B6E
.prtcmdparamexit
     9B77   60         RTS
.prtcmd_prtchr
     9B78   20 EC 83   JSR &83EC
     9B7B   A6 B9      LDX &B9
     9B7D   F0 06      BEQ &9B85
     9B7F   E6 B9      INC &B9
     9B81   9D 00 01   STA &0100,X
     9B84   60         RTS
.prtcmdparam_prtchr
     9B85   C6 B8      DEC &B8
     9B87   4C D7 80   JMP &80D7
.prtcmd_Print_Y_Spaces_IfNotErr
     9B8A   A5 B9      LDA &B9
     9B8C   D0 08      BNE &9B96
     9B8E   A9 20      LDA #&20
.prtcmd_yspc_loop
     9B90   20 78 9B   JSR &9B78
     9B93   88         DEY
     9B94   10 FA      BPL &9B90
.prtcmd_yspc_exit
     9B96   60         RTS
.parametertable
     9B97   BC
     9B98   64 72 69 ...
     9B9E   BC
     9B9F   61 66 73 ...
     9BA4   A8
     9BA5   4C 29 
     9BA7   A8
     9BA8   3C 64 72 ...
     9BB0   A8
     9BB1   3C 64 72 ...
     9BBC   A8
     9BBD   3C 64 69 ...
     9BC3   BC
     9BC4   64 6E 6F ...
     9BCE   BC
     9BCF   66 73 70 ...
     9BD3   D0
     9BD4   2F 55 2F ...
     9BDC   BC
     9BDD   74 69 74 ...
     9BE3   A8
     9BE4   3C 6E 75 ...
     9BEA   BC
     9BEB   73 6F 75 ...
     9BFA   BC
     9BFB   6F 6C 64 ...
     9C0D   A8
     9C0E   28 3C 66 ...
     9C29   B4
     9C2A   30 2F 38 ...
     9C2E   FF
.CMD_COMPACT
     9C2F   20 1A 8C   JSR &8C1A
     9C32   20 98 80   JSR &8098
     9C35   43 6F 6D ...
     9C41   8D D1 10   STA &10D1
     9C44   8D D2 10   STA &10D2
     9C47   20 FB 80   JSR &80FB
     9C4A   20 73 83   JSR &8373
     9C4D   A0 00      LDY #&00
     9C4F   20 50 95   JSR &9550
     9C52   20 42 94   JSR &9442
     9C55   20 D1 A5   JSR &A5D1
     9C58   AC 05 0F   LDY &0F05
     9C5B   84 CA      STY &CA
     9C5D   A9 02      LDA #&02
     9C5F   85 C8      STA &C8
     9C61   A9 00      LDA #&00
     9C63   85 C9      STA &C9
.compact_loop
     9C65   A4 CA      LDY &CA
     9C67   20 BB 82   JSR &82BB
     9C6A   C0 F8      CPY #&F8
     9C6C   D0 28      BNE &9C96
     9C6E   AD 07 0F   LDA &0F07
     9C71   38         SEC
     9C72   E5 C8      SBC &C8
     9C74   48         PHA
     9C75   AD 06 0F   LDA &0F06
     9C78   29 03      AND #&03
     9C7A   E5 C9      SBC &C9
     9C7C   20 FB 80   JSR &80FB
     9C7F   68         PLA
     9C80   20 F3 80   JSR &80F3
     9C83   20 98 80   JSR &8098
     9C86   20 66 72 ...
     9C93   0D
     9C94   EA         NOP
     9C95   60         RTS
.compact_checkfile
     9C96   84 CA      STY &CA
     9C98   20 3D 83   JSR &833D
     9C9B   A4 CA      LDY &CA
     9C9D   B9 0C 0F   LDA &0F0C,Y
     9CA0   C9 01      CMP #&01
     9CA2   A9 00      LDA #&00
     9CA4   85 BC      STA &BC
     9CA6   85 C0      STA &C0
     9CA8   79 0D 0F   ADC &0F0D,Y
     9CAB   85 C4      STA &C4
     9CAD   B9 0E 0F   LDA &0F0E,Y
     9CB0   08         PHP
     9CB1   20 10 82   JSR &8210
     9CB4   28         PLP
     9CB5   69 00      ADC #&00
     9CB7   85 C5      STA &C5
     9CB9   B9 0F 0F   LDA &0F0F,Y
     9CBC   85 C6      STA &C6
     9CBE   B9 0E 0F   LDA &0F0E,Y
     9CC1   29 03      AND #&03
     9CC3   85 C7      STA &C7
     9CC5   C5 C9      CMP &C9
     9CC7   D0 14      BNE &9CDD
     9CC9   A5 C6      LDA &C6
     9CCB   C5 C8      CMP &C8
     9CCD   D0 0E      BNE &9CDD
     9CCF   18         CLC
     9CD0   65 C4      ADC &C4
     9CD2   85 C8      STA &C8
     9CD4   A5 C9      LDA &C9
     9CD6   65 C5      ADC &C5
     9CD8   85 C9      STA &C9
     9CDA   4C F5 9C   JMP &9CF5
.compact_movefile
     9CDD   A5 C8      LDA &C8
     9CDF   99 0F 0F   STA &0F0F,Y
     9CE2   B9 0E 0F   LDA &0F0E,Y
     9CE5   29 FC      AND #&FC
     9CE7   05 C9      ORA &C9
     9CE9   99 0E 0F   STA &0F0E,Y
     9CEC   20 E2 A5   JSR &A5E2
     9CEF   20 8B 9E   JSR &9E8B
     9CF2   20 C6 A5   JSR &A5C6
.compact_fileinfo
     9CF5   A4 CA      LDY &CA
     9CF7   20 42 83   JSR &8342
     9CFA   4C 65 9C   JMP &9C65
.IsEnabledOrGo
     9CFD   2C C7 10   BIT &10C7
     9D00   10 07      BPL &9D09
     9D02   20 54 9D   JSR &9D54
     9D05   F0 02      BEQ &9D09
     9D07   68         PLA
     9D08   68         PLA
.isgo
.isgoalready
     9D09   60         RTS
.Get_CopyDATA_Drives
     9D0A   20 1F 8C   JSR &8C1F
     9D0D   8D D1 10   STA &10D1
     9D10   20 1F 8C   JSR &8C1F
     9D13   8D D2 10   STA &10D2
     9D16   CD D1 10   CMP &10D1
     9D19   F0 2E      BEQ &9D49
     9D1B   98         TYA
     9D1C   48         PHA
     9D1D   20 42 94   JSR &9442
     9D20   20 98 80   JSR &8098
     9D23   43 6F 70 ...
     9D31   AD D1 10   LDA &10D1
     9D34   20 95 80   JSR &8095
     9D37   20 74 6F ...
     9D3C   AD D2 10   LDA &10D2
     9D3F   20 FB 80   JSR &80FB
     9D42   20 73 83   JSR &8373
     9D45   68         PLA
     9D46   A8         TAY
     9D47   18         CLC
     9D48   60         RTS
.baddrv
     9D49   4C 32 8C   JMP &8C32
.ConfirmYNcolon
     9D4C   20 98 80   JSR &8098
     9D4F   20 3A 20 
     9D52   90 0F      BCC &9D63
.GoYN
     9D54   20 98 80   JSR &8098
     9D57   47 6F 20 ...
     9D62   EA         NOP
.ConfirmYN
     9D63   20 7C 9D   JSR &9D7C
     9D66   20 E0 FF   JSR &FFE0
     9D69   B0 1D      BCS &9D88
     9D6B   29 5F      AND #&5F
     9D6D   C9 59      CMP #&59
     9D6F   08         PHP
     9D70   F0 02      BEQ &9D74
     9D72   A9 4E      LDA #&4E
.confYN
     9D74   20 D7 80   JSR &80D7
     9D77   20 73 83   JSR &8373
     9D7A   28         PLP
     9D7B   60         RTS
.osbyte0F_flushinbuf2
     9D7C   20 EC 83   JSR &83EC
     9D7F   A9 0F      LDA #&0F
     9D81   A2 01      LDX #&01
     9D83   A0 00      LDY #&00
     9D85   4C F4 FF   JMP &FFF4
.err_ESCAPE
     9D88   4C 2F 8D   JMP &8D2F
.err_DISKFULL2
     9D8B   4C B8 8A   JMP &8AB8
.CMD_BACKUP
     9D8E   20 0A 9D   JSR &9D0A
     9D91   20 FD 9C   JSR &9CFD
     9D94   A9 00      LDA #&00
     9D96   85 C7      STA &C7
     9D98   85 C9      STA &C9
     9D9A   85 C8      STA &C8
     9D9C   85 C6      STA &C6
     9D9E   AD D1 10   LDA &10D1
     9DA1   85 CD      STA &CD
     9DA3   20 D4 A5   JSR &A5D4
     9DA6   AD 07 0F   LDA &0F07
     9DA9   85 C4      STA &C4
     9DAB   AD 06 0F   LDA &0F06
     9DAE   29 03      AND #&03
     9DB0   85 C5      STA &C5
     9DB2   AD D2 10   LDA &10D2
     9DB5   85 CD      STA &CD
     9DB7   20 D4 A5   JSR &A5D4
     9DBA   AD 06 0F   LDA &0F06
     9DBD   29 03      AND #&03
     9DBF   C5 C5      CMP &C5
     9DC1   90 C8      BCC &9D8B
     9DC3   D0 07      BNE &9DCC
     9DC5   AD 07 0F   LDA &0F07
     9DC8   C5 C4      CMP &C4
     9DCA   90 BF      BCC &9D8B
.backup_copy
     9DCC   20 8B 9E   JSR &9E8B
     9DCF   20 D4 A5   JSR &A5D4
     9DD2   A2 0A      LDX #&0A
.tloop
     9DD4   E0 08      CPX #&08
     9DD6   90 05      BCC &9DDD
     9DD8   BD F8 0E   LDA &0EF8,X
     9DDB   B0 03      BCS &9DE0
.tskip1
     9DDD   BD 00 0E   LDA &0E00,X
.tskip2
     9DE0   9D 00 10   STA &1000,X
     9DE3   CA         DEX
     9DE4   10 EE      BPL &9DD4
.UpdateDiskTableTitle
     9DE6   20 4F A6   JSR &A64F
     9DE9   A0 0B      LDY #&0B
.loop
     9DEB   B9 00 10   LDA &1000,Y
     9DEE   91 B0      STA (&B0),Y
     9DF0   88         DEY
     9DF1   10 F8      BPL &9DEB
     9DF3   4C 21 A7   JMP &A721
.CMD_COPY
     9DF6   20 60 93   JSR &9360
     9DF9   20 0A 9D   JSR &9D0A
     9DFC   20 00 9B   JSR &9B00
     9DFF   20 42 81   JSR &8142
     9E02   AD D1 10   LDA &10D1
     9E05   85 CD      STA &CD
     9E07   20 31 82   JSR &8231
.copy_loop1
     9E0A   A5 CC      LDA &CC
     9E0C   48         PHA
     9E0D   A5 B6      LDA &B6
     9E0F   48         PHA
     9E10   20 42 83   JSR &8342
     9E13   A2 00      LDX #&00
.copy_loop2
     9E15   B9 08 0E   LDA &0E08,Y
     9E18   95 C5      STA &C5,X
     9E1A   9D 50 10   STA &1050,X
     9E1D   B9 08 0F   LDA &0F08,Y
     9E20   95 BB      STA &BB,X
     9E22   9D 47 10   STA &1047,X
     9E25   E8         INX
     9E26   C8         INY
     9E27   E0 08      CPX #&08
     9E29   D0 EA      BNE &9E15
     9E2B   20 7B 9E   JSR &9E7B
     9E2E   AD D2 10   LDA &10D2
     9E31   20 FB 8A   JSR &8AFB
     9E34   A5 C2      LDA &C2
     9E36   29 03      AND #&03
     9E38   48         PHA
     9E39   A5 C3      LDA &C3
     9E3B   48         PHA
     9E3C   20 7B 9E   JSR &9E7B
     9E3F   68         PLA
     9E40   85 C8      STA &C8
     9E42   68         PLA
     9E43   85 C9      STA &C9
     9E45   A5 C1      LDA &C1
     9E47   20 10 82   JSR &8210
     9E4A   AA         TAX
     9E4B   A5 BF      LDA &BF
     9E4D   C9 01      CMP #&01
     9E4F   A5 C0      LDA &C0
     9E51   69 00      ADC #&00
     9E53   85 C4      STA &C4
     9E55   8A         TXA
     9E56   69 00      ADC #&00
     9E58   85 C5      STA &C5
     9E5A   A5 C2      LDA &C2
     9E5C   85 C6      STA &C6
     9E5E   A5 C1      LDA &C1
     9E60   29 03      AND #&03
     9E62   85 C7      STA &C7
     9E64   20 8B 9E   JSR &9E8B
     9E67   AD D1 10   LDA &10D1
     9E6A   85 CD      STA &CD
     9E6C   20 D1 A5   JSR &A5D1
     9E6F   68         PLA
     9E70   85 B6      STA &B6
     9E72   68         PLA
     9E73   85 CC      STA &CC
     9E75   20 7D 82   JSR &827D
     9E78   B0 90      BCS &9E0A
     9E7A   60         RTS
.cd_swapvars
     9E7B   A2 11      LDX #&11
.cd_swapvars_loop
     9E7D   BC 45 10   LDY &1045,X
     9E80   B5 BA      LDA &BA,X
     9E82   94 BA      STY &BA,X
     9E84   9D 45 10   STA &1045,X
     9E87   CA         DEX
     9E88   10 F3      BPL &9E7D
     9E8A   60         RTS
.CopyDATABLOCK
     9E8B   A9 00      LDA #&00
     9E8D   85 BC      STA &BC
     9E8F   85 C0      STA &C0
     9E91   AD CF 10   LDA &10CF
     9E94   85 BD      STA &BD
     9E96   F0 57      BEQ &9EEF
.cd_loop
     9E98   A4 C4      LDY &C4
     9E9A   CC D0 10   CPY &10D0
     9E9D   A5 C5      LDA &C5
     9E9F   E9 00      SBC #&00
     9EA1   90 03      BCC &9EA6
     9EA3   AC D0 10   LDY &10D0
.cd_part
     9EA6   84 C1      STY &C1
     9EA8   A5 C6      LDA &C6
     9EAA   85 C3      STA &C3
     9EAC   A5 C7      LDA &C7
     9EAE   85 C2      STA &C2
     9EB0   AD D1 10   LDA &10D1
     9EB3   85 CD      STA &CD
     9EB5   20 EA 8B   JSR &8BEA
     9EB8   20 8A 88   JSR &888A
     9EBB   AD D2 10   LDA &10D2
     9EBE   85 CD      STA &CD
     9EC0   A5 C8      LDA &C8
     9EC2   85 C3      STA &C3
     9EC4   A5 C9      LDA &C9
     9EC6   85 C2      STA &C2
     9EC8   20 EA 8B   JSR &8BEA
     9ECB   20 A7 88   JSR &88A7
     9ECE   A5 C1      LDA &C1
     9ED0   18         CLC
     9ED1   65 C8      ADC &C8
     9ED3   85 C8      STA &C8
     9ED5   90 02      BCC &9ED9
     9ED7   E6 C9      INC &C9
.cd_inc1
     9ED9   A5 C1      LDA &C1
     9EDB   18         CLC
     9EDC   65 C6      ADC &C6
     9EDE   85 C6      STA &C6
     9EE0   90 02      BCC &9EE4
     9EE2   E6 C7      INC &C7
.cd_inc2
     9EE4   38         SEC
     9EE5   A5 C4      LDA &C4
     9EE7   E5 C1      SBC &C1
     9EE9   85 C4      STA &C4
     9EEB   B0 02      BCS &9EEF
     9EED   C6 C5      DEC &C5
.cd_loopentry
     9EEF   A5 C4      LDA &C4
     9EF1   05 C5      ORA &C5
     9EF3   D0 A3      BNE &9E98
     9EF5   60         RTS
.CMD_VERIFY
     9EF6   A9 00      LDA #&00
     9EF8   F0 02      BEQ &9EFC
.CMD_FORM
     9EFA   A9 FF      LDA #&FF
.vform1
     9EFC   85 C9      STA &C9
     9EFE   85 B2      STA &B2
     9F00   10 18      BPL &9F1A
     9F02   20 00 9B   JSR &9B00
     9F05   20 59 84   JSR &8459
     9F08   B0 0D      BCS &9F17
     9F0A   0A         ASL A
     9F0B   D0 0A      BNE &9F17
     9F0D   86 B5      STX &B5
     9F0F   E0 28      CPX #&28
     9F11   F0 07      BEQ &9F1A
     9F13   E0 50      CPX #&50
     9F15   F0 03      BEQ &9F1A
.vform2_syntax
     9F17   4C 0C 9B   JMP &9B0C
.vform3_ok
     9F1A   20 B9 81   JSR &81B9
     9F1D   84 CA      STY &CA
     9F1F   D0 49      BNE &9F6A
     9F21   24 C9      BIT &C9
     9F23   30 0B      BMI &9F30
     9F25   20 98 80   JSR &8098
     9F28   56 65 72 ...
     9F2E   90 0A      BCC &9F3A
.vform4_form
     9F30   20 98 80   JSR &8098
     9F33   46 6F 72 ...
     9F39   EA         NOP
.vform4_askdrive
     9F3A   20 98 80   JSR &8098
     9F3D   20 77 68 ...
     9F4C   EA         NOP
     9F4D   20 E0 FF   JSR &FFE0
     9F50   B0 2F      BCS &9F81
     9F52   C9 20      CMP #&20
     9F54   90 2E      BCC &9F84
     9F56   20 D7 80   JSR &80D7
     9F59   38         SEC
     9F5A   E9 30      SBC #&30
     9F5C   C9 04      CMP #&04
     9F5E   B0 24      BCS &9F84
     9F60   85 CD      STA &CD
     9F62   20 73 83   JSR &8373
     9F65   A4 CA      LDY &CA
     9F67   4C 6D 9F   JMP &9F6D
.vform5_driveloop
     9F6A   20 22 8C   JSR &8C22
.vform6_drivein
     9F6D   84 CA      STY &CA
     9F6F   24 B2      BIT &B2
     9F71   10 03      BPL &9F76
     9F73   20 FD 9C   JSR &9CFD
.vform7_go
     9F76   20 87 9F   JSR &9F87
     9F79   A4 CA      LDY &CA
     9F7B   20 B9 81   JSR &81B9
     9F7E   D0 EA      BNE &9F6A
     9F80   60         RTS
.jmp_reportEscape
     9F81   4C 2F 8D   JMP &8D2F
.jmp_errBadDrive
     9F84   4C 32 8C   JMP &8C32
.VFCurDrv
     9F87   24 C9      BIT &C9
     9F89   30 11      BMI &9F9C
     9F8B   20 9A A4   JSR &A49A
     9F8E   20 98 80   JSR &8098
     9F91   56 65 72 ...
     9F9A   90 18      BCC &9FB4
.vf1
     9F9C   38         SEC
     9F9D   20 9B A4   JSR &A49B
     9FA0   20 40 A0   JSR &A040
     9FA3   20 98 80   JSR &8098
     9FA6   46 6F 72 ...
     9FB0   A6 CD      LDX &CD
     9FB2   86 B2      STX &B2
.vf2
     9FB4   20 98 80   JSR &8098
     9FB7   20 64 72 ...
     9FBE   A5 CD      LDA &CD
     9FC0   20 95 80   JSR &8095
     9FC3   20 74 72 ...
     9FCC   EA         NOP
     9FCD   24 C9      BIT &C9
     9FCF   30 29      BMI &9FFA
     9FD1   20 D4 A5   JSR &A5D4
     9FD4   AD 06 0F   LDA &0F06
     9FD7   29 03      AND #&03
     9FD9   AA         TAX
     9FDA   AD 07 0F   LDA &0F07
     9FDD   A0 0A      LDY #&0A
     9FDF   84 B0      STY &B0
     9FE1   A0 FF      LDY #&FF
.trkloop1
     9FE3   38         SEC
.trkloop2
     9FE4   C8         INY
     9FE5   E5 B0      SBC &B0
     9FE7   B0 FB      BCS &9FE4
     9FE9   CA         DEX
     9FEA   10 F7      BPL &9FE3
     9FEC   65 B0      ADC &B0
     9FEE   48         PHA
     9FEF   98         TYA
     9FF0   AA         TAX
     9FF1   68         PLA
     9FF2   F0 01      BEQ &9FF5
     9FF4   E8         INX
.trkex
     9FF5   8A         TXA
     9FF6   F0 45      BEQ &A03D
     9FF8   85 B5      STA &B5
.vf4
     9FFA   A2 FF      LDX #&FF
     9FFC   8E 82 10   STX &1082
     9FFF   E8         INX
     A000   86 B4      STX &B4
.vf5_trackloop
     A002   A9 08      LDA #&08
     A004   20 D7 80   JSR &80D7
     A007   20 D7 80   JSR &80D7
     A00A   A5 B4      LDA &B4
     A00C   20 F3 80   JSR &80F3
     A00F   20 F9 A5   JSR &A5F9
     A012   E6 B4      INC &B4
     A014   A5 B4      LDA &B4
     A016   C5 B5      CMP &B5
     A018   D0 E8      BNE &A002
     A01A   24 C9      BIT &C9
     A01C   10 1F      BPL &A03D
     A01E   20 B4 B0   JSR &B0B4
     A021   20 40 A0   JSR &A040
     A024   A5 B5      LDA &B5
     A026   C9 28      CMP #&28
     A028   D0 06      BNE &A030
     A02A   A0 01      LDY #&01
     A02C   A2 90      LDX #&90
     A02E   D0 04      BNE &A034
.vf7
     A030   A0 03      LDY #&03
     A032   A2 20      LDX #&20
.vf8
     A034   8E 07 0F   STX &0F07
     A037   8C 06 0F   STY &0F06
     A03A   20 E2 A5   JSR &A5E2
.vf6_exit
     A03D   4C 73 83   JMP &8373
.ClearCatalogue
     A040   A0 FF      LDY #&FF
     A042   8C 82 10   STY &1082
     A045   C8         INY
     A046   98         TYA
.ccatloop
     A047   99 00 0E   STA &0E00,Y
     A04A   99 00 0F   STA &0F00,Y
     A04D   C8         INY
     A04E   D0 F7      BNE &A047
     A050   60         RTS
.CMD_FREE
     A051   38         SEC
     A052   B0 01      BCS &A055
.CMD_MAP
     A054   18         CLC
.Label_A7F7
     A055   66 C6      ROR &C6
     A057   20 1A 8C   JSR &8C1A
     A05A   20 D1 A5   JSR &A5D1
     A05D   24 C6      BIT &C6
     A05F   30 15      BMI &A076
     A061   20 B8 80   JSR &80B8
     A064   41 64 64 ...
     A075   0D
.Label_A818_free
     A076   AD 06 0F   LDA &0F06
     A079   29 03      AND #&03
     A07B   85 C5      STA &C5
     A07D   85 C2      STA &C2
     A07F   AD 07 0F   LDA &0F07
     A082   85 C4      STA &C4
     A084   38         SEC
     A085   E9 02      SBC #&02
     A087   85 C1      STA &C1
     A089   B0 02      BCS &A08D
     A08B   C6 C2      DEC &C2
.Label_A82F
     A08D   A9 02      LDA #&02
     A08F   85 BB      STA &BB
     A091   A9 00      LDA #&00
     A093   85 BC      STA &BC
     A095   85 BF      STA &BF
     A097   85 C0      STA &C0
     A099   AD 05 0F   LDA &0F05
     A09C   29 F8      AND #&F8
     A09E   A8         TAY
     A09F   F0 26      BEQ &A0C7
     A0A1   D0 11      BNE &A0B4
.Label_A845_fileloop
     A0A3   20 36 A1   JSR &A136
     A0A6   20 BB 82   JSR &82BB
     A0A9   A5 C4      LDA &C4
     A0AB   38         SEC
     A0AC   E5 BB      SBC &BB
     A0AE   A5 C5      LDA &C5
     A0B0   E5 BC      SBC &BC
     A0B2   90 13      BCC &A0C7
.Label_A856_fileloop_entry
     A0B4   B9 07 0F   LDA &0F07,Y
     A0B7   38         SEC
     A0B8   E5 BB      SBC &BB
     A0BA   85 C1      STA &C1
     A0BC   B9 06 0F   LDA &0F06,Y
     A0BF   29 03      AND #&03
     A0C1   E5 BC      SBC &BC
     A0C3   85 C2      STA &C2
     A0C5   90 DC      BCC &A0A3
.Label_A86B_nofiles
     A0C7   84 BD      STY &BD
     A0C9   24 C6      BIT &C6
     A0CB   30 2B      BMI &A0F8
     A0CD   A5 C1      LDA &C1
     A0CF   05 C2      ORA &C2
     A0D1   F0 25      BEQ &A0F8
     A0D3   A5 BC      LDA &BC
     A0D5   20 0B 81   JSR &810B
     A0D8   A5 BB      LDA &BB
     A0DA   20 03 81   JSR &8103
     A0DD   20 B8 80   JSR &80B8
     A0E0   20 20 20 ...
     A0E8   A5 C2      LDA &C2
     A0EA   20 0B 81   JSR &810B
     A0ED   A5 C1      LDA &C1
     A0EF   20 03 81   JSR &8103
     A0F2   20 E7 FF   JSR &FFE7
     A0F5   20 36 A1   JSR &A136
.Label_A87A_free
     A0F8   A5 C1      LDA &C1
     A0FA   18         CLC
     A0FB   65 BF      ADC &BF
     A0FD   85 BF      STA &BF
     A0FF   A5 C2      LDA &C2
     A101   65 C0      ADC &C0
     A103   85 C0      STA &C0
     A105   A4 BD      LDY &BD
     A107   D0 9A      BNE &A0A3
     A109   24 C6      BIT &C6
     A10B   10 28      BPL &A135
     A10D   A8         TAY
     A10E   A6 BF      LDX &BF
     A110   A9 F8      LDA #&F8
     A112   38         SEC
     A113   ED 05 0F   SBC &0F05
     A116   20 60 A1   JSR &A160
     A119   46 72 65 ...
     A11D   0D
     A11E   A5 C4      LDA &C4
     A120   38         SEC
     A121   E5 BF      SBC &BF
     A123   AA         TAX
     A124   A5 C5      LDA &C5
     A126   E5 C0      SBC &C0
     A128   A8         TAY
     A129   AD 05 0F   LDA &0F05
     A12C   20 60 A1   JSR &A160
     A12F   55 73 65 ...
     A133   0D
     A134   EA         NOP
.Label_A8BD_rst
     A135   60         RTS
.Sub_A8E2_nextblock
     A136   B9 06 0F   LDA &0F06,Y
     A139   48         PHA
     A13A   20 10 82   JSR &8210
     A13D   85 BC      STA &BC
     A13F   68         PLA
     A140   29 03      AND #&03
     A142   18         CLC
     A143   65 BC      ADC &BC
     A145   85 BC      STA &BC
     A147   B9 04 0F   LDA &0F04,Y
     A14A   C9 01      CMP #&01
     A14C   A9 00      LDA #&00
     A14E   79 05 0F   ADC &0F05,Y
     A151   90 02      BCC &A155
     A153   E6 BC      INC &BC
.Label_A902
     A155   18         CLC
     A156   79 07 0F   ADC &0F07,Y
     A159   85 BB      STA &BB
     A15B   90 02      BCC &A15F
     A15D   E6 BC      INC &BC
.Label_A90C
     A15F   60         RTS
.Sub_A90D_freeinfo
     A160   4A         LSR A
     A161   4A         LSR A
     A162   4A         LSR A
     A163   20 00 81   JSR &8100
     A166   20 B8 80   JSR &80B8
     A169   20 46 69 ...
     A170   86 BC      STX &BC
     A172   84 BD      STY &BD
     A174   98         TYA
     A175   20 0B 81   JSR &810B
     A178   8A         TXA
     A179   20 03 81   JSR &8103
     A17C   20 B8 80   JSR &80B8
     A17F   20 53 65 ...
     A188   A9 00      LDA #&00
     A18A   85 BB      STA &BB
     A18C   85 BE      STA &BE
     A18E   A2 1F      LDX #&1F
     A190   86 C1      STX &C1
     A192   A2 09      LDX #&09
.Label_A941_loop1
     A194   9D 00 10   STA &1000,X
     A197   CA         DEX
     A198   10 FA      BPL &A194
.Label_A947_loop2
     A19A   06 BB      ASL &BB
     A19C   26 BC      ROL &BC
     A19E   26 BD      ROL &BD
     A1A0   26 BE      ROL &BE
     A1A2   A2 00      LDX #&00
     A1A4   A0 09      LDY #&09
.Label_A953_loop3
     A1A6   BD 00 10   LDA &1000,X
     A1A9   2A         ROL A
     A1AA   C9 0A      CMP #&0A
     A1AC   90 02      BCC &A1B0
     A1AE   E9 0A      SBC #&0A
.Label_A95D
     A1B0   9D 00 10   STA &1000,X
     A1B3   E8         INX
     A1B4   88         DEY
     A1B5   10 EF      BPL &A1A6
     A1B7   C6 C1      DEC &C1
     A1B9   10 DF      BPL &A19A
     A1BB   A0 20      LDY #&20
     A1BD   A2 05      LDX #&05
.Label_A96C_loop4
     A1BF   D0 02      BNE &A1C3
     A1C1   A0 2C      LDY #&2C
.Label_A970
     A1C3   BD 00 10   LDA &1000,X
     A1C6   D0 07      BNE &A1CF
     A1C8   C0 2C      CPY #&2C
     A1CA   F0 03      BEQ &A1CF
     A1CC   98         TYA
     A1CD   D0 04      BNE &A1D3
.Label_A97D
     A1CF   A0 2C      LDY #&2C
     A1D1   09 30      ORA #&30
.Label_A982
     A1D3   20 EE FF   JSR &FFEE
     A1D6   E0 03      CPX #&03
     A1D8   D0 04      BNE &A1DE
     A1DA   98         TYA
     A1DB   20 EE FF   JSR &FFEE
.Label_A98D
     A1DE   CA         DEX
     A1DF   10 DE      BPL &A1BF
     A1E1   20 B8 80   JSR &80B8
     A1E4   20 42 79 ...
     A1EB   EA         NOP
     A1EC   4C B8 80   JMP &80B8
.ReportMMCErrS
     A1EF   A2 FF      LDX #&FF
     A1F1   D0 02      BNE &A1F5
.ReportMMCErr
     A1F3   A2 00      LDX #&00
.rmmc
     A1F5   A0 FF      LDY #&FF
     A1F7   8C 82 10   STY &1082
     A1FA   85 B0      STA &B0
     A1FC   86 B1      STX &B1
     A1FE   20 3E 80   JSR &803E
     A201   68         PLA
     A202   85 B8      STA &B8
     A204   68         PLA
     A205   85 B9      STA &B9
     A207   A0 00      LDY #&00
     A209   8C 9F 10   STY &109F
     A20C   8C 00 01   STY &0100
.rmmc_loop
     A20F   C8         INY
     A210   F0 07      BEQ &A219
     A212   B1 B8      LDA (&B8),Y
     A214   99 00 01   STA &0100,Y
     A217   D0 F6      BNE &A20F
.rmmc_cont
     A219   A5 B0      LDA &B0
     A21B   20 3F 8D   JSR &8D3F
     A21E   A5 B1      LDA &B1
     A220   F0 18      BEQ &A23A
     A222   A9 2F      LDA #&2F
     A224   99 00 01   STA &0100,Y
     A227   C8         INY
     A228   AD 89 10   LDA &1089
     A22B   20 3F 8D   JSR &8D3F
     A22E   AD 8A 10   LDA &108A
     A231   20 3F 8D   JSR &8D3F
     A234   AD 8B 10   LDA &108B
     A237   20 3F 8D   JSR &8D3F
.rmmc_j100
     A23A   A9 00      LDA #&00
     A23C   99 00 01   STA &0100,Y
     A23F   4C 00 01   JMP &0100
Including file FAT.asm
.FATLoadRootDirectory
     A242   A9 DD      LDA #&DD
     A244   8D 82 10   STA &1082
     A247   A9 00      LDA #&00
     A249   85 BE      STA &BE
     A24B   85 BF      STA &BF
     A24D   85 C0      STA &C0
     A24F   20 56 A2   JSR &A256
     A252   F0 12      BEQ &A266
     A254   18         CLC
     A255   60         RTS
.isfat
     A256   20 E1 AA   JSR &AAE1
     A259   AD FE 0F   LDA &0FFE
     A25C   C9 55      CMP #&55
     A25E   D0 05      BNE &A265
     A260   AD FF 0F   LDA &0FFF
     A263   C9 AA      CMP #&AA
.ifx
     A265   60         RTS
.fat
     A266   AD 00 0E   LDA &0E00
     A269   C9 EB      CMP #&EB
     A26B   D0 0E      BNE &A27B
     A26D   AD 02 0E   LDA &0E02
     A270   C9 90      CMP #&90
     A272   D0 07      BNE &A27B
     A274   AD 0C 0E   LDA &0E0C
     A277   C9 02      CMP #&02
     A279   F0 2F      BEQ &A2AA
.mbr
     A27B   AD C6 0F   LDA &0FC6
     A27E   0A         ASL A
     A27F   85 BE      STA &BE
     A281   AD C7 0F   LDA &0FC7
     A284   2A         ROL A
     A285   85 BF      STA &BF
     A287   AD C8 0F   LDA &0FC8
     A28A   2A         ROL A
     A28B   B0 0C      BCS &A299
     A28D   85 C0      STA &C0
     A28F   AD C9 0F   LDA &0FC9
     A292   D0 05      BNE &A299
     A294   20 56 A2   JSR &A256
     A297   F0 11      BEQ &A2AA
.faterr1
     A299   20 6B 80   JSR &806B
     A29C   FF
     A29D   43 61 72 ...
     A2A9   00
.nombr
     A2AA   AD 0B 0E   LDA &0E0B
     A2AD   D0 EA      BNE &A299
     A2AF   AD 0C 0E   LDA &0E0C
     A2B2   C9 02      CMP #&02
     A2B4   D0 E3      BNE &A299
     A2B6   AD 11 0E   LDA &0E11
     A2B9   85 C1      STA &C1
     A2BB   AD 12 0E   LDA &0E12
     A2BE   4A         LSR A
     A2BF   66 C1      ROR &C1
     A2C1   4A         LSR A
     A2C2   66 C1      ROR &C1
     A2C4   4A         LSR A
     A2C5   66 C1      ROR &C1
     A2C7   85 C2      STA &C2
     A2C9   AD 0D 0E   LDA &0E0D
     A2CC   85 C3      STA &C3
     A2CE   AD 0E 0E   LDA &0E0E
     A2D1   0A         ASL A
     A2D2   2E 0F 0E   ROL &0E0F
     A2D5   B0 C2      BCS &A299
     A2D7   65 BE      ADC &BE
     A2D9   85 BE      STA &BE
     A2DB   AD 0F 0E   LDA &0E0F
     A2DE   65 BF      ADC &BF
     A2E0   85 BF      STA &BF
     A2E2   90 02      BCC &A2E6
     A2E4   E6 C0      INC &C0
.skipinc1
     A2E6   AD 11 0E   LDA &0E11
     A2E9   0D 12 0E   ORA &0E12
     A2EC   F0 14      BEQ &A302
     A2EE   AD 16 0E   LDA &0E16
     A2F1   8D 24 0E   STA &0E24
     A2F4   AD 17 0E   LDA &0E17
     A2F7   8D 25 0E   STA &0E25
     A2FA   A9 00      LDA #&00
     A2FC   8D 26 0E   STA &0E26
     A2FF   8D 27 0E   STA &0E27
.fat32
     A302   0E 24 0E   ASL &0E24
     A305   2E 25 0E   ROL &0E25
     A308   2E 26 0E   ROL &0E26
     A30B   2E 27 0E   ROL &0E27
     A30E   B0 89      BCS &A299
     A310   AE 10 0E   LDX &0E10
.loop
     A313   18         CLC
     A314   A5 BE      LDA &BE
     A316   6D 24 0E   ADC &0E24
     A319   85 BE      STA &BE
     A31B   A5 BF      LDA &BF
     A31D   6D 25 0E   ADC &0E25
     A320   85 BF      STA &BF
     A322   A5 C0      LDA &C0
     A324   6D 26 0E   ADC &0E26
     A327   85 C0      STA &C0
     A329   CA         DEX
     A32A   D0 E7      BNE &A313
     A32C   20 E1 AA   JSR &AAE1
     A32F   38         SEC
     A330   60         RTS
.FATSearchRootDirectory
     A331   A5 C0      LDA &C0
     A333   48         PHA
     A334   A5 BF      LDA &BF
     A336   48         PHA
     A337   A5 BE      LDA &BE
     A339   48         PHA
.FATSearchRootDirectoryloop
     A33A   A2 00      LDX #&00
     A33C   86 C4      STX &C4
     A33E   A9 0E      LDA #&0E
     A340   85 C5      STA &C5
     A342   E8         INX
.dirloop
     A343   A0 0B      LDY #&0B
     A345   B1 C4      LDA (&C4),Y
     A347   29 0F      AND #&0F
     A349   D0 0F      BNE &A35A
     A34B   88         DEY
.comploop
     A34C   B1 C4      LDA (&C4),Y
     A34E   F0 2D      BEQ &A37D
     A350   D9 F0 10   CMP &10F0,Y
     A353   D0 05      BNE &A35A
     A355   88         DEY
     A356   10 F4      BPL &A34C
     A358   30 28      BMI &A382
.nextfile
     A35A   18         CLC
     A35B   A5 C4      LDA &C4
     A35D   69 20      ADC #&20
     A35F   85 C4      STA &C4
     A361   D0 E0      BNE &A343
     A363   E6 C5      INC &C5
     A365   CA         DEX
     A366   10 DB      BPL &A343
.incfatsector
     A368   A5 BE      LDA &BE
     A36A   18         CLC
     A36B   69 02      ADC #&02
     A36D   85 BE      STA &BE
     A36F   90 06      BCC &A377
     A371   E6 BF      INC &BF
     A373   D0 02      BNE &A377
     A375   E6 C0      INC &C0
.readnextfatsector
     A377   20 E1 AA   JSR &AAE1
     A37A   4C 3A A3   JMP &A33A
.filenotfound
     A37D   68         PLA
     A37E   68         PLA
     A37F   68         PLA
     A380   38         SEC
     A381   60         RTS
.filefound
     A382   18         CLC
     A383   68         PLA
     A384   65 C1      ADC &C1
     A386   85 BE      STA &BE
     A388   68         PLA
     A389   65 C2      ADC &C2
     A38B   85 BF      STA &BF
     A38D   68         PLA
     A38E   69 00      ADC #&00
     A390   85 C0      STA &C0
     A392   A6 C3      LDX &C3
     A394   A0 14      LDY #&14
     A396   B1 C4      LDA (&C4),Y
     A398   48         PHA
     A399   A0 1B      LDY #&1B
     A39B   B1 C4      LDA (&C4),Y
     A39D   48         PHA
     A39E   88         DEY
     A39F   B1 C4      LDA (&C4),Y
     A3A1   38         SEC
     A3A2   E9 02      SBC #&02
     A3A4   85 C3      STA &C3
     A3A6   68         PLA
     A3A7   E9 00      SBC #&00
     A3A9   85 C4      STA &C4
     A3AB   68         PLA
     A3AC   E9 00      SBC #&00
     A3AE   85 C5      STA &C5
     A3B0   05 C4      ORA &C4
     A3B2   05 C3      ORA &C3
     A3B4   F0 1C      BEQ &A3D2
     A3B6   06 C3      ASL &C3
     A3B8   26 C4      ROL &C4
     A3BA   26 C5      ROL &C5
.clustloop
     A3BC   18         CLC
     A3BD   A5 BE      LDA &BE
     A3BF   65 C3      ADC &C3
     A3C1   85 BE      STA &BE
     A3C3   A5 BF      LDA &BF
     A3C5   65 C4      ADC &C4
     A3C7   85 BF      STA &BF
     A3C9   A5 C0      LDA &C0
     A3CB   65 C5      ADC &C5
     A3CD   85 C0      STA &C0
     A3CF   CA         DEX
     A3D0   D0 EA      BNE &A3BC
.exit
     A3D2   18         CLC
     A3D3   60         RTS
Processed file 'FAT.asm' ok
.CalculateCRC7
     A3D4   A0 0F      LDY #&0F
     A3D6   A9 00      LDA #&00
.c7loop1
     A3D8   59 DF 10   EOR &10DF,Y
     A3DB   0A         ASL A
     A3DC   A2 07      LDX #&07
.c7loop2
     A3DE   90 02      BCC &A3E2
     A3E0   49 12      EOR #&12
.c7b7z1
     A3E2   0A         ASL A
     A3E3   CA         DEX
     A3E4   D0 F8      BNE &A3DE
     A3E6   90 02      BCC &A3EA
     A3E8   49 12      EOR #&12
.c7b7z2
     A3EA   88         DEY
     A3EB   10 EB      BPL &A3D8
     A3ED   09 01      ORA #&01
     A3EF   60         RTS
.CheckCRC7
     A3F0   20 EC 83   JSR &83EC
     A3F3   20 D4 A3   JSR &A3D4
     A3F6   CD EF 10   CMP &10EF
     A3F9   D0 01      BNE &A3FC
     A3FB   60         RTS
.errBadSum
     A3FC   20 51 80   JSR &8051
     A3FF   FF
     A400   53 75 6D 
     A403   00
.storeDRIVE_INDEX4_ResetCRC7
     A404   9D E3 10   STA &10E3,X
.ResetCRC7
     A407   20 EC 83   JSR &83EC
     A40A   20 D4 A3   JSR &A3D4
     A40D   8D EF 10   STA &10EF
     A410   60         RTS
.MMC_Sector_Reset
     A411   A0 0A      LDY #&0A
.loop
     A413   B9 86 A4   LDA &A486,Y
     A416   99 F0 10   STA &10F0,Y
     A419   88         DEY
     A41A   10 F7      BPL &A413
     A41C   20 4C AA   JSR &AA4C
     A41F   8D EC 10   STA &10EC
     A422   8C EB 10   STY &10EB
     A425   A9 00      LDA #&00
     A427   8D EA 10   STA &10EA
     A42A   20 07 A4   JSR &A407
     A42D   20 42 A2   JSR &A242
     A430   90 05      BCC &A437
     A432   20 31 A3   JSR &A331
     A435   B0 3A      BCS &A471
.nofat
     A437   A5 BE      LDA &BE
     A439   8D E7 10   STA &10E7
     A43C   A5 BF      LDA &BF
     A43E   8D E8 10   STA &10E8
     A441   A5 C0      LDA &C0
     A443   8D E9 10   STA &10E9
     A446   A9 FF      LDA #&FF
     A448   8D EA 10   STA &10EA
     A44B   A9 00      LDA #&00
     A44D   20 13 A7   JSR &A713
     A450   A2 00      LDX #&00
     A452   AD 08 0E   LDA &0E08
     A455   49 A0      EOR #&A0
     A457   C9 10      CMP #&10
     A459   B0 01      BCS &A45C
     A45B   AA         TAX
.skip
     A45C   E8         INX
     A45D   8E EE 10   STX &10EE
     A460   A2 00      LDX #&00
     A462   AD 09 0E   LDA &0E09
     A465   CD EE 10   CMP &10EE
     A468   B0 01      BCS &A46B
     A46A   AA         TAX
.skip2
     A46B   8E ED 10   STX &10ED
     A46E   4C 07 A4   JMP &A407
.fileerr
     A471   20 6B 80   JSR &806B
     A474   FF
     A475   49 6D 61 ...
     A485   00
.filemmb
     A486   42 45 45 ...
.CheckWriteProtect
     A491   A6 CD      LDX &CD
     A493   BD E3 10   LDA &10E3,X
     A496   0A         ASL A
     A497   30 13      BMI &A4AC
     A499   60         RTS
.CheckCurDrvFormatted
     A49A   18         CLC
.CheckCurDrvUnformatted
.chkdrv1
     A49B   A6 CD      LDX &CD
     A49D   BD E3 10   LDA &10E3,X
     A4A0   10 18      BPL &A4BA
     A4A2   29 20      AND #&20
     A4A4   B0 03      BCS &A4A9
     A4A6   D0 1E      BNE &A4C6
     A4A8   60         RTS
.chkdrv2
     A4A9   F0 2D      BEQ &A4D8
     A4AB   60         RTS
.errReadOnly
     A4AC   20 46 80   JSR &8046
     A4AF   C9
     A4B0   72 65 61 ...
     A4B9   00
.errNoDisk
     A4BA   20 6B 80   JSR &806B
     A4BD   C7
     A4BE   4E 6F 20 ...
     A4C5   00
.errNotFormatted
     A4C6   20 46 80   JSR &8046
     A4C9   C7
     A4CA   6E 6F 74 ...
     A4D7   00
.errFormatted
     A4D8   20 46 80   JSR &8046
     A4DB   C7
     A4DC   61 6C 72 ...
     A4ED   00
.calculate_div_mod_511_zp_x
     A4EE   B5 01      LDA &01,X
     A4F0   4A         LSR A
     A4F1   48         PHA
     A4F2   90 06      BCC &A4FA
     A4F4   75 00      ADC &00,X
     A4F6   68         PLA
     A4F7   69 00      ADC #&00
     A4F9   48         PHA
.done
     A4FA   75 00      ADC &00,X
     A4FC   85 B2      STA &B2
     A4FE   B5 01      LDA &01,X
     A500   69 00      ADC #&00
     A502   29 01      AND #&01
     A504   85 B3      STA &B3
     A506   68         PLA
     A507   18         CLC
     A508   6D ED 10   ADC &10ED
     A50B   CD EE 10   CMP &10EE
     A50E   60         RTS
.DiskStart
     A50F   20 D8 AC   JSR &ACD8
     A512   20 9A A4   JSR &A49A
.DiskStartX
     A515   A0 00      LDY #&00
     A517   84 BE      STY &BE
     A519   84 BF      STY &BF
     A51B   84 C0      STY &C0
     A51D   8A         TXA
     A51E   30 0C      BMI &A52C
     A520   BD DF 10   LDA &10DF,X
     A523   85 BE      STA &BE
     A525   BD E3 10   LDA &10E3,X
Macro MASK_DISKNO:
     A528   29 1F      AND #&1F
End macro MASK_DISKNO
     A52A   85 BF      STA &BF
.skip_drive
     A52C   A2 BE      LDX #&BE
     A52E   20 EE A4   JSR &A4EE
     A531   48         PHA
     A532   A5 B3      LDA &B3
     A534   85 BF      STA &BF
     A536   A5 B2      LDA &B2
     A538   A0 05      LDY #&05
.dsxloop1
     A53A   0A         ASL A
     A53B   26 BF      ROL &BF
     A53D   26 C0      ROL &C0
     A53F   88         DEY
     A540   D0 F8      BNE &A53A
     A542   85 BE      STA &BE
     A544   A0 03      LDY #&03
.dsxloop2
     A546   A5 B2      LDA &B2
     A548   18         CLC
     A549   65 BF      ADC &BF
     A54B   85 BF      STA &BF
     A54D   A5 B3      LDA &B3
     A54F   65 C0      ADC &C0
     A551   85 C0      STA &C0
     A553   88         DEY
     A554   D0 F0      BNE &A546
     A556   68         PLA
     A557   A8         TAY
     A558   20 DD A6   JSR &A6DD
     A55B   A9 20      LDA #&20
     A55D   18         CLC
     A55E   65 BE      ADC &BE
     A560   85 BE      STA &BE
     A562   90 06      BCC &A56A
     A564   E6 BF      INC &BF
     A566   D0 02      BNE &A56A
     A568   E6 C0      INC &C0
.done
     A56A   60         RTS
.CalcRWVars
     A56B   20 0F A5   JSR &A50F
     A56E   18         CLC
     A56F   AD 97 10   LDA &1097
     A572   65 BE      ADC &BE
     A574   85 BE      STA &BE
     A576   AD 96 10   LDA &1096
     A579   29 03      AND #&03
     A57B   48         PHA
     A57C   65 BF      ADC &BF
     A57E   85 BF      STA &BF
     A580   90 02      BCC &A584
     A582   E6 C0      INC &C0
.cvskip
     A584   AD 95 10   LDA &1095
     A587   85 CE      STA &CE
     A589   AD 96 10   LDA &1096
     A58C   4A         LSR A
     A58D   4A         LSR A
     A58E   4A         LSR A
     A58F   4A         LSR A
     A590   29 03      AND #&03
     A592   85 CF      STA &CF
     A594   AD 94 10   LDA &1094
     A597   85 C3      STA &C3
     A599   F0 06      BEQ &A5A1
     A59B   E6 CE      INC &CE
     A59D   D0 02      BNE &A5A1
     A59F   E6 CF      INC &CF
.cvskip2
     A5A1   18         CLC
     A5A2   AD 97 10   LDA &1097
     A5A5   65 CE      ADC &CE
     A5A7   AA         TAX
     A5A8   68         PLA
     A5A9   65 CF      ADC &CF
     A5AB   C9 03      CMP #&03
     A5AD   90 06      BCC &A5B5
     A5AF   D0 05      BNE &A5B6
     A5B1   E0 21      CPX #&21
     A5B3   B0 01      BCS &A5B6
.cvnoof
     A5B5   60         RTS
.errOverflow
     A5B6   20 46 80   JSR &8046
     A5B9   FF
     A5BA   6F 76 65 ...
     A5C2   00
.Set_CurDirDrv_ToDefaults_CheckCurDrvCat
     A5C3   20 0D 8C   JSR &8C0D
.CheckCurDrvCat
     A5C6   AD 82 10   LDA &1082
     A5C9   C5 CD      CMP &CD
     A5CB   D0 07      BNE &A5D4
     A5CD   60         RTS
.Set_CurDirDrv_ToDefaults_and_load
     A5CE   20 0D 8C   JSR &8C0D
.LoadCurDrvCat2
     A5D1   20 EC 83   JSR &83EC
.LoadCurDrvCat
     A5D4   20 0F A5   JSR &A50F
     A5D7   20 E1 AA   JSR &AAE1
.rwcatexit
     A5DA   A5 CD      LDA &CD
     A5DC   8D 82 10   STA &1082
     A5DF   4C 5B AD   JMP &AD5B
.SaveCatToDisk
     A5E2   AD 04 0F   LDA &0F04
     A5E5   18         CLC
     A5E6   F8         SED
     A5E7   69 01      ADC #&01
     A5E9   8D 04 0F   STA &0F04
     A5EC   D8         CLD
     A5ED   20 0F A5   JSR &A50F
     A5F0   20 91 A4   JSR &A491
     A5F3   20 F8 AA   JSR &AAF8
     A5F6   4C DA A5   JMP &A5DA
.RW_Track
     A5F9   A5 B4      LDA &B4
     A5FB   D0 05      BNE &A602
     A5FD   A6 CD      LDX &CD
     A5FF   20 15 A5   JSR &A515
.rwtrk1
     A602   A9 05      LDA #&05
     A604   85 B6      STA &B6
.rwtrk2_loop
     A606   24 C9      BIT &C9
     A608   30 06      BMI &A610
     A60A   20 E1 AA   JSR &AAE1
     A60D   4C 13 A6   JMP &A613
.rwtrk3
     A610   20 F8 AA   JSR &AAF8
.rwtrk4
     A613   E6 BE      INC &BE
     A615   E6 BE      INC &BE
     A617   D0 06      BNE &A61F
     A619   E6 BF      INC &BF
     A61B   D0 02      BNE &A61F
     A61D   E6 C0      INC &C0
.rwtrk5
     A61F   C6 B6      DEC &B6
     A621   D0 E3      BNE &A606
     A623   60         RTS
.GetIndex
     A624   A2 B8      LDX #&B8
     A626   20 EE A4   JSR &A4EE
Macro DO_ASLA_X4:
     A629   0A         ASL A
     A62A   0A         ASL A
     A62B   0A         ASL A
     A62C   0A         ASL A
End macro DO_ASLA_X4
     A62D   A4 B2      LDY &B2
     A62F   C8         INY
     A630   85 B0      STA &B0
     A632   66 B3      ROR &B3
     A634   98         TYA
     A635   D0 01      BNE &A638
     A637   38         SEC
.skip
     A638   2A         ROL A
     A639   2A         ROL A
     A63A   2A         ROL A
     A63B   2A         ROL A
     A63C   48         PHA
     A63D   29 0F      AND #&0F
     A63F   05 B0      ORA &B0
     A641   A8         TAY
     A642   68         PLA
     A643   29 F0      AND #&F0
     A645   85 B0      STA &B0
     A647   A9 00      LDA #&00
     A649   69 0E      ADC #&0E
     A64B   85 B1      STA &B1
     A64D   98         TYA
     A64E   60         RTS
.GetDriveStatus
     A64F   18         CLC
.GetDriveStatusC
     A650   20 9B A4   JSR &A49B
     A653   BD DF 10   LDA &10DF,X
     A656   85 B8      STA &B8
     A658   BD E3 10   LDA &10E3,X
Macro MASK_DISKNO:
     A65B   29 1F      AND #&1F
End macro MASK_DISKNO
     A65D   85 B9      STA &B9
.GetDiskStatus
     A65F   20 24 A6   JSR &A624
     A662   20 07 A7   JSR &A707
     A665   A0 0F      LDY #&0F
     A667   B1 B0      LDA (&B0),Y
     A669   C9 FF      CMP #&FF
     A66B   F0 02      BEQ &A66F
     A66D   AA         TAX
     A66E   60         RTS
.ErrNotValid
     A66F   20 46 80   JSR &8046
     A672   C7
     A673   6E 75 6D ...
     A683   00
.LoadDrive
     A684   A6 CD      LDX &CD
.LoadDriveX
     A686   8A         TXA
     A687   48         PHA
     A688   A9 C0      LDA #&C0
     A68A   85 B7      STA &B7
     A68C   20 5F A6   JSR &A65F
     A68F   F0 0A      BEQ &A69B
     A691   10 04      BPL &A697
     A693   A9 E0      LDA #&E0
     A695   D0 02      BNE &A699
.ldiskrw
     A697   A9 80      LDA #&80
.ldisknf
     A699   85 B7      STA &B7
.ldiskro
     A69B   20 F0 A3   JSR &A3F0
     A69E   8A         TXA
     A69F   48         PHA
     A6A0   A2 03      LDX #&03
.uldloop
     A6A2   BD DF 10   LDA &10DF,X
     A6A5   C5 B8      CMP &B8
     A6A7   D0 0C      BNE &A6B5
     A6A9   BD E3 10   LDA &10E3,X
Macro MASK_DISKNO:
     A6AC   29 1F      AND #&1F
End macro MASK_DISKNO
     A6AE   C5 B9      CMP &B9
     A6B0   D0 03      BNE &A6B5
     A6B2   9D E3 10   STA &10E3,X
.uldskip
     A6B5   CA         DEX
     A6B6   10 EA      BPL &A6A2
     A6B8   68         PLA
     A6B9   AA         TAX
     A6BA   68         PLA
     A6BB   AA         TAX
     A6BC   A5 B8      LDA &B8
     A6BE   9D DF 10   STA &10DF,X
     A6C1   A5 B9      LDA &B9
     A6C3   05 B7      ORA &B7
     A6C5   4C 04 A4   JMP &A404
.DiskTableSec
     A6C8   AD D4 10   LDA &10D4
     A6CB   48         PHA
     A6CC   4A         LSR A
     A6CD   4A         LSR A
     A6CE   4A         LSR A
     A6CF   4A         LSR A
     A6D0   A8         TAY
     A6D1   68         PLA
     A6D2   29 0F      AND #&0F
     A6D4   0A         ASL A
     A6D5   85 BE      STA &BE
     A6D7   A9 00      LDA #&00
     A6D9   85 BF      STA &BF
     A6DB   85 C0      STA &C0
.add_chunk_sector
     A6DD   98         TYA
     A6DE   F0 10      BEQ &A6F0
     A6E0   18         CLC
.loop
     A6E1   A9 3D      LDA #&3D
     A6E3   65 BF      ADC &BF
     A6E5   85 BF      STA &BF
     A6E7   A9 06      LDA #&06
     A6E9   65 C0      ADC &C0
     A6EB   85 C0      STA &C0
     A6ED   88         DEY
     A6EE   D0 F1      BNE &A6E1
.done
.add_mmc_sector
     A6F0   AD E7 10   LDA &10E7
     A6F3   18         CLC
     A6F4   65 BE      ADC &BE
     A6F6   85 BE      STA &BE
     A6F8   AD E8 10   LDA &10E8
     A6FB   65 BF      ADC &BF
     A6FD   85 BF      STA &BF
     A6FF   AD E9 10   LDA &10E9
     A702   65 C0      ADC &C0
     A704   85 C0      STA &C0
.ldtloaded
     A706   60         RTS
.CheckDiskTable
     A707   2C 82 10   BIT &1082
     A70A   10 07      BPL &A713
     A70C   70 05      BVS &A713
     A70E   CD D4 10   CMP &10D4
     A711   F0 F3      BEQ &A706
.LoadDiskTable
     A713   8D D4 10   STA &10D4
     A716   A9 80      LDA #&80
     A718   8D 82 10   STA &1082
     A71B   20 C8 A6   JSR &A6C8
     A71E   4C E1 AA   JMP &AAE1
.SaveDiskTable
     A721   20 C8 A6   JSR &A6C8
     A724   4C F8 AA   JMP &AAF8
.GetDiskFirstAllX
     A727   86 B7      STX &B7
.GetDiskFirstAll
     A729   A9 00      LDA #&00
     A72B   85 B8      STA &B8
     A72D   85 B9      STA &B9
.GetDiskFirst
     A72F   20 24 A6   JSR &A624
     A732   85 B2      STA &B2
     A734   20 07 A7   JSR &A707
     A737   4C 9C A7   JMP &A79C
.print_pluralized_disks
     A73A   98         TYA
     A73B   48         PHA
     A73C   A2 00      LDX #&00
     A73E   20 BF AE   JSR &AEBF
     A741   20 98 80   JSR &8098
     A744   20 64 69 ...
     A749   EA         NOP
     A74A   68         PLA
     A74B   AA         TAX
     A74C   B5 01      LDA &01,X
     A74E   D0 04      BNE &A754
     A750   D6 00      DEC &00,X
     A752   F0 05      BEQ &A759
.NotOne
     A754   A9 73      LDA #&73
     A756   20 D7 80   JSR &80D7
.nos
     A759   4C 98 80   JMP &8098
.gdnextloop
     A75C   C9 FF      CMP #&FF
     A75E   F0 44      BEQ &A7A4
     A760   24 B7      BIT &B7
     A762   30 3E      BMI &A7A2
.GetDiskNext
     A764   20 2B 8D   JSR &8D2B
     A767   18         CLC
     A768   A5 B0      LDA &B0
     A76A   69 10      ADC #&10
     A76C   85 B0      STA &B0
     A76E   D0 26      BNE &A796
     A770   A5 B1      LDA &B1
     A772   49 01      EOR #&01
     A774   85 B1      STA &B1
     A776   6A         ROR A
     A777   B0 1D      BCS &A796
     A779   AD EE 10   LDA &10EE
Macro DO_ASLA_X4:
     A77C   0A         ASL A
     A77D   0A         ASL A
     A77E   0A         ASL A
     A77F   0A         ASL A
End macro DO_ASLA_X4
     A780   18         CLC
     A781   E5 B2      SBC &B2
     A783   F0 1F      BEQ &A7A4
     A785   E6 B2      INC &B2
     A787   A5 B2      LDA &B2
     A789   20 07 A7   JSR &A707
     A78C   A5 B2      LDA &B2
     A78E   29 0F      AND #&0F
     A790   D0 04      BNE &A796
     A792   A9 10      LDA #&10
     A794   85 B0      STA &B0
.gdx1
     A796   E6 B8      INC &B8
     A798   D0 02      BNE &A79C
     A79A   E6 B9      INC &B9
.gdx50
.gdfirst
     A79C   A0 0F      LDY #&0F
     A79E   B1 B0      LDA (&B0),Y
     A7A0   30 BA      BMI &A75C
.gdfrmt
     A7A2   18         CLC
     A7A3   60         RTS
.gdfin
     A7A4   A9 FF      LDA #&FF
     A7A6   85 B9      STA &B9
     A7A8   38         SEC
     A7A9   60         RTS
.bcd_inc16_zp_x_A8
     A7AA   A2 A8      LDX #&A8
.bcd_inc16_zp_x
     A7AC   F8         SED
     A7AD   18         CLC
     A7AE   B5 00      LDA &00,X
     A7B0   69 01      ADC #&01
     A7B2   95 00      STA &00,X
     A7B4   B5 01      LDA &01,X
     A7B6   69 00      ADC #&00
     A7B8   95 01      STA &01,X
     A7BA   D8         CLD
     A7BB   60         RTS
Including file MMC_ElkPlus1.asm
.MMC_GetByte
.P1_ReadByte
     A7BC   A9 FF      LDA #&FF
     A7BE   A2 FD      LDX #&FD
Macro READ_BIT:
     A7C0   8E 71 FC   STX &FC71
     A7C3   8D 71 FC   STA &FC71
     A7C6   2E 72 FC   ROL &FC72
     A7C9   26 F8      ROL &F8
End macro READ_BIT
.P1_ReadBits7
Macro READ_BIT:
     A7CB   8E 71 FC   STX &FC71
     A7CE   8D 71 FC   STA &FC71
     A7D1   2E 72 FC   ROL &FC72
     A7D4   26 F8      ROL &F8
End macro READ_BIT
Macro READ_BIT:
     A7D6   8E 71 FC   STX &FC71
     A7D9   8D 71 FC   STA &FC71
     A7DC   2E 72 FC   ROL &FC72
     A7DF   26 F8      ROL &F8
End macro READ_BIT
Macro READ_BIT:
     A7E1   8E 71 FC   STX &FC71
     A7E4   8D 71 FC   STA &FC71
     A7E7   2E 72 FC   ROL &FC72
     A7EA   26 F8      ROL &F8
End macro READ_BIT
Macro READ_BIT:
     A7EC   8E 71 FC   STX &FC71
     A7EF   8D 71 FC   STA &FC71
     A7F2   2E 72 FC   ROL &FC72
     A7F5   26 F8      ROL &F8
End macro READ_BIT
Macro READ_BIT:
     A7F7   8E 71 FC   STX &FC71
     A7FA   8D 71 FC   STA &FC71
     A7FD   2E 72 FC   ROL &FC72
     A800   26 F8      ROL &F8
End macro READ_BIT
Macro READ_BIT:
     A802   8E 71 FC   STX &FC71
     A805   8D 71 FC   STA &FC71
     A808   2E 72 FC   ROL &FC72
     A80B   26 F8      ROL &F8
End macro READ_BIT
Macro READ_BIT:
     A80D   8E 71 FC   STX &FC71
     A810   8D 71 FC   STA &FC71
     A813   2E 72 FC   ROL &FC72
     A816   26 F8      ROL &F8
End macro READ_BIT
     A818   A5 F8      LDA &F8
     A81A   60         RTS
.P1_WaitResp
     A81B   A9 FF      LDA #&FF
     A81D   A2 FD      LDX #&FD
     A81F   A0 00      LDY #&00
.loop
     A821   88         DEY
     A822   F0 0B      BEQ &A82F
     A824   8E 71 FC   STX &FC71
     A827   8D 71 FC   STA &FC71
     A82A   2E 72 FC   ROL &FC72
     A82D   B0 F2      BCS &A821
.timeout
     A82F   26 F8      ROL &F8
     A831   60         RTS
.P1_WriteByte
     A832   0A         ASL A
     A833   2A         ROL A
     A834   29 FD      AND #&FD
     A836   8D 71 FC   STA &FC71
     A839   09 02      ORA #&02
     A83B   8D 71 FC   STA &FC71
     A83E   2A         ROL A
     A83F   29 FD      AND #&FD
     A841   8D 71 FC   STA &FC71
     A844   09 02      ORA #&02
     A846   8D 71 FC   STA &FC71
     A849   2A         ROL A
     A84A   29 FD      AND #&FD
     A84C   8D 71 FC   STA &FC71
     A84F   09 02      ORA #&02
     A851   8D 71 FC   STA &FC71
     A854   2A         ROL A
     A855   29 FD      AND #&FD
     A857   8D 71 FC   STA &FC71
     A85A   09 02      ORA #&02
     A85C   8D 71 FC   STA &FC71
     A85F   2A         ROL A
     A860   29 FD      AND #&FD
     A862   8D 71 FC   STA &FC71
     A865   09 02      ORA #&02
     A867   8D 71 FC   STA &FC71
     A86A   2A         ROL A
     A86B   29 FD      AND #&FD
     A86D   8D 71 FC   STA &FC71
     A870   09 02      ORA #&02
     A872   8D 71 FC   STA &FC71
     A875   2A         ROL A
     A876   29 FD      AND #&FD
     A878   8D 71 FC   STA &FC71
     A87B   09 02      ORA #&02
     A87D   8D 71 FC   STA &FC71
     A880   2A         ROL A
     A881   29 FD      AND #&FD
     A883   8D 71 FC   STA &FC71
     A886   09 02      ORA #&02
     A888   8D 71 FC   STA &FC71
     A88B   60         RTS
.MMC_DEVICE_RESET
     A88C   60         RTS
.MMC_SlowClocks
     A88D   4C 92 A8   JMP &A892
Including file MMC_PrinterCommon.asm
.MMC_16Clocks
     A890   A0 02      LDY #&02
.MMC_Clocks
.loop
     A892   20 BC A7   JSR &A7BC
     A895   88         DEY
     A896   D0 FA      BNE &A892
     A898   60         RTS
.MMC_DoCommand
     A899   A2 00      LDX #&00
     A89B   A0 07      LDY #&07
.loop1
     A89D   BD 87 10   LDA &1087,X
     A8A0   20 32 A8   JSR &A832
     A8A3   E8         INX
     A8A4   88         DEY
     A8A5   D0 F6      BNE &A89D
     A8A7   20 1B A8   JSR &A81B
     A8AA   4C CB A7   JMP &A7CB
.MMC_WaitForData
.loop
     A8AD   20 BC A7   JSR &A7BC
     A8B0   C9 FE      CMP #&FE
     A8B2   D0 F9      BNE &A8AD
     A8B4   60         RTS
.MMC_Read256
     A8B5   A2 00      LDX #&00
     A8B7   F0 02      BEQ &A8BB
.MMC_ReadBLS
     A8B9   A6 C3      LDX &C3
.MMC_ReadX
     A8BB   A0 00      LDY #&00
     A8BD   AD 9E 10   LDA &109E
     A8C0   D0 0E      BNE &A8D0
.MMC_ReadToMemory
     A8C2   8A         TXA
     A8C3   48         PHA
     A8C4   20 BC A7   JSR &A7BC
     A8C7   91 BC      STA (&BC),Y
     A8C9   68         PLA
     A8CA   AA         TAX
     A8CB   C8         INY
     A8CC   CA         DEX
     A8CD   D0 F3      BNE &A8C2
     A8CF   60         RTS
.MMC_ReadToTube
     A8D0   8A         TXA
     A8D1   48         PHA
     A8D2   20 BC A7   JSR &A7BC
     A8D5   8D E5 FC   STA &FCE5
     A8D8   68         PLA
     A8D9   AA         TAX
     A8DA   C8         INY
     A8DB   CA         DEX
     A8DC   D0 F2      BNE &A8D0
     A8DE   60         RTS
.MMC_ReadBuffer
     A8DF   A0 FF      LDY #&FF
     A8E1   8C 82 10   STY &1082
     A8E4   C8         INY
.loop
     A8E5   20 BC A7   JSR &A7BC
     A8E8   99 00 0E   STA &0E00,Y
     A8EB   C8         INY
     A8EC   D0 F7      BNE &A8E5
     A8EE   60         RTS
.MMC_SendingData
     A8EF   20 90 A8   JSR &A890
     A8F2   A9 FE      LDA #&FE
     A8F4   4C 32 A8   JMP &A832
.MMC_EndWrite
     A8F7   20 90 A8   JSR &A890
.ewu1
     A8FA   20 BC A7   JSR &A7BC
     A8FD   A8         TAY
     A8FE   29 1F      AND #&1F
     A900   C9 1F      CMP #&1F
     A902   F0 F6      BEQ &A8FA
     A904   C9 05      CMP #&05
     A906   D0 2E      BNE &A936
.ewu2
     A908   20 BC A7   JSR &A7BC
     A90B   C9 FF      CMP #&FF
     A90D   D0 F9      BNE &A908
     A90F   60         RTS
.MMC_Write256
     A910   AC 9E 10   LDY &109E
     A913   D0 09      BNE &A91E
.loop1
     A915   B1 BC      LDA (&BC),Y
     A917   20 32 A8   JSR &A832
     A91A   C8         INY
     A91B   D0 F8      BNE &A915
     A91D   60         RTS
.tube
     A91E   A0 00      LDY #&00
.loop2
     A920   AD E5 FC   LDA &FCE5
     A923   20 32 A8   JSR &A832
     A926   C8         INY
     A927   D0 F7      BNE &A920
     A929   60         RTS
.MMC_WriteBuffer
     A92A   A0 00      LDY #&00
.loop
     A92C   B9 00 0E   LDA &0E00,Y
     A92F   20 32 A8   JSR &A832
     A932   C8         INY
     A933   D0 F7      BNE &A92C
     A935   60         RTS
Processed file 'MMC_PrinterCommon.asm' ok
Processed file 'MMC_ElkPlus1.asm' ok
.errWrite2
     A936   98         TYA
     A937   20 EF A1   JSR &A1EF
     A93A   C5
     A93B   4D 4D 43 ...
     A954   00         BRK
Including file MMC.asm
.MMC_SetCommand
     A955   8D 88 10   STA &1088
     A958   A9 00      LDA #&00
     A95A   8D 89 10   STA &1089
     A95D   8D 8A 10   STA &108A
     A960   8D 8B 10   STA &108B
     A963   8D 8C 10   STA &108C
     A966   A9 FF      LDA #&FF
     A968   8D 87 10   STA &1087
     A96B   8D 8D 10   STA &108D
     A96E   8D 8E 10   STA &108E
     A971   60         RTS
.MMC_INIT
     A972   20 32 80   JSR &8032
     A975   A9 00      LDA #&00
     A977   8D 9F 10   STA &109F
     A97A   A9 32      LDA #&32
     A97C   85 C2      STA &C2
.iloop
     A97E   A0 0A      LDY #&0A
     A980   20 8D A8   JSR &A88D
     A983   A9 40      LDA #&40
     A985   20 55 A9   JSR &A955
     A988   A9 95      LDA #&95
     A98A   8D 8D 10   STA &108D
     A98D   20 99 A8   JSR &A899
     A990   29 81      AND #&81
     A992   C9 01      CMP #&01
     A994   D0 2F      BNE &A9C5
     A996   8D DE 10   STA &10DE
     A999   A9 48      LDA #&48
     A99B   20 55 A9   JSR &A955
     A99E   A9 01      LDA #&01
     A9A0   8D 8B 10   STA &108B
     A9A3   A9 AA      LDA #&AA
     A9A5   8D 8C 10   STA &108C
     A9A8   A9 87      LDA #&87
     A9AA   8D 8D 10   STA &108D
     A9AD   20 99 A8   JSR &A899
     A9B0   C9 01      CMP #&01
     A9B2   F0 24      BEQ &A9D8
     A9B4   A9 00      LDA #&00
     A9B6   8D DE 10   STA &10DE
.il1
     A9B9   A9 41      LDA #&41
     A9BB   20 55 A9   JSR &A955
     A9BE   20 99 A8   JSR &A899
     A9C1   C9 02      CMP #&02
     A9C3   90 09      BCC &A9CE
.ifail
     A9C5   C6 C2      DEC &C2
     A9C7   D0 B5      BNE &A97E
.ifaildone
     A9C9   20 3E 80   JSR &803E
     A9CC   38         SEC
     A9CD   60         RTS
.il11
     A9CE   24 FF      BIT &FF
     A9D0   30 F3      BMI &A9C5
     A9D2   C9 00      CMP #&00
     A9D4   D0 E3      BNE &A9B9
     A9D6   F0 42      BEQ &AA1A
.isdhc
     A9D8   20 BC A7   JSR &A7BC
     A9DB   20 BC A7   JSR &A7BC
     A9DE   20 BC A7   JSR &A7BC
     A9E1   20 BC A7   JSR &A7BC
.isdhc2
     A9E4   A9 77      LDA #&77
     A9E6   20 55 A9   JSR &A955
     A9E9   20 99 A8   JSR &A899
     A9EC   A9 69      LDA #&69
     A9EE   20 55 A9   JSR &A955
     A9F1   A9 40      LDA #&40
     A9F3   8D 89 10   STA &1089
     A9F6   20 99 A8   JSR &A899
     A9F9   D0 E9      BNE &A9E4
     A9FB   A9 7A      LDA #&7A
     A9FD   20 55 A9   JSR &A955
     AA00   20 99 A8   JSR &A899
     AA03   D0 C0      BNE &A9C5
     AA05   20 BC A7   JSR &A7BC
     AA08   29 40      AND #&40
     AA0A   48         PHA
     AA0B   20 BC A7   JSR &A7BC
     AA0E   20 BC A7   JSR &A7BC
     AA11   20 BC A7   JSR &A7BC
     AA14   68         PLA
     AA15   D0 03      BNE &AA1A
     AA17   8D DE 10   STA &10DE
.iok
     AA1A   A9 50      LDA #&50
     AA1C   20 55 A9   JSR &A955
     AA1F   A9 02      LDA #&02
     AA21   8D 8B 10   STA &108B
     AA24   20 99 A8   JSR &A899
     AA27   D0 0A      BNE &AA33
     AA29   A9 40      LDA #&40
     AA2B   8D 9F 10   STA &109F
     AA2E   20 3E 80   JSR &803E
     AA31   18         CLC
     AA32   60         RTS
.blkerr
     AA33   20 EF A1   JSR &A1EF
     AA36   FF
     AA37   53 65 74 ...
     AA4B   00
.MMC_GetCIDCRC
     AA4C   A9 4A      LDA #&4A
     AA4E   20 55 A9   JSR &A955
     AA51   20 99 AA   JSR &AA99
     AA54   A0 10      LDY #&10
     AA56   20 92 A8   JSR &A892
     AA59   20 BC A7   JSR &A7BC
     AA5C   A8         TAY
     AA5D   4C BC A7   JMP &A7BC
.MMC_SetupWrite
     AA60   A9 58      LDA #&58
     AA62   D0 02      BNE &AA66
.MMC_SetupRead
     AA64   A9 51      LDA #&51
.setuprw
     AA66   20 55 A9   JSR &A955
.setCommandAddress
     AA69   AD DE 10   LDA &10DE
     AA6C   D0 13      BNE &AA81
     AA6E   8D 8C 10   STA &108C
     AA71   A5 C0      LDA &C0
     AA73   8D 89 10   STA &1089
     AA76   A5 BF      LDA &BF
     AA78   8D 8A 10   STA &108A
     AA7B   A5 BE      LDA &BE
     AA7D   8D 8B 10   STA &108B
     AA80   60         RTS
.setCommandAddressSDHC
     AA81   A9 00      LDA #&00
     AA83   8D 89 10   STA &1089
     AA86   A5 C0      LDA &C0
     AA88   4A         LSR A
     AA89   8D 8A 10   STA &108A
     AA8C   A5 BF      LDA &BF
     AA8E   6A         ROR A
     AA8F   8D 8B 10   STA &108B
     AA92   A5 BE      LDA &BE
     AA94   6A         ROR A
     AA95   8D 8C 10   STA &108C
     AA98   60         RTS
.MMC_StartRead
     AA99   20 99 A8   JSR &A899
     AA9C   D0 03      BNE &AAA1
     AA9E   4C AD A8   JMP &A8AD
.errRead
     AAA1   20 EF A1   JSR &A1EF
     AAA4   C5
     AAA5   4D 4D 43 ...
     AAB4   00
.MMC_StartWrite
     AAB5   20 99 A8   JSR &A899
     AAB8   D0 03      BNE &AABD
     AABA   4C EF A8   JMP &A8EF
.errWrite
     AABD   20 EF A1   JSR &A1EF
     AAC0   C5
     AAC1   4D 4D 43 ...
     AAD1   00
.SetupCatRW
     AAD2   20 32 80   JSR &8032
     AAD5   A9 00      LDA #&00
     AAD7   8D 9E 10   STA &109E
     AADA   85 BC      STA &BC
     AADC   A9 0E      LDA #&0E
     AADE   85 BD      STA &BD
     AAE0   60         RTS
.MMC_ReadCatalogue
     AAE1   20 D2 AA   JSR &AAD2
     AAE4   20 64 AA   JSR &AA64
     AAE7   20 99 AA   JSR &AA99
     AAEA   20 B5 A8   JSR &A8B5
     AAED   E6 BD      INC &BD
     AAEF   20 B5 A8   JSR &A8B5
     AAF2   20 90 A8   JSR &A890
     AAF5   4C 3E 80   JMP &803E
.MMC_WriteCatalogue
     AAF8   20 D2 AA   JSR &AAD2
     AAFB   20 60 AA   JSR &AA60
     AAFE   20 B5 AA   JSR &AAB5
     AB01   20 10 A9   JSR &A910
     AB04   E6 BD      INC &BD
     AB06   20 10 A9   JSR &A910
     AB09   20 F7 A8   JSR &A8F7
     AB0C   4C 3E 80   JMP &803E
.MMC_RWBlock_CheckIfToTube
     AB0F   48         PHA
     AB10   AD 90 10   LDA &1090
     AB13   8D 72 10   STA &1072
     AB16   AD 91 10   LDA &1091
     AB19   8D 73 10   STA &1073
     AB1C   AD 74 10   LDA &1074
     AB1F   2D 75 10   AND &1075
     AB22   0D D6 10   ORA &10D6
     AB25   49 FF      EOR #&FF
     AB27   8D 9E 10   STA &109E
     AB2A   38         SEC
     AB2B   F0 0D      BEQ &AB3A
     AB2D   20 14 8D   JSR &8D14
     AB30   A2 72      LDX #&72
     AB32   A0 10      LDY #&10
     AB34   68         PLA
     AB35   48         PHA
     AB36   20 06 04   JSR &0406
     AB39   18         CLC
.notTube
     AB3A   68         PLA
     AB3B   60         RTS
.MMC_ReadBlock
     AB3C   20 32 80   JSR &8032
     AB3F   20 46 AB   JSR &AB46
     AB42   4C 3E 80   JMP &803E
.rb1_exit
     AB45   60         RTS
.rdblk
     AB46   A6 CE      LDX &CE
     AB48   D0 04      BNE &AB4E
     AB4A   A5 CF      LDA &CF
     AB4C   F0 F7      BEQ &AB45
.rb1
     AB4E   A9 01      LDA #&01
     AB50   20 0F AB   JSR &AB0F
     AB53   A6 CE      LDX &CE
     AB55   66 BE      ROR &BE
     AB57   66 C2      ROR &C2
     AB59   10 07      BPL &AB62
     AB5B   E8         INX
     AB5C   86 CE      STX &CE
     AB5E   D0 02      BNE &AB62
     AB60   E6 CF      INC &CF
.rb2
     AB62   06 BE      ASL &BE
     AB64   20 64 AA   JSR &AA64
     AB67   A5 CF      LDA &CF
     AB69   D0 0E      BNE &AB79
     AB6B   A6 CE      LDX &CE
     AB6D   E0 03      CPX #&03
     AB6F   B0 08      BCS &AB79
.rb4_loop
     AB71   A5 C3      LDA &C3
     AB73   D0 40      BNE &ABB5
     AB75   E0 01      CPX #&01
     AB77   F0 33      BEQ &ABAC
.rb3
     AB79   24 C2      BIT &C2
     AB7B   10 0D      BPL &AB8A
     AB7D   20 99 AA   JSR &AA99
     AB80   A0 00      LDY #&00
     AB82   84 C2      STY &C2
     AB84   20 92 A8   JSR &A892
     AB87   4C 92 AB   JMP &AB92
.rb6_loop
     AB8A   20 99 AA   JSR &AA99
     AB8D   20 B5 A8   JSR &A8B5
     AB90   E6 BD      INC &BD
.rb7
     AB92   20 B5 A8   JSR &A8B5
     AB95   E6 BD      INC &BD
     AB97   20 90 A8   JSR &A890
     AB9A   20 66 AD   JSR &AD66
     AB9D   20 82 AC   JSR &AC82
     ABA0   F0 A3      BEQ &AB45
     ABA2   A5 CF      LDA &CF
     ABA4   D0 E4      BNE &AB8A
     ABA6   E0 03      CPX #&03
     ABA8   B0 E0      BCS &AB8A
     ABAA   90 C5      BCC &AB71
.rb9
     ABAC   20 99 AA   JSR &AA99
     ABAF   20 B5 A8   JSR &A8B5
     ABB2   4C DC AB   JMP &ABDC
.rb5
     ABB5   20 99 AA   JSR &AA99
     ABB8   24 C2      BIT &C2
     ABBA   10 08      BPL &ABC4
     ABBC   A0 00      LDY #&00
     ABBE   20 92 A8   JSR &A892
     ABC1   4C CD AB   JMP &ABCD
.rbx1
     ABC4   C6 CE      DEC &CE
     ABC6   F0 05      BEQ &ABCD
     ABC8   20 B5 A8   JSR &A8B5
     ABCB   E6 BD      INC &BD
.rbx2
     ABCD   20 B9 A8   JSR &A8B9
     ABD0   98         TYA
     ABD1   49 FF      EOR #&FF
     ABD3   A8         TAY
     ABD4   C8         INY
     ABD5   20 92 A8   JSR &A892
     ABD8   A5 CE      LDA &CE
     ABDA   D0 05      BNE &ABE1
.rbx4
     ABDC   A0 00      LDY #&00
     ABDE   20 92 A8   JSR &A892
.rbx3
     ABE1   4C 90 A8   JMP &A890
.wb1_exit
     ABE4   60         RTS
.MMC_WriteBlock
     ABE5   20 32 80   JSR &8032
     ABE8   20 EE AB   JSR &ABEE
     ABEB   4C 3E 80   JMP &803E
.wrblk
     ABEE   A6 CE      LDX &CE
     ABF0   D0 04      BNE &ABF6
     ABF2   A5 CF      LDA &CF
     ABF4   F0 EE      BEQ &ABE4
.wb1
     ABF6   A9 00      LDA #&00
     ABF8   20 0F AB   JSR &AB0F
     ABFB   A6 CE      LDX &CE
     ABFD   66 BE      ROR &BE
     ABFF   6A         ROR A
     AC00   06 BE      ASL &BE
     AC02   48         PHA
     AC03   20 60 AA   JSR &AA60
     AC06   68         PLA
     AC07   10 32      BPL &AC3B
     AC09   A9 51      LDA #&51
     AC0B   8D 88 10   STA &1088
     AC0E   20 99 AA   JSR &AA99
     AC11   20 DF A8   JSR &A8DF
     AC14   A0 00      LDY #&00
     AC16   20 92 A8   JSR &A892
     AC19   A0 02      LDY #&02
     AC1B   20 92 A8   JSR &A892
     AC1E   A9 58      LDA #&58
     AC20   8D 88 10   STA &1088
     AC23   20 B5 AA   JSR &AAB5
     AC26   20 2A A9   JSR &A92A
     AC29   20 10 A9   JSR &A910
     AC2C   20 F7 A8   JSR &A8F7
     AC2F   A9 FF      LDA #&FF
     AC31   20 84 AC   JSR &AC84
     AC34   F0 AE      BEQ &ABE4
     AC36   E6 BD      INC &BD
.wb4
     AC38   20 66 AD   JSR &AD66
.wb2
     AC3B   A5 CF      LDA &CF
     AC3D   D0 2D      BNE &AC6C
     AC3F   A6 CE      LDX &CE
     AC41   F0 3E      BEQ &AC81
     AC43   CA         DEX
     AC44   D0 26      BNE &AC6C
     AC46   A9 51      LDA #&51
     AC48   8D 88 10   STA &1088
     AC4B   20 99 AA   JSR &AA99
     AC4E   A0 00      LDY #&00
     AC50   20 92 A8   JSR &A892
     AC53   20 DF A8   JSR &A8DF
     AC56   A0 02      LDY #&02
     AC58   20 92 A8   JSR &A892
     AC5B   A9 58      LDA #&58
     AC5D   8D 88 10   STA &1088
     AC60   20 B5 AA   JSR &AAB5
     AC63   20 10 A9   JSR &A910
     AC66   20 2A A9   JSR &A92A
     AC69   4C F7 A8   JMP &A8F7
.wb3
     AC6C   20 B5 AA   JSR &AAB5
     AC6F   20 10 A9   JSR &A910
     AC72   E6 BD      INC &BD
     AC74   20 10 A9   JSR &A910
     AC77   E6 BD      INC &BD
     AC79   20 F7 A8   JSR &A8F7
     AC7C   20 82 AC   JSR &AC82
     AC7F   D0 B7      BNE &AC38
.wb5
     AC81   60         RTS
.dec_seccountby2
     AC82   A9 FE      LDA #&FE
.dec_seccount
     AC84   18         CLC
     AC85   65 CE      ADC &CE
     AC87   85 CE      STA &CE
     AC89   AA         TAX
     AC8A   A9 FF      LDA #&FF
     AC8C   65 CF      ADC &CF
     AC8E   85 CF      STA &CF
     AC90   05 CE      ORA &CE
     AC92   60         RTS
.MMC_ReadDiscTitle
     AC93   20 32 80   JSR &8032
     AC96   A9 00      LDA #&00
     AC98   8D 9E 10   STA &109E
     AC9B   A2 02      LDX #&02
.loop
     AC9D   B5 B4      LDA &B4,X
     AC9F   95 BE      STA &BE,X
     ACA1   CA         DEX
     ACA2   10 F9      BPL &AC9D
     ACA4   20 64 AA   JSR &AA64
     ACA7   20 99 AA   JSR &AA99
     ACAA   A9 00      LDA #&00
     ACAC   85 BC      STA &BC
     ACAE   A9 10      LDA #&10
     ACB0   85 BD      STA &BD
     ACB2   A9 08      LDA #&08
     ACB4   85 C3      STA &C3
     ACB6   20 B9 A8   JSR &A8B9
     ACB9   A0 F8      LDY #&F8
     ACBB   20 92 A8   JSR &A892
     ACBE   A9 08      LDA #&08
     ACC0   85 BC      STA &BC
     ACC2   85 C3      STA &C3
     ACC4   20 B9 A8   JSR &A8B9
     ACC7   A0 FA      LDY #&FA
     ACC9   20 92 A8   JSR &A892
     ACCC   4C 3E 80   JMP &803E
.MMC_BEGIN2
     ACCF   20 EC 83   JSR &83EC
     ACD2   20 D8 AC   JSR &ACD8
     ACD5   4C 5B AD   JMP &AD5B
.MMC_BEGIN1
     ACD8   A2 09      LDX #&09
.begloop1
     ACDA   B5 BC      LDA &BC,X
     ACDC   9D 90 10   STA &1090,X
     ACDF   CA         DEX
     ACE0   10 F8      BPL &ACDA
     ACE2   20 8C A8   JSR &A88C
     ACE5   2C 9F 10   BIT &109F
     ACE8   70 08      BVS &ACF2
     ACEA   20 72 A9   JSR &A972
     ACED   B0 12      BCS &AD01
     ACEF   20 30 AD   JSR &AD30
.beg2
     ACF2   20 F0 A3   JSR &A3F0
     ACF5   AD EA 10   LDA &10EA
     ACF8   F0 01      BEQ &ACFB
     ACFA   60         RTS
.beg3
     ACFB   20 11 A4   JSR &A411
     ACFE   4C 0B AD   JMP &AD0B
.carderr
     AD01   20 6B 80   JSR &806B
     AD04   FF
     AD05   43 61 72 ...
     AD0A   00
.MMC_LoadDisks
     AD0B   A2 03      LDX #&03
.loop
     AD0D   20 21 AD   JSR &AD21
     AD10   BD 00 0E   LDA &0E00,X
     AD13   85 B8      STA &B8
     AD15   BD 04 0E   LDA &0E04,X
     AD18   85 B9      STA &B9
     AD1A   20 86 A6   JSR &A686
     AD1D   CA         DEX
     AD1E   10 ED      BPL &AD0D
     AD20   60         RTS
.LoadBaseSector
     AD21   8A         TXA
     AD22   48         PHA
     AD23   AD ED 10   LDA &10ED
Macro DO_ASLA_X4:
     AD26   0A         ASL A
     AD27   0A         ASL A
     AD28   0A         ASL A
     AD29   0A         ASL A
End macro DO_ASLA_X4
     AD2A   20 13 A7   JSR &A713
     AD2D   68         PLA
     AD2E   AA         TAX
     AD2F   60         RTS
.MMC_CheckCardID
     AD30   20 F0 A3   JSR &A3F0
     AD33   AD EA 10   LDA &10EA
     AD36   F0 0D      BEQ &AD45
     AD38   20 4C AA   JSR &AA4C
     AD3B   CD EC 10   CMP &10EC
     AD3E   D0 06      BNE &AD46
     AD40   CC EB 10   CPY &10EB
     AD43   D0 01      BNE &AD46
.cid_x
     AD45   60         RTS
.errCardChanged
     AD46   A9 00      LDA #&00
     AD48   8D 9F 10   STA &109F
     AD4B   20 6B 80   JSR &806B
     AD4E   FF
     AD4F   57 72 6F ...
     AD5A   00
.MMC_END
     AD5B   A2 09      LDX #&09
.eloop0
     AD5D   BD 90 10   LDA &1090,X
     AD60   95 BC      STA &BC,X
     AD62   CA         DEX
     AD63   10 F8      BPL &AD5D
     AD65   60         RTS
.incCommandAddress
     AD66   AD DE 10   LDA &10DE
     AD69   D0 11      BNE &AD7C
     AD6B   EE 8B 10   INC &108B
.incMS
     AD6E   EE 8B 10   INC &108B
     AD71   D0 08      BNE &AD7B
     AD73   EE 8A 10   INC &108A
     AD76   D0 03      BNE &AD7B
     AD78   EE 89 10   INC &1089
.incDone
     AD7B   60         RTS
.incCommandAddressSDHC
     AD7C   EE 8C 10   INC &108C
     AD7F   F0 ED      BEQ &AD6E
     AD81   60         RTS
Processed file 'MMC.asm' ok
.CMD_DRECAT
     AD82   20 06 9B   JSR &9B06
     AD85   A2 FF      LDX #&FF
     AD87   20 15 A5   JSR &A515
     AD8A   A2 02      LDX #&02
.drc_loop1
     AD8C   B5 BE      LDA &BE,X
     AD8E   95 B4      STA &B4,X
     AD90   CA         DEX
     AD91   10 F9      BPL &AD8C
     AD93   20 27 A7   JSR &A727
.drc_loop2
     AD96   20 93 AC   JSR &AC93
     AD99   A0 0B      LDY #&0B
.drc_loop4
     AD9B   B9 00 10   LDA &1000,Y
     AD9E   91 B0      STA (&B0),Y
     ADA0   88         DEY
     ADA1   10 F8      BPL &AD9B
     ADA3   A5 B1      LDA &B1
     ADA5   C9 0F      CMP #&0F
     ADA7   90 14      BCC &ADBD
     ADA9   A5 B0      LDA &B0
     ADAB   C9 F0      CMP #&F0
     ADAD   90 0E      BCC &ADBD
     ADAF   20 21 A7   JSR &A721
     ADB2   A5 B2      LDA &B2
     ADB4   29 0F      AND #&0F
     ADB6   C9 0F      CMP #&0F
     ADB8   90 03      BCC &ADBD
     ADBA   A9 3F      LDA #&3F
     ADBC   2C
.skipsave
     ADBD   A9 20      LDA #&20
     ADBF   65 B4      ADC &B4
     ADC1   85 B4      STA &B4
     ADC3   A9 03      LDA #&03
     ADC5   65 B5      ADC &B5
     ADC7   85 B5      STA &B5
     ADC9   90 02      BCC &ADCD
     ADCB   E6 B6      INC &B6
.drc_label3
     ADCD   20 64 A7   JSR &A764
     ADD0   90 C4      BCC &AD96
     ADD2   4C 21 A7   JMP &A721
.DMatchInit
     ADD5   A2 00      LDX #&00
     ADD7   8E 0E 10   STX &100E
     ADDA   18         CLC
     ADDB   20 C2 FF   JSR &FFC2
     ADDE   F0 20      BEQ &AE00
.dmiLoop
     ADE0   20 C5 FF   JSR &FFC5
     ADE3   B0 1B      BCS &AE00
     ADE5   C9 2A      CMP #&2A
     ADE7   F0 24      BEQ &AE0D
     ADE9   C9 61      CMP #&61
     ADEB   90 06      BCC &ADF3
     ADED   C9 7B      CMP #&7B
     ADEF   B0 02      BCS &ADF3
     ADF1   49 20      EOR #&20
.dmiUcase
     ADF3   9D 00 10   STA &1000,X
     ADF6   E8         INX
     ADF7   E0 0C      CPX #&0C
     ADF9   D0 E5      BNE &ADE0
.dmiEnd
     ADFB   20 C5 FF   JSR &FFC5
     ADFE   90 12      BCC &AE12
.dmiExit
     AE00   C9 0D      CMP #&0D
     AE02   D0 1D      BNE &AE21
     AE04   A9 00      LDA #&00
     AE06   9D 00 10   STA &1000,X
     AE09   8E 0D 10   STX &100D
     AE0C   60         RTS
.dmiStar
     AE0D   8D 0E 10   STA &100E
     AE10   F0 E9      BEQ &ADFB
.ErrBadString
     AE12   20 6B 80   JSR &806B
     AE15   FF
     AE16   42 61 64 ...
     AE20   00
.dmiSyntax
     AE21   4C 0C 9B   JMP &9B0C
.DMatch
     AE24   A0 00      LDY #&00
     AE26   AE 0D 10   LDX &100D
     AE29   F0 17      BEQ &AE42
.dmatlp
     AE2B   B1 B0      LDA (&B0),Y
     AE2D   F0 25      BEQ &AE54
     AE2F   C9 61      CMP #&61
     AE31   90 06      BCC &AE39
     AE33   C9 7B      CMP #&7B
     AE35   B0 02      BCS &AE39
     AE37   49 20      EOR #&20
.dmnotlc
     AE39   D9 00 10   CMP &1000,Y
     AE3C   D0 16      BNE &AE54
     AE3E   C8         INY
     AE3F   CA         DEX
     AE40   D0 E9      BNE &AE2B
.dmatend
     AE42   B1 B0      LDA (&B0),Y
     AE44   F0 0C      BEQ &AE52
     AE46   AD 0D 10   LDA &100D
     AE49   C9 0C      CMP #&0C
     AE4B   F0 05      BEQ &AE52
     AE4D   AD 0E 10   LDA &100E
     AE50   F0 02      BEQ &AE54
.dmmatyes
     AE52   18         CLC
     AE53   60         RTS
.dmatnomatch
     AE54   38         SEC
     AE55   60         RTS
.PrintDCat
     AE56   B0 05      BCS &AE5D
     AE58   A9 20      LDA #&20
     AE5A   20 D7 80   JSR &80D7
.pdcnospc
     AE5D   20 24 84   JSR &8424
     AE60   A2 20      LDX #&20
     AE62   20 BD AE   JSR &AEBD
     AE65   A9 20      LDA #&20
     AE67   20 D7 80   JSR &80D7
     AE6A   A0 0F      LDY #&0F
     AE6C   B1 B0      LDA (&B0),Y
     AE6E   30 2F      BMI &AE9F
     AE70   A0 00      LDY #&00
.pdcloop
     AE72   B1 B0      LDA (&B0),Y
     AE74   F0 12      BEQ &AE88
     AE76   C9 20      CMP #&20
     AE78   90 04      BCC &AE7E
     AE7A   C9 7F      CMP #&7F
     AE7C   D0 02      BNE &AE80
.pdcdot
     AE7E   A9 2E      LDA #&2E
.pdcprint
     AE80   20 D7 80   JSR &80D7
     AE83   C8         INY
     AE84   C0 0C      CPY #&0C
     AE86   D0 EA      BNE &AE72
.pdcspc
     AE88   A9 20      LDA #&20
.pdcspclp
     AE8A   20 D7 80   JSR &80D7
     AE8D   C8         INY
     AE8E   C0 0D      CPY #&0D
     AE90   D0 F8      BNE &AE8A
     AE92   AA         TAX
     AE93   A0 0F      LDY #&0F
     AE95   B1 B0      LDA (&B0),Y
     AE97   D0 02      BNE &AE9B
     AE99   A2 50      LDX #&50
.pdcnoprot
     AE9B   8A         TXA
     AE9C   4C D7 80   JMP &80D7
.pdcnotform
     AE9F   A0 0D      LDY #&0D
     AEA1   20 07 82   JSR &8207
     AEA4   A9 55      LDA #&55
     AEA6   4C D7 80   JMP &80D7
.PrtDiskNo
     AEA9   20 15 84   JSR &8415
     AEAC   BD DF 10   LDA &10DF,X
     AEAF   85 B8      STA &B8
     AEB1   BD E3 10   LDA &10E3,X
Macro MASK_DISKNO:
     AEB4   29 1F      AND #&1F
End macro MASK_DISKNO
     AEB6   85 B9      STA &B9
     AEB8   20 24 84   JSR &8424
     AEBB   A2 00      LDX #&00
.DecNo_Print
     AEBD   A0 B5      LDY #&B5
.DecNo_Print_zp_y
     AEBF   B9 00 00   LDA &0000,Y
     AEC2   48         PHA
     AEC3   B9 01 00   LDA &0001,Y
     AEC6   A0 04      LDY #&04
     AEC8   20 CC AE   JSR &AECC
     AECB   68         PLA
.PrintDec
     AECC   48         PHA
     AECD   4A         LSR A
     AECE   4A         LSR A
     AECF   4A         LSR A
     AED0   4A         LSR A
     AED1   20 D5 AE   JSR &AED5
     AED4   68         PLA
.pdec1
     AED5   29 0F      AND #&0F
     AED7   F0 07      BEQ &AEE0
     AED9   A2 30      LDX #&30
     AEDB   09 30      ORA #&30
     AEDD   4C D7 80   JMP &80D7
.pdec2
     AEE0   88         DEY
     AEE1   D0 02      BNE &AEE5
     AEE3   A2 30      LDX #&30
.pdec3
     AEE5   8A         TXA
     AEE6   4C D7 80   JMP &80D7
.CMD_DABOUT
     AEE9   A2 00      LDX #&00
.loop
     AEEB   BD 09 80   LDA &8009,X
     AEEE   D0 02      BNE &AEF2
     AEF0   A9 0D      LDA #&0D
.print
     AEF2   20 E3 FF   JSR &FFE3
     AEF5   E8         INX
     AEF6   E0 26      CPX #&26
     AEF8   D0 F1      BNE &AEEB
     AEFA   60         RTS
.CMD_DBASE
     AEFB   20 B9 81   JSR &81B9
     AEFE   F0 20      BEQ &AF20
     AF00   20 59 84   JSR &8459
     AF03   B0 4B      BCS &AF50
     AF05   D0 49      BNE &AF50
     AF07   EC EE 10   CPX &10EE
     AF0A   B0 44      BCS &AF50
     AF0C   8E ED 10   STX &10ED
     AF0F   20 07 A4   JSR &A407
     AF12   A9 00      LDA #&00
     AF14   20 13 A7   JSR &A713
     AF17   AD ED 10   LDA &10ED
     AF1A   8D 09 0E   STA &0E09
     AF1D   4C 21 A7   JMP &A721
.info
     AF20   20 98 80   JSR &8098
     AF23   4D 4D 42 ...
     AF2D   AD ED 10   LDA &10ED
     AF30   20 43 AF   JSR &AF43
     AF33   20 98 80   JSR &8098
     AF36   4D 4D 42 ...
     AF40   AD EE 10   LDA &10EE
.printdec
     AF43   20 48 84   JSR &8448
     AF46   A2 00      LDX #&00
     AF48   A0 02      LDY #&02
     AF4A   20 CC AE   JSR &AECC
     AF4D   4C 73 83   JMP &8373
.invalid
     AF50   4C 76 8A   JMP &8A76
.CMD_DBOOT
     AF53   20 00 9B   JSR &9B00
     AF56   A9 00      LDA #&00
     AF58   85 CD      STA &CD
     AF5A   20 83 8C   JSR &8C83
     AF5D   20 84 A6   JSR &A684
     AF60   A9 00      LDA #&00
     AF62   4C 83 8D   JMP &8D83
.CMD_DIN
     AF65   20 4D 8C   JSR &8C4D
     AF68   4C 84 A6   JMP &A684
.CMD_DOUT
     AF6B   20 1A 8C   JSR &8C1A
.unloaddrive
     AF6E   20 F0 A3   JSR &A3F0
     AF71   A6 CD      LDX &CD
     AF73   8A         TXA
     AF74   4C 04 A4   JMP &A404
.CMD_DCAT
     AF77   A9 00      LDA #&00
     AF79   85 B7      STA &B7
     AF7B   85 A8      STA &A8
     AF7D   85 A9      STA &A9
     AF7F   20 59 84   JSR &8459
     AF82   B0 25      BCS &AFA9
     AF84   86 AA      STX &AA
     AF86   86 B8      STX &B8
     AF88   85 AB      STA &AB
     AF8A   85 B9      STA &B9
     AF8C   20 59 84   JSR &8459
     AF8F   B0 1F      BCS &AFB0
     AF91   86 AA      STX &AA
     AF93   85 AB      STA &AB
     AF95   E4 B8      CPX &B8
     AF97   E5 B9      SBC &B9
     AF99   10 1B      BPL &AFB6
.badrange
     AF9B   20 6B 80   JSR &806B
     AF9E   FF
     AF9F   42 61 64 ...
     AFA8   00
.dc_1
     AFA9   A2 FE      LDX #&FE
     AFAB   86 AA      STX &AA
     AFAD   E8         INX
     AFAE   86 AB      STX &AB
.dc_2
     AFB0   A9 00      LDA #&00
     AFB2   85 B8      STA &B8
     AFB4   85 B9      STA &B9
.dc_3
     AFB6   E6 AA      INC &AA
     AFB8   D0 02      BNE &AFBC
     AFBA   E6 AB      INC &AB
.dc_4
     AFBC   20 D5 AD   JSR &ADD5
     AFBF   20 2F A7   JSR &A72F
     AFC2   A2 00      LDX #&00
     AFC4   AD 0D 10   LDA &100D
     AFC7   D0 04      BNE &AFCD
     AFC9   CA         DEX
     AFCA   8E 0E 10   STX &100E
.dclp
     AFCD   A5 B9      LDA &B9
     AFCF   30 1D      BMI &AFEE
     AFD1   A5 B8      LDA &B8
     AFD3   C5 AA      CMP &AA
     AFD5   A5 B9      LDA &B9
     AFD7   E5 AB      SBC &AB
     AFD9   B0 13      BCS &AFEE
     AFDB   20 24 AE   JSR &AE24
     AFDE   B0 08      BCS &AFE8
     AFE0   20 56 AE   JSR &AE56
     AFE3   A2 A8      LDX #&A8
     AFE5   20 AA A7   JSR &A7AA
.dcnxt
     AFE8   20 64 A7   JSR &A764
     AFEB   4C CD AF   JMP &AFCD
.dcfin
     AFEE   A9 86      LDA #&86
     AFF0   20 F4 FF   JSR &FFF4
     AFF3   E0 00      CPX #&00
     AFF5   F0 03      BEQ &AFFA
     AFF7   20 73 83   JSR &8373
.dcEven
     AFFA   A0 A8      LDY #&A8
     AFFC   20 3A A7   JSR &A73A
     AFFF   20 66 6F ...
     B005   EA         NOP
     B006   4C 73 83   JMP &8373
.CMD_DFREE
     B009   20 06 9B   JSR &9B06
     B00C   A2 00      LDX #&00
     B00E   86 A8      STX &A8
     B010   86 A9      STX &A9
     B012   86 AA      STX &AA
     B014   86 AB      STX &AB
     B016   CA         DEX
     B017   20 27 A7   JSR &A727
.dfreelp
     B01A   10 05      BPL &B021
     B01C   A2 A8      LDX #&A8
     B01E   20 AA A7   JSR &A7AA
.dffmted
     B021   A2 AA      LDX #&AA
     B023   20 AC A7   JSR &A7AC
     B026   20 64 A7   JSR &A764
     B029   90 EF      BCC &B01A
.dffin
     B02B   A2 00      LDX #&00
     B02D   A0 A8      LDY #&A8
     B02F   20 BF AE   JSR &AEBF
     B032   20 98 80   JSR &8098
     B035   20 6F 66 ...
     B039   A0 AA      LDY #&AA
     B03B   20 3A A7   JSR &A73A
     B03E   20 66 72 ...
     B051   EA         NOP
     B052   4C 73 83   JMP &8373
.CMD_DONBOOT
     B055   20 4D 8C   JSR &8C4D
     B058   20 21 AD   JSR &AD21
     B05B   A6 CD      LDX &CD
     B05D   A5 B8      LDA &B8
     B05F   9D 00 0E   STA &0E00,X
     B062   A5 B9      LDA &B9
     B064   9D 04 0E   STA &0E04,X
     B067   4C 21 A7   JMP &A721
.CMD_DDRIVE
     B06A   84 B3      STY &B3
     B06C   A9 FF      LDA #&FF
     B06E   85 B7      STA &B7
     B070   A9 03      LDA #&03
     B072   85 CD      STA &CD
     B074   A4 B3      LDY &B3
     B076   20 B9 81   JSR &81B9
     B079   F0 05      BEQ &B080
     B07B   20 22 8C   JSR &8C22
     B07E   90 02      BCC &B082
.ddsknoparam
     B080   A9 00      LDA #&00
.ddskloop
     B082   48         PHA
     B083   AA         TAX
     B084   A9 3A      LDA #&3A
     B086   20 EE FF   JSR &FFEE
     B089   8A         TXA
     B08A   09 30      ORA #&30
     B08C   20 EE FF   JSR &FFEE
     B08F   BD E3 10   LDA &10E3,X
     B092   10 13      BPL &B0A7
Macro MASK_DISKNO:
     B094   29 1F      AND #&1F
End macro MASK_DISKNO
     B096   85 B9      STA &B9
     B098   BD DF 10   LDA &10DF,X
     B09B   85 B8      STA &B8
     B09D   20 2F A7   JSR &A72F
     B0A0   C9 FF      CMP #&FF
     B0A2   F0 03      BEQ &B0A7
     B0A4   20 56 AE   JSR &AE56
.ddcont
     B0A7   20 E7 FF   JSR &FFE7
     B0AA   68         PLA
     B0AB   C5 CD      CMP &CD
     B0AD   F0 04      BEQ &B0B3
     B0AF   69 01      ADC #&01
     B0B1   90 CF      BCC &B082
.ddskexit
     B0B3   60         RTS
.MarkDriveAsFormatted
     B0B4   38         SEC
     B0B5   20 50 A6   JSR &A650
     B0B8   10 26      BPL &B0E0
     B0BA   A9 00      LDA #&00
     B0BC   A8         TAY
.masf_loop
     B0BD   91 B0      STA (&B0),Y
     B0BF   C8         INY
     B0C0   C0 0F      CPY #&0F
     B0C2   D0 F9      BNE &B0BD
     B0C4   98         TYA
     B0C5   D0 0E      BNE &B0D5
.dop_Protect
     B0C7   A9 00      LDA #&00
     B0C9   2C
.dop_Unprotect
     B0CA   A9 0F      LDA #&0F
.dlul
     B0CC   48         PHA
.dkconfirmed
     B0CD   20 4F A6   JSR &A64F
     B0D0   30 0B      BMI &B0DD
.drestore
     B0D2   68         PLA
     B0D3   A0 0F      LDY #&0F
.masf_status
     B0D5   91 B0      STA (&B0),Y
     B0D7   20 21 A7   JSR &A721
     B0DA   4C 84 A6   JMP &A684
.jmpErrNotFormatted
     B0DD   4C C6 A4   JMP &A4C6
.jmpErrFormatted
     B0E0   4C D8 A4   JMP &A4D8
.dop_Kill
     B0E3   20 FD 9C   JSR &9CFD
     B0E6   20 4F A6   JSR &A64F
     B0E9   20 91 A4   JSR &A491
     B0EC   20 2F A7   JSR &A72F
     B0EF   20 98 80   JSR &8098
     B0F2   4B 69 6C ...
     B0F6   EA         NOP
     B0F7   18         CLC
     B0F8   20 56 AE   JSR &AE56
     B0FB   20 98 80   JSR &8098
     B0FE   20 3A 20 
     B101   EA         NOP
     B102   20 63 9D   JSR &9D63
     B105   D0 05      BNE &B10C
     B107   A9 F0      LDA #&F0
     B109   48         PHA
     B10A   D0 C1      BNE &B0CD
.dkcancel
     B10C   60         RTS
.dop_Restore
     B10D   A9 0F      LDA #&0F
     B10F   48         PHA
     B110   38         SEC
     B111   20 50 A6   JSR &A650
     B114   30 BC      BMI &B0D2
     B116   10 C8      BPL &B0E0
.dop_New
     B118   A2 FF      LDX #&FF
     B11A   20 27 A7   JSR &A727
.fdkloop
     B11D   B0 2F      BCS &B14E
     B11F   C9 F0      CMP #&F0
     B121   F0 06      BEQ &B129
     B123   20 64 A7   JSR &A764
     B126   4C 1D B1   JMP &B11D
.fdkfound
     B129   20 24 84   JSR &8424
     B12C   20 84 A6   JSR &A684
     B12F   20 98 80   JSR &8098
     B132   44 69 73 ...
     B137   A2 00      LDX #&00
     B139   20 BD AE   JSR &AEBD
     B13C   20 98 80   JSR &8098
     B13F   20 69 6E ...
     B144   A5 CD      LDA &CD
     B146   09 30      ORA #&30
     B148   20 EE FF   JSR &FFEE
     B14B   4C E7 FF   JMP &FFE7
.ErrNoFreeDisks
     B14E   20 6B 80   JSR &806B
     B151   FF
     B152   4E 6F 20 ...
     B15F   00
.CMD_DOP
     B160   20 B9 81   JSR &81B9
     B163   F0 0C      BEQ &B171
     B165   29 DF      AND #&DF
     B167   A2 05      LDX #&05
.optloop
     B169   DD 80 B1   CMP &B180,X
     B16C   F0 06      BEQ &B174
     B16E   CA         DEX
     B16F   10 F8      BPL &B169
.opterr
     B171   4C 76 8A   JMP &8A76
.optok
     B174   BD 85 B1   LDA &B185,X
     B177   48         PHA
     B178   BD 8A B1   LDA &B18A,X
     B17B   48         PHA
     B17C   C8         INY
     B17D   4C 1A 8C   JMP &8C1A
.dop
     B180   52 4B 4E ...
.dopexhi
     B185   B1
     B186   B0
     B187   B1
     B188   B0
     B189   B0
.dopexlo
     B18A   0C
     B18B   E2
     B18C   17
     B18D   C9
     B18E   C6
Including file OSWORD7F.asm
.Osword7F_8271_Emulation
     B18F   A0 01      LDY #&01
     B191   A2 02      LDX #&02
     B193   20 28 81   JSR &8128
     B196   A0 00      LDY #&00
     B198   84 C3      STY &C3
     B19A   84 CF      STY &CF
     B19C   B1 B0      LDA (&B0),Y
     B19E   30 03      BMI &B1A3
     B1A0   20 15 8C   JSR &8C15
.ownoreset
     B1A3   20 CF AC   JSR &ACCF
     B1A6   A6 CD      LDX &CD
     B1A8   20 15 A5   JSR &A515
     B1AB   A0 05      LDY #&05
     B1AD   B1 B0      LDA (&B0),Y
     B1AF   18         CLC
     B1B0   69 07      ADC #&07
     B1B2   85 B2      STA &B2
     B1B4   20 BE B1   JSR &B1BE
     B1B7   A4 B2      LDY &B2
     B1B9   91 B0      STA (&B0),Y
.owuknown
     B1BB   A9 00      LDA #&00
     B1BD   60         RTS
.ow7F
     B1BE   A6 CD      LDX &CD
     B1C0   BD E3 10   LDA &10E3,X
     B1C3   10 21      BPL &B1E6
     B1C5   29 20      AND #&20
     B1C7   D0 1A      BNE &B1E3
     B1C9   C8         INY
     B1CA   B1 B0      LDA (&B0),Y
     B1CC   85 B3      STA &B3
     B1CE   C9 53      CMP #&53
     B1D0   F0 1A      BEQ &B1EC
     B1D2   C9 57      CMP #&57
     B1D4   F0 16      BEQ &B1EC
     B1D6   C9 4B      CMP #&4B
     B1D8   D0 E1      BNE &B1BB
     B1DA   BD E3 10   LDA &10E3,X
     B1DD   0A         ASL A
     B1DE   10 0C      BPL &B1EC
     B1E0   A9 12      LDA #&12
     B1E2   60         RTS
.ownosector
     B1E3   A9 1E      LDA #&1E
     B1E5   60         RTS
.owdrvnotrdy
     B1E6   A9 10      LDA #&10
     B1E8   60         RTS
.owfault
     B1E9   A9 FF      LDA #&FF
     B1EB   60         RTS
.owrw
     B1EC   A5 B2      LDA &B2
     B1EE   C9 0A      CMP #&0A
     B1F0   D0 F7      BNE &B1E9
     B1F2   A9 00      LDA #&00
     B1F4   85 B5      STA &B5
     B1F6   C8         INY
     B1F7   B1 B0      LDA (&B0),Y
     B1F9   C9 50      CMP #&50
     B1FB   B0 E6      BCS &B1E3
     B1FD   0A         ASL A
     B1FE   85 B4      STA &B4
     B200   0A         ASL A
     B201   26 B5      ROL &B5
     B203   0A         ASL A
     B204   26 B5      ROL &B5
     B206   65 B4      ADC &B4
     B208   85 B4      STA &B4
     B20A   90 02      BCC &B20E
     B20C   E6 B5      INC &B5
.owsk1
     B20E   C8         INY
     B20F   B1 B0      LDA (&B0),Y
     B211   C9 0A      CMP #&0A
     B213   B0 CE      BCS &B1E3
     B215   65 B4      ADC &B4
     B217   85 B4      STA &B4
     B219   90 02      BCC &B21D
     B21B   E6 B5      INC &B5
.owsk2
     B21D   C8         INY
     B21E   B1 B0      LDA (&B0),Y
     B220   29 1F      AND #&1F
     B222   F0 2C      BEQ &B250
     B224   85 CE      STA &CE
     B226   18         CLC
     B227   88         DEY
     B228   71 B0      ADC (&B0),Y
     B22A   C9 0B      CMP #&0B
     B22C   B0 B5      BCS &B1E3
     B22E   18         CLC
     B22F   A5 BE      LDA &BE
     B231   65 B4      ADC &B4
     B233   85 BE      STA &BE
     B235   A5 BF      LDA &BF
     B237   65 B5      ADC &B5
     B239   85 BF      STA &BF
     B23B   90 02      BCC &B23F
     B23D   E6 C0      INC &C0
.owsk4
     B23F   A5 B3      LDA &B3
     B241   C9 4B      CMP #&4B
     B243   F0 0E      BEQ &B253
     B245   20 3C AB   JSR &AB3C
.owexit
     B248   AD 9E 10   LDA &109E
     B24B   F0 03      BEQ &B250
     B24D   20 23 8D   JSR &8D23
.owretok
     B250   A9 00      LDA #&00
     B252   60         RTS
.owwrite
     B253   20 E5 AB   JSR &ABE5
     B256   4C 48 B2   JMP &B248
Processed file 'OSWORD7F.asm' ok
Including file Utilities.asm
.CMD_DUMP
     B259   A9 40      LDA #&40
     B25B   20 49 B3   JSR &B349
     B25E   A9 00      LDA #&00
     B260   48         PHA
     B261   AA         TAX
     B262   F0 06      BEQ &B26A
.dump_inc_address
     B264   69 08      ADC #&08
     B266   48         PHA
     B267   90 01      BCC &B26A
     B269   E8         INX
.dump_loop
     B26A   8A         TXA
     B26B   20 03 81   JSR &8103
     B26E   68         PLA
     B26F   48         PHA
     B270   20 03 81   JSR &8103
     B273   8A         TXA
     B274   48         PHA
     B275   20 14 81   JSR &8114
     B278   A2 07      LDX #&07
.dump_getbytes_loop
     B27A   20 D7 FF   JSR &FFD7
     B27D   B0 0B      BCS &B28A
     B27F   95 A8      STA &A8,X
     B281   20 03 81   JSR &8103
     B284   20 14 81   JSR &8114
     B287   CA         DEX
     B288   10 F0      BPL &B27A
.dump_eof
     B28A   08         PHP
     B28B   90 12      BCC &B29F
.dump_padnum_loop
     B28D   A9 2A      LDA #&2A
     B28F   20 EE FF   JSR &FFEE
     B292   20 EE FF   JSR &FFEE
     B295   20 14 81   JSR &8114
     B298   A9 00      LDA #&00
     B29A   95 A8      STA &A8,X
     B29C   CA         DEX
     B29D   10 EE      BPL &B28D
.dump_noteof
     B29F   A2 07      LDX #&07
.dump_chr_loop
     B2A1   B5 A8      LDA &A8,X
     B2A3   29 7F      AND #&7F
     B2A5   C9 7F      CMP #&7F
     B2A7   F0 04      BEQ &B2AD
     B2A9   C9 20      CMP #&20
     B2AB   B0 02      BCS &B2AF
.showchrdot
     B2AD   A9 2E      LDA #&2E
.showchrexit
     B2AF   20 EE FF   JSR &FFEE
     B2B2   CA         DEX
     B2B3   10 EC      BPL &B2A1
     B2B5   20 E7 FF   JSR &FFE7
     B2B8   28         PLP
     B2B9   68         PLA
     B2BA   AA         TAX
     B2BB   68         PLA
     B2BC   24 FF      BIT &FF
     B2BE   30 3A      BMI &B2FA
     B2C0   90 A2      BCC &B264
     B2C2   B0 31      BCS &B2F5
.CMD_TYPE
     B2C4   A9 00      LDA #&00
     B2C6   F0 02      BEQ &B2CA
.CMD_LIST
     B2C8   A9 FF      LDA #&FF
.type
     B2CA   85 AA      STA &AA
     B2CC   A9 40      LDA #&40
     B2CE   20 49 B3   JSR &B349
     B2D1   A9 0D      LDA #&0D
.list_loop_entry
     B2D3   25 AA      AND &AA
     B2D5   49 0D      EOR #&0D
     B2D7   AA         TAX
.list_loop
     B2D8   20 D7 FF   JSR &FFD7
     B2DB   B0 15      BCS &B2F2
     B2DD   C9 0A      CMP #&0A
     B2DF   F0 F7      BEQ &B2D8
     B2E1   48         PHA
     B2E2   8A         TXA
     B2E3   D0 03      BNE &B2E8
     B2E5   20 7A B3   JSR &B37A
.list_skiplineno
     B2E8   68         PLA
     B2E9   20 E3 FF   JSR &FFE3
     B2EC   24 FF      BIT &FF
     B2EE   30 0A      BMI &B2FA
     B2F0   10 E1      BPL &B2D3
.list_eof
     B2F2   20 E7 FF   JSR &FFE7
.Utils_CloseFile_Yhandle
     B2F5   A9 00      LDA #&00
     B2F7   4C CE FF   JMP &FFCE
.Utils_ESCAPE_CloseFileY
     B2FA   20 F5 B2   JSR &B2F5
     B2FD   4C 2F 8D   JMP &8D2F
.CMD_BUILD
     B300   A9 80      LDA #&80
     B302   20 49 B3   JSR &B349
     B305   85 AA      STA &AA
     B307   A6 F4      LDX &F4
     B309   BD F0 0D   LDA &0DF0,X
     B30C   29 3F      AND #&3F
     B30E   85 AC      STA &AC
     B310   E6 AC      INC &AC
     B312   A9 20      LDA #&20
     B314   85 AE      STA &AE
.build_loop1
     B316   20 7A B3   JSR &B37A
     B319   A0 FF      LDY #&FF
     B31B   84 AD      STY &AD
     B31D   84 AF      STY &AF
     B31F   C8         INY
     B320   84 AB      STY &AB
     B322   98         TYA
     B323   A2 AB      LDX #&AB
     B325   20 F1 FF   JSR &FFF1
     B328   08         PHP
     B329   84 AF      STY &AF
     B32B   A4 AA      LDY &AA
     B32D   A2 00      LDX #&00
     B32F   F0 07      BEQ &B338
.build_loop2
     B331   A1 AB      LDA (&AB,X)
     B333   20 D4 FF   JSR &FFD4
     B336   E6 AB      INC &AB
.build_loop2entry
     B338   A5 AB      LDA &AB
     B33A   C5 AF      CMP &AF
     B33C   D0 F3      BNE &B331
     B33E   28         PLP
     B33F   B0 B9      BCS &B2FA
     B341   A9 0D      LDA #&0D
     B343   20 D4 FF   JSR &FFD4
     B346   4C 16 B3   JMP &B316
.Utils_FilenameAtXY
     B349   85 AF      STA &AF
     B34B   BA         TSX
     B34C   A9 00      LDA #&00
     B34E   9D 07 01   STA &0107,X
     B351   85 A8      STA &A8
     B353   85 A9      STA &A9
     B355   88         DEY
.utils_skipspcloop
     B356   C8         INY
     B357   B1 F2      LDA (&F2),Y
     B359   C9 20      CMP #&20
     B35B   F0 F9      BEQ &B356
     B35D   C9 0D      CMP #&0D
     B35F   D0 03      BNE &B364
     B361   4C 0C 9B   JMP &9B0C
.utils_notnullstr
     B364   98         TYA
     B365   18         CLC
     B366   65 F2      ADC &F2
     B368   AA         TAX
     B369   A5 F3      LDA &F3
     B36B   69 00      ADC #&00
     B36D   A8         TAY
     B36E   A5 AF      LDA &AF
     B370   20 CE FF   JSR &FFCE
     B373   F0 02      BEQ &B377
     B375   A8         TAY
     B376   60         RTS
.utils_filenotfound
     B377   4C 36 82   JMP &8236
.Utils_PrintLineNoA8
     B37A   20 AA A7   JSR &A7AA
     B37D   20 03 81   JSR &8103
     B380   A5 A8      LDA &A8
     B382   20 03 81   JSR &8103
     B385   4C 14 81   JMP &8114
Processed file 'Utilities.asm' ok
Including file TubeHost230.asm
.TUBE_CODE_500
     B388   37 05
     B38A   96 05
     B38C   F2 05
     B38E   07 06
     B390   27 06
     B392   68 06
     B394   5E 05
     B396   2D 05
     B398   20 05
     B39A   42 05
     B39C   A9 05
     B39E   D1 05
     B3A0   86
     B3A1   88
     B3A2   96
     B3A3   98
     B3A4   18
     B3A5   18
     B3A6   82
     B3A7   18
     B3A8   20 C5 06   JSR &06C5
     B3AB   A8         TAY
     B3AC   20 C5 06   JSR &06C5
     B3AF   20 D4 FF   JSR &FFD4
     B3B2   4C 9C 05   JMP &059C
     B3B5   20 C5 06   JSR &06C5
     B3B8   A8         TAY
     B3B9   20 D7 FF   JSR &FFD7
     B3BC   4C 3A 05   JMP &053A
     B3BF   20 E0 FF   JSR &FFE0
     B3C2   6A         ROR A
     B3C3   20 95 06   JSR &0695
     B3C6   2A         ROL A
     B3C7   4C 9E 05   JMP &059E
     B3CA   20 C5 06   JSR &06C5
     B3CD   F0 0B      BEQ &B3DA
     B3CF   48         PHA
     B3D0   20 82 05   JSR &0582
     B3D3   68         PLA
     B3D4   20 CE FF   JSR &FFCE
     B3D7   4C 9E 05   JMP &059E
.Label_AD2D
     B3DA   20 C5 06   JSR &06C5
     B3DD   A8         TAY
     B3DE   A9 00      LDA #&00
     B3E0   20 CE FF   JSR &FFCE
     B3E3   4C 9C 05   JMP &059C
     B3E6   20 C5 06   JSR &06C5
     B3E9   A8         TAY
     B3EA   A2 04      LDX #&04
.Label_AD3F
     B3EC   20 C5 06   JSR &06C5
     B3EF   95 FF      STA &FF,X
     B3F1   CA         DEX
     B3F2   D0 F8      BNE &B3EC
     B3F4   20 C5 06   JSR &06C5
     B3F7   20 DA FF   JSR &FFDA
     B3FA   20 95 06   JSR &0695
     B3FD   A2 03      LDX #&03
.Label_AD52
     B3FF   B5 00      LDA &00,X
     B401   20 95 06   JSR &0695
     B404   CA         DEX
     B405   10 F8      BPL &B3FF
     B407   4C 36 00   JMP &0036
     B40A   A2 00      LDX #&00
     B40C   A0 00      LDY #&00
.Label_AD61
     B40E   20 C5 06   JSR &06C5
     B411   99 00 07   STA &0700,Y
     B414   C8         INY
     B415   F0 04      BEQ &B41B
     B417   C9 0D      CMP #&0D
     B419   D0 F3      BNE &B40E
.Label_AD6E
     B41B   A0 07      LDY #&07
     B41D   60         RTS
     B41E   20 82 05   JSR &0582
     B421   20 F7 FF   JSR &FFF7
     B424   A9 7F      LDA #&7F
.Label_AD79
     B426   2C E2 FC   BIT &FCE2
     B429   50 FB      BVC &B426
     B42B   8D E3 FC   STA &FCE3
.Label_AD81
     B42E   4C 36 00   JMP &0036
     B431   A2 10      LDX #&10
.Label_AD86
     B433   20 C5 06   JSR &06C5
     B436   95 01      STA &01,X
     B438   CA         DEX
     B439   D0 F8      BNE &B433
     B43B   20 82 05   JSR &0582
     B43E   86 00      STX &00
     B440   84 01      STY &01
     B442   A0 00      LDY #&00
     B444   20 C5 06   JSR &06C5
     B447   20 DD FF   JSR &FFDD
     B44A   20 95 06   JSR &0695
     B44D   A2 10      LDX #&10
.Label_ADA2
     B44F   B5 01      LDA &01,X
     B451   20 95 06   JSR &0695
     B454   CA         DEX
     B455   D0 F8      BNE &B44F
     B457   F0 D5      BEQ &B42E
     B459   A2 0D      LDX #&0D
.Label_ADAE
     B45B   20 C5 06   JSR &06C5
     B45E   95 FF      STA &FF,X
     B460   CA         DEX
     B461   D0 F8      BNE &B45B
     B463   20 C5 06   JSR &06C5
     B466   A0 00      LDY #&00
     B468   20 D1 FF   JSR &FFD1
     B46B   48         PHA
     B46C   A2 0C      LDX #&0C
.Label_ADC1
     B46E   B5 00      LDA &00,X
     B470   20 95 06   JSR &0695
     B473   CA         DEX
     B474   10 F8      BPL &B46E
     B476   68         PLA
     B477   4C 3A 05   JMP &053A
     B47A   20 C5 06   JSR &06C5
     B47D   AA         TAX
     B47E   20 C5 06   JSR &06C5
     B481   20 F4 FF   JSR &FFF4
.Label_ADD7
     B484   2C E2 FC   BIT &FCE2
     B487   50 FB      BVC &B484
     B489   8E E3 FC   STX &FCE3
.Label_ADDF
     B48C   4C 36 00   JMP &0036
     B48F   20 C5 06   JSR &06C5
     B492   AA         TAX
     B493   20 C5 06   JSR &06C5
     B496   A8         TAY
     B497   20 C5 06   JSR &06C5
     B49A   20 F4 FF   JSR &FFF4
     B49D   49 9D      EOR #&9D
     B49F   F0 EB      BEQ &B48C
     B4A1   6A         ROR A
     B4A2   20 95 06   JSR &0695
.Label_ADF8
     B4A5   2C E2 FC   BIT &FCE2
     B4A8   50 FB      BVC &B4A5
     B4AA   8C E3 FC   STY &FCE3
     B4AD   70 D5      BVS &B484
     B4AF   20 C5 06   JSR &06C5
     B4B2   A8         TAY
.Label_AE06
     B4B3   2C E2 FC   BIT &FCE2
     B4B6   10 FB      BPL &B4B3
     B4B8   AE E3 FC   LDX &FCE3
     B4BB   CA         DEX
     B4BC   30 0F      BMI &B4CD
.Label_AE11
     B4BE   2C E2 FC   BIT &FCE2
     B4C1   10 FB      BPL &B4BE
     B4C3   AD E3 FC   LDA &FCE3
     B4C6   9D 28 01   STA &0128,X
     B4C9   CA         DEX
     B4CA   10 F2      BPL &B4BE
     B4CC   98         TYA
.Label_AE20
     B4CD   A2 28      LDX #&28
     B4CF   A0 01      LDY #&01
     B4D1   20 F1 FF   JSR &FFF1
.Label_AE27
     B4D4   2C E2 FC   BIT &FCE2
     B4D7   10 FB      BPL &B4D4
     B4D9   AE E3 FC   LDX &FCE3
     B4DC   CA         DEX
     B4DD   30 0E      BMI &B4ED
.Label_AE32
     B4DF   BC 28 01   LDY &0128,X
.Label_AE35
     B4E2   2C E2 FC   BIT &FCE2
     B4E5   50 FB      BVC &B4E2
     B4E7   8C E3 FC   STY &FCE3
     B4EA   CA         DEX
     B4EB   10 F2      BPL &B4DF
.Label_AE40
     B4ED   4C 36 00   JMP &0036
     B4F0   A2 04      LDX #&04
.Label_AE45
     B4F2   20 C5 06   JSR &06C5
     B4F5   95 00      STA &00,X
     B4F7   CA         DEX
     B4F8   10 F8      BPL &B4F2
     B4FA   E8         INX
     B4FB   A0 00      LDY #&00
     B4FD   8A         TXA
     B4FE   20 F1 FF   JSR &FFF1
     B501   90 05      BCC &B508
     B503   A9 FF      LDA #&FF
     B505   4C 9E 05   JMP &059E
.Label_AE5B
     B508   A2 00      LDX #&00
     B50A   A9 7F      LDA #&7F
     B50C   20 95 06   JSR &0695
.Label_AE62
     B50F   BD 00 07   LDA &0700,X
     B512   20 95 06   JSR &0695
     B515   E8         INX
     B516   C9 0D      CMP #&0D
     B518   D0 F5      BNE &B50F
     B51A   4C 36 00   JMP &0036
.Label_AE70
     B51D   2C E2 FC   BIT &FCE2
     B520   50 FB      BVC &B51D
     B522   8D E3 FC   STA &FCE3
     B525   60         RTS
.Label_AE79
     B526   2C E6 FC   BIT &FCE6
     B529   50 FB      BVC &B526
     B52B   8D E7 FC   STA &FCE7
     B52E   60         RTS
     B52F   A5 FF      LDA &FF
     B531   38         SEC
     B532   6A         ROR A
     B533   30 0F      BMI &B544
     B535   48         PHA
     B536   A9 00      LDA #&00
     B538   20 BC 06   JSR &06BC
     B53B   98         TYA
     B53C   20 BC 06   JSR &06BC
     B53F   8A         TXA
     B540   20 BC 06   JSR &06BC
     B543   68         PLA
.Label_AE97
     B544   2C E0 FC   BIT &FCE0
     B547   50 FB      BVC &B544
     B549   8D E1 FC   STA &FCE1
     B54C   60         RTS
.Label_AEA0
     B54D   2C E2 FC   BIT &FCE2
     B550   10 FB      BPL &B54D
     B552   AD E3 FC   LDA &FCE3
     B555   60         RTS
.SERVICE09_TUBEHelp
     B556   C9 09      CMP #&09
     B558   D0 2A      BNE &B584
     B55A   98         TYA
     B55B   48         PHA
     B55C   B1 F2      LDA (&F2),Y
     B55E   C9 0D      CMP #&0D
     B560   D0 1E      BNE &B580
     B562   A9 E9      LDA #&E9
     B564   20 7D 94   JSR &947D
     B567   A6 F4      LDX &F4
     B569   98         TYA
     B56A   F0 14      BEQ &B580
     B56C   20 98 80   JSR &8098
     B56F   0D
     B570   54 55 42 ...
     B57E   0D
     B57F   EA         NOP
.Label_AED3
     B580   68         PLA
     B581   A8         TAY
     B582   A9 09      LDA #&09
.SERVICEFE_TUBEPostInit
     B584   C9 FE      CMP #&FE
     B586   90 5C      BCC &B5E4
     B588   D0 1B      BNE &B5A5
     B58A   C0 00      CPY #&00
     B58C   F0 56      BEQ &B5E4
     B58E   A2 06      LDX #&06
     B590   A9 14      LDA #&14
     B592   20 F4 FF   JSR &FFF4
.servFE_tubemsg_loop
     B595   2C E0 FC   BIT &FCE0
     B598   10 FB      BPL &B595
     B59A   AD E1 FC   LDA &FCE1
     B59D   F0 43      BEQ &B5E2
     B59F   20 EE FF   JSR &FFEE
     B5A2   4C 95 B5   JMP &B595
.SERVICEFF_TUBEInit
     B5A5   A9 AD      LDA #&AD
     B5A7   8D 20 02   STA &0220
     B5AA   A9 06      LDA #&06
     B5AC   8D 21 02   STA &0221
     B5AF   A9 16      LDA #&16
     B5B1   8D 02 02   STA &0202
     B5B4   A9 00      LDA #&00
     B5B6   8D 03 02   STA &0203
     B5B9   A9 8E      LDA #&8E
     B5BB   8D E0 FC   STA &FCE0
     B5BE   A0 00      LDY #&00
.servFF_copytubecode_loop
     B5C0   B9 26 B6   LDA &B626,Y
     B5C3   99 00 04   STA &0400,Y
     B5C6   B9 88 B3   LDA &B388,Y
     B5C9   99 00 05   STA &0500,Y
     B5CC   B9 88 B4   LDA &B488,Y
     B5CF   99 00 06   STA &0600,Y
     B5D2   88         DEY
     B5D3   D0 EB      BNE &B5C0
     B5D5   20 21 04   JSR &0421
     B5D8   A2 41      LDX #&41
.servFF_copytubezpcode_loop
     B5DA   BD E5 B5   LDA &B5E5,X
     B5DD   95 16      STA &16,X
     B5DF   CA         DEX
     B5E0   10 F8      BPL &B5DA
.servFE_exitA_0
     B5E2   A9 00      LDA #&00
.servFE_exit
     B5E4   60         RTS
.TUBE_ZP_CODE_0016
     B5E5   A9 FF      LDA #&FF
     B5E7   20 9E 06   JSR &069E
     B5EA   AD E3 FC   LDA &FCE3
     B5ED   A9 00      LDA #&00
     B5EF   20 95 06   JSR &0695
     B5F2   A8         TAY
     B5F3   B1 FD      LDA (&FD),Y
     B5F5   20 95 06   JSR &0695
.Label_AF4B
     B5F8   C8         INY
     B5F9   B1 FD      LDA (&FD),Y
     B5FB   20 95 06   JSR &0695
     B5FE   AA         TAX
     B5FF   D0 F7      BNE &B5F8
     B601   A2 FF      LDX #&FF
     B603   9A         TXS
     B604   58         CLI
.Label_AF58
     B605   2C E0 FC   BIT &FCE0
     B608   10 06      BPL &B610
.Label_AF5D
     B60A   AD E1 FC   LDA &FCE1
     B60D   20 EE FF   JSR &FFEE
.Label_AF63
     B610   2C E2 FC   BIT &FCE2
     B613   10 F0      BPL &B605
     B615   2C E0 FC   BIT &FCE0
     B618   30 F0      BMI &B60A
     B61A   AE E3 FC   LDX &FCE3
     B61D   86 51      STX &51
     B61F   6C 00 05   JMP (&0500)
     B622   00 80
     B624   00 00
.TUBE_CODE_400
     B626   4C 84 04   JMP &0484
     B629   4C A7 06   JMP &06A7
     B62C   C9 80      CMP #&80
     B62E   90 2B      BCC &B65B
     B630   C9 C0      CMP #&C0
     B632   B0 1A      BCS &B64E
     B634   09 40      ORA #&40
     B636   C5 15      CMP &15
     B638   D0 20      BNE &B65A
     B63A   08         PHP
     B63B   78         SEI
     B63C   A9 05      LDA #&05
     B63E   20 9E 06   JSR &069E
     B641   A5 15      LDA &15
     B643   20 9E 06   JSR &069E
     B646   28         PLP
     B647   A9 80      LDA #&80
     B649   85 15      STA &15
     B64B   85 14      STA &14
     B64D   60         RTS
.Label_AFA1
     B64E   06 14      ASL &14
     B650   B0 06      BCS &B658
     B652   C5 15      CMP &15
     B654   F0 04      BEQ &B65A
     B656   18         CLC
     B657   60         RTS
.Label_AFAB
     B658   85 15      STA &15
.Label_AFAD
     B65A   60         RTS
.Label_AFAE
     B65B   08         PHP
     B65C   78         SEI
     B65D   84 13      STY &13
     B65F   86 12      STX &12
     B661   20 9E 06   JSR &069E
     B664   AA         TAX
     B665   A0 03      LDY #&03
     B667   A5 15      LDA &15
     B669   20 9E 06   JSR &069E
.Label_AFBF
     B66C   B1 12      LDA (&12),Y
     B66E   20 9E 06   JSR &069E
     B671   88         DEY
     B672   10 F8      BPL &B66C
     B674   A0 18      LDY #&18
     B676   8C E0 FC   STY &FCE0
     B679   BD 18 05   LDA &0518,X
     B67C   8D E0 FC   STA &FCE0
     B67F   4A         LSR A
     B680   4A         LSR A
     B681   90 06      BCC &B689
     B683   2C E5 FC   BIT &FCE5
     B686   2C E5 FC   BIT &FCE5
.Label_AFDC
     B689   20 9E 06   JSR &069E
.Label_AFDF
     B68C   2C E6 FC   BIT &FCE6
     B68F   50 FB      BVC &B68C
     B691   B0 0D      BCS &B6A0
     B693   E0 04      CPX #&04
     B695   D0 11      BNE &B6A8
.Label_AFEA
     B697   20 14 04   JSR &0414
     B69A   20 95 06   JSR &0695
     B69D   4C 32 00   JMP &0032
.Label_AFF3
     B6A0   4A         LSR A
     B6A1   90 05      BCC &B6A8
     B6A3   A0 88      LDY #&88
     B6A5   8C E0 FC   STY &FCE0
.Label_AFFB
     B6A8   28         PLP
     B6A9   60         RTS
     B6AA   58         CLI
     B6AB   B0 0A      BCS &B6B7
     B6AD   D0 03      BNE &B6B2
     B6AF   4C 9C 05   JMP &059C
.Label_B005
     B6B2   AE 8D 02   LDX &028D
     B6B5   F0 E0      BEQ &B697
.Label_B00A
     B6B7   A9 FF      LDA #&FF
     B6B9   20 06 04   JSR &0406
     B6BC   90 F9      BCC &B6B7
     B6BE   20 CE 04   JSR &04CE
.Label_B014
     B6C1   08         PHP
     B6C2   78         SEI
     B6C3   A9 07      LDA #&07
     B6C5   20 C7 04   JSR &04C7
     B6C8   A0 00      LDY #&00
     B6CA   84 00      STY &00
.Label_B01F
     B6CC   B1 00      LDA (&00),Y
     B6CE   8D E5 FC   STA &FCE5
     B6D1   EA         NOP
     B6D2   EA         NOP
     B6D3   EA         NOP
     B6D4   C8         INY
     B6D5   D0 F5      BNE &B6CC
     B6D7   28         PLP
     B6D8   E6 54      INC &54
     B6DA   D0 06      BNE &B6E2
     B6DC   E6 55      INC &55
     B6DE   D0 02      BNE &B6E2
     B6E0   E6 56      INC &56
.Label_B035
     B6E2   E6 01      INC &01
     B6E4   24 01      BIT &01
     B6E6   50 D9      BVC &B6C1
     B6E8   20 CE 04   JSR &04CE
     B6EB   A9 04      LDA #&04
     B6ED   A0 00      LDY #&00
     B6EF   A2 53      LDX #&53
     B6F1   4C 06 04   JMP &0406
     B6F4   A9 80      LDA #&80
     B6F6   85 54      STA &54
     B6F8   85 01      STA &01
     B6FA   A9 20      LDA #&20
     B6FC   2D 06 80   AND &8006
     B6FF   A8         TAY
     B700   84 53      STY &53
     B702   F0 19      BEQ &B71D
     B704   AE 07 80   LDX &8007
.Label_B05A
     B707   E8         INX
     B708   BD 00 80   LDA &8000,X
     B70B   D0 FA      BNE &B707
     B70D   BD 01 80   LDA &8001,X
     B710   85 53      STA &53
     B712   BD 02 80   LDA &8002,X
     B715   85 54      STA &54
     B717   BC 03 80   LDY &8003,X
     B71A   BD 04 80   LDA &8004,X
.Label_B070
     B71D   85 56      STA &56
     B71F   84 55      STY &55
     B721   60         RTS
Processed file 'TubeHost230.asm' ok
    code ends at&B722  (2270 bytes free )
Saving file 'build/E/EMMFS'
Processed file 'mmfs100.asm' ok
Processed file 'top_EMMFS.asm' ok
