Including file DEVICE.asm
Processed file 'DEVICE.asm' ok
Including file mmfs100.asm
Including file VERSION.asm
Processed file 'VERSION.asm' ok
Including file SYSVARS.asm
Processed file 'SYSVARS.asm' ok
.langentry
     8000   00         BRK
     8001   00         BRK
     8002   00         BRK
.serventry
     8003   4C EB 8D   JMP &8DEB
.romtype
     8006   82
.copywoffset
     8007   24
.binversion
     8008   7B
.title
Macro BUILD_NAME:
Macro BASE_NAME:
     8009   45 6C 65 ...
Macro SYSTEM_NAME:
     8012   4D 4D 46 ...
End macro SYSTEM_NAME
     8017   20 28 44 ...
End macro BASE_NAME
Macro DEVICE_NAME:
End macro DEVICE_NAME
Macro DFS_EMUL_NAME:
End macro DFS_EMUL_NAME
     801F   00
End macro BUILD_NAME
.version
Macro BUILD_VERSION:
     8020   31 2E 35 ...
     8024   00
End macro BUILD_VERSION
.copyright
Macro BUILD_COPYRIGHT:
     8025   28 43 29 ...
     8033   00
End macro BUILD_COPYRIGHT
.header_end
.Go_FSCV
     8034   6C 1E 02   JMP (&021E)
.SetLEDS
     8037   AD 82 02   LDA &0282
     803A   49 80      EOR #&80
     803C   8D 82 02   STA &0282
     803F   8D 07 FE   STA &FE07
     8042   60         RTS
.ResetLEDS
     8043   20 F5 83   JSR &83F5
     8046   A9 76      LDA #&76
     8048   4C F4 FF   JMP &FFF4
.errDISK
     804B   20 60 80   JSR &8060
     804E   00         BRK
     804F   44 69 73 ...
     8054   90 21      BCC &8077
.errBAD
     8056   20 60 80   JSR &8060
     8059   00         BRK
     805A   42 61 64 ...
     805E   90 17      BCC &8077
.ReportErrorCB
     8060   AD DD 10   LDA &10DD
     8063   D0 03      BNE &8068
     8065   20 97 97   JSR &9797
.brk100_notbuf
     8068   A9 FF      LDA #&FF
     806A   8D 82 10   STA &1082
     806D   8D DD 10   STA &10DD
.ReportError
     8070   A2 02      LDX #&02
     8072   A9 00      LDA #&00
     8074   8D 00 01   STA &0100
.ErrCONTINUE
     8077   20 43 80   JSR &8043
.ReportError2
     807A   68         PLA
     807B   85 AE      STA &AE
     807D   68         PLA
     807E   85 AF      STA &AF
     8080   A0 00      LDY #&00
     8082   20 EC 83   JSR &83EC
     8085   8D 01 01   STA &0101
     8088   CA         DEX
.errstr_loop
     8089   E8         INX
     808A   20 EC 83   JSR &83EC
     808D   9D 00 01   STA &0100,X
     8090   30 27      BMI &80B9
     8092   D0 F5      BNE &8089
     8094   20 87 8C   JSR &8C87
     8097   4C 00 01   JMP &0100
.PrintNibble_PrintString
     809A   20 04 81   JSR &8104
.PrintString
     809D   85 B3      STA &B3
     809F   68         PLA
     80A0   85 AE      STA &AE
     80A2   68         PLA
     80A3   85 AF      STA &AF
     80A5   A5 B3      LDA &B3
     80A7   48         PHA
     80A8   98         TYA
     80A9   48         PHA
     80AA   A0 00      LDY #&00
.prtstr_loop
     80AC   20 EC 83   JSR &83EC
     80AF   30 05      BMI &80B6
     80B1   20 E0 80   JSR &80E0
     80B4   10 F6      BPL &80AC
.prtstr_return1
     80B6   68         PLA
     80B7   A8         TAY
     80B8   68         PLA
.prtstr_return2
     80B9   18         CLC
     80BA   6C AE 00   JMP (&00AE)
.PrintStringSPL
     80BD   85 B3      STA &B3
     80BF   68         PLA
     80C0   85 AE      STA &AE
     80C2   68         PLA
     80C3   85 AF      STA &AF
     80C5   A5 B3      LDA &B3
     80C7   48         PHA
     80C8   98         TYA
     80C9   48         PHA
     80CA   A0 00      LDY #&00
.pstr_loop
     80CC   20 EC 83   JSR &83EC
     80CF   30 E5      BMI &80B6
     80D1   20 E3 FF   JSR &FFE3
     80D4   4C CC 80   JMP &80CC
.PrintSpace
     80D7   A9 20      LDA #&20
     80D9   D0 05      BNE &80E0
.PrintNibFullStop
     80DB   20 04 81   JSR &8104
.PrintFullStop
     80DE   A9 2E      LDA #&2E
.PrintChrA
     80E0   20 F5 83   JSR &83F5
     80E3   48         PHA
     80E4   A9 EC      LDA #&EC
     80E6   20 04 94   JSR &9404
     80E9   8A         TXA
     80EA   48         PHA
     80EB   09 10      ORA #&10
     80ED   AA         TAX
     80EE   20 F7 80   JSR &80F7
     80F1   68         PLA
     80F2   AA         TAX
     80F3   68         PLA
     80F4   20 E3 FF   JSR &FFE3
.osbyte03_Xoutstream
     80F7   A9 03      LDA #&03
     80F9   4C F4 FF   JMP &FFF4
.PrintHex
     80FC   48         PHA
     80FD   20 21 82   JSR &8221
     8100   20 04 81   JSR &8104
     8103   68         PLA
.PrintNibble
     8104   20 26 81   JSR &8126
     8107   D0 D7      BNE &80E0
.PrintBCDSPL
     8109   20 2D 84   JSR &842D
.PrintHexSPL
     810C   48         PHA
     810D   20 21 82   JSR &8221
     8110   20 14 81   JSR &8114
     8113   68         PLA
.PrintNibbleSPL
     8114   20 26 81   JSR &8126
     8117   4C EE FF   JMP &FFEE
.Print2SpacesSPL
     811A   20 1D 81   JSR &811D
.PrintSpaceSPL
     811D   48         PHA
     811E   A9 20      LDA #&20
     8120   20 EE FF   JSR &FFEE
     8123   68         PLA
     8124   18         CLC
     8125   60         RTS
.NibToASC
     8126   29 0F      AND #&0F
     8128   C9 0A      CMP #&0A
     812A   90 02      BCC &812E
     812C   69 06      ADC #&06
.nibasc
     812E   69 30      ADC #&30
     8130   60         RTS
.CopyVarsB0BA
     8131   20 41 81   JSR &8141
     8134   CA         DEX
     8135   CA         DEX
     8136   20 39 81   JSR &8139
.cpybyte1
     8139   B1 B0      LDA (&B0),Y
     813B   9D 72 10   STA &1072,X
     813E   E8         INX
     813F   C8         INY
     8140   60         RTS
.CopyWordB0BA
     8141   20 44 81   JSR &8144
.cpybyte2
     8144   B1 B0      LDA (&B0),Y
     8146   95 BA      STA &BA,X
     8148   E8         INX
     8149   C8         INY
     814A   60         RTS
.read_fspTextPointer
     814B   20 F1 8B   JSR &8BF1
     814E   4C 61 81   JMP &8161
.read_fspBA_reset
     8151   20 F1 8B   JSR &8BF1
.read_fspBA
     8154   A5 BA      LDA &BA
     8156   85 F2      STA &F2
     8158   A5 BB      LDA &BB
     815A   85 F3      STA &F3
     815C   A0 00      LDY #&00
     815E   20 C2 81   JSR &81C2
.rdafsp_entry
     8161   A2 20      LDX #&20
     8163   20 A7 81   JSR &81A7
     8166   B0 1B      BCS &8183
     8168   8D 00 10   STA &1000
     816B   C9 2E      CMP #&2E
     816D   D0 04      BNE &8173
.rdafsp_setdrv
     816F   86 CC      STX &CC
     8171   F0 EE      BEQ &8161
.rdafsp_notdot
     8173   C9 3A      CMP #&3A
     8175   D0 15      BNE &818C
     8177   20 06 8C   JSR &8C06
     817A   20 A7 81   JSR &81A7
     817D   B0 04      BCS &8183
     817F   C9 2E      CMP #&2E
     8181   F0 DE      BEQ &8161
.errBadName
     8183   20 56 80   JSR &8056
     8186   CC
     8187   6E 61 6D ...
     818B   00
.rdafsp_notcolon
     818C   AA         TAX
     818D   20 A7 81   JSR &81A7
     8190   B0 34      BCS &81C6
     8192   C9 2E      CMP #&2E
     8194   F0 D9      BEQ &816F
     8196   A2 01      LDX #&01
.rdafsp_rdfnloop
     8198   9D 00 10   STA &1000,X
     819B   E8         INX
     819C   20 A7 81   JSR &81A7
     819F   B0 27      BCS &81C8
     81A1   E0 07      CPX #&07
     81A3   D0 F3      BNE &8198
     81A5   F0 DC      BEQ &8183
.GSREAD_A
     81A7   20 C5 FF   JSR &FFC5
     81AA   08         PHP
     81AB   29 7F      AND #&7F
     81AD   C9 0D      CMP #&0D
     81AF   F0 08      BEQ &81B9
     81B1   C9 20      CMP #&20
     81B3   90 CE      BCC &8183
     81B5   C9 7F      CMP #&7F
     81B7   F0 CA      BEQ &8183
.dogsrd_exit
     81B9   28         PLP
     81BA   60         RTS
.SetTextPointerYX
     81BB   86 F2      STX &F2
     81BD   84 F3      STY &F3
     81BF   A0 00      LDY #&00
     81C1   60         RTS
.GSINIT_A
     81C2   18         CLC
     81C3   4C C2 FF   JMP &FFC2
.Rdafsp_padall
     81C6   A2 01      LDX #&01
.rdafsp_padX
     81C8   A9 20      LDA #&20
.rdafsp_padloop
     81CA   9D 00 10   STA &1000,X
     81CD   E8         INX
     81CE   E0 40      CPX #&40
     81D0   D0 F8      BNE &81CA
     81D2   A2 06      LDX #&06
.rdafsp_cpyfnloop
     81D4   BD 00 10   LDA &1000,X
     81D7   95 C5      STA &C5,X
     81D9   CA         DEX
     81DA   10 F8      BPL &81D4
     81DC   60         RTS
.prt_filename_Yoffset
     81DD   20 F5 83   JSR &83F5
     81E0   B9 0F 0E   LDA &0E0F,Y
     81E3   08         PHP
     81E4   29 7F      AND #&7F
     81E6   D0 05      BNE &81ED
     81E8   20 1A 81   JSR &811A
     81EB   F0 06      BEQ &81F3
.prt_filename_prtchr
     81ED   20 E0 80   JSR &80E0
     81F0   20 DE 80   JSR &80DE
.prt_filename_nodir
     81F3   A2 06      LDX #&06
.prt_filename_loop
     81F5   B9 08 0E   LDA &0E08,Y
     81F8   29 7F      AND #&7F
     81FA   20 E0 80   JSR &80E0
     81FD   C8         INY
     81FE   CA         DEX
     81FF   10 F4      BPL &81F5
     8201   20 1A 81   JSR &811A
     8204   A9 20      LDA #&20
     8206   28         PLP
     8207   10 02      BPL &820B
     8209   A9 4C      LDA #&4C
.prt_filename_notlocked
     820B   20 E0 80   JSR &80E0
     820E   A0 01      LDY #&01
.prt_Yspaces
     8210   20 1D 81   JSR &811D
     8213   88         DEY
     8214   D0 FA      BNE &8210
     8216   60         RTS
.A_rorx6and3
     8217   4A         LSR A
     8218   4A         LSR A
.A_rorx4and3
     8219   4A         LSR A
     821A   4A         LSR A
.A_rorx2and3
     821B   4A         LSR A
     821C   4A         LSR A
     821D   29 03      AND #&03
     821F   60         RTS
.A_rorx5
     8220   4A         LSR A
.A_rorx4
     8221   4A         LSR A
     8222   4A         LSR A
     8223   4A         LSR A
     8224   4A         LSR A
     8225   60         RTS
.A_rolx5
     8226   0A         ASL A
.A_rolx4
     8227   0A         ASL A
     8228   0A         ASL A
     8229   0A         ASL A
     822A   0A         ASL A
.getcat_exit
     822B   60         RTS
.parameter_afsp_Param_SyntaxErrorIfNull_getcatentry_fspTxtP
     822C   20 E7 92   JSR &92E7
.Param_SyntaxErrorIfNull_getcatentry_fspTxtP
     822F   20 88 9A   JSR &9A88
.getcatentry_fspTxtP
     8232   20 4B 81   JSR &814B
     8235   30 03      BMI &823A
.getcatentry_fspBA
     8237   20 51 81   JSR &8151
.getcatentry
     823A   20 7F 82   JSR &827F
     823D   B0 EC      BCS &822B
.err_FILENOTFOUND
     823F   20 70 80   JSR &8070
     8242   D6
     8243   4E 6F 74 ...
     824C   00
.fscv9_starEX
     824D   20 BB 81   JSR &81BB
.CMD_EX
     8250   20 F1 8B   JSR &8BF1
     8253   20 C2 81   JSR &81C2
     8256   F0 03      BEQ &825B
     8258   20 AC 89   JSR &89AC
.cmd_ex_nullstr
     825B   A9 2A      LDA #&2A
     825D   8D 00 10   STA &1000
     8260   20 C6 81   JSR &81C6
     8263   20 E7 92   JSR &92E7
     8266   20 3A 82   JSR &823A
     8269   4C 76 82   JMP &8276
.fscv10_starINFO
     826C   20 BB 81   JSR &81BB
     826F   A9 4E      LDA #&4E
     8271   85 BF      STA &BF
.CMD_INFO
     8273   20 2C 82   JSR &822C
.cmd_info_loop
     8276   20 4B 83   JSR &834B
     8279   20 86 82   JSR &8286
     827C   B0 F8      BCS &8276
     827E   60         RTS
.get_cat_firstentry80
.get_cat_firstentry81
     827F   20 93 A1   JSR &A193
     8282   A2 00      LDX #&00
     8284   F0 18      BEQ &829E
.get_cat_nextentry
     8286   A2 00      LDX #&00
     8288   F0 18      BEQ &82A2
.get_cat_firstentry80fname
     828A   A2 06      LDX #&06
.getcatloop1
     828C   B5 C5      LDA &C5,X
     828E   9D 58 10   STA &1058,X
     8291   CA         DEX
     8292   10 F8      BPL &828C
     8294   A9 20      LDA #&20
     8296   8D 5F 10   STA &105F
     8299   20 93 A1   JSR &A193
     829C   A2 58      LDX #&58
.getcatentry2
     829E   A9 00      LDA #&00
     82A0   85 B6      STA &B6
.getcatsetupB7
     82A2   A9 0E      LDA #&0E
     82A4   85 B7      STA &B7
.getcatloop2
     82A6   A0 00      LDY #&00
     82A8   A5 B6      LDA &B6
     82AA   CD 05 0F   CMP &0F05
     82AD   B0 49      BCS &82F8
     82AF   69 08      ADC #&08
     82B1   85 B6      STA &B6
     82B3   20 CD 82   JSR &82CD
     82B6   90 EE      BCC &82A6
     82B8   A5 CC      LDA &CC
     82BA   A0 07      LDY #&07
     82BC   20 FA 82   JSR &82FA
     82BF   D0 E5      BNE &82A6
     82C1   A4 B6      LDY &B6
     82C3   38         SEC
.Y_sub8
     82C4   88         DEY
     82C5   88         DEY
     82C6   88         DEY
     82C7   88         DEY
     82C8   88         DEY
     82C9   88         DEY
     82CA   88         DEY
     82CB   88         DEY
.NotCmdTable2
     82CC   60         RTS
.MatchFilename
     82CD   20 F5 83   JSR &83F5
.matfn_loop1
     82D0   BD 00 10   LDA &1000,X
     82D3   CD CE 10   CMP &10CE
     82D6   D0 13      BNE &82EB
     82D8   E8         INX
.matfn_loop2
     82D9   20 CD 82   JSR &82CD
     82DC   B0 1B      BCS &82F9
     82DE   C8         INY
     82DF   C0 07      CPY #&07
     82E1   90 F6      BCC &82D9
.matfn_loop3
     82E3   BD 00 10   LDA &1000,X
     82E6   C9 20      CMP #&20
     82E8   D0 0E      BNE &82F8
     82EA   60         RTS
.matfn_nomatch
     82EB   C0 07      CPY #&07
     82ED   B0 F4      BCS &82E3
     82EF   20 FA 82   JSR &82FA
     82F2   D0 04      BNE &82F8
     82F4   E8         INX
     82F5   C8         INY
     82F6   D0 D8      BNE &82D0
.matfn_exitC0
     82F8   18         CLC
.matfn_exit
     82F9   60         RTS
.MatchChr
     82FA   CD CE 10   CMP &10CE
     82FD   F0 10      BEQ &830F
     82FF   CD CD 10   CMP &10CD
     8302   F0 0B      BEQ &830F
     8304   20 38 83   JSR &8338
     8307   51 B6      EOR (&B6),Y
     8309   B0 02      BCS &830D
     830B   29 5F      AND #&5F
.matchr_notalpha
     830D   29 7F      AND #&7F
.matchr_exit
     830F   60         RTS
.UcaseA2
     8310   08         PHP
     8311   20 38 83   JSR &8338
     8314   B0 02      BCS &8318
     8316   29 5F      AND #&5F
.ucasea
     8318   29 7F      AND #&7F
     831A   28         PLP
     831B   60         RTS
.DeleteCatEntry_YFileOffset
     831C   20 9C 93   JSR &939C
.delcatloop
     831F   B9 10 0E   LDA &0E10,Y
     8322   99 08 0E   STA &0E08,Y
     8325   B9 10 0F   LDA &0F10,Y
     8328   99 08 0F   STA &0F08,Y
     832B   C8         INY
     832C   CC 05 0F   CPY &0F05
     832F   90 EE      BCC &831F
     8331   98         TYA
     8332   E9 08      SBC #&08
     8334   8D 05 0F   STA &0F05
.print_infoline_exit
     8337   60         RTS
.IsAlphaChar
     8338   48         PHA
     8339   29 5F      AND #&5F
     833B   C9 41      CMP #&41
     833D   90 04      BCC &8343
     833F   C9 5B      CMP #&5B
     8341   90 01      BCC &8344
.isalpha1
     8343   38         SEC
.isalpha2
     8344   68         PLA
     8345   60         RTS
.prt_InfoMsg_Yoffset
     8346   2C C6 10   BIT &10C6
     8349   30 EC      BMI &8337
.prt_InfoLine_Yoffset
     834B   20 F5 83   JSR &83F5
     834E   20 DD 81   JSR &81DD
     8351   98         TYA
     8352   48         PHA
     8353   A9 60      LDA #&60
     8355   85 B0      STA &B0
     8357   A9 10      LDA #&10
     8359   85 B1      STA &B1
     835B   20 96 83   JSR &8396
     835E   A0 02      LDY #&02
     8360   20 1D 81   JSR &811D
     8363   20 84 83   JSR &8384
     8366   20 84 83   JSR &8384
     8369   20 84 83   JSR &8384
     836C   68         PLA
     836D   A8         TAY
     836E   B9 0E 0F   LDA &0F0E,Y
     8371   29 03      AND #&03
     8373   20 04 81   JSR &8104
     8376   B9 0F 0F   LDA &0F0F,Y
     8379   20 FC 80   JSR &80FC
.PrintNewLine
     837C   48         PHA
     837D   A9 0D      LDA #&0D
     837F   20 E0 80   JSR &80E0
     8382   68         PLA
     8383   60         RTS
.PrintHex3Byte
     8384   A2 03      LDX #&03
.printhex3byte_loop
     8386   B9 62 10   LDA &1062,Y
     8389   20 FC 80   JSR &80FC
     838C   88         DEY
     838D   CA         DEX
     838E   D0 F6      BNE &8386
     8390   20 F0 87   JSR &87F0
     8393   4C 1D 81   JMP &811D
.ReadFileAttribsToB0_Yoffset
     8396   20 F5 83   JSR &83F5
     8399   98         TYA
     839A   48         PHA
     839B   AA         TAX
     839C   A0 12      LDY #&12
     839E   A9 00      LDA #&00
.readfileattribs_clearloop
     83A0   88         DEY
     83A1   91 B0      STA (&B0),Y
     83A3   C0 02      CPY #&02
     83A5   D0 F9      BNE &83A0
.readfileattribs_copyloop
     83A7   20 E1 83   JSR &83E1
     83AA   C8         INY
     83AB   C8         INY
     83AC   C0 0E      CPY #&0E
     83AE   D0 F7      BNE &83A7
     83B0   68         PLA
     83B1   AA         TAX
     83B2   BD 0F 0E   LDA &0E0F,X
     83B5   10 04      BPL &83BB
     83B7   A9 08      LDA #&08
     83B9   91 B0      STA (&B0),Y
.readfileattribs_notlocked
     83BB   BD 0E 0F   LDA &0F0E,X
     83BE   A0 04      LDY #&04
     83C0   20 CF 83   JSR &83CF
     83C3   A0 0C      LDY #&0C
     83C5   4A         LSR A
     83C6   4A         LSR A
     83C7   48         PHA
     83C8   29 03      AND #&03
     83CA   91 B0      STA (&B0),Y
     83CC   68         PLA
     83CD   A0 08      LDY #&08
.readfileattribs_addrHiBytes
     83CF   4A         LSR A
     83D0   4A         LSR A
     83D1   48         PHA
     83D2   29 03      AND #&03
     83D4   C9 03      CMP #&03
     83D6   D0 05      BNE &83DD
     83D8   A9 FF      LDA #&FF
     83DA   91 B0      STA (&B0),Y
     83DC   C8         INY
.readfileattribs_nothost
     83DD   91 B0      STA (&B0),Y
.readfileattribs_exits
     83DF   68         PLA
     83E0   60         RTS
.readfileattribs_copy2bytes
     83E1   20 E4 83   JSR &83E4
.readfileattribs_copy1byte
     83E4   BD 08 0F   LDA &0F08,X
     83E7   91 B0      STA (&B0),Y
     83E9   E8         INX
     83EA   C8         INY
     83EB   60         RTS
.inc_word_AE_and_load
     83EC   E6 AE      INC &AE
     83EE   D0 02      BNE &83F2
     83F0   E6 AF      INC &AF
.inc_word_AE_exit
     83F2   B1 AE      LDA (&AE),Y
     83F4   60         RTS
.RememberAXY
     83F5   48         PHA
     83F6   8A         TXA
     83F7   48         PHA
     83F8   98         TYA
     83F9   48         PHA
     83FA   A9 84      LDA #&84
     83FC   48         PHA
     83FD   A9 17      LDA #&17
     83FF   48         PHA
.rAXY_loop_init
     8400   A0 05      LDY #&05
.rAXY_loop
     8402   BA         TSX
     8403   BD 07 01   LDA &0107,X
     8406   48         PHA
     8407   88         DEY
     8408   D0 F8      BNE &8402
     840A   A0 0A      LDY #&0A
.rAXY_loop2
     840C   BD 09 01   LDA &0109,X
     840F   9D 0B 01   STA &010B,X
     8412   CA         DEX
     8413   88         DEY
     8414   D0 F6      BNE &840C
     8416   68         PLA
     8417   68         PLA
.rAXY_restore
     8418   68         PLA
     8419   A8         TAY
     841A   68         PLA
     841B   AA         TAX
     841C   68         PLA
     841D   60         RTS
.RememberXYonly
     841E   48         PHA
     841F   8A         TXA
     8420   48         PHA
     8421   98         TYA
     8422   48         PHA
     8423   20 00 84   JSR &8400
.axyret1
     8426   BA         TSX
     8427   9D 03 01   STA &0103,X
     842A   4C 18 84   JMP &8418
.BinaryToBCD
     842D   20 1E 84   JSR &841E
     8430   A8         TAY
     8431   F0 0A      BEQ &843D
     8433   18         CLC
     8434   F8         SED
     8435   A9 00      LDA #&00
.bbcd_loop
     8437   69 01      ADC #&01
     8439   88         DEY
     843A   D0 FB      BNE &8437
     843C   D8         CLD
.bbcd_exit
     843D   60         RTS
.Param_ReadNum
     843E   20 C2 81   JSR &81C2
     8441   38         SEC
     8442   F0 2A      BEQ &846E
     8444   08         PHP
     8445   A9 00      LDA #&00
     8447   85 B9      STA &B9
     8449   F0 18      BEQ &8463
.L1
     844B   38         SEC
     844C   E9 30      SBC #&30
     844E   90 1D      BCC &846D
     8450   C9 0A      CMP #&0A
     8452   B0 19      BCS &846D
     8454   85 B8      STA &B8
     8456   A5 B9      LDA &B9
     8458   0A         ASL A
     8459   85 B9      STA &B9
     845B   0A         ASL A
     845C   0A         ASL A
     845D   65 B9      ADC &B9
     845F   65 B8      ADC &B8
     8461   85 B9      STA &B9
.L2
     8463   20 C5 FF   JSR &FFC5
     8466   90 E3      BCC &844B
     8468   A6 B9      LDX &B9
     846A   28         PLP
     846B   18         CLC
     846C   60         RTS
.L3
     846D   28         PLP
.L4
     846E   60         RTS
.fscv5_starCAT
     846F   20 BB 81   JSR &81BB
     8472   20 FE 8B   JSR &8BFE
     8475   20 A1 A1   JSR &A1A1
     8478   A0 FF      LDY #&FF
     847A   84 A8      STY &A8
     847C   C8         INY
     847D   84 AA      STY &AA
.cat_titleloop
     847F   B9 00 0E   LDA &0E00,Y
     8482   C0 08      CPY #&08
     8484   90 03      BCC &8489
     8486   B9 F8 0E   LDA &0EF8,Y
.cat_titlelo
     8489   20 E0 80   JSR &80E0
     848C   C8         INY
     848D   C0 0C      CPY #&0C
     848F   D0 EE      BNE &847F
     8491   20 9D 80   JSR &809D
     8494   20 28 
     8496   AD 04 0F   LDA &0F04
     8499   20 FC 80   JSR &80FC
     849C   20 9D 80   JSR &809D
     849F   29 
     84A0   0D
     84A1   44 72 69 ...
     84A7   A5 CD      LDA &CD
     84A9   20 04 81   JSR &8104
     84AC   A0 0D      LDY #&0D
     84AE   20 10 82   JSR &8210
     84B1   20 9D 80   JSR &809D
     84B4   4F 70 74 ...
     84BB   AD 06 0F   LDA &0F06
     84BE   20 21 82   JSR &8221
     84C1   48         PHA
     84C2   20 9A 80   JSR &809A
     84C5   20 28 
     84C7   A0 03      LDY #&03
     84C9   68         PLA
     84CA   0A         ASL A
     84CB   0A         ASL A
     84CC   AA         TAX
.cat_printoptionnameloop
     84CD   BD B9 85   LDA &85B9,X
     84D0   20 E0 80   JSR &80E0
     84D3   E8         INX
     84D4   88         DEY
     84D5   10 F6      BPL &84CD
     84D7   20 9D 80   JSR &809D
     84DA   29 
     84DB   0D
     84DC   44 69 72 ...
     84E2   AD CA 10   LDA &10CA
     84E5   20 DB 80   JSR &80DB
     84E8   AD C9 10   LDA &10C9
     84EB   20 E0 80   JSR &80E0
     84EE   A0 0B      LDY #&0B
     84F0   20 10 82   JSR &8210
     84F3   20 9D 80   JSR &809D
     84F6   4C 69 62 ...
     84FC   AD CC 10   LDA &10CC
     84FF   20 DB 80   JSR &80DB
     8502   AD CB 10   LDA &10CB
     8505   20 E0 80   JSR &80E0
     8508   20 7C 83   JSR &837C
     850B   A0 00      LDY #&00
.cat_curdirloop
     850D   CC 05 0F   CPY &0F05
     8510   B0 17      BCS &8529
     8512   B9 0F 0E   LDA &0E0F,Y
     8515   4D C9 10   EOR &10C9
     8518   29 5F      AND #&5F
     851A   D0 08      BNE &8524
     851C   B9 0F 0E   LDA &0E0F,Y
     851F   29 80      AND #&80
     8521   99 0F 0E   STA &0E0F,Y
.cat_curdirnext
     8524   20 EF 87   JSR &87EF
     8527   90 E4      BCC &850D
.cat_sortloop1
     8529   A0 00      LDY #&00
     852B   20 3B 85   JSR &853B
     852E   90 16      BCC &8546
     8530   A9 FF      LDA #&FF
     8532   8D 82 10   STA &1082
     8535   4C 7C 83   JMP &837C
.cat_getnextunmarkedfile_loop
     8538   20 EF 87   JSR &87EF
.cat_getnextunmarkedfileY
     853B   CC 05 0F   CPY &0F05
     853E   B0 05      BCS &8545
     8540   B9 08 0E   LDA &0E08,Y
     8543   30 F3      BMI &8538
.cat_exit
     8545   60         RTS
.cat_printfilename
     8546   84 AB      STY &AB
     8548   A2 00      LDX #&00
.cat_copyfnloop
     854A   B9 08 0E   LDA &0E08,Y
     854D   20 10 83   JSR &8310
     8550   9D 60 10   STA &1060,X
     8553   C8         INY
     8554   E8         INX
     8555   E0 08      CPX #&08
     8557   D0 F1      BNE &854A
.cat_comparefnloop1
     8559   20 3B 85   JSR &853B
     855C   B0 23      BCS &8581
     855E   38         SEC
     855F   A2 06      LDX #&06
.cat_comparefnloop2
     8561   B9 0E 0E   LDA &0E0E,Y
     8564   20 10 83   JSR &8310
     8567   FD 60 10   SBC &1060,X
     856A   88         DEY
     856B   CA         DEX
     856C   10 F3      BPL &8561
     856E   20 F0 87   JSR &87F0
     8571   B9 0F 0E   LDA &0E0F,Y
     8574   20 10 83   JSR &8310
     8577   ED 67 10   SBC &1067
     857A   90 CA      BCC &8546
     857C   20 EF 87   JSR &87EF
     857F   B0 D8      BCS &8559
.cat_printfn
     8581   A4 AB      LDY &AB
     8583   B9 08 0E   LDA &0E08,Y
     8586   09 80      ORA #&80
     8588   99 08 0E   STA &0E08,Y
     858B   AD 67 10   LDA &1067
     858E   C5 AA      CMP &AA
     8590   F0 10      BEQ &85A2
     8592   A6 AA      LDX &AA
     8594   85 AA      STA &AA
     8596   D0 0A      BNE &85A2
     8598   20 7C 83   JSR &837C
.cat_newline
     859B   20 7C 83   JSR &837C
     859E   A0 FF      LDY #&FF
     85A0   D0 09      BNE &85AB
.cat_samedir
     85A2   A4 A8      LDY &A8
     85A4   D0 F5      BNE &859B
     85A6   A0 05      LDY #&05
     85A8   20 10 82   JSR &8210
.cat_skipspaces
     85AB   C8         INY
     85AC   84 A8      STY &A8
     85AE   A4 AB      LDY &AB
     85B0   20 1A 81   JSR &811A
     85B3   20 DD 81   JSR &81DD
     85B6   4C 29 85   JMP &8529
.diskoptions_table
     85B9   6F 66 66 
     85BC   00
     85BD   4C 4F 41 ...
     85C1   52 55 4E 
     85C4   00
     85C5   45 58 45 ...
.cmdtable1
     85C9   FF
     85CA   41 43 43 ...
     85D0   B2
     85D1   42 41 43 ...
     85D7   8C
     85D8   43 4C 4F ...
     85DD   80
     85DE   43 4F 4D ...
     85E5   85
     85E6   43 4F 50 ...
     85EA   AC
     85EB   44 45 4C ...
     85F1   88
     85F2   44 45 53 ...
     85F9   82
     85FA   44 49 52 
     85FD   86
     85FE   44 52 49 ...
     8603   81
     8604   45 4E 41 ...
     860A   80
     860B   45 58 
     860D   86
     860E   46 4F 52 ...
     8612   DF
     8613   46 52 45 ...
     8617   84
.info_cmd_index
     8618   49 4E 46 ...
     861C   82
     861D   4C 49 42 
     8620   86
     8621   4D 41 50 
     8624   84
     8625   52 45 4E ...
     862B   8D
     862C   54 49 54 ...
     8631   8A
     8632   56 45 52 ...
     8638   85
     8639   57 49 50 ...
     863D   82
     863E   00         BRK
.cmdtable2
     863F   14
     8640   42 55 49 ...
     8645   88
     8646   44 55 4D ...
     864A   88
     864B   4C 49 53 ...
     864F   88
     8650   54 59 50 ...
     8654   88
     8655   00         BRK
.cmdtable22
     8656   19
     8657   44 49 53 ...
     865B   80
     865C   44 49 53 ...
     8660   80
     8661   4D 4D 46 ...
     8665   80
     8666   43 41 52 ...
     866A   80
     866B   00         BRK
.cmdtable3
     866C   1E
     866D   44 55 54 ...
     8673   80
     8674   4D 4D 46 ...
     8678   80
     8679   55 54 49 ...
     867E   80
     867F   00         BRK
.cmdtable4
     8680   22
     8681   41 43 43 ...
     8687   BE
     8688   42 4F 4F ...
     868C   89
     868D   42 55 47 
     8690   80
     8691   43 41 54 
     8694   8E
     8695   44 49 52 
     8698   89
     8699   44 52 49 ...
     869E   80
     869F   49 4E 
     86A1   F4
     86A2   4F 55 54 
     86A5   84
     86A6   52 45 4E ...
     86AC   F7
     86AD   41 42 4F ...
     86B2   80
     86B3   00         BRK
.cmdaddr1
     86B4   01 8A
     86B6   FD 9C
     86B8   7D 94
     86BA   9E 9B
     86BC   56 9D
     86BE   A3 87
     86C0   B2 87
     86C2   62 89
     86C4   02 88
     86C6   B9 8B
     86C8   4F 82
     86CA   5A 1E
     86CC   B6 9F
     86CE   72 82
     86D0   66 89
     86D2   B9 9F
     86D4   1F 8C
     86D6   D5 89
     86D8   56 1E
     86DA   7A 87
     86DC   0F 87
.cmdaddr2
     86DE   32 B3
     86E0   8B B2
     86E2   FA B2
     86E4   F6 B2
     86E6   CB 82
.cmdaddr22
     86E8   E6 8C
     86EA   E6 8C
     86EC   F0 8C
     86EE   F0 8C
     86F0   9C 8E
.cmdaddr3
     86F2   6D 9A
     86F4   2D 9A
     86F6   74 9A
     86F8   7B 9A
.cmdaddr4
     86FA   47 2F
     86FC   5E 2D
     86FE   2D 28
     8700   43 2D
     8702   F4 2D
     8704   F7 2E
     8706   8D 2D
     8708   C7 2E
     870A   84 2F
     870C   1B A8
     870E   9F 88
.cmdaddrX
.NotCmdTable1
     8710   A2 B7      LDX #&B7
     8712   20 C2 81   JSR &81C2
     8715   B1 F2      LDA (&F2),Y
     8717   C8         INY
     8718   09 20      ORA #&20
     871A   C9 64      CMP #&64
     871C   F0 09      BEQ &8727
     871E   88         DEY
     871F   4C A0 88   JMP &88A0
.fscv3_unreccommand
     8722   20 BB 81   JSR &81BB
     8725   A2 00      LDX #&00
.UnrecCommandTextPointer
     8727   BD C9 85   LDA &85C9,X
     872A   85 BE      STA &BE
     872C   98         TYA
     872D   48         PHA
.unrecloop1
     872E   E6 BE      INC &BE
     8730   68         PLA
     8731   48         PHA
     8732   A8         TAY
     8733   20 C2 81   JSR &81C2
     8736   E8         INX
     8737   BD C9 85   LDA &85C9,X
     873A   F0 28      BEQ &8764
     873C   CA         DEX
     873D   88         DEY
     873E   86 BF      STX &BF
.unrecloop2
     8740   E8         INX
     8741   C8         INY
     8742   BD C9 85   LDA &85C9,X
     8745   30 16      BMI &875D
.unrecloop2in
     8747   51 F2      EOR (&F2),Y
     8749   29 5F      AND #&5F
     874B   F0 F3      BEQ &8740
     874D   CA         DEX
.unrecloop3
     874E   E8         INX
     874F   BD C9 85   LDA &85C9,X
     8752   10 FA      BPL &874E
     8754   B1 F2      LDA (&F2),Y
     8756   C9 2E      CMP #&2E
     8758   D0 D4      BNE &872E
     875A   C8         INY
     875B   B0 07      BCS &8764
.endofcmd_oncmdline
     875D   B1 F2      LDA (&F2),Y
     875F   20 38 83   JSR &8338
     8762   90 CA      BCC &872E
.gocmdcode
     8764   68         PLA
     8765   A5 BE      LDA &BE
     8767   0A         ASL A
     8768   AA         TAX
     8769   BD B5 86   LDA &86B5,X
     876C   10 06      BPL &8774
.gocmdcode2
     876E   48         PHA
     876F   BD B4 86   LDA &86B4,X
     8772   48         PHA
     8773   60         RTS
.dommcinit
     8774   20 B5 A7   JSR &A7B5
     8777   09 80      ORA #&80
     8779   D0 F3      BNE &876E
.CMD_WIPE
     877B   20 2C 82   JSR &822C
.wipeloop
     877E   B9 0F 0E   LDA &0E0F,Y
     8781   30 1B      BMI &879E
     8783   20 DD 81   JSR &81DD
     8786   20 BC 9C   JSR &9CBC
     8789   D0 13      BNE &879E
     878B   A6 B6      LDX &B6
     878D   20 B6 94   JSR &94B6
     8790   86 B6      STX &B6
     8792   20 F8 87   JSR &87F8
     8795   84 AB      STY &AB
     8797   20 A5 A1   JSR &A1A5
     879A   A5 AB      LDA &AB
     879C   85 B6      STA &B6
.wipenext
     879E   20 86 82   JSR &8286
     87A1   B0 DB      BCS &877E
     87A3   60         RTS
.CMD_DELETE
     87A4   20 DE 92   JSR &92DE
     87A7   20 2F 82   JSR &822F
     87AA   20 46 83   JSR &8346
     87AD   20 1C 83   JSR &831C
     87B0   4C A5 A1   JMP &A1A5
.CMD_DESTROY
     87B3   20 6D 9C   JSR &9C6D
     87B6   20 2C 82   JSR &822C
.destroyloop1
     87B9   B9 0F 0E   LDA &0E0F,Y
     87BC   30 06      BMI &87C4
     87BE   20 DD 81   JSR &81DD
     87C1   20 7C 83   JSR &837C
.destroylocked1
     87C4   20 86 82   JSR &8286
     87C7   B0 F0      BCS &87B9
     87C9   20 C4 9C   JSR &9CC4
     87CC   D0 29      BNE &87F7
     87CE   20 B6 94   JSR &94B6
     87D1   20 7F 82   JSR &827F
.destroyloop2
     87D4   B9 0F 0E   LDA &0E0F,Y
     87D7   30 03      BMI &87DC
     87D9   20 F8 87   JSR &87F8
.destroylocked2
     87DC   20 86 82   JSR &8286
     87DF   B0 F3      BCS &87D4
     87E1   20 A5 A1   JSR &A1A5
.msgDELETED
     87E4   20 9D 80   JSR &809D
     87E7   44 65 6C ...
     87EE   0D
.Y_add8
     87EF   C8         INY
.Y_add7
     87F0   C8         INY
     87F1   C8         INY
     87F2   C8         INY
     87F3   C8         INY
     87F4   C8         INY
     87F5   C8         INY
     87F6   C8         INY
.Y_rts
     87F7   60         RTS
.DeleteCatEntry_AdjustPtr
     87F8   20 1C 83   JSR &831C
     87FB   A4 B6      LDY &B6
     87FD   20 C4 82   JSR &82C4
     8800   84 B6      STY &B6
     8802   60         RTS
.CMD_DRIVE
     8803   20 03 8C   JSR &8C03
     8806   8D CA 10   STA &10CA
     8809   60         RTS
.osfileFF_loadfiletoaddr
     880A   20 37 82   JSR &8237
     880D   20 BE 93   JSR &93BE
     8810   20 96 83   JSR &8396
.LoadFile_Ycatoffset
     8813   84 BA      STY &BA
     8815   A2 00      LDX #&00
     8817   A5 BE      LDA &BE
     8819   D0 06      BNE &8821
     881B   C8         INY
     881C   C8         INY
     881D   A2 02      LDX #&02
     881F   D0 08      BNE &8829
.loadAtLoadAddr
     8821   B9 0E 0F   LDA &0F0E,Y
     8824   85 C2      STA &C2
     8826   20 C0 8B   JSR &8BC0
.load_copyfileinfo_loop
     8829   B9 08 0F   LDA &0F08,Y
     882C   95 BC      STA &BC,X
     882E   C8         INY
     882F   E8         INX
     8830   E0 08      CPX #&08
     8832   D0 F5      BNE &8829
     8834   20 DA 8B   JSR &8BDA
     8837   A4 BA      LDY &BA
     8839   20 46 83   JSR &8346
.LoadMemBlockEX
.LoadMemBlock
     883C   A9 85      LDA #&85
     883E   D0 0B      BNE &884B
.osfile0_savememblock
     8840   20 A5 8A   JSR &8AA5
     8843   20 BE 93   JSR &93BE
     8846   20 96 83   JSR &8396
.SaveMemBlock
     8849   A9 A5      LDA #&A5
.exec_block_rw
     884B   8D B6 10   STA &10B6
     884E   A9 05      LDA #&05
     8850   8D B5 10   STA &10B5
     8853   A5 CD      LDA &CD
     8855   8D B0 10   STA &10B0
     8858   A2 02      LDX #&02
.loop0
     885A   B5 BB      LDA &BB,X
     885C   9D B0 10   STA &10B0,X
     885F   BD 73 10   LDA &1073,X
     8862   9D B2 10   STA &10B2,X
     8865   CA         DEX
     8866   D0 F2      BNE &885A
     8868   A5 C2      LDA &C2
     886A   29 03      AND #&03
     886C   AA         TAX
     886D   A5 C3      LDA &C3
     886F   A0 FF      LDY #&FF
.loop1
     8871   38         SEC
.loop2
     8872   C8         INY
     8873   E9 0A      SBC #&0A
     8875   B0 FB      BCS &8872
     8877   CA         DEX
     8878   10 F7      BPL &8871
     887A   69 0A      ADC #&0A
     887C   8C B7 10   STY &10B7
     887F   8D B8 10   STA &10B8
     8882   A5 C1      LDA &C1
     8884   8D B9 10   STA &10B9
     8887   A5 C2      LDA &C2
     8889   4A         LSR A
     888A   4A         LSR A
     888B   4A         LSR A
     888C   4A         LSR A
     888D   29 03      AND #&03
     888F   8D BA 10   STA &10BA
     8892   A5 C0      LDA &C0
     8894   8D BB 10   STA &10BB
     8897   20 F6 A1   JSR &A1F6
     889A   A9 01      LDA #&01
     889C   60         RTS
.fscv2_4_11_starRUN
     889D   20 BB 81   JSR &81BB
.NotCmdTable4
.SetWordBA_txtptr
     88A0   A9 FF      LDA #&FF
     88A2   85 BE      STA &BE
     88A4   A5 F2      LDA &F2
     88A6   85 BA      STA &BA
     88A8   A5 F3      LDA &F3
     88AA   85 BB      STA &BB
     88AC   8C DA 10   STY &10DA
     88AF   20 51 81   JSR &8151
     88B2   8C D9 10   STY &10D9
     88B5   20 7F 82   JSR &827F
     88B8   B0 21      BCS &88DB
     88BA   AC DA 10   LDY &10DA
     88BD   AD CB 10   LDA &10CB
     88C0   85 CC      STA &CC
     88C2   AD CC 10   LDA &10CC
     88C5   85 CD      STA &CD
     88C7   20 54 81   JSR &8154
     88CA   20 7F 82   JSR &827F
     88CD   B0 0C      BCS &88DB
.errBADCOMMAND
     88CF   20 56 80   JSR &8056
     88D2   FE
     88D3   63 6F 6D ...
     88DA   00
.runfile_found
     88DB   B9 0E 0F   LDA &0F0E,Y
     88DE   20 17 82   JSR &8217
     88E1   C9 03      CMP #&03
     88E3   D0 42      BNE &8927
     88E5   B9 0A 0F   LDA &0F0A,Y
     88E8   39 0B 0F   AND &0F0B,Y
     88EB   C9 FF      CMP #&FF
     88ED   D0 38      BNE &8927
     88EF   A2 06      LDX #&06
.runfile_exec_loop
     88F1   BD 00 10   LDA &1000,X
     88F4   9D 07 10   STA &1007,X
     88F7   CA         DEX
     88F8   10 F7      BPL &88F1
     88FA   A9 0D      LDA #&0D
     88FC   8D 0E 10   STA &100E
     88FF   A9 45      LDA #&45
     8901   8D 00 10   STA &1000
     8904   A9 3A      LDA #&3A
     8906   8D 02 10   STA &1002
     8909   A5 CD      LDA &CD
     890B   09 30      ORA #&30
     890D   8D 03 10   STA &1003
     8910   A9 2E      LDA #&2E
     8912   8D 01 10   STA &1001
     8915   8D 04 10   STA &1004
     8918   8D 06 10   STA &1006
     891B   A5 CC      LDA &CC
     891D   8D 05 10   STA &1005
     8920   A2 00      LDX #&00
     8922   A0 10      LDY #&10
     8924   4C F7 FF   JMP &FFF7
.runfile_run
     8927   20 13 88   JSR &8813
     892A   18         CLC
     892B   AD D9 10   LDA &10D9
     892E   A8         TAY
     892F   65 F2      ADC &F2
     8931   8D D9 10   STA &10D9
     8934   A5 F3      LDA &F3
     8936   69 00      ADC #&00
     8938   8D DA 10   STA &10DA
     893B   AD 76 10   LDA &1076
     893E   2D 77 10   AND &1077
     8941   0D D6 10   ORA &10D6
     8944   C9 FF      CMP #&FF
     8946   F0 16      BEQ &895E
     8948   A5 BE      LDA &BE
     894A   8D 74 10   STA &1074
     894D   A5 BF      LDA &BF
     894F   8D 75 10   STA &1075
     8952   20 7D 8C   JSR &8C7D
     8955   A2 74      LDX #&74
     8957   A0 10      LDY #&10
     8959   A9 04      LDA #&04
     895B   4C 06 04   JMP &0406
.runfile_inhost
     895E   A9 01      LDA #&01
     8960   6C BE 00   JMP (&00BE)
.CMD_DIR
     8963   A2 00      LDX #&00
     8965   F0 02      BEQ &8969
.CMD_LIB
     8967   A2 02      LDX #&02
.setdirlib
     8969   20 9D 89   JSR &899D
     896C   9D CA 10   STA &10CA,X
     896F   A5 CC      LDA &CC
     8971   9D C9 10   STA &10C9,X
     8974   60         RTS
.SaveStaticToPrivateWorkspace
     8975   20 F5 83   JSR &83F5
     8978   A5 B0      LDA &B0
     897A   48         PHA
     897B   A5 B1      LDA &B1
     897D   48         PHA
     897E   20 F6 93   JSR &93F6
     8981   A0 00      LDY #&00
.stat_loop1
     8983   C0 C0      CPY #&C0
     8985   90 05      BCC &898C
     8987   B9 00 10   LDA &1000,Y
     898A   B0 03      BCS &898F
.stat_Y_lessC0
     898C   B9 00 11   LDA &1100,Y
.stat_Y_gtreqC0
     898F   91 B0      STA (&B0),Y
     8991   C8         INY
     8992   C0 F1      CPY #&F1
     8994   D0 ED      BNE &8983
     8996   68         PLA
     8997   85 B1      STA &B1
     8999   68         PLA
     899A   85 B0      STA &B0
     899C   60         RTS
.ReadDirDrvParameters
     899D   AD C9 10   LDA &10C9
     89A0   85 CC      STA &CC
     89A2   20 C2 81   JSR &81C2
     89A5   D0 05      BNE &89AC
     89A7   A9 00      LDA #&00
     89A9   85 CD      STA &CD
     89AB   60         RTS
.ReadDirDrvParameters2
     89AC   20 F6 8B   JSR &8BF6
.rdd_loop
     89AF   20 A7 81   JSR &81A7
     89B2   B0 10      BCS &89C4
     89B4   C9 3A      CMP #&3A
     89B6   D0 14      BNE &89CC
     89B8   20 06 8C   JSR &8C06
     89BB   20 A7 81   JSR &81A7
     89BE   B0 13      BCS &89D3
     89C0   C9 2E      CMP #&2E
     89C2   F0 EB      BEQ &89AF
.errBADDIRECTORY
     89C4   20 56 80   JSR &8056
     89C7   CE
     89C8   64 69 72 
     89CB   00
.rdd_exit2
     89CC   85 CC      STA &CC
     89CE   20 A7 81   JSR &81A7
     89D1   90 F1      BCC &89C4
.rdd_exit1
     89D3   A5 CD      LDA &CD
     89D5   60         RTS
.CMD_TITLE
     89D6   20 88 9A   JSR &9A88
     89D9   20 9B A1   JSR &A19B
     89DC   A2 0B      LDX #&0B
     89DE   A9 00      LDA #&00
.cmdtit_loop1
     89E0   20 F6 89   JSR &89F6
     89E3   CA         DEX
     89E4   10 FA      BPL &89E0
.cmdtit_loop2
     89E6   E8         INX
     89E7   20 A7 81   JSR &81A7
     89EA   B0 07      BCS &89F3
     89EC   20 F6 89   JSR &89F6
     89EF   E0 0B      CPX #&0B
     89F1   90 F3      BCC &89E6
.cmdtit_savecat
     89F3   4C A5 A1   JMP &A1A5
.SetDiskTitleChr_Xpos
     89F6   E0 08      CPX #&08
     89F8   90 04      BCC &89FE
     89FA   9D F8 0E   STA &0EF8,X
     89FD   60         RTS
.setdisttit_page
     89FE   9D 00 0E   STA &0E00,X
     8A01   60         RTS
.CMD_ACCESS
     8A02   20 E7 92   JSR &92E7
     8A05   20 88 9A   JSR &9A88
     8A08   20 4B 81   JSR &814B
     8A0B   A2 00      LDX #&00
     8A0D   20 C2 81   JSR &81C2
     8A10   D0 1F      BNE &8A31
.cmdac_flag
     8A12   86 AA      STX &AA
     8A14   20 3A 82   JSR &823A
.cmdac_filefound
     8A17   20 9F 93   JSR &939F
     8A1A   B9 0F 0E   LDA &0E0F,Y
     8A1D   29 7F      AND #&7F
     8A1F   05 AA      ORA &AA
     8A21   99 0F 0E   STA &0E0F,Y
     8A24   20 46 83   JSR &8346
     8A27   20 86 82   JSR &8286
     8A2A   B0 EB      BCS &8A17
.jmp_savecattodisk
     8A2C   4C A5 A1   JMP &A1A5
.cmdac_paramloop
     8A2F   A2 80      LDX #&80
.cmdac_getparam
     8A31   20 A7 81   JSR &81A7
     8A34   B0 DC      BCS &8A12
     8A36   29 5F      AND #&5F
     8A38   C9 4C      CMP #&4C
     8A3A   F0 F3      BEQ &8A2F
.errBADATTRIBUTE
     8A3C   20 56 80   JSR &8056
     8A3F   CF
     8A40   61 74 74 ...
     8A49   00
.fscv0_starOPT
     8A4A   20 F5 83   JSR &83F5
     8A4D   8A         TXA
     8A4E   C9 04      CMP #&04
     8A50   F0 1E      BEQ &8A70
     8A52   C9 05      CMP #&05
     8A54   F0 34      BEQ &8A8A
     8A56   C9 02      CMP #&02
     8A58   90 0B      BCC &8A65
.errBADOPTION
     8A5A   20 56 80   JSR &8056
     8A5D   CB
     8A5E   6F 70 74 ...
     8A64   00
.opts0_1
     8A65   A2 FF      LDX #&FF
     8A67   98         TYA
     8A68   F0 02      BEQ &8A6C
     8A6A   A2 00      LDX #&00
.opts0_1_Y0
     8A6C   8E C6 10   STX &10C6
     8A6F   60         RTS
.SetBootOption_Yoption
     8A70   98         TYA
     8A71   48         PHA
     8A72   20 F1 8B   JSR &8BF1
     8A75   20 A1 A1   JSR &A1A1
     8A78   68         PLA
     8A79   20 27 82   JSR &8227
     8A7C   4D 06 0F   EOR &0F06
     8A7F   29 30      AND #&30
     8A81   4D 06 0F   EOR &0F06
     8A84   8D 06 0F   STA &0F06
     8A87   4C A5 A1   JMP &A1A5
.DiskTrapOption
     8A8A   98         TYA
     8A8B   08         PHP
     8A8C   A6 F4      LDX &F4
     8A8E   BD F0 0D   LDA &0DF0,X
     8A91   29 BF      AND #&BF
     8A93   28         PLP
     8A94   F0 02      BEQ &8A98
     8A96   09 40      ORA #&40
.skip
     8A98   9D F0 0D   STA &0DF0,X
     8A9B   60         RTS
.errDISKFULL
     8A9C   20 4B 80   JSR &804B
     8A9F   C6
     8AA0   66 75 6C ...
     8AA4   00
.CreateFile_FSP
     8AA5   20 51 81   JSR &8151
     8AA8   20 7F 82   JSR &827F
     8AAB   90 03      BCC &8AB0
     8AAD   20 1C 83   JSR &831C
.createfile_nodel
     8AB0   A5 C0      LDA &C0
     8AB2   48         PHA
     8AB3   A5 C1      LDA &C1
     8AB5   48         PHA
     8AB6   38         SEC
     8AB7   A5 C2      LDA &C2
     8AB9   E5 C0      SBC &C0
     8ABB   85 C0      STA &C0
     8ABD   A5 C3      LDA &C3
     8ABF   E5 C1      SBC &C1
     8AC1   85 C1      STA &C1
     8AC3   AD 7A 10   LDA &107A
     8AC6   ED 78 10   SBC &1078
     8AC9   20 FA 8A   JSR &8AFA
     8ACC   AD 79 10   LDA &1079
     8ACF   8D 75 10   STA &1075
     8AD2   AD 78 10   LDA &1078
     8AD5   8D 74 10   STA &1074
     8AD8   68         PLA
     8AD9   85 BD      STA &BD
     8ADB   68         PLA
     8ADC   85 BC      STA &BC
     8ADE   60         RTS
.CreateFile_3
     8ADF   85 CD      STA &CD
     8AE1   A5 CC      LDA &CC
     8AE3   48         PHA
     8AE4   20 9E A1   JSR &A19E
     8AE7   20 8A 82   JSR &828A
     8AEA   90 03      BCC &8AEF
     8AEC   20 1C 83   JSR &831C
.cd_writedest_cat_nodel
     8AEF   68         PLA
     8AF0   85 CC      STA &CC
     8AF2   20 D7 8B   JSR &8BD7
     8AF5   A5 C2      LDA &C2
     8AF7   20 19 82   JSR &8219
.CreateFile_2
     8AFA   85 C4      STA &C4
     8AFC   A9 00      LDA #&00
     8AFE   85 C2      STA &C2
     8B00   A9 02      LDA #&02
     8B02   85 C3      STA &C3
     8B04   AC 05 0F   LDY &0F05
     8B07   C0 F8      CPY #&F8
     8B09   90 31      BCC &8B3C
.errCATALOGUEFULL
     8B0B   20 60 80   JSR &8060
     8B0E   BE
     8B0F   43 61 74 ...
     8B17   00
.cfile_loop
     8B18   F0 82      BEQ &8A9C
     8B1A   20 C4 82   JSR &82C4
     8B1D   B9 0E 0F   LDA &0F0E,Y
     8B20   20 19 82   JSR &8219
     8B23   85 C2      STA &C2
     8B25   18         CLC
     8B26   A9 FF      LDA #&FF
     8B28   79 0C 0F   ADC &0F0C,Y
     8B2B   B9 0F 0F   LDA &0F0F,Y
     8B2E   79 0D 0F   ADC &0F0D,Y
     8B31   85 C3      STA &C3
     8B33   B9 0E 0F   LDA &0F0E,Y
     8B36   29 03      AND #&03
     8B38   65 C2      ADC &C2
     8B3A   85 C2      STA &C2
.Getfirstblock_Yoffset
     8B3C   38         SEC
     8B3D   B9 07 0F   LDA &0F07,Y
     8B40   E5 C3      SBC &C3
     8B42   48         PHA
     8B43   B9 06 0F   LDA &0F06,Y
     8B46   29 03      AND #&03
     8B48   E5 C2      SBC &C2
     8B4A   AA         TAX
     8B4B   A9 00      LDA #&00
     8B4D   C5 C0      CMP &C0
     8B4F   68         PLA
     8B50   E5 C1      SBC &C1
     8B52   8A         TXA
     8B53   E5 C4      SBC &C4
     8B55   98         TYA
     8B56   90 C0      BCC &8B18
     8B58   84 B0      STY &B0
     8B5A   AC 05 0F   LDY &0F05
.cfile_insertfileloop
     8B5D   C4 B0      CPY &B0
     8B5F   F0 0F      BEQ &8B70
     8B61   B9 07 0E   LDA &0E07,Y
     8B64   99 0F 0E   STA &0E0F,Y
     8B67   B9 07 0F   LDA &0F07,Y
     8B6A   99 0F 0F   STA &0F0F,Y
     8B6D   88         DEY
     8B6E   B0 ED      BCS &8B5D
.cfile_atcatentry
     8B70   AD 76 10   LDA &1076
     8B73   29 03      AND #&03
     8B75   0A         ASL A
     8B76   0A         ASL A
     8B77   45 C4      EOR &C4
     8B79   29 FC      AND #&FC
     8B7B   45 C4      EOR &C4
     8B7D   0A         ASL A
     8B7E   0A         ASL A
     8B7F   4D 74 10   EOR &1074
     8B82   29 FC      AND #&FC
     8B84   4D 74 10   EOR &1074
     8B87   0A         ASL A
     8B88   0A         ASL A
     8B89   45 C2      EOR &C2
     8B8B   29 FC      AND #&FC
     8B8D   45 C2      EOR &C2
     8B8F   85 C2      STA &C2
     8B91   A2 00      LDX #&00
     8B93   98         TYA
     8B94   48         PHA
.cfile_copyfnloop
     8B95   B5 C5      LDA &C5,X
     8B97   99 08 0E   STA &0E08,Y
     8B9A   B5 BC      LDA &BC,X
     8B9C   99 08 0F   STA &0F08,Y
     8B9F   C8         INY
     8BA0   E8         INX
     8BA1   E0 08      CPX #&08
     8BA3   D0 F0      BNE &8B95
     8BA5   68         PLA
     8BA6   A8         TAY
     8BA7   48         PHA
     8BA8   20 46 83   JSR &8346
     8BAB   AC 05 0F   LDY &0F05
     8BAE   20 EF 87   JSR &87EF
     8BB1   8C 05 0F   STY &0F05
     8BB4   20 A5 A1   JSR &A1A5
     8BB7   68         PLA
     8BB8   A8         TAY
     8BB9   60         RTS
.CMD_ENABLE
     8BBA   A9 01      LDA #&01
     8BBC   8D C7 10   STA &10C7
     8BBF   60         RTS
.LoadAddrHi2
     8BC0   A9 00      LDA #&00
     8BC2   8D 75 10   STA &1075
     8BC5   A5 C2      LDA &C2
     8BC7   29 08      AND #&08
     8BC9   8D 74 10   STA &1074
     8BCC   F0 08      BEQ &8BD6
.SetLoadAddrToHost
     8BCE   A9 FF      LDA #&FF
     8BD0   8D 75 10   STA &1075
     8BD3   8D 74 10   STA &1074
.ldadd_nothost
     8BD6   60         RTS
.LoadandEexeAddrHi2
     8BD7   20 C0 8B   JSR &8BC0
.ExecAddrHi2
     8BDA   A9 00      LDA #&00
     8BDC   8D 77 10   STA &1077
     8BDF   A5 C2      LDA &C2
     8BE1   20 17 82   JSR &8217
     8BE4   C9 03      CMP #&03
     8BE6   D0 05      BNE &8BED
     8BE8   A9 FF      LDA #&FF
     8BEA   8D 77 10   STA &1077
.exadd_nothost
     8BED   8D 76 10   STA &1076
     8BF0   60         RTS
.Set_CurDirDrv_ToDefaults
     8BF1   AD C9 10   LDA &10C9
     8BF4   85 CC      STA &CC
.Set_CurDrv_ToDefault
     8BF6   AD CA 10   LDA &10CA
.SetCurrentDrive_Adrive
     8BF9   29 03      AND #&03
.SetCurrentDrive_Adrive_noand
     8BFB   85 CD      STA &CD
     8BFD   60         RTS
.Param_OptionalDriveNo
     8BFE   20 C2 81   JSR &81C2
     8C01   F0 F3      BEQ &8BF6
.Param_DriveNo_Syntax
     8C03   20 88 9A   JSR &9A88
.Param_DriveNo_BadDrive
     8C06   20 A7 81   JSR &81A7
     8C09   B0 0B      BCS &8C16
     8C0B   C9 3A      CMP #&3A
     8C0D   F0 F7      BEQ &8C06
     8C0F   38         SEC
     8C10   E9 30      SBC #&30
     8C12   C9 04      CMP #&04
     8C14   90 E5      BCC &8BFB
.errBADDRIVE
     8C16   20 56 80   JSR &8056
     8C19   CD
     8C1A   64 72 69 ...
     8C1F   00
.CMD_RENAME
     8C20   20 DE 92   JSR &92DE
     8C23   20 88 9A   JSR &9A88
     8C26   20 4B 81   JSR &814B
     8C29   98         TYA
     8C2A   48         PHA
     8C2B   20 3A 82   JSR &823A
     8C2E   20 9C 93   JSR &939C
     8C31   84 C4      STY &C4
     8C33   68         PLA
     8C34   A8         TAY
     8C35   20 88 9A   JSR &9A88
     8C38   A5 CD      LDA &CD
     8C3A   48         PHA
     8C3B   20 4B 81   JSR &814B
     8C3E   68         PLA
     8C3F   C5 CD      CMP &CD
     8C41   D0 14      BNE &8C57
     8C43   20 7F 82   JSR &827F
     8C46   90 12      BCC &8C5A
     8C48   C4 C4      CPY &C4
     8C4A   F0 0E      BEQ &8C5A
.errFILEEXISTS
     8C4C   20 60 80   JSR &8060
     8C4F   C4
     8C50   45 78 69 ...
     8C56   00
.jmpBADDRIVE
     8C57   4C 16 8C   JMP &8C16
.rname_ok
     8C5A   A4 C4      LDY &C4
     8C5C   20 EF 87   JSR &87EF
     8C5F   A2 07      LDX #&07
.rname_loop
     8C61   B5 C5      LDA &C5,X
     8C63   99 07 0E   STA &0E07,Y
     8C66   88         DEY
     8C67   CA         DEX
     8C68   10 F7      BPL &8C61
     8C6A   4C A5 A1   JMP &A1A5
.TUBE_CheckIfPresent
     8C6D   A9 EA      LDA #&EA
     8C6F   A2 00      LDX #&00
     8C71   A0 FF      LDY #&FF
     8C73   20 F4 FF   JSR &FFF4
     8C76   8A         TXA
     8C77   49 FF      EOR #&FF
     8C79   8D D6 10   STA &10D6
     8C7C   60         RTS
.TUBE_CLAIM
     8C7D   48         PHA
.tclaim_loop
     8C7E   A9 CA      LDA #&CA
     8C80   20 06 04   JSR &0406
     8C83   90 F9      BCC &8C7E
     8C85   68         PLA
     8C86   60         RTS
.TUBE_RELEASE
     8C87   20 6D 8C   JSR &8C6D
     8C8A   30 07      BMI &8C93
.TUBE_RELEASE_NoCheck
     8C8C   48         PHA
     8C8D   A9 8A      LDA #&8A
     8C8F   20 06 04   JSR &0406
     8C92   68         PLA
.trelease_exit
     8C93   60         RTS
.CheckESCAPE
     8C94   24 FF      BIT &FF
     8C96   10 1F      BPL &8CB7
.ReportESCAPE
     8C98   A9 7E      LDA #&7E
     8C9A   20 F4 FF   JSR &FFF4
     8C9D   20 70 80   JSR &8070
     8CA0   11
     8CA1   45 73 63 ...
     8CA7   00
.PrintHex100
     8CA8   48         PHA
     8CA9   20 21 82   JSR &8221
     8CAC   20 B0 8C   JSR &8CB0
     8CAF   68         PLA
.PrintNib100
     8CB0   20 26 81   JSR &8126
     8CB3   9D 00 01   STA &0100,X
     8CB6   E8         INX
.noesc
     8CB7   60         RTS
.BootOptions
     8CB8   4C 2E 21 ...
     8CBF   0D
     8CC0   45 2E 21 ...
     8CC7   0D
.AUTOBOOT
     8CC8   A5 B3      LDA &B3
     8CCA   20 9D 80   JSR &809D
Macro BOOT_NAME:
Macro BASE_NAME:
     8CCD   45 6C 65 ...
Macro SYSTEM_NAME:
     8CD6   4D 4D 46 ...
End macro SYSTEM_NAME
     8CDB   20 28 44 ...
End macro BASE_NAME
Macro DEVICE_NAME:
End macro DEVICE_NAME
Macro DFS_EMUL_NAME:
End macro DFS_EMUL_NAME
     8CE3   0D
     8CE4   0D
End macro BOOT_NAME
     8CE5   90 0C      BCC &8CF3
.CMD_DISC
     8CE7   A6 F4      LDX &F4
     8CE9   BD F0 0D   LDA &0DF0,X
     8CEC   29 40      AND #&40
     8CEE   F0 01      BEQ &8CF1
     8CF0   60         RTS
.CMD_CARD
     8CF1   A9 FF      LDA #&FF
.initMMFS
     8CF3   20 9E 96   JSR &969E
     8CF6   48         PHA
     8CF7   A9 06      LDA #&06
     8CF9   20 34 80   JSR &8034
     8CFC   A2 0D      LDX #&0D
.vectloop
     8CFE   BD 0B 94   LDA &940B,X
     8D01   9D 12 02   STA &0212,X
     8D04   CA         DEX
     8D05   10 F7      BPL &8CFE
     8D07   A9 A8      LDA #&A8
     8D09   20 04 94   JSR &9404
     8D0C   84 B1      STY &B1
     8D0E   86 B0      STX &B0
     8D10   A2 07      LDX #&07
     8D12   A0 1B      LDY #&1B
.extendedvec_loop
     8D14   B9 FE 93   LDA &93FE,Y
     8D17   91 B0      STA (&B0),Y
     8D19   C8         INY
     8D1A   B9 FE 93   LDA &93FE,Y
     8D1D   91 B0      STA (&B0),Y
     8D1F   C8         INY
     8D20   A5 F4      LDA &F4
     8D22   91 B0      STA (&B0),Y
     8D24   C8         INY
     8D25   CA         DEX
     8D26   D0 EC      BNE &8D14
     8D28   8C 82 10   STY &1082
     8D2B   8C 83 10   STY &1083
     8D2E   86 CD      STX &CD
     8D30   8E AF 10   STX &10AF
     8D33   A2 0F      LDX #&0F
     8D35   A9 8F      LDA #&8F
     8D37   20 F4 FF   JSR &FFF4
     8D3A   20 F6 93   JSR &93F6
     8D3D   A0 D3      LDY #&D3
     8D3F   B1 B0      LDA (&B0),Y
     8D41   10 37      BPL &8D7A
     8D43   A0 D4      LDY #&D4
     8D45   B1 B0      LDA (&B0),Y
     8D47   30 5E      BMI &8DA7
     8D49   20 DF 93   JSR &93DF
     8D4C   A0 00      LDY #&00
.copyfromPWStoSWS_loop
     8D4E   B1 B0      LDA (&B0),Y
     8D50   C0 C0      CPY #&C0
     8D52   90 05      BCC &8D59
     8D54   99 00 10   STA &1000,Y
     8D57   B0 03      BCS &8D5C
.copyfromPWS1
     8D59   99 00 11   STA &1100,Y
.copyfromPWS2
     8D5C   88         DEY
     8D5D   D0 EF      BNE &8D4E
     8D5F   20 55 A1   JSR &A155
     8D62   CD F0 10   CMP &10F0
     8D65   D0 16      BNE &8D7D
     8D67   A9 A0      LDA #&A0
.setchansloop
     8D69   A8         TAY
     8D6A   48         PHA
     8D6B   A9 3F      LDA #&3F
     8D6D   20 4A 98   JSR &984A
     8D70   68         PLA
     8D71   99 1D 11   STA &111D,Y
     8D74   E9 1F      SBC #&1F
     8D76   D0 F1      BNE &8D69
     8D78   F0 2D      BEQ &8DA7
.initdfs_reset
     8D7A   20 DF 93   JSR &93DF
.setdefaults
     8D7D   A9 20      LDA #&20
     8D7F   8D C0 11   STA &11C0
     8D82   8D D0 11   STA &11D0
     8D85   A9 24      LDA #&24
     8D87   8D C9 10   STA &10C9
     8D8A   8D CB 10   STA &10CB
     8D8D   A9 00      LDA #&00
     8D8F   8D CC 10   STA &10CC
     8D92   A0 00      LDY #&00
     8D94   8C CA 10   STY &10CA
     8D97   8C C0 10   STY &10C0
     8D9A   88         DEY
     8D9B   8C C7 10   STY &10C7
     8D9E   8C C6 10   STY &10C6
     8DA1   8C DD 10   STY &10DD
     8DA4   20 DB 8D   JSR &8DDB
.initdfs_noreset
     8DA7   20 6D 8C   JSR &8C6D
     8DAA   A9 FD      LDA #&FD
     8DAC   20 04 94   JSR &9404
     8DAF   E0 00      CPX #&00
     8DB1   F0 06      BEQ &8DB9
     8DB3   20 B5 A7   JSR &A7B5
     8DB6   20 9B AD   JSR &AD9B
.skipautoload
     8DB9   68         PLA
     8DBA   D0 0B      BNE &8DC7
     8DBC   20 A1 A1   JSR &A1A1
     8DBF   AD 06 0F   LDA &0F06
     8DC2   20 21 82   JSR &8221
     8DC5   D0 01      BNE &8DC8
.initdfs_exit
     8DC7   60         RTS
.notOPT0
     8DC8   A0 8C      LDY #&8C
     8DCA   A2 B8      LDX #&B8
     8DCC   C9 02      CMP #&02
     8DCE   90 08      BCC &8DD8
     8DD0   F0 04      BEQ &8DD6
     8DD2   A2 C0      LDX #&C0
     8DD4   D0 02      BNE &8DD8
.oscliOPT2
     8DD6   A2 C2      LDX #&C2
.jmpOSCLI
     8DD8   4C F7 FF   JMP &FFF7
.VIDRESET
     8DDB   A0 0F      LDY #&0F
     8DDD   A9 00      LDA #&00
.loop
     8DDF   99 E0 10   STA &10E0,Y
     8DE2   88         DEY
     8DE3   10 FA      BPL &8DDF
     8DE5   A9 01      LDA #&01
     8DE7   8D F0 10   STA &10F0
     8DEA   60         RTS
.MMFS_SERVICECALLS
     8DEB   20 89 B5   JSR &B589
     8DEE   48         PHA
     8DEF   BD F0 0D   LDA &0DF0,X
     8DF2   30 1E      BMI &8E12
.lbl1
     8DF4   68         PLA
     8DF5   C9 12      CMP #&12
     8DF7   F0 31      BEQ &8E2A
     8DF9   C9 0B      CMP #&0B
     8DFB   B0 14      BCS &8E11
.label4
     8DFD   0A         ASL A
     8DFE   AA         TAX
     8DFF   BD 15 8E   LDA &8E15,X
     8E02   48         PHA
     8E03   BD 14 8E   LDA &8E14,X
     8E06   48         PHA
     8E07   8A         TXA
     8E08   A6 F4      LDX &F4
     8E0A   4A         LSR A
     8E0B   C9 0B      CMP #&0B
     8E0D   90 02      BCC &8E11
     8E0F   69 15      ADC #&15
.label3
.SERVICE_NULL
     8E11   60         RTS
.romdisabled
     8E12   68         PLA
     8E13   60         RTS
.data
     8E14   10 8E
     8E16   33 8E
     8E18   3A 8E
     8E1A   7B 8E
     8E1C   94 8E
     8E1E   10 8E
     8E20   10 8E
     8E22   10 8E
     8E24   A0 8E
     8E26   FE 8E
     8E28   0F 8F
.SERVICE12_init_filesystem
Macro BP12K_NEST:
End macro BP12K_NEST
     8E2A   C0 04      CPY #&04
     8E2C   D0 E3      BNE &8E11
     8E2E   20 F5 83   JSR &83F5
     8E31   4C F1 8C   JMP &8CF1
.SERVICE01_claim_absworkspace
     8E34   C0 17      CPY #&17
     8E36   B0 02      BCS &8E3A
     8E38   A0 17      LDY #&17
.exit
     8E3A   60         RTS
.SERVICE02_claim_privworkspace
     8E3B   98         TYA
     8E3C   48         PHA
     8E3D   85 B1      STA &B1
     8E3F   BC F0 0D   LDY &0DF0,X
     8E42   98         TYA
     8E43   29 40      AND #&40
     8E45   05 B1      ORA &B1
     8E47   9D F0 0D   STA &0DF0,X
     8E4A   A9 00      LDA #&00
     8E4C   85 B0      STA &B0
     8E4E   C4 B1      CPY &B1
     8E50   F0 04      BEQ &8E56
     8E52   A0 D3      LDY #&D3
     8E54   91 B0      STA (&B0),Y
.samepage
     8E56   A9 FD      LDA #&FD
     8E58   20 04 94   JSR &9404
     8E5B   CA         DEX
     8E5C   8A         TXA
     8E5D   A0 D3      LDY #&D3
     8E5F   31 B0      AND (&B0),Y
     8E61   91 B0      STA (&B0),Y
     8E63   08         PHP
     8E64   C8         INY
     8E65   28         PLP
     8E66   10 07      BPL &8E6F
     8E68   B1 B0      LDA (&B0),Y
     8E6A   10 03      BPL &8E6F
     8E6C   20 75 89   JSR &8975
.notsoft
     8E6F   A9 00      LDA #&00
     8E71   91 B0      STA (&B0),Y
     8E73   A6 F4      LDX &F4
     8E75   68         PLA
     8E76   A8         TAY
     8E77   A9 02      LDA #&02
     8E79   C8         INY
     8E7A   C8         INY
.srv3_exit
     8E7B   60         RTS
.SERVICE03_autoboot
Macro BP12K_NEST:
End macro BP12K_NEST
     8E7C   20 F5 83   JSR &83F5
     8E7F   84 B3      STY &B3
     8E81   A9 7A      LDA #&7A
     8E83   20 F4 FF   JSR &FFF4
     8E86   8A         TXA
     8E87   30 09      BMI &8E92
     8E89   C9 65      CMP #&65
     8E8B   D0 EE      BNE &8E7B
     8E8D   A9 78      LDA #&78
     8E8F   20 F4 FF   JSR &FFF4
.jmpAUTOBOOT
     8E92   4C C8 8C   JMP &8CC8
.SERVICE04_unrec_command
Macro BP12K_NEST:
End macro BP12K_NEST
     8E95   20 F5 83   JSR &83F5
     8E98   A2 8D      LDX #&8D
.jmpunreccmd
     8E9A   4C 27 87   JMP &8727
.NotCmdTable22
     8E9D   A2 76      LDX #&76
     8E9F   D0 F9      BNE &8E9A
.SERVICE08_unrec_OSWORD
Macro BP12K_NEST:
End macro BP12K_NEST
     8EA1   20 F5 83   JSR &83F5
     8EA4   A4 EF      LDY &EF
     8EA6   30 2F      BMI &8ED7
     8EA8   C0 7D      CPY #&7D
     8EAA   90 2B      BCC &8ED7
     8EAC   AD 13 02   LDA &0213
     8EAF   C9 FF      CMP #&FF
     8EB1   D0 24      BNE &8ED7
     8EB3   AD 12 02   LDA &0212
     8EB6   C9 1B      CMP #&1B
     8EB8   D0 1D      BNE &8ED7
     8EBA   AD BC 0D   LDA &0DBC
     8EBD   C5 F4      CMP &F4
     8EBF   D0 16      BNE &8ED7
     8EC1   20 9E 96   JSR &969E
     8EC4   A6 F0      LDX &F0
     8EC6   86 B0      STX &B0
     8EC8   A6 F1      LDX &F1
     8ECA   86 B1      STX &B1
     8ECC   A4 EF      LDY &EF
     8ECE   C8         INY
     8ECF   10 07      BPL &8ED8
     8ED1   08         PHP
     8ED2   58         CLI
     8ED3   20 07 B1   JSR &B107
     8ED6   28         PLP
.notMMFS
.exit
     8ED7   60         RTS
.notOSWORD7F
     8ED8   20 9B A1   JSR &A19B
     8EDB   C8         INY
     8EDC   30 08      BMI &8EE6
     8EDE   A0 00      LDY #&00
     8EE0   AD 04 0F   LDA &0F04
     8EE3   91 B0      STA (&B0),Y
     8EE5   60         RTS
.OSWORD7E
     8EE6   A9 00      LDA #&00
     8EE8   A8         TAY
     8EE9   91 B0      STA (&B0),Y
     8EEB   C8         INY
     8EEC   AD 07 0F   LDA &0F07
     8EEF   91 B0      STA (&B0),Y
     8EF1   C8         INY
     8EF2   AD 06 0F   LDA &0F06
     8EF5   29 03      AND #&03
     8EF7   91 B0      STA (&B0),Y
     8EF9   C8         INY
     8EFA   A9 00      LDA #&00
     8EFC   91 B0      STA (&B0),Y
     8EFE   60         RTS
.SERVICE09_help
     8EFF   20 F5 83   JSR &83F5
     8F02   B1 F2      LDA (&F2),Y
     8F04   A2 A3      LDX #&A3
     8F06   C9 0D      CMP #&0D
     8F08   D0 90      BNE &8E9A
     8F0A   98         TYA
     8F0B   A0 03      LDY #&03
     8F0D   4C 33 9A   JMP &9A33
.SERVICE0A_claim_statworkspace
     8F10   20 F5 83   JSR &83F5
     8F13   20 F6 93   JSR &93F6
     8F16   A0 D4      LDY #&D4
     8F18   B1 B0      LDA (&B0),Y
     8F1A   10 15      BPL &8F31
     8F1C   A0 00      LDY #&00
     8F1E   20 8A 96   JSR &968A
     8F21   20 75 89   JSR &8975
     8F24   20 F6 93   JSR &93F6
     8F27   A0 D4      LDY #&D4
     8F29   A9 00      LDA #&00
     8F2B   91 B0      STA (&B0),Y
     8F2D   BA         TSX
     8F2E   9D 05 01   STA &0105,X
.exit
     8F31   60         RTS
.FILEV_ENTRY
     8F32   20 1E 84   JSR &841E
     8F35   48         PHA
     8F36   20 DE 92   JSR &92DE
     8F39   86 B0      STX &B0
     8F3B   8E DB 10   STX &10DB
     8F3E   84 B1      STY &B1
     8F40   8C DC 10   STY &10DC
     8F43   A2 00      LDX #&00
     8F45   A0 00      LDY #&00
     8F47   20 41 81   JSR &8141
.filev_copyparams_loop
     8F4A   20 31 81   JSR &8131
     8F4D   C0 12      CPY #&12
     8F4F   D0 F9      BNE &8F4A
     8F51   68         PLA
     8F52   AA         TAX
     8F53   E8         INX
     8F54   E0 08      CPX #&08
     8F56   B0 08      BCS &8F60
     8F58   BD 4E 94   LDA &944E,X
     8F5B   48         PHA
     8F5C   BD 46 94   LDA &9446,X
     8F5F   48         PHA
.filev_unknownop
     8F60   A9 00      LDA #&00
     8F62   60         RTS
.FSCV_ENTRY
     8F63   C9 0C      CMP #&0C
     8F65   B0 F9      BCS &8F60
     8F67   86 B5      STX &B5
     8F69   AA         TAX
     8F6A   BD 3A 94   LDA &943A,X
     8F6D   48         PHA
     8F6E   BD 2E 94   LDA &942E,X
     8F71   48         PHA
     8F72   8A         TXA
     8F73   A6 B5      LDX &B5
     8F75   60         RTS
.GBPBV_ENTRY
     8F76   C9 09      CMP #&09
     8F78   B0 1D      BCS &8F97
     8F7A   20 F5 83   JSR &83F5
     8F7D   20 9E 96   JSR &969E
     8F80   8E 7D 10   STX &107D
     8F83   8C 7E 10   STY &107E
     8F86   A8         TAY
     8F87   4C 38 91   JMP &9138
.upgbpb
     8F8A   20 98 8F   JSR &8F98
     8F8D   08         PHP
     8F8E   2C 81 10   BIT &1081
     8F91   10 03      BPL &8F96
     8F93   20 8C 8C   JSR &8C8C
.gbpb_nottube
     8F96   28         PLP
.gbpbv_unrecop
     8F97   60         RTS
.gbpb_gosub
     8F98   B9 56 94   LDA &9456,Y
     8F9B   8D D7 10   STA &10D7
     8F9E   B9 5F 94   LDA &945F,Y
     8FA1   8D D8 10   STA &10D8
     8FA4   B9 68 94   LDA &9468,Y
     8FA7   4A         LSR A
     8FA8   08         PHP
     8FA9   4A         LSR A
     8FAA   08         PHP
     8FAB   8D 7F 10   STA &107F
     8FAE   A0 0C      LDY #&0C
.gbpb_ctlblk_loop
     8FB0   B1 B4      LDA (&B4),Y
     8FB2   99 60 10   STA &1060,Y
     8FB5   88         DEY
     8FB6   10 F8      BPL &8FB0
     8FB8   AD 63 10   LDA &1063
     8FBB   2D 64 10   AND &1064
     8FBE   0D D6 10   ORA &10D6
     8FC1   18         CLC
     8FC2   69 01      ADC #&01
     8FC4   F0 06      BEQ &8FCC
     8FC6   20 7D 8C   JSR &8C7D
     8FC9   18         CLC
     8FCA   A9 FF      LDA #&FF
.gbpb_nottube1
     8FCC   8D 81 10   STA &1081
     8FCF   AD 7F 10   LDA &107F
     8FD2   B0 07      BCS &8FDB
     8FD4   A2 61      LDX #&61
     8FD6   A0 10      LDY #&10
     8FD8   20 06 04   JSR &0406
.gbpb_nottube2
     8FDB   28         PLP
     8FDC   B0 04      BCS &8FE2
     8FDE   28         PLP
.gbpb_jmpsub
     8FDF   6C D7 10   JMP (&10D7)
.gbpb_rw_seqptr
     8FE2   A2 03      LDX #&03
.gbpb_seqptr_loop1
     8FE4   BD 69 10   LDA &1069,X
     8FE7   95 B6      STA &B6,X
     8FE9   CA         DEX
     8FEA   10 F8      BPL &8FE4
     8FEC   A2 B6      LDX #&B6
     8FEE   AC 60 10   LDY &1060
     8FF1   A9 00      LDA #&00
     8FF3   28         PLP
     8FF4   B0 03      BCS &8FF9
     8FF6   20 84 99   JSR &9984
.gpbp_dontwriteseqptr
     8FF9   20 E9 96   JSR &96E9
     8FFC   A2 03      LDX #&03
.gbpb_seqptr_loop2
     8FFE   B5 B6      LDA &B6,X
     9000   9D 69 10   STA &1069,X
     9003   CA         DEX
     9004   10 F8      BPL &8FFE
.gbpb_rwdata
     9006   20 D6 90   JSR &90D6
     9009   30 0D      BMI &9018
.gbpb_data_loop
     900B   AC 60 10   LDY &1060
     900E   20 DF 8F   JSR &8FDF
     9011   B0 0D      BCS &9020
     9013   A2 09      LDX #&09
     9015   20 11 91   JSR &9111
.gbpb_data_loopin
     9018   A2 05      LDX #&05
     901A   20 11 91   JSR &9111
     901D   D0 EC      BNE &900B
     901F   18         CLC
.gbpb_data_loopout
     9020   08         PHP
     9021   20 D6 90   JSR &90D6
     9024   A2 05      LDX #&05
     9026   20 11 91   JSR &9111
     9029   20 E4 90   JSR &90E4
     902C   A0 0C      LDY #&0C
.gbpb_restorectlblk_loop
     902E   B9 60 10   LDA &1060,Y
     9031   91 B4      STA (&B4),Y
     9033   88         DEY
     9034   10 F8      BPL &902E
     9036   28         PLP
     9037   60         RTS
.gbpb8_rdfilescurdir
     9038   20 90 A1   JSR &A190
     903B   A9 47      LDA #&47
     903D   8D D7 10   STA &10D7
     9040   A9 90      LDA #&90
     9042   8D D8 10   STA &10D8
     9045   D0 BF      BNE &9006
.gbpb8_getbyte
     9047   AC 69 10   LDY &1069
.gbpb8_loop
     904A   CC 05 0F   CPY &0F05
     904D   B0 28      BCS &9077
     904F   B9 0F 0E   LDA &0E0F,Y
     9052   20 38 83   JSR &8338
     9055   45 CC      EOR &CC
     9057   B0 02      BCS &905B
     9059   29 DF      AND #&DF
.gbpb8_notalpha
     905B   29 7F      AND #&7F
     905D   F0 05      BEQ &9064
     905F   20 EF 87   JSR &87EF
     9062   D0 E6      BNE &904A
.gbpb8_filefound
     9064   A9 07      LDA #&07
     9066   20 FD 90   JSR &90FD
     9069   85 B0      STA &B0
.gbpb8_copyfn_loop
     906B   B9 08 0E   LDA &0E08,Y
     906E   20 FD 90   JSR &90FD
     9071   C8         INY
     9072   C6 B0      DEC &B0
     9074   D0 F5      BNE &906B
     9076   18         CLC
.gbpb8_endofcat
     9077   8C 69 10   STY &1069
     907A   AD 04 0F   LDA &0F04
     907D   8D 60 10   STA &1060
     9080   60         RTS
.gbpb5_getmediatitle
     9081   20 90 A1   JSR &A190
     9084   A9 0C      LDA #&0C
     9086   20 FD 90   JSR &90FD
     9089   A0 00      LDY #&00
.gbpb5_titleloop
     908B   C0 08      CPY #&08
     908D   B0 05      BCS &9094
     908F   B9 00 0E   LDA &0E00,Y
     9092   90 03      BCC &9097
.gbpb5_titlehi
     9094   B9 F8 0E   LDA &0EF8,Y
.gbpb5_titlelo
     9097   20 FD 90   JSR &90FD
     909A   C8         INY
     909B   C0 0C      CPY #&0C
     909D   D0 EC      BNE &908B
     909F   AD 06 0F   LDA &0F06
     90A2   20 21 82   JSR &8221
     90A5   20 FD 90   JSR &90FD
     90A8   A5 CD      LDA &CD
     90AA   4C FD 90   JMP &90FD
.gbpb6_rdcurdirdevice
     90AD   20 F4 90   JSR &90F4
     90B0   AD CA 10   LDA &10CA
     90B3   20 EF 90   JSR &90EF
     90B6   AD C9 10   LDA &10C9
     90B9   D0 42      BNE &90FD
.gbpb7_rdcurlibdevice
     90BB   20 F4 90   JSR &90F4
     90BE   AD CC 10   LDA &10CC
     90C1   20 EF 90   JSR &90EF
     90C4   AD CB 10   LDA &10CB
     90C7   D0 34      BNE &90FD
.gpbp_B8memptr
     90C9   AE 61 10   LDX &1061
     90CC   86 B8      STX &B8
     90CE   AE 62 10   LDX &1062
     90D1   86 B9      STX &B9
     90D3   A2 00      LDX #&00
     90D5   60         RTS
.gbpb_bytesxferinvert
     90D6   A2 03      LDX #&03
.gbpb_bytesxferinvert_loop
     90D8   A9 FF      LDA #&FF
     90DA   5D 65 10   EOR &1065,X
     90DD   9D 65 10   STA &1065,X
     90E0   CA         DEX
     90E1   10 F5      BPL &90D8
     90E3   60         RTS
.gbpb_wordB4_word107D
     90E4   AD 7D 10   LDA &107D
     90E7   85 B4      STA &B4
     90E9   AD 7E 10   LDA &107E
     90EC   85 B5      STA &B5
     90EE   60         RTS
.gbpb_gb_SAVEBYTE_and_gbpb_SAVE_01
     90EF   09 30      ORA #&30
     90F1   20 FD 90   JSR &90FD
.gbpb_SAVE_01
     90F4   A9 01      LDA #&01
     90F6   D0 05      BNE &90FD
.gbpb_getbyteSAVEBYTE
     90F8   20 F7 97   JSR &97F7
     90FB   B0 1F      BCS &911C
.gbpb_gb_SAVEBYTE
     90FD   2C 81 10   BIT &1081
     9100   10 05      BPL &9107
     9102   8D E5 FC   STA &FCE5
     9105   30 05      BMI &910C
.gBpb_gb_fromhost
     9107   20 C9 90   JSR &90C9
     910A   81 B8      STA (&B8,X)
.gbpb_incDataPtr
     910C   20 F5 83   JSR &83F5
     910F   A2 01      LDX #&01
.gbpb_incdblword1060X
     9111   A0 04      LDY #&04
.gbpb_incdblword_loop
     9113   FE 60 10   INC &1060,X
     9116   D0 04      BNE &911C
     9118   E8         INX
     9119   88         DEY
     911A   D0 F7      BNE &9113
.gbpb_incdblworkd_exit
     911C   60         RTS
.gbpb_putbytes
     911D   20 25 91   JSR &9125
     9120   20 B4 98   JSR &98B4
     9123   18         CLC
     9124   60         RTS
.gpbp_pb_LOADBYTE
     9125   2C 81 10   BIT &1081
     9128   10 06      BPL &9130
     912A   AD E5 FC   LDA &FCE5
     912D   4C 0C 91   JMP &910C
.gbpb_pb_fromhost
     9130   20 C9 90   JSR &90C9
     9133   A1 B8      LDA (&B8,X)
     9135   4C 0C 91   JMP &910C
.fastgb
     9138   20 E4 90   JSR &90E4
     913B   B9 68 94   LDA &9468,Y
     913E   29 03      AND #&03
     9140   4A         LSR A
     9141   F0 4A      BEQ &918D
     9143   8C 6D 10   STY &106D
     9146   A0 0C      LDY #&0C
.copyl0
     9148   B1 B4      LDA (&B4),Y
     914A   99 60 10   STA &1060,Y
     914D   88         DEY
     914E   10 F8      BPL &9148
     9150   A8         TAY
     9151   A2 03      LDX #&03
.initl
     9153   BD 65 10   LDA &1065,X
     9156   9D 6E 10   STA &106E,X
     9159   CA         DEX
     915A   10 F7      BPL &9153
     915C   AD 69 10   LDA &1069
     915F   90 09      BCC &916A
     9161   98         TYA
     9162   20 26 82   JSR &8226
     9165   A8         TAY
     9166   B9 10 11   LDA &1110,Y
     9169   18         CLC
.dcptr
     916A   49 FF      EOR #&FF
     916C   69 01      ADC #&01
     916E   A0 FC      LDY #&FC
.hdrext
     9170   99 69 0F   STA &0F69,Y
     9173   A9 00      LDA #&00
     9175   C8         INY
     9176   D0 F8      BNE &9170
     9178   20 A6 92   JSR &92A6
     917B   90 02      BCC &917F
     917D   D0 46      BNE &91C5
.trailr
     917F   20 BC 92   JSR &92BC
.drain
     9182   A9 60      LDA #&60
     9184   85 B4      STA &B4
     9186   A9 10      LDA #&10
     9188   85 B5      STA &B5
     918A   AC 6D 10   LDY &106D
.chain
     918D   4C 8A 8F   JMP &8F8A
.morfst
     9190   AD 71 10   LDA &1071
     9193   20 B5 92   JSR &92B5
     9196   D0 32      BNE &91CA
     9198   8D 66 10   STA &1066
     919B   8D 67 10   STA &1067
     919E   AD 6E 10   LDA &106E
     91A1   D0 DC      BNE &917F
     91A3   18         CLC
.fgbfin
     91A4   08         PHP
     91A5   20 BC 92   JSR &92BC
     91A8   28         PLP
     91A9   20 E4 90   JSR &90E4
     91AC   A0 0C      LDY #&0C
.retnl
     91AE   B9 60 10   LDA &1060,Y
     91B1   91 B4      STA (&B4),Y
     91B3   88         DEY
     91B4   10 F8      BPL &91AE
     91B6   60         RTS
.setmax
     91B7   8D 67 10   STA &1067
     91BA   0D 66 10   ORA &1066
     91BD   D0 4B      BNE &920A
.throw
     91BF   A0 FD      LDY #&FD
     91C1   A9 01      LDA #&01
     91C3   D0 AB      BNE &9170
.align
     91C5   20 82 91   JSR &9182
     91C8   B0 DA      BCS &91A4
.dofast
     91CA   AE 71 10   LDX &1071
     91CD   F0 02      BEQ &91D1
     91CF   A2 FF      LDX #&FF
.sclamp
     91D1   8A         TXA
     91D2   0D 70 10   ORA &1070
     91D5   8D 67 10   STA &1067
     91D8   8A         TXA
     91D9   0D 6F 10   ORA &106F
     91DC   AA         TAX
     91DD   AD C2 10   LDA &10C2
     91E0   38         SEC
     91E1   6D 6D 10   ADC &106D
     91E4   49 04      EOR #&04
     91E6   29 E4      AND #&E4
     91E8   A8         TAY
     91E9   B9 15 11   LDA &1115,Y
     91EC   38         SEC
     91ED   ED 6A 10   SBC &106A
     91F0   8D 66 10   STA &1066
     91F3   B9 16 11   LDA &1116,Y
     91F6   ED 6B 10   SBC &106B
     91F9   90 C4      BCC &91BF
     91FB   CD 67 10   CMP &1067
     91FE   90 B7      BCC &91B7
     9200   D0 05      BNE &9207
     9202   EC 66 10   CPX &1066
     9205   B0 B0      BCS &91B7
.sectr0
     9207   8E 66 10   STX &1066
.sectr1
     920A   AC C2 10   LDY &10C2
     920D   20 8E 94   JSR &948E
     9210   20 52 98   JSR &9852
     9213   A9 3F      LDA #&3F
     9215   99 1D 11   STA &111D,Y
     9218   20 4A 98   JSR &984A
     921B   AD 61 10   LDA &1061
     921E   85 BC      STA &BC
     9220   AD 62 10   LDA &1062
     9223   85 BD      STA &BD
     9225   AD 63 10   LDA &1063
     9228   8D 74 10   STA &1074
     922B   AD 64 10   LDA &1064
     922E   8D 75 10   STA &1075
     9231   B9 0F 11   LDA &110F,Y
     9234   18         CLC
     9235   6D 6A 10   ADC &106A
     9238   85 C3      STA &C3
     923A   B9 0D 11   LDA &110D,Y
     923D   6D 6B 10   ADC &106B
     9240   29 03      AND #&03
     9242   85 C2      STA &C2
     9244   A9 00      LDA #&00
     9246   85 C0      STA &C0
     9248   AD 66 10   LDA &1066
     924B   85 C1      STA &C1
     924D   AD 67 10   LDA &1067
     9250   20 27 82   JSR &8227
     9253   05 C2      ORA &C2
     9255   85 C2      STA &C2
     9257   AD 6D 10   LDA &106D
     925A   EE DD 10   INC &10DD
     925D   20 CC 92   JSR &92CC
     9260   CE DD 10   DEC &10DD
     9263   20 A6 92   JSR &92A6
     9266   AC 66 10   LDY &1066
     9269   98         TYA
     926A   18         CLC
     926B   6D 62 10   ADC &1062
     926E   8D 62 10   STA &1062
     9271   AE 67 10   LDX &1067
     9274   8A         TXA
     9275   6D 63 10   ADC &1063
     9278   8D 63 10   STA &1063
     927B   90 03      BCC &9280
     927D   EE 64 10   INC &1064
.updp
     9280   98         TYA
     9281   AC C2 10   LDY &10C2
     9284   18         CLC
     9285   79 11 11   ADC &1111,Y
     9288   99 11 11   STA &1111,Y
     928B   8D 6A 10   STA &106A
     928E   8A         TXA
     928F   79 12 11   ADC &1112,Y
     9292   99 12 11   STA &1112,Y
     9295   8D 6B 10   STA &106B
     9298   98         TYA
     9299   20 F7 99   JSR &99F7
     929C   90 05      BCC &92A3
     929E   F0 03      BEQ &92A3
     92A0   20 62 99   JSR &9962
.doneit
     92A3   4C 90 91   JMP &9190
.subwk
     92A6   38         SEC
     92A7   A2 FC      LDX #&FC
.subwkl
     92A9   BD 72 0F   LDA &0F72,X
     92AC   FD 69 0F   SBC &0F69,X
     92AF   9D 72 0F   STA &0F72,X
     92B2   E8         INX
     92B3   D0 F4      BNE &92A9
.testl
     92B5   0D 70 10   ORA &1070
     92B8   0D 6F 10   ORA &106F
     92BB   60         RTS
.addtol
     92BC   18         CLC
     92BD   A2 FC      LDX #&FC
.addl
     92BF   BD 72 0F   LDA &0F72,X
     92C2   7D 69 0F   ADC &0F69,X
     92C5   9D 69 0F   STA &0F69,X
     92C8   E8         INX
     92C9   D0 F4      BNE &92BF
     92CB   60         RTS
.docmd
     92CC   C9 03      CMP #&03
     92CE   90 00      BCC &92D0
.dowrcmd
     92D0   4C 3C 88   JMP &883C
.dordcmd
     92D3   4C 49 88   JMP &8849
.fscv_osabouttoproccmd
     92D6   2C C7 10   BIT &10C7
     92D9   30 03      BMI &92DE
     92DB   CE C7 10   DEC &10C7
.parameter_fsp
     92DE   A9 FF      LDA #&FF
     92E0   8D CE 10   STA &10CE
.param_out
     92E3   8D CD 10   STA &10CD
     92E6   60         RTS
.parameter_afsp
     92E7   A9 2A      LDA #&2A
     92E9   8D CE 10   STA &10CE
     92EC   A9 23      LDA #&23
     92EE   D0 F3      BNE &92E3
.osfile5_rdcatinfo
     92F0   20 AA 93   JSR &93AA
     92F3   20 96 83   JSR &8396
     92F6   A9 01      LDA #&01
     92F8   60         RTS
.osfile6_delfile
     92F9   20 87 93   JSR &9387
     92FC   20 96 83   JSR &8396
     92FF   20 1C 83   JSR &831C
     9302   4C 29 93   JMP &9329
.osfile1_updatecat
     9305   20 AA 93   JSR &93AA
     9308   20 2F 93   JSR &932F
     930B   20 4B 93   JSR &934B
     930E   50 16      BVC &9326
.osfile3_wrexecaddr
     9310   20 AA 93   JSR &93AA
     9313   20 4B 93   JSR &934B
     9316   50 11      BVC &9329
.osfile2_wrloadaddr
     9318   20 AA 93   JSR &93AA
     931B   20 2F 93   JSR &932F
     931E   50 09      BVC &9329
.osfile4_wrattribs
     9320   20 AA 93   JSR &93AA
     9323   20 9F 93   JSR &939F
.osfile_updatelocksavecat
     9326   20 6E 93   JSR &936E
.osfile_savecat_retA_1
     9329   20 A5 A1   JSR &A1A5
     932C   A9 01      LDA #&01
     932E   60         RTS
.osfile_update_loadaddr_Xoffset
     932F   20 F5 83   JSR &83F5
     9332   A0 02      LDY #&02
     9334   B1 B0      LDA (&B0),Y
     9336   9D 08 0F   STA &0F08,X
     9339   C8         INY
     933A   B1 B0      LDA (&B0),Y
     933C   9D 09 0F   STA &0F09,X
     933F   C8         INY
     9340   B1 B0      LDA (&B0),Y
     9342   0A         ASL A
     9343   0A         ASL A
     9344   5D 0E 0F   EOR &0F0E,X
     9347   29 0C      AND #&0C
     9349   10 1B      BPL &9366
.osfile_update_execaddr_Xoffset
     934B   20 F5 83   JSR &83F5
     934E   A0 06      LDY #&06
     9350   B1 B0      LDA (&B0),Y
     9352   9D 0A 0F   STA &0F0A,X
     9355   C8         INY
     9356   B1 B0      LDA (&B0),Y
     9358   9D 0B 0F   STA &0F0B,X
     935B   C8         INY
     935C   B1 B0      LDA (&B0),Y
     935E   6A         ROR A
     935F   6A         ROR A
     9360   6A         ROR A
     9361   5D 0E 0F   EOR &0F0E,X
     9364   29 C0      AND #&C0
.osfile_savemixedbyte
     9366   5D 0E 0F   EOR &0F0E,X
     9369   9D 0E 0F   STA &0F0E,X
     936C   B8         CLV
     936D   60         RTS
.osfile_updatelock
     936E   20 F5 83   JSR &83F5
     9371   A0 0E      LDY #&0E
     9373   B1 B0      LDA (&B0),Y
     9375   29 0A      AND #&0A
     9377   F0 02      BEQ &937B
     9379   A9 80      LDA #&80
.osfile_notlocked
     937B   5D 0F 0E   EOR &0E0F,X
     937E   29 80      AND #&80
     9380   5D 0F 0E   EOR &0E0F,X
     9383   9D 0F 0E   STA &0E0F,X
     9386   60         RTS
.CheckFileNotLocked
     9387   20 B4 93   JSR &93B4
     938A   90 23      BCC &93AF
.CheckFileNotLockedY
     938C   B9 0F 0E   LDA &0E0F,Y
     938F   10 22      BPL &93B3
.errFILELOCKED
     9391   20 60 80   JSR &8060
     9394   C3
     9395   4C 6F 63 ...
     939B   00
.CheckFileNotLockedOrOpenY
     939C   20 8C 93   JSR &938C
.CheckFileNotOpenY
     939F   20 F5 83   JSR &83F5
     93A2   20 33 96   JSR &9633
     93A5   90 21      BCC &93C8
     93A7   4C 97 95   JMP &9597
.CheckFileExists
     93AA   20 B4 93   JSR &93B4
     93AD   B0 19      BCS &93C8
.ExitCallingSubroutine
     93AF   68         PLA
     93B0   68         PLA
     93B1   A9 00      LDA #&00
.chklock_exit
     93B3   60         RTS
.read_fspBA_findcatentry
     93B4   20 51 81   JSR &8151
     93B7   20 7F 82   JSR &827F
     93BA   90 0C      BCC &93C8
     93BC   98         TYA
     93BD   AA         TAX
.SetParamBlockPointerB0
     93BE   AD DB 10   LDA &10DB
     93C1   85 B0      STA &B0
     93C3   AD DC 10   LDA &10DC
     93C6   85 B1      STA &B1
.checkexit
     93C8   60         RTS
.CalcRAM
     93C9   A9 83      LDA #&83
     93CB   20 F4 FF   JSR &FFF4
     93CE   8C CF 10   STY &10CF
     93D1   A9 84      LDA #&84
     93D3   20 F4 FF   JSR &FFF4
     93D6   98         TYA
     93D7   38         SEC
     93D8   ED CF 10   SBC &10CF
     93DB   8D D0 10   STA &10D0
     93DE   60         RTS
.ClaimStaticWorkspace
     93DF   A2 0A      LDX #&0A
     93E1   A9 8F      LDA #&8F
     93E3   20 F4 FF   JSR &FFF4
     93E6   20 F6 93   JSR &93F6
     93E9   A0 D3      LDY #&D3
     93EB   A9 FF      LDA #&FF
     93ED   91 B0      STA (&B0),Y
     93EF   8D D3 10   STA &10D3
     93F2   C8         INY
     93F3   91 B0      STA (&B0),Y
     93F5   60         RTS
.SetPrivateWorkspacePointerB0
     93F6   A9 00      LDA #&00
     93F8   85 B0      STA &B0
     93FA   A6 F4      LDX &F4
     93FC   BD F0 0D   LDA &0DF0,X
     93FF   29 3F      AND #&3F
     9401   85 B1      STA &B1
     9403   60         RTS
.osbyte_X0YFF
     9404   A2 00      LDX #&00
.osbyte_YFF
     9406   A0 FF      LDY #&FF
     9408   4C F4 FF   JMP &FFF4
.vectors_table
     940B   1B FF
     940D   1E FF
     940F   21 FF
     9411   24 FF
     9413   27 FF
     9415   2A FF
     9417   2D FF
.extendedvectors_table
     9419   32 8F
     941B   00         BRK
     941C   AB 96
     941E   00         BRK
     941F   F7 97
     9421   00         BRK
     9422   B4 98
     9424   00         BRK
     9425   76 8F
     9427   00         BRK
     9428   D0 94
     942A   00         BRK
     942B   63 8F
     942D   00         BRK
.fscv_table1
     942E   49
     942F   C3
     9430   9C
     9431   21
     9432   9C
     9433   6E
     9434   75
     9435   70
     9436   D5
     9437   4C
     9438   6B
     9439   9C
.fscv_table2
     943A   8A
     943B   97
     943C   88
     943D   87
     943E   88
     943F   84
     9440   94
     9441   94
     9442   92
     9443   82
     9444   82
     9445   88
.finv_tablelo
     9446   09
     9447   3F
     9448   04
     9449   17
     944A   0F
     944B   1F
     944C   EF
     944D   F8
.finv_tablehi
     944E   88
     944F   88
     9450   93
     9451   93
     9452   93
     9453   93
     9454   92
     9455   92
.gbpbv_table1
     9456   CC
     9457   1D
     9458   1D
     9459   F8
     945A   F8
     945B   81
     945C   AD
     945D   BB
     945E   38
.gbpbv_table2
     945F   82
     9460   91
     9461   91
     9462   90
     9463   90
     9464   90
     9465   90
     9466   90
     9467   90
.gbpbv_table3
     9468   04
     9469   02
     946A   03
     946B   06
     946C   07
     946D   04
     946E   04
     946F   04
     9470   04
.fscv7_hndlrange
     9471   A2 11      LDX #&11
     9473   A0 15      LDY #&15
.closeallfiles_exit
     9475   60         RTS
.fscv6_shutdownfilesys
     9476   20 F5 83   JSR &83F5
.CloseSPOOLEXECfiles
     9479   A9 77      LDA #&77
     947B   4C F4 FF   JMP &FFF4
.CMD_CLOSE
.CloseAllFiles_Osbyte77
     947E   20 79 94   JSR &9479
.CloseAllFiles
     9481   A9 00      LDA #&00
.closeallfiles_loop
     9483   18         CLC
     9484   69 20      ADC #&20
     9486   F0 ED      BEQ &9475
     9488   A8         TAY
     9489   20 DD 94   JSR &94DD
     948C   D0 F5      BNE &9483
.Channel_SetDirDrv_GetCatEntry_Yintch
     948E   20 A9 94   JSR &94A9
.Channel_GetCatEntry_Yintch
     9491   A2 06      LDX #&06
.chnl_getcatloop
     9493   B9 0C 11   LDA &110C,Y
     9496   95 C5      STA &C5,X
     9498   88         DEY
     9499   88         DEY
     949A   CA         DEX
     949B   10 F6      BPL &9493
     949D   20 8A 82   JSR &828A
     94A0   90 22      BCC &94C4
     94A2   8C C3 10   STY &10C3
     94A5   AC C2 10   LDY &10C2
.chkdskchangexit
     94A8   60         RTS
.Channel_SetDirDrive_Yintch
     94A9   B9 0E 11   LDA &110E,Y
     94AC   29 7F      AND #&7F
     94AE   85 CC      STA &CC
     94B0   B9 17 11   LDA &1117,Y
     94B3   4C F9 8B   JMP &8BF9
.CheckForDiskChange
     94B6   20 F5 83   JSR &83F5
     94B9   AD 04 0F   LDA &0F04
     94BC   20 9E A1   JSR &A19E
     94BF   CD 04 0F   CMP &0F04
     94C2   F0 E4      BEQ &94A8
.errDISKCHANGED
     94C4   20 4B 80   JSR &804B
     94C7   C8
     94C8   63 68 61 ...
     94CF   00
.FINDV_ENTRY
     94D0   29 C0      AND #&C0
     94D2   D0 59      BNE &952D
     94D4   20 F5 83   JSR &83F5
.CloseFiles_Yhandle
     94D7   98         TYA
     94D8   F0 A4      BEQ &947E
     94DA   20 D8 97   JSR &97D8
.CloseFile_Yintch
     94DD   48         PHA
     94DE   20 63 97   JSR &9763
     94E1   B0 45      BCS &9528
     94E3   B9 1B 11   LDA &111B,Y
     94E6   49 FF      EOR #&FF
     94E8   2D C0 10   AND &10C0
     94EB   8D C0 10   STA &10C0
     94EE   B9 17 11   LDA &1117,Y
     94F1   29 60      AND #&60
     94F3   F0 33      BEQ &9528
     94F5   20 8E 94   JSR &948E
     94F8   B9 17 11   LDA &1117,Y
     94FB   29 20      AND #&20
     94FD   F0 26      BEQ &9525
     94FF   AE C3 10   LDX &10C3
     9502   B9 14 11   LDA &1114,Y
     9505   9D 0C 0F   STA &0F0C,X
     9508   B9 15 11   LDA &1115,Y
     950B   9D 0D 0F   STA &0F0D,X
     950E   B9 16 11   LDA &1116,Y
     9511   20 27 82   JSR &8227
     9514   5D 0E 0F   EOR &0F0E,X
     9517   29 30      AND #&30
     9519   5D 0E 0F   EOR &0F0E,X
     951C   9D 0E 0F   STA &0F0E,X
     951F   20 A5 A1   JSR &A1A5
     9522   AC C2 10   LDY &10C2
.closefile_buftodisk
     9525   20 52 98   JSR &9852
.closefile_exit
     9528   AE C5 10   LDX &10C5
     952B   68         PLA
     952C   60         RTS
.findvnot0_openfile
     952D   20 1E 84   JSR &841E
     9530   86 BA      STX &BA
     9532   84 BB      STY &BB
     9534   85 B4      STA &B4
     9536   24 B4      BIT &B4
     9538   08         PHP
     9539   20 51 81   JSR &8151
     953C   20 DE 92   JSR &92DE
     953F   20 7F 82   JSR &827F
     9542   B0 22      BCS &9566
     9544   A9 00      LDA #&00
     9546   28         PLP
     9547   50 01      BVC &954A
     9549   60         RTS
.findv_createfile
     954A   08         PHP
     954B   A2 07      LDX #&07
.findv_loop1
     954D   95 BC      STA &BC,X
     954F   9D 74 10   STA &1074,X
     9552   CA         DEX
     9553   10 F8      BPL &954D
     9555   C6 BE      DEC &BE
     9557   C6 BF      DEC &BF
     9559   CE 76 10   DEC &1076
     955C   CE 77 10   DEC &1077
     955F   A9 40      LDA #&40
     9561   85 C3      STA &C3
     9563   20 A5 8A   JSR &8AA5
.findv_filefound
     9566   28         PLP
     9567   08         PHP
     9568   70 03      BVS &956D
     956A   20 8C 93   JSR &938C
.findv_readorupdate
     956D   20 33 96   JSR &9633
     9570   90 0E      BCC &9580
.findv_loop2
     9572   B9 0C 11   LDA &110C,Y
     9575   10 20      BPL &9597
     9577   28         PLP
     9578   08         PHP
     9579   30 1C      BMI &9597
     957B   20 2E 96   JSR &962E
     957E   B0 F2      BCS &9572
.findv_openchannel
     9580   AC C2 10   LDY &10C2
     9583   D0 1B      BNE &95A0
.errTOOMANYFILESOPEN
     9585   20 60 80   JSR &8060
     9588   C0
     9589   54 6F 6F ...
     9596   00
.errFILEOPEN
     9597   20 60 80   JSR &8060
     959A   C2
     959B   4F 70 65 ...
     959F   00
.SetupChannelInfoBlock_Yintch
     95A0   A9 08      LDA #&08
     95A2   8D C4 10   STA &10C4
.chnlblock_loop1
     95A5   BD 08 0E   LDA &0E08,X
     95A8   99 00 11   STA &1100,Y
     95AB   C8         INY
     95AC   BD 08 0F   LDA &0F08,X
     95AF   99 00 11   STA &1100,Y
     95B2   C8         INY
     95B3   E8         INX
     95B4   CE C4 10   DEC &10C4
     95B7   D0 EC      BNE &95A5
     95B9   A2 10      LDX #&10
     95BB   A9 00      LDA #&00
.chnlblock_loop2
     95BD   99 00 11   STA &1100,Y
     95C0   C8         INY
     95C1   CA         DEX
     95C2   D0 F9      BNE &95BD
     95C4   AD C2 10   LDA &10C2
     95C7   A8         TAY
     95C8   20 20 82   JSR &8220
     95CB   69 11      ADC #&11
     95CD   99 13 11   STA &1113,Y
     95D0   AD C1 10   LDA &10C1
     95D3   99 1B 11   STA &111B,Y
     95D6   0D C0 10   ORA &10C0
     95D9   8D C0 10   STA &10C0
     95DC   B9 09 11   LDA &1109,Y
     95DF   69 FF      ADC #&FF
     95E1   B9 0B 11   LDA &110B,Y
     95E4   69 00      ADC #&00
     95E6   99 19 11   STA &1119,Y
     95E9   B9 0D 11   LDA &110D,Y
     95EC   09 0F      ORA #&0F
     95EE   69 00      ADC #&00
     95F0   20 19 82   JSR &8219
     95F3   99 1A 11   STA &111A,Y
     95F6   28         PLP
     95F7   50 2E      BVC &9627
     95F9   30 08      BMI &9603
     95FB   A9 80      LDA #&80
     95FD   19 0C 11   ORA &110C,Y
     9600   99 0C 11   STA &110C,Y
.chnlblock_setEXT
     9603   B9 09 11   LDA &1109,Y
     9606   99 14 11   STA &1114,Y
     9609   B9 0B 11   LDA &110B,Y
     960C   99 15 11   STA &1115,Y
     960F   B9 0D 11   LDA &110D,Y
     9612   20 19 82   JSR &8219
     9615   99 16 11   STA &1116,Y
.chnlblock_cont
     9618   A5 CD      LDA &CD
     961A   19 17 11   ORA &1117,Y
     961D   99 17 11   STA &1117,Y
     9620   98         TYA
     9621   20 20 82   JSR &8220
     9624   09 10      ORA #&10
     9626   60         RTS
.chnlblock_setBit5
     9627   A9 20      LDA #&20
     9629   99 17 11   STA &1117,Y
     962C   D0 EA      BNE &9618
.IsFileOpenContinue
     962E   8A         TXA
     962F   48         PHA
     9630   4C 72 96   JMP &9672
.IsFileOpen_Yoffset
     9633   A9 00      LDA #&00
     9635   8D C2 10   STA &10C2
     9638   A9 08      LDA #&08
     963A   85 B5      STA &B5
     963C   98         TYA
     963D   AA         TAX
     963E   A0 A0      LDY #&A0
.fop_main_loop
     9640   84 B3      STY &B3
     9642   8A         TXA
     9643   48         PHA
     9644   A9 08      LDA #&08
     9646   85 B2      STA &B2
     9648   A5 B5      LDA &B5
     964A   2C C0 10   BIT &10C0
     964D   F0 1D      BEQ &966C
     964F   B9 17 11   LDA &1117,Y
     9652   45 CD      EOR &CD
     9654   29 03      AND #&03
     9656   D0 1A      BNE &9672
.fop_cmpfn_loop
     9658   BD 08 0E   LDA &0E08,X
     965B   59 00 11   EOR &1100,Y
     965E   29 7F      AND #&7F
     9660   D0 10      BNE &9672
     9662   E8         INX
     9663   C8         INY
     9664   C8         INY
     9665   C6 B2      DEC &B2
     9667   D0 EF      BNE &9658
     9669   38         SEC
     966A   B0 10      BCS &967C
.fop_channelnotopen
     966C   8C C2 10   STY &10C2
     966F   8D C1 10   STA &10C1
.fop_nothisfile
     9672   38         SEC
     9673   A5 B3      LDA &B3
     9675   E9 20      SBC #&20
     9677   85 B3      STA &B3
     9679   06 B5      ASL &B5
     967B   18         CLC
.fop_matchifCset
     967C   68         PLA
     967D   AA         TAX
     967E   A4 B3      LDY &B3
     9680   A5 B5      LDA &B5
     9682   B0 02      BCS &9686
     9684   D0 BA      BNE &9640
.fop_exit
     9686   60         RTS
.ChannelBufferToDisk_Yhandle_A0
     9687   20 9E 96   JSR &969E
.ChannelBufferToDisk_Yhandle
     968A   AD C0 10   LDA &10C0
     968D   48         PHA
     968E   98         TYA
     968F   D0 05      BNE &9696
     9691   20 81 94   JSR &9481
     9694   F0 03      BEQ &9699
.chbuf1
     9696   20 D7 94   JSR &94D7
.chbuf2
     9699   68         PLA
     969A   8D C0 10   STA &10C0
     969D   60         RTS
.ReturnWithA0
     969E   48         PHA
     969F   8A         TXA
     96A0   48         PHA
     96A1   A9 00      LDA #&00
     96A3   BA         TSX
     96A4   9D 09 01   STA &0109,X
     96A7   68         PLA
     96A8   AA         TAX
     96A9   68         PLA
     96AA   60         RTS
.ARGSV_ENTRY
     96AB   20 F5 83   JSR &83F5
     96AE   C9 FF      CMP #&FF
     96B0   F0 D5      BEQ &9687
     96B2   C0 00      CPY #&00
     96B4   F0 12      BEQ &96C8
     96B6   C9 04      CMP #&04
     96B8   B0 27      BCS &96E1
     96BA   20 9E 96   JSR &969E
     96BD   C9 03      CMP #&03
     96BF   F0 47      BEQ &9708
     96C1   C9 01      CMP #&01
     96C3   D0 24      BNE &96E9
     96C5   4C 84 99   JMP &9984
.argsv_Y0
     96C8   C9 02      CMP #&02
     96CA   B0 15      BCS &96E1
     96CC   20 9E 96   JSR &969E
     96CF   F0 11      BEQ &96E2
     96D1   A9 FF      LDA #&FF
     96D3   95 02      STA &02,X
     96D5   95 03      STA &03,X
     96D7   AD D9 10   LDA &10D9
     96DA   95 00      STA &00,X
     96DC   AD DA 10   LDA &10DA
     96DF   95 01      STA &01,X
.argsv_exit
     96E1   60         RTS
.argsv_filesysnumber
     96E2   A9 04      LDA #&04
     96E4   BA         TSX
     96E5   9D 05 01   STA &0105,X
     96E8   60         RTS
.argsv_rdseqptr_or_filelen
     96E9   20 D8 97   JSR &97D8
     96EC   8C C2 10   STY &10C2
     96EF   0A         ASL A
     96F0   6D C2 10   ADC &10C2
     96F3   A8         TAY
     96F4   B9 10 11   LDA &1110,Y
     96F7   95 00      STA &00,X
     96F9   B9 11 11   LDA &1111,Y
     96FC   95 01      STA &01,X
     96FE   B9 12 11   LDA &1112,Y
     9701   95 02      STA &02,X
     9703   A9 00      LDA #&00
     9705   95 03      STA &03,X
     9707   60         RTS
.argsv3
     9708   20 D8 97   JSR &97D8
     970B   20 74 99   JSR &9974
     970E   B0 1E      BCS &972E
     9710   B9 10 11   LDA &1110,Y
     9713   48         PHA
     9714   B9 11 11   LDA &1111,Y
     9717   48         PHA
     9718   B9 12 11   LDA &1112,Y
     971B   48         PHA
     971C   20 8F 99   JSR &998F
     971F   68         PLA
     9720   99 12 11   STA &1112,Y
     9723   68         PLA
     9724   99 11 11   STA &1111,Y
     9727   68         PLA
     9728   99 10 11   STA &1110,Y
     972B   20 CD 99   JSR &99CD
.truncate
     972E   B9 0C 11   LDA &110C,Y
     9731   30 2A      BMI &975D
     9733   19 0E 11   ORA &110E,Y
     9736   30 28      BMI &9760
     9738   A9 20      LDA #&20
     973A   20 43 98   JSR &9843
     973D   B5 00      LDA &00,X
     973F   99 14 11   STA &1114,Y
     9742   B5 01      LDA &01,X
     9744   99 15 11   STA &1115,Y
     9747   B5 02      LDA &02,X
     9749   99 16 11   STA &1116,Y
     974C   8A         TXA
     974D   48         PHA
     974E   20 F6 99   JSR &99F6
     9751   68         PLA
     9752   AA         TAX
     9753   90 03      BCC &9758
     9755   20 BE 99   JSR &99BE
.dontchangeptr
     9758   A9 EF      LDA #&EF
     975A   4C 4A 98   JMP &984A
.filereadonly
     975D   4C A0 98   JMP &98A0
.filelocked
     9760   4C 91 93   JMP &9391
.IsHndlinUse_Yintch
     9763   48         PHA
     9764   8E C5 10   STX &10C5
     9767   98         TYA
     9768   29 E0      AND #&E0
     976A   8D C2 10   STA &10C2
     976D   F0 13      BEQ &9782
     976F   20 20 82   JSR &8220
     9772   A8         TAY
     9773   A9 00      LDA #&00
     9775   38         SEC
.hndlinsue_loop
     9776   6A         ROR A
     9777   88         DEY
     9778   D0 FC      BNE &9776
     977A   AC C2 10   LDY &10C2
     977D   2C C0 10   BIT &10C0
     9780   D0 01      BNE &9783
.hndlinuse_notused_C1
     9782   38         SEC
.hndlinuse_used_C0
     9783   68         PLA
     9784   60         RTS
.conv_Yhndl_intch_exYintch
     9785   48         PHA
     9786   98         TYA
.conv_hndl_X_entry
     9787   C9 10      CMP #&10
     9789   90 04      BCC &978F
     978B   C9 18      CMP #&18
     978D   90 02      BCC &9791
.conv_hndl10
     978F   A9 08      LDA #&08
.conv_hndl18
     9791   20 26 82   JSR &8226
     9794   A8         TAY
     9795   68         PLA
     9796   60         RTS
.ClearEXECSPOOLFileHandle
     9797   A9 C6      LDA #&C6
     9799   20 04 94   JSR &9404
     979C   8A         TXA
     979D   F0 09      BEQ &97A8
     979F   20 BB 97   JSR &97BB
     97A2   D0 04      BNE &97A8
     97A4   A9 C6      LDA #&C6
     97A6   D0 0C      BNE &97B4
.ClearSpoolhandle
     97A8   A9 C7      LDA #&C7
     97AA   20 04 94   JSR &9404
     97AD   20 BB 97   JSR &97BB
     97B0   D0 11      BNE &97C3
     97B2   A9 C7      LDA #&C7
.osbyte_X0Y0
     97B4   A2 00      LDX #&00
     97B6   A0 00      LDY #&00
     97B8   4C F4 FF   JMP &FFF4
.ConvertXhndl_exYintch
     97BB   8A         TXA
     97BC   A8         TAY
     97BD   20 85 97   JSR &9785
     97C0   CC C2 10   CPY &10C2
.clrsplhndl_exit
     97C3   60         RTS
.fscv1_EOF_Yhndl
     97C4   48         PHA
     97C5   98         TYA
     97C6   48         PHA
     97C7   8A         TXA
     97C8   A8         TAY
     97C9   20 F3 99   JSR &99F3
     97CC   D0 04      BNE &97D2
     97CE   A2 FF      LDX #&FF
     97D0   D0 02      BNE &97D4
.eof_NOTEND
     97D2   A2 00      LDX #&00
.eof_exit
     97D4   68         PLA
     97D5   A8         TAY
     97D6   68         PLA
.checkchannel_okexit
     97D7   60         RTS
.CheckChannel_Yhndl_exYintch
     97D8   20 85 97   JSR &9785
     97DB   20 63 97   JSR &9763
     97DE   90 F7      BCC &97D7
     97E0   20 97 97   JSR &9797
.errCHANNEL
     97E3   20 60 80   JSR &8060
     97E6   DE
     97E7   43 68 61 ...
     97EE   00
.errEOF
     97EF   20 60 80   JSR &8060
     97F2   DF
     97F3   45 4F 46 
     97F6   00
.BGETV_ENTRY
     97F7   20 1E 84   JSR &841E
     97FA   20 F3 99   JSR &99F3
     97FD   D0 13      BNE &9812
     97FF   B9 17 11   LDA &1117,Y
     9802   29 10      AND #&10
     9804   D0 E9      BNE &97EF
     9806   A9 10      LDA #&10
     9808   20 43 98   JSR &9843
     980B   AE C5 10   LDX &10C5
     980E   A9 FE      LDA #&FE
     9810   38         SEC
     9811   60         RTS
.bg_notEOF
     9812   B9 17 11   LDA &1117,Y
     9815   30 0A      BMI &9821
     9817   20 A9 94   JSR &94A9
     981A   20 52 98   JSR &9852
     981D   38         SEC
     981E   20 5A 98   JSR &985A
.bg_samesector1
     9821   20 0F 9A   JSR &9A0F
     9824   A1 BA      LDA (&BA,X)
     9826   18         CLC
     9827   60         RTS
.CalcBufferSectorForPTR
     9828   18         CLC
     9829   B9 0F 11   LDA &110F,Y
     982C   79 11 11   ADC &1111,Y
     982F   85 C3      STA &C3
     9831   99 1C 11   STA &111C,Y
     9834   B9 0D 11   LDA &110D,Y
     9837   29 03      AND #&03
     9839   79 12 11   ADC &1112,Y
     983C   85 C2      STA &C2
     983E   99 1D 11   STA &111D,Y
.ChannelFlags_SetBit7
     9841   A9 80      LDA #&80
.ChannelFlags_SetBits
     9843   19 17 11   ORA &1117,Y
     9846   D0 05      BNE &984D
.ChannelFlags_ClearBit7
     9848   A9 7F      LDA #&7F
.ChannelFlags_ClearBits
     984A   39 17 11   AND &1117,Y
.chnflg_save
     984D   99 17 11   STA &1117,Y
     9850   18         CLC
     9851   60         RTS
.ChannelBufferToDisk_Yintch
     9852   B9 17 11   LDA &1117,Y
     9855   29 40      AND #&40
     9857   F0 43      BEQ &989C
     9859   18         CLC
.ChannelBufferRW_Yintch_C1read
     985A   EE DD 10   INC &10DD
     985D   AC C2 10   LDY &10C2
     9860   B9 13 11   LDA &1113,Y
     9863   85 BD      STA &BD
     9865   A9 FF      LDA #&FF
     9867   8D 74 10   STA &1074
     986A   8D 75 10   STA &1075
     986D   A9 00      LDA #&00
     986F   85 BC      STA &BC
     9871   85 C0      STA &C0
     9873   A9 01      LDA #&01
     9875   85 C1      STA &C1
     9877   B0 17      BCS &9890
     9879   B9 1C 11   LDA &111C,Y
     987C   85 C3      STA &C3
     987E   B9 1D 11   LDA &111D,Y
     9881   85 C2      STA &C2
     9883   20 49 88   JSR &8849
     9886   AC C2 10   LDY &10C2
     9889   A9 BF      LDA #&BF
     988B   20 4A 98   JSR &984A
     988E   90 06      BCC &9896
.chnbuf_read
     9890   20 28 98   JSR &9828
     9893   20 3C 88   JSR &883C
.chnbuf_exit
     9896   CE DD 10   DEC &10DD
     9899   AC C2 10   LDY &10C2
.chnbuf_exit2
     989C   60         RTS
.errFILELOCKED2
     989D   4C 91 93   JMP &9391
.errFILEREADONLY
     98A0   20 60 80   JSR &8060
     98A3   C1
     98A4   52 65 61 ...
     98AD   00
.bput_Yintchan
     98AE   20 F5 83   JSR &83F5
     98B1   4C BA 98   JMP &98BA
.BPUTV_ENTRY
     98B4   20 F5 83   JSR &83F5
     98B7   20 D8 97   JSR &97D8
.bp_entry
     98BA   48         PHA
     98BB   B9 0C 11   LDA &110C,Y
     98BE   30 E0      BMI &98A0
     98C0   B9 0E 11   LDA &110E,Y
     98C3   30 D8      BMI &989D
     98C5   20 A9 94   JSR &94A9
     98C8   98         TYA
     98C9   18         CLC
     98CA   69 04      ADC #&04
     98CC   20 F7 99   JSR &99F7
     98CF   D0 66      BNE &9937
     98D1   20 91 94   JSR &9491
     98D4   AE C3 10   LDX &10C3
     98D7   38         SEC
     98D8   BD 07 0F   LDA &0F07,X
     98DB   FD 0F 0F   SBC &0F0F,X
     98DE   48         PHA
     98DF   BD 06 0F   LDA &0F06,X
     98E2   FD 0E 0F   SBC &0F0E,X
     98E5   29 03      AND #&03
     98E7   D9 1A 11   CMP &111A,Y
     98EA   D0 1F      BNE &990B
     98EC   68         PLA
     98ED   D9 19 11   CMP &1119,Y
     98F0   D0 34      BNE &9926
     98F2   84 B4      STY &B4
     98F4   8C C2 10   STY &10C2
     98F7   20 97 97   JSR &9797
.errCANTEXTEND
     98FA   20 60 80   JSR &8060
     98FD   BF
     98FE   43 61 6E ...
     990A   00
.bp_extendby100
     990B   B9 1A 11   LDA &111A,Y
     990E   18         CLC
     990F   69 01      ADC #&01
     9911   99 1A 11   STA &111A,Y
     9914   0A         ASL A
     9915   0A         ASL A
     9916   0A         ASL A
     9917   0A         ASL A
     9918   5D 0E 0F   EOR &0F0E,X
     991B   29 30      AND #&30
     991D   5D 0E 0F   EOR &0F0E,X
     9920   9D 0E 0F   STA &0F0E,X
     9923   68         PLA
     9924   A9 00      LDA #&00
.bp_extendtogap
     9926   9D 0D 0F   STA &0F0D,X
     9929   99 19 11   STA &1119,Y
     992C   A9 00      LDA #&00
     992E   9D 0C 0F   STA &0F0C,X
     9931   20 A5 A1   JSR &A1A5
     9934   AC C2 10   LDY &10C2
.bp_noextend
     9937   B9 17 11   LDA &1117,Y
     993A   30 16      BMI &9952
     993C   20 52 98   JSR &9852
     993F   B9 14 11   LDA &1114,Y
     9942   D0 0A      BNE &994E
     9944   20 F6 99   JSR &99F6
     9947   D0 05      BNE &994E
     9949   20 28 98   JSR &9828
     994C   D0 04      BNE &9952
.bp_loadbuf
     994E   38         SEC
     994F   20 5A 98   JSR &985A
.bp_savebyte
     9952   A9 40      LDA #&40
     9954   20 43 98   JSR &9843
     9957   20 0F 9A   JSR &9A0F
     995A   68         PLA
     995B   81 BA      STA (&BA,X)
     995D   20 F6 99   JSR &99F6
     9960   90 11      BCC &9973
.updext
     9962   A9 20      LDA #&20
     9964   20 43 98   JSR &9843
     9967   A2 02      LDX #&02
.bp_setextloop
     9969   B9 10 11   LDA &1110,Y
     996C   99 14 11   STA &1114,Y
     996F   C8         INY
     9970   CA         DEX
     9971   10 F6      BPL &9969
.bp_exit
     9973   60         RTS
.cmptoEXT
     9974   B9 14 11   LDA &1114,Y
     9977   D5 00      CMP &00,X
     9979   B9 15 11   LDA &1115,Y
     997C   F5 01      SBC &01,X
     997E   B9 16 11   LDA &1116,Y
     9981   F5 02      SBC &02,X
     9983   60         RTS
.argsv_WriteSeqPointer
     9984   20 F5 83   JSR &83F5
     9987   20 D8 97   JSR &97D8
.wsploop
     998A   20 74 99   JSR &9974
     998D   B0 2F      BCS &99BE
.argsextendloop
     998F   B9 14 11   LDA &1114,Y
     9992   99 10 11   STA &1110,Y
     9995   B9 15 11   LDA &1115,Y
     9998   99 11 11   STA &1111,Y
     999B   B9 16 11   LDA &1116,Y
     999E   99 12 11   STA &1112,Y
     99A1   20 CD 99   JSR &99CD
     99A4   A5 B6      LDA &B6
     99A6   48         PHA
     99A7   A5 B7      LDA &B7
     99A9   48         PHA
     99AA   A5 B8      LDA &B8
     99AC   48         PHA
     99AD   A9 00      LDA #&00
     99AF   20 AE 98   JSR &98AE
     99B2   68         PLA
     99B3   85 B8      STA &B8
     99B5   68         PLA
     99B6   85 B7      STA &B7
     99B8   68         PLA
     99B9   85 B6      STA &B6
     99BB   4C 8A 99   JMP &998A
.SetSeqPointer_Yintch
     99BE   B5 00      LDA &00,X
     99C0   99 10 11   STA &1110,Y
     99C3   B5 01      LDA &01,X
     99C5   99 11 11   STA &1111,Y
     99C8   B5 02      LDA &02,X
     99CA   99 12 11   STA &1112,Y
.IsSeqPointerInBuffer_Yintch
     99CD   A9 6F      LDA #&6F
     99CF   20 4A 98   JSR &984A
     99D2   B9 0F 11   LDA &110F,Y
     99D5   79 11 11   ADC &1111,Y
     99D8   8D C4 10   STA &10C4
     99DB   B9 0D 11   LDA &110D,Y
     99DE   29 03      AND #&03
     99E0   79 12 11   ADC &1112,Y
     99E3   D9 1D 11   CMP &111D,Y
     99E6   D0 8B      BNE &9973
     99E8   AD C4 10   LDA &10C4
     99EB   D9 1C 11   CMP &111C,Y
     99EE   D0 83      BNE &9973
     99F0   4C 41 98   JMP &9841
.CheckChannel_Yhndl_exYintch_TYA_CmpPTR
     99F3   20 D8 97   JSR &97D8
.TYA_CmpPTR
     99F6   98         TYA
.CmpPTR
     99F7   AA         TAX
     99F8   B9 12 11   LDA &1112,Y
     99FB   DD 16 11   CMP &1116,X
     99FE   D0 0E      BNE &9A0E
     9A00   B9 11 11   LDA &1111,Y
     9A03   DD 15 11   CMP &1115,X
     9A06   D0 06      BNE &9A0E
     9A08   B9 10 11   LDA &1110,Y
     9A0B   DD 14 11   CMP &1114,X
.cmpPE_exit
     9A0E   60         RTS
.load_then_incSeqPtr_Yintch
     9A0F   B9 10 11   LDA &1110,Y
     9A12   85 BA      STA &BA
     9A14   B9 13 11   LDA &1113,Y
     9A17   85 BB      STA &BB
     9A19   98         TYA
     9A1A   AA         TAX
     9A1B   FE 10 11   INC &1110,X
     9A1E   D0 0B      BNE &9A2B
     9A20   20 48 98   JSR &9848
     9A23   FE 11 11   INC &1111,X
     9A26   D0 03      BNE &9A2B
     9A28   FE 12 11   INC &1112,X
.samesector
     9A2B   A2 00      LDX #&00
     9A2D   60         RTS
.CMD_MMFS
     9A2E   98         TYA
     9A2F   A2 00      LDX #&00
     9A31   A0 14      LDY #&14
.Prthelp_Xtable
     9A33   48         PHA
     9A34   20 9D 80   JSR &809D
     9A37   0D
Macro SYSTEM_NAME:
     9A38   4D 4D 46 ...
End macro SYSTEM_NAME
     9A3D   20
     9A3E   86 BF      STX &BF
     9A40   84 B7      STY &B7
     9A42   A2 00      LDX #&00
.verloop
     9A44   BD 20 80   LDA &8020,X
     9A47   F0 06      BEQ &9A4F
     9A49   20 E0 80   JSR &80E0
     9A4C   E8         INX
     9A4D   D0 F5      BNE &9A44
.verex
     9A4F   A9 0D      LDA #&0D
     9A51   20 E0 80   JSR &80E0
.help_dfs_loop
     9A54   A9 00      LDA #&00
     9A56   85 B9      STA &B9
     9A58   A0 01      LDY #&01
     9A5A   20 0C 9B   JSR &9B0C
     9A5D   20 A7 9A   JSR &9AA7
     9A60   20 7C 83   JSR &837C
     9A63   C6 B7      DEC &B7
     9A65   D0 ED      BNE &9A54
     9A67   68         PLA
     9A68   A8         TAY
.morehelp
     9A69   A2 A3      LDX #&A3
     9A6B   4C 27 87   JMP &8727
.CMD_DUTILS
     9A6E   98         TYA
     9A6F   A2 B7      LDX #&B7
     9A71   A0 09      LDY #&09
     9A73   D0 BE      BNE &9A33
.CMD_UTILS
     9A75   98         TYA
     9A76   A2 76      LDX #&76
     9A78   A0 04      LDY #&04
     9A7A   D0 B7      BNE &9A33
.CMD_NOTHELPTBL
     9A7C   20 C2 81   JSR &81C2
     9A7F   F0 78      BEQ &9AF9
.cmd_nothelptlb_loop
     9A81   20 A7 81   JSR &81A7
     9A84   90 FB      BCC &9A81
     9A86   B0 E1      BCS &9A69
.Param_SyntaxErrorIfNull
     9A88   20 C2 81   JSR &81C2
     9A8B   F0 01      BEQ &9A8E
     9A8D   60         RTS
.errSYNTAX
     9A8E   20 70 80   JSR &8070
     9A91   DC
     9A92   53 79 6E ...
     9A9A   86 B9      STX &B9
     9A9C   20 A7 9A   JSR &9AA7
     9A9F   A9 00      LDA #&00
     9AA1   20 FA 9A   JSR &9AFA
     9AA4   4C 00 01   JMP &0100
.prtcmdAtBCadd1
     9AA7   A9 07      LDA #&07
     9AA9   85 B8      STA &B8
     9AAB   A6 BF      LDX &BF
     9AAD   E0 B7      CPX #&B7
     9AAF   90 05      BCC &9AB6
     9AB1   A9 44      LDA #&44
     9AB3   20 FA 9A   JSR &9AFA
.prtcmdloop
     9AB6   E8         INX
     9AB7   BD C9 85   LDA &85C9,X
     9ABA   30 06      BMI &9AC2
     9ABC   20 FA 9A   JSR &9AFA
     9ABF   4C B6 9A   JMP &9AB6
.prtcmdloop_exit
     9AC2   A4 B8      LDY &B8
     9AC4   30 03      BMI &9AC9
     9AC6   20 0C 9B   JSR &9B0C
.prtcmdnospcs
     9AC9   86 BF      STX &BF
     9ACB   BD C9 85   LDA &85C9,X
     9ACE   29 7F      AND #&7F
     9AD0   20 D6 9A   JSR &9AD6
     9AD3   20 21 82   JSR &8221
.prtcmdparam
     9AD6   20 F5 83   JSR &83F5
     9AD9   29 0F      AND #&0F
     9ADB   F0 1C      BEQ &9AF9
     9ADD   A8         TAY
     9ADE   A9 20      LDA #&20
     9AE0   20 FA 9A   JSR &9AFA
     9AE3   A2 FF      LDX #&FF
.prtcmdparam_findloop
     9AE5   E8         INX
     9AE6   BD 19 9B   LDA &9B19,X
     9AE9   10 FA      BPL &9AE5
     9AEB   88         DEY
     9AEC   D0 F7      BNE &9AE5
     9AEE   29 7F      AND #&7F
.prtcmdparam_loop
     9AF0   20 FA 9A   JSR &9AFA
     9AF3   E8         INX
     9AF4   BD 19 9B   LDA &9B19,X
     9AF7   10 F7      BPL &9AF0
.prtcmdparamexit
     9AF9   60         RTS
.prtcmd_prtchr
     9AFA   20 F5 83   JSR &83F5
     9AFD   A6 B9      LDX &B9
     9AFF   F0 06      BEQ &9B07
     9B01   E6 B9      INC &B9
     9B03   9D 00 01   STA &0100,X
     9B06   60         RTS
.prtcmdparam_prtchr
     9B07   C6 B8      DEC &B8
     9B09   4C E0 80   JMP &80E0
.prtcmd_Print_Y_Spaces_IfNotErr
     9B0C   A5 B9      LDA &B9
     9B0E   D0 08      BNE &9B18
     9B10   A9 20      LDA #&20
.prtcmd_yspc_loop
     9B12   20 FA 9A   JSR &9AFA
     9B15   88         DEY
     9B16   10 FA      BPL &9B12
.prtcmd_yspc_exit
     9B18   60         RTS
.parametertable
     9B19   BC
     9B1A   64 72 69 ...
     9B20   BC
     9B21   61 66 73 ...
     9B26   A8
     9B27   4C 29 
     9B29   A8
     9B2A   3C 64 72 ...
     9B32   A8
     9B33   3C 64 72 ...
     9B3E   A8
     9B3F   3C 64 69 ...
     9B45   BC
     9B46   64 6F 73 ...
     9B4F   BC
     9B50   66 73 70 ...
     9B54   A8
     9B55   3C 64 6F ...
     9B60   BC
     9B61   74 69 74 ...
     9B67   A8
     9B68   3C 6E 75 ...
     9B6E   BC
     9B6F   73 6F 75 ...
     9B7E   BC
     9B7F   6F 6C 64 ...
     9B91   BC
     9B92   66 69 6C ...
     9B99   B4
     9B9A   30 2F 38 ...
     9B9E   FF
.CMD_COMPACT
     9B9F   20 FE 8B   JSR &8BFE
     9BA2   20 9D 80   JSR &809D
     9BA5   43 6F 6D ...
     9BB1   8D D1 10   STA &10D1
     9BB4   8D D2 10   STA &10D2
     9BB7   20 04 81   JSR &8104
     9BBA   20 7C 83   JSR &837C
     9BBD   A0 00      LDY #&00
     9BBF   20 D7 94   JSR &94D7
     9BC2   20 C9 93   JSR &93C9
     9BC5   20 9E A1   JSR &A19E
     9BC8   AC 05 0F   LDY &0F05
     9BCB   84 CA      STY &CA
     9BCD   A9 02      LDA #&02
     9BCF   85 C8      STA &C8
     9BD1   A9 00      LDA #&00
     9BD3   85 C9      STA &C9
.compact_loop
     9BD5   A4 CA      LDY &CA
     9BD7   20 C4 82   JSR &82C4
     9BDA   C0 F8      CPY #&F8
     9BDC   D0 28      BNE &9C06
     9BDE   AD 07 0F   LDA &0F07
     9BE1   38         SEC
     9BE2   E5 C8      SBC &C8
     9BE4   48         PHA
     9BE5   AD 06 0F   LDA &0F06
     9BE8   29 03      AND #&03
     9BEA   E5 C9      SBC &C9
     9BEC   20 04 81   JSR &8104
     9BEF   68         PLA
     9BF0   20 FC 80   JSR &80FC
     9BF3   20 9D 80   JSR &809D
     9BF6   20 66 72 ...
     9C03   0D
     9C04   EA         NOP
     9C05   60         RTS
.compact_checkfile
     9C06   84 CA      STY &CA
     9C08   20 46 83   JSR &8346
     9C0B   A4 CA      LDY &CA
     9C0D   B9 0C 0F   LDA &0F0C,Y
     9C10   C9 01      CMP #&01
     9C12   A9 00      LDA #&00
     9C14   85 BC      STA &BC
     9C16   85 C0      STA &C0
     9C18   79 0D 0F   ADC &0F0D,Y
     9C1B   85 C4      STA &C4
     9C1D   B9 0E 0F   LDA &0F0E,Y
     9C20   08         PHP
     9C21   20 19 82   JSR &8219
     9C24   28         PLP
     9C25   69 00      ADC #&00
     9C27   85 C5      STA &C5
     9C29   B9 0F 0F   LDA &0F0F,Y
     9C2C   85 C6      STA &C6
     9C2E   B9 0E 0F   LDA &0F0E,Y
     9C31   29 03      AND #&03
     9C33   85 C7      STA &C7
     9C35   C5 C9      CMP &C9
     9C37   D0 14      BNE &9C4D
     9C39   A5 C6      LDA &C6
     9C3B   C5 C8      CMP &C8
     9C3D   D0 0E      BNE &9C4D
     9C3F   18         CLC
     9C40   65 C4      ADC &C4
     9C42   85 C8      STA &C8
     9C44   A5 C9      LDA &C9
     9C46   65 C5      ADC &C5
     9C48   85 C9      STA &C9
     9C4A   4C 65 9C   JMP &9C65
.compact_movefile
     9C4D   A5 C8      LDA &C8
     9C4F   99 0F 0F   STA &0F0F,Y
     9C52   B9 0E 0F   LDA &0F0E,Y
     9C55   29 FC      AND #&FC
     9C57   05 C9      ORA &C9
     9C59   99 0E 0F   STA &0F0E,Y
     9C5C   20 A5 A1   JSR &A1A5
     9C5F   20 EC 9D   JSR &9DEC
     9C62   20 93 A1   JSR &A193
.compact_fileinfo
     9C65   A4 CA      LDY &CA
     9C67   20 4B 83   JSR &834B
     9C6A   4C D5 9B   JMP &9BD5
.IsEnabledOrGo
     9C6D   2C C7 10   BIT &10C7
     9C70   10 07      BPL &9C79
     9C72   20 C4 9C   JSR &9CC4
     9C75   F0 02      BEQ &9C79
     9C77   68         PLA
     9C78   68         PLA
.isgo
.isgoalready
     9C79   60         RTS
.Get_CopyDATA_Drives
     9C7A   20 03 8C   JSR &8C03
     9C7D   8D D1 10   STA &10D1
     9C80   20 03 8C   JSR &8C03
     9C83   8D D2 10   STA &10D2
     9C86   CD D1 10   CMP &10D1
     9C89   F0 2E      BEQ &9CB9
     9C8B   98         TYA
     9C8C   48         PHA
     9C8D   20 C9 93   JSR &93C9
     9C90   20 9D 80   JSR &809D
     9C93   43 6F 70 ...
     9CA1   AD D1 10   LDA &10D1
     9CA4   20 9A 80   JSR &809A
     9CA7   20 74 6F ...
     9CAC   AD D2 10   LDA &10D2
     9CAF   20 04 81   JSR &8104
     9CB2   20 7C 83   JSR &837C
     9CB5   68         PLA
     9CB6   A8         TAY
     9CB7   18         CLC
     9CB8   60         RTS
.baddrv
     9CB9   4C 16 8C   JMP &8C16
.ConfirmYNcolon
     9CBC   20 9D 80   JSR &809D
     9CBF   20 3A 20 
     9CC2   90 0F      BCC &9CD3
.GoYN
     9CC4   20 9D 80   JSR &809D
     9CC7   47 6F 20 ...
     9CD2   EA         NOP
.ConfirmYN
     9CD3   20 EC 9C   JSR &9CEC
     9CD6   20 E0 FF   JSR &FFE0
     9CD9   B0 1D      BCS &9CF8
     9CDB   29 5F      AND #&5F
     9CDD   C9 59      CMP #&59
     9CDF   08         PHP
     9CE0   F0 02      BEQ &9CE4
     9CE2   A9 4E      LDA #&4E
.confYN
     9CE4   20 E0 80   JSR &80E0
     9CE7   20 7C 83   JSR &837C
     9CEA   28         PLP
     9CEB   60         RTS
.osbyte0F_flushinbuf2
     9CEC   20 F5 83   JSR &83F5
     9CEF   A9 0F      LDA #&0F
     9CF1   A2 01      LDX #&01
     9CF3   A0 00      LDY #&00
     9CF5   4C F4 FF   JMP &FFF4
.err_ESCAPE
     9CF8   4C 98 8C   JMP &8C98
.err_DISKFULL2
     9CFB   4C 9C 8A   JMP &8A9C
.CMD_BACKUP
     9CFE   20 7A 9C   JSR &9C7A
     9D01   20 6D 9C   JSR &9C6D
     9D04   A9 00      LDA #&00
     9D06   85 C7      STA &C7
     9D08   85 C9      STA &C9
     9D0A   85 C8      STA &C8
     9D0C   85 C6      STA &C6
     9D0E   AD D1 10   LDA &10D1
     9D11   85 CD      STA &CD
     9D13   20 A1 A1   JSR &A1A1
     9D16   AD 07 0F   LDA &0F07
     9D19   85 C4      STA &C4
     9D1B   AD 06 0F   LDA &0F06
     9D1E   29 03      AND #&03
     9D20   85 C5      STA &C5
     9D22   AD D2 10   LDA &10D2
     9D25   85 CD      STA &CD
     9D27   20 A1 A1   JSR &A1A1
     9D2A   AD 06 0F   LDA &0F06
     9D2D   29 03      AND #&03
     9D2F   C5 C5      CMP &C5
     9D31   90 C8      BCC &9CFB
     9D33   D0 07      BNE &9D3C
     9D35   AD 07 0F   LDA &0F07
     9D38   C5 C4      CMP &C4
     9D3A   90 BF      BCC &9CFB
.backup_copy
     9D3C   20 EC 9D   JSR &9DEC
     9D3F   20 A1 A1   JSR &A1A1
     9D42   A2 0A      LDX #&0A
.tloop
     9D44   E0 08      CPX #&08
     9D46   90 05      BCC &9D4D
     9D48   BD F8 0E   LDA &0EF8,X
     9D4B   B0 03      BCS &9D50
.tskip1
     9D4D   BD 00 0E   LDA &0E00,X
.tskip2
     9D50   9D 00 10   STA &1000,X
     9D53   CA         DEX
     9D54   10 EE      BPL &9D44
     9D56   60         RTS
.CMD_COPY
     9D57   20 E7 92   JSR &92E7
     9D5A   20 7A 9C   JSR &9C7A
     9D5D   20 88 9A   JSR &9A88
     9D60   20 4B 81   JSR &814B
     9D63   AD D1 10   LDA &10D1
     9D66   85 CD      STA &CD
     9D68   20 3A 82   JSR &823A
.copy_loop1
     9D6B   A5 CC      LDA &CC
     9D6D   48         PHA
     9D6E   A5 B6      LDA &B6
     9D70   48         PHA
     9D71   20 4B 83   JSR &834B
     9D74   A2 00      LDX #&00
.copy_loop2
     9D76   B9 08 0E   LDA &0E08,Y
     9D79   95 C5      STA &C5,X
     9D7B   9D 50 10   STA &1050,X
     9D7E   B9 08 0F   LDA &0F08,Y
     9D81   95 BB      STA &BB,X
     9D83   9D 47 10   STA &1047,X
     9D86   E8         INX
     9D87   C8         INY
     9D88   E0 08      CPX #&08
     9D8A   D0 EA      BNE &9D76
     9D8C   20 DC 9D   JSR &9DDC
     9D8F   AD D2 10   LDA &10D2
     9D92   20 DF 8A   JSR &8ADF
     9D95   A5 C2      LDA &C2
     9D97   29 03      AND #&03
     9D99   48         PHA
     9D9A   A5 C3      LDA &C3
     9D9C   48         PHA
     9D9D   20 DC 9D   JSR &9DDC
     9DA0   68         PLA
     9DA1   85 C8      STA &C8
     9DA3   68         PLA
     9DA4   85 C9      STA &C9
     9DA6   A5 C1      LDA &C1
     9DA8   20 19 82   JSR &8219
     9DAB   AA         TAX
     9DAC   A5 BF      LDA &BF
     9DAE   C9 01      CMP #&01
     9DB0   A5 C0      LDA &C0
     9DB2   69 00      ADC #&00
     9DB4   85 C4      STA &C4
     9DB6   8A         TXA
     9DB7   69 00      ADC #&00
     9DB9   85 C5      STA &C5
     9DBB   A5 C2      LDA &C2
     9DBD   85 C6      STA &C6
     9DBF   A5 C1      LDA &C1
     9DC1   29 03      AND #&03
     9DC3   85 C7      STA &C7
     9DC5   20 EC 9D   JSR &9DEC
     9DC8   AD D1 10   LDA &10D1
     9DCB   85 CD      STA &CD
     9DCD   20 9E A1   JSR &A19E
     9DD0   68         PLA
     9DD1   85 B6      STA &B6
     9DD3   68         PLA
     9DD4   85 CC      STA &CC
     9DD6   20 86 82   JSR &8286
     9DD9   B0 90      BCS &9D6B
     9DDB   60         RTS
.cd_swapvars
     9DDC   A2 11      LDX #&11
.cd_swapvars_loop
     9DDE   BC 45 10   LDY &1045,X
     9DE1   B5 BA      LDA &BA,X
     9DE3   94 BA      STY &BA,X
     9DE5   9D 45 10   STA &1045,X
     9DE8   CA         DEX
     9DE9   10 F3      BPL &9DDE
     9DEB   60         RTS
.CopyDATABLOCK
     9DEC   A9 00      LDA #&00
     9DEE   85 BC      STA &BC
     9DF0   85 C0      STA &C0
     9DF2   AD CF 10   LDA &10CF
     9DF5   85 BD      STA &BD
     9DF7   F0 57      BEQ &9E50
.cd_loop
     9DF9   A4 C4      LDY &C4
     9DFB   CC D0 10   CPY &10D0
     9DFE   A5 C5      LDA &C5
     9E00   E9 00      SBC #&00
     9E02   90 03      BCC &9E07
     9E04   AC D0 10   LDY &10D0
.cd_part
     9E07   84 C1      STY &C1
     9E09   A5 C6      LDA &C6
     9E0B   85 C3      STA &C3
     9E0D   A5 C7      LDA &C7
     9E0F   85 C2      STA &C2
     9E11   AD D1 10   LDA &10D1
     9E14   85 CD      STA &CD
     9E16   20 CE 8B   JSR &8BCE
     9E19   20 3C 88   JSR &883C
     9E1C   AD D2 10   LDA &10D2
     9E1F   85 CD      STA &CD
     9E21   A5 C8      LDA &C8
     9E23   85 C3      STA &C3
     9E25   A5 C9      LDA &C9
     9E27   85 C2      STA &C2
     9E29   20 CE 8B   JSR &8BCE
     9E2C   20 49 88   JSR &8849
     9E2F   A5 C1      LDA &C1
     9E31   18         CLC
     9E32   65 C8      ADC &C8
     9E34   85 C8      STA &C8
     9E36   90 02      BCC &9E3A
     9E38   E6 C9      INC &C9
.cd_inc1
     9E3A   A5 C1      LDA &C1
     9E3C   18         CLC
     9E3D   65 C6      ADC &C6
     9E3F   85 C6      STA &C6
     9E41   90 02      BCC &9E45
     9E43   E6 C7      INC &C7
.cd_inc2
     9E45   38         SEC
     9E46   A5 C4      LDA &C4
     9E48   E5 C1      SBC &C1
     9E4A   85 C4      STA &C4
     9E4C   B0 02      BCS &9E50
     9E4E   C6 C5      DEC &C5
.cd_loopentry
     9E50   A5 C4      LDA &C4
     9E52   05 C5      ORA &C5
     9E54   D0 A3      BNE &9DF9
     9E56   60         RTS
.CMD_VERIFY
     9E57   A9 00      LDA #&00
     9E59   F0 02      BEQ &9E5D
.CMD_FORM
     9E5B   A9 FF      LDA #&FF
.vform1
     9E5D   85 C9      STA &C9
     9E5F   85 B2      STA &B2
     9E61   10 15      BPL &9E78
     9E63   20 88 9A   JSR &9A88
     9E66   20 3E 84   JSR &843E
     9E69   B0 0A      BCS &9E75
     9E6B   86 B5      STX &B5
     9E6D   E0 28      CPX #&28
     9E6F   F0 07      BEQ &9E78
     9E71   E0 50      CPX #&50
     9E73   F0 03      BEQ &9E78
.vform2_syntax
     9E75   4C 8E 9A   JMP &9A8E
.vform3_ok
     9E78   20 C2 81   JSR &81C2
     9E7B   84 CA      STY &CA
     9E7D   D0 49      BNE &9EC8
     9E7F   24 C9      BIT &C9
     9E81   30 0B      BMI &9E8E
     9E83   20 9D 80   JSR &809D
     9E86   56 65 72 ...
     9E8C   90 0A      BCC &9E98
.vform4_form
     9E8E   20 9D 80   JSR &809D
     9E91   46 6F 72 ...
     9E97   EA         NOP
.vform4_askdrive
     9E98   20 9D 80   JSR &809D
     9E9B   20 77 68 ...
     9EAA   EA         NOP
     9EAB   20 E0 FF   JSR &FFE0
     9EAE   B0 31      BCS &9EE1
     9EB0   C9 20      CMP #&20
     9EB2   90 30      BCC &9EE4
     9EB4   20 E0 80   JSR &80E0
     9EB7   38         SEC
     9EB8   E9 30      SBC #&30
     9EBA   C9 04      CMP #&04
     9EBC   B0 26      BCS &9EE4
     9EBE   85 CD      STA &CD
     9EC0   20 7C 83   JSR &837C
     9EC3   A4 CA      LDY &CA
     9EC5   4C CB 9E   JMP &9ECB
.vform5_driveloop
     9EC8   20 06 8C   JSR &8C06
.vform6_drivein
     9ECB   84 CA      STY &CA
     9ECD   24 B2      BIT &B2
     9ECF   10 05      BPL &9ED6
     9ED1   46 B2      LSR &B2
     9ED3   20 6D 9C   JSR &9C6D
.vform7_go
     9ED6   20 E7 9E   JSR &9EE7
     9ED9   A4 CA      LDY &CA
     9EDB   20 C2 81   JSR &81C2
     9EDE   D0 E8      BNE &9EC8
     9EE0   60         RTS
.jmp_reportEscape
     9EE1   4C 98 8C   JMP &8C98
.jmp_errBadDrive
     9EE4   4C 16 8C   JMP &8C16
.VFCurDrv
     9EE7   24 C9      BIT &C9
     9EE9   30 0E      BMI &9EF9
     9EEB   20 9D 80   JSR &809D
     9EEE   56 65 72 ...
     9EF7   90 12      BCC &9F0B
.vf1
     9EF9   20 9D 80   JSR &809D
     9EFC   46 6F 72 ...
     9F06   A6 CD      LDX &CD
     9F08   8E B0 10   STX &10B0
.vf2
     9F0B   20 9D 80   JSR &809D
     9F0E   20 64 72 ...
     9F15   A5 CD      LDA &CD
     9F17   20 9A 80   JSR &809A
     9F1A   20 74 72 ...
     9F23   EA         NOP
     9F24   A9 63      LDA #&63
     9F26   A2 05      LDX #&05
     9F28   24 C9      BIT &C9
     9F2A   30 2D      BMI &9F59
     9F2C   20 A1 A1   JSR &A1A1
     9F2F   AD 06 0F   LDA &0F06
     9F32   29 03      AND #&03
     9F34   AA         TAX
     9F35   AD 07 0F   LDA &0F07
     9F38   A0 0A      LDY #&0A
     9F3A   84 B0      STY &B0
     9F3C   A0 FF      LDY #&FF
.trkloop1
     9F3E   38         SEC
.trkloop2
     9F3F   C8         INY
     9F40   E5 B0      SBC &B0
     9F42   B0 FB      BCS &9F3F
     9F44   CA         DEX
     9F45   10 F7      BPL &9F3E
     9F47   65 B0      ADC &B0
     9F49   48         PHA
     9F4A   98         TYA
     9F4B   AA         TAX
     9F4C   68         PLA
     9F4D   F0 01      BEQ &9F50
     9F4F   E8         INX
.trkex
     9F50   8A         TXA
     9F51   F0 41      BEQ &9F94
     9F53   85 B5      STA &B5
     9F55   A9 5F      LDA #&5F
     9F57   A2 03      LDX #&03
.vf4
     9F59   8D B6 10   STA &10B6
     9F5C   8E B5 10   STX &10B5
     9F5F   A9 00      LDA #&00
     9F61   85 B4      STA &B4
.vf5_trackloop
     9F63   A9 08      LDA #&08
     9F65   20 E0 80   JSR &80E0
     9F68   20 E0 80   JSR &80E0
     9F6B   A5 B4      LDA &B4
     9F6D   8D B7 10   STA &10B7
     9F70   20 FC 80   JSR &80FC
     9F73   20 D8 A1   JSR &A1D8
     9F76   F0 0A      BEQ &9F82
     9F78   48         PHA
     9F79   A9 3F      LDA #&3F
     9F7B   20 E0 80   JSR &80E0
     9F7E   68         PLA
     9F7F   4C F9 A1   JMP &A1F9
.vfx1
     9F82   E6 B4      INC &B4
     9F84   A5 B4      LDA &B4
     9F86   C5 B5      CMP &B5
     9F88   D0 D9      BNE &9F63
     9F8A   24 C9      BIT &C9
     9F8C   10 06      BPL &9F94
     9F8E   20 97 9F   JSR &9F97
     9F91   20 A5 A1   JSR &A1A5
.vf6_exit
     9F94   4C 7C 83   JMP &837C
.ClearCatalogue
     9F97   A0 00      LDY #&00
     9F99   98         TYA
.ccatloop
     9F9A   99 00 0E   STA &0E00,Y
     9F9D   99 00 0F   STA &0F00,Y
     9FA0   C8         INY
     9FA1   D0 F7      BNE &9F9A
     9FA3   A4 B5      LDY &B5
.loop2
     9FA5   A9 0A      LDA #&0A
     9FA7   18         CLC
     9FA8   6D 07 0F   ADC &0F07
     9FAB   8D 07 0F   STA &0F07
     9FAE   90 03      BCC &9FB3
     9FB0   EE 06 0F   INC &0F06
.label3
     9FB3   88         DEY
     9FB4   D0 EF      BNE &9FA5
     9FB6   60         RTS
.CMD_FREE
     9FB7   38         SEC
     9FB8   B0 01      BCS &9FBB
.CMD_MAP
     9FBA   18         CLC
.Label_A7F7
     9FBB   66 C6      ROR &C6
     9FBD   20 FE 8B   JSR &8BFE
     9FC0   20 9E A1   JSR &A19E
     9FC3   24 C6      BIT &C6
     9FC5   30 15      BMI &9FDC
     9FC7   20 BD 80   JSR &80BD
     9FCA   41 64 64 ...
     9FDB   0D
.Label_A818_free
     9FDC   AD 06 0F   LDA &0F06
     9FDF   29 03      AND #&03
     9FE1   85 C5      STA &C5
     9FE3   85 C2      STA &C2
     9FE5   AD 07 0F   LDA &0F07
     9FE8   85 C4      STA &C4
     9FEA   38         SEC
     9FEB   E9 02      SBC #&02
     9FED   85 C1      STA &C1
     9FEF   B0 02      BCS &9FF3
     9FF1   C6 C2      DEC &C2
.Label_A82F
     9FF3   A9 02      LDA #&02
     9FF5   85 BB      STA &BB
     9FF7   A9 00      LDA #&00
     9FF9   85 BC      STA &BC
     9FFB   85 BF      STA &BF
     9FFD   85 C0      STA &C0
     9FFF   AD 05 0F   LDA &0F05
     A002   29 F8      AND #&F8
     A004   A8         TAY
     A005   F0 26      BEQ &A02D
     A007   D0 11      BNE &A01A
.Label_A845_fileloop
     A009   20 9C A0   JSR &A09C
     A00C   20 C4 82   JSR &82C4
     A00F   A5 C4      LDA &C4
     A011   38         SEC
     A012   E5 BB      SBC &BB
     A014   A5 C5      LDA &C5
     A016   E5 BC      SBC &BC
     A018   90 13      BCC &A02D
.Label_A856_fileloop_entry
     A01A   B9 07 0F   LDA &0F07,Y
     A01D   38         SEC
     A01E   E5 BB      SBC &BB
     A020   85 C1      STA &C1
     A022   B9 06 0F   LDA &0F06,Y
     A025   29 03      AND #&03
     A027   E5 BC      SBC &BC
     A029   85 C2      STA &C2
     A02B   90 DC      BCC &A009
.Label_A86B_nofiles
     A02D   84 BD      STY &BD
     A02F   24 C6      BIT &C6
     A031   30 2B      BMI &A05E
     A033   A5 C1      LDA &C1
     A035   05 C2      ORA &C2
     A037   F0 25      BEQ &A05E
     A039   A5 BC      LDA &BC
     A03B   20 14 81   JSR &8114
     A03E   A5 BB      LDA &BB
     A040   20 0C 81   JSR &810C
     A043   20 BD 80   JSR &80BD
     A046   20 20 20 ...
     A04E   A5 C2      LDA &C2
     A050   20 14 81   JSR &8114
     A053   A5 C1      LDA &C1
     A055   20 0C 81   JSR &810C
     A058   20 E7 FF   JSR &FFE7
     A05B   20 9C A0   JSR &A09C
.Label_A87A_free
     A05E   A5 C1      LDA &C1
     A060   18         CLC
     A061   65 BF      ADC &BF
     A063   85 BF      STA &BF
     A065   A5 C2      LDA &C2
     A067   65 C0      ADC &C0
     A069   85 C0      STA &C0
     A06B   A4 BD      LDY &BD
     A06D   D0 9A      BNE &A009
     A06F   24 C6      BIT &C6
     A071   10 28      BPL &A09B
     A073   A8         TAY
     A074   A6 BF      LDX &BF
     A076   A9 F8      LDA #&F8
     A078   38         SEC
     A079   ED 05 0F   SBC &0F05
     A07C   20 C6 A0   JSR &A0C6
     A07F   46 72 65 ...
     A083   0D
     A084   A5 C4      LDA &C4
     A086   38         SEC
     A087   E5 BF      SBC &BF
     A089   AA         TAX
     A08A   A5 C5      LDA &C5
     A08C   E5 C0      SBC &C0
     A08E   A8         TAY
     A08F   AD 05 0F   LDA &0F05
     A092   20 C6 A0   JSR &A0C6
     A095   55 73 65 ...
     A099   0D
     A09A   EA         NOP
.Label_A8BD_rst
     A09B   60         RTS
.Sub_A8E2_nextblock
     A09C   B9 06 0F   LDA &0F06,Y
     A09F   48         PHA
     A0A0   20 19 82   JSR &8219
     A0A3   85 BC      STA &BC
     A0A5   68         PLA
     A0A6   29 03      AND #&03
     A0A8   18         CLC
     A0A9   65 BC      ADC &BC
     A0AB   85 BC      STA &BC
     A0AD   B9 04 0F   LDA &0F04,Y
     A0B0   C9 01      CMP #&01
     A0B2   A9 00      LDA #&00
     A0B4   79 05 0F   ADC &0F05,Y
     A0B7   90 02      BCC &A0BB
     A0B9   E6 BC      INC &BC
.Label_A902
     A0BB   18         CLC
     A0BC   79 07 0F   ADC &0F07,Y
     A0BF   85 BB      STA &BB
     A0C1   90 02      BCC &A0C5
     A0C3   E6 BC      INC &BC
.Label_A90C
     A0C5   60         RTS
.Sub_A90D_freeinfo
     A0C6   4A         LSR A
     A0C7   4A         LSR A
     A0C8   4A         LSR A
     A0C9   20 09 81   JSR &8109
     A0CC   20 BD 80   JSR &80BD
     A0CF   20 46 69 ...
     A0D6   86 BC      STX &BC
     A0D8   84 BD      STY &BD
     A0DA   98         TYA
     A0DB   20 14 81   JSR &8114
     A0DE   8A         TXA
     A0DF   20 0C 81   JSR &810C
     A0E2   20 BD 80   JSR &80BD
     A0E5   20 53 65 ...
     A0EE   A9 00      LDA #&00
     A0F0   85 BB      STA &BB
     A0F2   85 BE      STA &BE
     A0F4   A2 1F      LDX #&1F
     A0F6   86 C1      STX &C1
     A0F8   A2 09      LDX #&09
.Label_A941_loop1
     A0FA   9D 00 10   STA &1000,X
     A0FD   CA         DEX
     A0FE   10 FA      BPL &A0FA
.Label_A947_loop2
     A100   06 BB      ASL &BB
     A102   26 BC      ROL &BC
     A104   26 BD      ROL &BD
     A106   26 BE      ROL &BE
     A108   A2 00      LDX #&00
     A10A   A0 09      LDY #&09
.Label_A953_loop3
     A10C   BD 00 10   LDA &1000,X
     A10F   2A         ROL A
     A110   C9 0A      CMP #&0A
     A112   90 02      BCC &A116
     A114   E9 0A      SBC #&0A
.Label_A95D
     A116   9D 00 10   STA &1000,X
     A119   E8         INX
     A11A   88         DEY
     A11B   10 EF      BPL &A10C
     A11D   C6 C1      DEC &C1
     A11F   10 DF      BPL &A100
     A121   A0 20      LDY #&20
     A123   A2 05      LDX #&05
.Label_A96C_loop4
     A125   D0 02      BNE &A129
     A127   A0 2C      LDY #&2C
.Label_A970
     A129   BD 00 10   LDA &1000,X
     A12C   D0 07      BNE &A135
     A12E   C0 2C      CPY #&2C
     A130   F0 03      BEQ &A135
     A132   98         TYA
     A133   D0 04      BNE &A139
.Label_A97D
     A135   A0 2C      LDY #&2C
     A137   09 30      ORA #&30
.Label_A982
     A139   20 EE FF   JSR &FFEE
     A13C   E0 03      CPX #&03
     A13E   D0 04      BNE &A144
     A140   98         TYA
     A141   20 EE FF   JSR &FFEE
.Label_A98D
     A144   CA         DEX
     A145   10 DE      BPL &A125
     A147   20 BD 80   JSR &80BD
     A14A   20 42 79 ...
     A151   EA         NOP
     A152   4C BD 80   JMP &80BD
.CalculateCRC7
     A155   A0 0F      LDY #&0F
     A157   A9 00      LDA #&00
.c7loop1
     A159   59 E0 10   EOR &10E0,Y
     A15C   0A         ASL A
     A15D   A2 07      LDX #&07
.c7loop2
     A15F   90 02      BCC &A163
     A161   49 12      EOR #&12
.c7b7z1
     A163   0A         ASL A
     A164   CA         DEX
     A165   D0 F8      BNE &A15F
     A167   90 02      BCC &A16B
     A169   49 12      EOR #&12
.c7b7z2
     A16B   88         DEY
     A16C   10 EB      BPL &A159
     A16E   09 01      ORA #&01
     A170   60         RTS
.CheckCRC7
     A171   20 F5 83   JSR &83F5
     A174   20 55 A1   JSR &A155
     A177   CD F0 10   CMP &10F0
     A17A   D0 01      BNE &A17D
     A17C   60         RTS
.errBadSum
     A17D   20 56 80   JSR &8056
     A180   FF
     A181   53 75 6D 
     A184   00
.ResetCRC7
     A185   20 F5 83   JSR &83F5
     A188   20 55 A1   JSR &A155
     A18B   8D F0 10   STA &10F0
     A18E   18         CLC
     A18F   60         RTS
.Set_CurDirDrv_ToDefaults_CheckCurDrvCat
     A190   20 F1 8B   JSR &8BF1
.CheckCurDrvCat
     A193   AD 82 10   LDA &1082
     A196   C5 CD      CMP &CD
     A198   D0 07      BNE &A1A1
     A19A   60         RTS
.Set_CurDirDrv_ToDefaults_and_load
     A19B   20 F1 8B   JSR &8BF1
.LoadCurDrvCat2
     A19E   20 F5 83   JSR &83F5
.LoadCurDrvCat
     A1A1   A9 53      LDA #&53
     A1A3   D0 0D      BNE &A1B2
.SaveCatToDisk
     A1A5   AD 04 0F   LDA &0F04
     A1A8   18         CLC
     A1A9   F8         SED
     A1AA   69 01      ADC #&01
     A1AC   8D 04 0F   STA &0F04
     A1AF   D8         CLD
     A1B0   A9 4B      LDA #&4B
.exec_cat_rw
     A1B2   48         PHA
     A1B3   A5 CD      LDA &CD
     A1B5   A2 00      LDX #&00
.loop
     A1B7   9D B0 10   STA &10B0,X
     A1BA   BD CF A1   LDA &A1CF,X
     A1BD   E8         INX
     A1BE   E0 0A      CPX #&0A
     A1C0   D0 F5      BNE &A1B7
     A1C2   68         PLA
     A1C3   8D B6 10   STA &10B6
     A1C6   20 F6 A1   JSR &A1F6
     A1C9   A5 CD      LDA &CD
     A1CB   8D 82 10   STA &1082
     A1CE   60         RTS
.datax
     A1CF   00
     A1D0   0E
     A1D1   FF
     A1D2   FF
     A1D3   03
     A1D4   53
     A1D5   00
     A1D6   00
     A1D7   22
.OW7F_Execute
     A1D8   A5 B0      LDA &B0
     A1DA   48         PHA
     A1DB   A5 B1      LDA &B1
     A1DD   48         PHA
     A1DE   A9 B0      LDA #&B0
     A1E0   85 B0      STA &B0
     A1E2   A9 10      LDA #&10
     A1E4   85 B1      STA &B1
     A1E6   20 07 B1   JSR &B107
     A1E9   68         PLA
     A1EA   85 B1      STA &B1
     A1EC   68         PLA
     A1ED   85 B0      STA &B0
     A1EF   AE B5 10   LDX &10B5
     A1F2   BD B7 10   LDA &10B7,X
     A1F5   60         RTS
.OW7F_Execute_and_ReportIfDiskFault
     A1F6   20 D8 A1   JSR &A1D8
.ReportIfDiskFault
     A1F9   D0 01      BNE &A1FC
     A1FB   60         RTS
.l0
     A1FC   C9 10      CMP #&10
     A1FE   D0 10      BNE &A210
     A200   20 60 80   JSR &8060
     A203   C7
     A204   44 72 69 ...
     A20F   00
.l1
     A210   C9 12      CMP #&12
     A212   D0 0E      BNE &A222
     A214   20 4B 80   JSR &804B
     A217   C9
     A218   72 65 61 ...
     A221   00
.l2
     A222   A5 CD      LDA &CD
     A224   8D B0 10   STA &10B0
     A227   A2 06      LDX #&06
.loop1
     A229   BD 85 A2   LDA &A285,X
     A22C   9D B1 10   STA &10B1,X
     A22F   CA         DEX
     A230   10 F7      BPL &A229
     A232   20 D8 A1   JSR &A1D8
     A235   48         PHA
     A236   A5 CD      LDA &CD
     A238   29 02      AND #&02
     A23A   0A         ASL A
     A23B   0A         ASL A
     A23C   69 12      ADC #&12
     A23E   8D B7 10   STA &10B7
     A241   20 D8 A1   JSR &A1D8
     A244   48         PHA
     A245   20 4B 80   JSR &804B
     A248   00         BRK
     A249   EA         NOP
     A24A   20 77 80   JSR &8077
     A24D   C7
     A24E   73 65 63 ...
     A262   EA         NOP
     A263   A9 3A      LDA #&3A
     A265   20 02 B1   JSR &B102
     A268   A5 CD      LDA &CD
     A26A   20 B0 8C   JSR &8CB0
     A26D   A9 20      LDA #&20
     A26F   20 02 B1   JSR &B102
     A272   68         PLA
     A273   20 A8 8C   JSR &8CA8
     A276   A9 2F      LDA #&2F
     A278   20 02 B1   JSR &B102
     A27B   68         PLA
     A27C   20 A8 8C   JSR &8CA8
     A27F   20 77 80   JSR &8077
     A282   C7
     A283   00
     A284   EA         NOP
.spec
     A285   00
     A286   00
     A287   00
     A288   00
     A289   01
     A28A   7D
     A28B   06
.bcd_inc16_zp_x_A8
     A28C   A2 A8      LDX #&A8
.bcd_inc16_zp_x
     A28E   F8         SED
     A28F   18         CLC
     A290   B5 00      LDA &00,X
     A292   69 01      ADC #&01
     A294   95 00      STA &00,X
     A296   B5 01      LDA &01,X
     A298   69 00      ADC #&00
     A29A   95 01      STA &01,X
     A29C   D8         CLD
     A29D   60         RTS
Including file MMC_UserPort.asm
.MMC_SendingData
     A29E   20 FD A2   JSR &A2FD
     A2A1   A9 FE      LDA #&FE
.UP_WriteByte
     A2A3   0A         ASL A
     A2A4   2A         ROL A
     A2A5   29 FD      AND #&FD
     A2A7   8D B0 FC   STA &FCB0
     A2AA   09 02      ORA #&02
     A2AC   8D B0 FC   STA &FCB0
     A2AF   2A         ROL A
     A2B0   29 FD      AND #&FD
     A2B2   8D B0 FC   STA &FCB0
     A2B5   09 02      ORA #&02
     A2B7   8D B0 FC   STA &FCB0
     A2BA   2A         ROL A
     A2BB   29 FD      AND #&FD
     A2BD   8D B0 FC   STA &FCB0
     A2C0   09 02      ORA #&02
     A2C2   8D B0 FC   STA &FCB0
     A2C5   2A         ROL A
     A2C6   29 FD      AND #&FD
     A2C8   8D B0 FC   STA &FCB0
     A2CB   09 02      ORA #&02
     A2CD   8D B0 FC   STA &FCB0
     A2D0   2A         ROL A
     A2D1   29 FD      AND #&FD
     A2D3   8D B0 FC   STA &FCB0
     A2D6   09 02      ORA #&02
     A2D8   8D B0 FC   STA &FCB0
     A2DB   2A         ROL A
     A2DC   29 FD      AND #&FD
     A2DE   8D B0 FC   STA &FCB0
     A2E1   09 02      ORA #&02
     A2E3   8D B0 FC   STA &FCB0
     A2E6   2A         ROL A
     A2E7   29 FD      AND #&FD
     A2E9   8D B0 FC   STA &FCB0
     A2EC   09 02      ORA #&02
     A2EE   8D B0 FC   STA &FCB0
     A2F1   2A         ROL A
     A2F2   29 FD      AND #&FD
     A2F4   8D B0 FC   STA &FCB0
     A2F7   09 02      ORA #&02
     A2F9   8D B0 FC   STA &FCB0
     A2FC   60         RTS
.MMC_16Clocks
     A2FD   A0 02      LDY #&02
.MMC_Clocks
.MMC_SlowClocks
.clku1
     A2FF   20 BE A3   JSR &A3BE
     A302   88         DEY
     A303   D0 FA      BNE &A2FF
     A305   60         RTS
.MMC_DoCommand
     A306   A2 00      LDX #&00
     A308   A0 07      LDY #&07
.dcmdu1
     A30A   BD 87 10   LDA &1087,X
     A30D   20 A3 A2   JSR &A2A3
     A310   E8         INX
     A311   88         DEY
     A312   D0 F6      BNE &A30A
.waitresp_up
     A314   A2 01      LDX #&01
     A316   A0 00      LDY #&00
.wrup
     A318   88         DEY
     A319   F0 0F      BEQ &A32A
     A31B   A9 03      LDA #&03
     A31D   8E B0 FC   STX &FCB0
     A320   8D B0 FC   STA &FCB0
     A323   AD BA FC   LDA &FCBA
     A326   29 01      AND #&01
     A328   D0 EE      BNE &A318
.wrup_timeout
     A32A   A9 03      LDA #&03
.UP_ReadBits7
     A32C   8E B0 FC   STX &FCB0
     A32F   8D B0 FC   STA &FCB0
     A332   8E B0 FC   STX &FCB0
     A335   8D B0 FC   STA &FCB0
     A338   8E B0 FC   STX &FCB0
     A33B   8D B0 FC   STA &FCB0
     A33E   8E B0 FC   STX &FCB0
     A341   8D B0 FC   STA &FCB0
     A344   8E B0 FC   STX &FCB0
     A347   8D B0 FC   STA &FCB0
     A34A   8E B0 FC   STX &FCB0
     A34D   8D B0 FC   STA &FCB0
     A350   8E B0 FC   STX &FCB0
     A353   8D B0 FC   STA &FCB0
     A356   AD BA FC   LDA &FCBA
     A359   08         PHP
     A35A   48         PHA
     A35B   A0 00      LDY #&00
.dcmdu2
     A35D   B9 87 10   LDA &1087,Y
     A360   20 FC 80   JSR &80FC
     A363   C8         INY
     A364   C0 07      CPY #&07
     A366   D0 F5      BNE &A35D
     A368   A9 3A      LDA #&3A
     A36A   20 EE FF   JSR &FFEE
     A36D   68         PLA
     A36E   48         PHA
     A36F   20 FC 80   JSR &80FC
     A372   20 E7 FF   JSR &FFE7
     A375   68         PLA
     A376   28         PLP
     A377   60         RTS
.MMC_WaitForData
.wlu1
     A378   20 BE A3   JSR &A3BE
     A37B   C9 FE      CMP #&FE
     A37D   D0 F9      BNE &A378
     A37F   60         RTS
.MMC_Read256
     A380   A2 00      LDX #&00
     A382   F0 02      BEQ &A386
.MMC_ReadBLS
     A384   A6 C6      LDX &C6
.MMC_ReadX
     A386   20 06 A4   JSR &A406
     A389   A0 00      LDY #&00
     A38B   AD AE 10   LDA &10AE
     A38E   D0 0A      BNE &A39A
.MMC_ReadToMemory
     A390   20 D4 A3   JSR &A3D4
     A393   91 BC      STA (&BC),Y
     A395   C8         INY
     A396   CA         DEX
     A397   D0 F7      BNE &A390
     A399   60         RTS
.MMC_ReadToTube
     A39A   20 D4 A3   JSR &A3D4
     A39D   8D E5 FC   STA &FCE5
     A3A0   EA         NOP
     A3A1   EA         NOP
     A3A2   EA         NOP
     A3A3   C8         INY
     A3A4   CA         DEX
     A3A5   D0 F3      BNE &A39A
.tube_delay
     A3A7   60         RTS
.MMC_ReadBuffer
     A3A8   A2 FF      LDX #&FF
     A3AA   8E 82 10   STX &1082
     A3AD   E8         INX
     A3AE   20 06 A4   JSR &A406
     A3B1   A0 00      LDY #&00
.rdbuf2
     A3B3   20 D4 A3   JSR &A3D4
     A3B6   99 00 0E   STA &0E00,Y
     A3B9   C8         INY
     A3BA   CA         DEX
     A3BB   D0 F6      BNE &A3B3
     A3BD   60         RTS
.MMC_GetByte
.UP_ReadByteX
     A3BE   A9 03      LDA #&03
     A3C0   8D B0 FC   STA &FCB0
     A3C3   20 06 A4   JSR &A406
     A3C6   A9 04      LDA #&04
.lastByte
     A3C8   2C BD FC   BIT &FCBD
     A3CB   F0 FB      BEQ &A3C8
     A3CD   20 F5 A3   JSR &A3F5
     A3D0   AD BA FC   LDA &FCBA
     A3D3   60         RTS
.WaitForShiftDone
     A3D4   A9 04      LDA #&04
     A3D6   E0 01      CPX #&01
     A3D8   F0 EE      BEQ &A3C8
.notLastByte
     A3DA   2C BD FC   BIT &FCBD
     A3DD   F0 FB      BEQ &A3DA
     A3DF   AD BA FC   LDA &FCBA
     A3E2   60         RTS
.MMC_DEVICE_RESET
     A3E3   A9 03      LDA #&03
     A3E5   8D B0 FC   STA &FCB0
     A3E8   AD B2 FC   LDA &FCB2
     A3EB   09 03      ORA #&03
     A3ED   8D B2 FC   STA &FCB2
     A3F0   A9 1C      LDA #&1C
     A3F2   8D BE FC   STA &FCBE
.ShiftRegMode0
     A3F5   AD BB FC   LDA &FCBB
     A3F8   29 E3      AND #&E3
     A3FA   8D BB FC   STA &FCBB
     A3FD   AD B2 FC   LDA &FCB2
     A400   09 02      ORA #&02
     A402   8D B2 FC   STA &FCB2
     A405   60         RTS
.ShiftRegMode2
     A406   AD B2 FC   LDA &FCB2
     A409   29 FD      AND #&FD
     A40B   8D B2 FC   STA &FCB2
     A40E   AD BB FC   LDA &FCBB
     A411   29 E3      AND #&E3
     A413   09 08      ORA #&08
     A415   8D BB FC   STA &FCBB
     A418   AD BA FC   LDA &FCBA
     A41B   60         RTS
.MMC_EndWrite
     A41C   20 FD A2   JSR &A2FD
.ewu1
     A41F   20 BE A3   JSR &A3BE
     A422   A8         TAY
     A423   29 1F      AND #&1F
     A425   C9 1F      CMP #&1F
     A427   F0 F6      BEQ &A41F
     A429   C9 05      CMP #&05
     A42B   D0 2E      BNE &A45B
.ewu2
     A42D   20 BE A3   JSR &A3BE
     A430   C9 FF      CMP #&FF
     A432   D0 F9      BNE &A42D
     A434   60         RTS
.MMC_Write256
     A435   AC AE 10   LDY &10AE
     A438   D0 09      BNE &A443
.wru1
     A43A   B1 BC      LDA (&BC),Y
     A43C   20 A3 A2   JSR &A2A3
     A43F   C8         INY
     A440   D0 F8      BNE &A43A
     A442   60         RTS
.wruT1
     A443   A0 00      LDY #&00
.wruT2
     A445   AD E5 FC   LDA &FCE5
     A448   20 A3 A2   JSR &A2A3
     A44B   C8         INY
     A44C   D0 F7      BNE &A445
     A44E   60         RTS
.MMC_WriteBuffer
     A44F   A0 00      LDY #&00
.wbu1
     A451   B9 00 0E   LDA &0E00,Y
     A454   20 A3 A2   JSR &A2A3
     A457   C8         INY
     A458   D0 F7      BNE &A451
     A45A   60         RTS
Processed file 'MMC_UserPort.asm' ok
.errWrite2
     A45B   98         TYA
     A45C   20 C4 B0   JSR &B0C4
     A45F   57 72 69 ...
     A474   00
Including file MMC.asm
.MMC_SetCommand
     A475   8D 88 10   STA &1088
     A478   A9 00      LDA #&00
     A47A   8D 89 10   STA &1089
     A47D   8D 8A 10   STA &108A
     A480   8D 8B 10   STA &108B
     A483   8D 8C 10   STA &108C
     A486   A9 FF      LDA #&FF
     A488   8D 87 10   STA &1087
     A48B   8D 8D 10   STA &108D
     A48E   8D 8E 10   STA &108E
     A491   60         RTS
.MMC_INIT
     A492   20 37 80   JSR &8037
     A495   A9 00      LDA #&00
     A497   8D AF 10   STA &10AF
     A49A   A9 32      LDA #&32
     A49C   85 C1      STA &C1
.iloop
     A49E   A0 0A      LDY #&0A
     A4A0   20 FF A2   JSR &A2FF
     A4A3   A9 40      LDA #&40
     A4A5   20 75 A4   JSR &A475
     A4A8   A9 95      LDA #&95
     A4AA   8D 8D 10   STA &108D
     A4AD   20 06 A3   JSR &A306
     A4B0   29 81      AND #&81
     A4B2   C9 01      CMP #&01
     A4B4   D0 2F      BNE &A4E5
     A4B6   8D DE 10   STA &10DE
     A4B9   A9 48      LDA #&48
     A4BB   20 75 A4   JSR &A475
     A4BE   A9 01      LDA #&01
     A4C0   8D 8B 10   STA &108B
     A4C3   A9 AA      LDA #&AA
     A4C5   8D 8C 10   STA &108C
     A4C8   A9 87      LDA #&87
     A4CA   8D 8D 10   STA &108D
     A4CD   20 06 A3   JSR &A306
     A4D0   C9 01      CMP #&01
     A4D2   F0 24      BEQ &A4F8
     A4D4   A9 00      LDA #&00
     A4D6   8D DE 10   STA &10DE
.il1
     A4D9   A9 41      LDA #&41
     A4DB   20 75 A4   JSR &A475
     A4DE   20 06 A3   JSR &A306
     A4E1   C9 02      CMP #&02
     A4E3   90 09      BCC &A4EE
.ifail
     A4E5   C6 C1      DEC &C1
     A4E7   D0 B5      BNE &A49E
.ifaildone
     A4E9   20 43 80   JSR &8043
     A4EC   38         SEC
     A4ED   60         RTS
.il11
     A4EE   24 FF      BIT &FF
     A4F0   30 F3      BMI &A4E5
     A4F2   C9 00      CMP #&00
     A4F4   D0 E3      BNE &A4D9
     A4F6   F0 42      BEQ &A53A
.isdhc
     A4F8   20 BE A3   JSR &A3BE
     A4FB   20 BE A3   JSR &A3BE
     A4FE   20 BE A3   JSR &A3BE
     A501   20 BE A3   JSR &A3BE
.isdhc2
     A504   A9 77      LDA #&77
     A506   20 75 A4   JSR &A475
     A509   20 06 A3   JSR &A306
     A50C   A9 69      LDA #&69
     A50E   20 75 A4   JSR &A475
     A511   A9 40      LDA #&40
     A513   8D 89 10   STA &1089
     A516   20 06 A3   JSR &A306
     A519   D0 E9      BNE &A504
     A51B   A9 7A      LDA #&7A
     A51D   20 75 A4   JSR &A475
     A520   20 06 A3   JSR &A306
     A523   D0 C0      BNE &A4E5
     A525   20 BE A3   JSR &A3BE
     A528   29 40      AND #&40
     A52A   48         PHA
     A52B   20 BE A3   JSR &A3BE
     A52E   20 BE A3   JSR &A3BE
     A531   20 BE A3   JSR &A3BE
     A534   68         PLA
     A535   D0 03      BNE &A53A
     A537   8D DE 10   STA &10DE
.iok
     A53A   A9 50      LDA #&50
     A53C   20 75 A4   JSR &A475
     A53F   A9 02      LDA #&02
     A541   8D 8B 10   STA &108B
     A544   20 06 A3   JSR &A306
     A547   D0 0A      BNE &A553
     A549   A9 40      LDA #&40
     A54B   8D AF 10   STA &10AF
     A54E   20 43 80   JSR &8043
     A551   18         CLC
     A552   60         RTS
.blkerr
     A553   20 C4 B0   JSR &B0C4
     A556   53 65 74 ...
     A56A   00
.MMC_GetCIDCRC
     A56B   A9 4A      LDA #&4A
     A56D   20 75 A4   JSR &A475
     A570   20 B8 A5   JSR &A5B8
     A573   A0 10      LDY #&10
     A575   20 FF A2   JSR &A2FF
     A578   20 BE A3   JSR &A3BE
     A57B   A8         TAY
     A57C   4C BE A3   JMP &A3BE
.MMC_SetupWrite
     A57F   A9 58      LDA #&58
     A581   D0 02      BNE &A585
.MMC_SetupRead
     A583   A9 51      LDA #&51
.setuprw
     A585   20 75 A4   JSR &A475
.setCommandAddress
     A588   AD DE 10   LDA &10DE
     A58B   D0 13      BNE &A5A0
     A58D   8D 8C 10   STA &108C
     A590   A5 C0      LDA &C0
     A592   8D 89 10   STA &1089
     A595   A5 BF      LDA &BF
     A597   8D 8A 10   STA &108A
     A59A   A5 BE      LDA &BE
     A59C   8D 8B 10   STA &108B
     A59F   60         RTS
.setCommandAddressSDHC
     A5A0   A9 00      LDA #&00
     A5A2   8D 89 10   STA &1089
     A5A5   A5 C0      LDA &C0
     A5A7   4A         LSR A
     A5A8   8D 8A 10   STA &108A
     A5AB   A5 BF      LDA &BF
     A5AD   6A         ROR A
     A5AE   8D 8B 10   STA &108B
     A5B1   A5 BE      LDA &BE
     A5B3   6A         ROR A
     A5B4   8D 8C 10   STA &108C
     A5B7   60         RTS
.MMC_StartRead
     A5B8   20 06 A3   JSR &A306
     A5BB   D0 03      BNE &A5C0
     A5BD   4C 78 A3   JMP &A378
.errRead
     A5C0   20 C4 B0   JSR &B0C4
     A5C3   52 65 61 ...
     A5CE   00
.MMC_StartWrite
     A5CF   20 06 A3   JSR &A306
     A5D2   D0 03      BNE &A5D7
     A5D4   4C 9E A2   JMP &A29E
.errWrite
     A5D7   20 C4 B0   JSR &B0C4
     A5DA   57 72 69 ...
     A5E6   00
.SetupCatRW
     A5E7   20 37 80   JSR &8037
     A5EA   A9 00      LDA #&00
     A5EC   8D AE 10   STA &10AE
     A5EF   85 BC      STA &BC
     A5F1   A9 0E      LDA #&0E
     A5F3   85 BD      STA &BD
     A5F5   60         RTS
.MMC_ReadCatalogue
     A5F6   20 E7 A5   JSR &A5E7
     A5F9   20 83 A5   JSR &A583
     A5FC   20 B8 A5   JSR &A5B8
     A5FF   20 80 A3   JSR &A380
     A602   E6 BD      INC &BD
     A604   20 80 A3   JSR &A380
     A607   20 FD A2   JSR &A2FD
     A60A   4C 43 80   JMP &8043
.MMC_WriteCatalogue
     A60D   20 E7 A5   JSR &A5E7
     A610   20 7F A5   JSR &A57F
     A613   20 CF A5   JSR &A5CF
     A616   20 35 A4   JSR &A435
     A619   E6 BD      INC &BD
     A61B   20 35 A4   JSR &A435
     A61E   20 1C A4   JSR &A41C
     A621   4C 43 80   JMP &8043
.MMC_RWBlock_CheckIfToTube
     A624   48         PHA
     A625   AD AC 10   LDA &10AC
     A628   2D AD 10   AND &10AD
     A62B   0D D6 10   ORA &10D6
     A62E   49 FF      EOR #&FF
     A630   8D AE 10   STA &10AE
     A633   38         SEC
     A634   F0 0D      BEQ &A643
     A636   20 7D 8C   JSR &8C7D
     A639   A2 AA      LDX #&AA
     A63B   A0 10      LDY #&10
     A63D   68         PLA
     A63E   48         PHA
     A63F   20 06 04   JSR &0406
     A642   18         CLC
.notTube
     A643   68         PLA
     A644   60         RTS
.MMC_ReadBlock
     A645   4E A6 10   LSR &10A6
     A648   20 37 80   JSR &8037
     A64B   20 55 A6   JSR &A655
     A64E   4C 43 80   JMP &8043
.rb_err
     A651   6E A6 10   ROR &10A6
.rb1_exit
     A654   60         RTS
.rdblk
     A655   A6 C4      LDX &C4
     A657   D0 04      BNE &A65D
     A659   A5 C5      LDA &C5
     A65B   F0 F7      BEQ &A654
.rb1
     A65D   A9 01      LDA #&01
     A65F   20 24 A6   JSR &A624
     A662   A6 C4      LDX &C4
     A664   66 BE      ROR &BE
     A666   66 C1      ROR &C1
     A668   10 07      BPL &A671
     A66A   E8         INX
     A66B   86 C4      STX &C4
     A66D   D0 02      BNE &A671
     A66F   E6 C5      INC &C5
.rb2
     A671   06 BE      ASL &BE
     A673   20 83 A5   JSR &A583
     A676   A5 C5      LDA &C5
     A678   D0 0E      BNE &A688
     A67A   A6 C4      LDX &C4
     A67C   E0 03      CPX #&03
     A67E   B0 08      BCS &A688
.rb4_loop
     A680   A5 C6      LDA &C6
     A682   D0 47      BNE &A6CB
     A684   E0 01      CPX #&01
     A686   F0 3A      BEQ &A6C2
.rb3
     A688   24 C1      BIT &C1
     A68A   10 0D      BPL &A699
     A68C   20 B8 A5   JSR &A5B8
     A68F   A0 00      LDY #&00
     A691   84 C1      STY &C1
     A693   20 FF A2   JSR &A2FF
     A696   4C A1 A6   JMP &A6A1
.rb6_loop
     A699   20 B8 A5   JSR &A5B8
     A69C   20 80 A3   JSR &A380
     A69F   E6 BD      INC &BD
.rb7
     A6A1   20 80 A3   JSR &A380
     A6A4   E6 BD      INC &BD
     A6A6   20 FD A2   JSR &A2FD
     A6A9   20 A4 A7   JSR &A7A4
     A6AC   F0 A6      BEQ &A654
     A6AE   20 58 B0   JSR &B058
     A6B1   B0 9E      BCS &A651
     A6B3   20 83 A5   JSR &A583
     A6B6   A6 C4      LDX &C4
     A6B8   A5 C5      LDA &C5
     A6BA   D0 DD      BNE &A699
     A6BC   E0 03      CPX #&03
     A6BE   B0 D9      BCS &A699
     A6C0   90 BE      BCC &A680
.rb9
     A6C2   20 B8 A5   JSR &A5B8
     A6C5   20 80 A3   JSR &A380
     A6C8   4C F2 A6   JMP &A6F2
.rb5
     A6CB   20 B8 A5   JSR &A5B8
     A6CE   24 C1      BIT &C1
     A6D0   10 08      BPL &A6DA
     A6D2   A0 00      LDY #&00
     A6D4   20 FF A2   JSR &A2FF
     A6D7   4C E3 A6   JMP &A6E3
.rbx1
     A6DA   C6 C4      DEC &C4
     A6DC   F0 05      BEQ &A6E3
     A6DE   20 80 A3   JSR &A380
     A6E1   E6 BD      INC &BD
.rbx2
     A6E3   20 84 A3   JSR &A384
     A6E6   98         TYA
     A6E7   49 FF      EOR #&FF
     A6E9   A8         TAY
     A6EA   C8         INY
     A6EB   20 FF A2   JSR &A2FF
     A6EE   A5 C4      LDA &C4
     A6F0   D0 05      BNE &A6F7
.rbx4
     A6F2   A0 00      LDY #&00
     A6F4   20 FF A2   JSR &A2FF
.rbx3
     A6F7   4C FD A2   JMP &A2FD
.wb1_exit
     A6FA   60         RTS
.MMC_WriteBlock
     A6FB   4E A6 10   LSR &10A6
     A6FE   20 37 80   JSR &8037
     A701   20 07 A7   JSR &A707
     A704   4C 43 80   JMP &8043
.wrblk
     A707   A6 C4      LDX &C4
     A709   D0 04      BNE &A70F
     A70B   A5 C5      LDA &C5
     A70D   F0 EB      BEQ &A6FA
.wb1
     A70F   A9 00      LDA #&00
     A711   20 24 A6   JSR &A624
     A714   A6 C4      LDX &C4
     A716   66 BE      ROR &BE
     A718   6A         ROR A
     A719   06 BE      ASL &BE
     A71B   48         PHA
     A71C   20 7F A5   JSR &A57F
     A71F   68         PLA
     A720   10 37      BPL &A759
     A722   A9 51      LDA #&51
     A724   8D 88 10   STA &1088
     A727   20 B8 A5   JSR &A5B8
     A72A   20 A8 A3   JSR &A3A8
     A72D   A0 00      LDY #&00
     A72F   20 FF A2   JSR &A2FF
     A732   A0 02      LDY #&02
     A734   20 FF A2   JSR &A2FF
     A737   A9 58      LDA #&58
     A739   8D 88 10   STA &1088
     A73C   20 CF A5   JSR &A5CF
     A73F   20 4F A4   JSR &A44F
     A742   20 35 A4   JSR &A435
     A745   20 1C A4   JSR &A41C
     A748   A9 FF      LDA #&FF
     A74A   20 A6 A7   JSR &A7A6
     A74D   F0 AB      BEQ &A6FA
     A74F   E6 BD      INC &BD
.wb4
     A751   20 58 B0   JSR &B058
     A754   B0 4A      BCS &A7A0
     A756   20 7F A5   JSR &A57F
.wb2
     A759   A5 C5      LDA &C5
     A75B   D0 2D      BNE &A78A
     A75D   A6 C4      LDX &C4
     A75F   F0 3E      BEQ &A79F
     A761   CA         DEX
     A762   D0 26      BNE &A78A
     A764   A9 51      LDA #&51
     A766   8D 88 10   STA &1088
     A769   20 B8 A5   JSR &A5B8
     A76C   A0 00      LDY #&00
     A76E   20 FF A2   JSR &A2FF
     A771   20 A8 A3   JSR &A3A8
     A774   A0 02      LDY #&02
     A776   20 FF A2   JSR &A2FF
     A779   A9 58      LDA #&58
     A77B   8D 88 10   STA &1088
     A77E   20 CF A5   JSR &A5CF
     A781   20 35 A4   JSR &A435
     A784   20 4F A4   JSR &A44F
     A787   4C 1C A4   JMP &A41C
.wb3
     A78A   20 CF A5   JSR &A5CF
     A78D   20 35 A4   JSR &A435
     A790   E6 BD      INC &BD
     A792   20 35 A4   JSR &A435
     A795   E6 BD      INC &BD
     A797   20 1C A4   JSR &A41C
     A79A   20 A4 A7   JSR &A7A4
     A79D   D0 B2      BNE &A751
.wb5
     A79F   60         RTS
.wb_err
     A7A0   6E A6 10   ROR &10A6
     A7A3   60         RTS
.dec_seccountby2
     A7A4   A9 FE      LDA #&FE
.dec_seccount
     A7A6   18         CLC
     A7A7   65 C4      ADC &C4
     A7A9   85 C4      STA &C4
     A7AB   AA         TAX
     A7AC   A9 FF      LDA #&FF
     A7AE   65 C5      ADC &C5
     A7B0   85 C5      STA &C5
     A7B2   05 C4      ORA &C4
     A7B4   60         RTS
.MMC_BEGIN2
     A7B5   20 F5 83   JSR &83F5
     A7B8   20 BE A7   JSR &A7BE
     A7BB   4C 11 A8   JMP &A811
.MMC_BEGIN1
     A7BE   A2 0F      LDX #&0F
.begloop1
     A7C0   B5 BC      LDA &BC,X
     A7C2   9D 90 10   STA &1090,X
     A7C5   CA         DEX
     A7C6   10 F8      BPL &A7C0
     A7C8   20 E3 A3   JSR &A3E3
     A7CB   2C AF 10   BIT &10AF
     A7CE   50 01      BVC &A7D1
     A7D0   60         RTS
.begX
     A7D1   20 92 A4   JSR &A492
     A7D4   B0 06      BCS &A7DC
     A7D6   20 E6 A7   JSR &A7E6
     A7D9   4C A2 A8   JMP &A8A2
.carderr
     A7DC   20 70 80   JSR &8070
     A7DF   FF
     A7E0   43 61 72 ...
     A7E5   00
.MMC_CheckCardID
     A7E6   20 71 A1   JSR &A171
     A7E9   AD E4 10   LDA &10E4
     A7EC   F0 0D      BEQ &A7FB
     A7EE   20 6B A5   JSR &A56B
     A7F1   CD EF 10   CMP &10EF
     A7F4   D0 06      BNE &A7FC
     A7F6   CC EE 10   CPY &10EE
     A7F9   D0 01      BNE &A7FC
.cid_x
     A7FB   60         RTS
.errCardChanged
     A7FC   A9 00      LDA #&00
     A7FE   8D AF 10   STA &10AF
     A801   20 70 80   JSR &8070
     A804   FF
     A805   57 72 6F ...
     A810   00
.MMC_END
     A811   A2 0F      LDX #&0F
.eloop0
     A813   BD 90 10   LDA &1090,X
     A816   95 BC      STA &BC,X
     A818   CA         DEX
     A819   10 F8      BPL &A813
     A81B   60         RTS
Processed file 'MMC.asm' ok
.CMD_DABOUT
     A81C   A2 00      LDX #&00
.loop
     A81E   BD 09 80   LDA &8009,X
     A821   D0 02      BNE &A825
     A823   A9 0D      LDA #&0D
.print
     A825   20 E3 FF   JSR &FFE3
     A828   E8         INX
     A829   E0 2B      CPX #&2B
     A82B   D0 F1      BNE &A81E
     A82D   60         RTS
Including file MM32.asm
.mm32_cmd_dbug
.l1
     A82E   20 9D 80   JSR &809D
     A831   46 41 54 ...
     A83A   A0 00      LDY #&00
     A83C   20 78 A8   JSR &A878
     A83F   20 9D 80   JSR &809D
     A842   44 41 54 ...
     A84B   A0 02      LDY #&02
     A84D   20 78 A8   JSR &A878
     A850   20 9D 80   JSR &809D
     A853   43 4C 55 ...
     A85C   A0 04      LDY #&04
     A85E   20 7E A8   JSR &A87E
     A861   A2 00      LDX #&00
.loop
     A863   8A         TXA
     A864   20 FC 80   JSR &80FC
     A867   A9 3A      LDA #&3A
     A869   20 EE FF   JSR &FFEE
     A86C   20 87 A8   JSR &A887
     A86F   20 E7 FF   JSR &FFE7
     A872   E8         INX
     A873   E0 03      CPX #&03
     A875   D0 EC      BNE &A863
     A877   60         RTS
.phex2
     A878   B9 E1 10   LDA &10E1,Y
     A87B   20 FC 80   JSR &80FC
.phex1
     A87E   B9 E0 10   LDA &10E0,Y
     A881   20 FC 80   JSR &80FC
     A884   4C E7 FF   JMP &FFE7
.mm32_pclust
     A887   BD EB 10   LDA &10EB,X
     A88A   20 FC 80   JSR &80FC
     A88D   BD E8 10   LDA &10E8,X
     A890   20 FC 80   JSR &80FC
     A893   BD E5 10   LDA &10E5,X
     A896   20 FC 80   JSR &80FC
     A899   60         RTS
.mm32_readblock
     A89A   A9 FF      LDA #&FF
     A89C   8D 82 10   STA &1082
     A89F   4C F6 A5   JMP &A5F6
.mm32_init_dos
     A8A2   20 71 A1   JSR &A171
     A8A5   AD E4 10   LDA &10E4
     A8A8   F0 01      BEQ &A8AB
     A8AA   60         RTS
.init
     A8AB   20 32 A9   JSR &A932
     A8AE   90 71      BCC &A921
     A8B0   AD 0C 0E   LDA &0E0C
     A8B3   C9 02      CMP #&02
     A8B5   D0 6A      BNE &A921
     A8B7   4D 2C 0E   EOR &0E2C
     A8BA   0D 26 0E   ORA &0E26
     A8BD   D0 62      BNE &A921
     A8BF   AD 25 0E   LDA &0E25
     A8C2   4A         LSR A
     A8C3   F0 5C      BEQ &A921
     A8C5   AD 0D 0E   LDA &0E0D
     A8C8   85 CB      STA &CB
     A8CA   A5 C7      LDA &C7
     A8CC   A4 C8      LDY &C8
     A8CE   18         CLC
     A8CF   6D 0E 0E   ADC &0E0E
     A8D2   AA         TAX
     A8D3   98         TYA
     A8D4   6D 0F 0E   ADC &0E0F
     A8D7   B0 48      BCS &A921
     A8D9   86 C7      STX &C7
     A8DB   85 C8      STA &C8
.loop1
     A8DD   A8         TAY
     A8DE   8A         TXA
     A8DF   6D 24 0E   ADC &0E24
     A8E2   AA         TAX
     A8E3   98         TYA
     A8E4   6D 25 0E   ADC &0E25
     A8E7   B0 38      BCS &A921
     A8E9   CE 10 0E   DEC &0E10
     A8EC   D0 EF      BNE &A8DD
     A8EE   A8         TAY
     A8EF   0E 0D 0E   ASL &0E0D
     A8F2   8A         TXA
     A8F3   38         SEC
     A8F4   ED 0D 0E   SBC &0E0D
     A8F7   85 C9      STA &C9
     A8F9   98         TYA
     A8FA   E9 00      SBC #&00
     A8FC   85 CA      STA &CA
     A8FE   20 71 A1   JSR &A171
     A901   20 6B A5   JSR &A56B
     A904   8D EF 10   STA &10EF
     A907   8C EE 10   STY &10EE
     A90A   A0 05      LDY #&05
.loop2
     A90C   B9 C6 00   LDA &00C6,Y
     A90F   99 DF 10   STA &10DF,Y
     A912   88         DEY
     A913   D0 F7      BNE &A90C
     A915   98         TYA
     A916   A0 08      LDY #&08
.loop3
     A918   99 E5 10   STA &10E5,Y
     A91B   88         DEY
     A91C   10 FA      BPL &A918
     A91E   4C 85 A1   JMP &A185
.faterr
     A921   20 70 80   JSR &8070
     A924   FF
     A925   43 61 72 ...
     A931   00
.read_VBR
     A932   A9 00      LDA #&00
     A934   85 C7      STA &C7
     A936   85 C8      STA &C8
     A938   85 BE      STA &BE
     A93A   85 BF      STA &BF
     A93C   85 C0      STA &C0
     A93E   20 73 A9   JSR &A973
     A941   90 41      BCC &A984
     A943   AD 00 0E   LDA &0E00
     A946   C9 EB      CMP #&EB
     A948   D0 0E      BNE &A958
     A94A   AD 02 0E   LDA &0E02
     A94D   C9 90      CMP #&90
     A94F   D0 07      BNE &A958
     A951   AD 0C 0E   LDA &0E0C
     A954   C9 02      CMP #&02
     A956   F0 2C      BEQ &A984
.mbr
     A958   AD C6 0F   LDA &0FC6
     A95B   85 C7      STA &C7
     A95D   85 BE      STA &BE
     A95F   AD C7 0F   LDA &0FC7
     A962   85 C8      STA &C8
     A964   85 BF      STA &BF
     A966   AD C8 0F   LDA &0FC8
     A969   0D C9 0F   ORA &0FC9
     A96C   D0 17      BNE &A985
     A96E   85 C0      STA &C0
     A970   20 BD B0   JSR &B0BD
.isfat
     A973   20 9A A8   JSR &A89A
     A976   AD FE 0F   LDA &0FFE
     A979   C9 55      CMP #&55
     A97B   D0 08      BNE &A985
     A97D   AD FF 0F   LDA &0FFF
     A980   C9 AA      CMP #&AA
     A982   D0 01      BNE &A985
.ifx
     A984   60         RTS
.bad
     A985   18         CLC
     A986   60         RTS
.mm32_SECT_X_First
     A987   B9 E5 10   LDA &10E5,Y
     A98A   85 C8      STA &C8
     A98C   B9 E8 10   LDA &10E8,Y
     A98F   85 C9      STA &C9
     A991   B9 EB 10   LDA &10EB,Y
     A994   85 C2      STA &C2
     A996   29 3F      AND #&3F
     A998   85 CA      STA &CA
     A99A   05 C8      ORA &C8
     A99C   05 C9      ORA &C9
     A99E   D0 0C      BNE &A9AC
     A9A0   C0 02      CPY #&02
     A9A2   F0 04      BEQ &A9A8
     A9A4   24 C2      BIT &C2
     A9A6   10 0F      BPL &A9B7
.l1
     A9A8   A9 02      LDA #&02
     A9AA   85 C8      STA &C8
.l2
     A9AC   AD E4 10   LDA &10E4
     A9AF   85 CB      STA &CB
     A9B1   A9 00      LDA #&00
     A9B3   85 CE      STA &CE
     A9B5   B8         CLV
     A9B6   60         RTS
.l3
     A9B7   2C BA A9   BIT &A9BA
.l4
     A9BA   60         RTS
.mm32_SECT_X_Next
     A9BB   C6 CB      DEC &CB
     A9BD   F0 02      BEQ &A9C1
     A9BF   18         CLC
     A9C0   60         RTS
.l1
     A9C1   20 CA A9   JSR &A9CA
     A9C4   AD E4 10   LDA &10E4
     A9C7   85 CB      STA &CB
     A9C9   60         RTS
.next_cluster
     A9CA   20 1E 84   JSR &841E
     A9CD   C6 CE      DEC &CE
     A9CF   10 1D      BPL &A9EE
     A9D1   AD AE 10   LDA &10AE
     A9D4   48         PHA
     A9D5   A5 BC      LDA &BC
     A9D7   48         PHA
     A9D8   A5 BD      LDA &BD
     A9DA   48         PHA
     A9DB   A5 C6      LDA &C6
     A9DD   48         PHA
     A9DE   20 11 AA   JSR &AA11
     A9E1   68         PLA
     A9E2   85 C6      STA &C6
     A9E4   68         PLA
     A9E5   85 BD      STA &BD
     A9E7   68         PLA
     A9E8   85 BC      STA &BC
     A9EA   68         PLA
     A9EB   8D AE 10   STA &10AE
.l1
     A9EE   18         CLC
     A9EF   A5 CE      LDA &CE
     A9F1   F0 12      BEQ &AA05
     A9F3   E6 C8      INC &C8
     A9F5   D0 0D      BNE &AA04
     A9F7   E6 C9      INC &C9
     A9F9   D0 09      BNE &AA04
     A9FB   E6 CA      INC &CA
.l2
     A9FD   A5 CA      LDA &CA
     A9FF   29 C0      AND #&C0
     AA01   F0 01      BEQ &AA04
     AA03   38         SEC
.l3
     AA04   60         RTS
.l4
     AA05   A2 02      LDX #&02
.loop1
     AA07   BD A0 10   LDA &10A0,X
     AA0A   95 C8      STA &C8,X
     AA0C   CA         DEX
     AA0D   10 F8      BPL &AA07
     AA0F   30 EC      BMI &A9FD
.read_fat
     AA11   A5 C8      LDA &C8
     AA13   0A         ASL A
     AA14   85 CB      STA &CB
     AA16   A5 C9      LDA &C9
     AA18   2A         ROL A
     AA19   A8         TAY
     AA1A   A5 CA      LDA &CA
     AA1C   2A         ROL A
     AA1D   AA         TAX
     AA1E   98         TYA
     AA1F   6D E0 10   ADC &10E0
     AA22   85 BE      STA &BE
     AA24   8A         TXA
     AA25   6D E1 10   ADC &10E1
     AA28   85 BF      STA &BF
     AA2A   A9 00      LDA #&00
     AA2C   8D AE 10   STA &10AE
     AA2F   85 C0      STA &C0
     AA31   20 BD B0   JSR &B0BD
     AA34   20 37 80   JSR &8037
     AA37   20 83 A5   JSR &A583
     AA3A   20 B8 A5   JSR &A5B8
     AA3D   A9 A0      LDA #&A0
     AA3F   85 BC      STA &BC
     AA41   A9 10      LDA #&10
     AA43   85 BD      STA &BD
     AA45   A5 CB      LDA &CB
     AA47   20 90 AA   JSR &AA90
.loop1
     AA4A   E6 CE      INC &CE
     AA4C   A9 04      LDA #&04
     AA4E   85 C6      STA &C6
     AA50   20 84 A3   JSR &A384
     AA53   E6 CB      INC &CB
     AA55   E6 CB      INC &CB
     AA57   F0 31      BEQ &AA8A
     AA59   38         SEC
     AA5A   AD A2 10   LDA &10A2
     AA5D   29 C0      AND #&C0
     AA5F   0D A3 10   ORA &10A3
     AA62   D0 1B      BNE &AA7F
     AA64   AD A0 10   LDA &10A0
     AA67   E5 C8      SBC &C8
     AA69   A8         TAY
     AA6A   AD A1 10   LDA &10A1
     AA6D   E5 C9      SBC &C9
     AA6F   D0 11      BNE &AA82
     AA71   AD A2 10   LDA &10A2
     AA74   E5 CA      SBC &CA
     AA76   D0 0A      BNE &AA82
     AA78   88         DEY
     AA79   C4 CE      CPY &CE
     AA7B   F0 CD      BEQ &AA4A
     AA7D   D0 03      BNE &AA82
.l2
     AA7F   6E A2 10   ROR &10A2
.l3
     AA82   38         SEC
     AA83   A9 00      LDA #&00
     AA85   E5 CB      SBC &CB
     AA87   20 90 AA   JSR &AA90
.l4
     AA8A   20 FD A2   JSR &A2FD
     AA8D   4C 43 80   JMP &8043
.clocks
     AA90   0A         ASL A
     AA91   48         PHA
     AA92   90 05      BCC &AA99
     AA94   A0 00      LDY #&00
     AA96   20 FF A2   JSR &A2FF
.l1
     AA99   68         PLA
     AA9A   F0 04      BEQ &AAA0
     AA9C   A8         TAY
     AA9D   4C FF A2   JMP &A2FF
.l2
     AAA0   60         RTS
.mm32_Scan_Dir
     AAA1   A0 02      LDY #&02
     AAA3   20 87 A9   JSR &A987
.loop1
     AAA6   20 7F B0   JSR &B07F
     AAA9   B0 0F      BCS &AABA
     AAAB   20 9A A8   JSR &A89A
     AAAE   20 BB AA   JSR &AABB
     AAB1   90 07      BCC &AABA
     AAB3   F0 05      BEQ &AABA
     AAB5   20 BB A9   JSR &A9BB
     AAB8   90 EC      BCC &AAA6
.exit
     AABA   60         RTS
.scan_block
     AABB   A9 00      LDA #&00
     AABD   85 AB      STA &AB
     AABF   85 B0      STA &B0
     AAC1   A9 0E      LDA #&0E
.loop1
     AAC3   85 B1      STA &B1
.loop2
     AAC5   A0 00      LDY #&00
     AAC7   B1 B0      LDA (&B0),Y
     AAC9   F0 75      BEQ &AB40
     AACB   30 5F      BMI &AB2C
     AACD   C9 21      CMP #&21
     AACF   90 5B      BCC &AB2C
     AAD1   A0 15      LDY #&15
     AAD3   B1 B0      LDA (&B0),Y
     AAD5   29 0F      AND #&0F
     AAD7   D0 53      BNE &AB2C
     AAD9   88         DEY
     AADA   B1 B0      LDA (&B0),Y
     AADC   29 F0      AND #&F0
     AADE   D0 4C      BNE &AB2C
     AAE0   A0 0B      LDY #&0B
     AAE2   B1 B0      LDA (&B0),Y
     AAE4   29 0E      AND #&0E
     AAE6   D0 44      BNE &AB2C
     AAE8   B1 B0      LDA (&B0),Y
     AAEA   4A         LSR A
     AAEB   29 08      AND #&08
     AAED   85 B8      STA &B8
     AAEF   F0 04      BEQ &AAF5
     AAF1   A9 80      LDA #&80
     AAF3   D0 0C      BNE &AB01
.l1
     AAF5   24 B2      BIT &B2
     AAF7   30 33      BMI &AB2C
     AAF9   6A         ROR A
     AAFA   85 B9      STA &B9
     AAFC   20 19 AC   JSR &AC19
     AAFF   05 B9      ORA &B9
.l2
     AB01   85 B9      STA &B9
     AB03   20 A9 AB   JSR &ABA9
     AB06   20 46 AC   JSR &AC46
     AB09   B0 21      BCS &AB2C
     AB0B   A5 AA      LDA &AA
     AB0D   F0 14      BEQ &AB23
     AB0F   C9 03      CMP #&03
     AB11   D0 03      BNE &AB16
     AB13   4C 75 AB   JMP &AB75
.lock_or_unlock
     AB16   C9 02      CMP #&02
     AB18   F0 06      BEQ &AB20
     AB1A   20 64 AB   JSR &AB64
     AB1D   4C 23 AB   JMP &AB23
.lock
     AB20   20 53 AB   JSR &AB53
.s1
     AB23   24 B7      BIT &B7
     AB25   30 02      BMI &AB29
     AB27   18         CLC
     AB28   60         RTS
.logging
     AB29   20 D4 AB   JSR &ABD4
.skip
     AB2C   20 94 8C   JSR &8C94
     AB2F   18         CLC
     AB30   A5 B0      LDA &B0
     AB32   69 20      ADC #&20
     AB34   85 B0      STA &B0
     AB36   90 8D      BCC &AAC5
     AB38   A5 B1      LDA &B1
     AB3A   69 00      ADC #&00
     AB3C   C9 0F      CMP #&0F
     AB3E   F0 83      BEQ &AAC3
.exit
     AB40   08         PHP
     AB41   48         PHA
     AB42   A5 AB      LDA &AB
     AB44   C9 FF      CMP #&FF
     AB46   D0 03      BNE &AB4B
     AB48   20 0D A6   JSR &A60D
.nowrite
     AB4B   A0 00      LDY #&00
     AB4D   84 AB      STY &AB
     AB4F   68         PLA
     AB50   28         PLP
     AB51   38         SEC
     AB52   60         RTS
.lock_fat_file
     AB53   A9 80      LDA #&80
     AB55   85 B9      STA &B9
     AB57   A0 0B      LDY #&0B
     AB59   B1 B0      LDA (&B0),Y
     AB5B   09 01      ORA #&01
     AB5D   91 B0      STA (&B0),Y
     AB5F   A9 FF      LDA #&FF
     AB61   85 AB      STA &AB
     AB63   60         RTS
.unlock_fat_file
     AB64   A9 00      LDA #&00
     AB66   85 B9      STA &B9
     AB68   A0 0B      LDY #&0B
     AB6A   B1 B0      LDA (&B0),Y
     AB6C   29 FE      AND #&FE
     AB6E   91 B0      STA (&B0),Y
     AB70   A9 FF      LDA #&FF
     AB72   85 AB      STA &AB
     AB74   60         RTS
.rename_fat_file
     AB75   A2 21      LDX #&21
     AB77   A0 00      LDY #&00
     AB79   A9 2E      LDA #&2E
     AB7B   85 BA      STA &BA
     AB7D   A9 08      LDA #&08
     AB7F   20 88 AB   JSR &AB88
     AB82   A9 02      LDA #&02
     AB84   85 BA      STA &BA
     AB86   A9 0B      LDA #&0B
.copy_and_pad_with_spaces
     AB88   85 BB      STA &BB
.loop
     AB8A   BD 00 10   LDA &1000,X
     AB8D   E8         INX
     AB8E   C5 BA      CMP &BA
     AB90   F0 0E      BEQ &ABA0
     AB92   C4 BB      CPY &BB
     AB94   F0 F4      BEQ &AB8A
     AB96   91 B0      STA (&B0),Y
     AB98   C8         INY
     AB99   D0 EF      BNE &AB8A
.padloop
     AB9B   A9 20      LDA #&20
     AB9D   91 B0      STA (&B0),Y
     AB9F   C8         INY
.pad
     ABA0   C4 BB      CPY &BB
     ABA2   D0 F7      BNE &AB9B
     ABA4   20 0D A6   JSR &A60D
     ABA7   18         CLC
     ABA8   60         RTS
.copy_name
     ABA9   A2 01      LDX #&01
     ABAB   A0 00      LDY #&00
.loop1
     ABAD   B1 B0      LDA (&B0),Y
     ABAF   C9 21      CMP #&21
     ABB1   90 04      BCC &ABB7
     ABB3   9D 00 10   STA &1000,X
     ABB6   E8         INX
.l1
     ABB7   C8         INY
     ABB8   C0 08      CPY #&08
     ABBA   D0 06      BNE &ABC2
.l11
     ABBC   A9 2E      LDA #&2E
     ABBE   9D 00 10   STA &1000,X
     ABC1   E8         INX
.l2
     ABC2   C0 0B      CPY #&0B
     ABC4   D0 E7      BNE &ABAD
.l3
     ABC6   A9 02      LDA #&02
     ABC8   8D 00 10   STA &1000
     ABCB   9D 00 10   STA &1000,X
     ABCE   A9 00      LDA #&00
     ABD0   9D 01 10   STA &1001,X
     ABD3   60         RTS
.print_dir_entry
     ABD4   A2 03      LDX #&03
     ABD6   20 12 AC   JSR &AC12
     ABD9   A2 20      LDX #&20
     ABDB   A5 B8      LDA &B8
     ABDD   F0 02      BEQ &ABE1
     ABDF   A2 2F      LDX #&2F
.l99
     ABE1   8A         TXA
     ABE2   A0 01      LDY #&01
     ABE4   A2 0E      LDX #&0E
.loop1
     ABE6   20 E0 80   JSR &80E0
     ABE9   B9 00 10   LDA &1000,Y
     ABEC   C9 20      CMP #&20
     ABEE   90 11      BCC &AC01
     ABF0   C9 2E      CMP #&2E
     ABF2   F0 04      BEQ &ABF8
.l0
     ABF4   CA         DEX
     ABF5   C8         INY
     ABF6   D0 EE      BNE &ABE6
.l1
     ABF8   B9 01 10   LDA &1001,Y
     ABFB   C9 20      CMP #&20
     ABFD   A9 2E      LDA #&2E
     ABFF   B0 F3      BCS &ABF4
.lx
     AC01   20 12 AC   JSR &AC12
     AC04   A9 4C      LDA #&4C
     AC06   24 B9      BIT &B9
     AC08   30 02      BMI &AC0C
     AC0A   A9 20      LDA #&20
.l00
     AC0C   20 E0 80   JSR &80E0
     AC0F   4C D7 80   JMP &80D7
.lspc
     AC12   20 D7 80   JSR &80D7
     AC15   CA         DEX
     AC16   D0 FA      BNE &AC12
     AC18   60         RTS
.is_XSD
     AC19   A0 0B      LDY #&0B
     AC1B   B1 B0      LDA (&B0),Y
     AC1D   29 10      AND #&10
     AC1F   D0 19      BNE &AC3A
     AC21   A2 FF      LDX #&FF
.loop1
     AC23   A0 08      LDY #&08
     AC25   18         CLC
.loop2
     AC26   E8         INX
     AC27   BD 3D AC   LDA &AC3D,X
     AC2A   30 0A      BMI &AC36
     AC2C   F0 0C      BEQ &AC3A
     AC2E   51 B0      EOR (&B0),Y
     AC30   F0 01      BEQ &AC33
     AC32   38         SEC
.x1
     AC33   C8         INY
     AC34   D0 F0      BNE &AC26
.x2
     AC36   B0 EB      BCS &AC23
     AC38   0A         ASL A
     AC39   60         RTS
.l2
     AC3A   A9 80      LDA #&80
     AC3C   60         RTS
.ext_table
     AC3D   53 53 44 
     AC40   80
     AC41   44 53 44 
     AC44   A0
     AC45   00         BRK
.dir_match
     AC46   A2 0F      LDX #&0F
     AC48   A0 00      LDY #&00
.l00
     AC4A   E8         INX
     AC4B   86 BA      STX &BA
.l0
     AC4D   84 BB      STY &BB
.l1
     AC4F   BD 00 10   LDA &1000,X
     AC52   F0 19      BEQ &AC6D
     AC54   C9 01      CMP #&01
     AC56   F0 F2      BEQ &AC4A
     AC58   B9 00 10   LDA &1000,Y
     AC5B   F0 11      BEQ &AC6E
     AC5D   DD 00 10   CMP &1000,X
     AC60   D0 04      BNE &AC66
     AC62   C8         INY
     AC63   E8         INX
     AC64   D0 E9      BNE &AC4F
.l2
     AC66   A6 BA      LDX &BA
     AC68   A4 BB      LDY &BB
     AC6A   C8         INY
     AC6B   D0 E0      BNE &AC4D
.ex1
     AC6D   18         CLC
.ex2
     AC6E   60         RTS
.mm32_param_count
     AC6F   A9 00      LDA #&00
.mm32_param_count_a
     AC71   48         PHA
     AC72   98         TYA
     AC73   48         PHA
     AC74   A2 00      LDX #&00
.loop1
     AC76   20 C2 81   JSR &81C2
     AC79   F0 08      BEQ &AC83
     AC7B   E8         INX
.loop2
     AC7C   20 A7 81   JSR &81A7
     AC7F   90 FB      BCC &AC7C
     AC81   B0 F3      BCS &AC76
.l1
     AC83   68         PLA
     AC84   A8         TAY
     AC85   68         PLA
     AC86   10 03      BPL &AC8B
     AC88   CA         DEX
     AC89   30 0A      BMI &AC95
.l2
     AC8B   E0 01      CPX #&01
     AC8D   F0 05      BEQ &AC94
     AC8F   B0 04      BCS &AC95
     AC91   6A         ROR A
     AC92   B0 01      BCS &AC95
.l3
     AC94   60         RTS
.err
     AC95   4C 8E 9A   JMP &9A8E
.mm32_param_drive
     AC98   90 10      BCC &ACAA
     AC9A   20 C2 81   JSR &81C2
     AC9D   20 06 8C   JSR &8C06
     ACA0   20 A7 81   JSR &81A7
     ACA3   A5 CD      LDA &CD
     ACA5   B0 06      BCS &ACAD
     ACA7   4C 16 8C   JMP &8C16
.l1
     ACAA   AD CA 10   LDA &10CA
.l2
     ACAD   29 01      AND #&01
     ACAF   85 CD      STA &CD
     ACB1   60         RTS
.mm32_param_filename
     ACB2   66 B7      ROR &B7
     ACB4   A2 01      LDX #&01
     ACB6   86 B2      STX &B2
     ACB8   86 B3      STX &B3
     ACBA   86 B4      STX &B4
     ACBC   86 B5      STX &B5
     ACBE   20 C2 81   JSR &81C2
     ACC1   F0 48      BEQ &AD0B
.loop1
     ACC3   20 A7 81   JSR &81A7
     ACC6   B0 43      BCS &AD0B
     ACC8   C9 2F      CMP #&2F
     ACCA   D0 09      BNE &ACD5
     ACCC   66 B2      ROR &B2
     ACCE   D0 F3      BNE &ACC3
.loop2
     ACD0   20 A7 81   JSR &81A7
     ACD3   B0 36      BCS &AD0B
.l0
     ACD5   24 B7      BIT &B7
     ACD7   10 0E      BPL &ACE7
     ACD9   C9 2A      CMP #&2A
     ACDB   D0 0A      BNE &ACE7
     ACDD   24 B3      BIT &B3
     ACDF   30 EF      BMI &ACD0
     ACE1   66 B3      ROR &B3
     ACE3   A9 01      LDA #&01
     ACE5   D0 1B      BNE &AD02
.l1
     ACE7   46 B3      LSR &B3
     ACE9   C9 2E      CMP #&2E
     ACEB   D0 08      BNE &ACF5
     ACED   24 B5      BIT &B5
     ACEF   10 11      BPL &AD02
     ACF1   66 B4      ROR &B4
     ACF3   30 0D      BMI &AD02
.l2
     ACF5   38         SEC
     ACF6   66 B5      ROR &B5
     ACF8   C9 61      CMP #&61
     ACFA   90 06      BCC &AD02
     ACFC   C9 7B      CMP #&7B
     ACFE   B0 02      BCS &AD02
     AD00   49 20      EOR #&20
.l3
     AD02   9D 10 10   STA &1010,X
     AD05   E8         INX
     AD06   E0 10      CPX #&10
     AD08   D0 C6      BNE &ACD0
     AD0A   60         RTS
.exloop
     AD0B   CA         DEX
     AD0C   F0 18      BEQ &AD26
     AD0E   24 B7      BIT &B7
     AD10   30 0A      BMI &AD1C
     AD12   24 B4      BIT &B4
     AD14   30 06      BMI &AD1C
     AD16   A9 2E      LDA #&2E
     AD18   9D 11 10   STA &1011,X
     AD1B   E8         INX
.lx1
     AD1C   A9 02      LDA #&02
     AD1E   8D 10 10   STA &1010
     AD21   E8         INX
     AD22   9D 10 10   STA &1010,X
     AD25   E8         INX
.lx2
     AD26   A9 00      LDA #&00
     AD28   9D 10 10   STA &1010,X
     AD2B   AD 10 10   LDA &1010
     AD2E   18         CLC
     AD2F   60         RTS
.mm32_swap_str_16_32
     AD30   A2 10      LDX #&10
.loop
     AD32   BD 0F 10   LDA &100F,X
     AD35   48         PHA
     AD36   BD 1F 10   LDA &101F,X
     AD39   9D 0F 10   STA &100F,X
     AD3C   68         PLA
     AD3D   9D 1F 10   STA &101F,X
     AD40   CA         DEX
     AD41   D0 EF      BNE &AD32
     AD43   60         RTS
.mm32_cmd_dcat
     AD44   20 6F AC   JSR &AC6F
     AD47   38         SEC
     AD48   20 B2 AC   JSR &ACB2
     AD4B   A9 00      LDA #&00
     AD4D   85 AA      STA &AA
     AD4F   20 A1 AA   JSR &AAA1
     AD52   A9 86      LDA #&86
     AD54   20 F4 FF   JSR &FFF4
     AD57   E0 00      CPX #&00
     AD59   F0 03      BEQ &AD5E
     AD5B   20 7C 83   JSR &837C
.dcEven
     AD5E   60         RTS
.mm32_cmd_dboot
     AD5F   A9 00      LDA #&00
     AD61   85 CD      STA &CD
     AD63   20 6F AC   JSR &AC6F
     AD66   B0 11      BCS &AD79
     AD68   A2 00      LDX #&00
.loop
     AD6A   BD 86 AD   LDA &AD86,X
     AD6D   9D 10 10   STA &1010,X
     AD70   F0 03      BEQ &AD75
     AD72   E8         INX
     AD73   D0 F5      BNE &AD6A
.l1
     AD75   85 B7      STA &B7
     AD77   85 B2      STA &B2
.l2
     AD79   A9 00      LDA #&00
     AD7B   20 FF AD   JSR &ADFF
     AD7E   90 01      BCC &AD81
     AD80   60         RTS
.l3
     AD81   A9 00      LDA #&00
     AD83   4C F3 8C   JMP &8CF3
.bootdisk
     AD86   02
     AD87   42 4F 4F ...
     AD8C   02
     AD8D   00
.mm32_cmd_din
     AD8E   A9 80      LDA #&80
     AD90   20 71 AC   JSR &AC71
     AD93   20 98 AC   JSR &AC98
     AD96   A9 00      LDA #&00
     AD98   4C FE AD   JMP &ADFE
.mm32_cmd_autoload
     AD9B   A2 00      LDX #&00
     AD9D   86 CD      STX &CD
.loop
     AD9F   BD B5 AD   LDA &ADB5,X
     ADA2   9D 10 10   STA &1010,X
     ADA5   F0 03      BEQ &ADAA
     ADA7   E8         INX
     ADA8   D0 F5      BNE &AD9F
.l1
     ADAA   85 B7      STA &B7
     ADAC   85 B2      STA &B2
     ADAE   18         CLC
     ADAF   A9 02      LDA #&02
     ADB1   4C FF AD   JMP &ADFF
     ADB4   60         RTS
.bootdisk
     ADB5   02
     ADB6   42 4F 4F ...
     ADBB   02
     ADBC   00
.mm32_add_ssd_ext
     ADBD   A0 01      LDY #&01
.l0
     ADBF   B9 10 10   LDA &1010,Y
     ADC2   C8         INY
     ADC3   C9 2E      CMP #&2E
     ADC5   D0 F8      BNE &ADBF
.s1
     ADC7   A9 53      LDA #&53
     ADC9   99 10 10   STA &1010,Y
     ADCC   99 11 10   STA &1011,Y
     ADCF   A9 44      LDA #&44
     ADD1   99 12 10   STA &1012,Y
     ADD4   A9 02      LDA #&02
     ADD6   99 13 10   STA &1013,Y
     ADD9   A9 00      LDA #&00
     ADDB   99 14 10   STA &1014,Y
     ADDE   60         RTS
.mm32_upd_dsktbl
     ADDF   A2 00      LDX #&00
     ADE1   A5 CD      LDA &CD
     ADE3   0A         ASL A
     ADE4   0A         ASL A
     ADE5   0A         ASL A
     ADE6   0A         ASL A
     ADE7   A8         TAY
.l0
     ADE8   BD 10 10   LDA &1010,X
     ADEB   99 C0 11   STA &11C0,Y
     ADEE   E8         INX
     ADEF   C8         INY
     ADF0   E0 10      CPX #&10
     ADF2   D0 F4      BNE &ADE8
     ADF4   60         RTS
.mm32_cmd_ddir
     ADF5   20 6F AC   JSR &AC6F
     ADF8   A9 02      LDA #&02
     ADFA   85 CD      STA &CD
     ADFC   A9 01      LDA #&01
.mm32_chain_open
     ADFE   38         SEC
.mm32_chain_open2
     ADFF   48         PHA
     AE00   90 08      BCC &AE0A
     AE02   18         CLC
     AE03   20 B2 AC   JSR &ACB2
     AE06   B0 33      BCS &AE3B
     AE08   F0 65      BEQ &AE6F
.l0
     AE0A   A5 CD      LDA &CD
     AE0C   C9 02      CMP #&02
     AE0E   66 B2      ROR &B2
     AE10   A9 00      LDA #&00
     AE12   85 AA      STA &AA
     AE14   20 A1 AA   JSR &AAA1
     AE17   90 2C      BCC &AE45
     AE19   68         PLA
     AE1A   48         PHA
     AE1B   29 01      AND #&01
     AE1D   D0 1C      BNE &AE3B
     AE1F   20 BD AD   JSR &ADBD
     AE22   20 A1 AA   JSR &AAA1
     AE25   90 1E      BCC &AE45
.mm32_change_ext_dsd
     AE27   A0 01      LDY #&01
.l0
     AE29   B9 10 10   LDA &1010,Y
     AE2C   C8         INY
     AE2D   C9 2E      CMP #&2E
     AE2F   D0 F8      BNE &AE29
.s1
     AE31   A9 44      LDA #&44
     AE33   99 10 10   STA &1010,Y
     AE36   20 A1 AA   JSR &AAA1
     AE39   90 0A      BCC &AE45
.notfound
     AE3B   68         PLA
     AE3C   29 02      AND #&02
     AE3E   F0 02      BEQ &AE42
     AE40   38         SEC
     AE41   60         RTS
.notautoload
     AE42   4C 3F 82   JMP &823F
.found
     AE45   68         PLA
     AE46   48         PHA
     AE47   29 01      AND #&01
     AE49   F0 06      BEQ &AE51
     AE4B   68         PLA
     AE4C   A5 B8      LDA &B8
     AE4E   D0 28      BNE &AE78
     AE50   60         RTS
.file
     AE51   68         PLA
     AE52   A6 B8      LDX &B8
     AE54   F0 22      BEQ &AE78
     AE56   29 02      AND #&02
     AE58   F0 02      BEQ &AE5C
     AE5A   38         SEC
     AE5B   60         RTS
.notautoload2
     AE5C   20 70 80   JSR &8070
     AE5F   D6
     AE60   49 73 20 ...
     AE6C   00
     AE6D   EA         NOP
     AE6E   60         RTS
.zerolen
     AE6F   68         PLA
     AE70   A5 B2      LDA &B2
     AE72   29 80      AND #&80
     AE74   A8         TAY
     AE75   4C E4 AE   JMP &AEE4
.okay
     AE78   20 DF AD   JSR &ADDF
     AE7B   A0 1A      LDY #&1A
     AE7D   B1 B0      LDA (&B0),Y
     AE7F   85 B7      STA &B7
     AE81   C8         INY
     AE82   B1 B0      LDA (&B0),Y
     AE84   85 B8      STA &B8
     AE86   A0 14      LDY #&14
     AE88   B1 B0      LDA (&B0),Y
     AE8A   05 B9      ORA &B9
     AE8C   85 B9      STA &B9
     AE8E   A5 CD      LDA &CD
     AE90   C9 02      CMP #&02
     AE92   F0 1D      BEQ &AEB1
     AE94   49 01      EOR #&01
     AE96   AA         TAX
     AE97   A5 B7      LDA &B7
     AE99   DD E5 10   CMP &10E5,X
     AE9C   D0 13      BNE &AEB1
     AE9E   A5 B8      LDA &B8
     AEA0   DD E8 10   CMP &10E8,X
     AEA3   D0 0C      BNE &AEB1
     AEA5   A5 B9      LDA &B9
     AEA7   DD EB 10   CMP &10EB,X
     AEAA   D0 05      BNE &AEB1
     AEAC   A0 00      LDY #&00
     AEAE   20 E6 AE   JSR &AEE6
.l1
     AEB1   20 71 A1   JSR &A171
     AEB4   A6 CD      LDX &CD
     AEB6   A5 B7      LDA &B7
     AEB8   9D E5 10   STA &10E5,X
     AEBB   A5 B8      LDA &B8
     AEBD   9D E8 10   STA &10E8,X
     AEC0   A5 B9      LDA &B9
     AEC2   9D EB 10   STA &10EB,X
     AEC5   4C 85 A1   JMP &A185
.mm32_cmd_dout
     AEC8   20 6F AC   JSR &AC6F
     AECB   20 98 AC   JSR &AC98
     AECE   A2 00      LDX #&00
     AED0   A5 CD      LDA &CD
     AED2   0A         ASL A
     AED3   0A         ASL A
     AED4   0A         ASL A
     AED5   0A         ASL A
     AED6   A8         TAY
     AED7   A9 20      LDA #&20
.s0
     AED9   99 C0 11   STA &11C0,Y
     AEDC   E8         INX
     AEDD   C8         INY
     AEDE   E0 10      CPX #&10
     AEE0   D0 F7      BNE &AED9
     AEE2   A0 00      LDY #&00
.mm32_clear_cluster_index
     AEE4   A6 CD      LDX &CD
.mm32_clear_cluster_index_x
     AEE6   20 71 A1   JSR &A171
     AEE9   A9 00      LDA #&00
     AEEB   9D E5 10   STA &10E5,X
     AEEE   9D E8 10   STA &10E8,X
     AEF1   98         TYA
     AEF2   9D EB 10   STA &10EB,X
     AEF5   4C 85 A1   JMP &A185
.mm32_cmd_ddrive
     AEF8   A0 00      LDY #&00
.l1
     AEFA   98         TYA
     AEFB   48         PHA
     AEFC   A9 3A      LDA #&3A
     AEFE   20 EE FF   JSR &FFEE
     AF01   68         PLA
     AF02   48         PHA
     AF03   18         CLC
     AF04   69 30      ADC #&30
     AF06   20 EE FF   JSR &FFEE
     AF09   A9 20      LDA #&20
     AF0B   20 EE FF   JSR &FFEE
     AF0E   68         PLA
     AF0F   48         PHA
     AF10   0A         ASL A
     AF11   0A         ASL A
     AF12   0A         ASL A
     AF13   0A         ASL A
     AF14   AA         TAX
     AF15   A0 00      LDY #&00
     AF17   BD C0 11   LDA &11C0,X
     AF1A   C9 02      CMP #&02
     AF1C   D0 1C      BNE &AF3A
     AF1E   E8         INX
.l2
     AF1F   BD C0 11   LDA &11C0,X
     AF22   C9 02      CMP #&02
     AF24   F0 09      BEQ &AF2F
     AF26   20 EE FF   JSR &FFEE
     AF29   E8         INX
     AF2A   C8         INY
     AF2B   C0 10      CPY #&10
     AF2D   D0 F0      BNE &AF1F
.s1
     AF2F   20 7C 83   JSR &837C
     AF32   68         PLA
     AF33   A8         TAY
     AF34   C8         INY
     AF35   C0 02      CPY #&02
     AF37   D0 C1      BNE &AEFA
     AF39   60         RTS
.empty
     AF3A   20 9D 80   JSR &809D
     AF3D   3C 45 6D ...
     AF44   EA         NOP
     AF45   4C 2F AF   JMP &AF2F
.mm32_cmd_daccess
     AF48   A9 80      LDA #&80
     AF4A   20 71 AC   JSR &AC71
     AF4D   38         SEC
     AF4E   20 B2 AC   JSR &ACB2
     AF51   A2 01      LDX #&01
     AF53   20 C2 81   JSR &81C2
     AF56   D0 14      BNE &AF6C
.gotflag
     AF58   86 AA      STX &AA
     AF5A   20 A1 AA   JSR &AAA1
     AF5D   A9 86      LDA #&86
     AF5F   20 F4 FF   JSR &FFF4
     AF62   E0 00      CPX #&00
     AF64   F0 03      BEQ &AF69
     AF66   20 7C 83   JSR &837C
.dcEven
     AF69   60         RTS
.parmloop
     AF6A   A2 02      LDX #&02
.getparm
     AF6C   20 A7 81   JSR &81A7
     AF6F   B0 E7      BCS &AF58
     AF71   29 5F      AND #&5F
     AF73   C9 4C      CMP #&4C
     AF75   F0 F3      BEQ &AF6A
.errbadparm
     AF77   20 56 80   JSR &8056
     AF7A   CF
     AF7B   61 74 74 ...
     AF84   00
.mm32_cmd_drename
     AF85   A9 81      LDA #&81
     AF87   20 71 AC   JSR &AC71
     AF8A   18         CLC
     AF8B   20 B2 AC   JSR &ACB2
     AF8E   20 30 AD   JSR &AD30
     AF91   18         CLC
     AF92   20 B2 AC   JSR &ACB2
     AF95   20 C1 AF   JSR &AFC1
     AF98   90 16      BCC &AFB0
     AF9A   A9 00      LDA #&00
     AF9C   85 AA      STA &AA
     AF9E   20 A1 AA   JSR &AAA1
     AFA1   90 10      BCC &AFB3
     AFA3   20 30 AD   JSR &AD30
     AFA6   A9 03      LDA #&03
     AFA8   85 AA      STA &AA
     AFAA   20 A1 AA   JSR &AAA1
     AFAD   B0 0F      BCS &AFBE
     AFAF   60         RTS
.badname
     AFB0   4C 83 81   JMP &8183
.destexists
     AFB3   20 60 80   JSR &8060
     AFB6   C4
     AFB7   45 78 69 ...
     AFBD   00
.notfound
     AFBE   4C 3F 82   JMP &823F
.mm32_check_filename
     AFC1   AD 10 10   LDA &1010
     AFC4   C9 02      CMP #&02
     AFC6   D0 2B      BNE &AFF3
     AFC8   AD 11 10   LDA &1011
     AFCB   C9 2E      CMP #&2E
     AFCD   F0 24      BEQ &AFF3
     AFCF   A2 01      LDX #&01
     AFD1   86 BA      STX &BA
.checknameloop
     AFD3   BD 10 10   LDA &1010,X
     AFD6   E8         INX
     AFD7   E0 11      CPX #&11
     AFD9   F0 18      BEQ &AFF3
     AFDB   C9 02      CMP #&02
     AFDD   F0 15      BEQ &AFF4
     AFDF   C9 2E      CMP #&2E
     AFE1   D0 04      BNE &AFE7
     AFE3   C6 BA      DEC &BA
     AFE5   30 0C      BMI &AFF3
.notdot
     AFE7   A0 0E      LDY #&0E
.checkcharloop
     AFE9   D9 F4 AF   CMP &AFF4,Y
     AFEC   F0 05      BEQ &AFF3
     AFEE   88         DEY
     AFEF   D0 F8      BNE &AFE9
     AFF1   F0 E0      BEQ &AFD3
.badname
     AFF3   18         CLC
.checknameend
     AFF4   60         RTS
.invalid_chars
     AFF5   22
     AFF6   2A
     AFF7   2B
     AFF8   2C
     AFF9   2F
     AFFA   3A
     AFFB   3B
     AFFC   3C
     AFFD   3D
     AFFE   3E
     AFFF   3F
     B000   5B
     B001   5C
     B002   5D
.invalid_chars_end
.mm32_disk_seek_sector
     B003   8C A5 10   STY &10A5
     B006   8D A4 10   STA &10A4
     B009   A5 CD      LDA &CD
     B00B   29 01      AND #&01
     B00D   A8         TAY
     B00E   20 87 A9   JSR &A987
     B011   70 0B      BVS &B01E
     B013   24 C2      BIT &C2
     B015   A5 CD      LDA &CD
     B017   6A         ROR A
     B018   6A         ROR A
     B019   90 04      BCC &B01F
     B01B   70 02      BVS &B01F
.l1
     B01D   B8         CLV
.l2
     B01E   60         RTS
.l3
     B01F   50 05      BVC &B026
     B021   2E A5 10   ROL &10A5
     B024   B0 F7      BCS &B01D
.l4
     B026   AC A5 10   LDY &10A5
     B029   F0 04      BEQ &B02F
.loop1
     B02B   A2 04      LDX #&04
     B02D   D0 08      BNE &B037
.l5
     B02F   AD A4 10   LDA &10A4
     B032   4A         LSR A
     B033   F0 11      BEQ &B046
     B035   AA         TAX
     B036   CA         DEX
.loop2
     B037   20 BB A9   JSR &A9BB
     B03A   B0 E1      BCS &B01D
     B03C   CA         DEX
     B03D   10 F8      BPL &B037
     B03F   88         DEY
     B040   F0 ED      BEQ &B02F
     B042   C0 FF      CPY #&FF
     B044   D0 E5      BNE &B02B
.l6
     B046   20 7F B0   JSR &B07F
     B049   B0 D2      BCS &B01D
     B04B   6E A4 10   ROR &10A4
     B04E   90 02      BCC &B052
     B050   E6 BE      INC &BE
.l7
     B052   0E A4 10   ASL &10A4
     B055   B8         CLV
     B056   18         CLC
     B057   60         RTS
.mm32_disk_next_sector
     B058   20 1E 84   JSR &841E
     B05B   A0 01      LDY #&01
     B05D   AE A4 10   LDX &10A4
     B060   E8         INX
     B061   E8         INX
     B062   E0 0A      CPX #&0A
     B064   D0 0E      BNE &B074
     B066   A2 00      LDX #&00
     B068   EE A5 10   INC &10A5
     B06B   24 C2      BIT &C2
     B06D   50 05      BVC &B074
     B06F   A0 06      LDY #&06
     B071   EE A5 10   INC &10A5
.l1
     B074   8E A4 10   STX &10A4
.loop1
     B077   20 BB A9   JSR &A9BB
     B07A   B0 47      BCS &B0C3
     B07C   88         DEY
     B07D   D0 F8      BNE &B077
.mm32_SECT_X_Address
     B07F   A2 02      LDX #&02
.loop1
     B081   B5 C8      LDA &C8,X
     B083   95 BE      STA &BE,X
     B085   CA         DEX
     B086   10 F9      BPL &B081
     B088   AD E4 10   LDA &10E4
.loop2
     B08B   4A         LSR A
     B08C   B0 09      BCS &B097
     B08E   06 BE      ASL &BE
     B090   26 BF      ROL &BF
     B092   26 C0      ROL &C0
     B094   90 F5      BCC &B08B
     B096   60         RTS
.l3
     B097   18         CLC
     B098   A5 BE      LDA &BE
     B09A   6D E2 10   ADC &10E2
     B09D   85 BE      STA &BE
     B09F   A5 BF      LDA &BF
     B0A1   6D E3 10   ADC &10E3
     B0A4   85 BF      STA &BF
     B0A6   90 02      BCC &B0AA
     B0A8   E6 C0      INC &C0
.l4
     B0AA   38         SEC
     B0AB   AD E4 10   LDA &10E4
     B0AE   E5 CB      SBC &CB
     B0B0   18         CLC
     B0B1   65 BE      ADC &BE
     B0B3   85 BE      STA &BE
     B0B5   90 06      BCC &B0BD
     B0B7   E6 BF      INC &BF
     B0B9   D0 02      BNE &B0BD
     B0BB   E6 C0      INC &C0
.l5
.mm32_lba_to_256
     B0BD   06 BE      ASL &BE
     B0BF   26 BF      ROL &BF
     B0C1   26 C0      ROL &C0
.l2rts
     B0C3   60         RTS
.mm32_MMC_error
     B0C4   85 B0      STA &B0
     B0C6   20 60 80   JSR &8060
     B0C9   C5
     B0CA   4D 4D 43 ...
     B0CE   EA         NOP
     B0CF   68         PLA
     B0D0   85 B8      STA &B8
     B0D2   68         PLA
     B0D3   85 B9      STA &B9
     B0D5   A0 00      LDY #&00
     B0D7   8C AF 10   STY &10AF
.loop1
     B0DA   C8         INY
     B0DB   B1 B8      LDA (&B8),Y
     B0DD   F0 05      BEQ &B0E4
     B0DF   20 02 B1   JSR &B102
     B0E2   D0 F6      BNE &B0DA
.l1
     B0E4   A8         TAY
     B0E5   A5 B0      LDA &B0
     B0E7   20 A8 8C   JSR &8CA8
     B0EA   A9 2F      LDA #&2F
     B0EC   20 02 B1   JSR &B102
.loop2
     B0EF   B9 89 10   LDA &1089,Y
     B0F2   20 A8 8C   JSR &8CA8
     B0F5   C8         INY
     B0F6   C0 04      CPY #&04
     B0F8   D0 F5      BNE &B0EF
     B0FA   A9 00      LDA #&00
     B0FC   9D 00 01   STA &0100,X
     B0FF   4C 00 01   JMP &0100
.mm32_PrintChr100
     B102   9D 00 01   STA &0100,X
     B105   E8         INX
     B106   60         RTS
.Osword7F_8271_Emulation
     B107   A0 06      LDY #&06
     B109   B1 B0      LDA (&B0),Y
     B10B   A2 10      LDX #&10
.loop1
     B10D   DD 6C B2   CMP &B26C,X
     B110   F0 05      BEQ &B117
     B112   CA         DEX
     B113   10 F8      BPL &B10D
     B115   30 0F      BMI &B126
.l2
     B117   20 49 B1   JSR &B149
     B11A   48         PHA
     B11B   A0 05      LDY #&05
     B11D   B1 B0      LDA (&B0),Y
     B11F   18         CLC
     B120   69 07      ADC #&07
     B122   A8         TAY
     B123   68         PLA
     B124   91 B0      STA (&B0),Y
.l3
     B126   A9 00      LDA #&00
     B128   60         RTS
.spec_reg
     B129   A0 07      LDY #&07
     B12B   B1 B0      LDA (&B0),Y
     B12D   C9 06      CMP #&06
     B12F   D0 04      BNE &B135
     B131   AD A4 10   LDA &10A4
     B134   60         RTS
.l1
     B135   C9 12      CMP #&12
     B137   D0 09      BNE &B142
.l2
     B139   AD A5 10   LDA &10A5
     B13C   24 C2      BIT &C2
     B13E   50 01      BVC &B141
     B140   4A         LSR A
.l3
     B141   60         RTS
.l4
     B142   C9 1A      CMP #&1A
     B144   F0 F3      BEQ &B139
     B146   A9 00      LDA #&00
     B148   60         RTS
.ow7f_1
     B149   BD 7C B2   LDA &B27C,X
     B14C   F0 DB      BEQ &B129
     B14E   48         PHA
     B14F   88         DEY
     B150   29 0F      AND #&0F
     B152   D1 B0      CMP (&B0),Y
     B154   D0 27      BNE &B17D
     B156   20 BE A7   JSR &A7BE
     B159   68         PLA
     B15A   85 C7      STA &C7
     B15C   A0 0B      LDY #&0B
.loop1
     B15E   B1 B0      LDA (&B0),Y
     B160   99 BB 00   STA &00BB,Y
     B163   C0 05      CPY #&05
     B165   B0 03      BCS &B16A
     B167   99 A9 10   STA &10A9,Y
.l0
     B16A   88         DEY
     B16B   D0 F1      BNE &B15E
     B16D   B1 B0      LDA (&B0),Y
     B16F   30 03      BMI &B174
     B171   20 F9 8B   JSR &8BF9
.l1
     B174   20 87 B1   JSR &B187
     B177   48         PHA
     B178   20 11 A8   JSR &A811
     B17B   68         PLA
     B17C   60         RTS
.owfault
     B17D   68         PLA
     B17E   A9 FF      LDA #&FF
     B180   60         RTS
.owdrvnotrdy
     B181   A9 10      LDA #&10
     B183   60         RTS
.ownosector
     B184   A9 1E      LDA #&1E
     B186   60         RTS
.ow7f_2
     B187   A9 10      LDA #&10
     B189   24 C7      BIT &C7
     B18B   D0 04      BNE &B191
     B18D   10 33      BPL &B1C2
     B18F   30 23      BMI &B1B4
.l10
     B191   A5 C2      LDA &C2
     B193   0A         ASL A
     B194   85 BE      STA &BE
     B196   A5 C3      LDA &C3
     B198   2A         ROL A
     B199   85 BF      STA &BF
     B19B   A5 C4      LDA &C4
     B19D   30 E5      BMI &B184
     B19F   2A         ROL A
     B1A0   85 C0      STA &C0
     B1A2   A5 C5      LDA &C5
     B1A4   0A         ASL A
     B1A5   85 C4      STA &C4
     B1A7   B0 DB      BCS &B184
     B1A9   A9 00      LDA #&00
     B1AB   85 C5      STA &C5
     B1AD   85 C6      STA &C6
     B1AF   26 C7      ROL &C7
     B1B1   4C 22 B2   JMP &B222
.l11
     B1B4   A5 C6      LDA &C6
     B1B6   F0 27      BEQ &B1DF
     B1B8   E6 C4      INC &C4
     B1BA   D0 23      BNE &B1DF
     B1BC   E6 C5      INC &C5
     B1BE   D0 1F      BNE &B1DF
     B1C0   F0 C2      BEQ &B184
.l0
     B1C2   A5 C4      LDA &C4
     B1C4   50 02      BVC &B1C8
     B1C6   A9 0A      LDA #&0A
.l1
     B1C8   29 1F      AND #&1F
     B1CA   85 C4      STA &C4
     B1CC   70 07      BVS &B1D5
     B1CE   18         CLC
     B1CF   65 C3      ADC &C3
     B1D1   C9 0B      CMP #&0B
     B1D3   B0 AF      BCS &B184
.l2
     B1D5   A9 00      LDA #&00
     B1D7   85 C5      STA &C5
     B1D9   85 C6      STA &C6
     B1DB   50 02      BVC &B1DF
     B1DD   85 C3      STA &C3
.l3
     B1DF   A5 C3      LDA &C3
     B1E1   C9 0A      CMP #&0A
     B1E3   B0 9F      BCS &B184
.l4
     B1E5   A4 C2      LDY &C2
     B1E7   20 03 B0   JSR &B003
     B1EA   70 95      BVS &B181
     B1EC   B0 96      BCS &B184
     B1EE   26 C7      ROL &C7
     B1F0   24 C7      BIT &C7
     B1F2   50 07      BVC &B1FB
     B1F4   24 C2      BIT &C2
     B1F6   10 03      BPL &B1FB
     B1F8   A9 12      LDA #&12
     B1FA   60         RTS
.l5
     B1FB   24 C7      BIT &C7
     B1FD   30 40      BMI &B23F
     B1FF   66 C3      ROR &C3
     B201   B0 1F      BCS &B222
     B203   A5 C4      LDA &C4
     B205   C9 02      CMP #&02
     B207   D0 19      BNE &B222
     B209   A5 BD      LDA &BD
     B20B   C9 0E      CMP #&0E
     B20D   D0 13      BNE &B222
     B20F   AD AC 10   LDA &10AC
     B212   2D AD 10   AND &10AD
     B215   0D D6 10   ORA &10D6
     B218   49 FF      EOR #&FF
     B21A   05 BC      ORA &BC
     B21C   05 C5      ORA &C5
     B21E   05 C6      ORA &C6
     B220   F0 2F      BEQ &B251
.l6
     B222   24 C7      BIT &C7
     B224   70 13      BVS &B239
     B226   20 45 A6   JSR &A645
.l7
     B229   AD AE 10   LDA &10AE
     B22C   F0 03      BEQ &B231
     B22E   20 8C 8C   JSR &8C8C
.l8
     B231   2C A6 10   BIT &10A6
     B234   30 33      BMI &B269
.OK
     B236   A9 00      LDA #&00
     B238   60         RTS
.l9
     B239   20 FB A6   JSR &A6FB
     B23C   4C 29 B2   JMP &B229
.vform
     B23F   A0 FF      LDY #&FF
     B241   8C 82 10   STY &1082
     B244   50 0B      BVC &B251
     B246   C8         INY
     B247   98         TYA
.floop
     B248   99 00 0E   STA &0E00,Y
     B24B   99 00 0F   STA &0F00,Y
     B24E   C8         INY
     B24F   D0 F7      BNE &B248
.cat
.loop
     B251   24 C7      BIT &C7
     B253   70 06      BVS &B25B
     B255   20 F6 A5   JSR &A5F6
     B258   4C 5E B2   JMP &B25E
.k1
     B25B   20 0D A6   JSR &A60D
.k2
     B25E   C6 C4      DEC &C4
     B260   C6 C4      DEC &C4
     B262   F0 D2      BEQ &B236
     B264   20 58 B0   JSR &B058
     B267   90 E8      BCC &B251
.ownosector2
     B269   A9 1E      LDA #&1E
     B26B   60         RTS
.owtable1
     B26C   7D
     B26D   4A
     B26E   4B
     B26F   4C
     B270   4E
     B271   4F
     B272   52
     B273   53
     B274   54
     B275   56
     B276   57
     B277   5E
     B278   5F
     B279   63
     B27A   A5
     B27B   85
.owtable2
     B27C   00
     B27D   23
     B27E   23
     B27F   34
     B280   23
     B281   23
     B282   03
     B283   03
     B284   14
     B285   03
     B286   03
     B287   45
     B288   43
     B289   65
     B28A   A5
     B28B   85
Processed file 'MM32.asm' ok
Including file Utilities.asm
.CMD_DUMP
     B28C   A9 40      LDA #&40
     B28E   20 7C B3   JSR &B37C
     B291   A9 00      LDA #&00
     B293   48         PHA
     B294   AA         TAX
     B295   F0 06      BEQ &B29D
.dump_inc_address
     B297   69 08      ADC #&08
     B299   48         PHA
     B29A   90 01      BCC &B29D
     B29C   E8         INX
.dump_loop
     B29D   8A         TXA
     B29E   20 0C 81   JSR &810C
     B2A1   68         PLA
     B2A2   48         PHA
     B2A3   20 0C 81   JSR &810C
     B2A6   8A         TXA
     B2A7   48         PHA
     B2A8   20 1D 81   JSR &811D
     B2AB   A2 07      LDX #&07
.dump_getbytes_loop
     B2AD   20 D7 FF   JSR &FFD7
     B2B0   B0 0B      BCS &B2BD
     B2B2   95 A8      STA &A8,X
     B2B4   20 0C 81   JSR &810C
     B2B7   20 1D 81   JSR &811D
     B2BA   CA         DEX
     B2BB   10 F0      BPL &B2AD
.dump_eof
     B2BD   08         PHP
     B2BE   90 12      BCC &B2D2
.dump_padnum_loop
     B2C0   A9 2A      LDA #&2A
     B2C2   20 EE FF   JSR &FFEE
     B2C5   20 EE FF   JSR &FFEE
     B2C8   20 1D 81   JSR &811D
     B2CB   A9 00      LDA #&00
     B2CD   95 A8      STA &A8,X
     B2CF   CA         DEX
     B2D0   10 EE      BPL &B2C0
.dump_noteof
     B2D2   A2 07      LDX #&07
.dump_chr_loop
     B2D4   B5 A8      LDA &A8,X
     B2D6   29 7F      AND #&7F
     B2D8   C9 7F      CMP #&7F
     B2DA   F0 04      BEQ &B2E0
     B2DC   C9 20      CMP #&20
     B2DE   B0 02      BCS &B2E2
.showchrdot
     B2E0   A9 2E      LDA #&2E
.showchrexit
     B2E2   20 EE FF   JSR &FFEE
     B2E5   CA         DEX
     B2E6   10 EC      BPL &B2D4
     B2E8   20 E7 FF   JSR &FFE7
     B2EB   28         PLP
     B2EC   68         PLA
     B2ED   AA         TAX
     B2EE   68         PLA
     B2EF   24 FF      BIT &FF
     B2F1   30 3A      BMI &B32D
     B2F3   90 A2      BCC &B297
     B2F5   B0 31      BCS &B328
.CMD_TYPE
     B2F7   A9 00      LDA #&00
     B2F9   F0 02      BEQ &B2FD
.CMD_LIST
     B2FB   A9 FF      LDA #&FF
.type
     B2FD   85 AA      STA &AA
     B2FF   A9 40      LDA #&40
     B301   20 7C B3   JSR &B37C
     B304   A9 0D      LDA #&0D
.list_loop_entry
     B306   25 AA      AND &AA
     B308   49 0D      EOR #&0D
     B30A   AA         TAX
.list_loop
     B30B   20 D7 FF   JSR &FFD7
     B30E   B0 15      BCS &B325
     B310   C9 0A      CMP #&0A
     B312   F0 F7      BEQ &B30B
     B314   48         PHA
     B315   8A         TXA
     B316   D0 03      BNE &B31B
     B318   20 AD B3   JSR &B3AD
.list_skiplineno
     B31B   68         PLA
     B31C   20 E3 FF   JSR &FFE3
     B31F   24 FF      BIT &FF
     B321   30 0A      BMI &B32D
     B323   10 E1      BPL &B306
.list_eof
     B325   20 E7 FF   JSR &FFE7
.Utils_CloseFile_Yhandle
     B328   A9 00      LDA #&00
     B32A   4C CE FF   JMP &FFCE
.Utils_ESCAPE_CloseFileY
     B32D   20 28 B3   JSR &B328
     B330   4C 98 8C   JMP &8C98
.CMD_BUILD
     B333   A9 80      LDA #&80
     B335   20 7C B3   JSR &B37C
     B338   85 AA      STA &AA
     B33A   A6 F4      LDX &F4
     B33C   BD F0 0D   LDA &0DF0,X
     B33F   29 3F      AND #&3F
     B341   85 AC      STA &AC
     B343   E6 AC      INC &AC
     B345   A9 20      LDA #&20
     B347   85 AE      STA &AE
.build_loop1
     B349   20 AD B3   JSR &B3AD
     B34C   A0 FF      LDY #&FF
     B34E   84 AD      STY &AD
     B350   84 AF      STY &AF
     B352   C8         INY
     B353   84 AB      STY &AB
     B355   98         TYA
     B356   A2 AB      LDX #&AB
     B358   20 F1 FF   JSR &FFF1
     B35B   08         PHP
     B35C   84 AF      STY &AF
     B35E   A4 AA      LDY &AA
     B360   A2 00      LDX #&00
     B362   F0 07      BEQ &B36B
.build_loop2
     B364   A1 AB      LDA (&AB,X)
     B366   20 D4 FF   JSR &FFD4
     B369   E6 AB      INC &AB
.build_loop2entry
     B36B   A5 AB      LDA &AB
     B36D   C5 AF      CMP &AF
     B36F   D0 F3      BNE &B364
     B371   28         PLP
     B372   B0 B9      BCS &B32D
     B374   A9 0D      LDA #&0D
     B376   20 D4 FF   JSR &FFD4
     B379   4C 49 B3   JMP &B349
.Utils_FilenameAtXY
     B37C   85 AF      STA &AF
     B37E   BA         TSX
     B37F   A9 00      LDA #&00
     B381   9D 07 01   STA &0107,X
     B384   85 A8      STA &A8
     B386   85 A9      STA &A9
     B388   88         DEY
.utils_skipspcloop
     B389   C8         INY
     B38A   B1 F2      LDA (&F2),Y
     B38C   C9 20      CMP #&20
     B38E   F0 F9      BEQ &B389
     B390   C9 0D      CMP #&0D
     B392   D0 03      BNE &B397
     B394   4C 8E 9A   JMP &9A8E
.utils_notnullstr
     B397   98         TYA
     B398   18         CLC
     B399   65 F2      ADC &F2
     B39B   AA         TAX
     B39C   A5 F3      LDA &F3
     B39E   69 00      ADC #&00
     B3A0   A8         TAY
     B3A1   A5 AF      LDA &AF
     B3A3   20 CE FF   JSR &FFCE
     B3A6   F0 02      BEQ &B3AA
     B3A8   A8         TAY
     B3A9   60         RTS
.utils_filenotfound
     B3AA   4C 3F 82   JMP &823F
.Utils_PrintLineNoA8
     B3AD   20 8C A2   JSR &A28C
     B3B0   20 0C 81   JSR &810C
     B3B3   A5 A8      LDA &A8
     B3B5   20 0C 81   JSR &810C
     B3B8   4C 1D 81   JMP &811D
Processed file 'Utilities.asm' ok
Including file TubeHost230.asm
.TUBE_CODE_500
     B3BB   37 05
     B3BD   96 05
     B3BF   F2 05
     B3C1   07 06
     B3C3   27 06
     B3C5   68 06
     B3C7   5E 05
     B3C9   2D 05
     B3CB   20 05
     B3CD   42 05
     B3CF   A9 05
     B3D1   D1 05
     B3D3   86
     B3D4   88
     B3D5   96
     B3D6   98
     B3D7   18
     B3D8   18
     B3D9   82
     B3DA   18
     B3DB   20 C5 06   JSR &06C5
     B3DE   A8         TAY
     B3DF   20 C5 06   JSR &06C5
     B3E2   20 D4 FF   JSR &FFD4
     B3E5   4C 9C 05   JMP &059C
     B3E8   20 C5 06   JSR &06C5
     B3EB   A8         TAY
     B3EC   20 D7 FF   JSR &FFD7
     B3EF   4C 3A 05   JMP &053A
     B3F2   20 E0 FF   JSR &FFE0
     B3F5   6A         ROR A
     B3F6   20 95 06   JSR &0695
     B3F9   2A         ROL A
     B3FA   4C 9E 05   JMP &059E
     B3FD   20 C5 06   JSR &06C5
     B400   F0 0B      BEQ &B40D
     B402   48         PHA
     B403   20 82 05   JSR &0582
     B406   68         PLA
     B407   20 CE FF   JSR &FFCE
     B40A   4C 9E 05   JMP &059E
.Label_AD2D
     B40D   20 C5 06   JSR &06C5
     B410   A8         TAY
     B411   A9 00      LDA #&00
     B413   20 CE FF   JSR &FFCE
     B416   4C 9C 05   JMP &059C
     B419   20 C5 06   JSR &06C5
     B41C   A8         TAY
     B41D   A2 04      LDX #&04
.Label_AD3F
     B41F   20 C5 06   JSR &06C5
     B422   95 FF      STA &FF,X
     B424   CA         DEX
     B425   D0 F8      BNE &B41F
     B427   20 C5 06   JSR &06C5
     B42A   20 DA FF   JSR &FFDA
     B42D   20 95 06   JSR &0695
     B430   A2 03      LDX #&03
.Label_AD52
     B432   B5 00      LDA &00,X
     B434   20 95 06   JSR &0695
     B437   CA         DEX
     B438   10 F8      BPL &B432
     B43A   4C 36 00   JMP &0036
     B43D   A2 00      LDX #&00
     B43F   A0 00      LDY #&00
.Label_AD61
     B441   20 C5 06   JSR &06C5
     B444   99 00 07   STA &0700,Y
     B447   C8         INY
     B448   F0 04      BEQ &B44E
     B44A   C9 0D      CMP #&0D
     B44C   D0 F3      BNE &B441
.Label_AD6E
     B44E   A0 07      LDY #&07
     B450   60         RTS
     B451   20 82 05   JSR &0582
     B454   20 F7 FF   JSR &FFF7
     B457   A9 7F      LDA #&7F
.Label_AD79
     B459   2C E2 FC   BIT &FCE2
     B45C   50 FB      BVC &B459
     B45E   8D E3 FC   STA &FCE3
.Label_AD81
     B461   4C 36 00   JMP &0036
     B464   A2 10      LDX #&10
.Label_AD86
     B466   20 C5 06   JSR &06C5
     B469   95 01      STA &01,X
     B46B   CA         DEX
     B46C   D0 F8      BNE &B466
     B46E   20 82 05   JSR &0582
     B471   86 00      STX &00
     B473   84 01      STY &01
     B475   A0 00      LDY #&00
     B477   20 C5 06   JSR &06C5
     B47A   20 DD FF   JSR &FFDD
     B47D   20 95 06   JSR &0695
     B480   A2 10      LDX #&10
.Label_ADA2
     B482   B5 01      LDA &01,X
     B484   20 95 06   JSR &0695
     B487   CA         DEX
     B488   D0 F8      BNE &B482
     B48A   F0 D5      BEQ &B461
     B48C   A2 0D      LDX #&0D
.Label_ADAE
     B48E   20 C5 06   JSR &06C5
     B491   95 FF      STA &FF,X
     B493   CA         DEX
     B494   D0 F8      BNE &B48E
     B496   20 C5 06   JSR &06C5
     B499   A0 00      LDY #&00
     B49B   20 D1 FF   JSR &FFD1
     B49E   48         PHA
     B49F   A2 0C      LDX #&0C
.Label_ADC1
     B4A1   B5 00      LDA &00,X
     B4A3   20 95 06   JSR &0695
     B4A6   CA         DEX
     B4A7   10 F8      BPL &B4A1
     B4A9   68         PLA
     B4AA   4C 3A 05   JMP &053A
     B4AD   20 C5 06   JSR &06C5
     B4B0   AA         TAX
     B4B1   20 C5 06   JSR &06C5
     B4B4   20 F4 FF   JSR &FFF4
.Label_ADD7
     B4B7   2C E2 FC   BIT &FCE2
     B4BA   50 FB      BVC &B4B7
     B4BC   8E E3 FC   STX &FCE3
.Label_ADDF
     B4BF   4C 36 00   JMP &0036
     B4C2   20 C5 06   JSR &06C5
     B4C5   AA         TAX
     B4C6   20 C5 06   JSR &06C5
     B4C9   A8         TAY
     B4CA   20 C5 06   JSR &06C5
     B4CD   20 F4 FF   JSR &FFF4
     B4D0   49 9D      EOR #&9D
     B4D2   F0 EB      BEQ &B4BF
     B4D4   6A         ROR A
     B4D5   20 95 06   JSR &0695
.Label_ADF8
     B4D8   2C E2 FC   BIT &FCE2
     B4DB   50 FB      BVC &B4D8
     B4DD   8C E3 FC   STY &FCE3
     B4E0   70 D5      BVS &B4B7
     B4E2   20 C5 06   JSR &06C5
     B4E5   A8         TAY
.Label_AE06
     B4E6   2C E2 FC   BIT &FCE2
     B4E9   10 FB      BPL &B4E6
     B4EB   AE E3 FC   LDX &FCE3
     B4EE   CA         DEX
     B4EF   30 0F      BMI &B500
.Label_AE11
     B4F1   2C E2 FC   BIT &FCE2
     B4F4   10 FB      BPL &B4F1
     B4F6   AD E3 FC   LDA &FCE3
     B4F9   9D 28 01   STA &0128,X
     B4FC   CA         DEX
     B4FD   10 F2      BPL &B4F1
     B4FF   98         TYA
.Label_AE20
     B500   A2 28      LDX #&28
     B502   A0 01      LDY #&01
     B504   20 F1 FF   JSR &FFF1
.Label_AE27
     B507   2C E2 FC   BIT &FCE2
     B50A   10 FB      BPL &B507
     B50C   AE E3 FC   LDX &FCE3
     B50F   CA         DEX
     B510   30 0E      BMI &B520
.Label_AE32
     B512   BC 28 01   LDY &0128,X
.Label_AE35
     B515   2C E2 FC   BIT &FCE2
     B518   50 FB      BVC &B515
     B51A   8C E3 FC   STY &FCE3
     B51D   CA         DEX
     B51E   10 F2      BPL &B512
.Label_AE40
     B520   4C 36 00   JMP &0036
     B523   A2 04      LDX #&04
.Label_AE45
     B525   20 C5 06   JSR &06C5
     B528   95 00      STA &00,X
     B52A   CA         DEX
     B52B   10 F8      BPL &B525
     B52D   E8         INX
     B52E   A0 00      LDY #&00
     B530   8A         TXA
     B531   20 F1 FF   JSR &FFF1
     B534   90 05      BCC &B53B
     B536   A9 FF      LDA #&FF
     B538   4C 9E 05   JMP &059E
.Label_AE5B
     B53B   A2 00      LDX #&00
     B53D   A9 7F      LDA #&7F
     B53F   20 95 06   JSR &0695
.Label_AE62
     B542   BD 00 07   LDA &0700,X
     B545   20 95 06   JSR &0695
     B548   E8         INX
     B549   C9 0D      CMP #&0D
     B54B   D0 F5      BNE &B542
     B54D   4C 36 00   JMP &0036
.Label_AE70
     B550   2C E2 FC   BIT &FCE2
     B553   50 FB      BVC &B550
     B555   8D E3 FC   STA &FCE3
     B558   60         RTS
.Label_AE79
     B559   2C E6 FC   BIT &FCE6
     B55C   50 FB      BVC &B559
     B55E   8D E7 FC   STA &FCE7
     B561   60         RTS
     B562   A5 FF      LDA &FF
     B564   38         SEC
     B565   6A         ROR A
     B566   30 0F      BMI &B577
     B568   48         PHA
     B569   A9 00      LDA #&00
     B56B   20 BC 06   JSR &06BC
     B56E   98         TYA
     B56F   20 BC 06   JSR &06BC
     B572   8A         TXA
     B573   20 BC 06   JSR &06BC
     B576   68         PLA
.Label_AE97
     B577   2C E0 FC   BIT &FCE0
     B57A   50 FB      BVC &B577
     B57C   8D E1 FC   STA &FCE1
     B57F   60         RTS
.Label_AEA0
     B580   2C E2 FC   BIT &FCE2
     B583   10 FB      BPL &B580
     B585   AD E3 FC   LDA &FCE3
     B588   60         RTS
.SERVICE09_TUBEHelp
     B589   C9 09      CMP #&09
     B58B   D0 2A      BNE &B5B7
     B58D   98         TYA
     B58E   48         PHA
     B58F   B1 F2      LDA (&F2),Y
     B591   C9 0D      CMP #&0D
     B593   D0 1E      BNE &B5B3
     B595   A9 E9      LDA #&E9
     B597   20 04 94   JSR &9404
     B59A   A6 F4      LDX &F4
     B59C   98         TYA
     B59D   F0 14      BEQ &B5B3
     B59F   20 9D 80   JSR &809D
     B5A2   0D
     B5A3   54 55 42 ...
     B5B1   0D
     B5B2   EA         NOP
.Label_AED3
     B5B3   68         PLA
     B5B4   A8         TAY
     B5B5   A9 09      LDA #&09
.SERVICEFE_TUBEPostInit
     B5B7   C9 FE      CMP #&FE
     B5B9   90 5C      BCC &B617
     B5BB   D0 1B      BNE &B5D8
     B5BD   C0 00      CPY #&00
     B5BF   F0 56      BEQ &B617
     B5C1   A2 06      LDX #&06
     B5C3   A9 14      LDA #&14
     B5C5   20 F4 FF   JSR &FFF4
.servFE_tubemsg_loop
     B5C8   2C E0 FC   BIT &FCE0
     B5CB   10 FB      BPL &B5C8
     B5CD   AD E1 FC   LDA &FCE1
     B5D0   F0 43      BEQ &B615
     B5D2   20 EE FF   JSR &FFEE
     B5D5   4C C8 B5   JMP &B5C8
.SERVICEFF_TUBEInit
     B5D8   A9 AD      LDA #&AD
     B5DA   8D 20 02   STA &0220
     B5DD   A9 06      LDA #&06
     B5DF   8D 21 02   STA &0221
     B5E2   A9 16      LDA #&16
     B5E4   8D 02 02   STA &0202
     B5E7   A9 00      LDA #&00
     B5E9   8D 03 02   STA &0203
     B5EC   A9 8E      LDA #&8E
     B5EE   8D E0 FC   STA &FCE0
     B5F1   A0 00      LDY #&00
.servFF_copytubecode_loop
     B5F3   B9 59 B6   LDA &B659,Y
     B5F6   99 00 04   STA &0400,Y
     B5F9   B9 BB B3   LDA &B3BB,Y
     B5FC   99 00 05   STA &0500,Y
     B5FF   B9 BB B4   LDA &B4BB,Y
     B602   99 00 06   STA &0600,Y
     B605   88         DEY
     B606   D0 EB      BNE &B5F3
     B608   20 21 04   JSR &0421
     B60B   A2 41      LDX #&41
.servFF_copytubezpcode_loop
     B60D   BD 18 B6   LDA &B618,X
     B610   95 16      STA &16,X
     B612   CA         DEX
     B613   10 F8      BPL &B60D
.servFE_exitA_0
     B615   A9 00      LDA #&00
.servFE_exit
     B617   60         RTS
.TUBE_ZP_CODE_0016
     B618   A9 FF      LDA #&FF
     B61A   20 9E 06   JSR &069E
     B61D   AD E3 FC   LDA &FCE3
     B620   A9 00      LDA #&00
     B622   20 95 06   JSR &0695
     B625   A8         TAY
     B626   B1 FD      LDA (&FD),Y
     B628   20 95 06   JSR &0695
.Label_AF4B
     B62B   C8         INY
     B62C   B1 FD      LDA (&FD),Y
     B62E   20 95 06   JSR &0695
     B631   AA         TAX
     B632   D0 F7      BNE &B62B
     B634   A2 FF      LDX #&FF
     B636   9A         TXS
     B637   58         CLI
.Label_AF58
     B638   2C E0 FC   BIT &FCE0
     B63B   10 06      BPL &B643
.Label_AF5D
     B63D   AD E1 FC   LDA &FCE1
     B640   20 EE FF   JSR &FFEE
.Label_AF63
     B643   2C E2 FC   BIT &FCE2
     B646   10 F0      BPL &B638
     B648   2C E0 FC   BIT &FCE0
     B64B   30 F0      BMI &B63D
     B64D   AE E3 FC   LDX &FCE3
     B650   86 51      STX &51
     B652   6C 00 05   JMP (&0500)
     B655   00 80
     B657   00 00
.TUBE_CODE_400
     B659   4C 84 04   JMP &0484
     B65C   4C A7 06   JMP &06A7
     B65F   C9 80      CMP #&80
     B661   90 2B      BCC &B68E
     B663   C9 C0      CMP #&C0
     B665   B0 1A      BCS &B681
     B667   09 40      ORA #&40
     B669   C5 15      CMP &15
     B66B   D0 20      BNE &B68D
     B66D   08         PHP
     B66E   78         SEI
     B66F   A9 05      LDA #&05
     B671   20 9E 06   JSR &069E
     B674   A5 15      LDA &15
     B676   20 9E 06   JSR &069E
     B679   28         PLP
     B67A   A9 80      LDA #&80
     B67C   85 15      STA &15
     B67E   85 14      STA &14
     B680   60         RTS
.Label_AFA1
     B681   06 14      ASL &14
     B683   B0 06      BCS &B68B
     B685   C5 15      CMP &15
     B687   F0 04      BEQ &B68D
     B689   18         CLC
     B68A   60         RTS
.Label_AFAB
     B68B   85 15      STA &15
.Label_AFAD
     B68D   60         RTS
.Label_AFAE
     B68E   08         PHP
     B68F   78         SEI
     B690   84 13      STY &13
     B692   86 12      STX &12
     B694   20 9E 06   JSR &069E
     B697   AA         TAX
     B698   A0 03      LDY #&03
     B69A   A5 15      LDA &15
     B69C   20 9E 06   JSR &069E
.Label_AFBF
     B69F   B1 12      LDA (&12),Y
     B6A1   20 9E 06   JSR &069E
     B6A4   88         DEY
     B6A5   10 F8      BPL &B69F
     B6A7   A0 18      LDY #&18
     B6A9   8C E0 FC   STY &FCE0
     B6AC   BD 18 05   LDA &0518,X
     B6AF   8D E0 FC   STA &FCE0
     B6B2   4A         LSR A
     B6B3   4A         LSR A
     B6B4   90 06      BCC &B6BC
     B6B6   2C E5 FC   BIT &FCE5
     B6B9   2C E5 FC   BIT &FCE5
.Label_AFDC
     B6BC   20 9E 06   JSR &069E
.Label_AFDF
     B6BF   2C E6 FC   BIT &FCE6
     B6C2   50 FB      BVC &B6BF
     B6C4   B0 0D      BCS &B6D3
     B6C6   E0 04      CPX #&04
     B6C8   D0 11      BNE &B6DB
.Label_AFEA
     B6CA   20 14 04   JSR &0414
     B6CD   20 95 06   JSR &0695
     B6D0   4C 32 00   JMP &0032
.Label_AFF3
     B6D3   4A         LSR A
     B6D4   90 05      BCC &B6DB
     B6D6   A0 88      LDY #&88
     B6D8   8C E0 FC   STY &FCE0
.Label_AFFB
     B6DB   28         PLP
     B6DC   60         RTS
     B6DD   58         CLI
     B6DE   B0 0A      BCS &B6EA
     B6E0   D0 03      BNE &B6E5
     B6E2   4C 9C 05   JMP &059C
.Label_B005
     B6E5   AE 8D 02   LDX &028D
     B6E8   F0 E0      BEQ &B6CA
.Label_B00A
     B6EA   A9 FF      LDA #&FF
     B6EC   20 06 04   JSR &0406
     B6EF   90 F9      BCC &B6EA
     B6F1   20 CE 04   JSR &04CE
.Label_B014
     B6F4   08         PHP
     B6F5   78         SEI
     B6F6   A9 07      LDA #&07
     B6F8   20 C7 04   JSR &04C7
     B6FB   A0 00      LDY #&00
     B6FD   84 00      STY &00
.Label_B01F
     B6FF   B1 00      LDA (&00),Y
     B701   8D E5 FC   STA &FCE5
     B704   EA         NOP
     B705   EA         NOP
     B706   EA         NOP
     B707   C8         INY
     B708   D0 F5      BNE &B6FF
     B70A   28         PLP
     B70B   E6 54      INC &54
     B70D   D0 06      BNE &B715
     B70F   E6 55      INC &55
     B711   D0 02      BNE &B715
     B713   E6 56      INC &56
.Label_B035
     B715   E6 01      INC &01
     B717   24 01      BIT &01
     B719   50 D9      BVC &B6F4
     B71B   20 CE 04   JSR &04CE
     B71E   A9 04      LDA #&04
     B720   A0 00      LDY #&00
     B722   A2 53      LDX #&53
     B724   4C 06 04   JMP &0406
     B727   A9 80      LDA #&80
     B729   85 54      STA &54
     B72B   85 01      STA &01
     B72D   A9 20      LDA #&20
     B72F   2D 06 80   AND &8006
     B732   A8         TAY
     B733   84 53      STY &53
     B735   F0 19      BEQ &B750
     B737   AE 07 80   LDX &8007
.Label_B05A
     B73A   E8         INX
     B73B   BD 00 80   LDA &8000,X
     B73E   D0 FA      BNE &B73A
     B740   BD 01 80   LDA &8001,X
     B743   85 53      STA &53
     B745   BD 02 80   LDA &8002,X
     B748   85 54      STA &54
     B74A   BC 03 80   LDY &8003,X
     B74D   BD 04 80   LDA &8004,X
.Label_B070
     B750   85 56      STA &56
     B752   84 55      STY &55
     B754   60         RTS
Processed file 'TubeHost230.asm' ok
    code ends at&B755  (2219 bytes free )
Saving file 'build/U/EMMFSDB'
Processed file 'mmfs100.asm' ok
Processed file 'top_EMMFSDB.asm' ok
