Including file DEVICE.asm
Processed file 'DEVICE.asm' ok
Including file mmfs100.asm
Including file VERSION.asm
Processed file 'VERSION.asm' ok
Including file SYSVARS.asm
Processed file 'SYSVARS.asm' ok
.langentry
     8000   00         BRK
     8001   00         BRK
     8002   00         BRK
.serventry
     8003   4C 95 8D   JMP &8D95
.romtype
     8006   82
.copywoffset
     8007   20
.binversion
     8008   7B
.title
Macro BUILD_NAME:
Macro BASE_NAME:
     8009   4D 6F 64 ...
Macro SYSTEM_NAME:
     8012   4D 4D 46 ...
End macro SYSTEM_NAME
     8017   20 31 32 ...
End macro BASE_NAME
Macro DEVICE_NAME:
End macro DEVICE_NAME
Macro DFS_EMUL_NAME:
End macro DFS_EMUL_NAME
     801B   00
End macro BUILD_NAME
.version
Macro BUILD_VERSION:
     801C   31 2E 35 ...
     8020   00
End macro BUILD_VERSION
.copyright
Macro BUILD_COPYRIGHT:
     8021   28 43 29 ...
     802F   00
End macro BUILD_COPYRIGHT
.header_end
.Go_FSCV
     8030   6C 1E 02   JMP (&021E)
.SetLEDS
     8033   A2 06      LDX #&06
     8035   8E 40 FE   STX &FE40
     8038   E8         INX
     8039   8E 40 FE   STX &FE40
     803C   60         RTS
.ResetLEDS
     803D   20 F2 83   JSR &83F2
     8040   A9 76      LDA #&76
     8042   4C F4 FF   JMP &FFF4
.errDISK
     8045   20 5A 80   JSR &805A
     8048   00         BRK
     8049   44 69 73 ...
     804E   90 21      BCC &8071
.errBAD
     8050   20 5A 80   JSR &805A
     8053   00         BRK
     8054   42 61 64 ...
     8058   90 17      BCC &8071
.ReportErrorCB
     805A   AD DD A4   LDA &A4DD
     805D   D0 03      BNE &8062
     805F   20 00 97   JSR &9700
.brk100_notbuf
     8062   A9 FF      LDA #&FF
     8064   8D 82 A4   STA &A482
     8067   8D DD A4   STA &A4DD
.ReportError
     806A   A2 02      LDX #&02
     806C   A9 00      LDA #&00
     806E   8D 00 01   STA &0100
.ErrCONTINUE
     8071   20 3D 80   JSR &803D
.ReportError2
     8074   68         PLA
     8075   85 AE      STA &AE
     8077   68         PLA
     8078   85 AF      STA &AF
     807A   A0 00      LDY #&00
     807C   20 E9 83   JSR &83E9
     807F   8D 01 01   STA &0101
     8082   CA         DEX
.errstr_loop
     8083   E8         INX
     8084   20 E9 83   JSR &83E9
     8087   9D 00 01   STA &0100,X
     808A   30 27      BMI &80B3
     808C   D0 F5      BNE &8083
     808E   20 69 8C   JSR &8C69
     8091   4C 00 01   JMP &0100
.PrintNibble_PrintString
     8094   20 01 81   JSR &8101
.PrintString
     8097   85 B3      STA &B3
     8099   68         PLA
     809A   85 AE      STA &AE
     809C   68         PLA
     809D   85 AF      STA &AF
     809F   A5 B3      LDA &B3
     80A1   48         PHA
     80A2   98         TYA
     80A3   48         PHA
     80A4   A0 00      LDY #&00
.prtstr_loop
     80A6   20 E9 83   JSR &83E9
     80A9   30 05      BMI &80B0
     80AB   20 DA 80   JSR &80DA
     80AE   10 F6      BPL &80A6
.prtstr_return1
     80B0   68         PLA
     80B1   A8         TAY
     80B2   68         PLA
.prtstr_return2
     80B3   18         CLC
     80B4   6C AE 00   JMP (&00AE)
.PrintStringSPL
     80B7   85 B3      STA &B3
     80B9   68         PLA
     80BA   85 AE      STA &AE
     80BC   68         PLA
     80BD   85 AF      STA &AF
     80BF   A5 B3      LDA &B3
     80C1   48         PHA
     80C2   98         TYA
     80C3   48         PHA
     80C4   A0 00      LDY #&00
.pstr_loop
     80C6   20 E9 83   JSR &83E9
     80C9   30 E5      BMI &80B0
     80CB   20 E3 FF   JSR &FFE3
     80CE   4C C6 80   JMP &80C6
.PrintSpace
     80D1   A9 20      LDA #&20
     80D3   D0 05      BNE &80DA
.PrintNibFullStop
     80D5   20 01 81   JSR &8101
.PrintFullStop
     80D8   A9 2E      LDA #&2E
.PrintChrA
     80DA   20 F2 83   JSR &83F2
     80DD   48         PHA
     80DE   A9 EC      LDA #&EC
     80E0   20 6D 93   JSR &936D
     80E3   8A         TXA
     80E4   48         PHA
     80E5   09 10      ORA #&10
     80E7   AA         TAX
     80E8   20 F1 80   JSR &80F1
     80EB   68         PLA
     80EC   AA         TAX
     80ED   68         PLA
     80EE   20 E3 FF   JSR &FFE3
.osbyte03_Xoutstream
     80F1   A9 03      LDA #&03
     80F3   4C F4 FF   JMP &FFF4
.PrintBCD
     80F6   20 2A 84   JSR &842A
.PrintHex
     80F9   48         PHA
     80FA   20 1E 82   JSR &821E
     80FD   20 01 81   JSR &8101
     8100   68         PLA
.PrintNibble
     8101   20 23 81   JSR &8123
     8104   D0 D4      BNE &80DA
.PrintBCDSPL
     8106   20 2A 84   JSR &842A
.PrintHexSPL
     8109   48         PHA
     810A   20 1E 82   JSR &821E
     810D   20 11 81   JSR &8111
     8110   68         PLA
.PrintNibbleSPL
     8111   20 23 81   JSR &8123
     8114   4C EE FF   JMP &FFEE
.Print2SpacesSPL
     8117   20 1A 81   JSR &811A
.PrintSpaceSPL
     811A   48         PHA
     811B   A9 20      LDA #&20
     811D   20 EE FF   JSR &FFEE
     8120   68         PLA
     8121   18         CLC
     8122   60         RTS
.NibToASC
     8123   29 0F      AND #&0F
     8125   C9 0A      CMP #&0A
     8127   90 02      BCC &812B
     8129   69 06      ADC #&06
.nibasc
     812B   69 30      ADC #&30
     812D   60         RTS
.CopyVarsB0BA
     812E   20 3E 81   JSR &813E
     8131   CA         DEX
     8132   CA         DEX
     8133   20 36 81   JSR &8136
.cpybyte1
     8136   B1 B0      LDA (&B0),Y
     8138   9D 72 A4   STA &A472,X
     813B   E8         INX
     813C   C8         INY
     813D   60         RTS
.CopyWordB0BA
     813E   20 41 81   JSR &8141
.cpybyte2
     8141   B1 B0      LDA (&B0),Y
     8143   95 BA      STA &BA,X
     8145   E8         INX
     8146   C8         INY
     8147   60         RTS
.read_fspTextPointer
     8148   20 D3 8B   JSR &8BD3
     814B   4C 5E 81   JMP &815E
.read_fspBA_reset
     814E   20 D3 8B   JSR &8BD3
.read_fspBA
     8151   A5 BA      LDA &BA
     8153   85 F2      STA &F2
     8155   A5 BB      LDA &BB
     8157   85 F3      STA &F3
     8159   A0 00      LDY #&00
     815B   20 BF 81   JSR &81BF
.rdafsp_entry
     815E   A2 20      LDX #&20
     8160   20 A4 81   JSR &81A4
     8163   B0 1B      BCS &8180
     8165   8D 00 A4   STA &A400
     8168   C9 2E      CMP #&2E
     816A   D0 04      BNE &8170
.rdafsp_setdrv
     816C   86 CC      STX &CC
     816E   F0 EE      BEQ &815E
.rdafsp_notdot
     8170   C9 3A      CMP #&3A
     8172   D0 15      BNE &8189
     8174   20 E8 8B   JSR &8BE8
     8177   20 A4 81   JSR &81A4
     817A   B0 04      BCS &8180
     817C   C9 2E      CMP #&2E
     817E   F0 DE      BEQ &815E
.errBadName
     8180   20 50 80   JSR &8050
     8183   CC
     8184   6E 61 6D ...
     8188   00
.rdafsp_notcolon
     8189   AA         TAX
     818A   20 A4 81   JSR &81A4
     818D   B0 34      BCS &81C3
     818F   C9 2E      CMP #&2E
     8191   F0 D9      BEQ &816C
     8193   A2 01      LDX #&01
.rdafsp_rdfnloop
     8195   9D 00 A4   STA &A400,X
     8198   E8         INX
     8199   20 A4 81   JSR &81A4
     819C   B0 27      BCS &81C5
     819E   E0 07      CPX #&07
     81A0   D0 F3      BNE &8195
     81A2   F0 DC      BEQ &8180
.GSREAD_A
     81A4   20 C5 FF   JSR &FFC5
     81A7   08         PHP
     81A8   29 7F      AND #&7F
     81AA   C9 0D      CMP #&0D
     81AC   F0 08      BEQ &81B6
     81AE   C9 20      CMP #&20
     81B0   90 CE      BCC &8180
     81B2   C9 7F      CMP #&7F
     81B4   F0 CA      BEQ &8180
.dogsrd_exit
     81B6   28         PLP
     81B7   60         RTS
.SetTextPointerYX
     81B8   86 F2      STX &F2
     81BA   84 F3      STY &F3
     81BC   A0 00      LDY #&00
     81BE   60         RTS
.GSINIT_A
     81BF   18         CLC
     81C0   4C C2 FF   JMP &FFC2
.Rdafsp_padall
     81C3   A2 01      LDX #&01
.rdafsp_padX
     81C5   A9 20      LDA #&20
.rdafsp_padloop
     81C7   9D 00 A4   STA &A400,X
     81CA   E8         INX
     81CB   E0 40      CPX #&40
     81CD   D0 F8      BNE &81C7
     81CF   A2 06      LDX #&06
.rdafsp_cpyfnloop
     81D1   BD 00 A4   LDA &A400,X
     81D4   95 C5      STA &C5,X
     81D6   CA         DEX
     81D7   10 F8      BPL &81D1
     81D9   60         RTS
.prt_filename_Yoffset
     81DA   20 F2 83   JSR &83F2
     81DD   B9 0F A2   LDA &A20F,Y
     81E0   08         PHP
     81E1   29 7F      AND #&7F
     81E3   D0 05      BNE &81EA
     81E5   20 17 81   JSR &8117
     81E8   F0 06      BEQ &81F0
.prt_filename_prtchr
     81EA   20 DA 80   JSR &80DA
     81ED   20 D8 80   JSR &80D8
.prt_filename_nodir
     81F0   A2 06      LDX #&06
.prt_filename_loop
     81F2   B9 08 A2   LDA &A208,Y
     81F5   29 7F      AND #&7F
     81F7   20 DA 80   JSR &80DA
     81FA   C8         INY
     81FB   CA         DEX
     81FC   10 F4      BPL &81F2
     81FE   20 17 81   JSR &8117
     8201   A9 20      LDA #&20
     8203   28         PLP
     8204   10 02      BPL &8208
     8206   A9 4C      LDA #&4C
.prt_filename_notlocked
     8208   20 DA 80   JSR &80DA
     820B   A0 01      LDY #&01
.prt_Yspaces
     820D   20 1A 81   JSR &811A
     8210   88         DEY
     8211   D0 FA      BNE &820D
     8213   60         RTS
.A_rorx6and3
     8214   4A         LSR A
     8215   4A         LSR A
.A_rorx4and3
     8216   4A         LSR A
     8217   4A         LSR A
.A_rorx2and3
     8218   4A         LSR A
     8219   4A         LSR A
     821A   29 03      AND #&03
     821C   60         RTS
.A_rorx5
     821D   4A         LSR A
.A_rorx4
     821E   4A         LSR A
     821F   4A         LSR A
     8220   4A         LSR A
     8221   4A         LSR A
     8222   60         RTS
.A_rolx5
     8223   0A         ASL A
.A_rolx4
     8224   0A         ASL A
     8225   0A         ASL A
     8226   0A         ASL A
     8227   0A         ASL A
.getcat_exit
     8228   60         RTS
.parameter_afsp_Param_SyntaxErrorIfNull_getcatentry_fspTxtP
     8229   20 75 92   JSR &9275
.Param_SyntaxErrorIfNull_getcatentry_fspTxtP
     822C   20 F1 99   JSR &99F1
.getcatentry_fspTxtP
     822F   20 48 81   JSR &8148
     8232   30 03      BMI &8237
.getcatentry_fspBA
     8234   20 4E 81   JSR &814E
.getcatentry
     8237   20 7C 82   JSR &827C
     823A   B0 EC      BCS &8228
.err_FILENOTFOUND
     823C   20 6A 80   JSR &806A
     823F   D6
     8240   4E 6F 74 ...
     8249   00
.fscv9_starEX
     824A   20 B8 81   JSR &81B8
.CMD_EX
     824D   20 D3 8B   JSR &8BD3
     8250   20 BF 81   JSR &81BF
     8253   F0 03      BEQ &8258
     8255   20 8B 89   JSR &898B
.cmd_ex_nullstr
     8258   A9 2A      LDA #&2A
     825A   8D 00 A4   STA &A400
     825D   20 C3 81   JSR &81C3
     8260   20 75 92   JSR &9275
     8263   20 37 82   JSR &8237
     8266   4C 73 82   JMP &8273
.fscv10_starINFO
     8269   20 B8 81   JSR &81B8
     826C   A9 4E      LDA #&4E
     826E   85 BF      STA &BF
.CMD_INFO
     8270   20 29 82   JSR &8229
.cmd_info_loop
     8273   20 48 83   JSR &8348
     8276   20 83 82   JSR &8283
     8279   B0 F8      BCS &8273
     827B   60         RTS
.get_cat_firstentry80
.get_cat_firstentry81
     827C   20 7A AB   JSR &AB7A
     827F   A2 00      LDX #&00
     8281   F0 18      BEQ &829B
.get_cat_nextentry
     8283   A2 00      LDX #&00
     8285   F0 18      BEQ &829F
.get_cat_firstentry80fname
     8287   A2 06      LDX #&06
.getcatloop1
     8289   B5 C5      LDA &C5,X
     828B   9D 58 A4   STA &A458,X
     828E   CA         DEX
     828F   10 F8      BPL &8289
     8291   A9 20      LDA #&20
     8293   8D 5F A4   STA &A45F
     8296   20 7A AB   JSR &AB7A
     8299   A2 58      LDX #&58
.getcatentry2
     829B   A9 00      LDA #&00
     829D   85 B6      STA &B6
.getcatsetupB7
     829F   A9 A2      LDA #&A2
     82A1   85 B7      STA &B7
.getcatloop2
     82A3   A0 00      LDY #&00
     82A5   A5 B6      LDA &B6
     82A7   CD 05 A3   CMP &A305
     82AA   B0 49      BCS &82F5
     82AC   69 08      ADC #&08
     82AE   85 B6      STA &B6
     82B0   20 CA 82   JSR &82CA
     82B3   90 EE      BCC &82A3
     82B5   A5 CC      LDA &CC
     82B7   A0 07      LDY #&07
     82B9   20 F7 82   JSR &82F7
     82BC   D0 E5      BNE &82A3
     82BE   A4 B6      LDY &B6
     82C0   38         SEC
.Y_sub8
     82C1   88         DEY
     82C2   88         DEY
     82C3   88         DEY
     82C4   88         DEY
     82C5   88         DEY
     82C6   88         DEY
     82C7   88         DEY
     82C8   88         DEY
.NotCmdTable2
     82C9   60         RTS
.MatchFilename
     82CA   20 F2 83   JSR &83F2
.matfn_loop1
     82CD   BD 00 A4   LDA &A400,X
     82D0   CD CE A4   CMP &A4CE
     82D3   D0 13      BNE &82E8
     82D5   E8         INX
.matfn_loop2
     82D6   20 CA 82   JSR &82CA
     82D9   B0 1B      BCS &82F6
     82DB   C8         INY
     82DC   C0 07      CPY #&07
     82DE   90 F6      BCC &82D6
.matfn_loop3
     82E0   BD 00 A4   LDA &A400,X
     82E3   C9 20      CMP #&20
     82E5   D0 0E      BNE &82F5
     82E7   60         RTS
.matfn_nomatch
     82E8   C0 07      CPY #&07
     82EA   B0 F4      BCS &82E0
     82EC   20 F7 82   JSR &82F7
     82EF   D0 04      BNE &82F5
     82F1   E8         INX
     82F2   C8         INY
     82F3   D0 D8      BNE &82CD
.matfn_exitC0
     82F5   18         CLC
.matfn_exit
     82F6   60         RTS
.MatchChr
     82F7   CD CE A4   CMP &A4CE
     82FA   F0 10      BEQ &830C
     82FC   CD CD A4   CMP &A4CD
     82FF   F0 0B      BEQ &830C
     8301   20 35 83   JSR &8335
     8304   51 B6      EOR (&B6),Y
     8306   B0 02      BCS &830A
     8308   29 5F      AND #&5F
.matchr_notalpha
     830A   29 7F      AND #&7F
.matchr_exit
     830C   60         RTS
.UcaseA2
     830D   08         PHP
     830E   20 35 83   JSR &8335
     8311   B0 02      BCS &8315
     8313   29 5F      AND #&5F
.ucasea
     8315   29 7F      AND #&7F
     8317   28         PLP
     8318   60         RTS
.DeleteCatEntry_YFileOffset
     8319   20 2A 93   JSR &932A
.delcatloop
     831C   B9 10 A2   LDA &A210,Y
     831F   99 08 A2   STA &A208,Y
     8322   B9 10 A3   LDA &A310,Y
     8325   99 08 A3   STA &A308,Y
     8328   C8         INY
     8329   CC 05 A3   CPY &A305
     832C   90 EE      BCC &831C
     832E   98         TYA
     832F   E9 08      SBC #&08
     8331   8D 05 A3   STA &A305
.print_infoline_exit
     8334   60         RTS
.IsAlphaChar
     8335   48         PHA
     8336   29 5F      AND #&5F
     8338   C9 41      CMP #&41
     833A   90 04      BCC &8340
     833C   C9 5B      CMP #&5B
     833E   90 01      BCC &8341
.isalpha1
     8340   38         SEC
.isalpha2
     8341   68         PLA
     8342   60         RTS
.prt_InfoMsg_Yoffset
     8343   2C C6 A4   BIT &A4C6
     8346   30 EC      BMI &8334
.prt_InfoLine_Yoffset
     8348   20 F2 83   JSR &83F2
     834B   20 DA 81   JSR &81DA
     834E   98         TYA
     834F   48         PHA
     8350   A9 60      LDA #&60
     8352   85 B0      STA &B0
     8354   A9 A4      LDA #&A4
     8356   85 B1      STA &B1
     8358   20 93 83   JSR &8393
     835B   A0 02      LDY #&02
     835D   20 1A 81   JSR &811A
     8360   20 81 83   JSR &8381
     8363   20 81 83   JSR &8381
     8366   20 81 83   JSR &8381
     8369   68         PLA
     836A   A8         TAY
     836B   B9 0E A3   LDA &A30E,Y
     836E   29 03      AND #&03
     8370   20 01 81   JSR &8101
     8373   B9 0F A3   LDA &A30F,Y
     8376   20 F9 80   JSR &80F9
.PrintNewLine
     8379   48         PHA
     837A   A9 0D      LDA #&0D
     837C   20 DA 80   JSR &80DA
     837F   68         PLA
     8380   60         RTS
.PrintHex3Byte
     8381   A2 03      LDX #&03
.printhex3byte_loop
     8383   B9 62 A4   LDA &A462,Y
     8386   20 F9 80   JSR &80F9
     8389   88         DEY
     838A   CA         DEX
     838B   D0 F6      BNE &8383
     838D   20 F4 87   JSR &87F4
     8390   4C 1A 81   JMP &811A
.ReadFileAttribsToB0_Yoffset
     8393   20 F2 83   JSR &83F2
     8396   98         TYA
     8397   48         PHA
     8398   AA         TAX
     8399   A0 12      LDY #&12
     839B   A9 00      LDA #&00
.readfileattribs_clearloop
     839D   88         DEY
     839E   91 B0      STA (&B0),Y
     83A0   C0 02      CPY #&02
     83A2   D0 F9      BNE &839D
.readfileattribs_copyloop
     83A4   20 DE 83   JSR &83DE
     83A7   C8         INY
     83A8   C8         INY
     83A9   C0 0E      CPY #&0E
     83AB   D0 F7      BNE &83A4
     83AD   68         PLA
     83AE   AA         TAX
     83AF   BD 0F A2   LDA &A20F,X
     83B2   10 04      BPL &83B8
     83B4   A9 08      LDA #&08
     83B6   91 B0      STA (&B0),Y
.readfileattribs_notlocked
     83B8   BD 0E A3   LDA &A30E,X
     83BB   A0 04      LDY #&04
     83BD   20 CC 83   JSR &83CC
     83C0   A0 0C      LDY #&0C
     83C2   4A         LSR A
     83C3   4A         LSR A
     83C4   48         PHA
     83C5   29 03      AND #&03
     83C7   91 B0      STA (&B0),Y
     83C9   68         PLA
     83CA   A0 08      LDY #&08
.readfileattribs_addrHiBytes
     83CC   4A         LSR A
     83CD   4A         LSR A
     83CE   48         PHA
     83CF   29 03      AND #&03
     83D1   C9 03      CMP #&03
     83D3   D0 05      BNE &83DA
     83D5   A9 FF      LDA #&FF
     83D7   91 B0      STA (&B0),Y
     83D9   C8         INY
.readfileattribs_nothost
     83DA   91 B0      STA (&B0),Y
.readfileattribs_exits
     83DC   68         PLA
     83DD   60         RTS
.readfileattribs_copy2bytes
     83DE   20 E1 83   JSR &83E1
.readfileattribs_copy1byte
     83E1   BD 08 A3   LDA &A308,X
     83E4   91 B0      STA (&B0),Y
     83E6   E8         INX
     83E7   C8         INY
     83E8   60         RTS
.inc_word_AE_and_load
     83E9   E6 AE      INC &AE
     83EB   D0 02      BNE &83EF
     83ED   E6 AF      INC &AF
.inc_word_AE_exit
     83EF   B1 AE      LDA (&AE),Y
     83F1   60         RTS
.RememberAXY
     83F2   48         PHA
     83F3   8A         TXA
     83F4   48         PHA
     83F5   98         TYA
     83F6   48         PHA
     83F7   A9 84      LDA #&84
     83F9   48         PHA
     83FA   A9 14      LDA #&14
     83FC   48         PHA
.rAXY_loop_init
     83FD   A0 05      LDY #&05
.rAXY_loop
     83FF   BA         TSX
     8400   BD 07 01   LDA &0107,X
     8403   48         PHA
     8404   88         DEY
     8405   D0 F8      BNE &83FF
     8407   A0 0A      LDY #&0A
.rAXY_loop2
     8409   BD 09 01   LDA &0109,X
     840C   9D 0B 01   STA &010B,X
     840F   CA         DEX
     8410   88         DEY
     8411   D0 F6      BNE &8409
     8413   68         PLA
     8414   68         PLA
.rAXY_restore
     8415   68         PLA
     8416   A8         TAY
     8417   68         PLA
     8418   AA         TAX
     8419   68         PLA
     841A   60         RTS
.RememberXYonly
     841B   48         PHA
     841C   8A         TXA
     841D   48         PHA
     841E   98         TYA
     841F   48         PHA
     8420   20 FD 83   JSR &83FD
.axyret1
     8423   BA         TSX
     8424   9D 03 01   STA &0103,X
     8427   4C 15 84   JMP &8415
.BinaryToBCD
     842A   20 1B 84   JSR &841B
     842D   A8         TAY
     842E   F0 0A      BEQ &843A
     8430   18         CLC
     8431   F8         SED
     8432   A9 00      LDA #&00
.bbcd_loop
     8434   69 01      ADC #&01
     8436   88         DEY
     8437   D0 FB      BNE &8434
     8439   D8         CLD
.bbcd_exit
     843A   60         RTS
.Param_ReadNum
     843B   20 BF 81   JSR &81BF
     843E   38         SEC
     843F   F0 2A      BEQ &846B
     8441   08         PHP
     8442   A9 00      LDA #&00
     8444   85 B9      STA &B9
     8446   F0 18      BEQ &8460
.L1
     8448   38         SEC
     8449   E9 30      SBC #&30
     844B   90 1D      BCC &846A
     844D   C9 0A      CMP #&0A
     844F   B0 19      BCS &846A
     8451   85 B8      STA &B8
     8453   A5 B9      LDA &B9
     8455   0A         ASL A
     8456   85 B9      STA &B9
     8458   0A         ASL A
     8459   0A         ASL A
     845A   65 B9      ADC &B9
     845C   65 B8      ADC &B8
     845E   85 B9      STA &B9
.L2
     8460   20 C5 FF   JSR &FFC5
     8463   90 E3      BCC &8448
     8465   A6 B9      LDX &B9
     8467   28         PLP
     8468   18         CLC
     8469   60         RTS
.L3
     846A   28         PLP
.L4
     846B   60         RTS
.fscv5_starCAT
     846C   20 B8 81   JSR &81B8
     846F   20 E0 8B   JSR &8BE0
     8472   20 88 AB   JSR &AB88
     8475   A0 FF      LDY #&FF
     8477   84 A8      STY &A8
     8479   C8         INY
     847A   84 AA      STY &AA
.cat_titleloop
     847C   B9 00 A2   LDA &A200,Y
     847F   C0 08      CPY #&08
     8481   90 03      BCC &8486
     8483   B9 F8 A2   LDA &A2F8,Y
.cat_titlelo
     8486   20 DA 80   JSR &80DA
     8489   C8         INY
     848A   C0 0C      CPY #&0C
     848C   D0 EE      BNE &847C
     848E   20 97 80   JSR &8097
     8491   20 28 
     8493   AD 04 A3   LDA &A304
     8496   20 F9 80   JSR &80F9
     8499   20 97 80   JSR &8097
     849C   29 
     849D   0D
     849E   44 72 69 ...
     84A4   A5 CD      LDA &CD
     84A6   20 01 81   JSR &8101
     84A9   A0 0D      LDY #&0D
     84AB   20 0D 82   JSR &820D
     84AE   20 97 80   JSR &8097
     84B1   4F 70 74 ...
     84B8   AD 06 A3   LDA &A306
     84BB   20 1E 82   JSR &821E
     84BE   48         PHA
     84BF   20 94 80   JSR &8094
     84C2   20 28 
     84C4   A0 03      LDY #&03
     84C6   68         PLA
     84C7   0A         ASL A
     84C8   0A         ASL A
     84C9   AA         TAX
.cat_printoptionnameloop
     84CA   BD B6 85   LDA &85B6,X
     84CD   20 DA 80   JSR &80DA
     84D0   E8         INX
     84D1   88         DEY
     84D2   10 F6      BPL &84CA
     84D4   20 97 80   JSR &8097
     84D7   29 
     84D8   0D
     84D9   44 69 72 ...
     84DF   AD CA A4   LDA &A4CA
     84E2   20 D5 80   JSR &80D5
     84E5   AD C9 A4   LDA &A4C9
     84E8   20 DA 80   JSR &80DA
     84EB   A0 0B      LDY #&0B
     84ED   20 0D 82   JSR &820D
     84F0   20 97 80   JSR &8097
     84F3   4C 69 62 ...
     84F9   AD CC A4   LDA &A4CC
     84FC   20 D5 80   JSR &80D5
     84FF   AD CB A4   LDA &A4CB
     8502   20 DA 80   JSR &80DA
     8505   20 79 83   JSR &8379
     8508   A0 00      LDY #&00
.cat_curdirloop
     850A   CC 05 A3   CPY &A305
     850D   B0 17      BCS &8526
     850F   B9 0F A2   LDA &A20F,Y
     8512   4D C9 A4   EOR &A4C9
     8515   29 5F      AND #&5F
     8517   D0 08      BNE &8521
     8519   B9 0F A2   LDA &A20F,Y
     851C   29 80      AND #&80
     851E   99 0F A2   STA &A20F,Y
.cat_curdirnext
     8521   20 F3 87   JSR &87F3
     8524   90 E4      BCC &850A
.cat_sortloop1
     8526   A0 00      LDY #&00
     8528   20 38 85   JSR &8538
     852B   90 16      BCC &8543
     852D   A9 FF      LDA #&FF
     852F   8D 82 A4   STA &A482
     8532   4C 79 83   JMP &8379
.cat_getnextunmarkedfile_loop
     8535   20 F3 87   JSR &87F3
.cat_getnextunmarkedfileY
     8538   CC 05 A3   CPY &A305
     853B   B0 05      BCS &8542
     853D   B9 08 A2   LDA &A208,Y
     8540   30 F3      BMI &8535
.cat_exit
     8542   60         RTS
.cat_printfilename
     8543   84 AB      STY &AB
     8545   A2 00      LDX #&00
.cat_copyfnloop
     8547   B9 08 A2   LDA &A208,Y
     854A   20 0D 83   JSR &830D
     854D   9D 60 A4   STA &A460,X
     8550   C8         INY
     8551   E8         INX
     8552   E0 08      CPX #&08
     8554   D0 F1      BNE &8547
.cat_comparefnloop1
     8556   20 38 85   JSR &8538
     8559   B0 23      BCS &857E
     855B   38         SEC
     855C   A2 06      LDX #&06
.cat_comparefnloop2
     855E   B9 0E A2   LDA &A20E,Y
     8561   20 0D 83   JSR &830D
     8564   FD 60 A4   SBC &A460,X
     8567   88         DEY
     8568   CA         DEX
     8569   10 F3      BPL &855E
     856B   20 F4 87   JSR &87F4
     856E   B9 0F A2   LDA &A20F,Y
     8571   20 0D 83   JSR &830D
     8574   ED 67 A4   SBC &A467
     8577   90 CA      BCC &8543
     8579   20 F3 87   JSR &87F3
     857C   B0 D8      BCS &8556
.cat_printfn
     857E   A4 AB      LDY &AB
     8580   B9 08 A2   LDA &A208,Y
     8583   09 80      ORA #&80
     8585   99 08 A2   STA &A208,Y
     8588   AD 67 A4   LDA &A467
     858B   C5 AA      CMP &AA
     858D   F0 10      BEQ &859F
     858F   A6 AA      LDX &AA
     8591   85 AA      STA &AA
     8593   D0 0A      BNE &859F
     8595   20 79 83   JSR &8379
.cat_newline
     8598   20 79 83   JSR &8379
     859B   A0 FF      LDY #&FF
     859D   D0 09      BNE &85A8
.cat_samedir
     859F   A4 A8      LDY &A8
     85A1   D0 F5      BNE &8598
     85A3   A0 05      LDY #&05
     85A5   20 0D 82   JSR &820D
.cat_skipspaces
     85A8   C8         INY
     85A9   84 A8      STY &A8
     85AB   A4 AB      LDY &AB
     85AD   20 17 81   JSR &8117
     85B0   20 DA 81   JSR &81DA
     85B3   4C 26 85   JMP &8526
.diskoptions_table
     85B6   6F 66 66 
     85B9   00
     85BA   4C 4F 41 ...
     85BE   52 55 4E 
     85C1   00
     85C2   45 58 45 ...
.cmdtable1
     85C6   FF
     85C7   41 43 43 ...
     85CD   B2
     85CE   42 41 43 ...
     85D4   8C
     85D5   43 4C 4F ...
     85DA   80
     85DB   43 4F 4D ...
     85E2   85
     85E3   43 4F 50 ...
     85E7   AC
     85E8   44 45 4C ...
     85EE   88
     85EF   44 45 53 ...
     85F6   82
     85F7   44 49 52 
     85FA   86
     85FB   44 52 49 ...
     8600   81
     8601   45 4E 41 ...
     8607   80
     8608   45 58 
     860A   86
     860B   46 4F 52 ...
     860F   DF
     8610   46 52 45 ...
     8614   84
.info_cmd_index
     8615   49 4E 46 ...
     8619   82
     861A   4C 49 42 
     861D   86
     861E   4D 41 50 
     8621   84
     8622   52 45 4E ...
     8628   8D
     8629   54 49 54 ...
     862E   8A
     862F   56 45 52 ...
     8635   85
     8636   57 49 50 ...
     863A   82
     863B   00         BRK
.cmdtable2
     863C   14
     863D   42 55 49 ...
     8642   88
     8643   44 55 4D ...
     8647   88
     8648   4C 49 53 ...
     864C   88
     864D   52 4F 4D ...
     8651   8B
     8652   54 59 50 ...
     8656   88
     8657   00         BRK
.cmdtable22
     8658   1A
     8659   44 49 53 ...
     865D   80
     865E   44 49 53 ...
     8662   80
     8663   4D 4D 46 ...
     8667   80
     8668   43 41 52 ...
     866C   80
     866D   00         BRK
.cmdtable3
     866E   1F
     866F   44 55 54 ...
     8675   80
     8676   4D 4D 46 ...
     867A   80
     867B   55 54 49 ...
     8680   80
     8681   00         BRK
.cmdtable4
     8682   23
     8683   41 43 43 ...
     8689   BE
     868A   42 4F 4F ...
     868E   89
     868F   42 55 47 
     8692   80
     8693   43 41 54 
     8696   8E
     8697   44 49 52 
     869A   89
     869B   44 52 49 ...
     86A0   80
     86A1   49 4E 
     86A3   F4
     86A4   4F 55 54 
     86A7   84
     86A8   52 45 4E ...
     86AE   F7
     86AF   41 42 4F ...
     86B4   80
     86B5   00         BRK
.cmdaddr1
     86B6   E0 89
     86B8   66 9C
     86BA   E6 93
     86BC   07 9B
     86BE   BF 9C
     86C0   A7 87
     86C2   B6 87
     86C4   69 89
     86C6   06 88
     86C8   9B 8B
     86CA   4C 82
     86CC   C3 1D
     86CE   1F 9F
     86D0   6F 82
     86D2   6D 89
     86D4   22 9F
     86D6   01 8C
     86D8   B4 89
     86DA   BF 1D
     86DC   7E 87
     86DE   13 87
.cmdaddr2
     86E0   1A BE
     86E2   73 BD
     86E4   E2 BD
     86E6   54 BC
     86E8   DE BD
     86EA   C8 82
.cmdaddr22
     86EC   C4 8C
     86EE   C4 8C
     86F0   D1 8C
     86F2   D1 8C
     86F4   43 8E
.cmdaddr3
     86F6   D6 99
     86F8   96 99
     86FA   DD 99
     86FC   E4 99
.cmdaddr4
     86FE   10 39
     8700   27 37
     8702   F6 31
     8704   0C 37
     8706   BD 37
     8708   C0 38
     870A   56 37
     870C   90 38
     870E   4D 39
     8710   E4 B1
     8712   A6 88
.cmdaddrX
.NotCmdTable1
     8714   A2 BC      LDX #&BC
     8716   20 BF 81   JSR &81BF
     8719   B1 F2      LDA (&F2),Y
     871B   C8         INY
     871C   09 20      ORA #&20
     871E   C9 64      CMP #&64
     8720   F0 09      BEQ &872B
     8722   88         DEY
     8723   4C A7 88   JMP &88A7
.fscv3_unreccommand
     8726   20 B8 81   JSR &81B8
     8729   A2 00      LDX #&00
.UnrecCommandTextPointer
     872B   BD C6 85   LDA &85C6,X
     872E   85 BE      STA &BE
     8730   98         TYA
     8731   48         PHA
.unrecloop1
     8732   E6 BE      INC &BE
     8734   68         PLA
     8735   48         PHA
     8736   A8         TAY
     8737   20 BF 81   JSR &81BF
     873A   E8         INX
     873B   BD C6 85   LDA &85C6,X
     873E   F0 28      BEQ &8768
     8740   CA         DEX
     8741   88         DEY
     8742   86 BF      STX &BF
.unrecloop2
     8744   E8         INX
     8745   C8         INY
     8746   BD C6 85   LDA &85C6,X
     8749   30 16      BMI &8761
.unrecloop2in
     874B   51 F2      EOR (&F2),Y
     874D   29 5F      AND #&5F
     874F   F0 F3      BEQ &8744
     8751   CA         DEX
.unrecloop3
     8752   E8         INX
     8753   BD C6 85   LDA &85C6,X
     8756   10 FA      BPL &8752
     8758   B1 F2      LDA (&F2),Y
     875A   C9 2E      CMP #&2E
     875C   D0 D4      BNE &8732
     875E   C8         INY
     875F   B0 07      BCS &8768
.endofcmd_oncmdline
     8761   B1 F2      LDA (&F2),Y
     8763   20 35 83   JSR &8335
     8766   90 CA      BCC &8732
.gocmdcode
     8768   68         PLA
     8769   A5 BE      LDA &BE
     876B   0A         ASL A
     876C   AA         TAX
     876D   BD B7 86   LDA &86B7,X
     8770   10 06      BPL &8778
.gocmdcode2
     8772   48         PHA
     8773   BD B6 86   LDA &86B6,X
     8776   48         PHA
     8777   60         RTS
.dommcinit
     8778   20 7E B1   JSR &B17E
     877B   09 80      ORA #&80
     877D   D0 F3      BNE &8772
.CMD_WIPE
     877F   20 29 82   JSR &8229
.wipeloop
     8782   B9 0F A2   LDA &A20F,Y
     8785   30 1B      BMI &87A2
     8787   20 DA 81   JSR &81DA
     878A   20 25 9C   JSR &9C25
     878D   D0 13      BNE &87A2
     878F   A6 B6      LDX &B6
     8791   20 1F 94   JSR &941F
     8794   86 B6      STX &B6
     8796   20 FC 87   JSR &87FC
     8799   84 AB      STY &AB
     879B   20 8C AB   JSR &AB8C
     879E   A5 AB      LDA &AB
     87A0   85 B6      STA &B6
.wipenext
     87A2   20 83 82   JSR &8283
     87A5   B0 DB      BCS &8782
     87A7   60         RTS
.CMD_DELETE
     87A8   20 6C 92   JSR &926C
     87AB   20 2C 82   JSR &822C
     87AE   20 43 83   JSR &8343
     87B1   20 19 83   JSR &8319
     87B4   4C 8C AB   JMP &AB8C
.CMD_DESTROY
     87B7   20 D6 9B   JSR &9BD6
     87BA   20 29 82   JSR &8229
.destroyloop1
     87BD   B9 0F A2   LDA &A20F,Y
     87C0   30 06      BMI &87C8
     87C2   20 DA 81   JSR &81DA
     87C5   20 79 83   JSR &8379
.destroylocked1
     87C8   20 83 82   JSR &8283
     87CB   B0 F0      BCS &87BD
     87CD   20 2D 9C   JSR &9C2D
     87D0   D0 29      BNE &87FB
     87D2   20 1F 94   JSR &941F
     87D5   20 7C 82   JSR &827C
.destroyloop2
     87D8   B9 0F A2   LDA &A20F,Y
     87DB   30 03      BMI &87E0
     87DD   20 FC 87   JSR &87FC
.destroylocked2
     87E0   20 83 82   JSR &8283
     87E3   B0 F3      BCS &87D8
     87E5   20 8C AB   JSR &AB8C
.msgDELETED
     87E8   20 97 80   JSR &8097
     87EB   44 65 6C ...
     87F2   0D
.Y_add8
     87F3   C8         INY
.Y_add7
     87F4   C8         INY
     87F5   C8         INY
     87F6   C8         INY
     87F7   C8         INY
     87F8   C8         INY
     87F9   C8         INY
     87FA   C8         INY
.Y_rts
     87FB   60         RTS
.DeleteCatEntry_AdjustPtr
     87FC   20 19 83   JSR &8319
     87FF   A4 B6      LDY &B6
     8801   20 C1 82   JSR &82C1
     8804   84 B6      STY &B6
     8806   60         RTS
.CMD_DRIVE
     8807   20 E5 8B   JSR &8BE5
     880A   8D CA A4   STA &A4CA
     880D   60         RTS
.osfileFF_loadfiletoaddr
     880E   20 34 82   JSR &8234
     8811   20 4C 93   JSR &934C
     8814   20 93 83   JSR &8393
.LoadFile_Ycatoffset
     8817   84 BA      STY &BA
     8819   A2 00      LDX #&00
     881B   A5 BE      LDA &BE
     881D   D0 06      BNE &8825
     881F   C8         INY
     8820   C8         INY
     8821   A2 02      LDX #&02
     8823   D0 08      BNE &882D
.loadAtLoadAddr
     8825   B9 0E A3   LDA &A30E,Y
     8828   85 C2      STA &C2
     882A   20 A2 8B   JSR &8BA2
.load_copyfileinfo_loop
     882D   B9 08 A3   LDA &A308,Y
     8830   95 BC      STA &BC,X
     8832   C8         INY
     8833   E8         INX
     8834   E0 08      CPX #&08
     8836   D0 F5      BNE &882D
     8838   20 BC 8B   JSR &8BBC
     883B   A4 BA      LDY &BA
     883D   20 43 83   JSR &8343
.LoadMemBlockEX
     8840   20 3B AB   JSR &AB3B
.LoadMemBlock
     8843   A9 85      LDA #&85
     8845   D0 0B      BNE &8852
.osfile0_savememblock
     8847   20 87 8A   JSR &8A87
     884A   20 4C 93   JSR &934C
     884D   20 93 83   JSR &8393
.SaveMemBlock
     8850   A9 A5      LDA #&A5
.exec_block_rw
     8852   8D B6 A4   STA &A4B6
     8855   A9 05      LDA #&05
     8857   8D B5 A4   STA &A4B5
     885A   A5 CD      LDA &CD
     885C   8D B0 A4   STA &A4B0
     885F   A2 02      LDX #&02
.loop0
     8861   B5 BB      LDA &BB,X
     8863   9D B0 A4   STA &A4B0,X
     8866   BD 73 A4   LDA &A473,X
     8869   9D B2 A4   STA &A4B2,X
     886C   CA         DEX
     886D   D0 F2      BNE &8861
     886F   A5 C2      LDA &C2
     8871   29 03      AND #&03
     8873   AA         TAX
     8874   A5 C3      LDA &C3
     8876   A0 FF      LDY #&FF
.loop1
     8878   38         SEC
.loop2
     8879   C8         INY
     887A   E9 0A      SBC #&0A
     887C   B0 FB      BCS &8879
     887E   CA         DEX
     887F   10 F7      BPL &8878
     8881   69 0A      ADC #&0A
     8883   8C B7 A4   STY &A4B7
     8886   8D B8 A4   STA &A4B8
     8889   A5 C1      LDA &C1
     888B   8D B9 A4   STA &A4B9
     888E   A5 C2      LDA &C2
     8890   4A         LSR A
     8891   4A         LSR A
     8892   4A         LSR A
     8893   4A         LSR A
     8894   29 03      AND #&03
     8896   8D BA A4   STA &A4BA
     8899   A5 C0      LDA &C0
     889B   8D BB A4   STA &A4BB
     889E   20 DD AB   JSR &ABDD
     88A1   A9 01      LDA #&01
     88A3   60         RTS
.fscv2_4_11_starRUN
     88A4   20 B8 81   JSR &81B8
.NotCmdTable4
.SetWordBA_txtptr
     88A7   A9 FF      LDA #&FF
     88A9   85 BE      STA &BE
     88AB   A5 F2      LDA &F2
     88AD   85 BA      STA &BA
     88AF   A5 F3      LDA &F3
     88B1   85 BB      STA &BB
     88B3   8C DA A4   STY &A4DA
     88B6   20 4E 81   JSR &814E
     88B9   8C D9 A4   STY &A4D9
     88BC   20 7C 82   JSR &827C
     88BF   B0 21      BCS &88E2
     88C1   AC DA A4   LDY &A4DA
     88C4   AD CB A4   LDA &A4CB
     88C7   85 CC      STA &CC
     88C9   AD CC A4   LDA &A4CC
     88CC   85 CD      STA &CD
     88CE   20 51 81   JSR &8151
     88D1   20 7C 82   JSR &827C
     88D4   B0 0C      BCS &88E2
.errBADCOMMAND
     88D6   20 50 80   JSR &8050
     88D9   FE
     88DA   63 6F 6D ...
     88E1   00
.runfile_found
     88E2   B9 0E A3   LDA &A30E,Y
     88E5   20 14 82   JSR &8214
     88E8   C9 03      CMP #&03
     88EA   D0 42      BNE &892E
     88EC   B9 0A A3   LDA &A30A,Y
     88EF   39 0B A3   AND &A30B,Y
     88F2   C9 FF      CMP #&FF
     88F4   D0 38      BNE &892E
     88F6   A2 06      LDX #&06
.runfile_exec_loop
     88F8   BD 00 A4   LDA &A400,X
     88FB   9D 07 A4   STA &A407,X
     88FE   CA         DEX
     88FF   10 F7      BPL &88F8
     8901   A9 0D      LDA #&0D
     8903   8D 0E A4   STA &A40E
     8906   A9 45      LDA #&45
     8908   8D 00 A4   STA &A400
     890B   A9 3A      LDA #&3A
     890D   8D 02 A4   STA &A402
     8910   A5 CD      LDA &CD
     8912   09 30      ORA #&30
     8914   8D 03 A4   STA &A403
     8917   A9 2E      LDA #&2E
     8919   8D 01 A4   STA &A401
     891C   8D 04 A4   STA &A404
     891F   8D 06 A4   STA &A406
     8922   A5 CC      LDA &CC
     8924   8D 05 A4   STA &A405
     8927   A2 00      LDX #&00
     8929   A0 A4      LDY #&A4
     892B   4C F7 FF   JMP &FFF7
.runfile_run
     892E   20 17 88   JSR &8817
     8931   18         CLC
     8932   AD D9 A4   LDA &A4D9
     8935   A8         TAY
     8936   65 F2      ADC &F2
     8938   8D D9 A4   STA &A4D9
     893B   A5 F3      LDA &F3
     893D   69 00      ADC #&00
     893F   8D DA A4   STA &A4DA
     8942   AD 76 A4   LDA &A476
     8945   2D 77 A4   AND &A477
     8948   0D D6 A4   ORA &A4D6
     894B   C9 FF      CMP #&FF
     894D   F0 16      BEQ &8965
     894F   A5 BE      LDA &BE
     8951   8D 74 A4   STA &A474
     8954   A5 BF      LDA &BF
     8956   8D 75 A4   STA &A475
     8959   20 5F 8C   JSR &8C5F
     895C   A2 74      LDX #&74
     895E   A0 A4      LDY #&A4
     8960   A9 04      LDA #&04
     8962   4C 06 04   JMP &0406
.runfile_inhost
     8965   A9 01      LDA #&01
     8967   6C BE 00   JMP (&00BE)
.CMD_DIR
     896A   A2 00      LDX #&00
     896C   F0 02      BEQ &8970
.CMD_LIB
     896E   A2 02      LDX #&02
.setdirlib
     8970   20 7C 89   JSR &897C
     8973   9D CA A4   STA &A4CA,X
     8976   A5 CC      LDA &CC
     8978   9D C9 A4   STA &A4C9,X
     897B   60         RTS
.ReadDirDrvParameters
     897C   AD C9 A4   LDA &A4C9
     897F   85 CC      STA &CC
     8981   20 BF 81   JSR &81BF
     8984   D0 05      BNE &898B
     8986   A9 00      LDA #&00
     8988   85 CD      STA &CD
     898A   60         RTS
.ReadDirDrvParameters2
     898B   20 D8 8B   JSR &8BD8
.rdd_loop
     898E   20 A4 81   JSR &81A4
     8991   B0 10      BCS &89A3
     8993   C9 3A      CMP #&3A
     8995   D0 14      BNE &89AB
     8997   20 E8 8B   JSR &8BE8
     899A   20 A4 81   JSR &81A4
     899D   B0 13      BCS &89B2
     899F   C9 2E      CMP #&2E
     89A1   F0 EB      BEQ &898E
.errBADDIRECTORY
     89A3   20 50 80   JSR &8050
     89A6   CE
     89A7   64 69 72 
     89AA   00
.rdd_exit2
     89AB   85 CC      STA &CC
     89AD   20 A4 81   JSR &81A4
     89B0   90 F1      BCC &89A3
.rdd_exit1
     89B2   A5 CD      LDA &CD
     89B4   60         RTS
.CMD_TITLE
     89B5   20 F1 99   JSR &99F1
     89B8   20 82 AB   JSR &AB82
     89BB   A2 0B      LDX #&0B
     89BD   A9 00      LDA #&00
.cmdtit_loop1
     89BF   20 D5 89   JSR &89D5
     89C2   CA         DEX
     89C3   10 FA      BPL &89BF
.cmdtit_loop2
     89C5   E8         INX
     89C6   20 A4 81   JSR &81A4
     89C9   B0 07      BCS &89D2
     89CB   20 D5 89   JSR &89D5
     89CE   E0 0B      CPX #&0B
     89D0   90 F3      BCC &89C5
.cmdtit_savecat
     89D2   4C 8C AB   JMP &AB8C
.SetDiskTitleChr_Xpos
     89D5   E0 08      CPX #&08
     89D7   90 04      BCC &89DD
     89D9   9D F8 A2   STA &A2F8,X
     89DC   60         RTS
.setdisttit_page
     89DD   9D 00 A2   STA &A200,X
     89E0   60         RTS
.CMD_ACCESS
     89E1   20 75 92   JSR &9275
     89E4   20 F1 99   JSR &99F1
     89E7   20 48 81   JSR &8148
     89EA   A2 00      LDX #&00
     89EC   20 BF 81   JSR &81BF
     89EF   D0 1F      BNE &8A10
.cmdac_flag
     89F1   86 AA      STX &AA
     89F3   20 37 82   JSR &8237
.cmdac_filefound
     89F6   20 2D 93   JSR &932D
     89F9   B9 0F A2   LDA &A20F,Y
     89FC   29 7F      AND #&7F
     89FE   05 AA      ORA &AA
     8A00   99 0F A2   STA &A20F,Y
     8A03   20 43 83   JSR &8343
     8A06   20 83 82   JSR &8283
     8A09   B0 EB      BCS &89F6
.jmp_savecattodisk
     8A0B   4C 8C AB   JMP &AB8C
.cmdac_paramloop
     8A0E   A2 80      LDX #&80
.cmdac_getparam
     8A10   20 A4 81   JSR &81A4
     8A13   B0 DC      BCS &89F1
     8A15   29 5F      AND #&5F
     8A17   C9 4C      CMP #&4C
     8A19   F0 F3      BEQ &8A0E
.errBADATTRIBUTE
     8A1B   20 50 80   JSR &8050
     8A1E   CF
     8A1F   61 74 74 ...
     8A28   00
.fscv0_starOPT
     8A29   20 F2 83   JSR &83F2
     8A2C   8A         TXA
     8A2D   C9 04      CMP #&04
     8A2F   F0 1E      BEQ &8A4F
     8A31   C9 05      CMP #&05
     8A33   F0 34      BEQ &8A69
     8A35   C9 02      CMP #&02
     8A37   90 0B      BCC &8A44
.errBADOPTION
     8A39   20 50 80   JSR &8050
     8A3C   CB
     8A3D   6F 70 74 ...
     8A43   00
.opts0_1
     8A44   A2 FF      LDX #&FF
     8A46   98         TYA
     8A47   F0 02      BEQ &8A4B
     8A49   A2 00      LDX #&00
.opts0_1_Y0
     8A4B   8E C6 A4   STX &A4C6
     8A4E   60         RTS
.SetBootOption_Yoption
     8A4F   98         TYA
     8A50   48         PHA
     8A51   20 D3 8B   JSR &8BD3
     8A54   20 88 AB   JSR &AB88
     8A57   68         PLA
     8A58   20 24 82   JSR &8224
     8A5B   4D 06 A3   EOR &A306
     8A5E   29 30      AND #&30
     8A60   4D 06 A3   EOR &A306
     8A63   8D 06 A3   STA &A306
     8A66   4C 8C AB   JMP &AB8C
.DiskTrapOption
     8A69   98         TYA
     8A6A   08         PHP
     8A6B   A5 F4      LDA &F4
     8A6D   29 7F      AND #&7F
     8A6F   AA         TAX
     8A70   BD F0 0D   LDA &0DF0,X
     8A73   29 BF      AND #&BF
     8A75   28         PLP
     8A76   F0 02      BEQ &8A7A
     8A78   09 40      ORA #&40
.skip
     8A7A   9D F0 0D   STA &0DF0,X
     8A7D   60         RTS
.errDISKFULL
     8A7E   20 45 80   JSR &8045
     8A81   C6
     8A82   66 75 6C ...
     8A86   00
.CreateFile_FSP
     8A87   20 4E 81   JSR &814E
     8A8A   20 7C 82   JSR &827C
     8A8D   90 03      BCC &8A92
     8A8F   20 19 83   JSR &8319
.createfile_nodel
     8A92   A5 C0      LDA &C0
     8A94   48         PHA
     8A95   A5 C1      LDA &C1
     8A97   48         PHA
     8A98   38         SEC
     8A99   A5 C2      LDA &C2
     8A9B   E5 C0      SBC &C0
     8A9D   85 C0      STA &C0
     8A9F   A5 C3      LDA &C3
     8AA1   E5 C1      SBC &C1
     8AA3   85 C1      STA &C1
     8AA5   AD 7A A4   LDA &A47A
     8AA8   ED 78 A4   SBC &A478
     8AAB   20 DC 8A   JSR &8ADC
     8AAE   AD 79 A4   LDA &A479
     8AB1   8D 75 A4   STA &A475
     8AB4   AD 78 A4   LDA &A478
     8AB7   8D 74 A4   STA &A474
     8ABA   68         PLA
     8ABB   85 BD      STA &BD
     8ABD   68         PLA
     8ABE   85 BC      STA &BC
     8AC0   60         RTS
.CreateFile_3
     8AC1   85 CD      STA &CD
     8AC3   A5 CC      LDA &CC
     8AC5   48         PHA
     8AC6   20 85 AB   JSR &AB85
     8AC9   20 87 82   JSR &8287
     8ACC   90 03      BCC &8AD1
     8ACE   20 19 83   JSR &8319
.cd_writedest_cat_nodel
     8AD1   68         PLA
     8AD2   85 CC      STA &CC
     8AD4   20 B9 8B   JSR &8BB9
     8AD7   A5 C2      LDA &C2
     8AD9   20 16 82   JSR &8216
.CreateFile_2
     8ADC   85 C4      STA &C4
     8ADE   A9 00      LDA #&00
     8AE0   85 C2      STA &C2
     8AE2   A9 02      LDA #&02
     8AE4   85 C3      STA &C3
     8AE6   AC 05 A3   LDY &A305
     8AE9   C0 F8      CPY #&F8
     8AEB   90 31      BCC &8B1E
.errCATALOGUEFULL
     8AED   20 5A 80   JSR &805A
     8AF0   BE
     8AF1   43 61 74 ...
     8AF9   00
.cfile_loop
     8AFA   F0 82      BEQ &8A7E
     8AFC   20 C1 82   JSR &82C1
     8AFF   B9 0E A3   LDA &A30E,Y
     8B02   20 16 82   JSR &8216
     8B05   85 C2      STA &C2
     8B07   18         CLC
     8B08   A9 FF      LDA #&FF
     8B0A   79 0C A3   ADC &A30C,Y
     8B0D   B9 0F A3   LDA &A30F,Y
     8B10   79 0D A3   ADC &A30D,Y
     8B13   85 C3      STA &C3
     8B15   B9 0E A3   LDA &A30E,Y
     8B18   29 03      AND #&03
     8B1A   65 C2      ADC &C2
     8B1C   85 C2      STA &C2
.Getfirstblock_Yoffset
     8B1E   38         SEC
     8B1F   B9 07 A3   LDA &A307,Y
     8B22   E5 C3      SBC &C3
     8B24   48         PHA
     8B25   B9 06 A3   LDA &A306,Y
     8B28   29 03      AND #&03
     8B2A   E5 C2      SBC &C2
     8B2C   AA         TAX
     8B2D   A9 00      LDA #&00
     8B2F   C5 C0      CMP &C0
     8B31   68         PLA
     8B32   E5 C1      SBC &C1
     8B34   8A         TXA
     8B35   E5 C4      SBC &C4
     8B37   98         TYA
     8B38   90 C0      BCC &8AFA
     8B3A   84 B0      STY &B0
     8B3C   AC 05 A3   LDY &A305
.cfile_insertfileloop
     8B3F   C4 B0      CPY &B0
     8B41   F0 0F      BEQ &8B52
     8B43   B9 07 A2   LDA &A207,Y
     8B46   99 0F A2   STA &A20F,Y
     8B49   B9 07 A3   LDA &A307,Y
     8B4C   99 0F A3   STA &A30F,Y
     8B4F   88         DEY
     8B50   B0 ED      BCS &8B3F
.cfile_atcatentry
     8B52   AD 76 A4   LDA &A476
     8B55   29 03      AND #&03
     8B57   0A         ASL A
     8B58   0A         ASL A
     8B59   45 C4      EOR &C4
     8B5B   29 FC      AND #&FC
     8B5D   45 C4      EOR &C4
     8B5F   0A         ASL A
     8B60   0A         ASL A
     8B61   4D 74 A4   EOR &A474
     8B64   29 FC      AND #&FC
     8B66   4D 74 A4   EOR &A474
     8B69   0A         ASL A
     8B6A   0A         ASL A
     8B6B   45 C2      EOR &C2
     8B6D   29 FC      AND #&FC
     8B6F   45 C2      EOR &C2
     8B71   85 C2      STA &C2
     8B73   A2 00      LDX #&00
     8B75   98         TYA
     8B76   48         PHA
.cfile_copyfnloop
     8B77   B5 C5      LDA &C5,X
     8B79   99 08 A2   STA &A208,Y
     8B7C   B5 BC      LDA &BC,X
     8B7E   99 08 A3   STA &A308,Y
     8B81   C8         INY
     8B82   E8         INX
     8B83   E0 08      CPX #&08
     8B85   D0 F0      BNE &8B77
     8B87   68         PLA
     8B88   A8         TAY
     8B89   48         PHA
     8B8A   20 43 83   JSR &8343
     8B8D   AC 05 A3   LDY &A305
     8B90   20 F3 87   JSR &87F3
     8B93   8C 05 A3   STY &A305
     8B96   20 8C AB   JSR &AB8C
     8B99   68         PLA
     8B9A   A8         TAY
     8B9B   60         RTS
.CMD_ENABLE
     8B9C   A9 01      LDA #&01
     8B9E   8D C7 A4   STA &A4C7
     8BA1   60         RTS
.LoadAddrHi2
     8BA2   A9 00      LDA #&00
     8BA4   8D 75 A4   STA &A475
     8BA7   A5 C2      LDA &C2
     8BA9   29 08      AND #&08
     8BAB   8D 74 A4   STA &A474
     8BAE   F0 08      BEQ &8BB8
.SetLoadAddrToHost
     8BB0   A9 FF      LDA #&FF
     8BB2   8D 75 A4   STA &A475
     8BB5   8D 74 A4   STA &A474
.ldadd_nothost
     8BB8   60         RTS
.LoadandEexeAddrHi2
     8BB9   20 A2 8B   JSR &8BA2
.ExecAddrHi2
     8BBC   A9 00      LDA #&00
     8BBE   8D 77 A4   STA &A477
     8BC1   A5 C2      LDA &C2
     8BC3   20 14 82   JSR &8214
     8BC6   C9 03      CMP #&03
     8BC8   D0 05      BNE &8BCF
     8BCA   A9 FF      LDA #&FF
     8BCC   8D 77 A4   STA &A477
.exadd_nothost
     8BCF   8D 76 A4   STA &A476
     8BD2   60         RTS
.Set_CurDirDrv_ToDefaults
     8BD3   AD C9 A4   LDA &A4C9
     8BD6   85 CC      STA &CC
.Set_CurDrv_ToDefault
     8BD8   AD CA A4   LDA &A4CA
.SetCurrentDrive_Adrive
     8BDB   29 03      AND #&03
.SetCurrentDrive_Adrive_noand
     8BDD   85 CD      STA &CD
     8BDF   60         RTS
.Param_OptionalDriveNo
     8BE0   20 BF 81   JSR &81BF
     8BE3   F0 F3      BEQ &8BD8
.Param_DriveNo_Syntax
     8BE5   20 F1 99   JSR &99F1
.Param_DriveNo_BadDrive
     8BE8   20 A4 81   JSR &81A4
     8BEB   B0 0B      BCS &8BF8
     8BED   C9 3A      CMP #&3A
     8BEF   F0 F7      BEQ &8BE8
     8BF1   38         SEC
     8BF2   E9 30      SBC #&30
     8BF4   C9 04      CMP #&04
     8BF6   90 E5      BCC &8BDD
.errBADDRIVE
     8BF8   20 50 80   JSR &8050
     8BFB   CD
     8BFC   64 72 69 ...
     8C01   00
.CMD_RENAME
     8C02   20 6C 92   JSR &926C
     8C05   20 F1 99   JSR &99F1
     8C08   20 48 81   JSR &8148
     8C0B   98         TYA
     8C0C   48         PHA
     8C0D   20 37 82   JSR &8237
     8C10   20 2A 93   JSR &932A
     8C13   84 C4      STY &C4
     8C15   68         PLA
     8C16   A8         TAY
     8C17   20 F1 99   JSR &99F1
     8C1A   A5 CD      LDA &CD
     8C1C   48         PHA
     8C1D   20 48 81   JSR &8148
     8C20   68         PLA
     8C21   C5 CD      CMP &CD
     8C23   D0 14      BNE &8C39
     8C25   20 7C 82   JSR &827C
     8C28   90 12      BCC &8C3C
     8C2A   C4 C4      CPY &C4
     8C2C   F0 0E      BEQ &8C3C
.errFILEEXISTS
     8C2E   20 5A 80   JSR &805A
     8C31   C4
     8C32   45 78 69 ...
     8C38   00
.jmpBADDRIVE
     8C39   4C F8 8B   JMP &8BF8
.rname_ok
     8C3C   A4 C4      LDY &C4
     8C3E   20 F3 87   JSR &87F3
     8C41   A2 07      LDX #&07
.rname_loop
     8C43   B5 C5      LDA &C5,X
     8C45   99 07 A2   STA &A207,Y
     8C48   88         DEY
     8C49   CA         DEX
     8C4A   10 F7      BPL &8C43
     8C4C   4C 8C AB   JMP &AB8C
.TUBE_CheckIfPresent
     8C4F   A9 EA      LDA #&EA
     8C51   A2 00      LDX #&00
     8C53   A0 FF      LDY #&FF
     8C55   20 F4 FF   JSR &FFF4
     8C58   8A         TXA
     8C59   49 FF      EOR #&FF
     8C5B   8D D6 A4   STA &A4D6
     8C5E   60         RTS
.TUBE_CLAIM
     8C5F   48         PHA
.tclaim_loop
     8C60   A9 CA      LDA #&CA
     8C62   20 06 04   JSR &0406
     8C65   90 F9      BCC &8C60
     8C67   68         PLA
     8C68   60         RTS
.TUBE_RELEASE
     8C69   20 4F 8C   JSR &8C4F
     8C6C   30 07      BMI &8C75
.TUBE_RELEASE_NoCheck
     8C6E   48         PHA
     8C6F   A9 8A      LDA #&8A
     8C71   20 06 04   JSR &0406
     8C74   68         PLA
.trelease_exit
     8C75   60         RTS
.CheckESCAPE
     8C76   24 FF      BIT &FF
     8C78   10 1F      BPL &8C99
.ReportESCAPE
     8C7A   A9 7E      LDA #&7E
     8C7C   20 F4 FF   JSR &FFF4
     8C7F   20 6A 80   JSR &806A
     8C82   11
     8C83   45 73 63 ...
     8C89   00
.PrintHex100
     8C8A   48         PHA
     8C8B   20 1E 82   JSR &821E
     8C8E   20 92 8C   JSR &8C92
     8C91   68         PLA
.PrintNib100
     8C92   20 23 81   JSR &8123
     8C95   9D 00 01   STA &0100,X
     8C98   E8         INX
.noesc
     8C99   60         RTS
.BootOptions
     8C9A   4C 2E 21 ...
     8CA1   0D
     8CA2   45 2E 21 ...
     8CA9   0D
.AUTOBOOT
     8CAA   A5 B3      LDA &B3
     8CAC   20 97 80   JSR &8097
Macro BOOT_NAME:
Macro BASE_NAME:
     8CAF   4D 6F 64 ...
Macro SYSTEM_NAME:
     8CB8   4D 4D 46 ...
End macro SYSTEM_NAME
     8CBD   20 31 32 ...
End macro BASE_NAME
Macro DEVICE_NAME:
End macro DEVICE_NAME
Macro DFS_EMUL_NAME:
End macro DFS_EMUL_NAME
     8CC1   0D
     8CC2   0D
End macro BOOT_NAME
     8CC3   90 0F      BCC &8CD4
.CMD_DISC
     8CC5   A5 F4      LDA &F4
     8CC7   29 7F      AND #&7F
     8CC9   AA         TAX
     8CCA   BD F0 0D   LDA &0DF0,X
     8CCD   29 40      AND #&40
     8CCF   F0 01      BEQ &8CD2
     8CD1   60         RTS
.CMD_CARD
     8CD2   A9 FF      LDA #&FF
.initMMFS
     8CD4   20 07 96   JSR &9607
     8CD7   48         PHA
     8CD8   A9 06      LDA #&06
     8CDA   20 30 80   JSR &8030
     8CDD   A2 0D      LDX #&0D
.vectloop
     8CDF   BD 74 93   LDA &9374,X
     8CE2   9D 12 02   STA &0212,X
     8CE5   CA         DEX
     8CE6   10 F7      BPL &8CDF
     8CE8   A9 A8      LDA #&A8
     8CEA   20 6D 93   JSR &936D
     8CED   84 B1      STY &B1
     8CEF   86 B0      STX &B0
     8CF1   A2 07      LDX #&07
     8CF3   A0 1B      LDY #&1B
.extendedvec_loop
     8CF5   B9 67 93   LDA &9367,Y
     8CF8   91 B0      STA (&B0),Y
     8CFA   C8         INY
     8CFB   B9 67 93   LDA &9367,Y
     8CFE   91 B0      STA (&B0),Y
     8D00   C8         INY
     8D01   A5 F4      LDA &F4
     8D03   09 80      ORA #&80
     8D05   91 B0      STA (&B0),Y
     8D07   C8         INY
     8D08   CA         DEX
     8D09   D0 EA      BNE &8CF5
     8D0B   8C 82 A4   STY &A482
     8D0E   8C 83 A4   STY &A483
     8D11   86 CD      STX &CD
     8D13   8E AF A4   STX &A4AF
     8D16   A2 0F      LDX #&0F
     8D18   A9 8F      LDA #&8F
     8D1A   20 F4 FF   JSR &FFF4
     8D1D   AD D3 A4   LDA &A4D3
     8D20   30 2F      BMI &8D51
     8D22   A9 FF      LDA #&FF
     8D24   8D D3 A4   STA &A4D3
.setdefaults
     8D27   A9 20      LDA #&20
     8D29   8D C0 A5   STA &A5C0
     8D2C   8D D0 A5   STA &A5D0
     8D2F   A9 24      LDA #&24
     8D31   8D C9 A4   STA &A4C9
     8D34   8D CB A4   STA &A4CB
     8D37   A9 00      LDA #&00
     8D39   8D CC A4   STA &A4CC
     8D3C   A0 00      LDY #&00
     8D3E   8C CA A4   STY &A4CA
     8D41   8C C0 A4   STY &A4C0
     8D44   88         DEY
     8D45   8C C7 A4   STY &A4C7
     8D48   8C C6 A4   STY &A4C6
     8D4B   8C DD A4   STY &A4DD
     8D4E   20 85 8D   JSR &8D85
.initdfs_noreset
     8D51   20 4F 8C   JSR &8C4F
     8D54   A9 FD      LDA #&FD
     8D56   20 6D 93   JSR &936D
     8D59   E0 00      CPX #&00
     8D5B   F0 06      BEQ &8D63
     8D5D   20 7E B1   JSR &B17E
     8D60   20 64 B7   JSR &B764
.skipautoload
     8D63   68         PLA
     8D64   D0 0B      BNE &8D71
     8D66   20 88 AB   JSR &AB88
     8D69   AD 06 A3   LDA &A306
     8D6C   20 1E 82   JSR &821E
     8D6F   D0 01      BNE &8D72
.initdfs_exit
     8D71   60         RTS
.notOPT0
     8D72   A0 8C      LDY #&8C
     8D74   A2 9A      LDX #&9A
     8D76   C9 02      CMP #&02
     8D78   90 08      BCC &8D82
     8D7A   F0 04      BEQ &8D80
     8D7C   A2 A2      LDX #&A2
     8D7E   D0 02      BNE &8D82
.oscliOPT2
     8D80   A2 A4      LDX #&A4
.jmpOSCLI
     8D82   4C F7 FF   JMP &FFF7
.VIDRESET
     8D85   A0 0F      LDY #&0F
     8D87   A9 00      LDA #&00
.loop
     8D89   99 E0 A4   STA &A4E0,Y
     8D8C   88         DEY
     8D8D   10 FA      BPL &8D89
     8D8F   A9 01      LDA #&01
     8D91   8D F0 A4   STA &A4F0
     8D94   60         RTS
.MMFS_SERVICECALLS
     8D95   20 CE A3   JSR &A3CE
     8D98   48         PHA
     8D99   A5 F4      LDA &F4
     8D9B   29 7F      AND #&7F
     8D9D   AA         TAX
     8D9E   BD F0 0D   LDA &0DF0,X
     8DA1   30 23      BMI &8DC6
.lbl1
     8DA3   68         PLA
     8DA4   C9 12      CMP #&12
     8DA6   F0 36      BEQ &8DDE
     8DA8   C9 0B      CMP #&0B
     8DAA   B0 19      BCS &8DC5
.label4
     8DAC   0A         ASL A
     8DAD   AA         TAX
     8DAE   BD C9 8D   LDA &8DC9,X
     8DB1   48         PHA
     8DB2   BD C8 8D   LDA &8DC8,X
     8DB5   48         PHA
     8DB6   8A         TXA
     8DB7   48         PHA
     8DB8   A5 F4      LDA &F4
     8DBA   29 7F      AND #&7F
     8DBC   AA         TAX
     8DBD   68         PLA
     8DBE   4A         LSR A
     8DBF   C9 0B      CMP #&0B
     8DC1   90 02      BCC &8DC5
     8DC3   69 15      ADC #&15
.label3
.SERVICE_NULL
     8DC5   60         RTS
.romdisabled
     8DC6   68         PLA
     8DC7   60         RTS
.data
     8DC8   C4 8D
     8DCA   C4 8D
     8DCC   F0 8D
     8DCE   10 8E
     8DD0   32 8E
     8DD2   C4 8D
     8DD4   C4 8D
     8DD6   C4 8D
     8DD8   47 8E
     8DDA   AE 8E
     8DDC   C4 8D
.SERVICE12_init_filesystem
Macro BP12K_NEST:
     8DDE   20 F6 BE   JSR &BEF6
     8DE1   20 E7 8D   JSR &8DE7
     8DE4   4C 04 BF   JMP &BF04
.nested
End macro BP12K_NEST
     8DE7   C0 04      CPY #&04
     8DE9   D0 DA      BNE &8DC5
     8DEB   20 F2 83   JSR &83F2
     8DEE   4C D2 8C   JMP &8CD2
.SERVICE02_claim_privworkspace
     8DF1   98         TYA
     8DF2   48         PHA
     8DF3   20 B2 BE   JSR &BEB2
     8DF6   A9 FD      LDA #&FD
     8DF8   20 6D 93   JSR &936D
     8DFB   CA         DEX
     8DFC   30 09      BMI &8E07
     8DFE   20 F6 BE   JSR &BEF6
     8E01   8E D3 A4   STX &A4D3
     8E04   20 04 BF   JSR &BF04
.skipOnSoftReset
     8E07   A5 F4      LDA &F4
     8E09   29 7F      AND #&7F
     8E0B   AA         TAX
     8E0C   68         PLA
     8E0D   A8         TAY
     8E0E   A9 02      LDA #&02
.srv3_exit
     8E10   60         RTS
.SERVICE03_autoboot
Macro BP12K_NEST:
     8E11   20 F6 BE   JSR &BEF6
     8E14   20 1A 8E   JSR &8E1A
     8E17   4C 04 BF   JMP &BF04
.nested
End macro BP12K_NEST
     8E1A   20 F2 83   JSR &83F2
     8E1D   84 B3      STY &B3
     8E1F   A9 7A      LDA #&7A
     8E21   20 F4 FF   JSR &FFF4
     8E24   8A         TXA
     8E25   30 09      BMI &8E30
     8E27   C9 65      CMP #&65
     8E29   D0 E5      BNE &8E10
     8E2B   A9 78      LDA #&78
     8E2D   20 F4 FF   JSR &FFF4
.jmpAUTOBOOT
     8E30   4C AA 8C   JMP &8CAA
.SERVICE04_unrec_command
Macro BP12K_NEST:
     8E33   20 F6 BE   JSR &BEF6
     8E36   20 3C 8E   JSR &8E3C
     8E39   4C 04 BF   JMP &BF04
.nested
End macro BP12K_NEST
     8E3C   20 F2 83   JSR &83F2
     8E3F   A2 92      LDX #&92
.jmpunreccmd
     8E41   4C 2B 87   JMP &872B
.NotCmdTable22
     8E44   A2 76      LDX #&76
     8E46   D0 F9      BNE &8E41
.SERVICE08_unrec_OSWORD
Macro BP12K_NEST:
     8E48   20 F6 BE   JSR &BEF6
     8E4B   20 51 8E   JSR &8E51
     8E4E   4C 04 BF   JMP &BF04
.nested
End macro BP12K_NEST
     8E51   20 F2 83   JSR &83F2
     8E54   A4 EF      LDY &EF
     8E56   30 2F      BMI &8E87
     8E58   C0 7D      CPY #&7D
     8E5A   90 2B      BCC &8E87
     8E5C   AD 13 02   LDA &0213
     8E5F   C9 FF      CMP #&FF
     8E61   D0 24      BNE &8E87
     8E63   AD 12 02   LDA &0212
     8E66   C9 1B      CMP #&1B
     8E68   D0 1D      BNE &8E87
     8E6A   AD BC 0D   LDA &0DBC
     8E6D   C5 F4      CMP &F4
     8E6F   D0 16      BNE &8E87
     8E71   20 07 96   JSR &9607
     8E74   A6 F0      LDX &F0
     8E76   86 B0      STX &B0
     8E78   A6 F1      LDX &F1
     8E7A   86 B1      STX &B1
     8E7C   A4 EF      LDY &EF
     8E7E   C8         INY
     8E7F   10 07      BPL &8E88
     8E81   08         PHP
     8E82   58         CLI
     8E83   20 D0 BA   JSR &BAD0
     8E86   28         PLP
.notMMFS
.exit
     8E87   60         RTS
.notOSWORD7F
     8E88   20 82 AB   JSR &AB82
     8E8B   C8         INY
     8E8C   30 08      BMI &8E96
     8E8E   A0 00      LDY #&00
     8E90   AD 04 A3   LDA &A304
     8E93   91 B0      STA (&B0),Y
     8E95   60         RTS
.OSWORD7E
     8E96   A9 00      LDA #&00
     8E98   A8         TAY
     8E99   91 B0      STA (&B0),Y
     8E9B   C8         INY
     8E9C   AD 07 A3   LDA &A307
     8E9F   91 B0      STA (&B0),Y
     8EA1   C8         INY
     8EA2   AD 06 A3   LDA &A306
     8EA5   29 03      AND #&03
     8EA7   91 B0      STA (&B0),Y
     8EA9   C8         INY
     8EAA   A9 00      LDA #&00
     8EAC   91 B0      STA (&B0),Y
     8EAE   60         RTS
.SERVICE09_help
     8EAF   20 F2 83   JSR &83F2
     8EB2   B1 F2      LDA (&F2),Y
     8EB4   A2 A8      LDX #&A8
     8EB6   C9 0D      CMP #&0D
     8EB8   D0 87      BNE &8E41
     8EBA   98         TYA
     8EBB   A0 03      LDY #&03
     8EBD   4C 9C 99   JMP &999C
.FILEV_ENTRY
     8EC0   20 1B 84   JSR &841B
     8EC3   48         PHA
     8EC4   20 6C 92   JSR &926C
     8EC7   86 B0      STX &B0
     8EC9   8E DB A4   STX &A4DB
     8ECC   84 B1      STY &B1
     8ECE   8C DC A4   STY &A4DC
     8ED1   A2 00      LDX #&00
     8ED3   A0 00      LDY #&00
     8ED5   20 3E 81   JSR &813E
.filev_copyparams_loop
     8ED8   20 2E 81   JSR &812E
     8EDB   C0 12      CPY #&12
     8EDD   D0 F9      BNE &8ED8
     8EDF   68         PLA
     8EE0   AA         TAX
     8EE1   E8         INX
     8EE2   E0 08      CPX #&08
     8EE4   B0 08      BCS &8EEE
     8EE6   BD B7 93   LDA &93B7,X
     8EE9   48         PHA
     8EEA   BD AF 93   LDA &93AF,X
     8EED   48         PHA
.filev_unknownop
     8EEE   A9 00      LDA #&00
     8EF0   60         RTS
.FSCV_ENTRY
     8EF1   C9 0C      CMP #&0C
     8EF3   B0 F9      BCS &8EEE
     8EF5   86 B5      STX &B5
     8EF7   AA         TAX
     8EF8   BD A3 93   LDA &93A3,X
     8EFB   48         PHA
     8EFC   BD 97 93   LDA &9397,X
     8EFF   48         PHA
     8F00   8A         TXA
     8F01   A6 B5      LDX &B5
     8F03   60         RTS
.GBPBV_ENTRY
     8F04   C9 09      CMP #&09
     8F06   B0 1D      BCS &8F25
     8F08   20 F2 83   JSR &83F2
     8F0B   20 07 96   JSR &9607
     8F0E   8E 7D A4   STX &A47D
     8F11   8C 7E A4   STY &A47E
     8F14   A8         TAY
     8F15   4C C6 90   JMP &90C6
.upgbpb
     8F18   20 26 8F   JSR &8F26
     8F1B   08         PHP
     8F1C   2C 81 A4   BIT &A481
     8F1F   10 03      BPL &8F24
     8F21   20 6E 8C   JSR &8C6E
.gbpb_nottube
     8F24   28         PLP
.gbpbv_unrecop
     8F25   60         RTS
.gbpb_gosub
     8F26   B9 BF 93   LDA &93BF,Y
     8F29   8D D7 A4   STA &A4D7
     8F2C   B9 C8 93   LDA &93C8,Y
     8F2F   8D D8 A4   STA &A4D8
     8F32   B9 D1 93   LDA &93D1,Y
     8F35   4A         LSR A
     8F36   08         PHP
     8F37   4A         LSR A
     8F38   08         PHP
     8F39   8D 7F A4   STA &A47F
     8F3C   A0 0C      LDY #&0C
.gbpb_ctlblk_loop
     8F3E   B1 B4      LDA (&B4),Y
     8F40   99 60 A4   STA &A460,Y
     8F43   88         DEY
     8F44   10 F8      BPL &8F3E
     8F46   AD 63 A4   LDA &A463
     8F49   2D 64 A4   AND &A464
     8F4C   0D D6 A4   ORA &A4D6
     8F4F   18         CLC
     8F50   69 01      ADC #&01
     8F52   F0 06      BEQ &8F5A
     8F54   20 5F 8C   JSR &8C5F
     8F57   18         CLC
     8F58   A9 FF      LDA #&FF
.gbpb_nottube1
     8F5A   8D 81 A4   STA &A481
     8F5D   AD 7F A4   LDA &A47F
     8F60   B0 07      BCS &8F69
     8F62   A2 61      LDX #&61
     8F64   A0 A4      LDY #&A4
     8F66   20 06 04   JSR &0406
.gbpb_nottube2
     8F69   28         PLP
     8F6A   B0 04      BCS &8F70
     8F6C   28         PLP
.gbpb_jmpsub
     8F6D   6C D7 A4   JMP (&A4D7)
.gbpb_rw_seqptr
     8F70   A2 03      LDX #&03
.gbpb_seqptr_loop1
     8F72   BD 69 A4   LDA &A469,X
     8F75   95 B6      STA &B6,X
     8F77   CA         DEX
     8F78   10 F8      BPL &8F72
     8F7A   A2 B6      LDX #&B6
     8F7C   AC 60 A4   LDY &A460
     8F7F   A9 00      LDA #&00
     8F81   28         PLP
     8F82   B0 03      BCS &8F87
     8F84   20 ED 98   JSR &98ED
.gpbp_dontwriteseqptr
     8F87   20 52 96   JSR &9652
     8F8A   A2 03      LDX #&03
.gbpb_seqptr_loop2
     8F8C   B5 B6      LDA &B6,X
     8F8E   9D 69 A4   STA &A469,X
     8F91   CA         DEX
     8F92   10 F8      BPL &8F8C
.gbpb_rwdata
     8F94   20 64 90   JSR &9064
     8F97   30 0D      BMI &8FA6
.gbpb_data_loop
     8F99   AC 60 A4   LDY &A460
     8F9C   20 6D 8F   JSR &8F6D
     8F9F   B0 0D      BCS &8FAE
     8FA1   A2 09      LDX #&09
     8FA3   20 9F 90   JSR &909F
.gbpb_data_loopin
     8FA6   A2 05      LDX #&05
     8FA8   20 9F 90   JSR &909F
     8FAB   D0 EC      BNE &8F99
     8FAD   18         CLC
.gbpb_data_loopout
     8FAE   08         PHP
     8FAF   20 64 90   JSR &9064
     8FB2   A2 05      LDX #&05
     8FB4   20 9F 90   JSR &909F
     8FB7   20 72 90   JSR &9072
     8FBA   A0 0C      LDY #&0C
.gbpb_restorectlblk_loop
     8FBC   B9 60 A4   LDA &A460,Y
     8FBF   91 B4      STA (&B4),Y
     8FC1   88         DEY
     8FC2   10 F8      BPL &8FBC
     8FC4   28         PLP
     8FC5   60         RTS
.gbpb8_rdfilescurdir
     8FC6   20 77 AB   JSR &AB77
     8FC9   A9 D5      LDA #&D5
     8FCB   8D D7 A4   STA &A4D7
     8FCE   A9 8F      LDA #&8F
     8FD0   8D D8 A4   STA &A4D8
     8FD3   D0 BF      BNE &8F94
.gbpb8_getbyte
     8FD5   AC 69 A4   LDY &A469
.gbpb8_loop
     8FD8   CC 05 A3   CPY &A305
     8FDB   B0 28      BCS &9005
     8FDD   B9 0F A2   LDA &A20F,Y
     8FE0   20 35 83   JSR &8335
     8FE3   45 CC      EOR &CC
     8FE5   B0 02      BCS &8FE9
     8FE7   29 DF      AND #&DF
.gbpb8_notalpha
     8FE9   29 7F      AND #&7F
     8FEB   F0 05      BEQ &8FF2
     8FED   20 F3 87   JSR &87F3
     8FF0   D0 E6      BNE &8FD8
.gbpb8_filefound
     8FF2   A9 07      LDA #&07
     8FF4   20 8B 90   JSR &908B
     8FF7   85 B0      STA &B0
.gbpb8_copyfn_loop
     8FF9   B9 08 A2   LDA &A208,Y
     8FFC   20 8B 90   JSR &908B
     8FFF   C8         INY
     9000   C6 B0      DEC &B0
     9002   D0 F5      BNE &8FF9
     9004   18         CLC
.gbpb8_endofcat
     9005   8C 69 A4   STY &A469
     9008   AD 04 A3   LDA &A304
     900B   8D 60 A4   STA &A460
     900E   60         RTS
.gbpb5_getmediatitle
     900F   20 77 AB   JSR &AB77
     9012   A9 0C      LDA #&0C
     9014   20 8B 90   JSR &908B
     9017   A0 00      LDY #&00
.gbpb5_titleloop
     9019   C0 08      CPY #&08
     901B   B0 05      BCS &9022
     901D   B9 00 A2   LDA &A200,Y
     9020   90 03      BCC &9025
.gbpb5_titlehi
     9022   B9 F8 A2   LDA &A2F8,Y
.gbpb5_titlelo
     9025   20 8B 90   JSR &908B
     9028   C8         INY
     9029   C0 0C      CPY #&0C
     902B   D0 EC      BNE &9019
     902D   AD 06 A3   LDA &A306
     9030   20 1E 82   JSR &821E
     9033   20 8B 90   JSR &908B
     9036   A5 CD      LDA &CD
     9038   4C 8B 90   JMP &908B
.gbpb6_rdcurdirdevice
     903B   20 82 90   JSR &9082
     903E   AD CA A4   LDA &A4CA
     9041   20 7D 90   JSR &907D
     9044   AD C9 A4   LDA &A4C9
     9047   D0 42      BNE &908B
.gbpb7_rdcurlibdevice
     9049   20 82 90   JSR &9082
     904C   AD CC A4   LDA &A4CC
     904F   20 7D 90   JSR &907D
     9052   AD CB A4   LDA &A4CB
     9055   D0 34      BNE &908B
.gpbp_B8memptr
     9057   AE 61 A4   LDX &A461
     905A   86 B8      STX &B8
     905C   AE 62 A4   LDX &A462
     905F   86 B9      STX &B9
     9061   A2 00      LDX #&00
     9063   60         RTS
.gbpb_bytesxferinvert
     9064   A2 03      LDX #&03
.gbpb_bytesxferinvert_loop
     9066   A9 FF      LDA #&FF
     9068   5D 65 A4   EOR &A465,X
     906B   9D 65 A4   STA &A465,X
     906E   CA         DEX
     906F   10 F5      BPL &9066
     9071   60         RTS
.gbpb_wordB4_word107D
     9072   AD 7D A4   LDA &A47D
     9075   85 B4      STA &B4
     9077   AD 7E A4   LDA &A47E
     907A   85 B5      STA &B5
     907C   60         RTS
.gbpb_gb_SAVEBYTE_and_gbpb_SAVE_01
     907D   09 30      ORA #&30
     907F   20 8B 90   JSR &908B
.gbpb_SAVE_01
     9082   A9 01      LDA #&01
     9084   D0 05      BNE &908B
.gbpb_getbyteSAVEBYTE
     9086   20 60 97   JSR &9760
     9089   B0 1F      BCS &90AA
.gbpb_gb_SAVEBYTE
     908B   2C 81 A4   BIT &A481
     908E   10 05      BPL &9095
     9090   8D E5 FE   STA &FEE5
     9093   30 05      BMI &909A
.gBpb_gb_fromhost
     9095   20 57 90   JSR &9057
     9098   81 B8      STA (&B8,X)
.gbpb_incDataPtr
     909A   20 F2 83   JSR &83F2
     909D   A2 01      LDX #&01
.gbpb_incdblword1060X
     909F   A0 04      LDY #&04
.gbpb_incdblword_loop
     90A1   FE 60 A4   INC &A460,X
     90A4   D0 04      BNE &90AA
     90A6   E8         INX
     90A7   88         DEY
     90A8   D0 F7      BNE &90A1
.gbpb_incdblworkd_exit
     90AA   60         RTS
.gbpb_putbytes
     90AB   20 B3 90   JSR &90B3
     90AE   20 1D 98   JSR &981D
     90B1   18         CLC
     90B2   60         RTS
.gpbp_pb_LOADBYTE
     90B3   2C 81 A4   BIT &A481
     90B6   10 06      BPL &90BE
     90B8   AD E5 FE   LDA &FEE5
     90BB   4C 9A 90   JMP &909A
.gbpb_pb_fromhost
     90BE   20 57 90   JSR &9057
     90C1   A1 B8      LDA (&B8,X)
     90C3   4C 9A 90   JMP &909A
.fastgb
     90C6   20 72 90   JSR &9072
     90C9   B9 D1 93   LDA &93D1,Y
     90CC   29 03      AND #&03
     90CE   4A         LSR A
     90CF   F0 4A      BEQ &911B
     90D1   8C 6D A4   STY &A46D
     90D4   A0 0C      LDY #&0C
.copyl0
     90D6   B1 B4      LDA (&B4),Y
     90D8   99 60 A4   STA &A460,Y
     90DB   88         DEY
     90DC   10 F8      BPL &90D6
     90DE   A8         TAY
     90DF   A2 03      LDX #&03
.initl
     90E1   BD 65 A4   LDA &A465,X
     90E4   9D 6E A4   STA &A46E,X
     90E7   CA         DEX
     90E8   10 F7      BPL &90E1
     90EA   AD 69 A4   LDA &A469
     90ED   90 09      BCC &90F8
     90EF   98         TYA
     90F0   20 23 82   JSR &8223
     90F3   A8         TAY
     90F4   B9 10 A5   LDA &A510,Y
     90F7   18         CLC
.dcptr
     90F8   49 FF      EOR #&FF
     90FA   69 01      ADC #&01
     90FC   A0 FC      LDY #&FC
.hdrext
     90FE   99 69 A3   STA &A369,Y
     9101   A9 00      LDA #&00
     9103   C8         INY
     9104   D0 F8      BNE &90FE
     9106   20 34 92   JSR &9234
     9109   90 02      BCC &910D
     910B   D0 46      BNE &9153
.trailr
     910D   20 4A 92   JSR &924A
.drain
     9110   A9 60      LDA #&60
     9112   85 B4      STA &B4
     9114   A9 A4      LDA #&A4
     9116   85 B5      STA &B5
     9118   AC 6D A4   LDY &A46D
.chain
     911B   4C 18 8F   JMP &8F18
.morfst
     911E   AD 71 A4   LDA &A471
     9121   20 43 92   JSR &9243
     9124   D0 32      BNE &9158
     9126   8D 66 A4   STA &A466
     9129   8D 67 A4   STA &A467
     912C   AD 6E A4   LDA &A46E
     912F   D0 DC      BNE &910D
     9131   18         CLC
.fgbfin
     9132   08         PHP
     9133   20 4A 92   JSR &924A
     9136   28         PLP
     9137   20 72 90   JSR &9072
     913A   A0 0C      LDY #&0C
.retnl
     913C   B9 60 A4   LDA &A460,Y
     913F   91 B4      STA (&B4),Y
     9141   88         DEY
     9142   10 F8      BPL &913C
     9144   60         RTS
.setmax
     9145   8D 67 A4   STA &A467
     9148   0D 66 A4   ORA &A466
     914B   D0 4B      BNE &9198
.throw
     914D   A0 FD      LDY #&FD
     914F   A9 01      LDA #&01
     9151   D0 AB      BNE &90FE
.align
     9153   20 10 91   JSR &9110
     9156   B0 DA      BCS &9132
.dofast
     9158   AE 71 A4   LDX &A471
     915B   F0 02      BEQ &915F
     915D   A2 FF      LDX #&FF
.sclamp
     915F   8A         TXA
     9160   0D 70 A4   ORA &A470
     9163   8D 67 A4   STA &A467
     9166   8A         TXA
     9167   0D 6F A4   ORA &A46F
     916A   AA         TAX
     916B   AD C2 A4   LDA &A4C2
     916E   38         SEC
     916F   6D 6D A4   ADC &A46D
     9172   49 04      EOR #&04
     9174   29 E4      AND #&E4
     9176   A8         TAY
     9177   B9 15 A5   LDA &A515,Y
     917A   38         SEC
     917B   ED 6A A4   SBC &A46A
     917E   8D 66 A4   STA &A466
     9181   B9 16 A5   LDA &A516,Y
     9184   ED 6B A4   SBC &A46B
     9187   90 C4      BCC &914D
     9189   CD 67 A4   CMP &A467
     918C   90 B7      BCC &9145
     918E   D0 05      BNE &9195
     9190   EC 66 A4   CPX &A466
     9193   B0 B0      BCS &9145
.sectr0
     9195   8E 66 A4   STX &A466
.sectr1
     9198   AC C2 A4   LDY &A4C2
     919B   20 F7 93   JSR &93F7
     919E   20 BB 97   JSR &97BB
     91A1   A9 3F      LDA #&3F
     91A3   99 1D A5   STA &A51D,Y
     91A6   20 B3 97   JSR &97B3
     91A9   AD 61 A4   LDA &A461
     91AC   85 BC      STA &BC
     91AE   AD 62 A4   LDA &A462
     91B1   85 BD      STA &BD
     91B3   AD 63 A4   LDA &A463
     91B6   8D 74 A4   STA &A474
     91B9   AD 64 A4   LDA &A464
     91BC   8D 75 A4   STA &A475
     91BF   B9 0F A5   LDA &A50F,Y
     91C2   18         CLC
     91C3   6D 6A A4   ADC &A46A
     91C6   85 C3      STA &C3
     91C8   B9 0D A5   LDA &A50D,Y
     91CB   6D 6B A4   ADC &A46B
     91CE   29 03      AND #&03
     91D0   85 C2      STA &C2
     91D2   A9 00      LDA #&00
     91D4   85 C0      STA &C0
     91D6   AD 66 A4   LDA &A466
     91D9   85 C1      STA &C1
     91DB   AD 67 A4   LDA &A467
     91DE   20 24 82   JSR &8224
     91E1   05 C2      ORA &C2
     91E3   85 C2      STA &C2
     91E5   AD 6D A4   LDA &A46D
     91E8   EE DD A4   INC &A4DD
     91EB   20 5A 92   JSR &925A
     91EE   CE DD A4   DEC &A4DD
     91F1   20 34 92   JSR &9234
     91F4   AC 66 A4   LDY &A466
     91F7   98         TYA
     91F8   18         CLC
     91F9   6D 62 A4   ADC &A462
     91FC   8D 62 A4   STA &A462
     91FF   AE 67 A4   LDX &A467
     9202   8A         TXA
     9203   6D 63 A4   ADC &A463
     9206   8D 63 A4   STA &A463
     9209   90 03      BCC &920E
     920B   EE 64 A4   INC &A464
.updp
     920E   98         TYA
     920F   AC C2 A4   LDY &A4C2
     9212   18         CLC
     9213   79 11 A5   ADC &A511,Y
     9216   99 11 A5   STA &A511,Y
     9219   8D 6A A4   STA &A46A
     921C   8A         TXA
     921D   79 12 A5   ADC &A512,Y
     9220   99 12 A5   STA &A512,Y
     9223   8D 6B A4   STA &A46B
     9226   98         TYA
     9227   20 60 99   JSR &9960
     922A   90 05      BCC &9231
     922C   F0 03      BEQ &9231
     922E   20 CB 98   JSR &98CB
.doneit
     9231   4C 1E 91   JMP &911E
.subwk
     9234   38         SEC
     9235   A2 FC      LDX #&FC
.subwkl
     9237   BD 72 A3   LDA &A372,X
     923A   FD 69 A3   SBC &A369,X
     923D   9D 72 A3   STA &A372,X
     9240   E8         INX
     9241   D0 F4      BNE &9237
.testl
     9243   0D 70 A4   ORA &A470
     9246   0D 6F A4   ORA &A46F
     9249   60         RTS
.addtol
     924A   18         CLC
     924B   A2 FC      LDX #&FC
.addl
     924D   BD 72 A3   LDA &A372,X
     9250   7D 69 A3   ADC &A369,X
     9253   9D 69 A3   STA &A369,X
     9256   E8         INX
     9257   D0 F4      BNE &924D
     9259   60         RTS
.docmd
     925A   C9 03      CMP #&03
     925C   90 00      BCC &925E
.dowrcmd
     925E   4C 43 88   JMP &8843
.dordcmd
     9261   4C 50 88   JMP &8850
.fscv_osabouttoproccmd
     9264   2C C7 A4   BIT &A4C7
     9267   30 03      BMI &926C
     9269   CE C7 A4   DEC &A4C7
.parameter_fsp
     926C   A9 FF      LDA #&FF
     926E   8D CE A4   STA &A4CE
.param_out
     9271   8D CD A4   STA &A4CD
     9274   60         RTS
.parameter_afsp
     9275   A9 2A      LDA #&2A
     9277   8D CE A4   STA &A4CE
     927A   A9 23      LDA #&23
     927C   D0 F3      BNE &9271
.osfile5_rdcatinfo
     927E   20 38 93   JSR &9338
     9281   20 93 83   JSR &8393
     9284   A9 01      LDA #&01
     9286   60         RTS
.osfile6_delfile
     9287   20 15 93   JSR &9315
     928A   20 93 83   JSR &8393
     928D   20 19 83   JSR &8319
     9290   4C B7 92   JMP &92B7
.osfile1_updatecat
     9293   20 38 93   JSR &9338
     9296   20 BD 92   JSR &92BD
     9299   20 D9 92   JSR &92D9
     929C   50 16      BVC &92B4
.osfile3_wrexecaddr
     929E   20 38 93   JSR &9338
     92A1   20 D9 92   JSR &92D9
     92A4   50 11      BVC &92B7
.osfile2_wrloadaddr
     92A6   20 38 93   JSR &9338
     92A9   20 BD 92   JSR &92BD
     92AC   50 09      BVC &92B7
.osfile4_wrattribs
     92AE   20 38 93   JSR &9338
     92B1   20 2D 93   JSR &932D
.osfile_updatelocksavecat
     92B4   20 FC 92   JSR &92FC
.osfile_savecat_retA_1
     92B7   20 8C AB   JSR &AB8C
     92BA   A9 01      LDA #&01
     92BC   60         RTS
.osfile_update_loadaddr_Xoffset
     92BD   20 F2 83   JSR &83F2
     92C0   A0 02      LDY #&02
     92C2   B1 B0      LDA (&B0),Y
     92C4   9D 08 A3   STA &A308,X
     92C7   C8         INY
     92C8   B1 B0      LDA (&B0),Y
     92CA   9D 09 A3   STA &A309,X
     92CD   C8         INY
     92CE   B1 B0      LDA (&B0),Y
     92D0   0A         ASL A
     92D1   0A         ASL A
     92D2   5D 0E A3   EOR &A30E,X
     92D5   29 0C      AND #&0C
     92D7   10 1B      BPL &92F4
.osfile_update_execaddr_Xoffset
     92D9   20 F2 83   JSR &83F2
     92DC   A0 06      LDY #&06
     92DE   B1 B0      LDA (&B0),Y
     92E0   9D 0A A3   STA &A30A,X
     92E3   C8         INY
     92E4   B1 B0      LDA (&B0),Y
     92E6   9D 0B A3   STA &A30B,X
     92E9   C8         INY
     92EA   B1 B0      LDA (&B0),Y
     92EC   6A         ROR A
     92ED   6A         ROR A
     92EE   6A         ROR A
     92EF   5D 0E A3   EOR &A30E,X
     92F2   29 C0      AND #&C0
.osfile_savemixedbyte
     92F4   5D 0E A3   EOR &A30E,X
     92F7   9D 0E A3   STA &A30E,X
     92FA   B8         CLV
     92FB   60         RTS
.osfile_updatelock
     92FC   20 F2 83   JSR &83F2
     92FF   A0 0E      LDY #&0E
     9301   B1 B0      LDA (&B0),Y
     9303   29 0A      AND #&0A
     9305   F0 02      BEQ &9309
     9307   A9 80      LDA #&80
.osfile_notlocked
     9309   5D 0F A2   EOR &A20F,X
     930C   29 80      AND #&80
     930E   5D 0F A2   EOR &A20F,X
     9311   9D 0F A2   STA &A20F,X
     9314   60         RTS
.CheckFileNotLocked
     9315   20 42 93   JSR &9342
     9318   90 23      BCC &933D
.CheckFileNotLockedY
     931A   B9 0F A2   LDA &A20F,Y
     931D   10 22      BPL &9341
.errFILELOCKED
     931F   20 5A 80   JSR &805A
     9322   C3
     9323   4C 6F 63 ...
     9329   00
.CheckFileNotLockedOrOpenY
     932A   20 1A 93   JSR &931A
.CheckFileNotOpenY
     932D   20 F2 83   JSR &83F2
     9330   20 9C 95   JSR &959C
     9333   90 21      BCC &9356
     9335   4C 00 95   JMP &9500
.CheckFileExists
     9338   20 42 93   JSR &9342
     933B   B0 19      BCS &9356
.ExitCallingSubroutine
     933D   68         PLA
     933E   68         PLA
     933F   A9 00      LDA #&00
.chklock_exit
     9341   60         RTS
.read_fspBA_findcatentry
     9342   20 4E 81   JSR &814E
     9345   20 7C 82   JSR &827C
     9348   90 0C      BCC &9356
     934A   98         TYA
     934B   AA         TAX
.SetParamBlockPointerB0
     934C   AD DB A4   LDA &A4DB
     934F   85 B0      STA &B0
     9351   AD DC A4   LDA &A4DC
     9354   85 B1      STA &B1
.checkexit
     9356   60         RTS
.CalcRAM
     9357   A9 83      LDA #&83
     9359   20 F4 FF   JSR &FFF4
     935C   8C CF A4   STY &A4CF
     935F   A9 84      LDA #&84
     9361   20 F4 FF   JSR &FFF4
     9364   98         TYA
     9365   38         SEC
     9366   ED CF A4   SBC &A4CF
     9369   8D D0 A4   STA &A4D0
     936C   60         RTS
.osbyte_X0YFF
     936D   A2 00      LDX #&00
.osbyte_YFF
     936F   A0 FF      LDY #&FF
     9371   4C F4 FF   JMP &FFF4
.vectors_table
     9374   1B FF
     9376   1E FF
     9378   21 FF
     937A   24 FF
     937C   27 FF
     937E   2A FF
     9380   2D FF
.extendedvectors_table
     9382   C0 8E
     9384   00         BRK
     9385   14 96
     9387   00         BRK
     9388   60 97
     938A   00         BRK
     938B   1D 98
     938D   00         BRK
     938E   04 8F
     9390   00         BRK
     9391   39 94
     9393   00         BRK
     9394   F1 8E
     9396   00         BRK
.fscv_table1
     9397   28
     9398   2C
     9399   A3
     939A   25
     939B   A3
     939C   6B
     939D   DE
     939E   D9
     939F   63
     93A0   49
     93A1   68
     93A2   A3
.fscv_table2
     93A3   8A
     93A4   97
     93A5   88
     93A6   87
     93A7   88
     93A8   84
     93A9   93
     93AA   93
     93AB   92
     93AC   82
     93AD   82
     93AE   88
.finv_tablelo
     93AF   0D
     93B0   46
     93B1   92
     93B2   A5
     93B3   9D
     93B4   AD
     93B5   7D
     93B6   86
.finv_tablehi
     93B7   88
     93B8   88
     93B9   92
     93BA   92
     93BB   92
     93BC   92
     93BD   92
     93BE   92
.gbpbv_table1
     93BF   C9
     93C0   AB
     93C1   AB
     93C2   86
     93C3   86
     93C4   0F
     93C5   3B
     93C6   49
     93C7   C6
.gbpbv_table2
     93C8   82
     93C9   90
     93CA   90
     93CB   90
     93CC   90
     93CD   90
     93CE   90
     93CF   90
     93D0   8F
.gbpbv_table3
     93D1   04
     93D2   02
     93D3   03
     93D4   06
     93D5   07
     93D6   04
     93D7   04
     93D8   04
     93D9   04
.fscv7_hndlrange
     93DA   A2 11      LDX #&11
     93DC   A0 15      LDY #&15
.closeallfiles_exit
     93DE   60         RTS
.fscv6_shutdownfilesys
     93DF   20 F2 83   JSR &83F2
.CloseSPOOLEXECfiles
     93E2   A9 77      LDA #&77
     93E4   4C F4 FF   JMP &FFF4
.CMD_CLOSE
.CloseAllFiles_Osbyte77
     93E7   20 E2 93   JSR &93E2
.CloseAllFiles
     93EA   A9 00      LDA #&00
.closeallfiles_loop
     93EC   18         CLC
     93ED   69 20      ADC #&20
     93EF   F0 ED      BEQ &93DE
     93F1   A8         TAY
     93F2   20 46 94   JSR &9446
     93F5   D0 F5      BNE &93EC
.Channel_SetDirDrv_GetCatEntry_Yintch
     93F7   20 12 94   JSR &9412
.Channel_GetCatEntry_Yintch
     93FA   A2 06      LDX #&06
.chnl_getcatloop
     93FC   B9 0C A5   LDA &A50C,Y
     93FF   95 C5      STA &C5,X
     9401   88         DEY
     9402   88         DEY
     9403   CA         DEX
     9404   10 F6      BPL &93FC
     9406   20 87 82   JSR &8287
     9409   90 22      BCC &942D
     940B   8C C3 A4   STY &A4C3
     940E   AC C2 A4   LDY &A4C2
.chkdskchangexit
     9411   60         RTS
.Channel_SetDirDrive_Yintch
     9412   B9 0E A5   LDA &A50E,Y
     9415   29 7F      AND #&7F
     9417   85 CC      STA &CC
     9419   B9 17 A5   LDA &A517,Y
     941C   4C DB 8B   JMP &8BDB
.CheckForDiskChange
     941F   20 F2 83   JSR &83F2
     9422   AD 04 A3   LDA &A304
     9425   20 85 AB   JSR &AB85
     9428   CD 04 A3   CMP &A304
     942B   F0 E4      BEQ &9411
.errDISKCHANGED
     942D   20 45 80   JSR &8045
     9430   C8
     9431   63 68 61 ...
     9438   00
.FINDV_ENTRY
     9439   29 C0      AND #&C0
     943B   D0 59      BNE &9496
     943D   20 F2 83   JSR &83F2
.CloseFiles_Yhandle
     9440   98         TYA
     9441   F0 A4      BEQ &93E7
     9443   20 41 97   JSR &9741
.CloseFile_Yintch
     9446   48         PHA
     9447   20 CC 96   JSR &96CC
     944A   B0 45      BCS &9491
     944C   B9 1B A5   LDA &A51B,Y
     944F   49 FF      EOR #&FF
     9451   2D C0 A4   AND &A4C0
     9454   8D C0 A4   STA &A4C0
     9457   B9 17 A5   LDA &A517,Y
     945A   29 60      AND #&60
     945C   F0 33      BEQ &9491
     945E   20 F7 93   JSR &93F7
     9461   B9 17 A5   LDA &A517,Y
     9464   29 20      AND #&20
     9466   F0 26      BEQ &948E
     9468   AE C3 A4   LDX &A4C3
     946B   B9 14 A5   LDA &A514,Y
     946E   9D 0C A3   STA &A30C,X
     9471   B9 15 A5   LDA &A515,Y
     9474   9D 0D A3   STA &A30D,X
     9477   B9 16 A5   LDA &A516,Y
     947A   20 24 82   JSR &8224
     947D   5D 0E A3   EOR &A30E,X
     9480   29 30      AND #&30
     9482   5D 0E A3   EOR &A30E,X
     9485   9D 0E A3   STA &A30E,X
     9488   20 8C AB   JSR &AB8C
     948B   AC C2 A4   LDY &A4C2
.closefile_buftodisk
     948E   20 BB 97   JSR &97BB
.closefile_exit
     9491   AE C5 A4   LDX &A4C5
     9494   68         PLA
     9495   60         RTS
.findvnot0_openfile
     9496   20 1B 84   JSR &841B
     9499   86 BA      STX &BA
     949B   84 BB      STY &BB
     949D   85 B4      STA &B4
     949F   24 B4      BIT &B4
     94A1   08         PHP
     94A2   20 4E 81   JSR &814E
     94A5   20 6C 92   JSR &926C
     94A8   20 7C 82   JSR &827C
     94AB   B0 22      BCS &94CF
     94AD   A9 00      LDA #&00
     94AF   28         PLP
     94B0   50 01      BVC &94B3
     94B2   60         RTS
.findv_createfile
     94B3   08         PHP
     94B4   A2 07      LDX #&07
.findv_loop1
     94B6   95 BC      STA &BC,X
     94B8   9D 74 A4   STA &A474,X
     94BB   CA         DEX
     94BC   10 F8      BPL &94B6
     94BE   C6 BE      DEC &BE
     94C0   C6 BF      DEC &BF
     94C2   CE 76 A4   DEC &A476
     94C5   CE 77 A4   DEC &A477
     94C8   A9 40      LDA #&40
     94CA   85 C3      STA &C3
     94CC   20 87 8A   JSR &8A87
.findv_filefound
     94CF   28         PLP
     94D0   08         PHP
     94D1   70 03      BVS &94D6
     94D3   20 1A 93   JSR &931A
.findv_readorupdate
     94D6   20 9C 95   JSR &959C
     94D9   90 0E      BCC &94E9
.findv_loop2
     94DB   B9 0C A5   LDA &A50C,Y
     94DE   10 20      BPL &9500
     94E0   28         PLP
     94E1   08         PHP
     94E2   30 1C      BMI &9500
     94E4   20 97 95   JSR &9597
     94E7   B0 F2      BCS &94DB
.findv_openchannel
     94E9   AC C2 A4   LDY &A4C2
     94EC   D0 1B      BNE &9509
.errTOOMANYFILESOPEN
     94EE   20 5A 80   JSR &805A
     94F1   C0
     94F2   54 6F 6F ...
     94FF   00
.errFILEOPEN
     9500   20 5A 80   JSR &805A
     9503   C2
     9504   4F 70 65 ...
     9508   00
.SetupChannelInfoBlock_Yintch
     9509   A9 08      LDA #&08
     950B   8D C4 A4   STA &A4C4
.chnlblock_loop1
     950E   BD 08 A2   LDA &A208,X
     9511   99 00 A5   STA &A500,Y
     9514   C8         INY
     9515   BD 08 A3   LDA &A308,X
     9518   99 00 A5   STA &A500,Y
     951B   C8         INY
     951C   E8         INX
     951D   CE C4 A4   DEC &A4C4
     9520   D0 EC      BNE &950E
     9522   A2 10      LDX #&10
     9524   A9 00      LDA #&00
.chnlblock_loop2
     9526   99 00 A5   STA &A500,Y
     9529   C8         INY
     952A   CA         DEX
     952B   D0 F9      BNE &9526
     952D   AD C2 A4   LDA &A4C2
     9530   A8         TAY
     9531   20 1D 82   JSR &821D
     9534   69 A5      ADC #&A5
     9536   99 13 A5   STA &A513,Y
     9539   AD C1 A4   LDA &A4C1
     953C   99 1B A5   STA &A51B,Y
     953F   0D C0 A4   ORA &A4C0
     9542   8D C0 A4   STA &A4C0
     9545   B9 09 A5   LDA &A509,Y
     9548   69 FF      ADC #&FF
     954A   B9 0B A5   LDA &A50B,Y
     954D   69 00      ADC #&00
     954F   99 19 A5   STA &A519,Y
     9552   B9 0D A5   LDA &A50D,Y
     9555   09 0F      ORA #&0F
     9557   69 00      ADC #&00
     9559   20 16 82   JSR &8216
     955C   99 1A A5   STA &A51A,Y
     955F   28         PLP
     9560   50 2E      BVC &9590
     9562   30 08      BMI &956C
     9564   A9 80      LDA #&80
     9566   19 0C A5   ORA &A50C,Y
     9569   99 0C A5   STA &A50C,Y
.chnlblock_setEXT
     956C   B9 09 A5   LDA &A509,Y
     956F   99 14 A5   STA &A514,Y
     9572   B9 0B A5   LDA &A50B,Y
     9575   99 15 A5   STA &A515,Y
     9578   B9 0D A5   LDA &A50D,Y
     957B   20 16 82   JSR &8216
     957E   99 16 A5   STA &A516,Y
.chnlblock_cont
     9581   A5 CD      LDA &CD
     9583   19 17 A5   ORA &A517,Y
     9586   99 17 A5   STA &A517,Y
     9589   98         TYA
     958A   20 1D 82   JSR &821D
     958D   09 10      ORA #&10
     958F   60         RTS
.chnlblock_setBit5
     9590   A9 20      LDA #&20
     9592   99 17 A5   STA &A517,Y
     9595   D0 EA      BNE &9581
.IsFileOpenContinue
     9597   8A         TXA
     9598   48         PHA
     9599   4C DB 95   JMP &95DB
.IsFileOpen_Yoffset
     959C   A9 00      LDA #&00
     959E   8D C2 A4   STA &A4C2
     95A1   A9 08      LDA #&08
     95A3   85 B5      STA &B5
     95A5   98         TYA
     95A6   AA         TAX
     95A7   A0 A0      LDY #&A0
.fop_main_loop
     95A9   84 B3      STY &B3
     95AB   8A         TXA
     95AC   48         PHA
     95AD   A9 08      LDA #&08
     95AF   85 B2      STA &B2
     95B1   A5 B5      LDA &B5
     95B3   2C C0 A4   BIT &A4C0
     95B6   F0 1D      BEQ &95D5
     95B8   B9 17 A5   LDA &A517,Y
     95BB   45 CD      EOR &CD
     95BD   29 03      AND #&03
     95BF   D0 1A      BNE &95DB
.fop_cmpfn_loop
     95C1   BD 08 A2   LDA &A208,X
     95C4   59 00 A5   EOR &A500,Y
     95C7   29 7F      AND #&7F
     95C9   D0 10      BNE &95DB
     95CB   E8         INX
     95CC   C8         INY
     95CD   C8         INY
     95CE   C6 B2      DEC &B2
     95D0   D0 EF      BNE &95C1
     95D2   38         SEC
     95D3   B0 10      BCS &95E5
.fop_channelnotopen
     95D5   8C C2 A4   STY &A4C2
     95D8   8D C1 A4   STA &A4C1
.fop_nothisfile
     95DB   38         SEC
     95DC   A5 B3      LDA &B3
     95DE   E9 20      SBC #&20
     95E0   85 B3      STA &B3
     95E2   06 B5      ASL &B5
     95E4   18         CLC
.fop_matchifCset
     95E5   68         PLA
     95E6   AA         TAX
     95E7   A4 B3      LDY &B3
     95E9   A5 B5      LDA &B5
     95EB   B0 02      BCS &95EF
     95ED   D0 BA      BNE &95A9
.fop_exit
     95EF   60         RTS
.ChannelBufferToDisk_Yhandle_A0
     95F0   20 07 96   JSR &9607
.ChannelBufferToDisk_Yhandle
     95F3   AD C0 A4   LDA &A4C0
     95F6   48         PHA
     95F7   98         TYA
     95F8   D0 05      BNE &95FF
     95FA   20 EA 93   JSR &93EA
     95FD   F0 03      BEQ &9602
.chbuf1
     95FF   20 40 94   JSR &9440
.chbuf2
     9602   68         PLA
     9603   8D C0 A4   STA &A4C0
     9606   60         RTS
.ReturnWithA0
     9607   48         PHA
     9608   8A         TXA
     9609   48         PHA
     960A   A9 00      LDA #&00
     960C   BA         TSX
     960D   9D 09 01   STA &0109,X
     9610   68         PLA
     9611   AA         TAX
     9612   68         PLA
     9613   60         RTS
.ARGSV_ENTRY
     9614   20 F2 83   JSR &83F2
     9617   C9 FF      CMP #&FF
     9619   F0 D5      BEQ &95F0
     961B   C0 00      CPY #&00
     961D   F0 12      BEQ &9631
     961F   C9 04      CMP #&04
     9621   B0 27      BCS &964A
     9623   20 07 96   JSR &9607
     9626   C9 03      CMP #&03
     9628   F0 47      BEQ &9671
     962A   C9 01      CMP #&01
     962C   D0 24      BNE &9652
     962E   4C ED 98   JMP &98ED
.argsv_Y0
     9631   C9 02      CMP #&02
     9633   B0 15      BCS &964A
     9635   20 07 96   JSR &9607
     9638   F0 11      BEQ &964B
     963A   A9 FF      LDA #&FF
     963C   95 02      STA &02,X
     963E   95 03      STA &03,X
     9640   AD D9 A4   LDA &A4D9
     9643   95 00      STA &00,X
     9645   AD DA A4   LDA &A4DA
     9648   95 01      STA &01,X
.argsv_exit
     964A   60         RTS
.argsv_filesysnumber
     964B   A9 04      LDA #&04
     964D   BA         TSX
     964E   9D 05 01   STA &0105,X
     9651   60         RTS
.argsv_rdseqptr_or_filelen
     9652   20 41 97   JSR &9741
     9655   8C C2 A4   STY &A4C2
     9658   0A         ASL A
     9659   6D C2 A4   ADC &A4C2
     965C   A8         TAY
     965D   B9 10 A5   LDA &A510,Y
     9660   95 00      STA &00,X
     9662   B9 11 A5   LDA &A511,Y
     9665   95 01      STA &01,X
     9667   B9 12 A5   LDA &A512,Y
     966A   95 02      STA &02,X
     966C   A9 00      LDA #&00
     966E   95 03      STA &03,X
     9670   60         RTS
.argsv3
     9671   20 41 97   JSR &9741
     9674   20 DD 98   JSR &98DD
     9677   B0 1E      BCS &9697
     9679   B9 10 A5   LDA &A510,Y
     967C   48         PHA
     967D   B9 11 A5   LDA &A511,Y
     9680   48         PHA
     9681   B9 12 A5   LDA &A512,Y
     9684   48         PHA
     9685   20 F8 98   JSR &98F8
     9688   68         PLA
     9689   99 12 A5   STA &A512,Y
     968C   68         PLA
     968D   99 11 A5   STA &A511,Y
     9690   68         PLA
     9691   99 10 A5   STA &A510,Y
     9694   20 36 99   JSR &9936
.truncate
     9697   B9 0C A5   LDA &A50C,Y
     969A   30 2A      BMI &96C6
     969C   19 0E A5   ORA &A50E,Y
     969F   30 28      BMI &96C9
     96A1   A9 20      LDA #&20
     96A3   20 AC 97   JSR &97AC
     96A6   B5 00      LDA &00,X
     96A8   99 14 A5   STA &A514,Y
     96AB   B5 01      LDA &01,X
     96AD   99 15 A5   STA &A515,Y
     96B0   B5 02      LDA &02,X
     96B2   99 16 A5   STA &A516,Y
     96B5   8A         TXA
     96B6   48         PHA
     96B7   20 5F 99   JSR &995F
     96BA   68         PLA
     96BB   AA         TAX
     96BC   90 03      BCC &96C1
     96BE   20 27 99   JSR &9927
.dontchangeptr
     96C1   A9 EF      LDA #&EF
     96C3   4C B3 97   JMP &97B3
.filereadonly
     96C6   4C 09 98   JMP &9809
.filelocked
     96C9   4C 1F 93   JMP &931F
.IsHndlinUse_Yintch
     96CC   48         PHA
     96CD   8E C5 A4   STX &A4C5
     96D0   98         TYA
     96D1   29 E0      AND #&E0
     96D3   8D C2 A4   STA &A4C2
     96D6   F0 13      BEQ &96EB
     96D8   20 1D 82   JSR &821D
     96DB   A8         TAY
     96DC   A9 00      LDA #&00
     96DE   38         SEC
.hndlinsue_loop
     96DF   6A         ROR A
     96E0   88         DEY
     96E1   D0 FC      BNE &96DF
     96E3   AC C2 A4   LDY &A4C2
     96E6   2C C0 A4   BIT &A4C0
     96E9   D0 01      BNE &96EC
.hndlinuse_notused_C1
     96EB   38         SEC
.hndlinuse_used_C0
     96EC   68         PLA
     96ED   60         RTS
.conv_Yhndl_intch_exYintch
     96EE   48         PHA
     96EF   98         TYA
.conv_hndl_X_entry
     96F0   C9 10      CMP #&10
     96F2   90 04      BCC &96F8
     96F4   C9 18      CMP #&18
     96F6   90 02      BCC &96FA
.conv_hndl10
     96F8   A9 08      LDA #&08
.conv_hndl18
     96FA   20 23 82   JSR &8223
     96FD   A8         TAY
     96FE   68         PLA
     96FF   60         RTS
.ClearEXECSPOOLFileHandle
     9700   A9 C6      LDA #&C6
     9702   20 6D 93   JSR &936D
     9705   8A         TXA
     9706   F0 09      BEQ &9711
     9708   20 24 97   JSR &9724
     970B   D0 04      BNE &9711
     970D   A9 C6      LDA #&C6
     970F   D0 0C      BNE &971D
.ClearSpoolhandle
     9711   A9 C7      LDA #&C7
     9713   20 6D 93   JSR &936D
     9716   20 24 97   JSR &9724
     9719   D0 11      BNE &972C
     971B   A9 C7      LDA #&C7
.osbyte_X0Y0
     971D   A2 00      LDX #&00
     971F   A0 00      LDY #&00
     9721   4C F4 FF   JMP &FFF4
.ConvertXhndl_exYintch
     9724   8A         TXA
     9725   A8         TAY
     9726   20 EE 96   JSR &96EE
     9729   CC C2 A4   CPY &A4C2
.clrsplhndl_exit
     972C   60         RTS
.fscv1_EOF_Yhndl
     972D   48         PHA
     972E   98         TYA
     972F   48         PHA
     9730   8A         TXA
     9731   A8         TAY
     9732   20 5C 99   JSR &995C
     9735   D0 04      BNE &973B
     9737   A2 FF      LDX #&FF
     9739   D0 02      BNE &973D
.eof_NOTEND
     973B   A2 00      LDX #&00
.eof_exit
     973D   68         PLA
     973E   A8         TAY
     973F   68         PLA
.checkchannel_okexit
     9740   60         RTS
.CheckChannel_Yhndl_exYintch
     9741   20 EE 96   JSR &96EE
     9744   20 CC 96   JSR &96CC
     9747   90 F7      BCC &9740
     9749   20 00 97   JSR &9700
.errCHANNEL
     974C   20 5A 80   JSR &805A
     974F   DE
     9750   43 68 61 ...
     9757   00
.errEOF
     9758   20 5A 80   JSR &805A
     975B   DF
     975C   45 4F 46 
     975F   00
.BGETV_ENTRY
     9760   20 1B 84   JSR &841B
     9763   20 5C 99   JSR &995C
     9766   D0 13      BNE &977B
     9768   B9 17 A5   LDA &A517,Y
     976B   29 10      AND #&10
     976D   D0 E9      BNE &9758
     976F   A9 10      LDA #&10
     9771   20 AC 97   JSR &97AC
     9774   AE C5 A4   LDX &A4C5
     9777   A9 FE      LDA #&FE
     9779   38         SEC
     977A   60         RTS
.bg_notEOF
     977B   B9 17 A5   LDA &A517,Y
     977E   30 0A      BMI &978A
     9780   20 12 94   JSR &9412
     9783   20 BB 97   JSR &97BB
     9786   38         SEC
     9787   20 C3 97   JSR &97C3
.bg_samesector1
     978A   20 78 99   JSR &9978
     978D   A1 BA      LDA (&BA,X)
     978F   18         CLC
     9790   60         RTS
.CalcBufferSectorForPTR
     9791   18         CLC
     9792   B9 0F A5   LDA &A50F,Y
     9795   79 11 A5   ADC &A511,Y
     9798   85 C3      STA &C3
     979A   99 1C A5   STA &A51C,Y
     979D   B9 0D A5   LDA &A50D,Y
     97A0   29 03      AND #&03
     97A2   79 12 A5   ADC &A512,Y
     97A5   85 C2      STA &C2
     97A7   99 1D A5   STA &A51D,Y
.ChannelFlags_SetBit7
     97AA   A9 80      LDA #&80
.ChannelFlags_SetBits
     97AC   19 17 A5   ORA &A517,Y
     97AF   D0 05      BNE &97B6
.ChannelFlags_ClearBit7
     97B1   A9 7F      LDA #&7F
.ChannelFlags_ClearBits
     97B3   39 17 A5   AND &A517,Y
.chnflg_save
     97B6   99 17 A5   STA &A517,Y
     97B9   18         CLC
     97BA   60         RTS
.ChannelBufferToDisk_Yintch
     97BB   B9 17 A5   LDA &A517,Y
     97BE   29 40      AND #&40
     97C0   F0 43      BEQ &9805
     97C2   18         CLC
.ChannelBufferRW_Yintch_C1read
     97C3   EE DD A4   INC &A4DD
     97C6   AC C2 A4   LDY &A4C2
     97C9   B9 13 A5   LDA &A513,Y
     97CC   85 BD      STA &BD
     97CE   A9 FF      LDA #&FF
     97D0   8D 74 A4   STA &A474
     97D3   8D 75 A4   STA &A475
     97D6   A9 00      LDA #&00
     97D8   85 BC      STA &BC
     97DA   85 C0      STA &C0
     97DC   A9 01      LDA #&01
     97DE   85 C1      STA &C1
     97E0   B0 17      BCS &97F9
     97E2   B9 1C A5   LDA &A51C,Y
     97E5   85 C3      STA &C3
     97E7   B9 1D A5   LDA &A51D,Y
     97EA   85 C2      STA &C2
     97EC   20 50 88   JSR &8850
     97EF   AC C2 A4   LDY &A4C2
     97F2   A9 BF      LDA #&BF
     97F4   20 B3 97   JSR &97B3
     97F7   90 06      BCC &97FF
.chnbuf_read
     97F9   20 91 97   JSR &9791
     97FC   20 43 88   JSR &8843
.chnbuf_exit
     97FF   CE DD A4   DEC &A4DD
     9802   AC C2 A4   LDY &A4C2
.chnbuf_exit2
     9805   60         RTS
.errFILELOCKED2
     9806   4C 1F 93   JMP &931F
.errFILEREADONLY
     9809   20 5A 80   JSR &805A
     980C   C1
     980D   52 65 61 ...
     9816   00
.bput_Yintchan
     9817   20 F2 83   JSR &83F2
     981A   4C 23 98   JMP &9823
.BPUTV_ENTRY
     981D   20 F2 83   JSR &83F2
     9820   20 41 97   JSR &9741
.bp_entry
     9823   48         PHA
     9824   B9 0C A5   LDA &A50C,Y
     9827   30 E0      BMI &9809
     9829   B9 0E A5   LDA &A50E,Y
     982C   30 D8      BMI &9806
     982E   20 12 94   JSR &9412
     9831   98         TYA
     9832   18         CLC
     9833   69 04      ADC #&04
     9835   20 60 99   JSR &9960
     9838   D0 66      BNE &98A0
     983A   20 FA 93   JSR &93FA
     983D   AE C3 A4   LDX &A4C3
     9840   38         SEC
     9841   BD 07 A3   LDA &A307,X
     9844   FD 0F A3   SBC &A30F,X
     9847   48         PHA
     9848   BD 06 A3   LDA &A306,X
     984B   FD 0E A3   SBC &A30E,X
     984E   29 03      AND #&03
     9850   D9 1A A5   CMP &A51A,Y
     9853   D0 1F      BNE &9874
     9855   68         PLA
     9856   D9 19 A5   CMP &A519,Y
     9859   D0 34      BNE &988F
     985B   84 B4      STY &B4
     985D   8C C2 A4   STY &A4C2
     9860   20 00 97   JSR &9700
.errCANTEXTEND
     9863   20 5A 80   JSR &805A
     9866   BF
     9867   43 61 6E ...
     9873   00
.bp_extendby100
     9874   B9 1A A5   LDA &A51A,Y
     9877   18         CLC
     9878   69 01      ADC #&01
     987A   99 1A A5   STA &A51A,Y
     987D   0A         ASL A
     987E   0A         ASL A
     987F   0A         ASL A
     9880   0A         ASL A
     9881   5D 0E A3   EOR &A30E,X
     9884   29 30      AND #&30
     9886   5D 0E A3   EOR &A30E,X
     9889   9D 0E A3   STA &A30E,X
     988C   68         PLA
     988D   A9 00      LDA #&00
.bp_extendtogap
     988F   9D 0D A3   STA &A30D,X
     9892   99 19 A5   STA &A519,Y
     9895   A9 00      LDA #&00
     9897   9D 0C A3   STA &A30C,X
     989A   20 8C AB   JSR &AB8C
     989D   AC C2 A4   LDY &A4C2
.bp_noextend
     98A0   B9 17 A5   LDA &A517,Y
     98A3   30 16      BMI &98BB
     98A5   20 BB 97   JSR &97BB
     98A8   B9 14 A5   LDA &A514,Y
     98AB   D0 0A      BNE &98B7
     98AD   20 5F 99   JSR &995F
     98B0   D0 05      BNE &98B7
     98B2   20 91 97   JSR &9791
     98B5   D0 04      BNE &98BB
.bp_loadbuf
     98B7   38         SEC
     98B8   20 C3 97   JSR &97C3
.bp_savebyte
     98BB   A9 40      LDA #&40
     98BD   20 AC 97   JSR &97AC
     98C0   20 78 99   JSR &9978
     98C3   68         PLA
     98C4   81 BA      STA (&BA,X)
     98C6   20 5F 99   JSR &995F
     98C9   90 11      BCC &98DC
.updext
     98CB   A9 20      LDA #&20
     98CD   20 AC 97   JSR &97AC
     98D0   A2 02      LDX #&02
.bp_setextloop
     98D2   B9 10 A5   LDA &A510,Y
     98D5   99 14 A5   STA &A514,Y
     98D8   C8         INY
     98D9   CA         DEX
     98DA   10 F6      BPL &98D2
.bp_exit
     98DC   60         RTS
.cmptoEXT
     98DD   B9 14 A5   LDA &A514,Y
     98E0   D5 00      CMP &00,X
     98E2   B9 15 A5   LDA &A515,Y
     98E5   F5 01      SBC &01,X
     98E7   B9 16 A5   LDA &A516,Y
     98EA   F5 02      SBC &02,X
     98EC   60         RTS
.argsv_WriteSeqPointer
     98ED   20 F2 83   JSR &83F2
     98F0   20 41 97   JSR &9741
.wsploop
     98F3   20 DD 98   JSR &98DD
     98F6   B0 2F      BCS &9927
.argsextendloop
     98F8   B9 14 A5   LDA &A514,Y
     98FB   99 10 A5   STA &A510,Y
     98FE   B9 15 A5   LDA &A515,Y
     9901   99 11 A5   STA &A511,Y
     9904   B9 16 A5   LDA &A516,Y
     9907   99 12 A5   STA &A512,Y
     990A   20 36 99   JSR &9936
     990D   A5 B6      LDA &B6
     990F   48         PHA
     9910   A5 B7      LDA &B7
     9912   48         PHA
     9913   A5 B8      LDA &B8
     9915   48         PHA
     9916   A9 00      LDA #&00
     9918   20 17 98   JSR &9817
     991B   68         PLA
     991C   85 B8      STA &B8
     991E   68         PLA
     991F   85 B7      STA &B7
     9921   68         PLA
     9922   85 B6      STA &B6
     9924   4C F3 98   JMP &98F3
.SetSeqPointer_Yintch
     9927   B5 00      LDA &00,X
     9929   99 10 A5   STA &A510,Y
     992C   B5 01      LDA &01,X
     992E   99 11 A5   STA &A511,Y
     9931   B5 02      LDA &02,X
     9933   99 12 A5   STA &A512,Y
.IsSeqPointerInBuffer_Yintch
     9936   A9 6F      LDA #&6F
     9938   20 B3 97   JSR &97B3
     993B   B9 0F A5   LDA &A50F,Y
     993E   79 11 A5   ADC &A511,Y
     9941   8D C4 A4   STA &A4C4
     9944   B9 0D A5   LDA &A50D,Y
     9947   29 03      AND #&03
     9949   79 12 A5   ADC &A512,Y
     994C   D9 1D A5   CMP &A51D,Y
     994F   D0 8B      BNE &98DC
     9951   AD C4 A4   LDA &A4C4
     9954   D9 1C A5   CMP &A51C,Y
     9957   D0 83      BNE &98DC
     9959   4C AA 97   JMP &97AA
.CheckChannel_Yhndl_exYintch_TYA_CmpPTR
     995C   20 41 97   JSR &9741
.TYA_CmpPTR
     995F   98         TYA
.CmpPTR
     9960   AA         TAX
     9961   B9 12 A5   LDA &A512,Y
     9964   DD 16 A5   CMP &A516,X
     9967   D0 0E      BNE &9977
     9969   B9 11 A5   LDA &A511,Y
     996C   DD 15 A5   CMP &A515,X
     996F   D0 06      BNE &9977
     9971   B9 10 A5   LDA &A510,Y
     9974   DD 14 A5   CMP &A514,X
.cmpPE_exit
     9977   60         RTS
.load_then_incSeqPtr_Yintch
     9978   B9 10 A5   LDA &A510,Y
     997B   85 BA      STA &BA
     997D   B9 13 A5   LDA &A513,Y
     9980   85 BB      STA &BB
     9982   98         TYA
     9983   AA         TAX
     9984   FE 10 A5   INC &A510,X
     9987   D0 0B      BNE &9994
     9989   20 B1 97   JSR &97B1
     998C   FE 11 A5   INC &A511,X
     998F   D0 03      BNE &9994
     9991   FE 12 A5   INC &A512,X
.samesector
     9994   A2 00      LDX #&00
     9996   60         RTS
.CMD_MMFS
     9997   98         TYA
     9998   A2 00      LDX #&00
     999A   A0 14      LDY #&14
.Prthelp_Xtable
     999C   48         PHA
     999D   20 97 80   JSR &8097
     99A0   0D
Macro SYSTEM_NAME:
     99A1   4D 4D 46 ...
End macro SYSTEM_NAME
     99A6   20
     99A7   86 BF      STX &BF
     99A9   84 B7      STY &B7
     99AB   A2 00      LDX #&00
.verloop
     99AD   BD 1C 80   LDA &801C,X
     99B0   F0 06      BEQ &99B8
     99B2   20 DA 80   JSR &80DA
     99B5   E8         INX
     99B6   D0 F5      BNE &99AD
.verex
     99B8   A9 0D      LDA #&0D
     99BA   20 DA 80   JSR &80DA
.help_dfs_loop
     99BD   A9 00      LDA #&00
     99BF   85 B9      STA &B9
     99C1   A0 01      LDY #&01
     99C3   20 75 9A   JSR &9A75
     99C6   20 10 9A   JSR &9A10
     99C9   20 79 83   JSR &8379
     99CC   C6 B7      DEC &B7
     99CE   D0 ED      BNE &99BD
     99D0   68         PLA
     99D1   A8         TAY
.morehelp
     99D2   A2 A8      LDX #&A8
     99D4   4C 2B 87   JMP &872B
.CMD_DUTILS
     99D7   98         TYA
     99D8   A2 BC      LDX #&BC
     99DA   A0 09      LDY #&09
     99DC   D0 BE      BNE &999C
.CMD_UTILS
     99DE   98         TYA
     99DF   A2 76      LDX #&76
     99E1   A0 05      LDY #&05
     99E3   D0 B7      BNE &999C
.CMD_NOTHELPTBL
     99E5   20 BF 81   JSR &81BF
     99E8   F0 78      BEQ &9A62
.cmd_nothelptlb_loop
     99EA   20 A4 81   JSR &81A4
     99ED   90 FB      BCC &99EA
     99EF   B0 E1      BCS &99D2
.Param_SyntaxErrorIfNull
     99F1   20 BF 81   JSR &81BF
     99F4   F0 01      BEQ &99F7
     99F6   60         RTS
.errSYNTAX
     99F7   20 6A 80   JSR &806A
     99FA   DC
     99FB   53 79 6E ...
     9A03   86 B9      STX &B9
     9A05   20 10 9A   JSR &9A10
     9A08   A9 00      LDA #&00
     9A0A   20 63 9A   JSR &9A63
     9A0D   4C 00 01   JMP &0100
.prtcmdAtBCadd1
     9A10   A9 07      LDA #&07
     9A12   85 B8      STA &B8
     9A14   A6 BF      LDX &BF
     9A16   E0 BC      CPX #&BC
     9A18   90 05      BCC &9A1F
     9A1A   A9 44      LDA #&44
     9A1C   20 63 9A   JSR &9A63
.prtcmdloop
     9A1F   E8         INX
     9A20   BD C6 85   LDA &85C6,X
     9A23   30 06      BMI &9A2B
     9A25   20 63 9A   JSR &9A63
     9A28   4C 1F 9A   JMP &9A1F
.prtcmdloop_exit
     9A2B   A4 B8      LDY &B8
     9A2D   30 03      BMI &9A32
     9A2F   20 75 9A   JSR &9A75
.prtcmdnospcs
     9A32   86 BF      STX &BF
     9A34   BD C6 85   LDA &85C6,X
     9A37   29 7F      AND #&7F
     9A39   20 3F 9A   JSR &9A3F
     9A3C   20 1E 82   JSR &821E
.prtcmdparam
     9A3F   20 F2 83   JSR &83F2
     9A42   29 0F      AND #&0F
     9A44   F0 1C      BEQ &9A62
     9A46   A8         TAY
     9A47   A9 20      LDA #&20
     9A49   20 63 9A   JSR &9A63
     9A4C   A2 FF      LDX #&FF
.prtcmdparam_findloop
     9A4E   E8         INX
     9A4F   BD 82 9A   LDA &9A82,X
     9A52   10 FA      BPL &9A4E
     9A54   88         DEY
     9A55   D0 F7      BNE &9A4E
     9A57   29 7F      AND #&7F
.prtcmdparam_loop
     9A59   20 63 9A   JSR &9A63
     9A5C   E8         INX
     9A5D   BD 82 9A   LDA &9A82,X
     9A60   10 F7      BPL &9A59
.prtcmdparamexit
     9A62   60         RTS
.prtcmd_prtchr
     9A63   20 F2 83   JSR &83F2
     9A66   A6 B9      LDX &B9
     9A68   F0 06      BEQ &9A70
     9A6A   E6 B9      INC &B9
     9A6C   9D 00 01   STA &0100,X
     9A6F   60         RTS
.prtcmdparam_prtchr
     9A70   C6 B8      DEC &B8
     9A72   4C DA 80   JMP &80DA
.prtcmd_Print_Y_Spaces_IfNotErr
     9A75   A5 B9      LDA &B9
     9A77   D0 08      BNE &9A81
     9A79   A9 20      LDA #&20
.prtcmd_yspc_loop
     9A7B   20 63 9A   JSR &9A63
     9A7E   88         DEY
     9A7F   10 FA      BPL &9A7B
.prtcmd_yspc_exit
     9A81   60         RTS
.parametertable
     9A82   BC
     9A83   64 72 69 ...
     9A89   BC
     9A8A   61 66 73 ...
     9A8F   A8
     9A90   4C 29 
     9A92   A8
     9A93   3C 64 72 ...
     9A9B   A8
     9A9C   3C 64 72 ...
     9AA7   A8
     9AA8   3C 64 69 ...
     9AAE   BC
     9AAF   64 6F 73 ...
     9AB8   BC
     9AB9   66 73 70 ...
     9ABD   A8
     9ABE   3C 64 6F ...
     9AC9   BC
     9ACA   74 69 74 ...
     9AD0   A8
     9AD1   3C 6E 75 ...
     9AD7   BC
     9AD8   73 6F 75 ...
     9AE7   BC
     9AE8   6F 6C 64 ...
     9AFA   BC
     9AFB   66 69 6C ...
     9B02   B4
     9B03   30 2F 38 ...
     9B07   FF
.CMD_COMPACT
     9B08   20 E0 8B   JSR &8BE0
     9B0B   20 97 80   JSR &8097
     9B0E   43 6F 6D ...
     9B1A   8D D1 A4   STA &A4D1
     9B1D   8D D2 A4   STA &A4D2
     9B20   20 01 81   JSR &8101
     9B23   20 79 83   JSR &8379
     9B26   A0 00      LDY #&00
     9B28   20 40 94   JSR &9440
     9B2B   20 57 93   JSR &9357
     9B2E   20 85 AB   JSR &AB85
     9B31   AC 05 A3   LDY &A305
     9B34   84 CA      STY &CA
     9B36   A9 02      LDA #&02
     9B38   85 C8      STA &C8
     9B3A   A9 00      LDA #&00
     9B3C   85 C9      STA &C9
.compact_loop
     9B3E   A4 CA      LDY &CA
     9B40   20 C1 82   JSR &82C1
     9B43   C0 F8      CPY #&F8
     9B45   D0 28      BNE &9B6F
     9B47   AD 07 A3   LDA &A307
     9B4A   38         SEC
     9B4B   E5 C8      SBC &C8
     9B4D   48         PHA
     9B4E   AD 06 A3   LDA &A306
     9B51   29 03      AND #&03
     9B53   E5 C9      SBC &C9
     9B55   20 01 81   JSR &8101
     9B58   68         PLA
     9B59   20 F9 80   JSR &80F9
     9B5C   20 97 80   JSR &8097
     9B5F   20 66 72 ...
     9B6C   0D
     9B6D   EA         NOP
     9B6E   60         RTS
.compact_checkfile
     9B6F   84 CA      STY &CA
     9B71   20 43 83   JSR &8343
     9B74   A4 CA      LDY &CA
     9B76   B9 0C A3   LDA &A30C,Y
     9B79   C9 01      CMP #&01
     9B7B   A9 00      LDA #&00
     9B7D   85 BC      STA &BC
     9B7F   85 C0      STA &C0
     9B81   79 0D A3   ADC &A30D,Y
     9B84   85 C4      STA &C4
     9B86   B9 0E A3   LDA &A30E,Y
     9B89   08         PHP
     9B8A   20 16 82   JSR &8216
     9B8D   28         PLP
     9B8E   69 00      ADC #&00
     9B90   85 C5      STA &C5
     9B92   B9 0F A3   LDA &A30F,Y
     9B95   85 C6      STA &C6
     9B97   B9 0E A3   LDA &A30E,Y
     9B9A   29 03      AND #&03
     9B9C   85 C7      STA &C7
     9B9E   C5 C9      CMP &C9
     9BA0   D0 14      BNE &9BB6
     9BA2   A5 C6      LDA &C6
     9BA4   C5 C8      CMP &C8
     9BA6   D0 0E      BNE &9BB6
     9BA8   18         CLC
     9BA9   65 C4      ADC &C4
     9BAB   85 C8      STA &C8
     9BAD   A5 C9      LDA &C9
     9BAF   65 C5      ADC &C5
     9BB1   85 C9      STA &C9
     9BB3   4C CE 9B   JMP &9BCE
.compact_movefile
     9BB6   A5 C8      LDA &C8
     9BB8   99 0F A3   STA &A30F,Y
     9BBB   B9 0E A3   LDA &A30E,Y
     9BBE   29 FC      AND #&FC
     9BC0   05 C9      ORA &C9
     9BC2   99 0E A3   STA &A30E,Y
     9BC5   20 8C AB   JSR &AB8C
     9BC8   20 55 9D   JSR &9D55
     9BCB   20 7A AB   JSR &AB7A
.compact_fileinfo
     9BCE   A4 CA      LDY &CA
     9BD0   20 48 83   JSR &8348
     9BD3   4C 3E 9B   JMP &9B3E
.IsEnabledOrGo
     9BD6   2C C7 A4   BIT &A4C7
     9BD9   10 07      BPL &9BE2
     9BDB   20 2D 9C   JSR &9C2D
     9BDE   F0 02      BEQ &9BE2
     9BE0   68         PLA
     9BE1   68         PLA
.isgo
.isgoalready
     9BE2   60         RTS
.Get_CopyDATA_Drives
     9BE3   20 E5 8B   JSR &8BE5
     9BE6   8D D1 A4   STA &A4D1
     9BE9   20 E5 8B   JSR &8BE5
     9BEC   8D D2 A4   STA &A4D2
     9BEF   CD D1 A4   CMP &A4D1
     9BF2   F0 2E      BEQ &9C22
     9BF4   98         TYA
     9BF5   48         PHA
     9BF6   20 57 93   JSR &9357
     9BF9   20 97 80   JSR &8097
     9BFC   43 6F 70 ...
     9C0A   AD D1 A4   LDA &A4D1
     9C0D   20 94 80   JSR &8094
     9C10   20 74 6F ...
     9C15   AD D2 A4   LDA &A4D2
     9C18   20 01 81   JSR &8101
     9C1B   20 79 83   JSR &8379
     9C1E   68         PLA
     9C1F   A8         TAY
     9C20   18         CLC
     9C21   60         RTS
.baddrv
     9C22   4C F8 8B   JMP &8BF8
.ConfirmYNcolon
     9C25   20 97 80   JSR &8097
     9C28   20 3A 20 
     9C2B   90 0F      BCC &9C3C
.GoYN
     9C2D   20 97 80   JSR &8097
     9C30   47 6F 20 ...
     9C3B   EA         NOP
.ConfirmYN
     9C3C   20 55 9C   JSR &9C55
     9C3F   20 E0 FF   JSR &FFE0
     9C42   B0 1D      BCS &9C61
     9C44   29 5F      AND #&5F
     9C46   C9 59      CMP #&59
     9C48   08         PHP
     9C49   F0 02      BEQ &9C4D
     9C4B   A9 4E      LDA #&4E
.confYN
     9C4D   20 DA 80   JSR &80DA
     9C50   20 79 83   JSR &8379
     9C53   28         PLP
     9C54   60         RTS
.osbyte0F_flushinbuf2
     9C55   20 F2 83   JSR &83F2
     9C58   A9 0F      LDA #&0F
     9C5A   A2 01      LDX #&01
     9C5C   A0 00      LDY #&00
     9C5E   4C F4 FF   JMP &FFF4
.err_ESCAPE
     9C61   4C 7A 8C   JMP &8C7A
.err_DISKFULL2
     9C64   4C 7E 8A   JMP &8A7E
.CMD_BACKUP
     9C67   20 E3 9B   JSR &9BE3
     9C6A   20 D6 9B   JSR &9BD6
     9C6D   A9 00      LDA #&00
     9C6F   85 C7      STA &C7
     9C71   85 C9      STA &C9
     9C73   85 C8      STA &C8
     9C75   85 C6      STA &C6
     9C77   AD D1 A4   LDA &A4D1
     9C7A   85 CD      STA &CD
     9C7C   20 88 AB   JSR &AB88
     9C7F   AD 07 A3   LDA &A307
     9C82   85 C4      STA &C4
     9C84   AD 06 A3   LDA &A306
     9C87   29 03      AND #&03
     9C89   85 C5      STA &C5
     9C8B   AD D2 A4   LDA &A4D2
     9C8E   85 CD      STA &CD
     9C90   20 88 AB   JSR &AB88
     9C93   AD 06 A3   LDA &A306
     9C96   29 03      AND #&03
     9C98   C5 C5      CMP &C5
     9C9A   90 C8      BCC &9C64
     9C9C   D0 07      BNE &9CA5
     9C9E   AD 07 A3   LDA &A307
     9CA1   C5 C4      CMP &C4
     9CA3   90 BF      BCC &9C64
.backup_copy
     9CA5   20 55 9D   JSR &9D55
     9CA8   20 88 AB   JSR &AB88
     9CAB   A2 0A      LDX #&0A
.tloop
     9CAD   E0 08      CPX #&08
     9CAF   90 05      BCC &9CB6
     9CB1   BD F8 A2   LDA &A2F8,X
     9CB4   B0 03      BCS &9CB9
.tskip1
     9CB6   BD 00 A2   LDA &A200,X
.tskip2
     9CB9   9D 00 A4   STA &A400,X
     9CBC   CA         DEX
     9CBD   10 EE      BPL &9CAD
     9CBF   60         RTS
.CMD_COPY
     9CC0   20 75 92   JSR &9275
     9CC3   20 E3 9B   JSR &9BE3
     9CC6   20 F1 99   JSR &99F1
     9CC9   20 48 81   JSR &8148
     9CCC   AD D1 A4   LDA &A4D1
     9CCF   85 CD      STA &CD
     9CD1   20 37 82   JSR &8237
.copy_loop1
     9CD4   A5 CC      LDA &CC
     9CD6   48         PHA
     9CD7   A5 B6      LDA &B6
     9CD9   48         PHA
     9CDA   20 48 83   JSR &8348
     9CDD   A2 00      LDX #&00
.copy_loop2
     9CDF   B9 08 A2   LDA &A208,Y
     9CE2   95 C5      STA &C5,X
     9CE4   9D 50 A4   STA &A450,X
     9CE7   B9 08 A3   LDA &A308,Y
     9CEA   95 BB      STA &BB,X
     9CEC   9D 47 A4   STA &A447,X
     9CEF   E8         INX
     9CF0   C8         INY
     9CF1   E0 08      CPX #&08
     9CF3   D0 EA      BNE &9CDF
     9CF5   20 45 9D   JSR &9D45
     9CF8   AD D2 A4   LDA &A4D2
     9CFB   20 C1 8A   JSR &8AC1
     9CFE   A5 C2      LDA &C2
     9D00   29 03      AND #&03
     9D02   48         PHA
     9D03   A5 C3      LDA &C3
     9D05   48         PHA
     9D06   20 45 9D   JSR &9D45
     9D09   68         PLA
     9D0A   85 C8      STA &C8
     9D0C   68         PLA
     9D0D   85 C9      STA &C9
     9D0F   A5 C1      LDA &C1
     9D11   20 16 82   JSR &8216
     9D14   AA         TAX
     9D15   A5 BF      LDA &BF
     9D17   C9 01      CMP #&01
     9D19   A5 C0      LDA &C0
     9D1B   69 00      ADC #&00
     9D1D   85 C4      STA &C4
     9D1F   8A         TXA
     9D20   69 00      ADC #&00
     9D22   85 C5      STA &C5
     9D24   A5 C2      LDA &C2
     9D26   85 C6      STA &C6
     9D28   A5 C1      LDA &C1
     9D2A   29 03      AND #&03
     9D2C   85 C7      STA &C7
     9D2E   20 55 9D   JSR &9D55
     9D31   AD D1 A4   LDA &A4D1
     9D34   85 CD      STA &CD
     9D36   20 85 AB   JSR &AB85
     9D39   68         PLA
     9D3A   85 B6      STA &B6
     9D3C   68         PLA
     9D3D   85 CC      STA &CC
     9D3F   20 83 82   JSR &8283
     9D42   B0 90      BCS &9CD4
     9D44   60         RTS
.cd_swapvars
     9D45   A2 11      LDX #&11
.cd_swapvars_loop
     9D47   BC 45 A4   LDY &A445,X
     9D4A   B5 BA      LDA &BA,X
     9D4C   94 BA      STY &BA,X
     9D4E   9D 45 A4   STA &A445,X
     9D51   CA         DEX
     9D52   10 F3      BPL &9D47
     9D54   60         RTS
.CopyDATABLOCK
     9D55   A9 00      LDA #&00
     9D57   85 BC      STA &BC
     9D59   85 C0      STA &C0
     9D5B   AD CF A4   LDA &A4CF
     9D5E   85 BD      STA &BD
     9D60   F0 57      BEQ &9DB9
.cd_loop
     9D62   A4 C4      LDY &C4
     9D64   CC D0 A4   CPY &A4D0
     9D67   A5 C5      LDA &C5
     9D69   E9 00      SBC #&00
     9D6B   90 03      BCC &9D70
     9D6D   AC D0 A4   LDY &A4D0
.cd_part
     9D70   84 C1      STY &C1
     9D72   A5 C6      LDA &C6
     9D74   85 C3      STA &C3
     9D76   A5 C7      LDA &C7
     9D78   85 C2      STA &C2
     9D7A   AD D1 A4   LDA &A4D1
     9D7D   85 CD      STA &CD
     9D7F   20 B0 8B   JSR &8BB0
     9D82   20 43 88   JSR &8843
     9D85   AD D2 A4   LDA &A4D2
     9D88   85 CD      STA &CD
     9D8A   A5 C8      LDA &C8
     9D8C   85 C3      STA &C3
     9D8E   A5 C9      LDA &C9
     9D90   85 C2      STA &C2
     9D92   20 B0 8B   JSR &8BB0
     9D95   20 50 88   JSR &8850
     9D98   A5 C1      LDA &C1
     9D9A   18         CLC
     9D9B   65 C8      ADC &C8
     9D9D   85 C8      STA &C8
     9D9F   90 02      BCC &9DA3
     9DA1   E6 C9      INC &C9
.cd_inc1
     9DA3   A5 C1      LDA &C1
     9DA5   18         CLC
     9DA6   65 C6      ADC &C6
     9DA8   85 C6      STA &C6
     9DAA   90 02      BCC &9DAE
     9DAC   E6 C7      INC &C7
.cd_inc2
     9DAE   38         SEC
     9DAF   A5 C4      LDA &C4
     9DB1   E5 C1      SBC &C1
     9DB3   85 C4      STA &C4
     9DB5   B0 02      BCS &9DB9
     9DB7   C6 C5      DEC &C5
.cd_loopentry
     9DB9   A5 C4      LDA &C4
     9DBB   05 C5      ORA &C5
     9DBD   D0 A3      BNE &9D62
     9DBF   60         RTS
.CMD_VERIFY
     9DC0   A9 00      LDA #&00
     9DC2   F0 02      BEQ &9DC6
.CMD_FORM
     9DC4   A9 FF      LDA #&FF
.vform1
     9DC6   85 C9      STA &C9
     9DC8   85 B2      STA &B2
     9DCA   10 15      BPL &9DE1
     9DCC   20 F1 99   JSR &99F1
     9DCF   20 3B 84   JSR &843B
     9DD2   B0 0A      BCS &9DDE
     9DD4   86 B5      STX &B5
     9DD6   E0 28      CPX #&28
     9DD8   F0 07      BEQ &9DE1
     9DDA   E0 50      CPX #&50
     9DDC   F0 03      BEQ &9DE1
.vform2_syntax
     9DDE   4C F7 99   JMP &99F7
.vform3_ok
     9DE1   20 BF 81   JSR &81BF
     9DE4   84 CA      STY &CA
     9DE6   D0 49      BNE &9E31
     9DE8   24 C9      BIT &C9
     9DEA   30 0B      BMI &9DF7
     9DEC   20 97 80   JSR &8097
     9DEF   56 65 72 ...
     9DF5   90 0A      BCC &9E01
.vform4_form
     9DF7   20 97 80   JSR &8097
     9DFA   46 6F 72 ...
     9E00   EA         NOP
.vform4_askdrive
     9E01   20 97 80   JSR &8097
     9E04   20 77 68 ...
     9E13   EA         NOP
     9E14   20 E0 FF   JSR &FFE0
     9E17   B0 31      BCS &9E4A
     9E19   C9 20      CMP #&20
     9E1B   90 30      BCC &9E4D
     9E1D   20 DA 80   JSR &80DA
     9E20   38         SEC
     9E21   E9 30      SBC #&30
     9E23   C9 04      CMP #&04
     9E25   B0 26      BCS &9E4D
     9E27   85 CD      STA &CD
     9E29   20 79 83   JSR &8379
     9E2C   A4 CA      LDY &CA
     9E2E   4C 34 9E   JMP &9E34
.vform5_driveloop
     9E31   20 E8 8B   JSR &8BE8
.vform6_drivein
     9E34   84 CA      STY &CA
     9E36   24 B2      BIT &B2
     9E38   10 05      BPL &9E3F
     9E3A   46 B2      LSR &B2
     9E3C   20 D6 9B   JSR &9BD6
.vform7_go
     9E3F   20 50 9E   JSR &9E50
     9E42   A4 CA      LDY &CA
     9E44   20 BF 81   JSR &81BF
     9E47   D0 E8      BNE &9E31
     9E49   60         RTS
.jmp_reportEscape
     9E4A   4C 7A 8C   JMP &8C7A
.jmp_errBadDrive
     9E4D   4C F8 8B   JMP &8BF8
.VFCurDrv
     9E50   24 C9      BIT &C9
     9E52   30 0E      BMI &9E62
     9E54   20 97 80   JSR &8097
     9E57   56 65 72 ...
     9E60   90 12      BCC &9E74
.vf1
     9E62   20 97 80   JSR &8097
     9E65   46 6F 72 ...
     9E6F   A6 CD      LDX &CD
     9E71   8E B0 A4   STX &A4B0
.vf2
     9E74   20 97 80   JSR &8097
     9E77   20 64 72 ...
     9E7E   A5 CD      LDA &CD
     9E80   20 94 80   JSR &8094
     9E83   20 74 72 ...
     9E8C   EA         NOP
     9E8D   A9 63      LDA #&63
     9E8F   A2 05      LDX #&05
     9E91   24 C9      BIT &C9
     9E93   30 2D      BMI &9EC2
     9E95   20 88 AB   JSR &AB88
     9E98   AD 06 A3   LDA &A306
     9E9B   29 03      AND #&03
     9E9D   AA         TAX
     9E9E   AD 07 A3   LDA &A307
     9EA1   A0 0A      LDY #&0A
     9EA3   84 B0      STY &B0
     9EA5   A0 FF      LDY #&FF
.trkloop1
     9EA7   38         SEC
.trkloop2
     9EA8   C8         INY
     9EA9   E5 B0      SBC &B0
     9EAB   B0 FB      BCS &9EA8
     9EAD   CA         DEX
     9EAE   10 F7      BPL &9EA7
     9EB0   65 B0      ADC &B0
     9EB2   48         PHA
     9EB3   98         TYA
     9EB4   AA         TAX
     9EB5   68         PLA
     9EB6   F0 01      BEQ &9EB9
     9EB8   E8         INX
.trkex
     9EB9   8A         TXA
     9EBA   F0 41      BEQ &9EFD
     9EBC   85 B5      STA &B5
     9EBE   A9 5F      LDA #&5F
     9EC0   A2 03      LDX #&03
.vf4
     9EC2   8D B6 A4   STA &A4B6
     9EC5   8E B5 A4   STX &A4B5
     9EC8   A9 00      LDA #&00
     9ECA   85 B4      STA &B4
.vf5_trackloop
     9ECC   A9 08      LDA #&08
     9ECE   20 DA 80   JSR &80DA
     9ED1   20 DA 80   JSR &80DA
     9ED4   A5 B4      LDA &B4
     9ED6   8D B7 A4   STA &A4B7
     9ED9   20 F9 80   JSR &80F9
     9EDC   20 BF AB   JSR &ABBF
     9EDF   F0 0A      BEQ &9EEB
     9EE1   48         PHA
     9EE2   A9 3F      LDA #&3F
     9EE4   20 DA 80   JSR &80DA
     9EE7   68         PLA
     9EE8   4C E0 AB   JMP &ABE0
.vfx1
     9EEB   E6 B4      INC &B4
     9EED   A5 B4      LDA &B4
     9EEF   C5 B5      CMP &B5
     9EF1   D0 D9      BNE &9ECC
     9EF3   24 C9      BIT &C9
     9EF5   10 06      BPL &9EFD
     9EF7   20 00 9F   JSR &9F00
     9EFA   20 8C AB   JSR &AB8C
.vf6_exit
     9EFD   4C 79 83   JMP &8379
.ClearCatalogue
     9F00   A0 00      LDY #&00
     9F02   98         TYA
.ccatloop
     9F03   99 00 A2   STA &A200,Y
     9F06   99 00 A3   STA &A300,Y
     9F09   C8         INY
     9F0A   D0 F7      BNE &9F03
     9F0C   A4 B5      LDY &B5
.loop2
     9F0E   A9 0A      LDA #&0A
     9F10   18         CLC
     9F11   6D 07 A3   ADC &A307
     9F14   8D 07 A3   STA &A307
     9F17   90 03      BCC &9F1C
     9F19   EE 06 A3   INC &A306
.label3
     9F1C   88         DEY
     9F1D   D0 EF      BNE &9F0E
     9F1F   60         RTS
.CMD_FREE
     9F20   38         SEC
     9F21   B0 01      BCS &9F24
.CMD_MAP
     9F23   18         CLC
.Label_A7F7
     9F24   66 C6      ROR &C6
     9F26   20 E0 8B   JSR &8BE0
     9F29   20 85 AB   JSR &AB85
     9F2C   24 C6      BIT &C6
     9F2E   30 15      BMI &9F45
     9F30   20 B7 80   JSR &80B7
     9F33   41 64 64 ...
     9F44   0D
.Label_A818_free
     9F45   AD 06 A3   LDA &A306
     9F48   29 03      AND #&03
     9F4A   85 C5      STA &C5
     9F4C   85 C2      STA &C2
     9F4E   AD 07 A3   LDA &A307
     9F51   85 C4      STA &C4
     9F53   38         SEC
     9F54   E9 02      SBC #&02
     9F56   85 C1      STA &C1
     9F58   B0 02      BCS &9F5C
     9F5A   C6 C2      DEC &C2
.Label_A82F
     9F5C   A9 02      LDA #&02
     9F5E   85 BB      STA &BB
     9F60   A9 00      LDA #&00
     9F62   85 BC      STA &BC
     9F64   85 BF      STA &BF
     9F66   85 C0      STA &C0
     9F68   AD 05 A3   LDA &A305
     9F6B   29 F8      AND #&F8
     9F6D   A8         TAY
     9F6E   F0 26      BEQ &9F96
     9F70   D0 11      BNE &9F83
.Label_A845_fileloop
     9F72   20 05 A0   JSR &A005
     9F75   20 C1 82   JSR &82C1
     9F78   A5 C4      LDA &C4
     9F7A   38         SEC
     9F7B   E5 BB      SBC &BB
     9F7D   A5 C5      LDA &C5
     9F7F   E5 BC      SBC &BC
     9F81   90 13      BCC &9F96
.Label_A856_fileloop_entry
     9F83   B9 07 A3   LDA &A307,Y
     9F86   38         SEC
     9F87   E5 BB      SBC &BB
     9F89   85 C1      STA &C1
     9F8B   B9 06 A3   LDA &A306,Y
     9F8E   29 03      AND #&03
     9F90   E5 BC      SBC &BC
     9F92   85 C2      STA &C2
     9F94   90 DC      BCC &9F72
.Label_A86B_nofiles
     9F96   84 BD      STY &BD
     9F98   24 C6      BIT &C6
     9F9A   30 2B      BMI &9FC7
     9F9C   A5 C1      LDA &C1
     9F9E   05 C2      ORA &C2
     9FA0   F0 25      BEQ &9FC7
     9FA2   A5 BC      LDA &BC
     9FA4   20 11 81   JSR &8111
     9FA7   A5 BB      LDA &BB
     9FA9   20 09 81   JSR &8109
     9FAC   20 B7 80   JSR &80B7
     9FAF   20 20 20 ...
     9FB7   A5 C2      LDA &C2
     9FB9   20 11 81   JSR &8111
     9FBC   A5 C1      LDA &C1
     9FBE   20 09 81   JSR &8109
     9FC1   20 E7 FF   JSR &FFE7
     9FC4   20 05 A0   JSR &A005
.Label_A87A_free
     9FC7   A5 C1      LDA &C1
     9FC9   18         CLC
     9FCA   65 BF      ADC &BF
     9FCC   85 BF      STA &BF
     9FCE   A5 C2      LDA &C2
     9FD0   65 C0      ADC &C0
     9FD2   85 C0      STA &C0
     9FD4   A4 BD      LDY &BD
     9FD6   D0 9A      BNE &9F72
     9FD8   24 C6      BIT &C6
     9FDA   10 28      BPL &A004
     9FDC   A8         TAY
     9FDD   A6 BF      LDX &BF
     9FDF   A9 F8      LDA #&F8
     9FE1   38         SEC
     9FE2   ED 05 A3   SBC &A305
     9FE5   20 2F A0   JSR &A02F
     9FE8   46 72 65 ...
     9FEC   0D
     9FED   A5 C4      LDA &C4
     9FEF   38         SEC
     9FF0   E5 BF      SBC &BF
     9FF2   AA         TAX
     9FF3   A5 C5      LDA &C5
     9FF5   E5 C0      SBC &C0
     9FF7   A8         TAY
     9FF8   AD 05 A3   LDA &A305
     9FFB   20 2F A0   JSR &A02F
     9FFE   55 73 65 ...
     A002   0D
     A003   EA         NOP
.Label_A8BD_rst
     A004   60         RTS
.Sub_A8E2_nextblock
     A005   B9 06 A3   LDA &A306,Y
     A008   48         PHA
     A009   20 16 82   JSR &8216
     A00C   85 BC      STA &BC
     A00E   68         PLA
     A00F   29 03      AND #&03
     A011   18         CLC
     A012   65 BC      ADC &BC
     A014   85 BC      STA &BC
     A016   B9 04 A3   LDA &A304,Y
     A019   C9 01      CMP #&01
     A01B   A9 00      LDA #&00
     A01D   79 05 A3   ADC &A305,Y
     A020   90 02      BCC &A024
     A022   E6 BC      INC &BC
.Label_A902
     A024   18         CLC
     A025   79 07 A3   ADC &A307,Y
     A028   85 BB      STA &BB
     A02A   90 02      BCC &A02E
     A02C   E6 BC      INC &BC
.Label_A90C
     A02E   60         RTS
.Sub_A90D_freeinfo
     A02F   4A         LSR A
     A030   4A         LSR A
     A031   4A         LSR A
     A032   20 06 81   JSR &8106
     A035   20 B7 80   JSR &80B7
     A038   20 46 69 ...
     A03F   86 BC      STX &BC
     A041   84 BD      STY &BD
     A043   98         TYA
     A044   20 11 81   JSR &8111
     A047   8A         TXA
     A048   20 09 81   JSR &8109
     A04B   20 B7 80   JSR &80B7
     A04E   20 53 65 ...
     A057   A9 00      LDA #&00
     A059   85 BB      STA &BB
     A05B   85 BE      STA &BE
     A05D   A2 1F      LDX #&1F
     A05F   86 C1      STX &C1
     A061   A2 09      LDX #&09
.Label_A941_loop1
     A063   9D 00 A4   STA &A400,X
     A066   CA         DEX
     A067   10 FA      BPL &A063
.Label_A947_loop2
     A069   06 BB      ASL &BB
     A06B   26 BC      ROL &BC
     A06D   26 BD      ROL &BD
     A06F   26 BE      ROL &BE
     A071   A2 00      LDX #&00
     A073   A0 09      LDY #&09
.Label_A953_loop3
     A075   BD 00 A4   LDA &A400,X
     A078   2A         ROL A
     A079   C9 0A      CMP #&0A
     A07B   90 02      BCC &A07F
     A07D   E9 0A      SBC #&0A
.Label_A95D
     A07F   9D 00 A4   STA &A400,X
     A082   E8         INX
     A083   88         DEY
     A084   10 EF      BPL &A075
     A086   C6 C1      DEC &C1
     A088   10 DF      BPL &A069
     A08A   A0 20      LDY #&20
     A08C   A2 05      LDX #&05
.Label_A96C_loop4
     A08E   D0 02      BNE &A092
     A090   A0 2C      LDY #&2C
.Label_A970
     A092   BD 00 A4   LDA &A400,X
     A095   D0 07      BNE &A09E
     A097   C0 2C      CPY #&2C
     A099   F0 03      BEQ &A09E
     A09B   98         TYA
     A09C   D0 04      BNE &A0A2
.Label_A97D
     A09E   A0 2C      LDY #&2C
     A0A0   09 30      ORA #&30
.Label_A982
     A0A2   20 EE FF   JSR &FFEE
     A0A5   E0 03      CPX #&03
     A0A7   D0 04      BNE &A0AD
     A0A9   98         TYA
     A0AA   20 EE FF   JSR &FFEE
.Label_A98D
     A0AD   CA         DEX
     A0AE   10 DE      BPL &A08E
     A0B0   20 B7 80   JSR &80B7
     A0B3   20 42 79 ...
     A0BA   EA         NOP
     A0BB   4C B7 80   JMP &80B7
Including file TubeHost230.asm
.TUBE_CODE_500
     A200   37 05
     A202   96 05
     A204   F2 05
     A206   07 06
     A208   27 06
     A20A   68 06
     A20C   5E 05
     A20E   2D 05
     A210   20 05
     A212   42 05
     A214   A9 05
     A216   D1 05
     A218   86
     A219   88
     A21A   96
     A21B   98
     A21C   18
     A21D   18
     A21E   82
     A21F   18
     A220   20 C5 06   JSR &06C5
     A223   A8         TAY
     A224   20 C5 06   JSR &06C5
     A227   20 D4 FF   JSR &FFD4
     A22A   4C 9C 05   JMP &059C
     A22D   20 C5 06   JSR &06C5
     A230   A8         TAY
     A231   20 D7 FF   JSR &FFD7
     A234   4C 3A 05   JMP &053A
     A237   20 E0 FF   JSR &FFE0
     A23A   6A         ROR A
     A23B   20 95 06   JSR &0695
     A23E   2A         ROL A
     A23F   4C 9E 05   JMP &059E
     A242   20 C5 06   JSR &06C5
     A245   F0 0B      BEQ &A252
     A247   48         PHA
     A248   20 82 05   JSR &0582
     A24B   68         PLA
     A24C   20 CE FF   JSR &FFCE
     A24F   4C 9E 05   JMP &059E
.Label_AD2D
     A252   20 C5 06   JSR &06C5
     A255   A8         TAY
     A256   A9 00      LDA #&00
     A258   20 CE FF   JSR &FFCE
     A25B   4C 9C 05   JMP &059C
     A25E   20 C5 06   JSR &06C5
     A261   A8         TAY
     A262   A2 04      LDX #&04
.Label_AD3F
     A264   20 C5 06   JSR &06C5
     A267   95 FF      STA &FF,X
     A269   CA         DEX
     A26A   D0 F8      BNE &A264
     A26C   20 C5 06   JSR &06C5
     A26F   20 DA FF   JSR &FFDA
     A272   20 95 06   JSR &0695
     A275   A2 03      LDX #&03
.Label_AD52
     A277   B5 00      LDA &00,X
     A279   20 95 06   JSR &0695
     A27C   CA         DEX
     A27D   10 F8      BPL &A277
     A27F   4C 36 00   JMP &0036
     A282   A2 00      LDX #&00
     A284   A0 00      LDY #&00
.Label_AD61
     A286   20 C5 06   JSR &06C5
     A289   99 00 07   STA &0700,Y
     A28C   C8         INY
     A28D   F0 04      BEQ &A293
     A28F   C9 0D      CMP #&0D
     A291   D0 F3      BNE &A286
.Label_AD6E
     A293   A0 07      LDY #&07
     A295   60         RTS
     A296   20 82 05   JSR &0582
     A299   20 F7 FF   JSR &FFF7
     A29C   A9 7F      LDA #&7F
.Label_AD79
     A29E   2C E2 FE   BIT &FEE2
     A2A1   50 FB      BVC &A29E
     A2A3   8D E3 FE   STA &FEE3
.Label_AD81
     A2A6   4C 36 00   JMP &0036
     A2A9   A2 10      LDX #&10
.Label_AD86
     A2AB   20 C5 06   JSR &06C5
     A2AE   95 01      STA &01,X
     A2B0   CA         DEX
     A2B1   D0 F8      BNE &A2AB
     A2B3   20 82 05   JSR &0582
     A2B6   86 00      STX &00
     A2B8   84 01      STY &01
     A2BA   A0 00      LDY #&00
     A2BC   20 C5 06   JSR &06C5
     A2BF   20 DD FF   JSR &FFDD
     A2C2   20 95 06   JSR &0695
     A2C5   A2 10      LDX #&10
.Label_ADA2
     A2C7   B5 01      LDA &01,X
     A2C9   20 95 06   JSR &0695
     A2CC   CA         DEX
     A2CD   D0 F8      BNE &A2C7
     A2CF   F0 D5      BEQ &A2A6
     A2D1   A2 0D      LDX #&0D
.Label_ADAE
     A2D3   20 C5 06   JSR &06C5
     A2D6   95 FF      STA &FF,X
     A2D8   CA         DEX
     A2D9   D0 F8      BNE &A2D3
     A2DB   20 C5 06   JSR &06C5
     A2DE   A0 00      LDY #&00
     A2E0   20 D1 FF   JSR &FFD1
     A2E3   48         PHA
     A2E4   A2 0C      LDX #&0C
.Label_ADC1
     A2E6   B5 00      LDA &00,X
     A2E8   20 95 06   JSR &0695
     A2EB   CA         DEX
     A2EC   10 F8      BPL &A2E6
     A2EE   68         PLA
     A2EF   4C 3A 05   JMP &053A
     A2F2   20 C5 06   JSR &06C5
     A2F5   AA         TAX
     A2F6   20 C5 06   JSR &06C5
     A2F9   20 F4 FF   JSR &FFF4
.Label_ADD7
     A2FC   2C E2 FE   BIT &FEE2
     A2FF   50 FB      BVC &A2FC
     A301   8E E3 FE   STX &FEE3
.Label_ADDF
     A304   4C 36 00   JMP &0036
     A307   20 C5 06   JSR &06C5
     A30A   AA         TAX
     A30B   20 C5 06   JSR &06C5
     A30E   A8         TAY
     A30F   20 C5 06   JSR &06C5
     A312   20 F4 FF   JSR &FFF4
     A315   49 9D      EOR #&9D
     A317   F0 EB      BEQ &A304
     A319   6A         ROR A
     A31A   20 95 06   JSR &0695
.Label_ADF8
     A31D   2C E2 FE   BIT &FEE2
     A320   50 FB      BVC &A31D
     A322   8C E3 FE   STY &FEE3
     A325   70 D5      BVS &A2FC
     A327   20 C5 06   JSR &06C5
     A32A   A8         TAY
.Label_AE06
     A32B   2C E2 FE   BIT &FEE2
     A32E   10 FB      BPL &A32B
     A330   AE E3 FE   LDX &FEE3
     A333   CA         DEX
     A334   30 0F      BMI &A345
.Label_AE11
     A336   2C E2 FE   BIT &FEE2
     A339   10 FB      BPL &A336
     A33B   AD E3 FE   LDA &FEE3
     A33E   9D 28 01   STA &0128,X
     A341   CA         DEX
     A342   10 F2      BPL &A336
     A344   98         TYA
.Label_AE20
     A345   A2 28      LDX #&28
     A347   A0 01      LDY #&01
     A349   20 F1 FF   JSR &FFF1
.Label_AE27
     A34C   2C E2 FE   BIT &FEE2
     A34F   10 FB      BPL &A34C
     A351   AE E3 FE   LDX &FEE3
     A354   CA         DEX
     A355   30 0E      BMI &A365
.Label_AE32
     A357   BC 28 01   LDY &0128,X
.Label_AE35
     A35A   2C E2 FE   BIT &FEE2
     A35D   50 FB      BVC &A35A
     A35F   8C E3 FE   STY &FEE3
     A362   CA         DEX
     A363   10 F2      BPL &A357
.Label_AE40
     A365   4C 36 00   JMP &0036
     A368   A2 04      LDX #&04
.Label_AE45
     A36A   20 C5 06   JSR &06C5
     A36D   95 00      STA &00,X
     A36F   CA         DEX
     A370   10 F8      BPL &A36A
     A372   E8         INX
     A373   A0 00      LDY #&00
     A375   8A         TXA
     A376   20 F1 FF   JSR &FFF1
     A379   90 05      BCC &A380
     A37B   A9 FF      LDA #&FF
     A37D   4C 9E 05   JMP &059E
.Label_AE5B
     A380   A2 00      LDX #&00
     A382   A9 7F      LDA #&7F
     A384   20 95 06   JSR &0695
.Label_AE62
     A387   BD 00 07   LDA &0700,X
     A38A   20 95 06   JSR &0695
     A38D   E8         INX
     A38E   C9 0D      CMP #&0D
     A390   D0 F5      BNE &A387
     A392   4C 36 00   JMP &0036
.Label_AE70
     A395   2C E2 FE   BIT &FEE2
     A398   50 FB      BVC &A395
     A39A   8D E3 FE   STA &FEE3
     A39D   60         RTS
.Label_AE79
     A39E   2C E6 FE   BIT &FEE6
     A3A1   50 FB      BVC &A39E
     A3A3   8D E7 FE   STA &FEE7
     A3A6   60         RTS
     A3A7   A5 FF      LDA &FF
     A3A9   38         SEC
     A3AA   6A         ROR A
     A3AB   30 0F      BMI &A3BC
     A3AD   48         PHA
     A3AE   A9 00      LDA #&00
     A3B0   20 BC 06   JSR &06BC
     A3B3   98         TYA
     A3B4   20 BC 06   JSR &06BC
     A3B7   8A         TXA
     A3B8   20 BC 06   JSR &06BC
     A3BB   68         PLA
.Label_AE97
     A3BC   2C E0 FE   BIT &FEE0
     A3BF   50 FB      BVC &A3BC
     A3C1   8D E1 FE   STA &FEE1
     A3C4   60         RTS
.Label_AEA0
     A3C5   2C E2 FE   BIT &FEE2
     A3C8   10 FB      BPL &A3C5
     A3CA   AD E3 FE   LDA &FEE3
     A3CD   60         RTS
.SERVICE09_TUBEHelp
     A3CE   C9 09      CMP #&09
     A3D0   D0 2A      BNE &A3FC
     A3D2   98         TYA
     A3D3   48         PHA
     A3D4   B1 F2      LDA (&F2),Y
     A3D6   C9 0D      CMP #&0D
     A3D8   D0 1E      BNE &A3F8
     A3DA   A9 E9      LDA #&E9
     A3DC   20 6D 93   JSR &936D
     A3DF   A6 F4      LDX &F4
     A3E1   98         TYA
     A3E2   F0 14      BEQ &A3F8
     A3E4   20 97 80   JSR &8097
     A3E7   0D
     A3E8   54 55 42 ...
     A3F6   0D
     A3F7   EA         NOP
.Label_AED3
     A3F8   68         PLA
     A3F9   A8         TAY
     A3FA   A9 09      LDA #&09
.SERVICEFE_TUBEPostInit
     A3FC   C9 FE      CMP #&FE
     A3FE   90 5C      BCC &A45C
     A400   D0 1B      BNE &A41D
     A402   C0 00      CPY #&00
     A404   F0 56      BEQ &A45C
     A406   A2 06      LDX #&06
     A408   A9 14      LDA #&14
     A40A   20 F4 FF   JSR &FFF4
.servFE_tubemsg_loop
     A40D   2C E0 FE   BIT &FEE0
     A410   10 FB      BPL &A40D
     A412   AD E1 FE   LDA &FEE1
     A415   F0 43      BEQ &A45A
     A417   20 EE FF   JSR &FFEE
     A41A   4C 0D A4   JMP &A40D
.SERVICEFF_TUBEInit
     A41D   A9 AD      LDA #&AD
     A41F   8D 20 02   STA &0220
     A422   A9 06      LDA #&06
     A424   8D 21 02   STA &0221
     A427   A9 16      LDA #&16
     A429   8D 02 02   STA &0202
     A42C   A9 00      LDA #&00
     A42E   8D 03 02   STA &0203
     A431   A9 8E      LDA #&8E
     A433   8D E0 FE   STA &FEE0
     A436   A0 00      LDY #&00
.servFF_copytubecode_loop
     A438   B9 9E A4   LDA &A49E,Y
     A43B   99 00 04   STA &0400,Y
     A43E   B9 00 A2   LDA &A200,Y
     A441   99 00 05   STA &0500,Y
     A444   B9 00 A3   LDA &A300,Y
     A447   99 00 06   STA &0600,Y
     A44A   88         DEY
     A44B   D0 EB      BNE &A438
     A44D   20 21 04   JSR &0421
     A450   A2 41      LDX #&41
.servFF_copytubezpcode_loop
     A452   BD 5D A4   LDA &A45D,X
     A455   95 16      STA &16,X
     A457   CA         DEX
     A458   10 F8      BPL &A452
.servFE_exitA_0
     A45A   A9 00      LDA #&00
.servFE_exit
     A45C   60         RTS
.TUBE_ZP_CODE_0016
     A45D   A9 FF      LDA #&FF
     A45F   20 9E 06   JSR &069E
     A462   AD E3 FE   LDA &FEE3
     A465   A9 00      LDA #&00
     A467   20 95 06   JSR &0695
     A46A   A8         TAY
     A46B   B1 FD      LDA (&FD),Y
     A46D   20 95 06   JSR &0695
.Label_AF4B
     A470   C8         INY
     A471   B1 FD      LDA (&FD),Y
     A473   20 95 06   JSR &0695
     A476   AA         TAX
     A477   D0 F7      BNE &A470
     A479   A2 FF      LDX #&FF
     A47B   9A         TXS
     A47C   58         CLI
.Label_AF58
     A47D   2C E0 FE   BIT &FEE0
     A480   10 06      BPL &A488
.Label_AF5D
     A482   AD E1 FE   LDA &FEE1
     A485   20 EE FF   JSR &FFEE
.Label_AF63
     A488   2C E2 FE   BIT &FEE2
     A48B   10 F0      BPL &A47D
     A48D   2C E0 FE   BIT &FEE0
     A490   30 F0      BMI &A482
     A492   AE E3 FE   LDX &FEE3
     A495   86 51      STX &51
     A497   6C 00 05   JMP (&0500)
     A49A   00 80
     A49C   00 00
.TUBE_CODE_400
     A49E   4C 84 04   JMP &0484
     A4A1   4C A7 06   JMP &06A7
     A4A4   C9 80      CMP #&80
     A4A6   90 2B      BCC &A4D3
     A4A8   C9 C0      CMP #&C0
     A4AA   B0 1A      BCS &A4C6
     A4AC   09 40      ORA #&40
     A4AE   C5 15      CMP &15
     A4B0   D0 20      BNE &A4D2
     A4B2   08         PHP
     A4B3   78         SEI
     A4B4   A9 05      LDA #&05
     A4B6   20 9E 06   JSR &069E
     A4B9   A5 15      LDA &15
     A4BB   20 9E 06   JSR &069E
     A4BE   28         PLP
     A4BF   A9 80      LDA #&80
     A4C1   85 15      STA &15
     A4C3   85 14      STA &14
     A4C5   60         RTS
.Label_AFA1
     A4C6   06 14      ASL &14
     A4C8   B0 06      BCS &A4D0
     A4CA   C5 15      CMP &15
     A4CC   F0 04      BEQ &A4D2
     A4CE   18         CLC
     A4CF   60         RTS
.Label_AFAB
     A4D0   85 15      STA &15
.Label_AFAD
     A4D2   60         RTS
.Label_AFAE
     A4D3   08         PHP
     A4D4   78         SEI
     A4D5   84 13      STY &13
     A4D7   86 12      STX &12
     A4D9   20 9E 06   JSR &069E
     A4DC   AA         TAX
     A4DD   A0 03      LDY #&03
     A4DF   A5 15      LDA &15
     A4E1   20 9E 06   JSR &069E
.Label_AFBF
     A4E4   B1 12      LDA (&12),Y
     A4E6   20 9E 06   JSR &069E
     A4E9   88         DEY
     A4EA   10 F8      BPL &A4E4
     A4EC   A0 18      LDY #&18
     A4EE   8C E0 FE   STY &FEE0
     A4F1   BD 18 05   LDA &0518,X
     A4F4   8D E0 FE   STA &FEE0
     A4F7   4A         LSR A
     A4F8   4A         LSR A
     A4F9   90 06      BCC &A501
     A4FB   2C E5 FE   BIT &FEE5
     A4FE   2C E5 FE   BIT &FEE5
.Label_AFDC
     A501   20 9E 06   JSR &069E
.Label_AFDF
     A504   2C E6 FE   BIT &FEE6
     A507   50 FB      BVC &A504
     A509   B0 0D      BCS &A518
     A50B   E0 04      CPX #&04
     A50D   D0 11      BNE &A520
.Label_AFEA
     A50F   20 14 04   JSR &0414
     A512   20 95 06   JSR &0695
     A515   4C 32 00   JMP &0032
.Label_AFF3
     A518   4A         LSR A
     A519   90 05      BCC &A520
     A51B   A0 88      LDY #&88
     A51D   8C E0 FE   STY &FEE0
.Label_AFFB
     A520   28         PLP
     A521   60         RTS
     A522   58         CLI
     A523   B0 0A      BCS &A52F
     A525   D0 03      BNE &A52A
     A527   4C 9C 05   JMP &059C
.Label_B005
     A52A   AE 8D 02   LDX &028D
     A52D   F0 E0      BEQ &A50F
.Label_B00A
     A52F   A9 FF      LDA #&FF
     A531   20 06 04   JSR &0406
     A534   90 F9      BCC &A52F
     A536   20 CE 04   JSR &04CE
.Label_B014
     A539   08         PHP
     A53A   78         SEI
     A53B   A9 07      LDA #&07
     A53D   20 C7 04   JSR &04C7
     A540   A0 00      LDY #&00
     A542   84 00      STY &00
.Label_B01F
     A544   B1 00      LDA (&00),Y
     A546   8D E5 FE   STA &FEE5
     A549   EA         NOP
     A54A   EA         NOP
     A54B   EA         NOP
     A54C   C8         INY
     A54D   D0 F5      BNE &A544
     A54F   28         PLP
     A550   E6 54      INC &54
     A552   D0 06      BNE &A55A
     A554   E6 55      INC &55
     A556   D0 02      BNE &A55A
     A558   E6 56      INC &56
.Label_B035
     A55A   E6 01      INC &01
     A55C   24 01      BIT &01
     A55E   50 D9      BVC &A539
     A560   20 CE 04   JSR &04CE
     A563   A9 04      LDA #&04
     A565   A0 00      LDY #&00
     A567   A2 53      LDX #&53
     A569   4C 06 04   JMP &0406
     A56C   A9 80      LDA #&80
     A56E   85 54      STA &54
     A570   85 01      STA &01
     A572   A9 20      LDA #&20
     A574   2D 06 80   AND &8006
     A577   A8         TAY
     A578   84 53      STY &53
     A57A   F0 19      BEQ &A595
     A57C   AE 07 80   LDX &8007
.Label_B05A
     A57F   E8         INX
     A580   BD 00 80   LDA &8000,X
     A583   D0 FA      BNE &A57F
     A585   BD 01 80   LDA &8001,X
     A588   85 53      STA &53
     A58A   BD 02 80   LDA &8002,X
     A58D   85 54      STA &54
     A58F   BC 03 80   LDY &8003,X
     A592   BD 04 80   LDA &8004,X
.Label_B070
     A595   85 56      STA &56
     A597   84 55      STY &55
     A599   60         RTS
Processed file 'TubeHost230.asm' ok
.CalculateCRC7
     AB00   A0 0F      LDY #&0F
     AB02   A9 00      LDA #&00
.c7loop1
     AB04   59 E0 A4   EOR &A4E0,Y
     AB07   0A         ASL A
     AB08   A2 07      LDX #&07
.c7loop2
     AB0A   90 02      BCC &AB0E
     AB0C   49 12      EOR #&12
.c7b7z1
     AB0E   0A         ASL A
     AB0F   CA         DEX
     AB10   D0 F8      BNE &AB0A
     AB12   90 02      BCC &AB16
     AB14   49 12      EOR #&12
.c7b7z2
     AB16   88         DEY
     AB17   10 EB      BPL &AB04
     AB19   09 01      ORA #&01
     AB1B   60         RTS
.CheckCRC7
     AB1C   20 F2 83   JSR &83F2
     AB1F   20 00 AB   JSR &AB00
     AB22   CD F0 A4   CMP &A4F0
     AB25   D0 01      BNE &AB28
     AB27   60         RTS
.errBadSum
     AB28   20 50 80   JSR &8050
     AB2B   FF
     AB2C   53 75 6D 
     AB2F   00
.ResetCRC7
     AB30   20 F2 83   JSR &83F2
     AB33   20 00 AB   JSR &AB00
     AB36   8D F0 A4   STA &A4F0
     AB39   18         CLC
     AB3A   60         RTS
.CheckForException
     AB3B   AD 74 A4   LDA &A474
     AB3E   2D 75 A4   AND &A475
     AB41   0D D6 A4   ORA &A4D6
     AB44   49 FF      EOR #&FF
     AB46   D0 1E      BNE &AB66
     AB48   A5 C2      LDA &C2
     AB4A   29 30      AND #&30
     AB4C   D0 19      BNE &AB67
     AB4E   A5 C1      LDA &C1
     AB50   30 15      BMI &AB67
     AB52   18         CLC
     AB53   A5 BC      LDA &BC
     AB55   65 C0      ADC &C0
     AB57   AA         TAX
     AB58   A5 BD      LDA &BD
     AB5A   30 0B      BMI &AB67
     AB5C   65 C1      ADC &C1
     AB5E   10 06      BPL &AB66
     AB60   0A         ASL A
     AB61   D0 04      BNE &AB67
     AB63   8A         TXA
     AB64   D0 01      BNE &AB67
.noexception
     AB66   60         RTS
.errException
     AB67   20 6A 80   JSR &806A
     AB6A   FF
     AB6B   4E 6F 74 ...
     AB76   00
.Set_CurDirDrv_ToDefaults_CheckCurDrvCat
     AB77   20 D3 8B   JSR &8BD3
.CheckCurDrvCat
     AB7A   AD 82 A4   LDA &A482
     AB7D   C5 CD      CMP &CD
     AB7F   D0 07      BNE &AB88
     AB81   60         RTS
.Set_CurDirDrv_ToDefaults_and_load
     AB82   20 D3 8B   JSR &8BD3
.LoadCurDrvCat2
     AB85   20 F2 83   JSR &83F2
.LoadCurDrvCat
     AB88   A9 53      LDA #&53
     AB8A   D0 0D      BNE &AB99
.SaveCatToDisk
     AB8C   AD 04 A3   LDA &A304
     AB8F   18         CLC
     AB90   F8         SED
     AB91   69 01      ADC #&01
     AB93   8D 04 A3   STA &A304
     AB96   D8         CLD
     AB97   A9 4B      LDA #&4B
.exec_cat_rw
     AB99   48         PHA
     AB9A   A5 CD      LDA &CD
     AB9C   A2 00      LDX #&00
.loop
     AB9E   9D B0 A4   STA &A4B0,X
     ABA1   BD B6 AB   LDA &ABB6,X
     ABA4   E8         INX
     ABA5   E0 0A      CPX #&0A
     ABA7   D0 F5      BNE &AB9E
     ABA9   68         PLA
     ABAA   8D B6 A4   STA &A4B6
     ABAD   20 DD AB   JSR &ABDD
     ABB0   A5 CD      LDA &CD
     ABB2   8D 82 A4   STA &A482
     ABB5   60         RTS
.datax
     ABB6   00
     ABB7   A2
     ABB8   FF
     ABB9   FF
     ABBA   03
     ABBB   53
     ABBC   00
     ABBD   00
     ABBE   22
.OW7F_Execute
     ABBF   A5 B0      LDA &B0
     ABC1   48         PHA
     ABC2   A5 B1      LDA &B1
     ABC4   48         PHA
     ABC5   A9 B0      LDA #&B0
     ABC7   85 B0      STA &B0
     ABC9   A9 A4      LDA #&A4
     ABCB   85 B1      STA &B1
     ABCD   20 D0 BA   JSR &BAD0
     ABD0   68         PLA
     ABD1   85 B1      STA &B1
     ABD3   68         PLA
     ABD4   85 B0      STA &B0
     ABD6   AE B5 A4   LDX &A4B5
     ABD9   BD B7 A4   LDA &A4B7,X
     ABDC   60         RTS
.OW7F_Execute_and_ReportIfDiskFault
     ABDD   20 BF AB   JSR &ABBF
.ReportIfDiskFault
     ABE0   D0 01      BNE &ABE3
     ABE2   60         RTS
.l0
     ABE3   C9 10      CMP #&10
     ABE5   D0 10      BNE &ABF7
     ABE7   20 5A 80   JSR &805A
     ABEA   C7
     ABEB   44 72 69 ...
     ABF6   00
.l1
     ABF7   C9 12      CMP #&12
     ABF9   D0 0E      BNE &AC09
     ABFB   20 45 80   JSR &8045
     ABFE   C9
     ABFF   72 65 61 ...
     AC08   00
.l2
     AC09   A5 CD      LDA &CD
     AC0B   8D B0 A4   STA &A4B0
     AC0E   A2 06      LDX #&06
.loop1
     AC10   BD 6C AC   LDA &AC6C,X
     AC13   9D B1 A4   STA &A4B1,X
     AC16   CA         DEX
     AC17   10 F7      BPL &AC10
     AC19   20 BF AB   JSR &ABBF
     AC1C   48         PHA
     AC1D   A5 CD      LDA &CD
     AC1F   29 02      AND #&02
     AC21   0A         ASL A
     AC22   0A         ASL A
     AC23   69 12      ADC #&12
     AC25   8D B7 A4   STA &A4B7
     AC28   20 BF AB   JSR &ABBF
     AC2B   48         PHA
     AC2C   20 45 80   JSR &8045
     AC2F   00         BRK
     AC30   EA         NOP
     AC31   20 71 80   JSR &8071
     AC34   C7
     AC35   73 65 63 ...
     AC49   EA         NOP
     AC4A   A9 3A      LDA #&3A
     AC4C   20 CB BA   JSR &BACB
     AC4F   A5 CD      LDA &CD
     AC51   20 92 8C   JSR &8C92
     AC54   A9 20      LDA #&20
     AC56   20 CB BA   JSR &BACB
     AC59   68         PLA
     AC5A   20 8A 8C   JSR &8C8A
     AC5D   A9 2F      LDA #&2F
     AC5F   20 CB BA   JSR &BACB
     AC62   68         PLA
     AC63   20 8A 8C   JSR &8C8A
     AC66   20 71 80   JSR &8071
     AC69   C7
     AC6A   00
     AC6B   EA         NOP
.spec
     AC6C   00
     AC6D   00
     AC6E   00
     AC6F   00
     AC70   01
     AC71   7D
     AC72   06
.bcd_inc16_zp_x_A8
     AC73   A2 A8      LDX #&A8
.bcd_inc16_zp_x
     AC75   F8         SED
     AC76   18         CLC
     AC77   B5 00      LDA &00,X
     AC79   69 01      ADC #&01
     AC7B   95 00      STA &00,X
     AC7D   B5 01      LDA &01,X
     AC7F   69 00      ADC #&00
     AC81   95 01      STA &01,X
     AC83   D8         CLD
     AC84   60         RTS
Including file MMC_UserPort.asm
.MMC_SendingData
     AC85   20 E4 AC   JSR &ACE4
     AC88   A9 FE      LDA #&FE
.UP_WriteByte
     AC8A   0A         ASL A
     AC8B   2A         ROL A
     AC8C   29 FD      AND #&FD
     AC8E   8D 60 FE   STA &FE60
     AC91   09 02      ORA #&02
     AC93   8D 60 FE   STA &FE60
     AC96   2A         ROL A
     AC97   29 FD      AND #&FD
     AC99   8D 60 FE   STA &FE60
     AC9C   09 02      ORA #&02
     AC9E   8D 60 FE   STA &FE60
     ACA1   2A         ROL A
     ACA2   29 FD      AND #&FD
     ACA4   8D 60 FE   STA &FE60
     ACA7   09 02      ORA #&02
     ACA9   8D 60 FE   STA &FE60
     ACAC   2A         ROL A
     ACAD   29 FD      AND #&FD
     ACAF   8D 60 FE   STA &FE60
     ACB2   09 02      ORA #&02
     ACB4   8D 60 FE   STA &FE60
     ACB7   2A         ROL A
     ACB8   29 FD      AND #&FD
     ACBA   8D 60 FE   STA &FE60
     ACBD   09 02      ORA #&02
     ACBF   8D 60 FE   STA &FE60
     ACC2   2A         ROL A
     ACC3   29 FD      AND #&FD
     ACC5   8D 60 FE   STA &FE60
     ACC8   09 02      ORA #&02
     ACCA   8D 60 FE   STA &FE60
     ACCD   2A         ROL A
     ACCE   29 FD      AND #&FD
     ACD0   8D 60 FE   STA &FE60
     ACD3   09 02      ORA #&02
     ACD5   8D 60 FE   STA &FE60
     ACD8   2A         ROL A
     ACD9   29 FD      AND #&FD
     ACDB   8D 60 FE   STA &FE60
     ACDE   09 02      ORA #&02
     ACE0   8D 60 FE   STA &FE60
     ACE3   60         RTS
.MMC_16Clocks
     ACE4   A0 02      LDY #&02
.MMC_Clocks
.MMC_SlowClocks
.clku1
     ACE6   20 87 AD   JSR &AD87
     ACE9   88         DEY
     ACEA   D0 FA      BNE &ACE6
     ACEC   60         RTS
.MMC_DoCommand
     ACED   A2 00      LDX #&00
     ACEF   A0 07      LDY #&07
.dcmdu1
     ACF1   BD 87 A4   LDA &A487,X
     ACF4   20 8A AC   JSR &AC8A
     ACF7   E8         INX
     ACF8   88         DEY
     ACF9   D0 F6      BNE &ACF1
.waitresp_up
     ACFB   A2 01      LDX #&01
     ACFD   A0 00      LDY #&00
.wrup
     ACFF   88         DEY
     AD00   F0 0F      BEQ &AD11
     AD02   A9 03      LDA #&03
     AD04   8E 60 FE   STX &FE60
     AD07   8D 60 FE   STA &FE60
     AD0A   AD 6A FE   LDA &FE6A
     AD0D   29 01      AND #&01
     AD0F   D0 EE      BNE &ACFF
.wrup_timeout
     AD11   A9 03      LDA #&03
.UP_ReadBits7
     AD13   8E 60 FE   STX &FE60
     AD16   8D 60 FE   STA &FE60
     AD19   8E 60 FE   STX &FE60
     AD1C   8D 60 FE   STA &FE60
     AD1F   8E 60 FE   STX &FE60
     AD22   8D 60 FE   STA &FE60
     AD25   8E 60 FE   STX &FE60
     AD28   8D 60 FE   STA &FE60
     AD2B   8E 60 FE   STX &FE60
     AD2E   8D 60 FE   STA &FE60
     AD31   8E 60 FE   STX &FE60
     AD34   8D 60 FE   STA &FE60
     AD37   8E 60 FE   STX &FE60
     AD3A   8D 60 FE   STA &FE60
     AD3D   AD 6A FE   LDA &FE6A
     AD40   60         RTS
.MMC_WaitForData
.wlu1
     AD41   20 87 AD   JSR &AD87
     AD44   C9 FE      CMP #&FE
     AD46   D0 F9      BNE &AD41
     AD48   60         RTS
.MMC_Read256
     AD49   A2 00      LDX #&00
     AD4B   F0 02      BEQ &AD4F
.MMC_ReadBLS
     AD4D   A6 C6      LDX &C6
.MMC_ReadX
     AD4F   20 CF AD   JSR &ADCF
     AD52   A0 00      LDY #&00
     AD54   AD AE A4   LDA &A4AE
     AD57   D0 0A      BNE &AD63
.MMC_ReadToMemory
     AD59   20 9D AD   JSR &AD9D
     AD5C   91 BC      STA (&BC),Y
     AD5E   C8         INY
     AD5F   CA         DEX
     AD60   D0 F7      BNE &AD59
     AD62   60         RTS
.MMC_ReadToTube
     AD63   20 9D AD   JSR &AD9D
     AD66   8D E5 FE   STA &FEE5
     AD69   EA         NOP
     AD6A   EA         NOP
     AD6B   EA         NOP
     AD6C   C8         INY
     AD6D   CA         DEX
     AD6E   D0 F3      BNE &AD63
.tube_delay
     AD70   60         RTS
.MMC_ReadBuffer
     AD71   A2 FF      LDX #&FF
     AD73   8E 82 A4   STX &A482
     AD76   E8         INX
     AD77   20 CF AD   JSR &ADCF
     AD7A   A0 00      LDY #&00
.rdbuf2
     AD7C   20 9D AD   JSR &AD9D
     AD7F   99 00 A2   STA &A200,Y
     AD82   C8         INY
     AD83   CA         DEX
     AD84   D0 F6      BNE &AD7C
     AD86   60         RTS
.MMC_GetByte
.UP_ReadByteX
     AD87   A9 03      LDA #&03
     AD89   8D 60 FE   STA &FE60
     AD8C   20 CF AD   JSR &ADCF
     AD8F   A9 04      LDA #&04
.lastByte
     AD91   2C 6D FE   BIT &FE6D
     AD94   F0 FB      BEQ &AD91
     AD96   20 BE AD   JSR &ADBE
     AD99   AD 6A FE   LDA &FE6A
     AD9C   60         RTS
.WaitForShiftDone
     AD9D   A9 04      LDA #&04
     AD9F   E0 01      CPX #&01
     ADA1   F0 EE      BEQ &AD91
.notLastByte
     ADA3   2C 6D FE   BIT &FE6D
     ADA6   F0 FB      BEQ &ADA3
     ADA8   AD 6A FE   LDA &FE6A
     ADAB   60         RTS
.MMC_DEVICE_RESET
     ADAC   A9 03      LDA #&03
     ADAE   8D 60 FE   STA &FE60
     ADB1   AD 62 FE   LDA &FE62
     ADB4   09 03      ORA #&03
     ADB6   8D 62 FE   STA &FE62
     ADB9   A9 1C      LDA #&1C
     ADBB   8D 6E FE   STA &FE6E
.ShiftRegMode0
     ADBE   AD 6B FE   LDA &FE6B
     ADC1   29 E3      AND #&E3
     ADC3   8D 6B FE   STA &FE6B
     ADC6   AD 62 FE   LDA &FE62
     ADC9   09 02      ORA #&02
     ADCB   8D 62 FE   STA &FE62
     ADCE   60         RTS
.ShiftRegMode2
     ADCF   AD 62 FE   LDA &FE62
     ADD2   29 FD      AND #&FD
     ADD4   8D 62 FE   STA &FE62
     ADD7   AD 6B FE   LDA &FE6B
     ADDA   29 E3      AND #&E3
     ADDC   09 08      ORA #&08
     ADDE   8D 6B FE   STA &FE6B
     ADE1   AD 6A FE   LDA &FE6A
     ADE4   60         RTS
.MMC_EndWrite
     ADE5   20 E4 AC   JSR &ACE4
.ewu1
     ADE8   20 87 AD   JSR &AD87
     ADEB   A8         TAY
     ADEC   29 1F      AND #&1F
     ADEE   C9 1F      CMP #&1F
     ADF0   F0 F6      BEQ &ADE8
     ADF2   C9 05      CMP #&05
     ADF4   D0 2E      BNE &AE24
.ewu2
     ADF6   20 87 AD   JSR &AD87
     ADF9   C9 FF      CMP #&FF
     ADFB   D0 F9      BNE &ADF6
     ADFD   60         RTS
.MMC_Write256
     ADFE   AC AE A4   LDY &A4AE
     AE01   D0 09      BNE &AE0C
.wru1
     AE03   B1 BC      LDA (&BC),Y
     AE05   20 8A AC   JSR &AC8A
     AE08   C8         INY
     AE09   D0 F8      BNE &AE03
     AE0B   60         RTS
.wruT1
     AE0C   A0 00      LDY #&00
.wruT2
     AE0E   AD E5 FE   LDA &FEE5
     AE11   20 8A AC   JSR &AC8A
     AE14   C8         INY
     AE15   D0 F7      BNE &AE0E
     AE17   60         RTS
.MMC_WriteBuffer
     AE18   A0 00      LDY #&00
.wbu1
     AE1A   B9 00 A2   LDA &A200,Y
     AE1D   20 8A AC   JSR &AC8A
     AE20   C8         INY
     AE21   D0 F7      BNE &AE1A
     AE23   60         RTS
Processed file 'MMC_UserPort.asm' ok
.errWrite2
     AE24   98         TYA
     AE25   20 8D BA   JSR &BA8D
     AE28   57 72 69 ...
     AE3D   00
Including file MMC.asm
.MMC_SetCommand
     AE3E   8D 88 A4   STA &A488
     AE41   A9 00      LDA #&00
     AE43   8D 89 A4   STA &A489
     AE46   8D 8A A4   STA &A48A
     AE49   8D 8B A4   STA &A48B
     AE4C   8D 8C A4   STA &A48C
     AE4F   A9 FF      LDA #&FF
     AE51   8D 87 A4   STA &A487
     AE54   8D 8D A4   STA &A48D
     AE57   8D 8E A4   STA &A48E
     AE5A   60         RTS
.MMC_INIT
     AE5B   20 33 80   JSR &8033
     AE5E   A9 00      LDA #&00
     AE60   8D AF A4   STA &A4AF
     AE63   A9 32      LDA #&32
     AE65   85 C1      STA &C1
.iloop
     AE67   A0 0A      LDY #&0A
     AE69   20 E6 AC   JSR &ACE6
     AE6C   A9 40      LDA #&40
     AE6E   20 3E AE   JSR &AE3E
     AE71   A9 95      LDA #&95
     AE73   8D 8D A4   STA &A48D
     AE76   20 ED AC   JSR &ACED
     AE79   29 81      AND #&81
     AE7B   C9 01      CMP #&01
     AE7D   D0 2F      BNE &AEAE
     AE7F   8D DE A4   STA &A4DE
     AE82   A9 48      LDA #&48
     AE84   20 3E AE   JSR &AE3E
     AE87   A9 01      LDA #&01
     AE89   8D 8B A4   STA &A48B
     AE8C   A9 AA      LDA #&AA
     AE8E   8D 8C A4   STA &A48C
     AE91   A9 87      LDA #&87
     AE93   8D 8D A4   STA &A48D
     AE96   20 ED AC   JSR &ACED
     AE99   C9 01      CMP #&01
     AE9B   F0 24      BEQ &AEC1
     AE9D   A9 00      LDA #&00
     AE9F   8D DE A4   STA &A4DE
.il1
     AEA2   A9 41      LDA #&41
     AEA4   20 3E AE   JSR &AE3E
     AEA7   20 ED AC   JSR &ACED
     AEAA   C9 02      CMP #&02
     AEAC   90 09      BCC &AEB7
.ifail
     AEAE   C6 C1      DEC &C1
     AEB0   D0 B5      BNE &AE67
.ifaildone
     AEB2   20 3D 80   JSR &803D
     AEB5   38         SEC
     AEB6   60         RTS
.il11
     AEB7   24 FF      BIT &FF
     AEB9   30 F3      BMI &AEAE
     AEBB   C9 00      CMP #&00
     AEBD   D0 E3      BNE &AEA2
     AEBF   F0 42      BEQ &AF03
.isdhc
     AEC1   20 87 AD   JSR &AD87
     AEC4   20 87 AD   JSR &AD87
     AEC7   20 87 AD   JSR &AD87
     AECA   20 87 AD   JSR &AD87
.isdhc2
     AECD   A9 77      LDA #&77
     AECF   20 3E AE   JSR &AE3E
     AED2   20 ED AC   JSR &ACED
     AED5   A9 69      LDA #&69
     AED7   20 3E AE   JSR &AE3E
     AEDA   A9 40      LDA #&40
     AEDC   8D 89 A4   STA &A489
     AEDF   20 ED AC   JSR &ACED
     AEE2   D0 E9      BNE &AECD
     AEE4   A9 7A      LDA #&7A
     AEE6   20 3E AE   JSR &AE3E
     AEE9   20 ED AC   JSR &ACED
     AEEC   D0 C0      BNE &AEAE
     AEEE   20 87 AD   JSR &AD87
     AEF1   29 40      AND #&40
     AEF3   48         PHA
     AEF4   20 87 AD   JSR &AD87
     AEF7   20 87 AD   JSR &AD87
     AEFA   20 87 AD   JSR &AD87
     AEFD   68         PLA
     AEFE   D0 03      BNE &AF03
     AF00   8D DE A4   STA &A4DE
.iok
     AF03   A9 50      LDA #&50
     AF05   20 3E AE   JSR &AE3E
     AF08   A9 02      LDA #&02
     AF0A   8D 8B A4   STA &A48B
     AF0D   20 ED AC   JSR &ACED
     AF10   D0 0A      BNE &AF1C
     AF12   A9 40      LDA #&40
     AF14   8D AF A4   STA &A4AF
     AF17   20 3D 80   JSR &803D
     AF1A   18         CLC
     AF1B   60         RTS
.blkerr
     AF1C   20 8D BA   JSR &BA8D
     AF1F   53 65 74 ...
     AF33   00
.MMC_GetCIDCRC
     AF34   A9 4A      LDA #&4A
     AF36   20 3E AE   JSR &AE3E
     AF39   20 81 AF   JSR &AF81
     AF3C   A0 10      LDY #&10
     AF3E   20 E6 AC   JSR &ACE6
     AF41   20 87 AD   JSR &AD87
     AF44   A8         TAY
     AF45   4C 87 AD   JMP &AD87
.MMC_SetupWrite
     AF48   A9 58      LDA #&58
     AF4A   D0 02      BNE &AF4E
.MMC_SetupRead
     AF4C   A9 51      LDA #&51
.setuprw
     AF4E   20 3E AE   JSR &AE3E
.setCommandAddress
     AF51   AD DE A4   LDA &A4DE
     AF54   D0 13      BNE &AF69
     AF56   8D 8C A4   STA &A48C
     AF59   A5 C0      LDA &C0
     AF5B   8D 89 A4   STA &A489
     AF5E   A5 BF      LDA &BF
     AF60   8D 8A A4   STA &A48A
     AF63   A5 BE      LDA &BE
     AF65   8D 8B A4   STA &A48B
     AF68   60         RTS
.setCommandAddressSDHC
     AF69   A9 00      LDA #&00
     AF6B   8D 89 A4   STA &A489
     AF6E   A5 C0      LDA &C0
     AF70   4A         LSR A
     AF71   8D 8A A4   STA &A48A
     AF74   A5 BF      LDA &BF
     AF76   6A         ROR A
     AF77   8D 8B A4   STA &A48B
     AF7A   A5 BE      LDA &BE
     AF7C   6A         ROR A
     AF7D   8D 8C A4   STA &A48C
     AF80   60         RTS
.MMC_StartRead
     AF81   20 ED AC   JSR &ACED
     AF84   D0 03      BNE &AF89
     AF86   4C 41 AD   JMP &AD41
.errRead
     AF89   20 8D BA   JSR &BA8D
     AF8C   52 65 61 ...
     AF97   00
.MMC_StartWrite
     AF98   20 ED AC   JSR &ACED
     AF9B   D0 03      BNE &AFA0
     AF9D   4C 85 AC   JMP &AC85
.errWrite
     AFA0   20 8D BA   JSR &BA8D
     AFA3   57 72 69 ...
     AFAF   00
.SetupCatRW
     AFB0   20 33 80   JSR &8033
     AFB3   A9 00      LDA #&00
     AFB5   8D AE A4   STA &A4AE
     AFB8   85 BC      STA &BC
     AFBA   A9 A2      LDA #&A2
     AFBC   85 BD      STA &BD
     AFBE   60         RTS
.MMC_ReadCatalogue
     AFBF   20 B0 AF   JSR &AFB0
     AFC2   20 4C AF   JSR &AF4C
     AFC5   20 81 AF   JSR &AF81
     AFC8   20 49 AD   JSR &AD49
     AFCB   E6 BD      INC &BD
     AFCD   20 49 AD   JSR &AD49
     AFD0   20 E4 AC   JSR &ACE4
     AFD3   4C 3D 80   JMP &803D
.MMC_WriteCatalogue
     AFD6   20 B0 AF   JSR &AFB0
     AFD9   20 48 AF   JSR &AF48
     AFDC   20 98 AF   JSR &AF98
     AFDF   20 FE AD   JSR &ADFE
     AFE2   E6 BD      INC &BD
     AFE4   20 FE AD   JSR &ADFE
     AFE7   20 E5 AD   JSR &ADE5
     AFEA   4C 3D 80   JMP &803D
.MMC_RWBlock_CheckIfToTube
     AFED   48         PHA
     AFEE   AD AC A4   LDA &A4AC
     AFF1   2D AD A4   AND &A4AD
     AFF4   0D D6 A4   ORA &A4D6
     AFF7   49 FF      EOR #&FF
     AFF9   8D AE A4   STA &A4AE
     AFFC   38         SEC
     AFFD   F0 0D      BEQ &B00C
     AFFF   20 5F 8C   JSR &8C5F
     B002   A2 AA      LDX #&AA
     B004   A0 A4      LDY #&A4
     B006   68         PLA
     B007   48         PHA
     B008   20 06 04   JSR &0406
     B00B   18         CLC
.notTube
     B00C   68         PLA
     B00D   60         RTS
.MMC_ReadBlock
     B00E   4E A6 A4   LSR &A4A6
     B011   20 33 80   JSR &8033
     B014   20 1E B0   JSR &B01E
     B017   4C 3D 80   JMP &803D
.rb_err
     B01A   6E A6 A4   ROR &A4A6
.rb1_exit
     B01D   60         RTS
.rdblk
     B01E   A6 C4      LDX &C4
     B020   D0 04      BNE &B026
     B022   A5 C5      LDA &C5
     B024   F0 F7      BEQ &B01D
.rb1
     B026   A9 01      LDA #&01
     B028   20 ED AF   JSR &AFED
     B02B   A6 C4      LDX &C4
     B02D   66 BE      ROR &BE
     B02F   66 C1      ROR &C1
     B031   10 07      BPL &B03A
     B033   E8         INX
     B034   86 C4      STX &C4
     B036   D0 02      BNE &B03A
     B038   E6 C5      INC &C5
.rb2
     B03A   06 BE      ASL &BE
     B03C   20 4C AF   JSR &AF4C
     B03F   A5 C5      LDA &C5
     B041   D0 0E      BNE &B051
     B043   A6 C4      LDX &C4
     B045   E0 03      CPX #&03
     B047   B0 08      BCS &B051
.rb4_loop
     B049   A5 C6      LDA &C6
     B04B   D0 47      BNE &B094
     B04D   E0 01      CPX #&01
     B04F   F0 3A      BEQ &B08B
.rb3
     B051   24 C1      BIT &C1
     B053   10 0D      BPL &B062
     B055   20 81 AF   JSR &AF81
     B058   A0 00      LDY #&00
     B05A   84 C1      STY &C1
     B05C   20 E6 AC   JSR &ACE6
     B05F   4C 6A B0   JMP &B06A
.rb6_loop
     B062   20 81 AF   JSR &AF81
     B065   20 49 AD   JSR &AD49
     B068   E6 BD      INC &BD
.rb7
     B06A   20 49 AD   JSR &AD49
     B06D   E6 BD      INC &BD
     B06F   20 E4 AC   JSR &ACE4
     B072   20 6D B1   JSR &B16D
     B075   F0 A6      BEQ &B01D
     B077   20 21 BA   JSR &BA21
     B07A   B0 9E      BCS &B01A
     B07C   20 4C AF   JSR &AF4C
     B07F   A6 C4      LDX &C4
     B081   A5 C5      LDA &C5
     B083   D0 DD      BNE &B062
     B085   E0 03      CPX #&03
     B087   B0 D9      BCS &B062
     B089   90 BE      BCC &B049
.rb9
     B08B   20 81 AF   JSR &AF81
     B08E   20 49 AD   JSR &AD49
     B091   4C BB B0   JMP &B0BB
.rb5
     B094   20 81 AF   JSR &AF81
     B097   24 C1      BIT &C1
     B099   10 08      BPL &B0A3
     B09B   A0 00      LDY #&00
     B09D   20 E6 AC   JSR &ACE6
     B0A0   4C AC B0   JMP &B0AC
.rbx1
     B0A3   C6 C4      DEC &C4
     B0A5   F0 05      BEQ &B0AC
     B0A7   20 49 AD   JSR &AD49
     B0AA   E6 BD      INC &BD
.rbx2
     B0AC   20 4D AD   JSR &AD4D
     B0AF   98         TYA
     B0B0   49 FF      EOR #&FF
     B0B2   A8         TAY
     B0B3   C8         INY
     B0B4   20 E6 AC   JSR &ACE6
     B0B7   A5 C4      LDA &C4
     B0B9   D0 05      BNE &B0C0
.rbx4
     B0BB   A0 00      LDY #&00
     B0BD   20 E6 AC   JSR &ACE6
.rbx3
     B0C0   4C E4 AC   JMP &ACE4
.wb1_exit
     B0C3   60         RTS
.MMC_WriteBlock
     B0C4   4E A6 A4   LSR &A4A6
     B0C7   20 33 80   JSR &8033
     B0CA   20 D0 B0   JSR &B0D0
     B0CD   4C 3D 80   JMP &803D
.wrblk
     B0D0   A6 C4      LDX &C4
     B0D2   D0 04      BNE &B0D8
     B0D4   A5 C5      LDA &C5
     B0D6   F0 EB      BEQ &B0C3
.wb1
     B0D8   A9 00      LDA #&00
     B0DA   20 ED AF   JSR &AFED
     B0DD   A6 C4      LDX &C4
     B0DF   66 BE      ROR &BE
     B0E1   6A         ROR A
     B0E2   06 BE      ASL &BE
     B0E4   48         PHA
     B0E5   20 48 AF   JSR &AF48
     B0E8   68         PLA
     B0E9   10 37      BPL &B122
     B0EB   A9 51      LDA #&51
     B0ED   8D 88 A4   STA &A488
     B0F0   20 81 AF   JSR &AF81
     B0F3   20 71 AD   JSR &AD71
     B0F6   A0 00      LDY #&00
     B0F8   20 E6 AC   JSR &ACE6
     B0FB   A0 02      LDY #&02
     B0FD   20 E6 AC   JSR &ACE6
     B100   A9 58      LDA #&58
     B102   8D 88 A4   STA &A488
     B105   20 98 AF   JSR &AF98
     B108   20 18 AE   JSR &AE18
     B10B   20 FE AD   JSR &ADFE
     B10E   20 E5 AD   JSR &ADE5
     B111   A9 FF      LDA #&FF
     B113   20 6F B1   JSR &B16F
     B116   F0 AB      BEQ &B0C3
     B118   E6 BD      INC &BD
.wb4
     B11A   20 21 BA   JSR &BA21
     B11D   B0 4A      BCS &B169
     B11F   20 48 AF   JSR &AF48
.wb2
     B122   A5 C5      LDA &C5
     B124   D0 2D      BNE &B153
     B126   A6 C4      LDX &C4
     B128   F0 3E      BEQ &B168
     B12A   CA         DEX
     B12B   D0 26      BNE &B153
     B12D   A9 51      LDA #&51
     B12F   8D 88 A4   STA &A488
     B132   20 81 AF   JSR &AF81
     B135   A0 00      LDY #&00
     B137   20 E6 AC   JSR &ACE6
     B13A   20 71 AD   JSR &AD71
     B13D   A0 02      LDY #&02
     B13F   20 E6 AC   JSR &ACE6
     B142   A9 58      LDA #&58
     B144   8D 88 A4   STA &A488
     B147   20 98 AF   JSR &AF98
     B14A   20 FE AD   JSR &ADFE
     B14D   20 18 AE   JSR &AE18
     B150   4C E5 AD   JMP &ADE5
.wb3
     B153   20 98 AF   JSR &AF98
     B156   20 FE AD   JSR &ADFE
     B159   E6 BD      INC &BD
     B15B   20 FE AD   JSR &ADFE
     B15E   E6 BD      INC &BD
     B160   20 E5 AD   JSR &ADE5
     B163   20 6D B1   JSR &B16D
     B166   D0 B2      BNE &B11A
.wb5
     B168   60         RTS
.wb_err
     B169   6E A6 A4   ROR &A4A6
     B16C   60         RTS
.dec_seccountby2
     B16D   A9 FE      LDA #&FE
.dec_seccount
     B16F   18         CLC
     B170   65 C4      ADC &C4
     B172   85 C4      STA &C4
     B174   AA         TAX
     B175   A9 FF      LDA #&FF
     B177   65 C5      ADC &C5
     B179   85 C5      STA &C5
     B17B   05 C4      ORA &C4
     B17D   60         RTS
.MMC_BEGIN2
     B17E   20 F2 83   JSR &83F2
     B181   20 87 B1   JSR &B187
     B184   4C DA B1   JMP &B1DA
.MMC_BEGIN1
     B187   A2 0F      LDX #&0F
.begloop1
     B189   B5 BC      LDA &BC,X
     B18B   9D 90 A4   STA &A490,X
     B18E   CA         DEX
     B18F   10 F8      BPL &B189
     B191   20 AC AD   JSR &ADAC
     B194   2C AF A4   BIT &A4AF
     B197   50 01      BVC &B19A
     B199   60         RTS
.begX
     B19A   20 5B AE   JSR &AE5B
     B19D   B0 06      BCS &B1A5
     B19F   20 AF B1   JSR &B1AF
     B1A2   4C 6B B2   JMP &B26B
.carderr
     B1A5   20 6A 80   JSR &806A
     B1A8   FF
     B1A9   43 61 72 ...
     B1AE   00
.MMC_CheckCardID
     B1AF   20 1C AB   JSR &AB1C
     B1B2   AD E4 A4   LDA &A4E4
     B1B5   F0 0D      BEQ &B1C4
     B1B7   20 34 AF   JSR &AF34
     B1BA   CD EF A4   CMP &A4EF
     B1BD   D0 06      BNE &B1C5
     B1BF   CC EE A4   CPY &A4EE
     B1C2   D0 01      BNE &B1C5
.cid_x
     B1C4   60         RTS
.errCardChanged
     B1C5   A9 00      LDA #&00
     B1C7   8D AF A4   STA &A4AF
     B1CA   20 6A 80   JSR &806A
     B1CD   FF
     B1CE   57 72 6F ...
     B1D9   00
.MMC_END
     B1DA   A2 0F      LDX #&0F
.eloop0
     B1DC   BD 90 A4   LDA &A490,X
     B1DF   95 BC      STA &BC,X
     B1E1   CA         DEX
     B1E2   10 F8      BPL &B1DC
     B1E4   60         RTS
Processed file 'MMC.asm' ok
.CMD_DABOUT
     B1E5   A2 00      LDX #&00
.loop
     B1E7   BD 09 80   LDA &8009,X
     B1EA   D0 02      BNE &B1EE
     B1EC   A9 0D      LDA #&0D
.print
     B1EE   20 E3 FF   JSR &FFE3
     B1F1   E8         INX
     B1F2   E0 27      CPX #&27
     B1F4   D0 F1      BNE &B1E7
     B1F6   60         RTS
Including file MM32.asm
.mm32_cmd_dbug
.l1
     B1F7   20 97 80   JSR &8097
     B1FA   46 41 54 ...
     B203   A0 00      LDY #&00
     B205   20 41 B2   JSR &B241
     B208   20 97 80   JSR &8097
     B20B   44 41 54 ...
     B214   A0 02      LDY #&02
     B216   20 41 B2   JSR &B241
     B219   20 97 80   JSR &8097
     B21C   43 4C 55 ...
     B225   A0 04      LDY #&04
     B227   20 47 B2   JSR &B247
     B22A   A2 00      LDX #&00
.loop
     B22C   8A         TXA
     B22D   20 F9 80   JSR &80F9
     B230   A9 3A      LDA #&3A
     B232   20 EE FF   JSR &FFEE
     B235   20 50 B2   JSR &B250
     B238   20 E7 FF   JSR &FFE7
     B23B   E8         INX
     B23C   E0 03      CPX #&03
     B23E   D0 EC      BNE &B22C
     B240   60         RTS
.phex2
     B241   B9 E1 A4   LDA &A4E1,Y
     B244   20 F9 80   JSR &80F9
.phex1
     B247   B9 E0 A4   LDA &A4E0,Y
     B24A   20 F9 80   JSR &80F9
     B24D   4C E7 FF   JMP &FFE7
.mm32_pclust
     B250   BD EB A4   LDA &A4EB,X
     B253   20 F9 80   JSR &80F9
     B256   BD E8 A4   LDA &A4E8,X
     B259   20 F9 80   JSR &80F9
     B25C   BD E5 A4   LDA &A4E5,X
     B25F   20 F9 80   JSR &80F9
     B262   60         RTS
.mm32_readblock
     B263   A9 FF      LDA #&FF
     B265   8D 82 A4   STA &A482
     B268   4C BF AF   JMP &AFBF
.mm32_init_dos
     B26B   20 1C AB   JSR &AB1C
     B26E   AD E4 A4   LDA &A4E4
     B271   F0 01      BEQ &B274
     B273   60         RTS
.init
     B274   20 FB B2   JSR &B2FB
     B277   90 71      BCC &B2EA
     B279   AD 0C A2   LDA &A20C
     B27C   C9 02      CMP #&02
     B27E   D0 6A      BNE &B2EA
     B280   4D 2C A2   EOR &A22C
     B283   0D 26 A2   ORA &A226
     B286   D0 62      BNE &B2EA
     B288   AD 25 A2   LDA &A225
     B28B   4A         LSR A
     B28C   F0 5C      BEQ &B2EA
     B28E   AD 0D A2   LDA &A20D
     B291   85 CB      STA &CB
     B293   A5 C7      LDA &C7
     B295   A4 C8      LDY &C8
     B297   18         CLC
     B298   6D 0E A2   ADC &A20E
     B29B   AA         TAX
     B29C   98         TYA
     B29D   6D 0F A2   ADC &A20F
     B2A0   B0 48      BCS &B2EA
     B2A2   86 C7      STX &C7
     B2A4   85 C8      STA &C8
.loop1
     B2A6   A8         TAY
     B2A7   8A         TXA
     B2A8   6D 24 A2   ADC &A224
     B2AB   AA         TAX
     B2AC   98         TYA
     B2AD   6D 25 A2   ADC &A225
     B2B0   B0 38      BCS &B2EA
     B2B2   CE 10 A2   DEC &A210
     B2B5   D0 EF      BNE &B2A6
     B2B7   A8         TAY
     B2B8   0E 0D A2   ASL &A20D
     B2BB   8A         TXA
     B2BC   38         SEC
     B2BD   ED 0D A2   SBC &A20D
     B2C0   85 C9      STA &C9
     B2C2   98         TYA
     B2C3   E9 00      SBC #&00
     B2C5   85 CA      STA &CA
     B2C7   20 1C AB   JSR &AB1C
     B2CA   20 34 AF   JSR &AF34
     B2CD   8D EF A4   STA &A4EF
     B2D0   8C EE A4   STY &A4EE
     B2D3   A0 05      LDY #&05
.loop2
     B2D5   B9 C6 00   LDA &00C6,Y
     B2D8   99 DF A4   STA &A4DF,Y
     B2DB   88         DEY
     B2DC   D0 F7      BNE &B2D5
     B2DE   98         TYA
     B2DF   A0 08      LDY #&08
.loop3
     B2E1   99 E5 A4   STA &A4E5,Y
     B2E4   88         DEY
     B2E5   10 FA      BPL &B2E1
     B2E7   4C 30 AB   JMP &AB30
.faterr
     B2EA   20 6A 80   JSR &806A
     B2ED   FF
     B2EE   43 61 72 ...
     B2FA   00
.read_VBR
     B2FB   A9 00      LDA #&00
     B2FD   85 C7      STA &C7
     B2FF   85 C8      STA &C8
     B301   85 BE      STA &BE
     B303   85 BF      STA &BF
     B305   85 C0      STA &C0
     B307   20 3C B3   JSR &B33C
     B30A   90 41      BCC &B34D
     B30C   AD 00 A2   LDA &A200
     B30F   C9 EB      CMP #&EB
     B311   D0 0E      BNE &B321
     B313   AD 02 A2   LDA &A202
     B316   C9 90      CMP #&90
     B318   D0 07      BNE &B321
     B31A   AD 0C A2   LDA &A20C
     B31D   C9 02      CMP #&02
     B31F   F0 2C      BEQ &B34D
.mbr
     B321   AD C6 A3   LDA &A3C6
     B324   85 C7      STA &C7
     B326   85 BE      STA &BE
     B328   AD C7 A3   LDA &A3C7
     B32B   85 C8      STA &C8
     B32D   85 BF      STA &BF
     B32F   AD C8 A3   LDA &A3C8
     B332   0D C9 A3   ORA &A3C9
     B335   D0 17      BNE &B34E
     B337   85 C0      STA &C0
     B339   20 86 BA   JSR &BA86
.isfat
     B33C   20 63 B2   JSR &B263
     B33F   AD FE A3   LDA &A3FE
     B342   C9 55      CMP #&55
     B344   D0 08      BNE &B34E
     B346   AD FF A3   LDA &A3FF
     B349   C9 AA      CMP #&AA
     B34B   D0 01      BNE &B34E
.ifx
     B34D   60         RTS
.bad
     B34E   18         CLC
     B34F   60         RTS
.mm32_SECT_X_First
     B350   B9 E5 A4   LDA &A4E5,Y
     B353   85 C8      STA &C8
     B355   B9 E8 A4   LDA &A4E8,Y
     B358   85 C9      STA &C9
     B35A   B9 EB A4   LDA &A4EB,Y
     B35D   85 C2      STA &C2
     B35F   29 3F      AND #&3F
     B361   85 CA      STA &CA
     B363   05 C8      ORA &C8
     B365   05 C9      ORA &C9
     B367   D0 0C      BNE &B375
     B369   C0 02      CPY #&02
     B36B   F0 04      BEQ &B371
     B36D   24 C2      BIT &C2
     B36F   10 0F      BPL &B380
.l1
     B371   A9 02      LDA #&02
     B373   85 C8      STA &C8
.l2
     B375   AD E4 A4   LDA &A4E4
     B378   85 CB      STA &CB
     B37A   A9 00      LDA #&00
     B37C   85 CE      STA &CE
     B37E   B8         CLV
     B37F   60         RTS
.l3
     B380   2C 83 B3   BIT &B383
.l4
     B383   60         RTS
.mm32_SECT_X_Next
     B384   C6 CB      DEC &CB
     B386   F0 02      BEQ &B38A
     B388   18         CLC
     B389   60         RTS
.l1
     B38A   20 93 B3   JSR &B393
     B38D   AD E4 A4   LDA &A4E4
     B390   85 CB      STA &CB
     B392   60         RTS
.next_cluster
     B393   20 1B 84   JSR &841B
     B396   C6 CE      DEC &CE
     B398   10 1D      BPL &B3B7
     B39A   AD AE A4   LDA &A4AE
     B39D   48         PHA
     B39E   A5 BC      LDA &BC
     B3A0   48         PHA
     B3A1   A5 BD      LDA &BD
     B3A3   48         PHA
     B3A4   A5 C6      LDA &C6
     B3A6   48         PHA
     B3A7   20 DA B3   JSR &B3DA
     B3AA   68         PLA
     B3AB   85 C6      STA &C6
     B3AD   68         PLA
     B3AE   85 BD      STA &BD
     B3B0   68         PLA
     B3B1   85 BC      STA &BC
     B3B3   68         PLA
     B3B4   8D AE A4   STA &A4AE
.l1
     B3B7   18         CLC
     B3B8   A5 CE      LDA &CE
     B3BA   F0 12      BEQ &B3CE
     B3BC   E6 C8      INC &C8
     B3BE   D0 0D      BNE &B3CD
     B3C0   E6 C9      INC &C9
     B3C2   D0 09      BNE &B3CD
     B3C4   E6 CA      INC &CA
.l2
     B3C6   A5 CA      LDA &CA
     B3C8   29 C0      AND #&C0
     B3CA   F0 01      BEQ &B3CD
     B3CC   38         SEC
.l3
     B3CD   60         RTS
.l4
     B3CE   A2 02      LDX #&02
.loop1
     B3D0   BD A0 A4   LDA &A4A0,X
     B3D3   95 C8      STA &C8,X
     B3D5   CA         DEX
     B3D6   10 F8      BPL &B3D0
     B3D8   30 EC      BMI &B3C6
.read_fat
     B3DA   A5 C8      LDA &C8
     B3DC   0A         ASL A
     B3DD   85 CB      STA &CB
     B3DF   A5 C9      LDA &C9
     B3E1   2A         ROL A
     B3E2   A8         TAY
     B3E3   A5 CA      LDA &CA
     B3E5   2A         ROL A
     B3E6   AA         TAX
     B3E7   98         TYA
     B3E8   6D E0 A4   ADC &A4E0
     B3EB   85 BE      STA &BE
     B3ED   8A         TXA
     B3EE   6D E1 A4   ADC &A4E1
     B3F1   85 BF      STA &BF
     B3F3   A9 00      LDA #&00
     B3F5   8D AE A4   STA &A4AE
     B3F8   85 C0      STA &C0
     B3FA   20 86 BA   JSR &BA86
     B3FD   20 33 80   JSR &8033
     B400   20 4C AF   JSR &AF4C
     B403   20 81 AF   JSR &AF81
     B406   A9 A0      LDA #&A0
     B408   85 BC      STA &BC
     B40A   A9 A4      LDA #&A4
     B40C   85 BD      STA &BD
     B40E   A5 CB      LDA &CB
     B410   20 59 B4   JSR &B459
.loop1
     B413   E6 CE      INC &CE
     B415   A9 04      LDA #&04
     B417   85 C6      STA &C6
     B419   20 4D AD   JSR &AD4D
     B41C   E6 CB      INC &CB
     B41E   E6 CB      INC &CB
     B420   F0 31      BEQ &B453
     B422   38         SEC
     B423   AD A2 A4   LDA &A4A2
     B426   29 C0      AND #&C0
     B428   0D A3 A4   ORA &A4A3
     B42B   D0 1B      BNE &B448
     B42D   AD A0 A4   LDA &A4A0
     B430   E5 C8      SBC &C8
     B432   A8         TAY
     B433   AD A1 A4   LDA &A4A1
     B436   E5 C9      SBC &C9
     B438   D0 11      BNE &B44B
     B43A   AD A2 A4   LDA &A4A2
     B43D   E5 CA      SBC &CA
     B43F   D0 0A      BNE &B44B
     B441   88         DEY
     B442   C4 CE      CPY &CE
     B444   F0 CD      BEQ &B413
     B446   D0 03      BNE &B44B
.l2
     B448   6E A2 A4   ROR &A4A2
.l3
     B44B   38         SEC
     B44C   A9 00      LDA #&00
     B44E   E5 CB      SBC &CB
     B450   20 59 B4   JSR &B459
.l4
     B453   20 E4 AC   JSR &ACE4
     B456   4C 3D 80   JMP &803D
.clocks
     B459   0A         ASL A
     B45A   48         PHA
     B45B   90 05      BCC &B462
     B45D   A0 00      LDY #&00
     B45F   20 E6 AC   JSR &ACE6
.l1
     B462   68         PLA
     B463   F0 04      BEQ &B469
     B465   A8         TAY
     B466   4C E6 AC   JMP &ACE6
.l2
     B469   60         RTS
.mm32_Scan_Dir
     B46A   A0 02      LDY #&02
     B46C   20 50 B3   JSR &B350
.loop1
     B46F   20 48 BA   JSR &BA48
     B472   B0 0F      BCS &B483
     B474   20 63 B2   JSR &B263
     B477   20 84 B4   JSR &B484
     B47A   90 07      BCC &B483
     B47C   F0 05      BEQ &B483
     B47E   20 84 B3   JSR &B384
     B481   90 EC      BCC &B46F
.exit
     B483   60         RTS
.scan_block
     B484   A9 00      LDA #&00
     B486   85 AB      STA &AB
     B488   85 B0      STA &B0
     B48A   A9 A2      LDA #&A2
.loop1
     B48C   85 B1      STA &B1
.loop2
     B48E   A0 00      LDY #&00
     B490   B1 B0      LDA (&B0),Y
     B492   F0 75      BEQ &B509
     B494   30 5F      BMI &B4F5
     B496   C9 21      CMP #&21
     B498   90 5B      BCC &B4F5
     B49A   A0 15      LDY #&15
     B49C   B1 B0      LDA (&B0),Y
     B49E   29 0F      AND #&0F
     B4A0   D0 53      BNE &B4F5
     B4A2   88         DEY
     B4A3   B1 B0      LDA (&B0),Y
     B4A5   29 F0      AND #&F0
     B4A7   D0 4C      BNE &B4F5
     B4A9   A0 0B      LDY #&0B
     B4AB   B1 B0      LDA (&B0),Y
     B4AD   29 0E      AND #&0E
     B4AF   D0 44      BNE &B4F5
     B4B1   B1 B0      LDA (&B0),Y
     B4B3   4A         LSR A
     B4B4   29 08      AND #&08
     B4B6   85 B8      STA &B8
     B4B8   F0 04      BEQ &B4BE
     B4BA   A9 80      LDA #&80
     B4BC   D0 0C      BNE &B4CA
.l1
     B4BE   24 B2      BIT &B2
     B4C0   30 33      BMI &B4F5
     B4C2   6A         ROR A
     B4C3   85 B9      STA &B9
     B4C5   20 E2 B5   JSR &B5E2
     B4C8   05 B9      ORA &B9
.l2
     B4CA   85 B9      STA &B9
     B4CC   20 72 B5   JSR &B572
     B4CF   20 0F B6   JSR &B60F
     B4D2   B0 21      BCS &B4F5
     B4D4   A5 AA      LDA &AA
     B4D6   F0 14      BEQ &B4EC
     B4D8   C9 03      CMP #&03
     B4DA   D0 03      BNE &B4DF
     B4DC   4C 3E B5   JMP &B53E
.lock_or_unlock
     B4DF   C9 02      CMP #&02
     B4E1   F0 06      BEQ &B4E9
     B4E3   20 2D B5   JSR &B52D
     B4E6   4C EC B4   JMP &B4EC
.lock
     B4E9   20 1C B5   JSR &B51C
.s1
     B4EC   24 B7      BIT &B7
     B4EE   30 02      BMI &B4F2
     B4F0   18         CLC
     B4F1   60         RTS
.logging
     B4F2   20 9D B5   JSR &B59D
.skip
     B4F5   20 76 8C   JSR &8C76
     B4F8   18         CLC
     B4F9   A5 B0      LDA &B0
     B4FB   69 20      ADC #&20
     B4FD   85 B0      STA &B0
     B4FF   90 8D      BCC &B48E
     B501   A5 B1      LDA &B1
     B503   69 00      ADC #&00
     B505   C9 A3      CMP #&A3
     B507   F0 83      BEQ &B48C
.exit
     B509   08         PHP
     B50A   48         PHA
     B50B   A5 AB      LDA &AB
     B50D   C9 FF      CMP #&FF
     B50F   D0 03      BNE &B514
     B511   20 D6 AF   JSR &AFD6
.nowrite
     B514   A0 00      LDY #&00
     B516   84 AB      STY &AB
     B518   68         PLA
     B519   28         PLP
     B51A   38         SEC
     B51B   60         RTS
.lock_fat_file
     B51C   A9 80      LDA #&80
     B51E   85 B9      STA &B9
     B520   A0 0B      LDY #&0B
     B522   B1 B0      LDA (&B0),Y
     B524   09 01      ORA #&01
     B526   91 B0      STA (&B0),Y
     B528   A9 FF      LDA #&FF
     B52A   85 AB      STA &AB
     B52C   60         RTS
.unlock_fat_file
     B52D   A9 00      LDA #&00
     B52F   85 B9      STA &B9
     B531   A0 0B      LDY #&0B
     B533   B1 B0      LDA (&B0),Y
     B535   29 FE      AND #&FE
     B537   91 B0      STA (&B0),Y
     B539   A9 FF      LDA #&FF
     B53B   85 AB      STA &AB
     B53D   60         RTS
.rename_fat_file
     B53E   A2 21      LDX #&21
     B540   A0 00      LDY #&00
     B542   A9 2E      LDA #&2E
     B544   85 BA      STA &BA
     B546   A9 08      LDA #&08
     B548   20 51 B5   JSR &B551
     B54B   A9 02      LDA #&02
     B54D   85 BA      STA &BA
     B54F   A9 0B      LDA #&0B
.copy_and_pad_with_spaces
     B551   85 BB      STA &BB
.loop
     B553   BD 00 A4   LDA &A400,X
     B556   E8         INX
     B557   C5 BA      CMP &BA
     B559   F0 0E      BEQ &B569
     B55B   C4 BB      CPY &BB
     B55D   F0 F4      BEQ &B553
     B55F   91 B0      STA (&B0),Y
     B561   C8         INY
     B562   D0 EF      BNE &B553
.padloop
     B564   A9 20      LDA #&20
     B566   91 B0      STA (&B0),Y
     B568   C8         INY
.pad
     B569   C4 BB      CPY &BB
     B56B   D0 F7      BNE &B564
     B56D   20 D6 AF   JSR &AFD6
     B570   18         CLC
     B571   60         RTS
.copy_name
     B572   A2 01      LDX #&01
     B574   A0 00      LDY #&00
.loop1
     B576   B1 B0      LDA (&B0),Y
     B578   C9 21      CMP #&21
     B57A   90 04      BCC &B580
     B57C   9D 00 A4   STA &A400,X
     B57F   E8         INX
.l1
     B580   C8         INY
     B581   C0 08      CPY #&08
     B583   D0 06      BNE &B58B
.l11
     B585   A9 2E      LDA #&2E
     B587   9D 00 A4   STA &A400,X
     B58A   E8         INX
.l2
     B58B   C0 0B      CPY #&0B
     B58D   D0 E7      BNE &B576
.l3
     B58F   A9 02      LDA #&02
     B591   8D 00 A4   STA &A400
     B594   9D 00 A4   STA &A400,X
     B597   A9 00      LDA #&00
     B599   9D 01 A4   STA &A401,X
     B59C   60         RTS
.print_dir_entry
     B59D   A2 03      LDX #&03
     B59F   20 DB B5   JSR &B5DB
     B5A2   A2 20      LDX #&20
     B5A4   A5 B8      LDA &B8
     B5A6   F0 02      BEQ &B5AA
     B5A8   A2 2F      LDX #&2F
.l99
     B5AA   8A         TXA
     B5AB   A0 01      LDY #&01
     B5AD   A2 0E      LDX #&0E
.loop1
     B5AF   20 DA 80   JSR &80DA
     B5B2   B9 00 A4   LDA &A400,Y
     B5B5   C9 20      CMP #&20
     B5B7   90 11      BCC &B5CA
     B5B9   C9 2E      CMP #&2E
     B5BB   F0 04      BEQ &B5C1
.l0
     B5BD   CA         DEX
     B5BE   C8         INY
     B5BF   D0 EE      BNE &B5AF
.l1
     B5C1   B9 01 A4   LDA &A401,Y
     B5C4   C9 20      CMP #&20
     B5C6   A9 2E      LDA #&2E
     B5C8   B0 F3      BCS &B5BD
.lx
     B5CA   20 DB B5   JSR &B5DB
     B5CD   A9 4C      LDA #&4C
     B5CF   24 B9      BIT &B9
     B5D1   30 02      BMI &B5D5
     B5D3   A9 20      LDA #&20
.l00
     B5D5   20 DA 80   JSR &80DA
     B5D8   4C D1 80   JMP &80D1
.lspc
     B5DB   20 D1 80   JSR &80D1
     B5DE   CA         DEX
     B5DF   D0 FA      BNE &B5DB
     B5E1   60         RTS
.is_XSD
     B5E2   A0 0B      LDY #&0B
     B5E4   B1 B0      LDA (&B0),Y
     B5E6   29 10      AND #&10
     B5E8   D0 19      BNE &B603
     B5EA   A2 FF      LDX #&FF
.loop1
     B5EC   A0 08      LDY #&08
     B5EE   18         CLC
.loop2
     B5EF   E8         INX
     B5F0   BD 06 B6   LDA &B606,X
     B5F3   30 0A      BMI &B5FF
     B5F5   F0 0C      BEQ &B603
     B5F7   51 B0      EOR (&B0),Y
     B5F9   F0 01      BEQ &B5FC
     B5FB   38         SEC
.x1
     B5FC   C8         INY
     B5FD   D0 F0      BNE &B5EF
.x2
     B5FF   B0 EB      BCS &B5EC
     B601   0A         ASL A
     B602   60         RTS
.l2
     B603   A9 80      LDA #&80
     B605   60         RTS
.ext_table
     B606   53 53 44 
     B609   80
     B60A   44 53 44 
     B60D   A0
     B60E   00         BRK
.dir_match
     B60F   A2 0F      LDX #&0F
     B611   A0 00      LDY #&00
.l00
     B613   E8         INX
     B614   86 BA      STX &BA
.l0
     B616   84 BB      STY &BB
.l1
     B618   BD 00 A4   LDA &A400,X
     B61B   F0 19      BEQ &B636
     B61D   C9 01      CMP #&01
     B61F   F0 F2      BEQ &B613
     B621   B9 00 A4   LDA &A400,Y
     B624   F0 11      BEQ &B637
     B626   DD 00 A4   CMP &A400,X
     B629   D0 04      BNE &B62F
     B62B   C8         INY
     B62C   E8         INX
     B62D   D0 E9      BNE &B618
.l2
     B62F   A6 BA      LDX &BA
     B631   A4 BB      LDY &BB
     B633   C8         INY
     B634   D0 E0      BNE &B616
.ex1
     B636   18         CLC
.ex2
     B637   60         RTS
.mm32_param_count
     B638   A9 00      LDA #&00
.mm32_param_count_a
     B63A   48         PHA
     B63B   98         TYA
     B63C   48         PHA
     B63D   A2 00      LDX #&00
.loop1
     B63F   20 BF 81   JSR &81BF
     B642   F0 08      BEQ &B64C
     B644   E8         INX
.loop2
     B645   20 A4 81   JSR &81A4
     B648   90 FB      BCC &B645
     B64A   B0 F3      BCS &B63F
.l1
     B64C   68         PLA
     B64D   A8         TAY
     B64E   68         PLA
     B64F   10 03      BPL &B654
     B651   CA         DEX
     B652   30 0A      BMI &B65E
.l2
     B654   E0 01      CPX #&01
     B656   F0 05      BEQ &B65D
     B658   B0 04      BCS &B65E
     B65A   6A         ROR A
     B65B   B0 01      BCS &B65E
.l3
     B65D   60         RTS
.err
     B65E   4C F7 99   JMP &99F7
.mm32_param_drive
     B661   90 10      BCC &B673
     B663   20 BF 81   JSR &81BF
     B666   20 E8 8B   JSR &8BE8
     B669   20 A4 81   JSR &81A4
     B66C   A5 CD      LDA &CD
     B66E   B0 06      BCS &B676
     B670   4C F8 8B   JMP &8BF8
.l1
     B673   AD CA A4   LDA &A4CA
.l2
     B676   29 01      AND #&01
     B678   85 CD      STA &CD
     B67A   60         RTS
.mm32_param_filename
     B67B   66 B7      ROR &B7
     B67D   A2 01      LDX #&01
     B67F   86 B2      STX &B2
     B681   86 B3      STX &B3
     B683   86 B4      STX &B4
     B685   86 B5      STX &B5
     B687   20 BF 81   JSR &81BF
     B68A   F0 48      BEQ &B6D4
.loop1
     B68C   20 A4 81   JSR &81A4
     B68F   B0 43      BCS &B6D4
     B691   C9 2F      CMP #&2F
     B693   D0 09      BNE &B69E
     B695   66 B2      ROR &B2
     B697   D0 F3      BNE &B68C
.loop2
     B699   20 A4 81   JSR &81A4
     B69C   B0 36      BCS &B6D4
.l0
     B69E   24 B7      BIT &B7
     B6A0   10 0E      BPL &B6B0
     B6A2   C9 2A      CMP #&2A
     B6A4   D0 0A      BNE &B6B0
     B6A6   24 B3      BIT &B3
     B6A8   30 EF      BMI &B699
     B6AA   66 B3      ROR &B3
     B6AC   A9 01      LDA #&01
     B6AE   D0 1B      BNE &B6CB
.l1
     B6B0   46 B3      LSR &B3
     B6B2   C9 2E      CMP #&2E
     B6B4   D0 08      BNE &B6BE
     B6B6   24 B5      BIT &B5
     B6B8   10 11      BPL &B6CB
     B6BA   66 B4      ROR &B4
     B6BC   30 0D      BMI &B6CB
.l2
     B6BE   38         SEC
     B6BF   66 B5      ROR &B5
     B6C1   C9 61      CMP #&61
     B6C3   90 06      BCC &B6CB
     B6C5   C9 7B      CMP #&7B
     B6C7   B0 02      BCS &B6CB
     B6C9   49 20      EOR #&20
.l3
     B6CB   9D 10 A4   STA &A410,X
     B6CE   E8         INX
     B6CF   E0 10      CPX #&10
     B6D1   D0 C6      BNE &B699
     B6D3   60         RTS
.exloop
     B6D4   CA         DEX
     B6D5   F0 18      BEQ &B6EF
     B6D7   24 B7      BIT &B7
     B6D9   30 0A      BMI &B6E5
     B6DB   24 B4      BIT &B4
     B6DD   30 06      BMI &B6E5
     B6DF   A9 2E      LDA #&2E
     B6E1   9D 11 A4   STA &A411,X
     B6E4   E8         INX
.lx1
     B6E5   A9 02      LDA #&02
     B6E7   8D 10 A4   STA &A410
     B6EA   E8         INX
     B6EB   9D 10 A4   STA &A410,X
     B6EE   E8         INX
.lx2
     B6EF   A9 00      LDA #&00
     B6F1   9D 10 A4   STA &A410,X
     B6F4   AD 10 A4   LDA &A410
     B6F7   18         CLC
     B6F8   60         RTS
.mm32_swap_str_16_32
     B6F9   A2 10      LDX #&10
.loop
     B6FB   BD 0F A4   LDA &A40F,X
     B6FE   48         PHA
     B6FF   BD 1F A4   LDA &A41F,X
     B702   9D 0F A4   STA &A40F,X
     B705   68         PLA
     B706   9D 1F A4   STA &A41F,X
     B709   CA         DEX
     B70A   D0 EF      BNE &B6FB
     B70C   60         RTS
.mm32_cmd_dcat
     B70D   20 38 B6   JSR &B638
     B710   38         SEC
     B711   20 7B B6   JSR &B67B
     B714   A9 00      LDA #&00
     B716   85 AA      STA &AA
     B718   20 6A B4   JSR &B46A
     B71B   A9 86      LDA #&86
     B71D   20 F4 FF   JSR &FFF4
     B720   E0 00      CPX #&00
     B722   F0 03      BEQ &B727
     B724   20 79 83   JSR &8379
.dcEven
     B727   60         RTS
.mm32_cmd_dboot
     B728   A9 00      LDA #&00
     B72A   85 CD      STA &CD
     B72C   20 38 B6   JSR &B638
     B72F   B0 11      BCS &B742
     B731   A2 00      LDX #&00
.loop
     B733   BD 4F B7   LDA &B74F,X
     B736   9D 10 A4   STA &A410,X
     B739   F0 03      BEQ &B73E
     B73B   E8         INX
     B73C   D0 F5      BNE &B733
.l1
     B73E   85 B7      STA &B7
     B740   85 B2      STA &B2
.l2
     B742   A9 00      LDA #&00
     B744   20 C8 B7   JSR &B7C8
     B747   90 01      BCC &B74A
     B749   60         RTS
.l3
     B74A   A9 00      LDA #&00
     B74C   4C D4 8C   JMP &8CD4
.bootdisk
     B74F   02
     B750   42 4F 4F ...
     B755   02
     B756   00
.mm32_cmd_din
     B757   A9 80      LDA #&80
     B759   20 3A B6   JSR &B63A
     B75C   20 61 B6   JSR &B661
     B75F   A9 00      LDA #&00
     B761   4C C7 B7   JMP &B7C7
.mm32_cmd_autoload
     B764   A2 00      LDX #&00
     B766   86 CD      STX &CD
.loop
     B768   BD 7E B7   LDA &B77E,X
     B76B   9D 10 A4   STA &A410,X
     B76E   F0 03      BEQ &B773
     B770   E8         INX
     B771   D0 F5      BNE &B768
.l1
     B773   85 B7      STA &B7
     B775   85 B2      STA &B2
     B777   18         CLC
     B778   A9 02      LDA #&02
     B77A   4C C8 B7   JMP &B7C8
     B77D   60         RTS
.bootdisk
     B77E   02
     B77F   42 4F 4F ...
     B784   02
     B785   00
.mm32_add_ssd_ext
     B786   A0 01      LDY #&01
.l0
     B788   B9 10 A4   LDA &A410,Y
     B78B   C8         INY
     B78C   C9 2E      CMP #&2E
     B78E   D0 F8      BNE &B788
.s1
     B790   A9 53      LDA #&53
     B792   99 10 A4   STA &A410,Y
     B795   99 11 A4   STA &A411,Y
     B798   A9 44      LDA #&44
     B79A   99 12 A4   STA &A412,Y
     B79D   A9 02      LDA #&02
     B79F   99 13 A4   STA &A413,Y
     B7A2   A9 00      LDA #&00
     B7A4   99 14 A4   STA &A414,Y
     B7A7   60         RTS
.mm32_upd_dsktbl
     B7A8   A2 00      LDX #&00
     B7AA   A5 CD      LDA &CD
     B7AC   0A         ASL A
     B7AD   0A         ASL A
     B7AE   0A         ASL A
     B7AF   0A         ASL A
     B7B0   A8         TAY
.l0
     B7B1   BD 10 A4   LDA &A410,X
     B7B4   99 C0 A5   STA &A5C0,Y
     B7B7   E8         INX
     B7B8   C8         INY
     B7B9   E0 10      CPX #&10
     B7BB   D0 F4      BNE &B7B1
     B7BD   60         RTS
.mm32_cmd_ddir
     B7BE   20 38 B6   JSR &B638
     B7C1   A9 02      LDA #&02
     B7C3   85 CD      STA &CD
     B7C5   A9 01      LDA #&01
.mm32_chain_open
     B7C7   38         SEC
.mm32_chain_open2
     B7C8   48         PHA
     B7C9   90 08      BCC &B7D3
     B7CB   18         CLC
     B7CC   20 7B B6   JSR &B67B
     B7CF   B0 33      BCS &B804
     B7D1   F0 65      BEQ &B838
.l0
     B7D3   A5 CD      LDA &CD
     B7D5   C9 02      CMP #&02
     B7D7   66 B2      ROR &B2
     B7D9   A9 00      LDA #&00
     B7DB   85 AA      STA &AA
     B7DD   20 6A B4   JSR &B46A
     B7E0   90 2C      BCC &B80E
     B7E2   68         PLA
     B7E3   48         PHA
     B7E4   29 01      AND #&01
     B7E6   D0 1C      BNE &B804
     B7E8   20 86 B7   JSR &B786
     B7EB   20 6A B4   JSR &B46A
     B7EE   90 1E      BCC &B80E
.mm32_change_ext_dsd
     B7F0   A0 01      LDY #&01
.l0
     B7F2   B9 10 A4   LDA &A410,Y
     B7F5   C8         INY
     B7F6   C9 2E      CMP #&2E
     B7F8   D0 F8      BNE &B7F2
.s1
     B7FA   A9 44      LDA #&44
     B7FC   99 10 A4   STA &A410,Y
     B7FF   20 6A B4   JSR &B46A
     B802   90 0A      BCC &B80E
.notfound
     B804   68         PLA
     B805   29 02      AND #&02
     B807   F0 02      BEQ &B80B
     B809   38         SEC
     B80A   60         RTS
.notautoload
     B80B   4C 3C 82   JMP &823C
.found
     B80E   68         PLA
     B80F   48         PHA
     B810   29 01      AND #&01
     B812   F0 06      BEQ &B81A
     B814   68         PLA
     B815   A5 B8      LDA &B8
     B817   D0 28      BNE &B841
     B819   60         RTS
.file
     B81A   68         PLA
     B81B   A6 B8      LDX &B8
     B81D   F0 22      BEQ &B841
     B81F   29 02      AND #&02
     B821   F0 02      BEQ &B825
     B823   38         SEC
     B824   60         RTS
.notautoload2
     B825   20 6A 80   JSR &806A
     B828   D6
     B829   49 73 20 ...
     B835   00
     B836   EA         NOP
     B837   60         RTS
.zerolen
     B838   68         PLA
     B839   A5 B2      LDA &B2
     B83B   29 80      AND #&80
     B83D   A8         TAY
     B83E   4C AD B8   JMP &B8AD
.okay
     B841   20 A8 B7   JSR &B7A8
     B844   A0 1A      LDY #&1A
     B846   B1 B0      LDA (&B0),Y
     B848   85 B7      STA &B7
     B84A   C8         INY
     B84B   B1 B0      LDA (&B0),Y
     B84D   85 B8      STA &B8
     B84F   A0 14      LDY #&14
     B851   B1 B0      LDA (&B0),Y
     B853   05 B9      ORA &B9
     B855   85 B9      STA &B9
     B857   A5 CD      LDA &CD
     B859   C9 02      CMP #&02
     B85B   F0 1D      BEQ &B87A
     B85D   49 01      EOR #&01
     B85F   AA         TAX
     B860   A5 B7      LDA &B7
     B862   DD E5 A4   CMP &A4E5,X
     B865   D0 13      BNE &B87A
     B867   A5 B8      LDA &B8
     B869   DD E8 A4   CMP &A4E8,X
     B86C   D0 0C      BNE &B87A
     B86E   A5 B9      LDA &B9
     B870   DD EB A4   CMP &A4EB,X
     B873   D0 05      BNE &B87A
     B875   A0 00      LDY #&00
     B877   20 AF B8   JSR &B8AF
.l1
     B87A   20 1C AB   JSR &AB1C
     B87D   A6 CD      LDX &CD
     B87F   A5 B7      LDA &B7
     B881   9D E5 A4   STA &A4E5,X
     B884   A5 B8      LDA &B8
     B886   9D E8 A4   STA &A4E8,X
     B889   A5 B9      LDA &B9
     B88B   9D EB A4   STA &A4EB,X
     B88E   4C 30 AB   JMP &AB30
.mm32_cmd_dout
     B891   20 38 B6   JSR &B638
     B894   20 61 B6   JSR &B661
     B897   A2 00      LDX #&00
     B899   A5 CD      LDA &CD
     B89B   0A         ASL A
     B89C   0A         ASL A
     B89D   0A         ASL A
     B89E   0A         ASL A
     B89F   A8         TAY
     B8A0   A9 20      LDA #&20
.s0
     B8A2   99 C0 A5   STA &A5C0,Y
     B8A5   E8         INX
     B8A6   C8         INY
     B8A7   E0 10      CPX #&10
     B8A9   D0 F7      BNE &B8A2
     B8AB   A0 00      LDY #&00
.mm32_clear_cluster_index
     B8AD   A6 CD      LDX &CD
.mm32_clear_cluster_index_x
     B8AF   20 1C AB   JSR &AB1C
     B8B2   A9 00      LDA #&00
     B8B4   9D E5 A4   STA &A4E5,X
     B8B7   9D E8 A4   STA &A4E8,X
     B8BA   98         TYA
     B8BB   9D EB A4   STA &A4EB,X
     B8BE   4C 30 AB   JMP &AB30
.mm32_cmd_ddrive
     B8C1   A0 00      LDY #&00
.l1
     B8C3   98         TYA
     B8C4   48         PHA
     B8C5   A9 3A      LDA #&3A
     B8C7   20 EE FF   JSR &FFEE
     B8CA   68         PLA
     B8CB   48         PHA
     B8CC   18         CLC
     B8CD   69 30      ADC #&30
     B8CF   20 EE FF   JSR &FFEE
     B8D2   A9 20      LDA #&20
     B8D4   20 EE FF   JSR &FFEE
     B8D7   68         PLA
     B8D8   48         PHA
     B8D9   0A         ASL A
     B8DA   0A         ASL A
     B8DB   0A         ASL A
     B8DC   0A         ASL A
     B8DD   AA         TAX
     B8DE   A0 00      LDY #&00
     B8E0   BD C0 A5   LDA &A5C0,X
     B8E3   C9 02      CMP #&02
     B8E5   D0 1C      BNE &B903
     B8E7   E8         INX
.l2
     B8E8   BD C0 A5   LDA &A5C0,X
     B8EB   C9 02      CMP #&02
     B8ED   F0 09      BEQ &B8F8
     B8EF   20 EE FF   JSR &FFEE
     B8F2   E8         INX
     B8F3   C8         INY
     B8F4   C0 10      CPY #&10
     B8F6   D0 F0      BNE &B8E8
.s1
     B8F8   20 79 83   JSR &8379
     B8FB   68         PLA
     B8FC   A8         TAY
     B8FD   C8         INY
     B8FE   C0 02      CPY #&02
     B900   D0 C1      BNE &B8C3
     B902   60         RTS
.empty
     B903   20 97 80   JSR &8097
     B906   3C 45 6D ...
     B90D   EA         NOP
     B90E   4C F8 B8   JMP &B8F8
.mm32_cmd_daccess
     B911   A9 80      LDA #&80
     B913   20 3A B6   JSR &B63A
     B916   38         SEC
     B917   20 7B B6   JSR &B67B
     B91A   A2 01      LDX #&01
     B91C   20 BF 81   JSR &81BF
     B91F   D0 14      BNE &B935
.gotflag
     B921   86 AA      STX &AA
     B923   20 6A B4   JSR &B46A
     B926   A9 86      LDA #&86
     B928   20 F4 FF   JSR &FFF4
     B92B   E0 00      CPX #&00
     B92D   F0 03      BEQ &B932
     B92F   20 79 83   JSR &8379
.dcEven
     B932   60         RTS
.parmloop
     B933   A2 02      LDX #&02
.getparm
     B935   20 A4 81   JSR &81A4
     B938   B0 E7      BCS &B921
     B93A   29 5F      AND #&5F
     B93C   C9 4C      CMP #&4C
     B93E   F0 F3      BEQ &B933
.errbadparm
     B940   20 50 80   JSR &8050
     B943   CF
     B944   61 74 74 ...
     B94D   00
.mm32_cmd_drename
     B94E   A9 81      LDA #&81
     B950   20 3A B6   JSR &B63A
     B953   18         CLC
     B954   20 7B B6   JSR &B67B
     B957   20 F9 B6   JSR &B6F9
     B95A   18         CLC
     B95B   20 7B B6   JSR &B67B
     B95E   20 8A B9   JSR &B98A
     B961   90 16      BCC &B979
     B963   A9 00      LDA #&00
     B965   85 AA      STA &AA
     B967   20 6A B4   JSR &B46A
     B96A   90 10      BCC &B97C
     B96C   20 F9 B6   JSR &B6F9
     B96F   A9 03      LDA #&03
     B971   85 AA      STA &AA
     B973   20 6A B4   JSR &B46A
     B976   B0 0F      BCS &B987
     B978   60         RTS
.badname
     B979   4C 80 81   JMP &8180
.destexists
     B97C   20 5A 80   JSR &805A
     B97F   C4
     B980   45 78 69 ...
     B986   00
.notfound
     B987   4C 3C 82   JMP &823C
.mm32_check_filename
     B98A   AD 10 A4   LDA &A410
     B98D   C9 02      CMP #&02
     B98F   D0 2B      BNE &B9BC
     B991   AD 11 A4   LDA &A411
     B994   C9 2E      CMP #&2E
     B996   F0 24      BEQ &B9BC
     B998   A2 01      LDX #&01
     B99A   86 BA      STX &BA
.checknameloop
     B99C   BD 10 A4   LDA &A410,X
     B99F   E8         INX
     B9A0   E0 11      CPX #&11
     B9A2   F0 18      BEQ &B9BC
     B9A4   C9 02      CMP #&02
     B9A6   F0 15      BEQ &B9BD
     B9A8   C9 2E      CMP #&2E
     B9AA   D0 04      BNE &B9B0
     B9AC   C6 BA      DEC &BA
     B9AE   30 0C      BMI &B9BC
.notdot
     B9B0   A0 0E      LDY #&0E
.checkcharloop
     B9B2   D9 BD B9   CMP &B9BD,Y
     B9B5   F0 05      BEQ &B9BC
     B9B7   88         DEY
     B9B8   D0 F8      BNE &B9B2
     B9BA   F0 E0      BEQ &B99C
.badname
     B9BC   18         CLC
.checknameend
     B9BD   60         RTS
.invalid_chars
     B9BE   22
     B9BF   2A
     B9C0   2B
     B9C1   2C
     B9C2   2F
     B9C3   3A
     B9C4   3B
     B9C5   3C
     B9C6   3D
     B9C7   3E
     B9C8   3F
     B9C9   5B
     B9CA   5C
     B9CB   5D
.invalid_chars_end
.mm32_disk_seek_sector
     B9CC   8C A5 A4   STY &A4A5
     B9CF   8D A4 A4   STA &A4A4
     B9D2   A5 CD      LDA &CD
     B9D4   29 01      AND #&01
     B9D6   A8         TAY
     B9D7   20 50 B3   JSR &B350
     B9DA   70 0B      BVS &B9E7
     B9DC   24 C2      BIT &C2
     B9DE   A5 CD      LDA &CD
     B9E0   6A         ROR A
     B9E1   6A         ROR A
     B9E2   90 04      BCC &B9E8
     B9E4   70 02      BVS &B9E8
.l1
     B9E6   B8         CLV
.l2
     B9E7   60         RTS
.l3
     B9E8   50 05      BVC &B9EF
     B9EA   2E A5 A4   ROL &A4A5
     B9ED   B0 F7      BCS &B9E6
.l4
     B9EF   AC A5 A4   LDY &A4A5
     B9F2   F0 04      BEQ &B9F8
.loop1
     B9F4   A2 04      LDX #&04
     B9F6   D0 08      BNE &BA00
.l5
     B9F8   AD A4 A4   LDA &A4A4
     B9FB   4A         LSR A
     B9FC   F0 11      BEQ &BA0F
     B9FE   AA         TAX
     B9FF   CA         DEX
.loop2
     BA00   20 84 B3   JSR &B384
     BA03   B0 E1      BCS &B9E6
     BA05   CA         DEX
     BA06   10 F8      BPL &BA00
     BA08   88         DEY
     BA09   F0 ED      BEQ &B9F8
     BA0B   C0 FF      CPY #&FF
     BA0D   D0 E5      BNE &B9F4
.l6
     BA0F   20 48 BA   JSR &BA48
     BA12   B0 D2      BCS &B9E6
     BA14   6E A4 A4   ROR &A4A4
     BA17   90 02      BCC &BA1B
     BA19   E6 BE      INC &BE
.l7
     BA1B   0E A4 A4   ASL &A4A4
     BA1E   B8         CLV
     BA1F   18         CLC
     BA20   60         RTS
.mm32_disk_next_sector
     BA21   20 1B 84   JSR &841B
     BA24   A0 01      LDY #&01
     BA26   AE A4 A4   LDX &A4A4
     BA29   E8         INX
     BA2A   E8         INX
     BA2B   E0 0A      CPX #&0A
     BA2D   D0 0E      BNE &BA3D
     BA2F   A2 00      LDX #&00
     BA31   EE A5 A4   INC &A4A5
     BA34   24 C2      BIT &C2
     BA36   50 05      BVC &BA3D
     BA38   A0 06      LDY #&06
     BA3A   EE A5 A4   INC &A4A5
.l1
     BA3D   8E A4 A4   STX &A4A4
.loop1
     BA40   20 84 B3   JSR &B384
     BA43   B0 47      BCS &BA8C
     BA45   88         DEY
     BA46   D0 F8      BNE &BA40
.mm32_SECT_X_Address
     BA48   A2 02      LDX #&02
.loop1
     BA4A   B5 C8      LDA &C8,X
     BA4C   95 BE      STA &BE,X
     BA4E   CA         DEX
     BA4F   10 F9      BPL &BA4A
     BA51   AD E4 A4   LDA &A4E4
.loop2
     BA54   4A         LSR A
     BA55   B0 09      BCS &BA60
     BA57   06 BE      ASL &BE
     BA59   26 BF      ROL &BF
     BA5B   26 C0      ROL &C0
     BA5D   90 F5      BCC &BA54
     BA5F   60         RTS
.l3
     BA60   18         CLC
     BA61   A5 BE      LDA &BE
     BA63   6D E2 A4   ADC &A4E2
     BA66   85 BE      STA &BE
     BA68   A5 BF      LDA &BF
     BA6A   6D E3 A4   ADC &A4E3
     BA6D   85 BF      STA &BF
     BA6F   90 02      BCC &BA73
     BA71   E6 C0      INC &C0
.l4
     BA73   38         SEC
     BA74   AD E4 A4   LDA &A4E4
     BA77   E5 CB      SBC &CB
     BA79   18         CLC
     BA7A   65 BE      ADC &BE
     BA7C   85 BE      STA &BE
     BA7E   90 06      BCC &BA86
     BA80   E6 BF      INC &BF
     BA82   D0 02      BNE &BA86
     BA84   E6 C0      INC &C0
.l5
.mm32_lba_to_256
     BA86   06 BE      ASL &BE
     BA88   26 BF      ROL &BF
     BA8A   26 C0      ROL &C0
.l2rts
     BA8C   60         RTS
.mm32_MMC_error
     BA8D   85 B0      STA &B0
     BA8F   20 5A 80   JSR &805A
     BA92   C5
     BA93   4D 4D 43 ...
     BA97   EA         NOP
     BA98   68         PLA
     BA99   85 B8      STA &B8
     BA9B   68         PLA
     BA9C   85 B9      STA &B9
     BA9E   A0 00      LDY #&00
     BAA0   8C AF A4   STY &A4AF
.loop1
     BAA3   C8         INY
     BAA4   B1 B8      LDA (&B8),Y
     BAA6   F0 05      BEQ &BAAD
     BAA8   20 CB BA   JSR &BACB
     BAAB   D0 F6      BNE &BAA3
.l1
     BAAD   A8         TAY
     BAAE   A5 B0      LDA &B0
     BAB0   20 8A 8C   JSR &8C8A
     BAB3   A9 2F      LDA #&2F
     BAB5   20 CB BA   JSR &BACB
.loop2
     BAB8   B9 89 A4   LDA &A489,Y
     BABB   20 8A 8C   JSR &8C8A
     BABE   C8         INY
     BABF   C0 04      CPY #&04
     BAC1   D0 F5      BNE &BAB8
     BAC3   A9 00      LDA #&00
     BAC5   9D 00 01   STA &0100,X
     BAC8   4C 00 01   JMP &0100
.mm32_PrintChr100
     BACB   9D 00 01   STA &0100,X
     BACE   E8         INX
     BACF   60         RTS
.Osword7F_8271_Emulation
     BAD0   A0 06      LDY #&06
     BAD2   B1 B0      LDA (&B0),Y
     BAD4   A2 10      LDX #&10
.loop1
     BAD6   DD 35 BC   CMP &BC35,X
     BAD9   F0 05      BEQ &BAE0
     BADB   CA         DEX
     BADC   10 F8      BPL &BAD6
     BADE   30 0F      BMI &BAEF
.l2
     BAE0   20 12 BB   JSR &BB12
     BAE3   48         PHA
     BAE4   A0 05      LDY #&05
     BAE6   B1 B0      LDA (&B0),Y
     BAE8   18         CLC
     BAE9   69 07      ADC #&07
     BAEB   A8         TAY
     BAEC   68         PLA
     BAED   91 B0      STA (&B0),Y
.l3
     BAEF   A9 00      LDA #&00
     BAF1   60         RTS
.spec_reg
     BAF2   A0 07      LDY #&07
     BAF4   B1 B0      LDA (&B0),Y
     BAF6   C9 06      CMP #&06
     BAF8   D0 04      BNE &BAFE
     BAFA   AD A4 A4   LDA &A4A4
     BAFD   60         RTS
.l1
     BAFE   C9 12      CMP #&12
     BB00   D0 09      BNE &BB0B
.l2
     BB02   AD A5 A4   LDA &A4A5
     BB05   24 C2      BIT &C2
     BB07   50 01      BVC &BB0A
     BB09   4A         LSR A
.l3
     BB0A   60         RTS
.l4
     BB0B   C9 1A      CMP #&1A
     BB0D   F0 F3      BEQ &BB02
     BB0F   A9 00      LDA #&00
     BB11   60         RTS
.ow7f_1
     BB12   BD 45 BC   LDA &BC45,X
     BB15   F0 DB      BEQ &BAF2
     BB17   48         PHA
     BB18   88         DEY
     BB19   29 0F      AND #&0F
     BB1B   D1 B0      CMP (&B0),Y
     BB1D   D0 27      BNE &BB46
     BB1F   20 87 B1   JSR &B187
     BB22   68         PLA
     BB23   85 C7      STA &C7
     BB25   A0 0B      LDY #&0B
.loop1
     BB27   B1 B0      LDA (&B0),Y
     BB29   99 BB 00   STA &00BB,Y
     BB2C   C0 05      CPY #&05
     BB2E   B0 03      BCS &BB33
     BB30   99 A9 A4   STA &A4A9,Y
.l0
     BB33   88         DEY
     BB34   D0 F1      BNE &BB27
     BB36   B1 B0      LDA (&B0),Y
     BB38   30 03      BMI &BB3D
     BB3A   20 DB 8B   JSR &8BDB
.l1
     BB3D   20 50 BB   JSR &BB50
     BB40   48         PHA
     BB41   20 DA B1   JSR &B1DA
     BB44   68         PLA
     BB45   60         RTS
.owfault
     BB46   68         PLA
     BB47   A9 FF      LDA #&FF
     BB49   60         RTS
.owdrvnotrdy
     BB4A   A9 10      LDA #&10
     BB4C   60         RTS
.ownosector
     BB4D   A9 1E      LDA #&1E
     BB4F   60         RTS
.ow7f_2
     BB50   A9 10      LDA #&10
     BB52   24 C7      BIT &C7
     BB54   D0 04      BNE &BB5A
     BB56   10 33      BPL &BB8B
     BB58   30 23      BMI &BB7D
.l10
     BB5A   A5 C2      LDA &C2
     BB5C   0A         ASL A
     BB5D   85 BE      STA &BE
     BB5F   A5 C3      LDA &C3
     BB61   2A         ROL A
     BB62   85 BF      STA &BF
     BB64   A5 C4      LDA &C4
     BB66   30 E5      BMI &BB4D
     BB68   2A         ROL A
     BB69   85 C0      STA &C0
     BB6B   A5 C5      LDA &C5
     BB6D   0A         ASL A
     BB6E   85 C4      STA &C4
     BB70   B0 DB      BCS &BB4D
     BB72   A9 00      LDA #&00
     BB74   85 C5      STA &C5
     BB76   85 C6      STA &C6
     BB78   26 C7      ROL &C7
     BB7A   4C EB BB   JMP &BBEB
.l11
     BB7D   A5 C6      LDA &C6
     BB7F   F0 27      BEQ &BBA8
     BB81   E6 C4      INC &C4
     BB83   D0 23      BNE &BBA8
     BB85   E6 C5      INC &C5
     BB87   D0 1F      BNE &BBA8
     BB89   F0 C2      BEQ &BB4D
.l0
     BB8B   A5 C4      LDA &C4
     BB8D   50 02      BVC &BB91
     BB8F   A9 0A      LDA #&0A
.l1
     BB91   29 1F      AND #&1F
     BB93   85 C4      STA &C4
     BB95   70 07      BVS &BB9E
     BB97   18         CLC
     BB98   65 C3      ADC &C3
     BB9A   C9 0B      CMP #&0B
     BB9C   B0 AF      BCS &BB4D
.l2
     BB9E   A9 00      LDA #&00
     BBA0   85 C5      STA &C5
     BBA2   85 C6      STA &C6
     BBA4   50 02      BVC &BBA8
     BBA6   85 C3      STA &C3
.l3
     BBA8   A5 C3      LDA &C3
     BBAA   C9 0A      CMP #&0A
     BBAC   B0 9F      BCS &BB4D
.l4
     BBAE   A4 C2      LDY &C2
     BBB0   20 CC B9   JSR &B9CC
     BBB3   70 95      BVS &BB4A
     BBB5   B0 96      BCS &BB4D
     BBB7   26 C7      ROL &C7
     BBB9   24 C7      BIT &C7
     BBBB   50 07      BVC &BBC4
     BBBD   24 C2      BIT &C2
     BBBF   10 03      BPL &BBC4
     BBC1   A9 12      LDA #&12
     BBC3   60         RTS
.l5
     BBC4   24 C7      BIT &C7
     BBC6   30 40      BMI &BC08
     BBC8   66 C3      ROR &C3
     BBCA   B0 1F      BCS &BBEB
     BBCC   A5 C4      LDA &C4
     BBCE   C9 02      CMP #&02
     BBD0   D0 19      BNE &BBEB
     BBD2   A5 BD      LDA &BD
     BBD4   C9 A2      CMP #&A2
     BBD6   D0 13      BNE &BBEB
     BBD8   AD AC A4   LDA &A4AC
     BBDB   2D AD A4   AND &A4AD
     BBDE   0D D6 A4   ORA &A4D6
     BBE1   49 FF      EOR #&FF
     BBE3   05 BC      ORA &BC
     BBE5   05 C5      ORA &C5
     BBE7   05 C6      ORA &C6
     BBE9   F0 2F      BEQ &BC1A
.l6
     BBEB   24 C7      BIT &C7
     BBED   70 13      BVS &BC02
     BBEF   20 0E B0   JSR &B00E
.l7
     BBF2   AD AE A4   LDA &A4AE
     BBF5   F0 03      BEQ &BBFA
     BBF7   20 6E 8C   JSR &8C6E
.l8
     BBFA   2C A6 A4   BIT &A4A6
     BBFD   30 33      BMI &BC32
.OK
     BBFF   A9 00      LDA #&00
     BC01   60         RTS
.l9
     BC02   20 C4 B0   JSR &B0C4
     BC05   4C F2 BB   JMP &BBF2
.vform
     BC08   A0 FF      LDY #&FF
     BC0A   8C 82 A4   STY &A482
     BC0D   50 0B      BVC &BC1A
     BC0F   C8         INY
     BC10   98         TYA
.floop
     BC11   99 00 A2   STA &A200,Y
     BC14   99 00 A3   STA &A300,Y
     BC17   C8         INY
     BC18   D0 F7      BNE &BC11
.cat
.loop
     BC1A   24 C7      BIT &C7
     BC1C   70 06      BVS &BC24
     BC1E   20 BF AF   JSR &AFBF
     BC21   4C 27 BC   JMP &BC27
.k1
     BC24   20 D6 AF   JSR &AFD6
.k2
     BC27   C6 C4      DEC &C4
     BC29   C6 C4      DEC &C4
     BC2B   F0 D2      BEQ &BBFF
     BC2D   20 21 BA   JSR &BA21
     BC30   90 E8      BCC &BC1A
.ownosector2
     BC32   A9 1E      LDA #&1E
     BC34   60         RTS
.owtable1
     BC35   7D
     BC36   4A
     BC37   4B
     BC38   4C
     BC39   4E
     BC3A   4F
     BC3B   52
     BC3C   53
     BC3D   54
     BC3E   56
     BC3F   57
     BC40   5E
     BC41   5F
     BC42   63
     BC43   A5
     BC44   85
.owtable2
     BC45   00
     BC46   23
     BC47   23
     BC48   34
     BC49   23
     BC4A   23
     BC4B   03
     BC4C   03
     BC4D   14
     BC4E   03
     BC4F   03
     BC50   45
     BC51   43
     BC52   65
     BC53   A5
     BC54   85
Processed file 'MM32.asm' ok
Including file ROMS.asm
.CMD_ROMS
     BC55   20 6D BD   JSR &BD6D
     BC58   85 A8      STA &A8
     BC5A   A9 0F      LDA #&0F
     BC5C   85 AA      STA &AA
     BC5E   20 60 BD   JSR &BD60
     BC61   38         SEC
     BC62   20 C2 FF   JSR &FFC2
     BC65   84 AB      STY &AB
     BC67   18         CLC
     BC68   F0 1B      BEQ &BC85
.loopROMnumbers
     BC6A   20 3B 84   JSR &843B
     BC6D   B0 16      BCS &BC85
     BC6F   E0 10      CPX #&10
     BC71   B0 F7      BCS &BC6A
     BC73   8A         TXA
     BC74   84 AB      STY &AB
     BC76   85 AA      STA &AA
     BC78   20 D9 BC   JSR &BCD9
     BC7B   A4 AB      LDY &AB
     BC7D   20 BF 81   JSR &81BF
     BC80   84 AB      STY &AB
     BC82   D0 E6      BNE &BC6A
     BC84   60         RTS
.Label_A9FF_notnum
     BC85   66 A8      ROR &A8
.Label_AA01_loop
     BC87   24 A8      BIT &A8
     BC89   10 05      BPL &BC90
     BC8B   20 98 BC   JSR &BC98
     BC8E   90 03      BCC &BC93
.Label_AA0A
     BC90   20 D9 BC   JSR &BCD9
.Label_AA0D_nomatch
     BC93   C6 AA      DEC &AA
     BC95   10 F0      BPL &BC87
     BC97   60         RTS
.Sub_AA12_titlecmp
     BC98   A9 09      LDA #&09
     BC9A   85 F6      STA &F6
     BC9C   A9 80      LDA #&80
     BC9E   85 F7      STA &F7
     BCA0   A4 AB      LDY &AB
.Label_AA1C_loop
     BCA2   B1 F2      LDA (&F2),Y
     BCA4   C9 0D      CMP #&0D
     BCA6   F0 22      BEQ &BCCA
     BCA8   C9 22      CMP #&22
     BCAA   F0 1E      BEQ &BCCA
     BCAC   C8         INY
     BCAD   C9 2A      CMP #&2A
     BCAF   F0 26      BEQ &BCD7
     BCB1   20 0D 83   JSR &830D
     BCB4   85 AE      STA &AE
     BCB6   20 52 BD   JSR &BD52
     BCB9   F0 0D      BEQ &BCC8
     BCBB   A6 AE      LDX &AE
     BCBD   E0 23      CPX #&23
     BCBF   F0 E1      BEQ &BCA2
     BCC1   20 0D 83   JSR &830D
     BCC4   C5 AE      CMP &AE
     BCC6   F0 DA      BEQ &BCA2
.Label_AA42_nomatch
     BCC8   18         CLC
     BCC9   60         RTS
.Label_AA44
     BCCA   20 52 BD   JSR &BD52
     BCCD   F0 08      BEQ &BCD7
     BCCF   C9 20      CMP #&20
     BCD1   F0 F7      BEQ &BCCA
     BCD3   C9 0D      CMP #&0D
     BCD5   D0 F1      BNE &BCC8
.Label_AA51_match
     BCD7   38         SEC
     BCD8   60         RTS
.Label_AA53_RomInfo
     BCD9   A4 AA      LDY &AA
     BCDB   B1 AC      LDA (&AC),Y
     BCDD   F0 E9      BEQ &BCC8
     BCDF   48         PHA
     BCE0   20 97 80   JSR &8097
     BCE3   52 6F 6D ...
     BCE7   98         TYA
     BCE8   20 F6 80   JSR &80F6
     BCEB   20 97 80   JSR &8097
     BCEE   20 3A 20 
     BCF1   A9 28      LDA #&28
     BCF3   20 DA 80   JSR &80DA
     BCF6   68         PLA
     BCF7   48         PHA
     BCF8   30 04      BMI &BCFE
     BCFA   A0 20      LDY #&20
     BCFC   D0 02      BNE &BD00
.Label_AA78
     BCFE   A0 53      LDY #&53
.Label_AA7A
     BD00   98         TYA
     BD01   20 DA 80   JSR &80DA
     BD04   68         PLA
     BD05   A0 20      LDY #&20
     BD07   0A         ASL A
     BD08   10 02      BPL &BD0C
     BD0A   A0 4C      LDY #&4C
.Label_AA86
     BD0C   98         TYA
     BD0D   20 DA 80   JSR &80DA
     BD10   A9 29      LDA #&29
     BD12   20 DA 80   JSR &80DA
     BD15   20 1A 81   JSR &811A
     BD18   20 20 BD   JSR &BD20
     BD1B   20 79 83   JSR &8379
     BD1E   38         SEC
     BD1F   60         RTS
.Label_AA9A_PrtRomTitle
     BD20   A9 07      LDA #&07
     BD22   85 F6      STA &F6
     BD24   A9 80      LDA #&80
     BD26   85 F7      STA &F7
     BD28   20 52 BD   JSR &BD52
     BD2B   85 AE      STA &AE
     BD2D   E6 F6      INC &F6
     BD2F   A0 1E      LDY #&1E
     BD31   20 45 BD   JSR &BD45
     BD34   B0 1B      BCS &BD51
     BD36   20 1A 81   JSR &811A
     BD39   90 09      BCC &BD44
.Label_AAB8_loop
     BD3B   C9 20      CMP #&20
     BD3D   B0 02      BCS &BD41
     BD3F   A9 20      LDA #&20
.Label_AABE
     BD41   20 DA 80   JSR &80DA
.DEY_Sub_AAC2_PrintRomStr
     BD44   88         DEY
.Sub_AAC2_PrintRomStr
     BD45   A5 F6      LDA &F6
     BD47   C5 AE      CMP &AE
     BD49   B0 06      BCS &BD51
     BD4B   20 52 BD   JSR &BD52
     BD4E   D0 EB      BNE &BD3B
     BD50   18         CLC
.Label_AACE_rts
     BD51   60         RTS
.Sub_AACF_ReadRom
     BD52   98         TYA
     BD53   48         PHA
     BD54   A4 AA      LDY &AA
     BD56   20 B9 FF   JSR &FFB9
     BD59   E6 F6      INC &F6
     BD5B   AA         TAX
     BD5C   68         PLA
     BD5D   A8         TAY
     BD5E   8A         TXA
     BD5F   60         RTS
.Sub_AADD_RomTablePtrBA
     BD60   20 1B 84   JSR &841B
     BD63   A9 AA      LDA #&AA
     BD65   20 6D 93   JSR &936D
     BD68   86 AC      STX &AC
     BD6A   84 AD      STY &AD
     BD6C   60         RTS
.Sub_AAEA_StackAZero
     BD6D   BA         TSX
     BD6E   A9 00      LDA #&00
     BD70   9D 07 01   STA &0107,X
     BD73   60         RTS
Processed file 'ROMS.asm' ok
Including file Utilities.asm
.CMD_DUMP
     BD74   A9 40      LDA #&40
     BD76   20 73 BE   JSR &BE73
     BD79   A9 00      LDA #&00
     BD7B   48         PHA
     BD7C   AA         TAX
     BD7D   F0 06      BEQ &BD85
.dump_inc_address
     BD7F   69 08      ADC #&08
     BD81   48         PHA
     BD82   90 01      BCC &BD85
     BD84   E8         INX
.dump_loop
     BD85   8A         TXA
     BD86   20 09 81   JSR &8109
     BD89   68         PLA
     BD8A   48         PHA
     BD8B   20 09 81   JSR &8109
     BD8E   8A         TXA
     BD8F   48         PHA
     BD90   20 1A 81   JSR &811A
     BD93   A2 07      LDX #&07
.dump_getbytes_loop
     BD95   20 D7 FF   JSR &FFD7
     BD98   B0 0B      BCS &BDA5
     BD9A   95 A8      STA &A8,X
     BD9C   20 09 81   JSR &8109
     BD9F   20 1A 81   JSR &811A
     BDA2   CA         DEX
     BDA3   10 F0      BPL &BD95
.dump_eof
     BDA5   08         PHP
     BDA6   90 12      BCC &BDBA
.dump_padnum_loop
     BDA8   A9 2A      LDA #&2A
     BDAA   20 EE FF   JSR &FFEE
     BDAD   20 EE FF   JSR &FFEE
     BDB0   20 1A 81   JSR &811A
     BDB3   A9 00      LDA #&00
     BDB5   95 A8      STA &A8,X
     BDB7   CA         DEX
     BDB8   10 EE      BPL &BDA8
.dump_noteof
     BDBA   A2 07      LDX #&07
.dump_chr_loop
     BDBC   B5 A8      LDA &A8,X
     BDBE   29 7F      AND #&7F
     BDC0   C9 7F      CMP #&7F
     BDC2   F0 04      BEQ &BDC8
     BDC4   C9 20      CMP #&20
     BDC6   B0 02      BCS &BDCA
.showchrdot
     BDC8   A9 2E      LDA #&2E
.showchrexit
     BDCA   20 EE FF   JSR &FFEE
     BDCD   CA         DEX
     BDCE   10 EC      BPL &BDBC
     BDD0   20 E7 FF   JSR &FFE7
     BDD3   28         PLP
     BDD4   68         PLA
     BDD5   AA         TAX
     BDD6   68         PLA
     BDD7   24 FF      BIT &FF
     BDD9   30 3A      BMI &BE15
     BDDB   90 A2      BCC &BD7F
     BDDD   B0 31      BCS &BE10
.CMD_TYPE
     BDDF   A9 00      LDA #&00
     BDE1   F0 02      BEQ &BDE5
.CMD_LIST
     BDE3   A9 FF      LDA #&FF
.type
     BDE5   85 AA      STA &AA
     BDE7   A9 40      LDA #&40
     BDE9   20 73 BE   JSR &BE73
     BDEC   A9 0D      LDA #&0D
.list_loop_entry
     BDEE   25 AA      AND &AA
     BDF0   49 0D      EOR #&0D
     BDF2   AA         TAX
.list_loop
     BDF3   20 D7 FF   JSR &FFD7
     BDF6   B0 15      BCS &BE0D
     BDF8   C9 0A      CMP #&0A
     BDFA   F0 F7      BEQ &BDF3
     BDFC   48         PHA
     BDFD   8A         TXA
     BDFE   D0 03      BNE &BE03
     BE00   20 A4 BE   JSR &BEA4
.list_skiplineno
     BE03   68         PLA
     BE04   20 E3 FF   JSR &FFE3
     BE07   24 FF      BIT &FF
     BE09   30 0A      BMI &BE15
     BE0B   10 E1      BPL &BDEE
.list_eof
     BE0D   20 E7 FF   JSR &FFE7
.Utils_CloseFile_Yhandle
     BE10   A9 00      LDA #&00
     BE12   4C CE FF   JMP &FFCE
.Utils_ESCAPE_CloseFileY
     BE15   20 10 BE   JSR &BE10
     BE18   4C 7A 8C   JMP &8C7A
.CMD_BUILD
     BE1B   A9 80      LDA #&80
     BE1D   20 73 BE   JSR &BE73
.loop_newline
     BE20   20 A4 BE   JSR &BEA4
     BE23   A2 00      LDX #&00
.loop_line
     BE25   20 E0 FF   JSR &FFE0
     BE28   B0 EB      BCS &BE15
     BE2A   C9 15      CMP #&15
     BE2C   F0 11      BEQ &BE3F
     BE2E   C9 7F      CMP #&7F
     BE30   F0 14      BEQ &BE46
     BE32   20 E3 FF   JSR &FFE3
     BE35   20 D4 FF   JSR &FFD4
     BE38   E8         INX
     BE39   C9 0D      CMP #&0D
     BE3B   D0 E8      BNE &BE25
     BE3D   F0 E1      BEQ &BE20
.clearline
     BE3F   20 4C BE   JSR &BE4C
     BE42   D0 FB      BNE &BE3F
     BE44   F0 DF      BEQ &BE25
.subpointer
     BE46   20 4C BE   JSR &BE4C
     BE49   4C 25 BE   JMP &BE25
.fpdec
     BE4C   8A         TXA
     BE4D   F0 23      BEQ &BE72
     BE4F   48         PHA
     BE50   A9 7F      LDA #&7F
     BE52   20 EE FF   JSR &FFEE
     BE55   A9 00      LDA #&00
     BE57   A2 AA      LDX #&AA
     BE59   20 DA FF   JSR &FFDA
     BE5C   A5 AA      LDA &AA
     BE5E   D0 08      BNE &BE68
     BE60   A5 AB      LDA &AB
     BE62   D0 02      BNE &BE66
     BE64   C6 AC      DEC &AC
.decmsb
     BE66   C6 AB      DEC &AB
.declsb
     BE68   C6 AA      DEC &AA
.fpdecdone
     BE6A   A9 03      LDA #&03
     BE6C   20 DA FF   JSR &FFDA
     BE6F   68         PLA
     BE70   AA         TAX
     BE71   CA         DEX
.fpdecrts
     BE72   60         RTS
.Utils_FilenameAtXY
     BE73   85 AF      STA &AF
     BE75   BA         TSX
     BE76   A9 00      LDA #&00
     BE78   9D 07 01   STA &0107,X
     BE7B   85 A8      STA &A8
     BE7D   85 A9      STA &A9
     BE7F   88         DEY
.utils_skipspcloop
     BE80   C8         INY
     BE81   B1 F2      LDA (&F2),Y
     BE83   C9 20      CMP #&20
     BE85   F0 F9      BEQ &BE80
     BE87   C9 0D      CMP #&0D
     BE89   D0 03      BNE &BE8E
     BE8B   4C F7 99   JMP &99F7
.utils_notnullstr
     BE8E   98         TYA
     BE8F   18         CLC
     BE90   65 F2      ADC &F2
     BE92   AA         TAX
     BE93   A5 F3      LDA &F3
     BE95   69 00      ADC #&00
     BE97   A8         TAY
     BE98   A5 AF      LDA &AF
     BE9A   20 CE FF   JSR &FFCE
     BE9D   F0 02      BEQ &BEA1
     BE9F   A8         TAY
     BEA0   60         RTS
.utils_filenotfound
     BEA1   4C 3C 82   JMP &823C
.Utils_PrintLineNoA8
     BEA4   20 73 AC   JSR &AC73
     BEA7   20 09 81   JSR &8109
     BEAA   A5 A8      LDA &A8
     BEAC   20 09 81   JSR &8109
     BEAF   4C 1A 81   JMP &811A
Processed file 'Utilities.asm' ok
.Init12K
     BEB2   08         PHP
     BEB3   48         PHA
     BEB4   8A         TXA
     BEB5   48         PHA
     BEB6   98         TYA
     BEB7   48         PHA
     BEB8   A9 00      LDA #&00
     BEBA   85 B0      STA &B0
     BEBC   A9 7F      LDA #&7F
     BEBE   85 B1      STA &B1
     BEC0   A5 F4      LDA &F4
     BEC2   09 80      ORA #&80
     BEC4   AA         TAX
     BEC5   A0 FF      LDY #&FF
     BEC7   D0 09      BNE &BED2
.loop
     BEC9   B1 B0      LDA (&B0),Y
     BECB   86 F4      STX &F4
     BECD   8E 30 FE   STX &FE30
     BED0   91 B0      STA (&B0),Y
.start_loop
     BED2   8A         TXA
     BED3   29 7F      AND #&7F
     BED5   85 F4      STA &F4
     BED7   8D 30 FE   STA &FE30
     BEDA   C8         INY
     BEDB   D0 EC      BNE &BEC9
     BEDD   E6 B1      INC &B1
     BEDF   A5 B1      LDA &B1
     BEE1   C9 B0      CMP #&B0
     BEE3   F0 0A      BEQ &BEEF
     BEE5   C9 A2      CMP #&A2
     BEE7   D0 E0      BNE &BEC9
     BEE9   A9 AB      LDA #&AB
     BEEB   85 B1      STA &B1
     BEED   D0 DA      BNE &BEC9
.done
     BEEF   68         PLA
     BEF0   A8         TAY
     BEF1   68         PLA
     BEF2   AA         TAX
     BEF3   68         PLA
     BEF4   28         PLP
     BEF5   60         RTS
.PageIn12K
     BEF6   08         PHP
     BEF7   48         PHA
     BEF8   A5 F4      LDA &F4
     BEFA   09 80      ORA #&80
     BEFC   85 F4      STA &F4
     BEFE   8D 30 FE   STA &FE30
     BF01   68         PLA
     BF02   28         PLP
     BF03   60         RTS
.PageOut12K
     BF04   08         PHP
     BF05   48         PHA
     BF06   A5 F4      LDA &F4
     BF08   29 7F      AND #&7F
     BF0A   85 F4      STA &F4
     BF0C   8D 30 FE   STA &FE30
     BF0F   68         PLA
     BF10   28         PLP
     BF11   60         RTS
    code ends at&BF12  (560 bytes free )
Saving file 'build/U/SWMMFS+'
Processed file 'mmfs100.asm' ok
Processed file 'top_SWMMFS+.asm' ok
