Including file DEVICE.asm
Processed file 'DEVICE.asm' ok
Including file mmfs100.asm
Including file VERSION.asm
Processed file 'VERSION.asm' ok
Including file SYSVARS.asm
Processed file 'SYSVARS.asm' ok
.langentry
     8000   00         BRK
     8001   00         BRK
     8002   00         BRK
.serventry
     8003   4C DB 8D   JMP &8DDB
.romtype
     8006   82
.copywoffset
     8007   1C
.binversion
     8008   7B
.title
Macro BUILD_NAME:
Macro BASE_NAME:
     8009   45 6C 65 ...
Macro SYSTEM_NAME:
     8012   4D 4D 46 ...
End macro SYSTEM_NAME
End macro BASE_NAME
Macro DEVICE_NAME:
End macro DEVICE_NAME
Macro DFS_EMUL_NAME:
End macro DFS_EMUL_NAME
     8017   00
End macro BUILD_NAME
.version
Macro BUILD_VERSION:
     8018   31 2E 36 ...
     801C   00
End macro BUILD_VERSION
.copyright
Macro BUILD_COPYRIGHT:
     801D   28 43 29 ...
     802B   00
End macro BUILD_COPYRIGHT
.header_end
.Go_FSCV
     802C   6C 1E 02   JMP (&021E)
.SetLEDS
     802F   AD 82 02   LDA &0282
     8032   49 80      EOR #&80
     8034   8D 82 02   STA &0282
     8037   8D 07 FE   STA &FE07
     803A   60         RTS
.ResetLEDS
     803B   20 ED 83   JSR &83ED
     803E   A9 76      LDA #&76
     8040   4C F4 FF   JMP &FFF4
.errDISK
     8043   20 58 80   JSR &8058
     8046   00         BRK
     8047   44 69 73 ...
     804C   90 21      BCC &806F
.errBAD
     804E   20 58 80   JSR &8058
     8051   00         BRK
     8052   42 61 64 ...
     8056   90 17      BCC &806F
.ReportErrorCB
     8058   AD DD 10   LDA &10DD
     805B   D0 03      BNE &8060
     805D   20 87 97   JSR &9787
.brk100_notbuf
     8060   A9 FF      LDA #&FF
     8062   8D 82 10   STA &1082
     8065   8D DD 10   STA &10DD
.ReportError
     8068   A2 02      LDX #&02
     806A   A9 00      LDA #&00
     806C   8D 00 01   STA &0100
.ErrCONTINUE
     806F   20 3B 80   JSR &803B
.ReportError2
     8072   68         PLA
     8073   85 AE      STA &AE
     8075   68         PLA
     8076   85 AF      STA &AF
     8078   A0 00      LDY #&00
     807A   20 E4 83   JSR &83E4
     807D   8D 01 01   STA &0101
     8080   CA         DEX
.errstr_loop
     8081   E8         INX
     8082   20 E4 83   JSR &83E4
     8085   9D 00 01   STA &0100,X
     8088   30 27      BMI &80B1
     808A   D0 F5      BNE &8081
     808C   20 7F 8C   JSR &8C7F
     808F   4C 00 01   JMP &0100
.PrintNibble_PrintString
     8092   20 FC 80   JSR &80FC
.PrintString
     8095   85 B3      STA &B3
     8097   68         PLA
     8098   85 AE      STA &AE
     809A   68         PLA
     809B   85 AF      STA &AF
     809D   A5 B3      LDA &B3
     809F   48         PHA
     80A0   98         TYA
     80A1   48         PHA
     80A2   A0 00      LDY #&00
.prtstr_loop
     80A4   20 E4 83   JSR &83E4
     80A7   30 05      BMI &80AE
     80A9   20 D8 80   JSR &80D8
     80AC   10 F6      BPL &80A4
.prtstr_return1
     80AE   68         PLA
     80AF   A8         TAY
     80B0   68         PLA
.prtstr_return2
     80B1   18         CLC
     80B2   6C AE 00   JMP (&00AE)
.PrintStringSPL
     80B5   85 B3      STA &B3
     80B7   68         PLA
     80B8   85 AE      STA &AE
     80BA   68         PLA
     80BB   85 AF      STA &AF
     80BD   A5 B3      LDA &B3
     80BF   48         PHA
     80C0   98         TYA
     80C1   48         PHA
     80C2   A0 00      LDY #&00
.pstr_loop
     80C4   20 E4 83   JSR &83E4
     80C7   30 E5      BMI &80AE
     80C9   20 E3 FF   JSR &FFE3
     80CC   4C C4 80   JMP &80C4
.PrintSpace
     80CF   A9 20      LDA #&20
     80D1   D0 05      BNE &80D8
.PrintNibFullStop
     80D3   20 FC 80   JSR &80FC
.PrintFullStop
     80D6   A9 2E      LDA #&2E
.PrintChrA
     80D8   20 ED 83   JSR &83ED
     80DB   48         PHA
     80DC   A9 EC      LDA #&EC
     80DE   20 F4 93   JSR &93F4
     80E1   8A         TXA
     80E2   48         PHA
     80E3   09 10      ORA #&10
     80E5   AA         TAX
     80E6   20 EF 80   JSR &80EF
     80E9   68         PLA
     80EA   AA         TAX
     80EB   68         PLA
     80EC   20 E3 FF   JSR &FFE3
.osbyte03_Xoutstream
     80EF   A9 03      LDA #&03
     80F1   4C F4 FF   JMP &FFF4
.PrintHex
     80F4   48         PHA
     80F5   20 19 82   JSR &8219
     80F8   20 FC 80   JSR &80FC
     80FB   68         PLA
.PrintNibble
     80FC   20 1E 81   JSR &811E
     80FF   D0 D7      BNE &80D8
.PrintBCDSPL
     8101   20 25 84   JSR &8425
.PrintHexSPL
     8104   48         PHA
     8105   20 19 82   JSR &8219
     8108   20 0C 81   JSR &810C
     810B   68         PLA
.PrintNibbleSPL
     810C   20 1E 81   JSR &811E
     810F   4C EE FF   JMP &FFEE
.Print2SpacesSPL
     8112   20 15 81   JSR &8115
.PrintSpaceSPL
     8115   48         PHA
     8116   A9 20      LDA #&20
     8118   20 EE FF   JSR &FFEE
     811B   68         PLA
     811C   18         CLC
     811D   60         RTS
.NibToASC
     811E   29 0F      AND #&0F
     8120   C9 0A      CMP #&0A
     8122   90 02      BCC &8126
     8124   69 06      ADC #&06
.nibasc
     8126   69 30      ADC #&30
     8128   60         RTS
.CopyVarsB0BA
     8129   20 39 81   JSR &8139
     812C   CA         DEX
     812D   CA         DEX
     812E   20 31 81   JSR &8131
.cpybyte1
     8131   B1 B0      LDA (&B0),Y
     8133   9D 72 10   STA &1072,X
     8136   E8         INX
     8137   C8         INY
     8138   60         RTS
.CopyWordB0BA
     8139   20 3C 81   JSR &813C
.cpybyte2
     813C   B1 B0      LDA (&B0),Y
     813E   95 BA      STA &BA,X
     8140   E8         INX
     8141   C8         INY
     8142   60         RTS
.read_fspTextPointer
     8143   20 E9 8B   JSR &8BE9
     8146   4C 59 81   JMP &8159
.read_fspBA_reset
     8149   20 E9 8B   JSR &8BE9
.read_fspBA
     814C   A5 BA      LDA &BA
     814E   85 F2      STA &F2
     8150   A5 BB      LDA &BB
     8152   85 F3      STA &F3
     8154   A0 00      LDY #&00
     8156   20 BA 81   JSR &81BA
.rdafsp_entry
     8159   A2 20      LDX #&20
     815B   20 9F 81   JSR &819F
     815E   B0 1B      BCS &817B
     8160   8D 00 10   STA &1000
     8163   C9 2E      CMP #&2E
     8165   D0 04      BNE &816B
.rdafsp_setdrv
     8167   86 CC      STX &CC
     8169   F0 EE      BEQ &8159
.rdafsp_notdot
     816B   C9 3A      CMP #&3A
     816D   D0 15      BNE &8184
     816F   20 FE 8B   JSR &8BFE
     8172   20 9F 81   JSR &819F
     8175   B0 04      BCS &817B
     8177   C9 2E      CMP #&2E
     8179   F0 DE      BEQ &8159
.errBadName
     817B   20 4E 80   JSR &804E
     817E   CC
     817F   6E 61 6D ...
     8183   00
.rdafsp_notcolon
     8184   AA         TAX
     8185   20 9F 81   JSR &819F
     8188   B0 34      BCS &81BE
     818A   C9 2E      CMP #&2E
     818C   F0 D9      BEQ &8167
     818E   A2 01      LDX #&01
.rdafsp_rdfnloop
     8190   9D 00 10   STA &1000,X
     8193   E8         INX
     8194   20 9F 81   JSR &819F
     8197   B0 27      BCS &81C0
     8199   E0 07      CPX #&07
     819B   D0 F3      BNE &8190
     819D   F0 DC      BEQ &817B
.GSREAD_A
     819F   20 C5 FF   JSR &FFC5
     81A2   08         PHP
     81A3   29 7F      AND #&7F
     81A5   C9 0D      CMP #&0D
     81A7   F0 08      BEQ &81B1
     81A9   C9 20      CMP #&20
     81AB   90 CE      BCC &817B
     81AD   C9 7F      CMP #&7F
     81AF   F0 CA      BEQ &817B
.dogsrd_exit
     81B1   28         PLP
     81B2   60         RTS
.SetTextPointerYX
     81B3   86 F2      STX &F2
     81B5   84 F3      STY &F3
     81B7   A0 00      LDY #&00
     81B9   60         RTS
.GSINIT_A
     81BA   18         CLC
     81BB   4C C2 FF   JMP &FFC2
.Rdafsp_padall
     81BE   A2 01      LDX #&01
.rdafsp_padX
     81C0   A9 20      LDA #&20
.rdafsp_padloop
     81C2   9D 00 10   STA &1000,X
     81C5   E8         INX
     81C6   E0 40      CPX #&40
     81C8   D0 F8      BNE &81C2
     81CA   A2 06      LDX #&06
.rdafsp_cpyfnloop
     81CC   BD 00 10   LDA &1000,X
     81CF   95 C5      STA &C5,X
     81D1   CA         DEX
     81D2   10 F8      BPL &81CC
     81D4   60         RTS
.prt_filename_Yoffset
     81D5   20 ED 83   JSR &83ED
     81D8   B9 0F 0E   LDA &0E0F,Y
     81DB   08         PHP
     81DC   29 7F      AND #&7F
     81DE   D0 05      BNE &81E5
     81E0   20 12 81   JSR &8112
     81E3   F0 06      BEQ &81EB
.prt_filename_prtchr
     81E5   20 D8 80   JSR &80D8
     81E8   20 D6 80   JSR &80D6
.prt_filename_nodir
     81EB   A2 06      LDX #&06
.prt_filename_loop
     81ED   B9 08 0E   LDA &0E08,Y
     81F0   29 7F      AND #&7F
     81F2   20 D8 80   JSR &80D8
     81F5   C8         INY
     81F6   CA         DEX
     81F7   10 F4      BPL &81ED
     81F9   20 12 81   JSR &8112
     81FC   A9 20      LDA #&20
     81FE   28         PLP
     81FF   10 02      BPL &8203
     8201   A9 4C      LDA #&4C
.prt_filename_notlocked
     8203   20 D8 80   JSR &80D8
     8206   A0 01      LDY #&01
.prt_Yspaces
     8208   20 15 81   JSR &8115
     820B   88         DEY
     820C   D0 FA      BNE &8208
     820E   60         RTS
.A_rorx6and3
     820F   4A         LSR A
     8210   4A         LSR A
.A_rorx4and3
     8211   4A         LSR A
     8212   4A         LSR A
.A_rorx2and3
     8213   4A         LSR A
     8214   4A         LSR A
     8215   29 03      AND #&03
     8217   60         RTS
.A_rorx5
     8218   4A         LSR A
.A_rorx4
     8219   4A         LSR A
     821A   4A         LSR A
     821B   4A         LSR A
     821C   4A         LSR A
     821D   60         RTS
.A_rolx5
     821E   0A         ASL A
.A_rolx4
     821F   0A         ASL A
     8220   0A         ASL A
     8221   0A         ASL A
     8222   0A         ASL A
.getcat_exit
     8223   60         RTS
.parameter_afsp_Param_SyntaxErrorIfNull_getcatentry_fspTxtP
     8224   20 D7 92   JSR &92D7
.Param_SyntaxErrorIfNull_getcatentry_fspTxtP
     8227   20 78 9A   JSR &9A78
.getcatentry_fspTxtP
     822A   20 43 81   JSR &8143
     822D   30 03      BMI &8232
.getcatentry_fspBA
     822F   20 49 81   JSR &8149
.getcatentry
     8232   20 77 82   JSR &8277
     8235   B0 EC      BCS &8223
.err_FILENOTFOUND
     8237   20 68 80   JSR &8068
     823A   D6
     823B   4E 6F 74 ...
     8244   00
.fscv9_starEX
     8245   20 B3 81   JSR &81B3
.CMD_EX
     8248   20 E9 8B   JSR &8BE9
     824B   20 BA 81   JSR &81BA
     824E   F0 03      BEQ &8253
     8250   20 A4 89   JSR &89A4
.cmd_ex_nullstr
     8253   A9 2A      LDA #&2A
     8255   8D 00 10   STA &1000
     8258   20 BE 81   JSR &81BE
     825B   20 D7 92   JSR &92D7
     825E   20 32 82   JSR &8232
     8261   4C 6E 82   JMP &826E
.fscv10_starINFO
     8264   20 B3 81   JSR &81B3
     8267   A9 4E      LDA #&4E
     8269   85 BF      STA &BF
.CMD_INFO
     826B   20 24 82   JSR &8224
.cmd_info_loop
     826E   20 43 83   JSR &8343
     8271   20 7E 82   JSR &827E
     8274   B0 F8      BCS &826E
     8276   60         RTS
.get_cat_firstentry80
.get_cat_firstentry81
     8277   20 83 A1   JSR &A183
     827A   A2 00      LDX #&00
     827C   F0 18      BEQ &8296
.get_cat_nextentry
     827E   A2 00      LDX #&00
     8280   F0 18      BEQ &829A
.get_cat_firstentry80fname
     8282   A2 06      LDX #&06
.getcatloop1
     8284   B5 C5      LDA &C5,X
     8286   9D 58 10   STA &1058,X
     8289   CA         DEX
     828A   10 F8      BPL &8284
     828C   A9 20      LDA #&20
     828E   8D 5F 10   STA &105F
     8291   20 83 A1   JSR &A183
     8294   A2 58      LDX #&58
.getcatentry2
     8296   A9 00      LDA #&00
     8298   85 B6      STA &B6
.getcatsetupB7
     829A   A9 0E      LDA #&0E
     829C   85 B7      STA &B7
.getcatloop2
     829E   A0 00      LDY #&00
     82A0   A5 B6      LDA &B6
     82A2   CD 05 0F   CMP &0F05
     82A5   B0 49      BCS &82F0
     82A7   69 08      ADC #&08
     82A9   85 B6      STA &B6
     82AB   20 C5 82   JSR &82C5
     82AE   90 EE      BCC &829E
     82B0   A5 CC      LDA &CC
     82B2   A0 07      LDY #&07
     82B4   20 F2 82   JSR &82F2
     82B7   D0 E5      BNE &829E
     82B9   A4 B6      LDY &B6
     82BB   38         SEC
.Y_sub8
     82BC   88         DEY
     82BD   88         DEY
     82BE   88         DEY
     82BF   88         DEY
     82C0   88         DEY
     82C1   88         DEY
     82C2   88         DEY
     82C3   88         DEY
.NotCmdTable2
     82C4   60         RTS
.MatchFilename
     82C5   20 ED 83   JSR &83ED
.matfn_loop1
     82C8   BD 00 10   LDA &1000,X
     82CB   CD CE 10   CMP &10CE
     82CE   D0 13      BNE &82E3
     82D0   E8         INX
.matfn_loop2
     82D1   20 C5 82   JSR &82C5
     82D4   B0 1B      BCS &82F1
     82D6   C8         INY
     82D7   C0 07      CPY #&07
     82D9   90 F6      BCC &82D1
.matfn_loop3
     82DB   BD 00 10   LDA &1000,X
     82DE   C9 20      CMP #&20
     82E0   D0 0E      BNE &82F0
     82E2   60         RTS
.matfn_nomatch
     82E3   C0 07      CPY #&07
     82E5   B0 F4      BCS &82DB
     82E7   20 F2 82   JSR &82F2
     82EA   D0 04      BNE &82F0
     82EC   E8         INX
     82ED   C8         INY
     82EE   D0 D8      BNE &82C8
.matfn_exitC0
     82F0   18         CLC
.matfn_exit
     82F1   60         RTS
.MatchChr
     82F2   CD CE 10   CMP &10CE
     82F5   F0 10      BEQ &8307
     82F7   CD CD 10   CMP &10CD
     82FA   F0 0B      BEQ &8307
     82FC   20 30 83   JSR &8330
     82FF   51 B6      EOR (&B6),Y
     8301   B0 02      BCS &8305
     8303   29 5F      AND #&5F
.matchr_notalpha
     8305   29 7F      AND #&7F
.matchr_exit
     8307   60         RTS
.UcaseA2
     8308   08         PHP
     8309   20 30 83   JSR &8330
     830C   B0 02      BCS &8310
     830E   29 5F      AND #&5F
.ucasea
     8310   29 7F      AND #&7F
     8312   28         PLP
     8313   60         RTS
.DeleteCatEntry_YFileOffset
     8314   20 8C 93   JSR &938C
.delcatloop
     8317   B9 10 0E   LDA &0E10,Y
     831A   99 08 0E   STA &0E08,Y
     831D   B9 10 0F   LDA &0F10,Y
     8320   99 08 0F   STA &0F08,Y
     8323   C8         INY
     8324   CC 05 0F   CPY &0F05
     8327   90 EE      BCC &8317
     8329   98         TYA
     832A   E9 08      SBC #&08
     832C   8D 05 0F   STA &0F05
.print_infoline_exit
     832F   60         RTS
.IsAlphaChar
     8330   48         PHA
     8331   29 5F      AND #&5F
     8333   C9 41      CMP #&41
     8335   90 04      BCC &833B
     8337   C9 5B      CMP #&5B
     8339   90 01      BCC &833C
.isalpha1
     833B   38         SEC
.isalpha2
     833C   68         PLA
     833D   60         RTS
.prt_InfoMsg_Yoffset
     833E   2C C6 10   BIT &10C6
     8341   30 EC      BMI &832F
.prt_InfoLine_Yoffset
     8343   20 ED 83   JSR &83ED
     8346   20 D5 81   JSR &81D5
     8349   98         TYA
     834A   48         PHA
     834B   A9 60      LDA #&60
     834D   85 B0      STA &B0
     834F   A9 10      LDA #&10
     8351   85 B1      STA &B1
     8353   20 8E 83   JSR &838E
     8356   A0 02      LDY #&02
     8358   20 15 81   JSR &8115
     835B   20 7C 83   JSR &837C
     835E   20 7C 83   JSR &837C
     8361   20 7C 83   JSR &837C
     8364   68         PLA
     8365   A8         TAY
     8366   B9 0E 0F   LDA &0F0E,Y
     8369   29 03      AND #&03
     836B   20 FC 80   JSR &80FC
     836E   B9 0F 0F   LDA &0F0F,Y
     8371   20 F4 80   JSR &80F4
.PrintNewLine
     8374   48         PHA
     8375   A9 0D      LDA #&0D
     8377   20 D8 80   JSR &80D8
     837A   68         PLA
     837B   60         RTS
.PrintHex3Byte
     837C   A2 03      LDX #&03
.printhex3byte_loop
     837E   B9 62 10   LDA &1062,Y
     8381   20 F4 80   JSR &80F4
     8384   88         DEY
     8385   CA         DEX
     8386   D0 F6      BNE &837E
     8388   20 E8 87   JSR &87E8
     838B   4C 15 81   JMP &8115
.ReadFileAttribsToB0_Yoffset
     838E   20 ED 83   JSR &83ED
     8391   98         TYA
     8392   48         PHA
     8393   AA         TAX
     8394   A0 12      LDY #&12
     8396   A9 00      LDA #&00
.readfileattribs_clearloop
     8398   88         DEY
     8399   91 B0      STA (&B0),Y
     839B   C0 02      CPY #&02
     839D   D0 F9      BNE &8398
.readfileattribs_copyloop
     839F   20 D9 83   JSR &83D9
     83A2   C8         INY
     83A3   C8         INY
     83A4   C0 0E      CPY #&0E
     83A6   D0 F7      BNE &839F
     83A8   68         PLA
     83A9   AA         TAX
     83AA   BD 0F 0E   LDA &0E0F,X
     83AD   10 04      BPL &83B3
     83AF   A9 08      LDA #&08
     83B1   91 B0      STA (&B0),Y
.readfileattribs_notlocked
     83B3   BD 0E 0F   LDA &0F0E,X
     83B6   A0 04      LDY #&04
     83B8   20 C7 83   JSR &83C7
     83BB   A0 0C      LDY #&0C
     83BD   4A         LSR A
     83BE   4A         LSR A
     83BF   48         PHA
     83C0   29 03      AND #&03
     83C2   91 B0      STA (&B0),Y
     83C4   68         PLA
     83C5   A0 08      LDY #&08
.readfileattribs_addrHiBytes
     83C7   4A         LSR A
     83C8   4A         LSR A
     83C9   48         PHA
     83CA   29 03      AND #&03
     83CC   C9 03      CMP #&03
     83CE   D0 05      BNE &83D5
     83D0   A9 FF      LDA #&FF
     83D2   91 B0      STA (&B0),Y
     83D4   C8         INY
.readfileattribs_nothost
     83D5   91 B0      STA (&B0),Y
.readfileattribs_exits
     83D7   68         PLA
     83D8   60         RTS
.readfileattribs_copy2bytes
     83D9   20 DC 83   JSR &83DC
.readfileattribs_copy1byte
     83DC   BD 08 0F   LDA &0F08,X
     83DF   91 B0      STA (&B0),Y
     83E1   E8         INX
     83E2   C8         INY
     83E3   60         RTS
.inc_word_AE_and_load
     83E4   E6 AE      INC &AE
     83E6   D0 02      BNE &83EA
     83E8   E6 AF      INC &AF
.inc_word_AE_exit
     83EA   B1 AE      LDA (&AE),Y
     83EC   60         RTS
.RememberAXY
     83ED   48         PHA
     83EE   8A         TXA
     83EF   48         PHA
     83F0   98         TYA
     83F1   48         PHA
     83F2   A9 84      LDA #&84
     83F4   48         PHA
     83F5   A9 0F      LDA #&0F
     83F7   48         PHA
.rAXY_loop_init
     83F8   A0 05      LDY #&05
.rAXY_loop
     83FA   BA         TSX
     83FB   BD 07 01   LDA &0107,X
     83FE   48         PHA
     83FF   88         DEY
     8400   D0 F8      BNE &83FA
     8402   A0 0A      LDY #&0A
.rAXY_loop2
     8404   BD 09 01   LDA &0109,X
     8407   9D 0B 01   STA &010B,X
     840A   CA         DEX
     840B   88         DEY
     840C   D0 F6      BNE &8404
     840E   68         PLA
     840F   68         PLA
.rAXY_restore
     8410   68         PLA
     8411   A8         TAY
     8412   68         PLA
     8413   AA         TAX
     8414   68         PLA
     8415   60         RTS
.RememberXYonly
     8416   48         PHA
     8417   8A         TXA
     8418   48         PHA
     8419   98         TYA
     841A   48         PHA
     841B   20 F8 83   JSR &83F8
.axyret1
     841E   BA         TSX
     841F   9D 03 01   STA &0103,X
     8422   4C 10 84   JMP &8410
.BinaryToBCD
     8425   20 16 84   JSR &8416
     8428   A8         TAY
     8429   F0 0A      BEQ &8435
     842B   18         CLC
     842C   F8         SED
     842D   A9 00      LDA #&00
.bbcd_loop
     842F   69 01      ADC #&01
     8431   88         DEY
     8432   D0 FB      BNE &842F
     8434   D8         CLD
.bbcd_exit
     8435   60         RTS
.Param_ReadNum
     8436   20 BA 81   JSR &81BA
     8439   38         SEC
     843A   F0 2A      BEQ &8466
     843C   08         PHP
     843D   A9 00      LDA #&00
     843F   85 B9      STA &B9
     8441   F0 18      BEQ &845B
.L1
     8443   38         SEC
     8444   E9 30      SBC #&30
     8446   90 1D      BCC &8465
     8448   C9 0A      CMP #&0A
     844A   B0 19      BCS &8465
     844C   85 B8      STA &B8
     844E   A5 B9      LDA &B9
     8450   0A         ASL A
     8451   85 B9      STA &B9
     8453   0A         ASL A
     8454   0A         ASL A
     8455   65 B9      ADC &B9
     8457   65 B8      ADC &B8
     8459   85 B9      STA &B9
.L2
     845B   20 C5 FF   JSR &FFC5
     845E   90 E3      BCC &8443
     8460   A6 B9      LDX &B9
     8462   28         PLP
     8463   18         CLC
     8464   60         RTS
.L3
     8465   28         PLP
.L4
     8466   60         RTS
.fscv5_starCAT
     8467   20 B3 81   JSR &81B3
     846A   20 F6 8B   JSR &8BF6
     846D   20 91 A1   JSR &A191
     8470   A0 FF      LDY #&FF
     8472   84 A8      STY &A8
     8474   C8         INY
     8475   84 AA      STY &AA
.cat_titleloop
     8477   B9 00 0E   LDA &0E00,Y
     847A   C0 08      CPY #&08
     847C   90 03      BCC &8481
     847E   B9 F8 0E   LDA &0EF8,Y
.cat_titlelo
     8481   20 D8 80   JSR &80D8
     8484   C8         INY
     8485   C0 0C      CPY #&0C
     8487   D0 EE      BNE &8477
     8489   20 95 80   JSR &8095
     848C   20 28 
     848E   AD 04 0F   LDA &0F04
     8491   20 F4 80   JSR &80F4
     8494   20 95 80   JSR &8095
     8497   29 
     8498   0D
     8499   44 72 69 ...
     849F   A5 CD      LDA &CD
     84A1   20 FC 80   JSR &80FC
     84A4   A0 0D      LDY #&0D
     84A6   20 08 82   JSR &8208
     84A9   20 95 80   JSR &8095
     84AC   4F 70 74 ...
     84B3   AD 06 0F   LDA &0F06
     84B6   20 19 82   JSR &8219
     84B9   48         PHA
     84BA   20 92 80   JSR &8092
     84BD   20 28 
     84BF   A0 03      LDY #&03
     84C1   68         PLA
     84C2   0A         ASL A
     84C3   0A         ASL A
     84C4   AA         TAX
.cat_printoptionnameloop
     84C5   BD B1 85   LDA &85B1,X
     84C8   20 D8 80   JSR &80D8
     84CB   E8         INX
     84CC   88         DEY
     84CD   10 F6      BPL &84C5
     84CF   20 95 80   JSR &8095
     84D2   29 
     84D3   0D
     84D4   44 69 72 ...
     84DA   AD CA 10   LDA &10CA
     84DD   20 D3 80   JSR &80D3
     84E0   AD C9 10   LDA &10C9
     84E3   20 D8 80   JSR &80D8
     84E6   A0 0B      LDY #&0B
     84E8   20 08 82   JSR &8208
     84EB   20 95 80   JSR &8095
     84EE   4C 69 62 ...
     84F4   AD CC 10   LDA &10CC
     84F7   20 D3 80   JSR &80D3
     84FA   AD CB 10   LDA &10CB
     84FD   20 D8 80   JSR &80D8
     8500   20 74 83   JSR &8374
     8503   A0 00      LDY #&00
.cat_curdirloop
     8505   CC 05 0F   CPY &0F05
     8508   B0 17      BCS &8521
     850A   B9 0F 0E   LDA &0E0F,Y
     850D   4D C9 10   EOR &10C9
     8510   29 5F      AND #&5F
     8512   D0 08      BNE &851C
     8514   B9 0F 0E   LDA &0E0F,Y
     8517   29 80      AND #&80
     8519   99 0F 0E   STA &0E0F,Y
.cat_curdirnext
     851C   20 E7 87   JSR &87E7
     851F   90 E4      BCC &8505
.cat_sortloop1
     8521   A0 00      LDY #&00
     8523   20 33 85   JSR &8533
     8526   90 16      BCC &853E
     8528   A9 FF      LDA #&FF
     852A   8D 82 10   STA &1082
     852D   4C 74 83   JMP &8374
.cat_getnextunmarkedfile_loop
     8530   20 E7 87   JSR &87E7
.cat_getnextunmarkedfileY
     8533   CC 05 0F   CPY &0F05
     8536   B0 05      BCS &853D
     8538   B9 08 0E   LDA &0E08,Y
     853B   30 F3      BMI &8530
.cat_exit
     853D   60         RTS
.cat_printfilename
     853E   84 AB      STY &AB
     8540   A2 00      LDX #&00
.cat_copyfnloop
     8542   B9 08 0E   LDA &0E08,Y
     8545   20 08 83   JSR &8308
     8548   9D 60 10   STA &1060,X
     854B   C8         INY
     854C   E8         INX
     854D   E0 08      CPX #&08
     854F   D0 F1      BNE &8542
.cat_comparefnloop1
     8551   20 33 85   JSR &8533
     8554   B0 23      BCS &8579
     8556   38         SEC
     8557   A2 06      LDX #&06
.cat_comparefnloop2
     8559   B9 0E 0E   LDA &0E0E,Y
     855C   20 08 83   JSR &8308
     855F   FD 60 10   SBC &1060,X
     8562   88         DEY
     8563   CA         DEX
     8564   10 F3      BPL &8559
     8566   20 E8 87   JSR &87E8
     8569   B9 0F 0E   LDA &0E0F,Y
     856C   20 08 83   JSR &8308
     856F   ED 67 10   SBC &1067
     8572   90 CA      BCC &853E
     8574   20 E7 87   JSR &87E7
     8577   B0 D8      BCS &8551
.cat_printfn
     8579   A4 AB      LDY &AB
     857B   B9 08 0E   LDA &0E08,Y
     857E   09 80      ORA #&80
     8580   99 08 0E   STA &0E08,Y
     8583   AD 67 10   LDA &1067
     8586   C5 AA      CMP &AA
     8588   F0 10      BEQ &859A
     858A   A6 AA      LDX &AA
     858C   85 AA      STA &AA
     858E   D0 0A      BNE &859A
     8590   20 74 83   JSR &8374
.cat_newline
     8593   20 74 83   JSR &8374
     8596   A0 FF      LDY #&FF
     8598   D0 09      BNE &85A3
.cat_samedir
     859A   A4 A8      LDY &A8
     859C   D0 F5      BNE &8593
     859E   A0 05      LDY #&05
     85A0   20 08 82   JSR &8208
.cat_skipspaces
     85A3   C8         INY
     85A4   84 A8      STY &A8
     85A6   A4 AB      LDY &AB
     85A8   20 12 81   JSR &8112
     85AB   20 D5 81   JSR &81D5
     85AE   4C 21 85   JMP &8521
.diskoptions_table
     85B1   6F 66 66 
     85B4   00
     85B5   4C 4F 41 ...
     85B9   52 55 4E 
     85BC   00
     85BD   45 58 45 ...
.cmdtable1
     85C1   FF
     85C2   41 43 43 ...
     85C8   B2
     85C9   42 41 43 ...
     85CF   8C
     85D0   43 4C 4F ...
     85D5   80
     85D6   43 4F 4D ...
     85DD   85
     85DE   43 4F 50 ...
     85E2   AC
     85E3   44 45 4C ...
     85E9   88
     85EA   44 45 53 ...
     85F1   82
     85F2   44 49 52 
     85F5   86
     85F6   44 52 49 ...
     85FB   81
     85FC   45 4E 41 ...
     8602   80
     8603   45 58 
     8605   86
     8606   46 4F 52 ...
     860A   DF
     860B   46 52 45 ...
     860F   84
.info_cmd_index
     8610   49 4E 46 ...
     8614   82
     8615   4C 49 42 
     8618   86
     8619   4D 41 50 
     861C   84
     861D   52 45 4E ...
     8623   8D
     8624   54 49 54 ...
     8629   8A
     862A   56 45 52 ...
     8630   85
     8631   57 49 50 ...
     8635   82
     8636   00         BRK
.cmdtable2
     8637   14
     8638   42 55 49 ...
     863D   88
     863E   44 55 4D ...
     8642   88
     8643   4C 49 53 ...
     8647   88
     8648   54 59 50 ...
     864C   88
     864D   00         BRK
.cmdtable22
     864E   19
     864F   44 49 53 ...
     8653   80
     8654   44 49 53 ...
     8658   80
     8659   4D 4D 46 ...
     865D   80
     865E   43 41 52 ...
     8662   80
     8663   00         BRK
.cmdtable3
     8664   1E
     8665   44 55 54 ...
     866B   80
     866C   4D 4D 46 ...
     8670   80
     8671   55 54 49 ...
     8676   80
     8677   00         BRK
.cmdtable4
     8678   22
     8679   41 43 43 ...
     867F   BE
     8680   42 4F 4F ...
     8684   89
     8685   42 55 47 
     8688   80
     8689   43 41 54 
     868C   8E
     868D   44 49 52 
     8690   89
     8691   44 52 49 ...
     8696   80
     8697   49 4E 
     8699   F4
     869A   4F 55 54 
     869D   84
     869E   52 45 4E ...
     86A4   F7
     86A5   41 42 4F ...
     86AA   80
     86AB   00         BRK
.cmdaddr1
     86AC   F9 89
     86AE   ED 9C
     86B0   6D 94
     86B2   8E 9B
     86B4   46 9D
     86B6   9B 87
     86B8   AA 87
     86BA   5A 89
     86BC   FA 87
     86BE   B1 8B
     86C0   47 82
     86C2   4A 1E
     86C4   A6 9F
     86C6   6A 82
     86C8   5E 89
     86CA   A9 9F
     86CC   17 8C
     86CE   CD 89
     86D0   46 1E
     86D2   72 87
     86D4   07 87
.cmdaddr2
     86D6   04 B3
     86D8   5D B2
     86DA   CC B2
     86DC   C8 B2
     86DE   C3 82
.cmdaddr22
     86E0   D6 8C
     86E2   D6 8C
     86E4   E0 8C
     86E6   E0 8C
     86E8   8C 8E
.cmdaddr3
     86EA   5D 9A
     86EC   1D 9A
     86EE   64 9A
     86F0   6B 9A
.cmdaddr4
     86F2   19 2F
     86F4   30 2D
     86F6   FF 27
     86F8   15 2D
     86FA   C6 2D
     86FC   C9 2E
     86FE   5F 2D
     8700   99 2E
     8702   56 2F
     8704   ED A7
     8706   97 88
.cmdaddrX
.NotCmdTable1
     8708   A2 B7      LDX #&B7
     870A   20 BA 81   JSR &81BA
     870D   B1 F2      LDA (&F2),Y
     870F   C8         INY
     8710   09 20      ORA #&20
     8712   C9 64      CMP #&64
     8714   F0 09      BEQ &871F
     8716   88         DEY
     8717   4C 98 88   JMP &8898
.fscv3_unreccommand
     871A   20 B3 81   JSR &81B3
     871D   A2 00      LDX #&00
.UnrecCommandTextPointer
     871F   BD C1 85   LDA &85C1,X
     8722   85 BE      STA &BE
     8724   98         TYA
     8725   48         PHA
.unrecloop1
     8726   E6 BE      INC &BE
     8728   68         PLA
     8729   48         PHA
     872A   A8         TAY
     872B   20 BA 81   JSR &81BA
     872E   E8         INX
     872F   BD C1 85   LDA &85C1,X
     8732   F0 28      BEQ &875C
     8734   CA         DEX
     8735   88         DEY
     8736   86 BF      STX &BF
.unrecloop2
     8738   E8         INX
     8739   C8         INY
     873A   BD C1 85   LDA &85C1,X
     873D   30 16      BMI &8755
.unrecloop2in
     873F   51 F2      EOR (&F2),Y
     8741   29 5F      AND #&5F
     8743   F0 F3      BEQ &8738
     8745   CA         DEX
.unrecloop3
     8746   E8         INX
     8747   BD C1 85   LDA &85C1,X
     874A   10 FA      BPL &8746
     874C   B1 F2      LDA (&F2),Y
     874E   C9 2E      CMP #&2E
     8750   D0 D4      BNE &8726
     8752   C8         INY
     8753   B0 07      BCS &875C
.endofcmd_oncmdline
     8755   B1 F2      LDA (&F2),Y
     8757   20 30 83   JSR &8330
     875A   90 CA      BCC &8726
.gocmdcode
     875C   68         PLA
     875D   A5 BE      LDA &BE
     875F   0A         ASL A
     8760   AA         TAX
     8761   BD AD 86   LDA &86AD,X
     8764   10 06      BPL &876C
.gocmdcode2
     8766   48         PHA
     8767   BD AC 86   LDA &86AC,X
     876A   48         PHA
     876B   60         RTS
.dommcinit
     876C   20 87 A7   JSR &A787
     876F   09 80      ORA #&80
     8771   D0 F3      BNE &8766
.CMD_WIPE
     8773   20 24 82   JSR &8224
.wipeloop
     8776   B9 0F 0E   LDA &0E0F,Y
     8779   30 1B      BMI &8796
     877B   20 D5 81   JSR &81D5
     877E   20 AC 9C   JSR &9CAC
     8781   D0 13      BNE &8796
     8783   A6 B6      LDX &B6
     8785   20 A6 94   JSR &94A6
     8788   86 B6      STX &B6
     878A   20 F0 87   JSR &87F0
     878D   84 AB      STY &AB
     878F   20 95 A1   JSR &A195
     8792   A5 AB      LDA &AB
     8794   85 B6      STA &B6
.wipenext
     8796   20 7E 82   JSR &827E
     8799   B0 DB      BCS &8776
     879B   60         RTS
.CMD_DELETE
     879C   20 CE 92   JSR &92CE
     879F   20 27 82   JSR &8227
     87A2   20 3E 83   JSR &833E
     87A5   20 14 83   JSR &8314
     87A8   4C 95 A1   JMP &A195
.CMD_DESTROY
     87AB   20 5D 9C   JSR &9C5D
     87AE   20 24 82   JSR &8224
.destroyloop1
     87B1   B9 0F 0E   LDA &0E0F,Y
     87B4   30 06      BMI &87BC
     87B6   20 D5 81   JSR &81D5
     87B9   20 74 83   JSR &8374
.destroylocked1
     87BC   20 7E 82   JSR &827E
     87BF   B0 F0      BCS &87B1
     87C1   20 B4 9C   JSR &9CB4
     87C4   D0 29      BNE &87EF
     87C6   20 A6 94   JSR &94A6
     87C9   20 77 82   JSR &8277
.destroyloop2
     87CC   B9 0F 0E   LDA &0E0F,Y
     87CF   30 03      BMI &87D4
     87D1   20 F0 87   JSR &87F0
.destroylocked2
     87D4   20 7E 82   JSR &827E
     87D7   B0 F3      BCS &87CC
     87D9   20 95 A1   JSR &A195
.msgDELETED
     87DC   20 95 80   JSR &8095
     87DF   44 65 6C ...
     87E6   0D
.Y_add8
     87E7   C8         INY
.Y_add7
     87E8   C8         INY
     87E9   C8         INY
     87EA   C8         INY
     87EB   C8         INY
     87EC   C8         INY
     87ED   C8         INY
     87EE   C8         INY
.Y_rts
     87EF   60         RTS
.DeleteCatEntry_AdjustPtr
     87F0   20 14 83   JSR &8314
     87F3   A4 B6      LDY &B6
     87F5   20 BC 82   JSR &82BC
     87F8   84 B6      STY &B6
     87FA   60         RTS
.CMD_DRIVE
     87FB   20 FB 8B   JSR &8BFB
     87FE   8D CA 10   STA &10CA
     8801   60         RTS
.osfileFF_loadfiletoaddr
     8802   20 2F 82   JSR &822F
     8805   20 AE 93   JSR &93AE
     8808   20 8E 83   JSR &838E
.LoadFile_Ycatoffset
     880B   84 BA      STY &BA
     880D   A2 00      LDX #&00
     880F   A5 BE      LDA &BE
     8811   D0 06      BNE &8819
     8813   C8         INY
     8814   C8         INY
     8815   A2 02      LDX #&02
     8817   D0 08      BNE &8821
.loadAtLoadAddr
     8819   B9 0E 0F   LDA &0F0E,Y
     881C   85 C2      STA &C2
     881E   20 B8 8B   JSR &8BB8
.load_copyfileinfo_loop
     8821   B9 08 0F   LDA &0F08,Y
     8824   95 BC      STA &BC,X
     8826   C8         INY
     8827   E8         INX
     8828   E0 08      CPX #&08
     882A   D0 F5      BNE &8821
     882C   20 D2 8B   JSR &8BD2
     882F   A4 BA      LDY &BA
     8831   20 3E 83   JSR &833E
.LoadMemBlockEX
.LoadMemBlock
     8834   A9 85      LDA #&85
     8836   D0 0B      BNE &8843
.osfile0_savememblock
     8838   20 9D 8A   JSR &8A9D
     883B   20 AE 93   JSR &93AE
     883E   20 8E 83   JSR &838E
.SaveMemBlock
     8841   A9 A5      LDA #&A5
.exec_block_rw
     8843   8D B6 10   STA &10B6
     8846   A9 05      LDA #&05
     8848   8D B5 10   STA &10B5
     884B   A5 CD      LDA &CD
     884D   8D B0 10   STA &10B0
     8850   A2 02      LDX #&02
.loop0
     8852   B5 BB      LDA &BB,X
     8854   9D B0 10   STA &10B0,X
     8857   BD 73 10   LDA &1073,X
     885A   9D B2 10   STA &10B2,X
     885D   CA         DEX
     885E   D0 F2      BNE &8852
     8860   A5 C2      LDA &C2
     8862   29 03      AND #&03
     8864   AA         TAX
     8865   A5 C3      LDA &C3
     8867   A0 FF      LDY #&FF
.loop1
     8869   38         SEC
.loop2
     886A   C8         INY
     886B   E9 0A      SBC #&0A
     886D   B0 FB      BCS &886A
     886F   CA         DEX
     8870   10 F7      BPL &8869
     8872   69 0A      ADC #&0A
     8874   8C B7 10   STY &10B7
     8877   8D B8 10   STA &10B8
     887A   A5 C1      LDA &C1
     887C   8D B9 10   STA &10B9
     887F   A5 C2      LDA &C2
     8881   4A         LSR A
     8882   4A         LSR A
     8883   4A         LSR A
     8884   4A         LSR A
     8885   29 03      AND #&03
     8887   8D BA 10   STA &10BA
     888A   A5 C0      LDA &C0
     888C   8D BB 10   STA &10BB
     888F   20 E6 A1   JSR &A1E6
     8892   A9 01      LDA #&01
     8894   60         RTS
.fscv2_4_11_starRUN
     8895   20 B3 81   JSR &81B3
.NotCmdTable4
.SetWordBA_txtptr
     8898   A9 FF      LDA #&FF
     889A   85 BE      STA &BE
     889C   A5 F2      LDA &F2
     889E   85 BA      STA &BA
     88A0   A5 F3      LDA &F3
     88A2   85 BB      STA &BB
     88A4   8C DA 10   STY &10DA
     88A7   20 49 81   JSR &8149
     88AA   8C D9 10   STY &10D9
     88AD   20 77 82   JSR &8277
     88B0   B0 21      BCS &88D3
     88B2   AC DA 10   LDY &10DA
     88B5   AD CB 10   LDA &10CB
     88B8   85 CC      STA &CC
     88BA   AD CC 10   LDA &10CC
     88BD   85 CD      STA &CD
     88BF   20 4C 81   JSR &814C
     88C2   20 77 82   JSR &8277
     88C5   B0 0C      BCS &88D3
.errBADCOMMAND
     88C7   20 4E 80   JSR &804E
     88CA   FE
     88CB   63 6F 6D ...
     88D2   00
.runfile_found
     88D3   B9 0E 0F   LDA &0F0E,Y
     88D6   20 0F 82   JSR &820F
     88D9   C9 03      CMP #&03
     88DB   D0 42      BNE &891F
     88DD   B9 0A 0F   LDA &0F0A,Y
     88E0   39 0B 0F   AND &0F0B,Y
     88E3   C9 FF      CMP #&FF
     88E5   D0 38      BNE &891F
     88E7   A2 06      LDX #&06
.runfile_exec_loop
     88E9   BD 00 10   LDA &1000,X
     88EC   9D 07 10   STA &1007,X
     88EF   CA         DEX
     88F0   10 F7      BPL &88E9
     88F2   A9 0D      LDA #&0D
     88F4   8D 0E 10   STA &100E
     88F7   A9 45      LDA #&45
     88F9   8D 00 10   STA &1000
     88FC   A9 3A      LDA #&3A
     88FE   8D 02 10   STA &1002
     8901   A5 CD      LDA &CD
     8903   09 30      ORA #&30
     8905   8D 03 10   STA &1003
     8908   A9 2E      LDA #&2E
     890A   8D 01 10   STA &1001
     890D   8D 04 10   STA &1004
     8910   8D 06 10   STA &1006
     8913   A5 CC      LDA &CC
     8915   8D 05 10   STA &1005
     8918   A2 00      LDX #&00
     891A   A0 10      LDY #&10
     891C   4C F7 FF   JMP &FFF7
.runfile_run
     891F   20 0B 88   JSR &880B
     8922   18         CLC
     8923   AD D9 10   LDA &10D9
     8926   A8         TAY
     8927   65 F2      ADC &F2
     8929   8D D9 10   STA &10D9
     892C   A5 F3      LDA &F3
     892E   69 00      ADC #&00
     8930   8D DA 10   STA &10DA
     8933   AD 76 10   LDA &1076
     8936   2D 77 10   AND &1077
     8939   0D D6 10   ORA &10D6
     893C   C9 FF      CMP #&FF
     893E   F0 16      BEQ &8956
     8940   A5 BE      LDA &BE
     8942   8D 74 10   STA &1074
     8945   A5 BF      LDA &BF
     8947   8D 75 10   STA &1075
     894A   20 75 8C   JSR &8C75
     894D   A2 74      LDX #&74
     894F   A0 10      LDY #&10
     8951   A9 04      LDA #&04
     8953   4C 06 04   JMP &0406
.runfile_inhost
     8956   A9 01      LDA #&01
     8958   6C BE 00   JMP (&00BE)
.CMD_DIR
     895B   A2 00      LDX #&00
     895D   F0 02      BEQ &8961
.CMD_LIB
     895F   A2 02      LDX #&02
.setdirlib
     8961   20 95 89   JSR &8995
     8964   9D CA 10   STA &10CA,X
     8967   A5 CC      LDA &CC
     8969   9D C9 10   STA &10C9,X
     896C   60         RTS
.SaveStaticToPrivateWorkspace
     896D   20 ED 83   JSR &83ED
     8970   A5 B0      LDA &B0
     8972   48         PHA
     8973   A5 B1      LDA &B1
     8975   48         PHA
     8976   20 E6 93   JSR &93E6
     8979   A0 00      LDY #&00
.stat_loop1
     897B   C0 C0      CPY #&C0
     897D   90 05      BCC &8984
     897F   B9 00 10   LDA &1000,Y
     8982   B0 03      BCS &8987
.stat_Y_lessC0
     8984   B9 00 11   LDA &1100,Y
.stat_Y_gtreqC0
     8987   91 B0      STA (&B0),Y
     8989   C8         INY
     898A   C0 F1      CPY #&F1
     898C   D0 ED      BNE &897B
     898E   68         PLA
     898F   85 B1      STA &B1
     8991   68         PLA
     8992   85 B0      STA &B0
     8994   60         RTS
.ReadDirDrvParameters
     8995   AD C9 10   LDA &10C9
     8998   85 CC      STA &CC
     899A   20 BA 81   JSR &81BA
     899D   D0 05      BNE &89A4
     899F   A9 00      LDA #&00
     89A1   85 CD      STA &CD
     89A3   60         RTS
.ReadDirDrvParameters2
     89A4   20 EE 8B   JSR &8BEE
.rdd_loop
     89A7   20 9F 81   JSR &819F
     89AA   B0 10      BCS &89BC
     89AC   C9 3A      CMP #&3A
     89AE   D0 14      BNE &89C4
     89B0   20 FE 8B   JSR &8BFE
     89B3   20 9F 81   JSR &819F
     89B6   B0 13      BCS &89CB
     89B8   C9 2E      CMP #&2E
     89BA   F0 EB      BEQ &89A7
.errBADDIRECTORY
     89BC   20 4E 80   JSR &804E
     89BF   CE
     89C0   64 69 72 
     89C3   00
.rdd_exit2
     89C4   85 CC      STA &CC
     89C6   20 9F 81   JSR &819F
     89C9   90 F1      BCC &89BC
.rdd_exit1
     89CB   A5 CD      LDA &CD
     89CD   60         RTS
.CMD_TITLE
     89CE   20 78 9A   JSR &9A78
     89D1   20 8B A1   JSR &A18B
     89D4   A2 0B      LDX #&0B
     89D6   A9 00      LDA #&00
.cmdtit_loop1
     89D8   20 EE 89   JSR &89EE
     89DB   CA         DEX
     89DC   10 FA      BPL &89D8
.cmdtit_loop2
     89DE   E8         INX
     89DF   20 9F 81   JSR &819F
     89E2   B0 07      BCS &89EB
     89E4   20 EE 89   JSR &89EE
     89E7   E0 0B      CPX #&0B
     89E9   90 F3      BCC &89DE
.cmdtit_savecat
     89EB   4C 95 A1   JMP &A195
.SetDiskTitleChr_Xpos
     89EE   E0 08      CPX #&08
     89F0   90 04      BCC &89F6
     89F2   9D F8 0E   STA &0EF8,X
     89F5   60         RTS
.setdisttit_page
     89F6   9D 00 0E   STA &0E00,X
     89F9   60         RTS
.CMD_ACCESS
     89FA   20 D7 92   JSR &92D7
     89FD   20 78 9A   JSR &9A78
     8A00   20 43 81   JSR &8143
     8A03   A2 00      LDX #&00
     8A05   20 BA 81   JSR &81BA
     8A08   D0 1F      BNE &8A29
.cmdac_flag
     8A0A   86 AA      STX &AA
     8A0C   20 32 82   JSR &8232
.cmdac_filefound
     8A0F   20 8F 93   JSR &938F
     8A12   B9 0F 0E   LDA &0E0F,Y
     8A15   29 7F      AND #&7F
     8A17   05 AA      ORA &AA
     8A19   99 0F 0E   STA &0E0F,Y
     8A1C   20 3E 83   JSR &833E
     8A1F   20 7E 82   JSR &827E
     8A22   B0 EB      BCS &8A0F
.jmp_savecattodisk
     8A24   4C 95 A1   JMP &A195
.cmdac_paramloop
     8A27   A2 80      LDX #&80
.cmdac_getparam
     8A29   20 9F 81   JSR &819F
     8A2C   B0 DC      BCS &8A0A
     8A2E   29 5F      AND #&5F
     8A30   C9 4C      CMP #&4C
     8A32   F0 F3      BEQ &8A27
.errBADATTRIBUTE
     8A34   20 4E 80   JSR &804E
     8A37   CF
     8A38   61 74 74 ...
     8A41   00
.fscv0_starOPT
     8A42   20 ED 83   JSR &83ED
     8A45   8A         TXA
     8A46   C9 04      CMP #&04
     8A48   F0 1E      BEQ &8A68
     8A4A   C9 05      CMP #&05
     8A4C   F0 34      BEQ &8A82
     8A4E   C9 02      CMP #&02
     8A50   90 0B      BCC &8A5D
.errBADOPTION
     8A52   20 4E 80   JSR &804E
     8A55   CB
     8A56   6F 70 74 ...
     8A5C   00
.opts0_1
     8A5D   A2 FF      LDX #&FF
     8A5F   98         TYA
     8A60   F0 02      BEQ &8A64
     8A62   A2 00      LDX #&00
.opts0_1_Y0
     8A64   8E C6 10   STX &10C6
     8A67   60         RTS
.SetBootOption_Yoption
     8A68   98         TYA
     8A69   48         PHA
     8A6A   20 E9 8B   JSR &8BE9
     8A6D   20 91 A1   JSR &A191
     8A70   68         PLA
     8A71   20 1F 82   JSR &821F
     8A74   4D 06 0F   EOR &0F06
     8A77   29 30      AND #&30
     8A79   4D 06 0F   EOR &0F06
     8A7C   8D 06 0F   STA &0F06
     8A7F   4C 95 A1   JMP &A195
.DiskTrapOption
     8A82   98         TYA
     8A83   08         PHP
     8A84   A6 F4      LDX &F4
     8A86   BD F0 0D   LDA &0DF0,X
     8A89   29 BF      AND #&BF
     8A8B   28         PLP
     8A8C   F0 02      BEQ &8A90
     8A8E   09 40      ORA #&40
.skip
     8A90   9D F0 0D   STA &0DF0,X
     8A93   60         RTS
.errDISKFULL
     8A94   20 43 80   JSR &8043
     8A97   C6
     8A98   66 75 6C ...
     8A9C   00
.CreateFile_FSP
     8A9D   20 49 81   JSR &8149
     8AA0   20 77 82   JSR &8277
     8AA3   90 03      BCC &8AA8
     8AA5   20 14 83   JSR &8314
.createfile_nodel
     8AA8   A5 C0      LDA &C0
     8AAA   48         PHA
     8AAB   A5 C1      LDA &C1
     8AAD   48         PHA
     8AAE   38         SEC
     8AAF   A5 C2      LDA &C2
     8AB1   E5 C0      SBC &C0
     8AB3   85 C0      STA &C0
     8AB5   A5 C3      LDA &C3
     8AB7   E5 C1      SBC &C1
     8AB9   85 C1      STA &C1
     8ABB   AD 7A 10   LDA &107A
     8ABE   ED 78 10   SBC &1078
     8AC1   20 F2 8A   JSR &8AF2
     8AC4   AD 79 10   LDA &1079
     8AC7   8D 75 10   STA &1075
     8ACA   AD 78 10   LDA &1078
     8ACD   8D 74 10   STA &1074
     8AD0   68         PLA
     8AD1   85 BD      STA &BD
     8AD3   68         PLA
     8AD4   85 BC      STA &BC
     8AD6   60         RTS
.CreateFile_3
     8AD7   85 CD      STA &CD
     8AD9   A5 CC      LDA &CC
     8ADB   48         PHA
     8ADC   20 8E A1   JSR &A18E
     8ADF   20 82 82   JSR &8282
     8AE2   90 03      BCC &8AE7
     8AE4   20 14 83   JSR &8314
.cd_writedest_cat_nodel
     8AE7   68         PLA
     8AE8   85 CC      STA &CC
     8AEA   20 CF 8B   JSR &8BCF
     8AED   A5 C2      LDA &C2
     8AEF   20 11 82   JSR &8211
.CreateFile_2
     8AF2   85 C4      STA &C4
     8AF4   A9 00      LDA #&00
     8AF6   85 C2      STA &C2
     8AF8   A9 02      LDA #&02
     8AFA   85 C3      STA &C3
     8AFC   AC 05 0F   LDY &0F05
     8AFF   C0 F8      CPY #&F8
     8B01   90 31      BCC &8B34
.errCATALOGUEFULL
     8B03   20 58 80   JSR &8058
     8B06   BE
     8B07   43 61 74 ...
     8B0F   00
.cfile_loop
     8B10   F0 82      BEQ &8A94
     8B12   20 BC 82   JSR &82BC
     8B15   B9 0E 0F   LDA &0F0E,Y
     8B18   20 11 82   JSR &8211
     8B1B   85 C2      STA &C2
     8B1D   18         CLC
     8B1E   A9 FF      LDA #&FF
     8B20   79 0C 0F   ADC &0F0C,Y
     8B23   B9 0F 0F   LDA &0F0F,Y
     8B26   79 0D 0F   ADC &0F0D,Y
     8B29   85 C3      STA &C3
     8B2B   B9 0E 0F   LDA &0F0E,Y
     8B2E   29 03      AND #&03
     8B30   65 C2      ADC &C2
     8B32   85 C2      STA &C2
.Getfirstblock_Yoffset
     8B34   38         SEC
     8B35   B9 07 0F   LDA &0F07,Y
     8B38   E5 C3      SBC &C3
     8B3A   48         PHA
     8B3B   B9 06 0F   LDA &0F06,Y
     8B3E   29 03      AND #&03
     8B40   E5 C2      SBC &C2
     8B42   AA         TAX
     8B43   A9 00      LDA #&00
     8B45   C5 C0      CMP &C0
     8B47   68         PLA
     8B48   E5 C1      SBC &C1
     8B4A   8A         TXA
     8B4B   E5 C4      SBC &C4
     8B4D   98         TYA
     8B4E   90 C0      BCC &8B10
     8B50   84 B0      STY &B0
     8B52   AC 05 0F   LDY &0F05
.cfile_insertfileloop
     8B55   C4 B0      CPY &B0
     8B57   F0 0F      BEQ &8B68
     8B59   B9 07 0E   LDA &0E07,Y
     8B5C   99 0F 0E   STA &0E0F,Y
     8B5F   B9 07 0F   LDA &0F07,Y
     8B62   99 0F 0F   STA &0F0F,Y
     8B65   88         DEY
     8B66   B0 ED      BCS &8B55
.cfile_atcatentry
     8B68   AD 76 10   LDA &1076
     8B6B   29 03      AND #&03
     8B6D   0A         ASL A
     8B6E   0A         ASL A
     8B6F   45 C4      EOR &C4
     8B71   29 FC      AND #&FC
     8B73   45 C4      EOR &C4
     8B75   0A         ASL A
     8B76   0A         ASL A
     8B77   4D 74 10   EOR &1074
     8B7A   29 FC      AND #&FC
     8B7C   4D 74 10   EOR &1074
     8B7F   0A         ASL A
     8B80   0A         ASL A
     8B81   45 C2      EOR &C2
     8B83   29 FC      AND #&FC
     8B85   45 C2      EOR &C2
     8B87   85 C2      STA &C2
     8B89   A2 00      LDX #&00
     8B8B   98         TYA
     8B8C   48         PHA
.cfile_copyfnloop
     8B8D   B5 C5      LDA &C5,X
     8B8F   99 08 0E   STA &0E08,Y
     8B92   B5 BC      LDA &BC,X
     8B94   99 08 0F   STA &0F08,Y
     8B97   C8         INY
     8B98   E8         INX
     8B99   E0 08      CPX #&08
     8B9B   D0 F0      BNE &8B8D
     8B9D   68         PLA
     8B9E   A8         TAY
     8B9F   48         PHA
     8BA0   20 3E 83   JSR &833E
     8BA3   AC 05 0F   LDY &0F05
     8BA6   20 E7 87   JSR &87E7
     8BA9   8C 05 0F   STY &0F05
     8BAC   20 95 A1   JSR &A195
     8BAF   68         PLA
     8BB0   A8         TAY
     8BB1   60         RTS
.CMD_ENABLE
     8BB2   A9 01      LDA #&01
     8BB4   8D C7 10   STA &10C7
     8BB7   60         RTS
.LoadAddrHi2
     8BB8   A9 00      LDA #&00
     8BBA   8D 75 10   STA &1075
     8BBD   A5 C2      LDA &C2
     8BBF   29 08      AND #&08
     8BC1   8D 74 10   STA &1074
     8BC4   F0 08      BEQ &8BCE
.SetLoadAddrToHost
     8BC6   A9 FF      LDA #&FF
     8BC8   8D 75 10   STA &1075
     8BCB   8D 74 10   STA &1074
.ldadd_nothost
     8BCE   60         RTS
.LoadandEexeAddrHi2
     8BCF   20 B8 8B   JSR &8BB8
.ExecAddrHi2
     8BD2   A9 00      LDA #&00
     8BD4   8D 77 10   STA &1077
     8BD7   A5 C2      LDA &C2
     8BD9   20 0F 82   JSR &820F
     8BDC   C9 03      CMP #&03
     8BDE   D0 05      BNE &8BE5
     8BE0   A9 FF      LDA #&FF
     8BE2   8D 77 10   STA &1077
.exadd_nothost
     8BE5   8D 76 10   STA &1076
     8BE8   60         RTS
.Set_CurDirDrv_ToDefaults
     8BE9   AD C9 10   LDA &10C9
     8BEC   85 CC      STA &CC
.Set_CurDrv_ToDefault
     8BEE   AD CA 10   LDA &10CA
.SetCurrentDrive_Adrive
     8BF1   29 03      AND #&03
.SetCurrentDrive_Adrive_noand
     8BF3   85 CD      STA &CD
     8BF5   60         RTS
.Param_OptionalDriveNo
     8BF6   20 BA 81   JSR &81BA
     8BF9   F0 F3      BEQ &8BEE
.Param_DriveNo_Syntax
     8BFB   20 78 9A   JSR &9A78
.Param_DriveNo_BadDrive
     8BFE   20 9F 81   JSR &819F
     8C01   B0 0B      BCS &8C0E
     8C03   C9 3A      CMP #&3A
     8C05   F0 F7      BEQ &8BFE
     8C07   38         SEC
     8C08   E9 30      SBC #&30
     8C0A   C9 04      CMP #&04
     8C0C   90 E5      BCC &8BF3
.errBADDRIVE
     8C0E   20 4E 80   JSR &804E
     8C11   CD
     8C12   64 72 69 ...
     8C17   00
.CMD_RENAME
     8C18   20 CE 92   JSR &92CE
     8C1B   20 78 9A   JSR &9A78
     8C1E   20 43 81   JSR &8143
     8C21   98         TYA
     8C22   48         PHA
     8C23   20 32 82   JSR &8232
     8C26   20 8C 93   JSR &938C
     8C29   84 C4      STY &C4
     8C2B   68         PLA
     8C2C   A8         TAY
     8C2D   20 78 9A   JSR &9A78
     8C30   A5 CD      LDA &CD
     8C32   48         PHA
     8C33   20 43 81   JSR &8143
     8C36   68         PLA
     8C37   C5 CD      CMP &CD
     8C39   D0 14      BNE &8C4F
     8C3B   20 77 82   JSR &8277
     8C3E   90 12      BCC &8C52
     8C40   C4 C4      CPY &C4
     8C42   F0 0E      BEQ &8C52
.errFILEEXISTS
     8C44   20 58 80   JSR &8058
     8C47   C4
     8C48   45 78 69 ...
     8C4E   00
.jmpBADDRIVE
     8C4F   4C 0E 8C   JMP &8C0E
.rname_ok
     8C52   A4 C4      LDY &C4
     8C54   20 E7 87   JSR &87E7
     8C57   A2 07      LDX #&07
.rname_loop
     8C59   B5 C5      LDA &C5,X
     8C5B   99 07 0E   STA &0E07,Y
     8C5E   88         DEY
     8C5F   CA         DEX
     8C60   10 F7      BPL &8C59
     8C62   4C 95 A1   JMP &A195
.TUBE_CheckIfPresent
     8C65   A9 EA      LDA #&EA
     8C67   A2 00      LDX #&00
     8C69   A0 FF      LDY #&FF
     8C6B   20 F4 FF   JSR &FFF4
     8C6E   8A         TXA
     8C6F   49 FF      EOR #&FF
     8C71   8D D6 10   STA &10D6
     8C74   60         RTS
.TUBE_CLAIM
     8C75   48         PHA
.tclaim_loop
     8C76   A9 CA      LDA #&CA
     8C78   20 06 04   JSR &0406
     8C7B   90 F9      BCC &8C76
     8C7D   68         PLA
     8C7E   60         RTS
.TUBE_RELEASE
     8C7F   20 65 8C   JSR &8C65
     8C82   30 07      BMI &8C8B
.TUBE_RELEASE_NoCheck
     8C84   48         PHA
     8C85   A9 8A      LDA #&8A
     8C87   20 06 04   JSR &0406
     8C8A   68         PLA
.trelease_exit
     8C8B   60         RTS
.CheckESCAPE
     8C8C   24 FF      BIT &FF
     8C8E   10 1F      BPL &8CAF
.ReportESCAPE
     8C90   A9 7E      LDA #&7E
     8C92   20 F4 FF   JSR &FFF4
     8C95   20 68 80   JSR &8068
     8C98   11
     8C99   45 73 63 ...
     8C9F   00
.PrintHex100
     8CA0   48         PHA
     8CA1   20 19 82   JSR &8219
     8CA4   20 A8 8C   JSR &8CA8
     8CA7   68         PLA
.PrintNib100
     8CA8   20 1E 81   JSR &811E
     8CAB   9D 00 01   STA &0100,X
     8CAE   E8         INX
.noesc
     8CAF   60         RTS
.BootOptions
     8CB0   4C 2E 21 ...
     8CB7   0D
     8CB8   45 2E 21 ...
     8CBF   0D
.AUTOBOOT
     8CC0   A5 B3      LDA &B3
     8CC2   20 95 80   JSR &8095
Macro BOOT_NAME:
Macro BASE_NAME:
     8CC5   45 6C 65 ...
Macro SYSTEM_NAME:
     8CCE   4D 4D 46 ...
End macro SYSTEM_NAME
End macro BASE_NAME
Macro DEVICE_NAME:
End macro DEVICE_NAME
Macro DFS_EMUL_NAME:
End macro DFS_EMUL_NAME
     8CD3   0D
     8CD4   0D
End macro BOOT_NAME
     8CD5   90 0C      BCC &8CE3
.CMD_DISC
     8CD7   A6 F4      LDX &F4
     8CD9   BD F0 0D   LDA &0DF0,X
     8CDC   29 40      AND #&40
     8CDE   F0 01      BEQ &8CE1
     8CE0   60         RTS
.CMD_CARD
     8CE1   A9 FF      LDA #&FF
.initMMFS
     8CE3   20 8E 96   JSR &968E
     8CE6   48         PHA
     8CE7   A9 06      LDA #&06
     8CE9   20 2C 80   JSR &802C
     8CEC   A2 0D      LDX #&0D
.vectloop
     8CEE   BD FB 93   LDA &93FB,X
     8CF1   9D 12 02   STA &0212,X
     8CF4   CA         DEX
     8CF5   10 F7      BPL &8CEE
     8CF7   A9 A8      LDA #&A8
     8CF9   20 F4 93   JSR &93F4
     8CFC   84 B1      STY &B1
     8CFE   86 B0      STX &B0
     8D00   A2 07      LDX #&07
     8D02   A0 1B      LDY #&1B
.extendedvec_loop
     8D04   B9 EE 93   LDA &93EE,Y
     8D07   91 B0      STA (&B0),Y
     8D09   C8         INY
     8D0A   B9 EE 93   LDA &93EE,Y
     8D0D   91 B0      STA (&B0),Y
     8D0F   C8         INY
     8D10   A5 F4      LDA &F4
     8D12   91 B0      STA (&B0),Y
     8D14   C8         INY
     8D15   CA         DEX
     8D16   D0 EC      BNE &8D04
     8D18   8C 82 10   STY &1082
     8D1B   8C 83 10   STY &1083
     8D1E   86 CD      STX &CD
     8D20   8E AF 10   STX &10AF
     8D23   A2 0F      LDX #&0F
     8D25   A9 8F      LDA #&8F
     8D27   20 F4 FF   JSR &FFF4
     8D2A   20 E6 93   JSR &93E6
     8D2D   A0 D3      LDY #&D3
     8D2F   B1 B0      LDA (&B0),Y
     8D31   10 37      BPL &8D6A
     8D33   A0 D4      LDY #&D4
     8D35   B1 B0      LDA (&B0),Y
     8D37   30 5E      BMI &8D97
     8D39   20 CF 93   JSR &93CF
     8D3C   A0 00      LDY #&00
.copyfromPWStoSWS_loop
     8D3E   B1 B0      LDA (&B0),Y
     8D40   C0 C0      CPY #&C0
     8D42   90 05      BCC &8D49
     8D44   99 00 10   STA &1000,Y
     8D47   B0 03      BCS &8D4C
.copyfromPWS1
     8D49   99 00 11   STA &1100,Y
.copyfromPWS2
     8D4C   88         DEY
     8D4D   D0 EF      BNE &8D3E
     8D4F   20 45 A1   JSR &A145
     8D52   CD F0 10   CMP &10F0
     8D55   D0 16      BNE &8D6D
     8D57   A9 A0      LDA #&A0
.setchansloop
     8D59   A8         TAY
     8D5A   48         PHA
     8D5B   A9 3F      LDA #&3F
     8D5D   20 3A 98   JSR &983A
     8D60   68         PLA
     8D61   99 1D 11   STA &111D,Y
     8D64   E9 1F      SBC #&1F
     8D66   D0 F1      BNE &8D59
     8D68   F0 2D      BEQ &8D97
.initdfs_reset
     8D6A   20 CF 93   JSR &93CF
.setdefaults
     8D6D   A9 20      LDA #&20
     8D6F   8D C0 11   STA &11C0
     8D72   8D D0 11   STA &11D0
     8D75   A9 24      LDA #&24
     8D77   8D C9 10   STA &10C9
     8D7A   8D CB 10   STA &10CB
     8D7D   A9 00      LDA #&00
     8D7F   8D CC 10   STA &10CC
     8D82   A0 00      LDY #&00
     8D84   8C CA 10   STY &10CA
     8D87   8C C0 10   STY &10C0
     8D8A   88         DEY
     8D8B   8C C7 10   STY &10C7
     8D8E   8C C6 10   STY &10C6
     8D91   8C DD 10   STY &10DD
     8D94   20 CB 8D   JSR &8DCB
.initdfs_noreset
     8D97   20 65 8C   JSR &8C65
     8D9A   A9 FD      LDA #&FD
     8D9C   20 F4 93   JSR &93F4
     8D9F   E0 00      CPX #&00
     8DA1   F0 06      BEQ &8DA9
     8DA3   20 87 A7   JSR &A787
     8DA6   20 6D AD   JSR &AD6D
.skipautoload
     8DA9   68         PLA
     8DAA   D0 0B      BNE &8DB7
     8DAC   20 91 A1   JSR &A191
     8DAF   AD 06 0F   LDA &0F06
     8DB2   20 19 82   JSR &8219
     8DB5   D0 01      BNE &8DB8
.initdfs_exit
     8DB7   60         RTS
.notOPT0
     8DB8   A0 8C      LDY #&8C
     8DBA   A2 B0      LDX #&B0
     8DBC   C9 02      CMP #&02
     8DBE   90 08      BCC &8DC8
     8DC0   F0 04      BEQ &8DC6
     8DC2   A2 B8      LDX #&B8
     8DC4   D0 02      BNE &8DC8
.oscliOPT2
     8DC6   A2 BA      LDX #&BA
.jmpOSCLI
     8DC8   4C F7 FF   JMP &FFF7
.VIDRESET
     8DCB   A0 0F      LDY #&0F
     8DCD   A9 00      LDA #&00
.loop
     8DCF   99 E0 10   STA &10E0,Y
     8DD2   88         DEY
     8DD3   10 FA      BPL &8DCF
     8DD5   A9 01      LDA #&01
     8DD7   8D F0 10   STA &10F0
     8DDA   60         RTS
.MMFS_SERVICECALLS
     8DDB   20 5B B5   JSR &B55B
     8DDE   48         PHA
     8DDF   BD F0 0D   LDA &0DF0,X
     8DE2   30 1E      BMI &8E02
.lbl1
     8DE4   68         PLA
     8DE5   C9 12      CMP #&12
     8DE7   F0 31      BEQ &8E1A
     8DE9   C9 0B      CMP #&0B
     8DEB   B0 14      BCS &8E01
.label4
     8DED   0A         ASL A
     8DEE   AA         TAX
     8DEF   BD 05 8E   LDA &8E05,X
     8DF2   48         PHA
     8DF3   BD 04 8E   LDA &8E04,X
     8DF6   48         PHA
     8DF7   8A         TXA
     8DF8   A6 F4      LDX &F4
     8DFA   4A         LSR A
     8DFB   C9 0B      CMP #&0B
     8DFD   90 02      BCC &8E01
     8DFF   69 15      ADC #&15
.label3
.SERVICE_NULL
     8E01   60         RTS
.romdisabled
     8E02   68         PLA
     8E03   60         RTS
.data
     8E04   00 8E
     8E06   23 8E
     8E08   2A 8E
     8E0A   6B 8E
     8E0C   84 8E
     8E0E   00 8E
     8E10   00 8E
     8E12   00 8E
     8E14   90 8E
     8E16   EE 8E
     8E18   FF 8E
.SERVICE12_init_filesystem
Macro BP12K_NEST:
End macro BP12K_NEST
     8E1A   C0 04      CPY #&04
     8E1C   D0 E3      BNE &8E01
     8E1E   20 ED 83   JSR &83ED
     8E21   4C E1 8C   JMP &8CE1
.SERVICE01_claim_absworkspace
     8E24   C0 17      CPY #&17
     8E26   B0 02      BCS &8E2A
     8E28   A0 17      LDY #&17
.exit
     8E2A   60         RTS
.SERVICE02_claim_privworkspace
     8E2B   98         TYA
     8E2C   48         PHA
     8E2D   85 B1      STA &B1
     8E2F   BC F0 0D   LDY &0DF0,X
     8E32   98         TYA
     8E33   29 40      AND #&40
     8E35   05 B1      ORA &B1
     8E37   9D F0 0D   STA &0DF0,X
     8E3A   A9 00      LDA #&00
     8E3C   85 B0      STA &B0
     8E3E   C4 B1      CPY &B1
     8E40   F0 04      BEQ &8E46
     8E42   A0 D3      LDY #&D3
     8E44   91 B0      STA (&B0),Y
.samepage
     8E46   A9 FD      LDA #&FD
     8E48   20 F4 93   JSR &93F4
     8E4B   CA         DEX
     8E4C   8A         TXA
     8E4D   A0 D3      LDY #&D3
     8E4F   31 B0      AND (&B0),Y
     8E51   91 B0      STA (&B0),Y
     8E53   08         PHP
     8E54   C8         INY
     8E55   28         PLP
     8E56   10 07      BPL &8E5F
     8E58   B1 B0      LDA (&B0),Y
     8E5A   10 03      BPL &8E5F
     8E5C   20 6D 89   JSR &896D
.notsoft
     8E5F   A9 00      LDA #&00
     8E61   91 B0      STA (&B0),Y
     8E63   A6 F4      LDX &F4
     8E65   68         PLA
     8E66   A8         TAY
     8E67   A9 02      LDA #&02
     8E69   C8         INY
     8E6A   C8         INY
.srv3_exit
     8E6B   60         RTS
.SERVICE03_autoboot
Macro BP12K_NEST:
End macro BP12K_NEST
     8E6C   20 ED 83   JSR &83ED
     8E6F   84 B3      STY &B3
     8E71   A9 7A      LDA #&7A
     8E73   20 F4 FF   JSR &FFF4
     8E76   8A         TXA
     8E77   30 09      BMI &8E82
     8E79   C9 65      CMP #&65
     8E7B   D0 EE      BNE &8E6B
     8E7D   A9 78      LDA #&78
     8E7F   20 F4 FF   JSR &FFF4
.jmpAUTOBOOT
     8E82   4C C0 8C   JMP &8CC0
.SERVICE04_unrec_command
Macro BP12K_NEST:
End macro BP12K_NEST
     8E85   20 ED 83   JSR &83ED
     8E88   A2 8D      LDX #&8D
.jmpunreccmd
     8E8A   4C 1F 87   JMP &871F
.NotCmdTable22
     8E8D   A2 76      LDX #&76
     8E8F   D0 F9      BNE &8E8A
.SERVICE08_unrec_OSWORD
Macro BP12K_NEST:
End macro BP12K_NEST
     8E91   20 ED 83   JSR &83ED
     8E94   A4 EF      LDY &EF
     8E96   30 2F      BMI &8EC7
     8E98   C0 7D      CPY #&7D
     8E9A   90 2B      BCC &8EC7
     8E9C   AD 13 02   LDA &0213
     8E9F   C9 FF      CMP #&FF
     8EA1   D0 24      BNE &8EC7
     8EA3   AD 12 02   LDA &0212
     8EA6   C9 1B      CMP #&1B
     8EA8   D0 1D      BNE &8EC7
     8EAA   AD BC 0D   LDA &0DBC
     8EAD   C5 F4      CMP &F4
     8EAF   D0 16      BNE &8EC7
     8EB1   20 8E 96   JSR &968E
     8EB4   A6 F0      LDX &F0
     8EB6   86 B0      STX &B0
     8EB8   A6 F1      LDX &F1
     8EBA   86 B1      STX &B1
     8EBC   A4 EF      LDY &EF
     8EBE   C8         INY
     8EBF   10 07      BPL &8EC8
     8EC1   08         PHP
     8EC2   58         CLI
     8EC3   20 D9 B0   JSR &B0D9
     8EC6   28         PLP
.notMMFS
.exit
     8EC7   60         RTS
.notOSWORD7F
     8EC8   20 8B A1   JSR &A18B
     8ECB   C8         INY
     8ECC   30 08      BMI &8ED6
     8ECE   A0 00      LDY #&00
     8ED0   AD 04 0F   LDA &0F04
     8ED3   91 B0      STA (&B0),Y
     8ED5   60         RTS
.OSWORD7E
     8ED6   A9 00      LDA #&00
     8ED8   A8         TAY
     8ED9   91 B0      STA (&B0),Y
     8EDB   C8         INY
     8EDC   AD 07 0F   LDA &0F07
     8EDF   91 B0      STA (&B0),Y
     8EE1   C8         INY
     8EE2   AD 06 0F   LDA &0F06
     8EE5   29 03      AND #&03
     8EE7   91 B0      STA (&B0),Y
     8EE9   C8         INY
     8EEA   A9 00      LDA #&00
     8EEC   91 B0      STA (&B0),Y
     8EEE   60         RTS
.SERVICE09_help
     8EEF   20 ED 83   JSR &83ED
     8EF2   B1 F2      LDA (&F2),Y
     8EF4   A2 A3      LDX #&A3
     8EF6   C9 0D      CMP #&0D
     8EF8   D0 90      BNE &8E8A
     8EFA   98         TYA
     8EFB   A0 03      LDY #&03
     8EFD   4C 23 9A   JMP &9A23
.SERVICE0A_claim_statworkspace
     8F00   20 ED 83   JSR &83ED
     8F03   20 E6 93   JSR &93E6
     8F06   A0 D4      LDY #&D4
     8F08   B1 B0      LDA (&B0),Y
     8F0A   10 15      BPL &8F21
     8F0C   A0 00      LDY #&00
     8F0E   20 7A 96   JSR &967A
     8F11   20 6D 89   JSR &896D
     8F14   20 E6 93   JSR &93E6
     8F17   A0 D4      LDY #&D4
     8F19   A9 00      LDA #&00
     8F1B   91 B0      STA (&B0),Y
     8F1D   BA         TSX
     8F1E   9D 05 01   STA &0105,X
.exit
     8F21   60         RTS
.FILEV_ENTRY
     8F22   20 16 84   JSR &8416
     8F25   48         PHA
     8F26   20 CE 92   JSR &92CE
     8F29   86 B0      STX &B0
     8F2B   8E DB 10   STX &10DB
     8F2E   84 B1      STY &B1
     8F30   8C DC 10   STY &10DC
     8F33   A2 00      LDX #&00
     8F35   A0 00      LDY #&00
     8F37   20 39 81   JSR &8139
.filev_copyparams_loop
     8F3A   20 29 81   JSR &8129
     8F3D   C0 12      CPY #&12
     8F3F   D0 F9      BNE &8F3A
     8F41   68         PLA
     8F42   AA         TAX
     8F43   E8         INX
     8F44   E0 08      CPX #&08
     8F46   B0 08      BCS &8F50
     8F48   BD 3E 94   LDA &943E,X
     8F4B   48         PHA
     8F4C   BD 36 94   LDA &9436,X
     8F4F   48         PHA
.filev_unknownop
     8F50   A9 00      LDA #&00
     8F52   60         RTS
.FSCV_ENTRY
     8F53   C9 0C      CMP #&0C
     8F55   B0 F9      BCS &8F50
     8F57   86 B5      STX &B5
     8F59   AA         TAX
     8F5A   BD 2A 94   LDA &942A,X
     8F5D   48         PHA
     8F5E   BD 1E 94   LDA &941E,X
     8F61   48         PHA
     8F62   8A         TXA
     8F63   A6 B5      LDX &B5
     8F65   60         RTS
.GBPBV_ENTRY
     8F66   C9 09      CMP #&09
     8F68   B0 1D      BCS &8F87
     8F6A   20 ED 83   JSR &83ED
     8F6D   20 8E 96   JSR &968E
     8F70   8E 7D 10   STX &107D
     8F73   8C 7E 10   STY &107E
     8F76   A8         TAY
     8F77   4C 28 91   JMP &9128
.upgbpb
     8F7A   20 88 8F   JSR &8F88
     8F7D   08         PHP
     8F7E   2C 81 10   BIT &1081
     8F81   10 03      BPL &8F86
     8F83   20 84 8C   JSR &8C84
.gbpb_nottube
     8F86   28         PLP
.gbpbv_unrecop
     8F87   60         RTS
.gbpb_gosub
     8F88   B9 46 94   LDA &9446,Y
     8F8B   8D D7 10   STA &10D7
     8F8E   B9 4F 94   LDA &944F,Y
     8F91   8D D8 10   STA &10D8
     8F94   B9 58 94   LDA &9458,Y
     8F97   4A         LSR A
     8F98   08         PHP
     8F99   4A         LSR A
     8F9A   08         PHP
     8F9B   8D 7F 10   STA &107F
     8F9E   A0 0C      LDY #&0C
.gbpb_ctlblk_loop
     8FA0   B1 B4      LDA (&B4),Y
     8FA2   99 60 10   STA &1060,Y
     8FA5   88         DEY
     8FA6   10 F8      BPL &8FA0
     8FA8   AD 63 10   LDA &1063
     8FAB   2D 64 10   AND &1064
     8FAE   0D D6 10   ORA &10D6
     8FB1   18         CLC
     8FB2   69 01      ADC #&01
     8FB4   F0 06      BEQ &8FBC
     8FB6   20 75 8C   JSR &8C75
     8FB9   18         CLC
     8FBA   A9 FF      LDA #&FF
.gbpb_nottube1
     8FBC   8D 81 10   STA &1081
     8FBF   AD 7F 10   LDA &107F
     8FC2   B0 07      BCS &8FCB
     8FC4   A2 61      LDX #&61
     8FC6   A0 10      LDY #&10
     8FC8   20 06 04   JSR &0406
.gbpb_nottube2
     8FCB   28         PLP
     8FCC   B0 04      BCS &8FD2
     8FCE   28         PLP
.gbpb_jmpsub
     8FCF   6C D7 10   JMP (&10D7)
.gbpb_rw_seqptr
     8FD2   A2 03      LDX #&03
.gbpb_seqptr_loop1
     8FD4   BD 69 10   LDA &1069,X
     8FD7   95 B6      STA &B6,X
     8FD9   CA         DEX
     8FDA   10 F8      BPL &8FD4
     8FDC   A2 B6      LDX #&B6
     8FDE   AC 60 10   LDY &1060
     8FE1   A9 00      LDA #&00
     8FE3   28         PLP
     8FE4   B0 03      BCS &8FE9
     8FE6   20 74 99   JSR &9974
.gpbp_dontwriteseqptr
     8FE9   20 D9 96   JSR &96D9
     8FEC   A2 03      LDX #&03
.gbpb_seqptr_loop2
     8FEE   B5 B6      LDA &B6,X
     8FF0   9D 69 10   STA &1069,X
     8FF3   CA         DEX
     8FF4   10 F8      BPL &8FEE
.gbpb_rwdata
     8FF6   20 C6 90   JSR &90C6
     8FF9   30 0D      BMI &9008
.gbpb_data_loop
     8FFB   AC 60 10   LDY &1060
     8FFE   20 CF 8F   JSR &8FCF
     9001   B0 0D      BCS &9010
     9003   A2 09      LDX #&09
     9005   20 01 91   JSR &9101
.gbpb_data_loopin
     9008   A2 05      LDX #&05
     900A   20 01 91   JSR &9101
     900D   D0 EC      BNE &8FFB
     900F   18         CLC
.gbpb_data_loopout
     9010   08         PHP
     9011   20 C6 90   JSR &90C6
     9014   A2 05      LDX #&05
     9016   20 01 91   JSR &9101
     9019   20 D4 90   JSR &90D4
     901C   A0 0C      LDY #&0C
.gbpb_restorectlblk_loop
     901E   B9 60 10   LDA &1060,Y
     9021   91 B4      STA (&B4),Y
     9023   88         DEY
     9024   10 F8      BPL &901E
     9026   28         PLP
     9027   60         RTS
.gbpb8_rdfilescurdir
     9028   20 80 A1   JSR &A180
     902B   A9 37      LDA #&37
     902D   8D D7 10   STA &10D7
     9030   A9 90      LDA #&90
     9032   8D D8 10   STA &10D8
     9035   D0 BF      BNE &8FF6
.gbpb8_getbyte
     9037   AC 69 10   LDY &1069
.gbpb8_loop
     903A   CC 05 0F   CPY &0F05
     903D   B0 28      BCS &9067
     903F   B9 0F 0E   LDA &0E0F,Y
     9042   20 30 83   JSR &8330
     9045   45 CC      EOR &CC
     9047   B0 02      BCS &904B
     9049   29 DF      AND #&DF
.gbpb8_notalpha
     904B   29 7F      AND #&7F
     904D   F0 05      BEQ &9054
     904F   20 E7 87   JSR &87E7
     9052   D0 E6      BNE &903A
.gbpb8_filefound
     9054   A9 07      LDA #&07
     9056   20 ED 90   JSR &90ED
     9059   85 B0      STA &B0
.gbpb8_copyfn_loop
     905B   B9 08 0E   LDA &0E08,Y
     905E   20 ED 90   JSR &90ED
     9061   C8         INY
     9062   C6 B0      DEC &B0
     9064   D0 F5      BNE &905B
     9066   18         CLC
.gbpb8_endofcat
     9067   8C 69 10   STY &1069
     906A   AD 04 0F   LDA &0F04
     906D   8D 60 10   STA &1060
     9070   60         RTS
.gbpb5_getmediatitle
     9071   20 80 A1   JSR &A180
     9074   A9 0C      LDA #&0C
     9076   20 ED 90   JSR &90ED
     9079   A0 00      LDY #&00
.gbpb5_titleloop
     907B   C0 08      CPY #&08
     907D   B0 05      BCS &9084
     907F   B9 00 0E   LDA &0E00,Y
     9082   90 03      BCC &9087
.gbpb5_titlehi
     9084   B9 F8 0E   LDA &0EF8,Y
.gbpb5_titlelo
     9087   20 ED 90   JSR &90ED
     908A   C8         INY
     908B   C0 0C      CPY #&0C
     908D   D0 EC      BNE &907B
     908F   AD 06 0F   LDA &0F06
     9092   20 19 82   JSR &8219
     9095   20 ED 90   JSR &90ED
     9098   A5 CD      LDA &CD
     909A   4C ED 90   JMP &90ED
.gbpb6_rdcurdirdevice
     909D   20 E4 90   JSR &90E4
     90A0   AD CA 10   LDA &10CA
     90A3   20 DF 90   JSR &90DF
     90A6   AD C9 10   LDA &10C9
     90A9   D0 42      BNE &90ED
.gbpb7_rdcurlibdevice
     90AB   20 E4 90   JSR &90E4
     90AE   AD CC 10   LDA &10CC
     90B1   20 DF 90   JSR &90DF
     90B4   AD CB 10   LDA &10CB
     90B7   D0 34      BNE &90ED
.gpbp_B8memptr
     90B9   AE 61 10   LDX &1061
     90BC   86 B8      STX &B8
     90BE   AE 62 10   LDX &1062
     90C1   86 B9      STX &B9
     90C3   A2 00      LDX #&00
     90C5   60         RTS
.gbpb_bytesxferinvert
     90C6   A2 03      LDX #&03
.gbpb_bytesxferinvert_loop
     90C8   A9 FF      LDA #&FF
     90CA   5D 65 10   EOR &1065,X
     90CD   9D 65 10   STA &1065,X
     90D0   CA         DEX
     90D1   10 F5      BPL &90C8
     90D3   60         RTS
.gbpb_wordB4_word107D
     90D4   AD 7D 10   LDA &107D
     90D7   85 B4      STA &B4
     90D9   AD 7E 10   LDA &107E
     90DC   85 B5      STA &B5
     90DE   60         RTS
.gbpb_gb_SAVEBYTE_and_gbpb_SAVE_01
     90DF   09 30      ORA #&30
     90E1   20 ED 90   JSR &90ED
.gbpb_SAVE_01
     90E4   A9 01      LDA #&01
     90E6   D0 05      BNE &90ED
.gbpb_getbyteSAVEBYTE
     90E8   20 E7 97   JSR &97E7
     90EB   B0 1F      BCS &910C
.gbpb_gb_SAVEBYTE
     90ED   2C 81 10   BIT &1081
     90F0   10 05      BPL &90F7
     90F2   8D E5 FC   STA &FCE5
     90F5   30 05      BMI &90FC
.gBpb_gb_fromhost
     90F7   20 B9 90   JSR &90B9
     90FA   81 B8      STA (&B8,X)
.gbpb_incDataPtr
     90FC   20 ED 83   JSR &83ED
     90FF   A2 01      LDX #&01
.gbpb_incdblword1060X
     9101   A0 04      LDY #&04
.gbpb_incdblword_loop
     9103   FE 60 10   INC &1060,X
     9106   D0 04      BNE &910C
     9108   E8         INX
     9109   88         DEY
     910A   D0 F7      BNE &9103
.gbpb_incdblworkd_exit
     910C   60         RTS
.gbpb_putbytes
     910D   20 15 91   JSR &9115
     9110   20 A4 98   JSR &98A4
     9113   18         CLC
     9114   60         RTS
.gpbp_pb_LOADBYTE
     9115   2C 81 10   BIT &1081
     9118   10 06      BPL &9120
     911A   AD E5 FC   LDA &FCE5
     911D   4C FC 90   JMP &90FC
.gbpb_pb_fromhost
     9120   20 B9 90   JSR &90B9
     9123   A1 B8      LDA (&B8,X)
     9125   4C FC 90   JMP &90FC
.fastgb
     9128   20 D4 90   JSR &90D4
     912B   B9 58 94   LDA &9458,Y
     912E   29 03      AND #&03
     9130   4A         LSR A
     9131   F0 4A      BEQ &917D
     9133   8C 6D 10   STY &106D
     9136   A0 0C      LDY #&0C
.copyl0
     9138   B1 B4      LDA (&B4),Y
     913A   99 60 10   STA &1060,Y
     913D   88         DEY
     913E   10 F8      BPL &9138
     9140   A8         TAY
     9141   A2 03      LDX #&03
.initl
     9143   BD 65 10   LDA &1065,X
     9146   9D 6E 10   STA &106E,X
     9149   CA         DEX
     914A   10 F7      BPL &9143
     914C   AD 69 10   LDA &1069
     914F   90 09      BCC &915A
     9151   98         TYA
     9152   20 1E 82   JSR &821E
     9155   A8         TAY
     9156   B9 10 11   LDA &1110,Y
     9159   18         CLC
.dcptr
     915A   49 FF      EOR #&FF
     915C   69 01      ADC #&01
     915E   A0 FC      LDY #&FC
.hdrext
     9160   99 69 0F   STA &0F69,Y
     9163   A9 00      LDA #&00
     9165   C8         INY
     9166   D0 F8      BNE &9160
     9168   20 96 92   JSR &9296
     916B   90 02      BCC &916F
     916D   D0 46      BNE &91B5
.trailr
     916F   20 AC 92   JSR &92AC
.drain
     9172   A9 60      LDA #&60
     9174   85 B4      STA &B4
     9176   A9 10      LDA #&10
     9178   85 B5      STA &B5
     917A   AC 6D 10   LDY &106D
.chain
     917D   4C 7A 8F   JMP &8F7A
.morfst
     9180   AD 71 10   LDA &1071
     9183   20 A5 92   JSR &92A5
     9186   D0 32      BNE &91BA
     9188   8D 66 10   STA &1066
     918B   8D 67 10   STA &1067
     918E   AD 6E 10   LDA &106E
     9191   D0 DC      BNE &916F
     9193   18         CLC
.fgbfin
     9194   08         PHP
     9195   20 AC 92   JSR &92AC
     9198   28         PLP
     9199   20 D4 90   JSR &90D4
     919C   A0 0C      LDY #&0C
.retnl
     919E   B9 60 10   LDA &1060,Y
     91A1   91 B4      STA (&B4),Y
     91A3   88         DEY
     91A4   10 F8      BPL &919E
     91A6   60         RTS
.setmax
     91A7   8D 67 10   STA &1067
     91AA   0D 66 10   ORA &1066
     91AD   D0 4B      BNE &91FA
.throw
     91AF   A0 FD      LDY #&FD
     91B1   A9 01      LDA #&01
     91B3   D0 AB      BNE &9160
.align
     91B5   20 72 91   JSR &9172
     91B8   B0 DA      BCS &9194
.dofast
     91BA   AE 71 10   LDX &1071
     91BD   F0 02      BEQ &91C1
     91BF   A2 FF      LDX #&FF
.sclamp
     91C1   8A         TXA
     91C2   0D 70 10   ORA &1070
     91C5   8D 67 10   STA &1067
     91C8   8A         TXA
     91C9   0D 6F 10   ORA &106F
     91CC   AA         TAX
     91CD   AD C2 10   LDA &10C2
     91D0   38         SEC
     91D1   6D 6D 10   ADC &106D
     91D4   49 04      EOR #&04
     91D6   29 E4      AND #&E4
     91D8   A8         TAY
     91D9   B9 15 11   LDA &1115,Y
     91DC   38         SEC
     91DD   ED 6A 10   SBC &106A
     91E0   8D 66 10   STA &1066
     91E3   B9 16 11   LDA &1116,Y
     91E6   ED 6B 10   SBC &106B
     91E9   90 C4      BCC &91AF
     91EB   CD 67 10   CMP &1067
     91EE   90 B7      BCC &91A7
     91F0   D0 05      BNE &91F7
     91F2   EC 66 10   CPX &1066
     91F5   B0 B0      BCS &91A7
.sectr0
     91F7   8E 66 10   STX &1066
.sectr1
     91FA   AC C2 10   LDY &10C2
     91FD   20 7E 94   JSR &947E
     9200   20 42 98   JSR &9842
     9203   A9 3F      LDA #&3F
     9205   99 1D 11   STA &111D,Y
     9208   20 3A 98   JSR &983A
     920B   AD 61 10   LDA &1061
     920E   85 BC      STA &BC
     9210   AD 62 10   LDA &1062
     9213   85 BD      STA &BD
     9215   AD 63 10   LDA &1063
     9218   8D 74 10   STA &1074
     921B   AD 64 10   LDA &1064
     921E   8D 75 10   STA &1075
     9221   B9 0F 11   LDA &110F,Y
     9224   18         CLC
     9225   6D 6A 10   ADC &106A
     9228   85 C3      STA &C3
     922A   B9 0D 11   LDA &110D,Y
     922D   6D 6B 10   ADC &106B
     9230   29 03      AND #&03
     9232   85 C2      STA &C2
     9234   A9 00      LDA #&00
     9236   85 C0      STA &C0
     9238   AD 66 10   LDA &1066
     923B   85 C1      STA &C1
     923D   AD 67 10   LDA &1067
     9240   20 1F 82   JSR &821F
     9243   05 C2      ORA &C2
     9245   85 C2      STA &C2
     9247   AD 6D 10   LDA &106D
     924A   EE DD 10   INC &10DD
     924D   20 BC 92   JSR &92BC
     9250   CE DD 10   DEC &10DD
     9253   20 96 92   JSR &9296
     9256   AC 66 10   LDY &1066
     9259   98         TYA
     925A   18         CLC
     925B   6D 62 10   ADC &1062
     925E   8D 62 10   STA &1062
     9261   AE 67 10   LDX &1067
     9264   8A         TXA
     9265   6D 63 10   ADC &1063
     9268   8D 63 10   STA &1063
     926B   90 03      BCC &9270
     926D   EE 64 10   INC &1064
.updp
     9270   98         TYA
     9271   AC C2 10   LDY &10C2
     9274   18         CLC
     9275   79 11 11   ADC &1111,Y
     9278   99 11 11   STA &1111,Y
     927B   8D 6A 10   STA &106A
     927E   8A         TXA
     927F   79 12 11   ADC &1112,Y
     9282   99 12 11   STA &1112,Y
     9285   8D 6B 10   STA &106B
     9288   98         TYA
     9289   20 E7 99   JSR &99E7
     928C   90 05      BCC &9293
     928E   F0 03      BEQ &9293
     9290   20 52 99   JSR &9952
.doneit
     9293   4C 80 91   JMP &9180
.subwk
     9296   38         SEC
     9297   A2 FC      LDX #&FC
.subwkl
     9299   BD 72 0F   LDA &0F72,X
     929C   FD 69 0F   SBC &0F69,X
     929F   9D 72 0F   STA &0F72,X
     92A2   E8         INX
     92A3   D0 F4      BNE &9299
.testl
     92A5   0D 70 10   ORA &1070
     92A8   0D 6F 10   ORA &106F
     92AB   60         RTS
.addtol
     92AC   18         CLC
     92AD   A2 FC      LDX #&FC
.addl
     92AF   BD 72 0F   LDA &0F72,X
     92B2   7D 69 0F   ADC &0F69,X
     92B5   9D 69 0F   STA &0F69,X
     92B8   E8         INX
     92B9   D0 F4      BNE &92AF
     92BB   60         RTS
.docmd
     92BC   C9 03      CMP #&03
     92BE   90 03      BCC &92C3
.dordcmd
     92C0   4C 34 88   JMP &8834
.dowrcmd
     92C3   4C 41 88   JMP &8841
.fscv_osabouttoproccmd
     92C6   2C C7 10   BIT &10C7
     92C9   30 03      BMI &92CE
     92CB   CE C7 10   DEC &10C7
.parameter_fsp
     92CE   A9 FF      LDA #&FF
     92D0   8D CE 10   STA &10CE
.param_out
     92D3   8D CD 10   STA &10CD
     92D6   60         RTS
.parameter_afsp
     92D7   A9 2A      LDA #&2A
     92D9   8D CE 10   STA &10CE
     92DC   A9 23      LDA #&23
     92DE   D0 F3      BNE &92D3
.osfile5_rdcatinfo
     92E0   20 9A 93   JSR &939A
     92E3   20 8E 83   JSR &838E
     92E6   A9 01      LDA #&01
     92E8   60         RTS
.osfile6_delfile
     92E9   20 77 93   JSR &9377
     92EC   20 8E 83   JSR &838E
     92EF   20 14 83   JSR &8314
     92F2   4C 19 93   JMP &9319
.osfile1_updatecat
     92F5   20 9A 93   JSR &939A
     92F8   20 1F 93   JSR &931F
     92FB   20 3B 93   JSR &933B
     92FE   50 16      BVC &9316
.osfile3_wrexecaddr
     9300   20 9A 93   JSR &939A
     9303   20 3B 93   JSR &933B
     9306   50 11      BVC &9319
.osfile2_wrloadaddr
     9308   20 9A 93   JSR &939A
     930B   20 1F 93   JSR &931F
     930E   50 09      BVC &9319
.osfile4_wrattribs
     9310   20 9A 93   JSR &939A
     9313   20 8F 93   JSR &938F
.osfile_updatelocksavecat
     9316   20 5E 93   JSR &935E
.osfile_savecat_retA_1
     9319   20 95 A1   JSR &A195
     931C   A9 01      LDA #&01
     931E   60         RTS
.osfile_update_loadaddr_Xoffset
     931F   20 ED 83   JSR &83ED
     9322   A0 02      LDY #&02
     9324   B1 B0      LDA (&B0),Y
     9326   9D 08 0F   STA &0F08,X
     9329   C8         INY
     932A   B1 B0      LDA (&B0),Y
     932C   9D 09 0F   STA &0F09,X
     932F   C8         INY
     9330   B1 B0      LDA (&B0),Y
     9332   0A         ASL A
     9333   0A         ASL A
     9334   5D 0E 0F   EOR &0F0E,X
     9337   29 0C      AND #&0C
     9339   10 1B      BPL &9356
.osfile_update_execaddr_Xoffset
     933B   20 ED 83   JSR &83ED
     933E   A0 06      LDY #&06
     9340   B1 B0      LDA (&B0),Y
     9342   9D 0A 0F   STA &0F0A,X
     9345   C8         INY
     9346   B1 B0      LDA (&B0),Y
     9348   9D 0B 0F   STA &0F0B,X
     934B   C8         INY
     934C   B1 B0      LDA (&B0),Y
     934E   6A         ROR A
     934F   6A         ROR A
     9350   6A         ROR A
     9351   5D 0E 0F   EOR &0F0E,X
     9354   29 C0      AND #&C0
.osfile_savemixedbyte
     9356   5D 0E 0F   EOR &0F0E,X
     9359   9D 0E 0F   STA &0F0E,X
     935C   B8         CLV
     935D   60         RTS
.osfile_updatelock
     935E   20 ED 83   JSR &83ED
     9361   A0 0E      LDY #&0E
     9363   B1 B0      LDA (&B0),Y
     9365   29 0A      AND #&0A
     9367   F0 02      BEQ &936B
     9369   A9 80      LDA #&80
.osfile_notlocked
     936B   5D 0F 0E   EOR &0E0F,X
     936E   29 80      AND #&80
     9370   5D 0F 0E   EOR &0E0F,X
     9373   9D 0F 0E   STA &0E0F,X
     9376   60         RTS
.CheckFileNotLocked
     9377   20 A4 93   JSR &93A4
     937A   90 23      BCC &939F
.CheckFileNotLockedY
     937C   B9 0F 0E   LDA &0E0F,Y
     937F   10 22      BPL &93A3
.errFILELOCKED
     9381   20 58 80   JSR &8058
     9384   C3
     9385   4C 6F 63 ...
     938B   00
.CheckFileNotLockedOrOpenY
     938C   20 7C 93   JSR &937C
.CheckFileNotOpenY
     938F   20 ED 83   JSR &83ED
     9392   20 23 96   JSR &9623
     9395   90 21      BCC &93B8
     9397   4C 87 95   JMP &9587
.CheckFileExists
     939A   20 A4 93   JSR &93A4
     939D   B0 19      BCS &93B8
.ExitCallingSubroutine
     939F   68         PLA
     93A0   68         PLA
     93A1   A9 00      LDA #&00
.chklock_exit
     93A3   60         RTS
.read_fspBA_findcatentry
     93A4   20 49 81   JSR &8149
     93A7   20 77 82   JSR &8277
     93AA   90 0C      BCC &93B8
     93AC   98         TYA
     93AD   AA         TAX
.SetParamBlockPointerB0
     93AE   AD DB 10   LDA &10DB
     93B1   85 B0      STA &B0
     93B3   AD DC 10   LDA &10DC
     93B6   85 B1      STA &B1
.checkexit
     93B8   60         RTS
.CalcRAM
     93B9   A9 83      LDA #&83
     93BB   20 F4 FF   JSR &FFF4
     93BE   8C CF 10   STY &10CF
     93C1   A9 84      LDA #&84
     93C3   20 F4 FF   JSR &FFF4
     93C6   98         TYA
     93C7   38         SEC
     93C8   ED CF 10   SBC &10CF
     93CB   8D D0 10   STA &10D0
     93CE   60         RTS
.ClaimStaticWorkspace
     93CF   A2 0A      LDX #&0A
     93D1   A9 8F      LDA #&8F
     93D3   20 F4 FF   JSR &FFF4
     93D6   20 E6 93   JSR &93E6
     93D9   A0 D3      LDY #&D3
     93DB   A9 FF      LDA #&FF
     93DD   91 B0      STA (&B0),Y
     93DF   8D D3 10   STA &10D3
     93E2   C8         INY
     93E3   91 B0      STA (&B0),Y
     93E5   60         RTS
.SetPrivateWorkspacePointerB0
     93E6   A9 00      LDA #&00
     93E8   85 B0      STA &B0
     93EA   A6 F4      LDX &F4
     93EC   BD F0 0D   LDA &0DF0,X
     93EF   29 3F      AND #&3F
     93F1   85 B1      STA &B1
     93F3   60         RTS
.osbyte_X0YFF
     93F4   A2 00      LDX #&00
.osbyte_YFF
     93F6   A0 FF      LDY #&FF
     93F8   4C F4 FF   JMP &FFF4
.vectors_table
     93FB   1B FF
     93FD   1E FF
     93FF   21 FF
     9401   24 FF
     9403   27 FF
     9405   2A FF
     9407   2D FF
.extendedvectors_table
     9409   22 8F
     940B   00         BRK
     940C   9B 96
     940E   00         BRK
     940F   E7 97
     9411   00         BRK
     9412   A4 98
     9414   00         BRK
     9415   66 8F
     9417   00         BRK
     9418   C0 94
     941A   00         BRK
     941B   53 8F
     941D   00         BRK
.fscv_table1
     941E   41
     941F   B3
     9420   94
     9421   19
     9422   94
     9423   66
     9424   65
     9425   60
     9426   C5
     9427   44
     9428   63
     9429   94
.fscv_table2
     942A   8A
     942B   97
     942C   88
     942D   87
     942E   88
     942F   84
     9430   94
     9431   94
     9432   92
     9433   82
     9434   82
     9435   88
.finv_tablelo
     9436   01
     9437   37
     9438   F4
     9439   07
     943A   FF
     943B   0F
     943C   DF
     943D   E8
.finv_tablehi
     943E   88
     943F   88
     9440   92
     9441   93
     9442   92
     9443   93
     9444   92
     9445   92
.gbpbv_table1
     9446   C4
     9447   0D
     9448   0D
     9449   E8
     944A   E8
     944B   71
     944C   9D
     944D   AB
     944E   28
.gbpbv_table2
     944F   82
     9450   91
     9451   91
     9452   90
     9453   90
     9454   90
     9455   90
     9456   90
     9457   90
.gbpbv_table3
     9458   04
     9459   02
     945A   03
     945B   06
     945C   07
     945D   04
     945E   04
     945F   04
     9460   04
.fscv7_hndlrange
     9461   A2 11      LDX #&11
     9463   A0 15      LDY #&15
.closeallfiles_exit
     9465   60         RTS
.fscv6_shutdownfilesys
     9466   20 ED 83   JSR &83ED
.CloseSPOOLEXECfiles
     9469   A9 77      LDA #&77
     946B   4C F4 FF   JMP &FFF4
.CMD_CLOSE
.CloseAllFiles_Osbyte77
     946E   20 69 94   JSR &9469
.CloseAllFiles
     9471   A9 00      LDA #&00
.closeallfiles_loop
     9473   18         CLC
     9474   69 20      ADC #&20
     9476   F0 ED      BEQ &9465
     9478   A8         TAY
     9479   20 CD 94   JSR &94CD
     947C   D0 F5      BNE &9473
.Channel_SetDirDrv_GetCatEntry_Yintch
     947E   20 99 94   JSR &9499
.Channel_GetCatEntry_Yintch
     9481   A2 06      LDX #&06
.chnl_getcatloop
     9483   B9 0C 11   LDA &110C,Y
     9486   95 C5      STA &C5,X
     9488   88         DEY
     9489   88         DEY
     948A   CA         DEX
     948B   10 F6      BPL &9483
     948D   20 82 82   JSR &8282
     9490   90 22      BCC &94B4
     9492   8C C3 10   STY &10C3
     9495   AC C2 10   LDY &10C2
.chkdskchangexit
     9498   60         RTS
.Channel_SetDirDrive_Yintch
     9499   B9 0E 11   LDA &110E,Y
     949C   29 7F      AND #&7F
     949E   85 CC      STA &CC
     94A0   B9 17 11   LDA &1117,Y
     94A3   4C F1 8B   JMP &8BF1
.CheckForDiskChange
     94A6   20 ED 83   JSR &83ED
     94A9   AD 04 0F   LDA &0F04
     94AC   20 8E A1   JSR &A18E
     94AF   CD 04 0F   CMP &0F04
     94B2   F0 E4      BEQ &9498
.errDISKCHANGED
     94B4   20 43 80   JSR &8043
     94B7   C8
     94B8   63 68 61 ...
     94BF   00
.FINDV_ENTRY
     94C0   29 C0      AND #&C0
     94C2   D0 59      BNE &951D
     94C4   20 ED 83   JSR &83ED
.CloseFiles_Yhandle
     94C7   98         TYA
     94C8   F0 A4      BEQ &946E
     94CA   20 C8 97   JSR &97C8
.CloseFile_Yintch
     94CD   48         PHA
     94CE   20 53 97   JSR &9753
     94D1   B0 45      BCS &9518
     94D3   B9 1B 11   LDA &111B,Y
     94D6   49 FF      EOR #&FF
     94D8   2D C0 10   AND &10C0
     94DB   8D C0 10   STA &10C0
     94DE   B9 17 11   LDA &1117,Y
     94E1   29 60      AND #&60
     94E3   F0 33      BEQ &9518
     94E5   20 7E 94   JSR &947E
     94E8   B9 17 11   LDA &1117,Y
     94EB   29 20      AND #&20
     94ED   F0 26      BEQ &9515
     94EF   AE C3 10   LDX &10C3
     94F2   B9 14 11   LDA &1114,Y
     94F5   9D 0C 0F   STA &0F0C,X
     94F8   B9 15 11   LDA &1115,Y
     94FB   9D 0D 0F   STA &0F0D,X
     94FE   B9 16 11   LDA &1116,Y
     9501   20 1F 82   JSR &821F
     9504   5D 0E 0F   EOR &0F0E,X
     9507   29 30      AND #&30
     9509   5D 0E 0F   EOR &0F0E,X
     950C   9D 0E 0F   STA &0F0E,X
     950F   20 95 A1   JSR &A195
     9512   AC C2 10   LDY &10C2
.closefile_buftodisk
     9515   20 42 98   JSR &9842
.closefile_exit
     9518   AE C5 10   LDX &10C5
     951B   68         PLA
     951C   60         RTS
.findvnot0_openfile
     951D   20 16 84   JSR &8416
     9520   86 BA      STX &BA
     9522   84 BB      STY &BB
     9524   85 B4      STA &B4
     9526   24 B4      BIT &B4
     9528   08         PHP
     9529   20 49 81   JSR &8149
     952C   20 CE 92   JSR &92CE
     952F   20 77 82   JSR &8277
     9532   B0 22      BCS &9556
     9534   A9 00      LDA #&00
     9536   28         PLP
     9537   50 01      BVC &953A
     9539   60         RTS
.findv_createfile
     953A   08         PHP
     953B   A2 07      LDX #&07
.findv_loop1
     953D   95 BC      STA &BC,X
     953F   9D 74 10   STA &1074,X
     9542   CA         DEX
     9543   10 F8      BPL &953D
     9545   C6 BE      DEC &BE
     9547   C6 BF      DEC &BF
     9549   CE 76 10   DEC &1076
     954C   CE 77 10   DEC &1077
     954F   A9 40      LDA #&40
     9551   85 C3      STA &C3
     9553   20 9D 8A   JSR &8A9D
.findv_filefound
     9556   28         PLP
     9557   08         PHP
     9558   70 03      BVS &955D
     955A   20 7C 93   JSR &937C
.findv_readorupdate
     955D   20 23 96   JSR &9623
     9560   90 0E      BCC &9570
.findv_loop2
     9562   B9 0C 11   LDA &110C,Y
     9565   10 20      BPL &9587
     9567   28         PLP
     9568   08         PHP
     9569   30 1C      BMI &9587
     956B   20 1E 96   JSR &961E
     956E   B0 F2      BCS &9562
.findv_openchannel
     9570   AC C2 10   LDY &10C2
     9573   D0 1B      BNE &9590
.errTOOMANYFILESOPEN
     9575   20 58 80   JSR &8058
     9578   C0
     9579   54 6F 6F ...
     9586   00
.errFILEOPEN
     9587   20 58 80   JSR &8058
     958A   C2
     958B   4F 70 65 ...
     958F   00
.SetupChannelInfoBlock_Yintch
     9590   A9 08      LDA #&08
     9592   8D C4 10   STA &10C4
.chnlblock_loop1
     9595   BD 08 0E   LDA &0E08,X
     9598   99 00 11   STA &1100,Y
     959B   C8         INY
     959C   BD 08 0F   LDA &0F08,X
     959F   99 00 11   STA &1100,Y
     95A2   C8         INY
     95A3   E8         INX
     95A4   CE C4 10   DEC &10C4
     95A7   D0 EC      BNE &9595
     95A9   A2 10      LDX #&10
     95AB   A9 00      LDA #&00
.chnlblock_loop2
     95AD   99 00 11   STA &1100,Y
     95B0   C8         INY
     95B1   CA         DEX
     95B2   D0 F9      BNE &95AD
     95B4   AD C2 10   LDA &10C2
     95B7   A8         TAY
     95B8   20 18 82   JSR &8218
     95BB   69 11      ADC #&11
     95BD   99 13 11   STA &1113,Y
     95C0   AD C1 10   LDA &10C1
     95C3   99 1B 11   STA &111B,Y
     95C6   0D C0 10   ORA &10C0
     95C9   8D C0 10   STA &10C0
     95CC   B9 09 11   LDA &1109,Y
     95CF   69 FF      ADC #&FF
     95D1   B9 0B 11   LDA &110B,Y
     95D4   69 00      ADC #&00
     95D6   99 19 11   STA &1119,Y
     95D9   B9 0D 11   LDA &110D,Y
     95DC   09 0F      ORA #&0F
     95DE   69 00      ADC #&00
     95E0   20 11 82   JSR &8211
     95E3   99 1A 11   STA &111A,Y
     95E6   28         PLP
     95E7   50 2E      BVC &9617
     95E9   30 08      BMI &95F3
     95EB   A9 80      LDA #&80
     95ED   19 0C 11   ORA &110C,Y
     95F0   99 0C 11   STA &110C,Y
.chnlblock_setEXT
     95F3   B9 09 11   LDA &1109,Y
     95F6   99 14 11   STA &1114,Y
     95F9   B9 0B 11   LDA &110B,Y
     95FC   99 15 11   STA &1115,Y
     95FF   B9 0D 11   LDA &110D,Y
     9602   20 11 82   JSR &8211
     9605   99 16 11   STA &1116,Y
.chnlblock_cont
     9608   A5 CD      LDA &CD
     960A   19 17 11   ORA &1117,Y
     960D   99 17 11   STA &1117,Y
     9610   98         TYA
     9611   20 18 82   JSR &8218
     9614   09 10      ORA #&10
     9616   60         RTS
.chnlblock_setBit5
     9617   A9 20      LDA #&20
     9619   99 17 11   STA &1117,Y
     961C   D0 EA      BNE &9608
.IsFileOpenContinue
     961E   8A         TXA
     961F   48         PHA
     9620   4C 62 96   JMP &9662
.IsFileOpen_Yoffset
     9623   A9 00      LDA #&00
     9625   8D C2 10   STA &10C2
     9628   A9 08      LDA #&08
     962A   85 B5      STA &B5
     962C   98         TYA
     962D   AA         TAX
     962E   A0 A0      LDY #&A0
.fop_main_loop
     9630   84 B3      STY &B3
     9632   8A         TXA
     9633   48         PHA
     9634   A9 08      LDA #&08
     9636   85 B2      STA &B2
     9638   A5 B5      LDA &B5
     963A   2C C0 10   BIT &10C0
     963D   F0 1D      BEQ &965C
     963F   B9 17 11   LDA &1117,Y
     9642   45 CD      EOR &CD
     9644   29 03      AND #&03
     9646   D0 1A      BNE &9662
.fop_cmpfn_loop
     9648   BD 08 0E   LDA &0E08,X
     964B   59 00 11   EOR &1100,Y
     964E   29 7F      AND #&7F
     9650   D0 10      BNE &9662
     9652   E8         INX
     9653   C8         INY
     9654   C8         INY
     9655   C6 B2      DEC &B2
     9657   D0 EF      BNE &9648
     9659   38         SEC
     965A   B0 10      BCS &966C
.fop_channelnotopen
     965C   8C C2 10   STY &10C2
     965F   8D C1 10   STA &10C1
.fop_nothisfile
     9662   38         SEC
     9663   A5 B3      LDA &B3
     9665   E9 20      SBC #&20
     9667   85 B3      STA &B3
     9669   06 B5      ASL &B5
     966B   18         CLC
.fop_matchifCset
     966C   68         PLA
     966D   AA         TAX
     966E   A4 B3      LDY &B3
     9670   A5 B5      LDA &B5
     9672   B0 02      BCS &9676
     9674   D0 BA      BNE &9630
.fop_exit
     9676   60         RTS
.ChannelBufferToDisk_Yhandle_A0
     9677   20 8E 96   JSR &968E
.ChannelBufferToDisk_Yhandle
     967A   AD C0 10   LDA &10C0
     967D   48         PHA
     967E   98         TYA
     967F   D0 05      BNE &9686
     9681   20 71 94   JSR &9471
     9684   F0 03      BEQ &9689
.chbuf1
     9686   20 C7 94   JSR &94C7
.chbuf2
     9689   68         PLA
     968A   8D C0 10   STA &10C0
     968D   60         RTS
.ReturnWithA0
     968E   48         PHA
     968F   8A         TXA
     9690   48         PHA
     9691   A9 00      LDA #&00
     9693   BA         TSX
     9694   9D 09 01   STA &0109,X
     9697   68         PLA
     9698   AA         TAX
     9699   68         PLA
     969A   60         RTS
.ARGSV_ENTRY
     969B   20 ED 83   JSR &83ED
     969E   C9 FF      CMP #&FF
     96A0   F0 D5      BEQ &9677
     96A2   C0 00      CPY #&00
     96A4   F0 12      BEQ &96B8
     96A6   C9 04      CMP #&04
     96A8   B0 27      BCS &96D1
     96AA   20 8E 96   JSR &968E
     96AD   C9 03      CMP #&03
     96AF   F0 47      BEQ &96F8
     96B1   C9 01      CMP #&01
     96B3   D0 24      BNE &96D9
     96B5   4C 74 99   JMP &9974
.argsv_Y0
     96B8   C9 02      CMP #&02
     96BA   B0 15      BCS &96D1
     96BC   20 8E 96   JSR &968E
     96BF   F0 11      BEQ &96D2
     96C1   A9 FF      LDA #&FF
     96C3   95 02      STA &02,X
     96C5   95 03      STA &03,X
     96C7   AD D9 10   LDA &10D9
     96CA   95 00      STA &00,X
     96CC   AD DA 10   LDA &10DA
     96CF   95 01      STA &01,X
.argsv_exit
     96D1   60         RTS
.argsv_filesysnumber
     96D2   A9 04      LDA #&04
     96D4   BA         TSX
     96D5   9D 05 01   STA &0105,X
     96D8   60         RTS
.argsv_rdseqptr_or_filelen
     96D9   20 C8 97   JSR &97C8
     96DC   8C C2 10   STY &10C2
     96DF   0A         ASL A
     96E0   6D C2 10   ADC &10C2
     96E3   A8         TAY
     96E4   B9 10 11   LDA &1110,Y
     96E7   95 00      STA &00,X
     96E9   B9 11 11   LDA &1111,Y
     96EC   95 01      STA &01,X
     96EE   B9 12 11   LDA &1112,Y
     96F1   95 02      STA &02,X
     96F3   A9 00      LDA #&00
     96F5   95 03      STA &03,X
     96F7   60         RTS
.argsv3
     96F8   20 C8 97   JSR &97C8
     96FB   20 64 99   JSR &9964
     96FE   B0 1E      BCS &971E
     9700   B9 10 11   LDA &1110,Y
     9703   48         PHA
     9704   B9 11 11   LDA &1111,Y
     9707   48         PHA
     9708   B9 12 11   LDA &1112,Y
     970B   48         PHA
     970C   20 7F 99   JSR &997F
     970F   68         PLA
     9710   99 12 11   STA &1112,Y
     9713   68         PLA
     9714   99 11 11   STA &1111,Y
     9717   68         PLA
     9718   99 10 11   STA &1110,Y
     971B   20 BD 99   JSR &99BD
.truncate
     971E   B9 0C 11   LDA &110C,Y
     9721   30 2A      BMI &974D
     9723   19 0E 11   ORA &110E,Y
     9726   30 28      BMI &9750
     9728   A9 20      LDA #&20
     972A   20 33 98   JSR &9833
     972D   B5 00      LDA &00,X
     972F   99 14 11   STA &1114,Y
     9732   B5 01      LDA &01,X
     9734   99 15 11   STA &1115,Y
     9737   B5 02      LDA &02,X
     9739   99 16 11   STA &1116,Y
     973C   8A         TXA
     973D   48         PHA
     973E   20 E6 99   JSR &99E6
     9741   68         PLA
     9742   AA         TAX
     9743   90 03      BCC &9748
     9745   20 AE 99   JSR &99AE
.dontchangeptr
     9748   A9 EF      LDA #&EF
     974A   4C 3A 98   JMP &983A
.filereadonly
     974D   4C 90 98   JMP &9890
.filelocked
     9750   4C 81 93   JMP &9381
.IsHndlinUse_Yintch
     9753   48         PHA
     9754   8E C5 10   STX &10C5
     9757   98         TYA
     9758   29 E0      AND #&E0
     975A   8D C2 10   STA &10C2
     975D   F0 13      BEQ &9772
     975F   20 18 82   JSR &8218
     9762   A8         TAY
     9763   A9 00      LDA #&00
     9765   38         SEC
.hndlinsue_loop
     9766   6A         ROR A
     9767   88         DEY
     9768   D0 FC      BNE &9766
     976A   AC C2 10   LDY &10C2
     976D   2C C0 10   BIT &10C0
     9770   D0 01      BNE &9773
.hndlinuse_notused_C1
     9772   38         SEC
.hndlinuse_used_C0
     9773   68         PLA
     9774   60         RTS
.conv_Yhndl_intch_exYintch
     9775   48         PHA
     9776   98         TYA
.conv_hndl_X_entry
     9777   C9 10      CMP #&10
     9779   90 04      BCC &977F
     977B   C9 18      CMP #&18
     977D   90 02      BCC &9781
.conv_hndl10
     977F   A9 08      LDA #&08
.conv_hndl18
     9781   20 1E 82   JSR &821E
     9784   A8         TAY
     9785   68         PLA
     9786   60         RTS
.ClearEXECSPOOLFileHandle
     9787   A9 C6      LDA #&C6
     9789   20 F4 93   JSR &93F4
     978C   8A         TXA
     978D   F0 09      BEQ &9798
     978F   20 AB 97   JSR &97AB
     9792   D0 04      BNE &9798
     9794   A9 C6      LDA #&C6
     9796   D0 0C      BNE &97A4
.ClearSpoolhandle
     9798   A9 C7      LDA #&C7
     979A   20 F4 93   JSR &93F4
     979D   20 AB 97   JSR &97AB
     97A0   D0 11      BNE &97B3
     97A2   A9 C7      LDA #&C7
.osbyte_X0Y0
     97A4   A2 00      LDX #&00
     97A6   A0 00      LDY #&00
     97A8   4C F4 FF   JMP &FFF4
.ConvertXhndl_exYintch
     97AB   8A         TXA
     97AC   A8         TAY
     97AD   20 75 97   JSR &9775
     97B0   CC C2 10   CPY &10C2
.clrsplhndl_exit
     97B3   60         RTS
.fscv1_EOF_Yhndl
     97B4   48         PHA
     97B5   98         TYA
     97B6   48         PHA
     97B7   8A         TXA
     97B8   A8         TAY
     97B9   20 E3 99   JSR &99E3
     97BC   D0 04      BNE &97C2
     97BE   A2 FF      LDX #&FF
     97C0   D0 02      BNE &97C4
.eof_NOTEND
     97C2   A2 00      LDX #&00
.eof_exit
     97C4   68         PLA
     97C5   A8         TAY
     97C6   68         PLA
.checkchannel_okexit
     97C7   60         RTS
.CheckChannel_Yhndl_exYintch
     97C8   20 75 97   JSR &9775
     97CB   20 53 97   JSR &9753
     97CE   90 F7      BCC &97C7
     97D0   20 87 97   JSR &9787
.errCHANNEL
     97D3   20 58 80   JSR &8058
     97D6   DE
     97D7   43 68 61 ...
     97DE   00
.errEOF
     97DF   20 58 80   JSR &8058
     97E2   DF
     97E3   45 4F 46 
     97E6   00
.BGETV_ENTRY
     97E7   20 16 84   JSR &8416
     97EA   20 E3 99   JSR &99E3
     97ED   D0 13      BNE &9802
     97EF   B9 17 11   LDA &1117,Y
     97F2   29 10      AND #&10
     97F4   D0 E9      BNE &97DF
     97F6   A9 10      LDA #&10
     97F8   20 33 98   JSR &9833
     97FB   AE C5 10   LDX &10C5
     97FE   A9 FE      LDA #&FE
     9800   38         SEC
     9801   60         RTS
.bg_notEOF
     9802   B9 17 11   LDA &1117,Y
     9805   30 0A      BMI &9811
     9807   20 99 94   JSR &9499
     980A   20 42 98   JSR &9842
     980D   38         SEC
     980E   20 4A 98   JSR &984A
.bg_samesector1
     9811   20 FF 99   JSR &99FF
     9814   A1 BA      LDA (&BA,X)
     9816   18         CLC
     9817   60         RTS
.CalcBufferSectorForPTR
     9818   18         CLC
     9819   B9 0F 11   LDA &110F,Y
     981C   79 11 11   ADC &1111,Y
     981F   85 C3      STA &C3
     9821   99 1C 11   STA &111C,Y
     9824   B9 0D 11   LDA &110D,Y
     9827   29 03      AND #&03
     9829   79 12 11   ADC &1112,Y
     982C   85 C2      STA &C2
     982E   99 1D 11   STA &111D,Y
.ChannelFlags_SetBit7
     9831   A9 80      LDA #&80
.ChannelFlags_SetBits
     9833   19 17 11   ORA &1117,Y
     9836   D0 05      BNE &983D
.ChannelFlags_ClearBit7
     9838   A9 7F      LDA #&7F
.ChannelFlags_ClearBits
     983A   39 17 11   AND &1117,Y
.chnflg_save
     983D   99 17 11   STA &1117,Y
     9840   18         CLC
     9841   60         RTS
.ChannelBufferToDisk_Yintch
     9842   B9 17 11   LDA &1117,Y
     9845   29 40      AND #&40
     9847   F0 43      BEQ &988C
     9849   18         CLC
.ChannelBufferRW_Yintch_C1read
     984A   EE DD 10   INC &10DD
     984D   AC C2 10   LDY &10C2
     9850   B9 13 11   LDA &1113,Y
     9853   85 BD      STA &BD
     9855   A9 FF      LDA #&FF
     9857   8D 74 10   STA &1074
     985A   8D 75 10   STA &1075
     985D   A9 00      LDA #&00
     985F   85 BC      STA &BC
     9861   85 C0      STA &C0
     9863   A9 01      LDA #&01
     9865   85 C1      STA &C1
     9867   B0 17      BCS &9880
     9869   B9 1C 11   LDA &111C,Y
     986C   85 C3      STA &C3
     986E   B9 1D 11   LDA &111D,Y
     9871   85 C2      STA &C2
     9873   20 41 88   JSR &8841
     9876   AC C2 10   LDY &10C2
     9879   A9 BF      LDA #&BF
     987B   20 3A 98   JSR &983A
     987E   90 06      BCC &9886
.chnbuf_read
     9880   20 18 98   JSR &9818
     9883   20 34 88   JSR &8834
.chnbuf_exit
     9886   CE DD 10   DEC &10DD
     9889   AC C2 10   LDY &10C2
.chnbuf_exit2
     988C   60         RTS
.errFILELOCKED2
     988D   4C 81 93   JMP &9381
.errFILEREADONLY
     9890   20 58 80   JSR &8058
     9893   C1
     9894   52 65 61 ...
     989D   00
.bput_Yintchan
     989E   20 ED 83   JSR &83ED
     98A1   4C AA 98   JMP &98AA
.BPUTV_ENTRY
     98A4   20 ED 83   JSR &83ED
     98A7   20 C8 97   JSR &97C8
.bp_entry
     98AA   48         PHA
     98AB   B9 0C 11   LDA &110C,Y
     98AE   30 E0      BMI &9890
     98B0   B9 0E 11   LDA &110E,Y
     98B3   30 D8      BMI &988D
     98B5   20 99 94   JSR &9499
     98B8   98         TYA
     98B9   18         CLC
     98BA   69 04      ADC #&04
     98BC   20 E7 99   JSR &99E7
     98BF   D0 66      BNE &9927
     98C1   20 81 94   JSR &9481
     98C4   AE C3 10   LDX &10C3
     98C7   38         SEC
     98C8   BD 07 0F   LDA &0F07,X
     98CB   FD 0F 0F   SBC &0F0F,X
     98CE   48         PHA
     98CF   BD 06 0F   LDA &0F06,X
     98D2   FD 0E 0F   SBC &0F0E,X
     98D5   29 03      AND #&03
     98D7   D9 1A 11   CMP &111A,Y
     98DA   D0 1F      BNE &98FB
     98DC   68         PLA
     98DD   D9 19 11   CMP &1119,Y
     98E0   D0 34      BNE &9916
     98E2   84 B4      STY &B4
     98E4   8C C2 10   STY &10C2
     98E7   20 87 97   JSR &9787
.errCANTEXTEND
     98EA   20 58 80   JSR &8058
     98ED   BF
     98EE   43 61 6E ...
     98FA   00
.bp_extendby100
     98FB   B9 1A 11   LDA &111A,Y
     98FE   18         CLC
     98FF   69 01      ADC #&01
     9901   99 1A 11   STA &111A,Y
     9904   0A         ASL A
     9905   0A         ASL A
     9906   0A         ASL A
     9907   0A         ASL A
     9908   5D 0E 0F   EOR &0F0E,X
     990B   29 30      AND #&30
     990D   5D 0E 0F   EOR &0F0E,X
     9910   9D 0E 0F   STA &0F0E,X
     9913   68         PLA
     9914   A9 00      LDA #&00
.bp_extendtogap
     9916   9D 0D 0F   STA &0F0D,X
     9919   99 19 11   STA &1119,Y
     991C   A9 00      LDA #&00
     991E   9D 0C 0F   STA &0F0C,X
     9921   20 95 A1   JSR &A195
     9924   AC C2 10   LDY &10C2
.bp_noextend
     9927   B9 17 11   LDA &1117,Y
     992A   30 16      BMI &9942
     992C   20 42 98   JSR &9842
     992F   B9 14 11   LDA &1114,Y
     9932   D0 0A      BNE &993E
     9934   20 E6 99   JSR &99E6
     9937   D0 05      BNE &993E
     9939   20 18 98   JSR &9818
     993C   D0 04      BNE &9942
.bp_loadbuf
     993E   38         SEC
     993F   20 4A 98   JSR &984A
.bp_savebyte
     9942   A9 40      LDA #&40
     9944   20 33 98   JSR &9833
     9947   20 FF 99   JSR &99FF
     994A   68         PLA
     994B   81 BA      STA (&BA,X)
     994D   20 E6 99   JSR &99E6
     9950   90 11      BCC &9963
.updext
     9952   A9 20      LDA #&20
     9954   20 33 98   JSR &9833
     9957   A2 02      LDX #&02
.bp_setextloop
     9959   B9 10 11   LDA &1110,Y
     995C   99 14 11   STA &1114,Y
     995F   C8         INY
     9960   CA         DEX
     9961   10 F6      BPL &9959
.bp_exit
     9963   60         RTS
.cmptoEXT
     9964   B9 14 11   LDA &1114,Y
     9967   D5 00      CMP &00,X
     9969   B9 15 11   LDA &1115,Y
     996C   F5 01      SBC &01,X
     996E   B9 16 11   LDA &1116,Y
     9971   F5 02      SBC &02,X
     9973   60         RTS
.argsv_WriteSeqPointer
     9974   20 ED 83   JSR &83ED
     9977   20 C8 97   JSR &97C8
.wsploop
     997A   20 64 99   JSR &9964
     997D   B0 2F      BCS &99AE
.argsextendloop
     997F   B9 14 11   LDA &1114,Y
     9982   99 10 11   STA &1110,Y
     9985   B9 15 11   LDA &1115,Y
     9988   99 11 11   STA &1111,Y
     998B   B9 16 11   LDA &1116,Y
     998E   99 12 11   STA &1112,Y
     9991   20 BD 99   JSR &99BD
     9994   A5 B6      LDA &B6
     9996   48         PHA
     9997   A5 B7      LDA &B7
     9999   48         PHA
     999A   A5 B8      LDA &B8
     999C   48         PHA
     999D   A9 00      LDA #&00
     999F   20 9E 98   JSR &989E
     99A2   68         PLA
     99A3   85 B8      STA &B8
     99A5   68         PLA
     99A6   85 B7      STA &B7
     99A8   68         PLA
     99A9   85 B6      STA &B6
     99AB   4C 7A 99   JMP &997A
.SetSeqPointer_Yintch
     99AE   B5 00      LDA &00,X
     99B0   99 10 11   STA &1110,Y
     99B3   B5 01      LDA &01,X
     99B5   99 11 11   STA &1111,Y
     99B8   B5 02      LDA &02,X
     99BA   99 12 11   STA &1112,Y
.IsSeqPointerInBuffer_Yintch
     99BD   A9 6F      LDA #&6F
     99BF   20 3A 98   JSR &983A
     99C2   B9 0F 11   LDA &110F,Y
     99C5   79 11 11   ADC &1111,Y
     99C8   8D C4 10   STA &10C4
     99CB   B9 0D 11   LDA &110D,Y
     99CE   29 03      AND #&03
     99D0   79 12 11   ADC &1112,Y
     99D3   D9 1D 11   CMP &111D,Y
     99D6   D0 8B      BNE &9963
     99D8   AD C4 10   LDA &10C4
     99DB   D9 1C 11   CMP &111C,Y
     99DE   D0 83      BNE &9963
     99E0   4C 31 98   JMP &9831
.CheckChannel_Yhndl_exYintch_TYA_CmpPTR
     99E3   20 C8 97   JSR &97C8
.TYA_CmpPTR
     99E6   98         TYA
.CmpPTR
     99E7   AA         TAX
     99E8   B9 12 11   LDA &1112,Y
     99EB   DD 16 11   CMP &1116,X
     99EE   D0 0E      BNE &99FE
     99F0   B9 11 11   LDA &1111,Y
     99F3   DD 15 11   CMP &1115,X
     99F6   D0 06      BNE &99FE
     99F8   B9 10 11   LDA &1110,Y
     99FB   DD 14 11   CMP &1114,X
.cmpPE_exit
     99FE   60         RTS
.load_then_incSeqPtr_Yintch
     99FF   B9 10 11   LDA &1110,Y
     9A02   85 BA      STA &BA
     9A04   B9 13 11   LDA &1113,Y
     9A07   85 BB      STA &BB
     9A09   98         TYA
     9A0A   AA         TAX
     9A0B   FE 10 11   INC &1110,X
     9A0E   D0 0B      BNE &9A1B
     9A10   20 38 98   JSR &9838
     9A13   FE 11 11   INC &1111,X
     9A16   D0 03      BNE &9A1B
     9A18   FE 12 11   INC &1112,X
.samesector
     9A1B   A2 00      LDX #&00
     9A1D   60         RTS
.CMD_MMFS
     9A1E   98         TYA
     9A1F   A2 00      LDX #&00
     9A21   A0 14      LDY #&14
.Prthelp_Xtable
     9A23   48         PHA
     9A24   20 95 80   JSR &8095
     9A27   0D
Macro SYSTEM_NAME:
     9A28   4D 4D 46 ...
End macro SYSTEM_NAME
     9A2D   20
     9A2E   86 BF      STX &BF
     9A30   84 B7      STY &B7
     9A32   A2 00      LDX #&00
.verloop
     9A34   BD 18 80   LDA &8018,X
     9A37   F0 06      BEQ &9A3F
     9A39   20 D8 80   JSR &80D8
     9A3C   E8         INX
     9A3D   D0 F5      BNE &9A34
.verex
     9A3F   A9 0D      LDA #&0D
     9A41   20 D8 80   JSR &80D8
.help_dfs_loop
     9A44   A9 00      LDA #&00
     9A46   85 B9      STA &B9
     9A48   A0 01      LDY #&01
     9A4A   20 FC 9A   JSR &9AFC
     9A4D   20 97 9A   JSR &9A97
     9A50   20 74 83   JSR &8374
     9A53   C6 B7      DEC &B7
     9A55   D0 ED      BNE &9A44
     9A57   68         PLA
     9A58   A8         TAY
.morehelp
     9A59   A2 A3      LDX #&A3
     9A5B   4C 1F 87   JMP &871F
.CMD_DUTILS
     9A5E   98         TYA
     9A5F   A2 B7      LDX #&B7
     9A61   A0 09      LDY #&09
     9A63   D0 BE      BNE &9A23
.CMD_UTILS
     9A65   98         TYA
     9A66   A2 76      LDX #&76
     9A68   A0 04      LDY #&04
     9A6A   D0 B7      BNE &9A23
.CMD_NOTHELPTBL
     9A6C   20 BA 81   JSR &81BA
     9A6F   F0 78      BEQ &9AE9
.cmd_nothelptlb_loop
     9A71   20 9F 81   JSR &819F
     9A74   90 FB      BCC &9A71
     9A76   B0 E1      BCS &9A59
.Param_SyntaxErrorIfNull
     9A78   20 BA 81   JSR &81BA
     9A7B   F0 01      BEQ &9A7E
     9A7D   60         RTS
.errSYNTAX
     9A7E   20 68 80   JSR &8068
     9A81   DC
     9A82   53 79 6E ...
     9A8A   86 B9      STX &B9
     9A8C   20 97 9A   JSR &9A97
     9A8F   A9 00      LDA #&00
     9A91   20 EA 9A   JSR &9AEA
     9A94   4C 00 01   JMP &0100
.prtcmdAtBCadd1
     9A97   A9 07      LDA #&07
     9A99   85 B8      STA &B8
     9A9B   A6 BF      LDX &BF
     9A9D   E0 B7      CPX #&B7
     9A9F   90 05      BCC &9AA6
     9AA1   A9 44      LDA #&44
     9AA3   20 EA 9A   JSR &9AEA
.prtcmdloop
     9AA6   E8         INX
     9AA7   BD C1 85   LDA &85C1,X
     9AAA   30 06      BMI &9AB2
     9AAC   20 EA 9A   JSR &9AEA
     9AAF   4C A6 9A   JMP &9AA6
.prtcmdloop_exit
     9AB2   A4 B8      LDY &B8
     9AB4   30 03      BMI &9AB9
     9AB6   20 FC 9A   JSR &9AFC
.prtcmdnospcs
     9AB9   86 BF      STX &BF
     9ABB   BD C1 85   LDA &85C1,X
     9ABE   29 7F      AND #&7F
     9AC0   20 C6 9A   JSR &9AC6
     9AC3   20 19 82   JSR &8219
.prtcmdparam
     9AC6   20 ED 83   JSR &83ED
     9AC9   29 0F      AND #&0F
     9ACB   F0 1C      BEQ &9AE9
     9ACD   A8         TAY
     9ACE   A9 20      LDA #&20
     9AD0   20 EA 9A   JSR &9AEA
     9AD3   A2 FF      LDX #&FF
.prtcmdparam_findloop
     9AD5   E8         INX
     9AD6   BD 09 9B   LDA &9B09,X
     9AD9   10 FA      BPL &9AD5
     9ADB   88         DEY
     9ADC   D0 F7      BNE &9AD5
     9ADE   29 7F      AND #&7F
.prtcmdparam_loop
     9AE0   20 EA 9A   JSR &9AEA
     9AE3   E8         INX
     9AE4   BD 09 9B   LDA &9B09,X
     9AE7   10 F7      BPL &9AE0
.prtcmdparamexit
     9AE9   60         RTS
.prtcmd_prtchr
     9AEA   20 ED 83   JSR &83ED
     9AED   A6 B9      LDX &B9
     9AEF   F0 06      BEQ &9AF7
     9AF1   E6 B9      INC &B9
     9AF3   9D 00 01   STA &0100,X
     9AF6   60         RTS
.prtcmdparam_prtchr
     9AF7   C6 B8      DEC &B8
     9AF9   4C D8 80   JMP &80D8
.prtcmd_Print_Y_Spaces_IfNotErr
     9AFC   A5 B9      LDA &B9
     9AFE   D0 08      BNE &9B08
     9B00   A9 20      LDA #&20
.prtcmd_yspc_loop
     9B02   20 EA 9A   JSR &9AEA
     9B05   88         DEY
     9B06   10 FA      BPL &9B02
.prtcmd_yspc_exit
     9B08   60         RTS
.parametertable
     9B09   BC
     9B0A   64 72 69 ...
     9B10   BC
     9B11   61 66 73 ...
     9B16   A8
     9B17   4C 29 
     9B19   A8
     9B1A   3C 64 72 ...
     9B22   A8
     9B23   3C 64 72 ...
     9B2E   A8
     9B2F   3C 64 69 ...
     9B35   BC
     9B36   64 6F 73 ...
     9B3F   BC
     9B40   66 73 70 ...
     9B44   A8
     9B45   3C 64 6F ...
     9B50   BC
     9B51   74 69 74 ...
     9B57   A8
     9B58   3C 6E 75 ...
     9B5E   BC
     9B5F   73 6F 75 ...
     9B6E   BC
     9B6F   6F 6C 64 ...
     9B81   BC
     9B82   66 69 6C ...
     9B89   B4
     9B8A   30 2F 38 ...
     9B8E   FF
.CMD_COMPACT
     9B8F   20 F6 8B   JSR &8BF6
     9B92   20 95 80   JSR &8095
     9B95   43 6F 6D ...
     9BA1   8D D1 10   STA &10D1
     9BA4   8D D2 10   STA &10D2
     9BA7   20 FC 80   JSR &80FC
     9BAA   20 74 83   JSR &8374
     9BAD   A0 00      LDY #&00
     9BAF   20 C7 94   JSR &94C7
     9BB2   20 B9 93   JSR &93B9
     9BB5   20 8E A1   JSR &A18E
     9BB8   AC 05 0F   LDY &0F05
     9BBB   84 CA      STY &CA
     9BBD   A9 02      LDA #&02
     9BBF   85 C8      STA &C8
     9BC1   A9 00      LDA #&00
     9BC3   85 C9      STA &C9
.compact_loop
     9BC5   A4 CA      LDY &CA
     9BC7   20 BC 82   JSR &82BC
     9BCA   C0 F8      CPY #&F8
     9BCC   D0 28      BNE &9BF6
     9BCE   AD 07 0F   LDA &0F07
     9BD1   38         SEC
     9BD2   E5 C8      SBC &C8
     9BD4   48         PHA
     9BD5   AD 06 0F   LDA &0F06
     9BD8   29 03      AND #&03
     9BDA   E5 C9      SBC &C9
     9BDC   20 FC 80   JSR &80FC
     9BDF   68         PLA
     9BE0   20 F4 80   JSR &80F4
     9BE3   20 95 80   JSR &8095
     9BE6   20 66 72 ...
     9BF3   0D
     9BF4   EA         NOP
     9BF5   60         RTS
.compact_checkfile
     9BF6   84 CA      STY &CA
     9BF8   20 3E 83   JSR &833E
     9BFB   A4 CA      LDY &CA
     9BFD   B9 0C 0F   LDA &0F0C,Y
     9C00   C9 01      CMP #&01
     9C02   A9 00      LDA #&00
     9C04   85 BC      STA &BC
     9C06   85 C0      STA &C0
     9C08   79 0D 0F   ADC &0F0D,Y
     9C0B   85 C4      STA &C4
     9C0D   B9 0E 0F   LDA &0F0E,Y
     9C10   08         PHP
     9C11   20 11 82   JSR &8211
     9C14   28         PLP
     9C15   69 00      ADC #&00
     9C17   85 C5      STA &C5
     9C19   B9 0F 0F   LDA &0F0F,Y
     9C1C   85 C6      STA &C6
     9C1E   B9 0E 0F   LDA &0F0E,Y
     9C21   29 03      AND #&03
     9C23   85 C7      STA &C7
     9C25   C5 C9      CMP &C9
     9C27   D0 14      BNE &9C3D
     9C29   A5 C6      LDA &C6
     9C2B   C5 C8      CMP &C8
     9C2D   D0 0E      BNE &9C3D
     9C2F   18         CLC
     9C30   65 C4      ADC &C4
     9C32   85 C8      STA &C8
     9C34   A5 C9      LDA &C9
     9C36   65 C5      ADC &C5
     9C38   85 C9      STA &C9
     9C3A   4C 55 9C   JMP &9C55
.compact_movefile
     9C3D   A5 C8      LDA &C8
     9C3F   99 0F 0F   STA &0F0F,Y
     9C42   B9 0E 0F   LDA &0F0E,Y
     9C45   29 FC      AND #&FC
     9C47   05 C9      ORA &C9
     9C49   99 0E 0F   STA &0F0E,Y
     9C4C   20 95 A1   JSR &A195
     9C4F   20 DC 9D   JSR &9DDC
     9C52   20 83 A1   JSR &A183
.compact_fileinfo
     9C55   A4 CA      LDY &CA
     9C57   20 43 83   JSR &8343
     9C5A   4C C5 9B   JMP &9BC5
.IsEnabledOrGo
     9C5D   2C C7 10   BIT &10C7
     9C60   10 07      BPL &9C69
     9C62   20 B4 9C   JSR &9CB4
     9C65   F0 02      BEQ &9C69
     9C67   68         PLA
     9C68   68         PLA
.isgo
.isgoalready
     9C69   60         RTS
.Get_CopyDATA_Drives
     9C6A   20 FB 8B   JSR &8BFB
     9C6D   8D D1 10   STA &10D1
     9C70   20 FB 8B   JSR &8BFB
     9C73   8D D2 10   STA &10D2
     9C76   CD D1 10   CMP &10D1
     9C79   F0 2E      BEQ &9CA9
     9C7B   98         TYA
     9C7C   48         PHA
     9C7D   20 B9 93   JSR &93B9
     9C80   20 95 80   JSR &8095
     9C83   43 6F 70 ...
     9C91   AD D1 10   LDA &10D1
     9C94   20 92 80   JSR &8092
     9C97   20 74 6F ...
     9C9C   AD D2 10   LDA &10D2
     9C9F   20 FC 80   JSR &80FC
     9CA2   20 74 83   JSR &8374
     9CA5   68         PLA
     9CA6   A8         TAY
     9CA7   18         CLC
     9CA8   60         RTS
.baddrv
     9CA9   4C 0E 8C   JMP &8C0E
.ConfirmYNcolon
     9CAC   20 95 80   JSR &8095
     9CAF   20 3A 20 
     9CB2   90 0F      BCC &9CC3
.GoYN
     9CB4   20 95 80   JSR &8095
     9CB7   47 6F 20 ...
     9CC2   EA         NOP
.ConfirmYN
     9CC3   20 DC 9C   JSR &9CDC
     9CC6   20 E0 FF   JSR &FFE0
     9CC9   B0 1D      BCS &9CE8
     9CCB   29 5F      AND #&5F
     9CCD   C9 59      CMP #&59
     9CCF   08         PHP
     9CD0   F0 02      BEQ &9CD4
     9CD2   A9 4E      LDA #&4E
.confYN
     9CD4   20 D8 80   JSR &80D8
     9CD7   20 74 83   JSR &8374
     9CDA   28         PLP
     9CDB   60         RTS
.osbyte0F_flushinbuf2
     9CDC   20 ED 83   JSR &83ED
     9CDF   A9 0F      LDA #&0F
     9CE1   A2 01      LDX #&01
     9CE3   A0 00      LDY #&00
     9CE5   4C F4 FF   JMP &FFF4
.err_ESCAPE
     9CE8   4C 90 8C   JMP &8C90
.err_DISKFULL2
     9CEB   4C 94 8A   JMP &8A94
.CMD_BACKUP
     9CEE   20 6A 9C   JSR &9C6A
     9CF1   20 5D 9C   JSR &9C5D
     9CF4   A9 00      LDA #&00
     9CF6   85 C7      STA &C7
     9CF8   85 C9      STA &C9
     9CFA   85 C8      STA &C8
     9CFC   85 C6      STA &C6
     9CFE   AD D1 10   LDA &10D1
     9D01   85 CD      STA &CD
     9D03   20 91 A1   JSR &A191
     9D06   AD 07 0F   LDA &0F07
     9D09   85 C4      STA &C4
     9D0B   AD 06 0F   LDA &0F06
     9D0E   29 03      AND #&03
     9D10   85 C5      STA &C5
     9D12   AD D2 10   LDA &10D2
     9D15   85 CD      STA &CD
     9D17   20 91 A1   JSR &A191
     9D1A   AD 06 0F   LDA &0F06
     9D1D   29 03      AND #&03
     9D1F   C5 C5      CMP &C5
     9D21   90 C8      BCC &9CEB
     9D23   D0 07      BNE &9D2C
     9D25   AD 07 0F   LDA &0F07
     9D28   C5 C4      CMP &C4
     9D2A   90 BF      BCC &9CEB
.backup_copy
     9D2C   20 DC 9D   JSR &9DDC
     9D2F   20 91 A1   JSR &A191
     9D32   A2 0A      LDX #&0A
.tloop
     9D34   E0 08      CPX #&08
     9D36   90 05      BCC &9D3D
     9D38   BD F8 0E   LDA &0EF8,X
     9D3B   B0 03      BCS &9D40
.tskip1
     9D3D   BD 00 0E   LDA &0E00,X
.tskip2
     9D40   9D 00 10   STA &1000,X
     9D43   CA         DEX
     9D44   10 EE      BPL &9D34
     9D46   60         RTS
.CMD_COPY
     9D47   20 D7 92   JSR &92D7
     9D4A   20 6A 9C   JSR &9C6A
     9D4D   20 78 9A   JSR &9A78
     9D50   20 43 81   JSR &8143
     9D53   AD D1 10   LDA &10D1
     9D56   85 CD      STA &CD
     9D58   20 32 82   JSR &8232
.copy_loop1
     9D5B   A5 CC      LDA &CC
     9D5D   48         PHA
     9D5E   A5 B6      LDA &B6
     9D60   48         PHA
     9D61   20 43 83   JSR &8343
     9D64   A2 00      LDX #&00
.copy_loop2
     9D66   B9 08 0E   LDA &0E08,Y
     9D69   95 C5      STA &C5,X
     9D6B   9D 50 10   STA &1050,X
     9D6E   B9 08 0F   LDA &0F08,Y
     9D71   95 BB      STA &BB,X
     9D73   9D 47 10   STA &1047,X
     9D76   E8         INX
     9D77   C8         INY
     9D78   E0 08      CPX #&08
     9D7A   D0 EA      BNE &9D66
     9D7C   20 CC 9D   JSR &9DCC
     9D7F   AD D2 10   LDA &10D2
     9D82   20 D7 8A   JSR &8AD7
     9D85   A5 C2      LDA &C2
     9D87   29 03      AND #&03
     9D89   48         PHA
     9D8A   A5 C3      LDA &C3
     9D8C   48         PHA
     9D8D   20 CC 9D   JSR &9DCC
     9D90   68         PLA
     9D91   85 C8      STA &C8
     9D93   68         PLA
     9D94   85 C9      STA &C9
     9D96   A5 C1      LDA &C1
     9D98   20 11 82   JSR &8211
     9D9B   AA         TAX
     9D9C   A5 BF      LDA &BF
     9D9E   C9 01      CMP #&01
     9DA0   A5 C0      LDA &C0
     9DA2   69 00      ADC #&00
     9DA4   85 C4      STA &C4
     9DA6   8A         TXA
     9DA7   69 00      ADC #&00
     9DA9   85 C5      STA &C5
     9DAB   A5 C2      LDA &C2
     9DAD   85 C6      STA &C6
     9DAF   A5 C1      LDA &C1
     9DB1   29 03      AND #&03
     9DB3   85 C7      STA &C7
     9DB5   20 DC 9D   JSR &9DDC
     9DB8   AD D1 10   LDA &10D1
     9DBB   85 CD      STA &CD
     9DBD   20 8E A1   JSR &A18E
     9DC0   68         PLA
     9DC1   85 B6      STA &B6
     9DC3   68         PLA
     9DC4   85 CC      STA &CC
     9DC6   20 7E 82   JSR &827E
     9DC9   B0 90      BCS &9D5B
     9DCB   60         RTS
.cd_swapvars
     9DCC   A2 11      LDX #&11
.cd_swapvars_loop
     9DCE   BC 45 10   LDY &1045,X
     9DD1   B5 BA      LDA &BA,X
     9DD3   94 BA      STY &BA,X
     9DD5   9D 45 10   STA &1045,X
     9DD8   CA         DEX
     9DD9   10 F3      BPL &9DCE
     9DDB   60         RTS
.CopyDATABLOCK
     9DDC   A9 00      LDA #&00
     9DDE   85 BC      STA &BC
     9DE0   85 C0      STA &C0
     9DE2   AD CF 10   LDA &10CF
     9DE5   85 BD      STA &BD
     9DE7   F0 57      BEQ &9E40
.cd_loop
     9DE9   A4 C4      LDY &C4
     9DEB   CC D0 10   CPY &10D0
     9DEE   A5 C5      LDA &C5
     9DF0   E9 00      SBC #&00
     9DF2   90 03      BCC &9DF7
     9DF4   AC D0 10   LDY &10D0
.cd_part
     9DF7   84 C1      STY &C1
     9DF9   A5 C6      LDA &C6
     9DFB   85 C3      STA &C3
     9DFD   A5 C7      LDA &C7
     9DFF   85 C2      STA &C2
     9E01   AD D1 10   LDA &10D1
     9E04   85 CD      STA &CD
     9E06   20 C6 8B   JSR &8BC6
     9E09   20 34 88   JSR &8834
     9E0C   AD D2 10   LDA &10D2
     9E0F   85 CD      STA &CD
     9E11   A5 C8      LDA &C8
     9E13   85 C3      STA &C3
     9E15   A5 C9      LDA &C9
     9E17   85 C2      STA &C2
     9E19   20 C6 8B   JSR &8BC6
     9E1C   20 41 88   JSR &8841
     9E1F   A5 C1      LDA &C1
     9E21   18         CLC
     9E22   65 C8      ADC &C8
     9E24   85 C8      STA &C8
     9E26   90 02      BCC &9E2A
     9E28   E6 C9      INC &C9
.cd_inc1
     9E2A   A5 C1      LDA &C1
     9E2C   18         CLC
     9E2D   65 C6      ADC &C6
     9E2F   85 C6      STA &C6
     9E31   90 02      BCC &9E35
     9E33   E6 C7      INC &C7
.cd_inc2
     9E35   38         SEC
     9E36   A5 C4      LDA &C4
     9E38   E5 C1      SBC &C1
     9E3A   85 C4      STA &C4
     9E3C   B0 02      BCS &9E40
     9E3E   C6 C5      DEC &C5
.cd_loopentry
     9E40   A5 C4      LDA &C4
     9E42   05 C5      ORA &C5
     9E44   D0 A3      BNE &9DE9
     9E46   60         RTS
.CMD_VERIFY
     9E47   A9 00      LDA #&00
     9E49   F0 02      BEQ &9E4D
.CMD_FORM
     9E4B   A9 FF      LDA #&FF
.vform1
     9E4D   85 C9      STA &C9
     9E4F   85 B2      STA &B2
     9E51   10 15      BPL &9E68
     9E53   20 78 9A   JSR &9A78
     9E56   20 36 84   JSR &8436
     9E59   B0 0A      BCS &9E65
     9E5B   86 B5      STX &B5
     9E5D   E0 28      CPX #&28
     9E5F   F0 07      BEQ &9E68
     9E61   E0 50      CPX #&50
     9E63   F0 03      BEQ &9E68
.vform2_syntax
     9E65   4C 7E 9A   JMP &9A7E
.vform3_ok
     9E68   20 BA 81   JSR &81BA
     9E6B   84 CA      STY &CA
     9E6D   D0 49      BNE &9EB8
     9E6F   24 C9      BIT &C9
     9E71   30 0B      BMI &9E7E
     9E73   20 95 80   JSR &8095
     9E76   56 65 72 ...
     9E7C   90 0A      BCC &9E88
.vform4_form
     9E7E   20 95 80   JSR &8095
     9E81   46 6F 72 ...
     9E87   EA         NOP
.vform4_askdrive
     9E88   20 95 80   JSR &8095
     9E8B   20 77 68 ...
     9E9A   EA         NOP
     9E9B   20 E0 FF   JSR &FFE0
     9E9E   B0 31      BCS &9ED1
     9EA0   C9 20      CMP #&20
     9EA2   90 30      BCC &9ED4
     9EA4   20 D8 80   JSR &80D8
     9EA7   38         SEC
     9EA8   E9 30      SBC #&30
     9EAA   C9 04      CMP #&04
     9EAC   B0 26      BCS &9ED4
     9EAE   85 CD      STA &CD
     9EB0   20 74 83   JSR &8374
     9EB3   A4 CA      LDY &CA
     9EB5   4C BB 9E   JMP &9EBB
.vform5_driveloop
     9EB8   20 FE 8B   JSR &8BFE
.vform6_drivein
     9EBB   84 CA      STY &CA
     9EBD   24 B2      BIT &B2
     9EBF   10 05      BPL &9EC6
     9EC1   46 B2      LSR &B2
     9EC3   20 5D 9C   JSR &9C5D
.vform7_go
     9EC6   20 D7 9E   JSR &9ED7
     9EC9   A4 CA      LDY &CA
     9ECB   20 BA 81   JSR &81BA
     9ECE   D0 E8      BNE &9EB8
     9ED0   60         RTS
.jmp_reportEscape
     9ED1   4C 90 8C   JMP &8C90
.jmp_errBadDrive
     9ED4   4C 0E 8C   JMP &8C0E
.VFCurDrv
     9ED7   24 C9      BIT &C9
     9ED9   30 0E      BMI &9EE9
     9EDB   20 95 80   JSR &8095
     9EDE   56 65 72 ...
     9EE7   90 12      BCC &9EFB
.vf1
     9EE9   20 95 80   JSR &8095
     9EEC   46 6F 72 ...
     9EF6   A6 CD      LDX &CD
     9EF8   8E B0 10   STX &10B0
.vf2
     9EFB   20 95 80   JSR &8095
     9EFE   20 64 72 ...
     9F05   A5 CD      LDA &CD
     9F07   20 92 80   JSR &8092
     9F0A   20 74 72 ...
     9F13   EA         NOP
     9F14   A9 63      LDA #&63
     9F16   A2 05      LDX #&05
     9F18   24 C9      BIT &C9
     9F1A   30 2D      BMI &9F49
     9F1C   20 91 A1   JSR &A191
     9F1F   AD 06 0F   LDA &0F06
     9F22   29 03      AND #&03
     9F24   AA         TAX
     9F25   AD 07 0F   LDA &0F07
     9F28   A0 0A      LDY #&0A
     9F2A   84 B0      STY &B0
     9F2C   A0 FF      LDY #&FF
.trkloop1
     9F2E   38         SEC
.trkloop2
     9F2F   C8         INY
     9F30   E5 B0      SBC &B0
     9F32   B0 FB      BCS &9F2F
     9F34   CA         DEX
     9F35   10 F7      BPL &9F2E
     9F37   65 B0      ADC &B0
     9F39   48         PHA
     9F3A   98         TYA
     9F3B   AA         TAX
     9F3C   68         PLA
     9F3D   F0 01      BEQ &9F40
     9F3F   E8         INX
.trkex
     9F40   8A         TXA
     9F41   F0 41      BEQ &9F84
     9F43   85 B5      STA &B5
     9F45   A9 5F      LDA #&5F
     9F47   A2 03      LDX #&03
.vf4
     9F49   8D B6 10   STA &10B6
     9F4C   8E B5 10   STX &10B5
     9F4F   A9 00      LDA #&00
     9F51   85 B4      STA &B4
.vf5_trackloop
     9F53   A9 08      LDA #&08
     9F55   20 D8 80   JSR &80D8
     9F58   20 D8 80   JSR &80D8
     9F5B   A5 B4      LDA &B4
     9F5D   8D B7 10   STA &10B7
     9F60   20 F4 80   JSR &80F4
     9F63   20 C8 A1   JSR &A1C8
     9F66   F0 0A      BEQ &9F72
     9F68   48         PHA
     9F69   A9 3F      LDA #&3F
     9F6B   20 D8 80   JSR &80D8
     9F6E   68         PLA
     9F6F   4C E9 A1   JMP &A1E9
.vfx1
     9F72   E6 B4      INC &B4
     9F74   A5 B4      LDA &B4
     9F76   C5 B5      CMP &B5
     9F78   D0 D9      BNE &9F53
     9F7A   24 C9      BIT &C9
     9F7C   10 06      BPL &9F84
     9F7E   20 87 9F   JSR &9F87
     9F81   20 95 A1   JSR &A195
.vf6_exit
     9F84   4C 74 83   JMP &8374
.ClearCatalogue
     9F87   A0 00      LDY #&00
     9F89   98         TYA
.ccatloop
     9F8A   99 00 0E   STA &0E00,Y
     9F8D   99 00 0F   STA &0F00,Y
     9F90   C8         INY
     9F91   D0 F7      BNE &9F8A
     9F93   A4 B5      LDY &B5
.loop2
     9F95   A9 0A      LDA #&0A
     9F97   18         CLC
     9F98   6D 07 0F   ADC &0F07
     9F9B   8D 07 0F   STA &0F07
     9F9E   90 03      BCC &9FA3
     9FA0   EE 06 0F   INC &0F06
.label3
     9FA3   88         DEY
     9FA4   D0 EF      BNE &9F95
     9FA6   60         RTS
.CMD_FREE
     9FA7   38         SEC
     9FA8   B0 01      BCS &9FAB
.CMD_MAP
     9FAA   18         CLC
.Label_A7F7
     9FAB   66 C6      ROR &C6
     9FAD   20 F6 8B   JSR &8BF6
     9FB0   20 8E A1   JSR &A18E
     9FB3   24 C6      BIT &C6
     9FB5   30 15      BMI &9FCC
     9FB7   20 B5 80   JSR &80B5
     9FBA   41 64 64 ...
     9FCB   0D
.Label_A818_free
     9FCC   AD 06 0F   LDA &0F06
     9FCF   29 03      AND #&03
     9FD1   85 C5      STA &C5
     9FD3   85 C2      STA &C2
     9FD5   AD 07 0F   LDA &0F07
     9FD8   85 C4      STA &C4
     9FDA   38         SEC
     9FDB   E9 02      SBC #&02
     9FDD   85 C1      STA &C1
     9FDF   B0 02      BCS &9FE3
     9FE1   C6 C2      DEC &C2
.Label_A82F
     9FE3   A9 02      LDA #&02
     9FE5   85 BB      STA &BB
     9FE7   A9 00      LDA #&00
     9FE9   85 BC      STA &BC
     9FEB   85 BF      STA &BF
     9FED   85 C0      STA &C0
     9FEF   AD 05 0F   LDA &0F05
     9FF2   29 F8      AND #&F8
     9FF4   A8         TAY
     9FF5   F0 26      BEQ &A01D
     9FF7   D0 11      BNE &A00A
.Label_A845_fileloop
     9FF9   20 8C A0   JSR &A08C
     9FFC   20 BC 82   JSR &82BC
     9FFF   A5 C4      LDA &C4
     A001   38         SEC
     A002   E5 BB      SBC &BB
     A004   A5 C5      LDA &C5
     A006   E5 BC      SBC &BC
     A008   90 13      BCC &A01D
.Label_A856_fileloop_entry
     A00A   B9 07 0F   LDA &0F07,Y
     A00D   38         SEC
     A00E   E5 BB      SBC &BB
     A010   85 C1      STA &C1
     A012   B9 06 0F   LDA &0F06,Y
     A015   29 03      AND #&03
     A017   E5 BC      SBC &BC
     A019   85 C2      STA &C2
     A01B   90 DC      BCC &9FF9
.Label_A86B_nofiles
     A01D   84 BD      STY &BD
     A01F   24 C6      BIT &C6
     A021   30 2B      BMI &A04E
     A023   A5 C1      LDA &C1
     A025   05 C2      ORA &C2
     A027   F0 25      BEQ &A04E
     A029   A5 BC      LDA &BC
     A02B   20 0C 81   JSR &810C
     A02E   A5 BB      LDA &BB
     A030   20 04 81   JSR &8104
     A033   20 B5 80   JSR &80B5
     A036   20 20 20 ...
     A03E   A5 C2      LDA &C2
     A040   20 0C 81   JSR &810C
     A043   A5 C1      LDA &C1
     A045   20 04 81   JSR &8104
     A048   20 E7 FF   JSR &FFE7
     A04B   20 8C A0   JSR &A08C
.Label_A87A_free
     A04E   A5 C1      LDA &C1
     A050   18         CLC
     A051   65 BF      ADC &BF
     A053   85 BF      STA &BF
     A055   A5 C2      LDA &C2
     A057   65 C0      ADC &C0
     A059   85 C0      STA &C0
     A05B   A4 BD      LDY &BD
     A05D   D0 9A      BNE &9FF9
     A05F   24 C6      BIT &C6
     A061   10 28      BPL &A08B
     A063   A8         TAY
     A064   A6 BF      LDX &BF
     A066   A9 F8      LDA #&F8
     A068   38         SEC
     A069   ED 05 0F   SBC &0F05
     A06C   20 B6 A0   JSR &A0B6
     A06F   46 72 65 ...
     A073   0D
     A074   A5 C4      LDA &C4
     A076   38         SEC
     A077   E5 BF      SBC &BF
     A079   AA         TAX
     A07A   A5 C5      LDA &C5
     A07C   E5 C0      SBC &C0
     A07E   A8         TAY
     A07F   AD 05 0F   LDA &0F05
     A082   20 B6 A0   JSR &A0B6
     A085   55 73 65 ...
     A089   0D
     A08A   EA         NOP
.Label_A8BD_rst
     A08B   60         RTS
.Sub_A8E2_nextblock
     A08C   B9 06 0F   LDA &0F06,Y
     A08F   48         PHA
     A090   20 11 82   JSR &8211
     A093   85 BC      STA &BC
     A095   68         PLA
     A096   29 03      AND #&03
     A098   18         CLC
     A099   65 BC      ADC &BC
     A09B   85 BC      STA &BC
     A09D   B9 04 0F   LDA &0F04,Y
     A0A0   C9 01      CMP #&01
     A0A2   A9 00      LDA #&00
     A0A4   79 05 0F   ADC &0F05,Y
     A0A7   90 02      BCC &A0AB
     A0A9   E6 BC      INC &BC
.Label_A902
     A0AB   18         CLC
     A0AC   79 07 0F   ADC &0F07,Y
     A0AF   85 BB      STA &BB
     A0B1   90 02      BCC &A0B5
     A0B3   E6 BC      INC &BC
.Label_A90C
     A0B5   60         RTS
.Sub_A90D_freeinfo
     A0B6   4A         LSR A
     A0B7   4A         LSR A
     A0B8   4A         LSR A
     A0B9   20 01 81   JSR &8101
     A0BC   20 B5 80   JSR &80B5
     A0BF   20 46 69 ...
     A0C6   86 BC      STX &BC
     A0C8   84 BD      STY &BD
     A0CA   98         TYA
     A0CB   20 0C 81   JSR &810C
     A0CE   8A         TXA
     A0CF   20 04 81   JSR &8104
     A0D2   20 B5 80   JSR &80B5
     A0D5   20 53 65 ...
     A0DE   A9 00      LDA #&00
     A0E0   85 BB      STA &BB
     A0E2   85 BE      STA &BE
     A0E4   A2 1F      LDX #&1F
     A0E6   86 C1      STX &C1
     A0E8   A2 09      LDX #&09
.Label_A941_loop1
     A0EA   9D 00 10   STA &1000,X
     A0ED   CA         DEX
     A0EE   10 FA      BPL &A0EA
.Label_A947_loop2
     A0F0   06 BB      ASL &BB
     A0F2   26 BC      ROL &BC
     A0F4   26 BD      ROL &BD
     A0F6   26 BE      ROL &BE
     A0F8   A2 00      LDX #&00
     A0FA   A0 09      LDY #&09
.Label_A953_loop3
     A0FC   BD 00 10   LDA &1000,X
     A0FF   2A         ROL A
     A100   C9 0A      CMP #&0A
     A102   90 02      BCC &A106
     A104   E9 0A      SBC #&0A
.Label_A95D
     A106   9D 00 10   STA &1000,X
     A109   E8         INX
     A10A   88         DEY
     A10B   10 EF      BPL &A0FC
     A10D   C6 C1      DEC &C1
     A10F   10 DF      BPL &A0F0
     A111   A0 20      LDY #&20
     A113   A2 05      LDX #&05
.Label_A96C_loop4
     A115   D0 02      BNE &A119
     A117   A0 2C      LDY #&2C
.Label_A970
     A119   BD 00 10   LDA &1000,X
     A11C   D0 07      BNE &A125
     A11E   C0 2C      CPY #&2C
     A120   F0 03      BEQ &A125
     A122   98         TYA
     A123   D0 04      BNE &A129
.Label_A97D
     A125   A0 2C      LDY #&2C
     A127   09 30      ORA #&30
.Label_A982
     A129   20 EE FF   JSR &FFEE
     A12C   E0 03      CPX #&03
     A12E   D0 04      BNE &A134
     A130   98         TYA
     A131   20 EE FF   JSR &FFEE
.Label_A98D
     A134   CA         DEX
     A135   10 DE      BPL &A115
     A137   20 B5 80   JSR &80B5
     A13A   20 42 79 ...
     A141   EA         NOP
     A142   4C B5 80   JMP &80B5
.CalculateCRC7
     A145   A0 0F      LDY #&0F
     A147   A9 00      LDA #&00
.c7loop1
     A149   59 E0 10   EOR &10E0,Y
     A14C   0A         ASL A
     A14D   A2 07      LDX #&07
.c7loop2
     A14F   90 02      BCC &A153
     A151   49 12      EOR #&12
.c7b7z1
     A153   0A         ASL A
     A154   CA         DEX
     A155   D0 F8      BNE &A14F
     A157   90 02      BCC &A15B
     A159   49 12      EOR #&12
.c7b7z2
     A15B   88         DEY
     A15C   10 EB      BPL &A149
     A15E   09 01      ORA #&01
     A160   60         RTS
.CheckCRC7
     A161   20 ED 83   JSR &83ED
     A164   20 45 A1   JSR &A145
     A167   CD F0 10   CMP &10F0
     A16A   D0 01      BNE &A16D
     A16C   60         RTS
.errBadSum
     A16D   20 4E 80   JSR &804E
     A170   FF
     A171   53 75 6D 
     A174   00
.ResetCRC7
     A175   20 ED 83   JSR &83ED
     A178   20 45 A1   JSR &A145
     A17B   8D F0 10   STA &10F0
     A17E   18         CLC
     A17F   60         RTS
.Set_CurDirDrv_ToDefaults_CheckCurDrvCat
     A180   20 E9 8B   JSR &8BE9
.CheckCurDrvCat
     A183   AD 82 10   LDA &1082
     A186   C5 CD      CMP &CD
     A188   D0 07      BNE &A191
     A18A   60         RTS
.Set_CurDirDrv_ToDefaults_and_load
     A18B   20 E9 8B   JSR &8BE9
.LoadCurDrvCat2
     A18E   20 ED 83   JSR &83ED
.LoadCurDrvCat
     A191   A9 53      LDA #&53
     A193   D0 0D      BNE &A1A2
.SaveCatToDisk
     A195   AD 04 0F   LDA &0F04
     A198   18         CLC
     A199   F8         SED
     A19A   69 01      ADC #&01
     A19C   8D 04 0F   STA &0F04
     A19F   D8         CLD
     A1A0   A9 4B      LDA #&4B
.exec_cat_rw
     A1A2   48         PHA
     A1A3   A5 CD      LDA &CD
     A1A5   A2 00      LDX #&00
.loop
     A1A7   9D B0 10   STA &10B0,X
     A1AA   BD BF A1   LDA &A1BF,X
     A1AD   E8         INX
     A1AE   E0 0A      CPX #&0A
     A1B0   D0 F5      BNE &A1A7
     A1B2   68         PLA
     A1B3   8D B6 10   STA &10B6
     A1B6   20 E6 A1   JSR &A1E6
     A1B9   A5 CD      LDA &CD
     A1BB   8D 82 10   STA &1082
     A1BE   60         RTS
.datax
     A1BF   00
     A1C0   0E
     A1C1   FF
     A1C2   FF
     A1C3   03
     A1C4   53
     A1C5   00
     A1C6   00
     A1C7   22
.OW7F_Execute
     A1C8   A5 B0      LDA &B0
     A1CA   48         PHA
     A1CB   A5 B1      LDA &B1
     A1CD   48         PHA
     A1CE   A9 B0      LDA #&B0
     A1D0   85 B0      STA &B0
     A1D2   A9 10      LDA #&10
     A1D4   85 B1      STA &B1
     A1D6   20 D9 B0   JSR &B0D9
     A1D9   68         PLA
     A1DA   85 B1      STA &B1
     A1DC   68         PLA
     A1DD   85 B0      STA &B0
     A1DF   AE B5 10   LDX &10B5
     A1E2   BD B7 10   LDA &10B7,X
     A1E5   60         RTS
.OW7F_Execute_and_ReportIfDiskFault
     A1E6   20 C8 A1   JSR &A1C8
.ReportIfDiskFault
     A1E9   D0 01      BNE &A1EC
     A1EB   60         RTS
.l0
     A1EC   C9 10      CMP #&10
     A1EE   D0 10      BNE &A200
     A1F0   20 58 80   JSR &8058
     A1F3   C7
     A1F4   44 72 69 ...
     A1FF   00
.l1
     A200   C9 12      CMP #&12
     A202   D0 0E      BNE &A212
     A204   20 43 80   JSR &8043
     A207   C9
     A208   72 65 61 ...
     A211   00
.l2
     A212   A5 CD      LDA &CD
     A214   8D B0 10   STA &10B0
     A217   A2 06      LDX #&06
.loop1
     A219   BD 75 A2   LDA &A275,X
     A21C   9D B1 10   STA &10B1,X
     A21F   CA         DEX
     A220   10 F7      BPL &A219
     A222   20 C8 A1   JSR &A1C8
     A225   48         PHA
     A226   A5 CD      LDA &CD
     A228   29 02      AND #&02
     A22A   0A         ASL A
     A22B   0A         ASL A
     A22C   69 12      ADC #&12
     A22E   8D B7 10   STA &10B7
     A231   20 C8 A1   JSR &A1C8
     A234   48         PHA
     A235   20 43 80   JSR &8043
     A238   00         BRK
     A239   EA         NOP
     A23A   20 6F 80   JSR &806F
     A23D   C7
     A23E   73 65 63 ...
     A252   EA         NOP
     A253   A9 3A      LDA #&3A
     A255   20 D4 B0   JSR &B0D4
     A258   A5 CD      LDA &CD
     A25A   20 A8 8C   JSR &8CA8
     A25D   A9 20      LDA #&20
     A25F   20 D4 B0   JSR &B0D4
     A262   68         PLA
     A263   20 A0 8C   JSR &8CA0
     A266   A9 2F      LDA #&2F
     A268   20 D4 B0   JSR &B0D4
     A26B   68         PLA
     A26C   20 A0 8C   JSR &8CA0
     A26F   20 6F 80   JSR &806F
     A272   C7
     A273   00
     A274   EA         NOP
.spec
     A275   00
     A276   00
     A277   00
     A278   00
     A279   01
     A27A   7D
     A27B   06
.bcd_inc16_zp_x_A8
     A27C   A2 A8      LDX #&A8
.bcd_inc16_zp_x
     A27E   F8         SED
     A27F   18         CLC
     A280   B5 00      LDA &00,X
     A282   69 01      ADC #&01
     A284   95 00      STA &00,X
     A286   B5 01      LDA &01,X
     A288   69 00      ADC #&00
     A28A   95 01      STA &01,X
     A28C   D8         CLD
     A28D   60         RTS
Including file MMC_UserPort.asm
.MMC_SendingData
     A28E   20 ED A2   JSR &A2ED
     A291   A9 FE      LDA #&FE
.UP_WriteByte
     A293   0A         ASL A
     A294   2A         ROL A
     A295   29 FD      AND #&FD
     A297   8D B0 FC   STA &FCB0
     A29A   09 02      ORA #&02
     A29C   8D B0 FC   STA &FCB0
     A29F   2A         ROL A
     A2A0   29 FD      AND #&FD
     A2A2   8D B0 FC   STA &FCB0
     A2A5   09 02      ORA #&02
     A2A7   8D B0 FC   STA &FCB0
     A2AA   2A         ROL A
     A2AB   29 FD      AND #&FD
     A2AD   8D B0 FC   STA &FCB0
     A2B0   09 02      ORA #&02
     A2B2   8D B0 FC   STA &FCB0
     A2B5   2A         ROL A
     A2B6   29 FD      AND #&FD
     A2B8   8D B0 FC   STA &FCB0
     A2BB   09 02      ORA #&02
     A2BD   8D B0 FC   STA &FCB0
     A2C0   2A         ROL A
     A2C1   29 FD      AND #&FD
     A2C3   8D B0 FC   STA &FCB0
     A2C6   09 02      ORA #&02
     A2C8   8D B0 FC   STA &FCB0
     A2CB   2A         ROL A
     A2CC   29 FD      AND #&FD
     A2CE   8D B0 FC   STA &FCB0
     A2D1   09 02      ORA #&02
     A2D3   8D B0 FC   STA &FCB0
     A2D6   2A         ROL A
     A2D7   29 FD      AND #&FD
     A2D9   8D B0 FC   STA &FCB0
     A2DC   09 02      ORA #&02
     A2DE   8D B0 FC   STA &FCB0
     A2E1   2A         ROL A
     A2E2   29 FD      AND #&FD
     A2E4   8D B0 FC   STA &FCB0
     A2E7   09 02      ORA #&02
     A2E9   8D B0 FC   STA &FCB0
     A2EC   60         RTS
.MMC_16Clocks
     A2ED   A0 02      LDY #&02
.MMC_Clocks
.MMC_SlowClocks
.clku1
     A2EF   20 90 A3   JSR &A390
     A2F2   88         DEY
     A2F3   D0 FA      BNE &A2EF
     A2F5   60         RTS
.MMC_DoCommand
     A2F6   A2 00      LDX #&00
     A2F8   A0 07      LDY #&07
.dcmdu1
     A2FA   BD 87 10   LDA &1087,X
     A2FD   20 93 A2   JSR &A293
     A300   E8         INX
     A301   88         DEY
     A302   D0 F6      BNE &A2FA
.waitresp_up
     A304   A2 01      LDX #&01
     A306   A0 00      LDY #&00
.wrup
     A308   88         DEY
     A309   F0 0F      BEQ &A31A
     A30B   A9 03      LDA #&03
     A30D   8E B0 FC   STX &FCB0
     A310   8D B0 FC   STA &FCB0
     A313   AD BA FC   LDA &FCBA
     A316   29 01      AND #&01
     A318   D0 EE      BNE &A308
.wrup_timeout
     A31A   A9 03      LDA #&03
.UP_ReadBits7
     A31C   8E B0 FC   STX &FCB0
     A31F   8D B0 FC   STA &FCB0
     A322   8E B0 FC   STX &FCB0
     A325   8D B0 FC   STA &FCB0
     A328   8E B0 FC   STX &FCB0
     A32B   8D B0 FC   STA &FCB0
     A32E   8E B0 FC   STX &FCB0
     A331   8D B0 FC   STA &FCB0
     A334   8E B0 FC   STX &FCB0
     A337   8D B0 FC   STA &FCB0
     A33A   8E B0 FC   STX &FCB0
     A33D   8D B0 FC   STA &FCB0
     A340   8E B0 FC   STX &FCB0
     A343   8D B0 FC   STA &FCB0
     A346   AD BA FC   LDA &FCBA
     A349   60         RTS
.MMC_WaitForData
.wlu1
     A34A   20 90 A3   JSR &A390
     A34D   C9 FE      CMP #&FE
     A34F   D0 F9      BNE &A34A
     A351   60         RTS
.MMC_Read256
     A352   A2 00      LDX #&00
     A354   F0 02      BEQ &A358
.MMC_ReadBLS
     A356   A6 C6      LDX &C6
.MMC_ReadX
     A358   20 D8 A3   JSR &A3D8
     A35B   A0 00      LDY #&00
     A35D   AD AE 10   LDA &10AE
     A360   D0 0A      BNE &A36C
.MMC_ReadToMemory
     A362   20 A6 A3   JSR &A3A6
     A365   91 BC      STA (&BC),Y
     A367   C8         INY
     A368   CA         DEX
     A369   D0 F7      BNE &A362
     A36B   60         RTS
.MMC_ReadToTube
     A36C   20 A6 A3   JSR &A3A6
     A36F   8D E5 FC   STA &FCE5
     A372   EA         NOP
     A373   EA         NOP
     A374   EA         NOP
     A375   C8         INY
     A376   CA         DEX
     A377   D0 F3      BNE &A36C
.tube_delay
     A379   60         RTS
.MMC_ReadBuffer
     A37A   A2 FF      LDX #&FF
     A37C   8E 82 10   STX &1082
     A37F   E8         INX
     A380   20 D8 A3   JSR &A3D8
     A383   A0 00      LDY #&00
.rdbuf2
     A385   20 A6 A3   JSR &A3A6
     A388   99 00 0E   STA &0E00,Y
     A38B   C8         INY
     A38C   CA         DEX
     A38D   D0 F6      BNE &A385
     A38F   60         RTS
.MMC_GetByte
.UP_ReadByteX
     A390   A9 03      LDA #&03
     A392   8D B0 FC   STA &FCB0
     A395   20 D8 A3   JSR &A3D8
     A398   A9 04      LDA #&04
.lastByte
     A39A   2C BD FC   BIT &FCBD
     A39D   F0 FB      BEQ &A39A
     A39F   20 C7 A3   JSR &A3C7
     A3A2   AD BA FC   LDA &FCBA
     A3A5   60         RTS
.WaitForShiftDone
     A3A6   A9 04      LDA #&04
     A3A8   E0 01      CPX #&01
     A3AA   F0 EE      BEQ &A39A
.notLastByte
     A3AC   2C BD FC   BIT &FCBD
     A3AF   F0 FB      BEQ &A3AC
     A3B1   AD BA FC   LDA &FCBA
     A3B4   60         RTS
.MMC_DEVICE_RESET
     A3B5   A9 03      LDA #&03
     A3B7   8D B0 FC   STA &FCB0
     A3BA   AD B2 FC   LDA &FCB2
     A3BD   09 03      ORA #&03
     A3BF   8D B2 FC   STA &FCB2
     A3C2   A9 1C      LDA #&1C
     A3C4   8D BE FC   STA &FCBE
.ShiftRegMode0
     A3C7   AD BB FC   LDA &FCBB
     A3CA   29 E3      AND #&E3
     A3CC   8D BB FC   STA &FCBB
     A3CF   AD B2 FC   LDA &FCB2
     A3D2   09 02      ORA #&02
     A3D4   8D B2 FC   STA &FCB2
     A3D7   60         RTS
.ShiftRegMode2
     A3D8   AD B2 FC   LDA &FCB2
     A3DB   29 FD      AND #&FD
     A3DD   8D B2 FC   STA &FCB2
     A3E0   AD BB FC   LDA &FCBB
     A3E3   29 E3      AND #&E3
     A3E5   09 08      ORA #&08
     A3E7   8D BB FC   STA &FCBB
     A3EA   AD BA FC   LDA &FCBA
     A3ED   60         RTS
.MMC_EndWrite
     A3EE   20 ED A2   JSR &A2ED
.ewu1
     A3F1   20 90 A3   JSR &A390
     A3F4   A8         TAY
     A3F5   29 1F      AND #&1F
     A3F7   C9 1F      CMP #&1F
     A3F9   F0 F6      BEQ &A3F1
     A3FB   C9 05      CMP #&05
     A3FD   D0 2E      BNE &A42D
.ewu2
     A3FF   20 90 A3   JSR &A390
     A402   C9 FF      CMP #&FF
     A404   D0 F9      BNE &A3FF
     A406   60         RTS
.MMC_Write256
     A407   AC AE 10   LDY &10AE
     A40A   D0 09      BNE &A415
.wru1
     A40C   B1 BC      LDA (&BC),Y
     A40E   20 93 A2   JSR &A293
     A411   C8         INY
     A412   D0 F8      BNE &A40C
     A414   60         RTS
.wruT1
     A415   A0 00      LDY #&00
.wruT2
     A417   AD E5 FC   LDA &FCE5
     A41A   20 93 A2   JSR &A293
     A41D   C8         INY
     A41E   D0 F7      BNE &A417
     A420   60         RTS
.MMC_WriteBuffer
     A421   A0 00      LDY #&00
.wbu1
     A423   B9 00 0E   LDA &0E00,Y
     A426   20 93 A2   JSR &A293
     A429   C8         INY
     A42A   D0 F7      BNE &A423
     A42C   60         RTS
Processed file 'MMC_UserPort.asm' ok
.errWrite2
     A42D   98         TYA
     A42E   20 96 B0   JSR &B096
     A431   57 72 69 ...
     A446   00
Including file MMC.asm
.MMC_SetCommand
     A447   8D 88 10   STA &1088
     A44A   A9 00      LDA #&00
     A44C   8D 89 10   STA &1089
     A44F   8D 8A 10   STA &108A
     A452   8D 8B 10   STA &108B
     A455   8D 8C 10   STA &108C
     A458   A9 FF      LDA #&FF
     A45A   8D 87 10   STA &1087
     A45D   8D 8D 10   STA &108D
     A460   8D 8E 10   STA &108E
     A463   60         RTS
.MMC_INIT
     A464   20 2F 80   JSR &802F
     A467   A9 00      LDA #&00
     A469   8D AF 10   STA &10AF
     A46C   A9 32      LDA #&32
     A46E   85 C1      STA &C1
.iloop
     A470   A0 0A      LDY #&0A
     A472   20 EF A2   JSR &A2EF
     A475   A9 40      LDA #&40
     A477   20 47 A4   JSR &A447
     A47A   A9 95      LDA #&95
     A47C   8D 8D 10   STA &108D
     A47F   20 F6 A2   JSR &A2F6
     A482   29 81      AND #&81
     A484   C9 01      CMP #&01
     A486   D0 2F      BNE &A4B7
     A488   8D DE 10   STA &10DE
     A48B   A9 48      LDA #&48
     A48D   20 47 A4   JSR &A447
     A490   A9 01      LDA #&01
     A492   8D 8B 10   STA &108B
     A495   A9 AA      LDA #&AA
     A497   8D 8C 10   STA &108C
     A49A   A9 87      LDA #&87
     A49C   8D 8D 10   STA &108D
     A49F   20 F6 A2   JSR &A2F6
     A4A2   C9 01      CMP #&01
     A4A4   F0 24      BEQ &A4CA
     A4A6   A9 00      LDA #&00
     A4A8   8D DE 10   STA &10DE
.il1
     A4AB   A9 41      LDA #&41
     A4AD   20 47 A4   JSR &A447
     A4B0   20 F6 A2   JSR &A2F6
     A4B3   C9 02      CMP #&02
     A4B5   90 09      BCC &A4C0
.ifail
     A4B7   C6 C1      DEC &C1
     A4B9   D0 B5      BNE &A470
.ifaildone
     A4BB   20 3B 80   JSR &803B
     A4BE   38         SEC
     A4BF   60         RTS
.il11
     A4C0   24 FF      BIT &FF
     A4C2   30 F3      BMI &A4B7
     A4C4   C9 00      CMP #&00
     A4C6   D0 E3      BNE &A4AB
     A4C8   F0 42      BEQ &A50C
.isdhc
     A4CA   20 90 A3   JSR &A390
     A4CD   20 90 A3   JSR &A390
     A4D0   20 90 A3   JSR &A390
     A4D3   20 90 A3   JSR &A390
.isdhc2
     A4D6   A9 77      LDA #&77
     A4D8   20 47 A4   JSR &A447
     A4DB   20 F6 A2   JSR &A2F6
     A4DE   A9 69      LDA #&69
     A4E0   20 47 A4   JSR &A447
     A4E3   A9 40      LDA #&40
     A4E5   8D 89 10   STA &1089
     A4E8   20 F6 A2   JSR &A2F6
     A4EB   D0 E9      BNE &A4D6
     A4ED   A9 7A      LDA #&7A
     A4EF   20 47 A4   JSR &A447
     A4F2   20 F6 A2   JSR &A2F6
     A4F5   D0 C0      BNE &A4B7
     A4F7   20 90 A3   JSR &A390
     A4FA   29 40      AND #&40
     A4FC   48         PHA
     A4FD   20 90 A3   JSR &A390
     A500   20 90 A3   JSR &A390
     A503   20 90 A3   JSR &A390
     A506   68         PLA
     A507   D0 03      BNE &A50C
     A509   8D DE 10   STA &10DE
.iok
     A50C   A9 50      LDA #&50
     A50E   20 47 A4   JSR &A447
     A511   A9 02      LDA #&02
     A513   8D 8B 10   STA &108B
     A516   20 F6 A2   JSR &A2F6
     A519   D0 0A      BNE &A525
     A51B   A9 40      LDA #&40
     A51D   8D AF 10   STA &10AF
     A520   20 3B 80   JSR &803B
     A523   18         CLC
     A524   60         RTS
.blkerr
     A525   20 96 B0   JSR &B096
     A528   53 65 74 ...
     A53C   00
.MMC_GetCIDCRC
     A53D   A9 4A      LDA #&4A
     A53F   20 47 A4   JSR &A447
     A542   20 8A A5   JSR &A58A
     A545   A0 10      LDY #&10
     A547   20 EF A2   JSR &A2EF
     A54A   20 90 A3   JSR &A390
     A54D   A8         TAY
     A54E   4C 90 A3   JMP &A390
.MMC_SetupWrite
     A551   A9 58      LDA #&58
     A553   D0 02      BNE &A557
.MMC_SetupRead
     A555   A9 51      LDA #&51
.setuprw
     A557   20 47 A4   JSR &A447
.setCommandAddress
     A55A   AD DE 10   LDA &10DE
     A55D   D0 13      BNE &A572
     A55F   8D 8C 10   STA &108C
     A562   A5 C0      LDA &C0
     A564   8D 89 10   STA &1089
     A567   A5 BF      LDA &BF
     A569   8D 8A 10   STA &108A
     A56C   A5 BE      LDA &BE
     A56E   8D 8B 10   STA &108B
     A571   60         RTS
.setCommandAddressSDHC
     A572   A9 00      LDA #&00
     A574   8D 89 10   STA &1089
     A577   A5 C0      LDA &C0
     A579   4A         LSR A
     A57A   8D 8A 10   STA &108A
     A57D   A5 BF      LDA &BF
     A57F   6A         ROR A
     A580   8D 8B 10   STA &108B
     A583   A5 BE      LDA &BE
     A585   6A         ROR A
     A586   8D 8C 10   STA &108C
     A589   60         RTS
.MMC_StartRead
     A58A   20 F6 A2   JSR &A2F6
     A58D   D0 03      BNE &A592
     A58F   4C 4A A3   JMP &A34A
.errRead
     A592   20 96 B0   JSR &B096
     A595   52 65 61 ...
     A5A0   00
.MMC_StartWrite
     A5A1   20 F6 A2   JSR &A2F6
     A5A4   D0 03      BNE &A5A9
     A5A6   4C 8E A2   JMP &A28E
.errWrite
     A5A9   20 96 B0   JSR &B096
     A5AC   57 72 69 ...
     A5B8   00
.SetupCatRW
     A5B9   20 2F 80   JSR &802F
     A5BC   A9 00      LDA #&00
     A5BE   8D AE 10   STA &10AE
     A5C1   85 BC      STA &BC
     A5C3   A9 0E      LDA #&0E
     A5C5   85 BD      STA &BD
     A5C7   60         RTS
.MMC_ReadCatalogue
     A5C8   20 B9 A5   JSR &A5B9
     A5CB   20 55 A5   JSR &A555
     A5CE   20 8A A5   JSR &A58A
     A5D1   20 52 A3   JSR &A352
     A5D4   E6 BD      INC &BD
     A5D6   20 52 A3   JSR &A352
     A5D9   20 ED A2   JSR &A2ED
     A5DC   4C 3B 80   JMP &803B
.MMC_WriteCatalogue
     A5DF   20 B9 A5   JSR &A5B9
     A5E2   20 51 A5   JSR &A551
     A5E5   20 A1 A5   JSR &A5A1
     A5E8   20 07 A4   JSR &A407
     A5EB   E6 BD      INC &BD
     A5ED   20 07 A4   JSR &A407
     A5F0   20 EE A3   JSR &A3EE
     A5F3   4C 3B 80   JMP &803B
.MMC_RWBlock_CheckIfToTube
     A5F6   48         PHA
     A5F7   AD AC 10   LDA &10AC
     A5FA   2D AD 10   AND &10AD
     A5FD   0D D6 10   ORA &10D6
     A600   49 FF      EOR #&FF
     A602   8D AE 10   STA &10AE
     A605   38         SEC
     A606   F0 0D      BEQ &A615
     A608   20 75 8C   JSR &8C75
     A60B   A2 AA      LDX #&AA
     A60D   A0 10      LDY #&10
     A60F   68         PLA
     A610   48         PHA
     A611   20 06 04   JSR &0406
     A614   18         CLC
.notTube
     A615   68         PLA
     A616   60         RTS
.MMC_ReadBlock
     A617   4E A6 10   LSR &10A6
     A61A   20 2F 80   JSR &802F
     A61D   20 27 A6   JSR &A627
     A620   4C 3B 80   JMP &803B
.rb_err
     A623   6E A6 10   ROR &10A6
.rb1_exit
     A626   60         RTS
.rdblk
     A627   A6 C4      LDX &C4
     A629   D0 04      BNE &A62F
     A62B   A5 C5      LDA &C5
     A62D   F0 F7      BEQ &A626
.rb1
     A62F   A9 01      LDA #&01
     A631   20 F6 A5   JSR &A5F6
     A634   A6 C4      LDX &C4
     A636   66 BE      ROR &BE
     A638   66 C1      ROR &C1
     A63A   10 07      BPL &A643
     A63C   E8         INX
     A63D   86 C4      STX &C4
     A63F   D0 02      BNE &A643
     A641   E6 C5      INC &C5
.rb2
     A643   06 BE      ASL &BE
     A645   20 55 A5   JSR &A555
     A648   A5 C5      LDA &C5
     A64A   D0 0E      BNE &A65A
     A64C   A6 C4      LDX &C4
     A64E   E0 03      CPX #&03
     A650   B0 08      BCS &A65A
.rb4_loop
     A652   A5 C6      LDA &C6
     A654   D0 47      BNE &A69D
     A656   E0 01      CPX #&01
     A658   F0 3A      BEQ &A694
.rb3
     A65A   24 C1      BIT &C1
     A65C   10 0D      BPL &A66B
     A65E   20 8A A5   JSR &A58A
     A661   A0 00      LDY #&00
     A663   84 C1      STY &C1
     A665   20 EF A2   JSR &A2EF
     A668   4C 73 A6   JMP &A673
.rb6_loop
     A66B   20 8A A5   JSR &A58A
     A66E   20 52 A3   JSR &A352
     A671   E6 BD      INC &BD
.rb7
     A673   20 52 A3   JSR &A352
     A676   E6 BD      INC &BD
     A678   20 ED A2   JSR &A2ED
     A67B   20 76 A7   JSR &A776
     A67E   F0 A6      BEQ &A626
     A680   20 2A B0   JSR &B02A
     A683   B0 9E      BCS &A623
     A685   20 55 A5   JSR &A555
     A688   A6 C4      LDX &C4
     A68A   A5 C5      LDA &C5
     A68C   D0 DD      BNE &A66B
     A68E   E0 03      CPX #&03
     A690   B0 D9      BCS &A66B
     A692   90 BE      BCC &A652
.rb9
     A694   20 8A A5   JSR &A58A
     A697   20 52 A3   JSR &A352
     A69A   4C C4 A6   JMP &A6C4
.rb5
     A69D   20 8A A5   JSR &A58A
     A6A0   24 C1      BIT &C1
     A6A2   10 08      BPL &A6AC
     A6A4   A0 00      LDY #&00
     A6A6   20 EF A2   JSR &A2EF
     A6A9   4C B5 A6   JMP &A6B5
.rbx1
     A6AC   C6 C4      DEC &C4
     A6AE   F0 05      BEQ &A6B5
     A6B0   20 52 A3   JSR &A352
     A6B3   E6 BD      INC &BD
.rbx2
     A6B5   20 56 A3   JSR &A356
     A6B8   98         TYA
     A6B9   49 FF      EOR #&FF
     A6BB   A8         TAY
     A6BC   C8         INY
     A6BD   20 EF A2   JSR &A2EF
     A6C0   A5 C4      LDA &C4
     A6C2   D0 05      BNE &A6C9
.rbx4
     A6C4   A0 00      LDY #&00
     A6C6   20 EF A2   JSR &A2EF
.rbx3
     A6C9   4C ED A2   JMP &A2ED
.wb1_exit
     A6CC   60         RTS
.MMC_WriteBlock
     A6CD   4E A6 10   LSR &10A6
     A6D0   20 2F 80   JSR &802F
     A6D3   20 D9 A6   JSR &A6D9
     A6D6   4C 3B 80   JMP &803B
.wrblk
     A6D9   A6 C4      LDX &C4
     A6DB   D0 04      BNE &A6E1
     A6DD   A5 C5      LDA &C5
     A6DF   F0 EB      BEQ &A6CC
.wb1
     A6E1   A9 00      LDA #&00
     A6E3   20 F6 A5   JSR &A5F6
     A6E6   A6 C4      LDX &C4
     A6E8   66 BE      ROR &BE
     A6EA   6A         ROR A
     A6EB   06 BE      ASL &BE
     A6ED   48         PHA
     A6EE   20 51 A5   JSR &A551
     A6F1   68         PLA
     A6F2   10 37      BPL &A72B
     A6F4   A9 51      LDA #&51
     A6F6   8D 88 10   STA &1088
     A6F9   20 8A A5   JSR &A58A
     A6FC   20 7A A3   JSR &A37A
     A6FF   A0 00      LDY #&00
     A701   20 EF A2   JSR &A2EF
     A704   A0 02      LDY #&02
     A706   20 EF A2   JSR &A2EF
     A709   A9 58      LDA #&58
     A70B   8D 88 10   STA &1088
     A70E   20 A1 A5   JSR &A5A1
     A711   20 21 A4   JSR &A421
     A714   20 07 A4   JSR &A407
     A717   20 EE A3   JSR &A3EE
     A71A   A9 FF      LDA #&FF
     A71C   20 78 A7   JSR &A778
     A71F   F0 AB      BEQ &A6CC
     A721   E6 BD      INC &BD
.wb4
     A723   20 2A B0   JSR &B02A
     A726   B0 4A      BCS &A772
     A728   20 51 A5   JSR &A551
.wb2
     A72B   A5 C5      LDA &C5
     A72D   D0 2D      BNE &A75C
     A72F   A6 C4      LDX &C4
     A731   F0 3E      BEQ &A771
     A733   CA         DEX
     A734   D0 26      BNE &A75C
     A736   A9 51      LDA #&51
     A738   8D 88 10   STA &1088
     A73B   20 8A A5   JSR &A58A
     A73E   A0 00      LDY #&00
     A740   20 EF A2   JSR &A2EF
     A743   20 7A A3   JSR &A37A
     A746   A0 02      LDY #&02
     A748   20 EF A2   JSR &A2EF
     A74B   A9 58      LDA #&58
     A74D   8D 88 10   STA &1088
     A750   20 A1 A5   JSR &A5A1
     A753   20 07 A4   JSR &A407
     A756   20 21 A4   JSR &A421
     A759   4C EE A3   JMP &A3EE
.wb3
     A75C   20 A1 A5   JSR &A5A1
     A75F   20 07 A4   JSR &A407
     A762   E6 BD      INC &BD
     A764   20 07 A4   JSR &A407
     A767   E6 BD      INC &BD
     A769   20 EE A3   JSR &A3EE
     A76C   20 76 A7   JSR &A776
     A76F   D0 B2      BNE &A723
.wb5
     A771   60         RTS
.wb_err
     A772   6E A6 10   ROR &10A6
     A775   60         RTS
.dec_seccountby2
     A776   A9 FE      LDA #&FE
.dec_seccount
     A778   18         CLC
     A779   65 C4      ADC &C4
     A77B   85 C4      STA &C4
     A77D   AA         TAX
     A77E   A9 FF      LDA #&FF
     A780   65 C5      ADC &C5
     A782   85 C5      STA &C5
     A784   05 C4      ORA &C4
     A786   60         RTS
.MMC_BEGIN2
     A787   20 ED 83   JSR &83ED
     A78A   20 90 A7   JSR &A790
     A78D   4C E3 A7   JMP &A7E3
.MMC_BEGIN1
     A790   A2 0F      LDX #&0F
.begloop1
     A792   B5 BC      LDA &BC,X
     A794   9D 90 10   STA &1090,X
     A797   CA         DEX
     A798   10 F8      BPL &A792
     A79A   20 B5 A3   JSR &A3B5
     A79D   2C AF 10   BIT &10AF
     A7A0   50 01      BVC &A7A3
     A7A2   60         RTS
.begX
     A7A3   20 64 A4   JSR &A464
     A7A6   B0 06      BCS &A7AE
     A7A8   20 B8 A7   JSR &A7B8
     A7AB   4C 74 A8   JMP &A874
.carderr
     A7AE   20 68 80   JSR &8068
     A7B1   FF
     A7B2   43 61 72 ...
     A7B7   00
.MMC_CheckCardID
     A7B8   20 61 A1   JSR &A161
     A7BB   AD E4 10   LDA &10E4
     A7BE   F0 0D      BEQ &A7CD
     A7C0   20 3D A5   JSR &A53D
     A7C3   CD EF 10   CMP &10EF
     A7C6   D0 06      BNE &A7CE
     A7C8   CC EE 10   CPY &10EE
     A7CB   D0 01      BNE &A7CE
.cid_x
     A7CD   60         RTS
.errCardChanged
     A7CE   A9 00      LDA #&00
     A7D0   8D AF 10   STA &10AF
     A7D3   20 68 80   JSR &8068
     A7D6   FF
     A7D7   57 72 6F ...
     A7E2   00
.MMC_END
     A7E3   A2 0F      LDX #&0F
.eloop0
     A7E5   BD 90 10   LDA &1090,X
     A7E8   95 BC      STA &BC,X
     A7EA   CA         DEX
     A7EB   10 F8      BPL &A7E5
     A7ED   60         RTS
Processed file 'MMC.asm' ok
.CMD_DABOUT
     A7EE   A2 00      LDX #&00
.loop
     A7F0   BD 09 80   LDA &8009,X
     A7F3   D0 02      BNE &A7F7
     A7F5   A9 0D      LDA #&0D
.print
     A7F7   20 E3 FF   JSR &FFE3
     A7FA   E8         INX
     A7FB   E0 23      CPX #&23
     A7FD   D0 F1      BNE &A7F0
     A7FF   60         RTS
Including file MM32.asm
.mm32_cmd_dbug
.l1
     A800   20 95 80   JSR &8095
     A803   46 41 54 ...
     A80C   A0 00      LDY #&00
     A80E   20 4A A8   JSR &A84A
     A811   20 95 80   JSR &8095
     A814   44 41 54 ...
     A81D   A0 02      LDY #&02
     A81F   20 4A A8   JSR &A84A
     A822   20 95 80   JSR &8095
     A825   43 4C 55 ...
     A82E   A0 04      LDY #&04
     A830   20 50 A8   JSR &A850
     A833   A2 00      LDX #&00
.loop
     A835   8A         TXA
     A836   20 F4 80   JSR &80F4
     A839   A9 3A      LDA #&3A
     A83B   20 EE FF   JSR &FFEE
     A83E   20 59 A8   JSR &A859
     A841   20 E7 FF   JSR &FFE7
     A844   E8         INX
     A845   E0 03      CPX #&03
     A847   D0 EC      BNE &A835
     A849   60         RTS
.phex2
     A84A   B9 E1 10   LDA &10E1,Y
     A84D   20 F4 80   JSR &80F4
.phex1
     A850   B9 E0 10   LDA &10E0,Y
     A853   20 F4 80   JSR &80F4
     A856   4C E7 FF   JMP &FFE7
.mm32_pclust
     A859   BD EB 10   LDA &10EB,X
     A85C   20 F4 80   JSR &80F4
     A85F   BD E8 10   LDA &10E8,X
     A862   20 F4 80   JSR &80F4
     A865   BD E5 10   LDA &10E5,X
     A868   20 F4 80   JSR &80F4
     A86B   60         RTS
.mm32_readblock
     A86C   A9 FF      LDA #&FF
     A86E   8D 82 10   STA &1082
     A871   4C C8 A5   JMP &A5C8
.mm32_init_dos
     A874   20 61 A1   JSR &A161
     A877   AD E4 10   LDA &10E4
     A87A   F0 01      BEQ &A87D
     A87C   60         RTS
.init
     A87D   20 04 A9   JSR &A904
     A880   90 71      BCC &A8F3
     A882   AD 0C 0E   LDA &0E0C
     A885   C9 02      CMP #&02
     A887   D0 6A      BNE &A8F3
     A889   4D 2C 0E   EOR &0E2C
     A88C   0D 26 0E   ORA &0E26
     A88F   D0 62      BNE &A8F3
     A891   AD 25 0E   LDA &0E25
     A894   4A         LSR A
     A895   F0 5C      BEQ &A8F3
     A897   AD 0D 0E   LDA &0E0D
     A89A   85 CB      STA &CB
     A89C   A5 C7      LDA &C7
     A89E   A4 C8      LDY &C8
     A8A0   18         CLC
     A8A1   6D 0E 0E   ADC &0E0E
     A8A4   AA         TAX
     A8A5   98         TYA
     A8A6   6D 0F 0E   ADC &0E0F
     A8A9   B0 48      BCS &A8F3
     A8AB   86 C7      STX &C7
     A8AD   85 C8      STA &C8
.loop1
     A8AF   A8         TAY
     A8B0   8A         TXA
     A8B1   6D 24 0E   ADC &0E24
     A8B4   AA         TAX
     A8B5   98         TYA
     A8B6   6D 25 0E   ADC &0E25
     A8B9   B0 38      BCS &A8F3
     A8BB   CE 10 0E   DEC &0E10
     A8BE   D0 EF      BNE &A8AF
     A8C0   A8         TAY
     A8C1   0E 0D 0E   ASL &0E0D
     A8C4   8A         TXA
     A8C5   38         SEC
     A8C6   ED 0D 0E   SBC &0E0D
     A8C9   85 C9      STA &C9
     A8CB   98         TYA
     A8CC   E9 00      SBC #&00
     A8CE   85 CA      STA &CA
     A8D0   20 61 A1   JSR &A161
     A8D3   20 3D A5   JSR &A53D
     A8D6   8D EF 10   STA &10EF
     A8D9   8C EE 10   STY &10EE
     A8DC   A0 05      LDY #&05
.loop2
     A8DE   B9 C6 00   LDA &00C6,Y
     A8E1   99 DF 10   STA &10DF,Y
     A8E4   88         DEY
     A8E5   D0 F7      BNE &A8DE
     A8E7   98         TYA
     A8E8   A0 08      LDY #&08
.loop3
     A8EA   99 E5 10   STA &10E5,Y
     A8ED   88         DEY
     A8EE   10 FA      BPL &A8EA
     A8F0   4C 75 A1   JMP &A175
.faterr
     A8F3   20 68 80   JSR &8068
     A8F6   FF
     A8F7   43 61 72 ...
     A903   00
.read_VBR
     A904   A9 00      LDA #&00
     A906   85 C7      STA &C7
     A908   85 C8      STA &C8
     A90A   85 BE      STA &BE
     A90C   85 BF      STA &BF
     A90E   85 C0      STA &C0
     A910   20 45 A9   JSR &A945
     A913   90 41      BCC &A956
     A915   AD 00 0E   LDA &0E00
     A918   C9 EB      CMP #&EB
     A91A   D0 0E      BNE &A92A
     A91C   AD 02 0E   LDA &0E02
     A91F   C9 90      CMP #&90
     A921   D0 07      BNE &A92A
     A923   AD 0C 0E   LDA &0E0C
     A926   C9 02      CMP #&02
     A928   F0 2C      BEQ &A956
.mbr
     A92A   AD C6 0F   LDA &0FC6
     A92D   85 C7      STA &C7
     A92F   85 BE      STA &BE
     A931   AD C7 0F   LDA &0FC7
     A934   85 C8      STA &C8
     A936   85 BF      STA &BF
     A938   AD C8 0F   LDA &0FC8
     A93B   0D C9 0F   ORA &0FC9
     A93E   D0 17      BNE &A957
     A940   85 C0      STA &C0
     A942   20 8F B0   JSR &B08F
.isfat
     A945   20 6C A8   JSR &A86C
     A948   AD FE 0F   LDA &0FFE
     A94B   C9 55      CMP #&55
     A94D   D0 08      BNE &A957
     A94F   AD FF 0F   LDA &0FFF
     A952   C9 AA      CMP #&AA
     A954   D0 01      BNE &A957
.ifx
     A956   60         RTS
.bad
     A957   18         CLC
     A958   60         RTS
.mm32_SECT_X_First
     A959   B9 E5 10   LDA &10E5,Y
     A95C   85 C8      STA &C8
     A95E   B9 E8 10   LDA &10E8,Y
     A961   85 C9      STA &C9
     A963   B9 EB 10   LDA &10EB,Y
     A966   85 C2      STA &C2
     A968   29 3F      AND #&3F
     A96A   85 CA      STA &CA
     A96C   05 C8      ORA &C8
     A96E   05 C9      ORA &C9
     A970   D0 0C      BNE &A97E
     A972   C0 02      CPY #&02
     A974   F0 04      BEQ &A97A
     A976   24 C2      BIT &C2
     A978   10 0F      BPL &A989
.l1
     A97A   A9 02      LDA #&02
     A97C   85 C8      STA &C8
.l2
     A97E   AD E4 10   LDA &10E4
     A981   85 CB      STA &CB
     A983   A9 00      LDA #&00
     A985   85 CE      STA &CE
     A987   B8         CLV
     A988   60         RTS
.l3
     A989   2C 8C A9   BIT &A98C
.l4
     A98C   60         RTS
.mm32_SECT_X_Next
     A98D   C6 CB      DEC &CB
     A98F   F0 02      BEQ &A993
     A991   18         CLC
     A992   60         RTS
.l1
     A993   20 9C A9   JSR &A99C
     A996   AD E4 10   LDA &10E4
     A999   85 CB      STA &CB
     A99B   60         RTS
.next_cluster
     A99C   20 16 84   JSR &8416
     A99F   C6 CE      DEC &CE
     A9A1   10 1D      BPL &A9C0
     A9A3   AD AE 10   LDA &10AE
     A9A6   48         PHA
     A9A7   A5 BC      LDA &BC
     A9A9   48         PHA
     A9AA   A5 BD      LDA &BD
     A9AC   48         PHA
     A9AD   A5 C6      LDA &C6
     A9AF   48         PHA
     A9B0   20 E3 A9   JSR &A9E3
     A9B3   68         PLA
     A9B4   85 C6      STA &C6
     A9B6   68         PLA
     A9B7   85 BD      STA &BD
     A9B9   68         PLA
     A9BA   85 BC      STA &BC
     A9BC   68         PLA
     A9BD   8D AE 10   STA &10AE
.l1
     A9C0   18         CLC
     A9C1   A5 CE      LDA &CE
     A9C3   F0 12      BEQ &A9D7
     A9C5   E6 C8      INC &C8
     A9C7   D0 0D      BNE &A9D6
     A9C9   E6 C9      INC &C9
     A9CB   D0 09      BNE &A9D6
     A9CD   E6 CA      INC &CA
.l2
     A9CF   A5 CA      LDA &CA
     A9D1   29 C0      AND #&C0
     A9D3   F0 01      BEQ &A9D6
     A9D5   38         SEC
.l3
     A9D6   60         RTS
.l4
     A9D7   A2 02      LDX #&02
.loop1
     A9D9   BD A0 10   LDA &10A0,X
     A9DC   95 C8      STA &C8,X
     A9DE   CA         DEX
     A9DF   10 F8      BPL &A9D9
     A9E1   30 EC      BMI &A9CF
.read_fat
     A9E3   A5 C8      LDA &C8
     A9E5   0A         ASL A
     A9E6   85 CB      STA &CB
     A9E8   A5 C9      LDA &C9
     A9EA   2A         ROL A
     A9EB   A8         TAY
     A9EC   A5 CA      LDA &CA
     A9EE   2A         ROL A
     A9EF   AA         TAX
     A9F0   98         TYA
     A9F1   6D E0 10   ADC &10E0
     A9F4   85 BE      STA &BE
     A9F6   8A         TXA
     A9F7   6D E1 10   ADC &10E1
     A9FA   85 BF      STA &BF
     A9FC   A9 00      LDA #&00
     A9FE   8D AE 10   STA &10AE
     AA01   85 C0      STA &C0
     AA03   20 8F B0   JSR &B08F
     AA06   20 2F 80   JSR &802F
     AA09   20 55 A5   JSR &A555
     AA0C   20 8A A5   JSR &A58A
     AA0F   A9 A0      LDA #&A0
     AA11   85 BC      STA &BC
     AA13   A9 10      LDA #&10
     AA15   85 BD      STA &BD
     AA17   A5 CB      LDA &CB
     AA19   20 62 AA   JSR &AA62
.loop1
     AA1C   E6 CE      INC &CE
     AA1E   A9 04      LDA #&04
     AA20   85 C6      STA &C6
     AA22   20 56 A3   JSR &A356
     AA25   E6 CB      INC &CB
     AA27   E6 CB      INC &CB
     AA29   F0 31      BEQ &AA5C
     AA2B   38         SEC
     AA2C   AD A2 10   LDA &10A2
     AA2F   29 C0      AND #&C0
     AA31   0D A3 10   ORA &10A3
     AA34   D0 1B      BNE &AA51
     AA36   AD A0 10   LDA &10A0
     AA39   E5 C8      SBC &C8
     AA3B   A8         TAY
     AA3C   AD A1 10   LDA &10A1
     AA3F   E5 C9      SBC &C9
     AA41   D0 11      BNE &AA54
     AA43   AD A2 10   LDA &10A2
     AA46   E5 CA      SBC &CA
     AA48   D0 0A      BNE &AA54
     AA4A   88         DEY
     AA4B   C4 CE      CPY &CE
     AA4D   F0 CD      BEQ &AA1C
     AA4F   D0 03      BNE &AA54
.l2
     AA51   6E A2 10   ROR &10A2
.l3
     AA54   38         SEC
     AA55   A9 00      LDA #&00
     AA57   E5 CB      SBC &CB
     AA59   20 62 AA   JSR &AA62
.l4
     AA5C   20 ED A2   JSR &A2ED
     AA5F   4C 3B 80   JMP &803B
.clocks
     AA62   0A         ASL A
     AA63   48         PHA
     AA64   90 05      BCC &AA6B
     AA66   A0 00      LDY #&00
     AA68   20 EF A2   JSR &A2EF
.l1
     AA6B   68         PLA
     AA6C   F0 04      BEQ &AA72
     AA6E   A8         TAY
     AA6F   4C EF A2   JMP &A2EF
.l2
     AA72   60         RTS
.mm32_Scan_Dir
     AA73   A0 02      LDY #&02
     AA75   20 59 A9   JSR &A959
.loop1
     AA78   20 51 B0   JSR &B051
     AA7B   B0 0F      BCS &AA8C
     AA7D   20 6C A8   JSR &A86C
     AA80   20 8D AA   JSR &AA8D
     AA83   90 07      BCC &AA8C
     AA85   F0 05      BEQ &AA8C
     AA87   20 8D A9   JSR &A98D
     AA8A   90 EC      BCC &AA78
.exit
     AA8C   60         RTS
.scan_block
     AA8D   A9 00      LDA #&00
     AA8F   85 AB      STA &AB
     AA91   85 B0      STA &B0
     AA93   A9 0E      LDA #&0E
.loop1
     AA95   85 B1      STA &B1
.loop2
     AA97   A0 00      LDY #&00
     AA99   B1 B0      LDA (&B0),Y
     AA9B   F0 75      BEQ &AB12
     AA9D   30 5F      BMI &AAFE
     AA9F   C9 21      CMP #&21
     AAA1   90 5B      BCC &AAFE
     AAA3   A0 15      LDY #&15
     AAA5   B1 B0      LDA (&B0),Y
     AAA7   29 0F      AND #&0F
     AAA9   D0 53      BNE &AAFE
     AAAB   88         DEY
     AAAC   B1 B0      LDA (&B0),Y
     AAAE   29 F0      AND #&F0
     AAB0   D0 4C      BNE &AAFE
     AAB2   A0 0B      LDY #&0B
     AAB4   B1 B0      LDA (&B0),Y
     AAB6   29 0E      AND #&0E
     AAB8   D0 44      BNE &AAFE
     AABA   B1 B0      LDA (&B0),Y
     AABC   4A         LSR A
     AABD   29 08      AND #&08
     AABF   85 B8      STA &B8
     AAC1   F0 04      BEQ &AAC7
     AAC3   A9 80      LDA #&80
     AAC5   D0 0C      BNE &AAD3
.l1
     AAC7   24 B2      BIT &B2
     AAC9   30 33      BMI &AAFE
     AACB   6A         ROR A
     AACC   85 B9      STA &B9
     AACE   20 EB AB   JSR &ABEB
     AAD1   05 B9      ORA &B9
.l2
     AAD3   85 B9      STA &B9
     AAD5   20 7B AB   JSR &AB7B
     AAD8   20 18 AC   JSR &AC18
     AADB   B0 21      BCS &AAFE
     AADD   A5 AA      LDA &AA
     AADF   F0 14      BEQ &AAF5
     AAE1   C9 03      CMP #&03
     AAE3   D0 03      BNE &AAE8
     AAE5   4C 47 AB   JMP &AB47
.lock_or_unlock
     AAE8   C9 02      CMP #&02
     AAEA   F0 06      BEQ &AAF2
     AAEC   20 36 AB   JSR &AB36
     AAEF   4C F5 AA   JMP &AAF5
.lock
     AAF2   20 25 AB   JSR &AB25
.s1
     AAF5   24 B7      BIT &B7
     AAF7   30 02      BMI &AAFB
     AAF9   18         CLC
     AAFA   60         RTS
.logging
     AAFB   20 A6 AB   JSR &ABA6
.skip
     AAFE   20 8C 8C   JSR &8C8C
     AB01   18         CLC
     AB02   A5 B0      LDA &B0
     AB04   69 20      ADC #&20
     AB06   85 B0      STA &B0
     AB08   90 8D      BCC &AA97
     AB0A   A5 B1      LDA &B1
     AB0C   69 00      ADC #&00
     AB0E   C9 0F      CMP #&0F
     AB10   F0 83      BEQ &AA95
.exit
     AB12   08         PHP
     AB13   48         PHA
     AB14   A5 AB      LDA &AB
     AB16   C9 FF      CMP #&FF
     AB18   D0 03      BNE &AB1D
     AB1A   20 DF A5   JSR &A5DF
.nowrite
     AB1D   A0 00      LDY #&00
     AB1F   84 AB      STY &AB
     AB21   68         PLA
     AB22   28         PLP
     AB23   38         SEC
     AB24   60         RTS
.lock_fat_file
     AB25   A9 80      LDA #&80
     AB27   85 B9      STA &B9
     AB29   A0 0B      LDY #&0B
     AB2B   B1 B0      LDA (&B0),Y
     AB2D   09 01      ORA #&01
     AB2F   91 B0      STA (&B0),Y
     AB31   A9 FF      LDA #&FF
     AB33   85 AB      STA &AB
     AB35   60         RTS
.unlock_fat_file
     AB36   A9 00      LDA #&00
     AB38   85 B9      STA &B9
     AB3A   A0 0B      LDY #&0B
     AB3C   B1 B0      LDA (&B0),Y
     AB3E   29 FE      AND #&FE
     AB40   91 B0      STA (&B0),Y
     AB42   A9 FF      LDA #&FF
     AB44   85 AB      STA &AB
     AB46   60         RTS
.rename_fat_file
     AB47   A2 21      LDX #&21
     AB49   A0 00      LDY #&00
     AB4B   A9 2E      LDA #&2E
     AB4D   85 BA      STA &BA
     AB4F   A9 08      LDA #&08
     AB51   20 5A AB   JSR &AB5A
     AB54   A9 02      LDA #&02
     AB56   85 BA      STA &BA
     AB58   A9 0B      LDA #&0B
.copy_and_pad_with_spaces
     AB5A   85 BB      STA &BB
.loop
     AB5C   BD 00 10   LDA &1000,X
     AB5F   E8         INX
     AB60   C5 BA      CMP &BA
     AB62   F0 0E      BEQ &AB72
     AB64   C4 BB      CPY &BB
     AB66   F0 F4      BEQ &AB5C
     AB68   91 B0      STA (&B0),Y
     AB6A   C8         INY
     AB6B   D0 EF      BNE &AB5C
.padloop
     AB6D   A9 20      LDA #&20
     AB6F   91 B0      STA (&B0),Y
     AB71   C8         INY
.pad
     AB72   C4 BB      CPY &BB
     AB74   D0 F7      BNE &AB6D
     AB76   20 DF A5   JSR &A5DF
     AB79   18         CLC
     AB7A   60         RTS
.copy_name
     AB7B   A2 01      LDX #&01
     AB7D   A0 00      LDY #&00
.loop1
     AB7F   B1 B0      LDA (&B0),Y
     AB81   C9 21      CMP #&21
     AB83   90 04      BCC &AB89
     AB85   9D 00 10   STA &1000,X
     AB88   E8         INX
.l1
     AB89   C8         INY
     AB8A   C0 08      CPY #&08
     AB8C   D0 06      BNE &AB94
.l11
     AB8E   A9 2E      LDA #&2E
     AB90   9D 00 10   STA &1000,X
     AB93   E8         INX
.l2
     AB94   C0 0B      CPY #&0B
     AB96   D0 E7      BNE &AB7F
.l3
     AB98   A9 02      LDA #&02
     AB9A   8D 00 10   STA &1000
     AB9D   9D 00 10   STA &1000,X
     ABA0   A9 00      LDA #&00
     ABA2   9D 01 10   STA &1001,X
     ABA5   60         RTS
.print_dir_entry
     ABA6   A2 03      LDX #&03
     ABA8   20 E4 AB   JSR &ABE4
     ABAB   A2 20      LDX #&20
     ABAD   A5 B8      LDA &B8
     ABAF   F0 02      BEQ &ABB3
     ABB1   A2 2F      LDX #&2F
.l99
     ABB3   8A         TXA
     ABB4   A0 01      LDY #&01
     ABB6   A2 0E      LDX #&0E
.loop1
     ABB8   20 D8 80   JSR &80D8
     ABBB   B9 00 10   LDA &1000,Y
     ABBE   C9 20      CMP #&20
     ABC0   90 11      BCC &ABD3
     ABC2   C9 2E      CMP #&2E
     ABC4   F0 04      BEQ &ABCA
.l0
     ABC6   CA         DEX
     ABC7   C8         INY
     ABC8   D0 EE      BNE &ABB8
.l1
     ABCA   B9 01 10   LDA &1001,Y
     ABCD   C9 20      CMP #&20
     ABCF   A9 2E      LDA #&2E
     ABD1   B0 F3      BCS &ABC6
.lx
     ABD3   20 E4 AB   JSR &ABE4
     ABD6   A9 4C      LDA #&4C
     ABD8   24 B9      BIT &B9
     ABDA   30 02      BMI &ABDE
     ABDC   A9 20      LDA #&20
.l00
     ABDE   20 D8 80   JSR &80D8
     ABE1   4C CF 80   JMP &80CF
.lspc
     ABE4   20 CF 80   JSR &80CF
     ABE7   CA         DEX
     ABE8   D0 FA      BNE &ABE4
     ABEA   60         RTS
.is_XSD
     ABEB   A0 0B      LDY #&0B
     ABED   B1 B0      LDA (&B0),Y
     ABEF   29 10      AND #&10
     ABF1   D0 19      BNE &AC0C
     ABF3   A2 FF      LDX #&FF
.loop1
     ABF5   A0 08      LDY #&08
     ABF7   18         CLC
.loop2
     ABF8   E8         INX
     ABF9   BD 0F AC   LDA &AC0F,X
     ABFC   30 0A      BMI &AC08
     ABFE   F0 0C      BEQ &AC0C
     AC00   51 B0      EOR (&B0),Y
     AC02   F0 01      BEQ &AC05
     AC04   38         SEC
.x1
     AC05   C8         INY
     AC06   D0 F0      BNE &ABF8
.x2
     AC08   B0 EB      BCS &ABF5
     AC0A   0A         ASL A
     AC0B   60         RTS
.l2
     AC0C   A9 80      LDA #&80
     AC0E   60         RTS
.ext_table
     AC0F   53 53 44 
     AC12   80
     AC13   44 53 44 
     AC16   A0
     AC17   00         BRK
.dir_match
     AC18   A2 0F      LDX #&0F
     AC1A   A0 00      LDY #&00
.l00
     AC1C   E8         INX
     AC1D   86 BA      STX &BA
.l0
     AC1F   84 BB      STY &BB
.l1
     AC21   BD 00 10   LDA &1000,X
     AC24   F0 19      BEQ &AC3F
     AC26   C9 01      CMP #&01
     AC28   F0 F2      BEQ &AC1C
     AC2A   B9 00 10   LDA &1000,Y
     AC2D   F0 11      BEQ &AC40
     AC2F   DD 00 10   CMP &1000,X
     AC32   D0 04      BNE &AC38
     AC34   C8         INY
     AC35   E8         INX
     AC36   D0 E9      BNE &AC21
.l2
     AC38   A6 BA      LDX &BA
     AC3A   A4 BB      LDY &BB
     AC3C   C8         INY
     AC3D   D0 E0      BNE &AC1F
.ex1
     AC3F   18         CLC
.ex2
     AC40   60         RTS
.mm32_param_count
     AC41   A9 00      LDA #&00
.mm32_param_count_a
     AC43   48         PHA
     AC44   98         TYA
     AC45   48         PHA
     AC46   A2 00      LDX #&00
.loop1
     AC48   20 BA 81   JSR &81BA
     AC4B   F0 08      BEQ &AC55
     AC4D   E8         INX
.loop2
     AC4E   20 9F 81   JSR &819F
     AC51   90 FB      BCC &AC4E
     AC53   B0 F3      BCS &AC48
.l1
     AC55   68         PLA
     AC56   A8         TAY
     AC57   68         PLA
     AC58   10 03      BPL &AC5D
     AC5A   CA         DEX
     AC5B   30 0A      BMI &AC67
.l2
     AC5D   E0 01      CPX #&01
     AC5F   F0 05      BEQ &AC66
     AC61   B0 04      BCS &AC67
     AC63   6A         ROR A
     AC64   B0 01      BCS &AC67
.l3
     AC66   60         RTS
.err
     AC67   4C 7E 9A   JMP &9A7E
.mm32_param_drive
     AC6A   90 10      BCC &AC7C
     AC6C   20 BA 81   JSR &81BA
     AC6F   20 FE 8B   JSR &8BFE
     AC72   20 9F 81   JSR &819F
     AC75   A5 CD      LDA &CD
     AC77   B0 06      BCS &AC7F
     AC79   4C 0E 8C   JMP &8C0E
.l1
     AC7C   AD CA 10   LDA &10CA
.l2
     AC7F   29 01      AND #&01
     AC81   85 CD      STA &CD
     AC83   60         RTS
.mm32_param_filename
     AC84   66 B7      ROR &B7
     AC86   A2 01      LDX #&01
     AC88   86 B2      STX &B2
     AC8A   86 B3      STX &B3
     AC8C   86 B4      STX &B4
     AC8E   86 B5      STX &B5
     AC90   20 BA 81   JSR &81BA
     AC93   F0 48      BEQ &ACDD
.loop1
     AC95   20 9F 81   JSR &819F
     AC98   B0 43      BCS &ACDD
     AC9A   C9 2F      CMP #&2F
     AC9C   D0 09      BNE &ACA7
     AC9E   66 B2      ROR &B2
     ACA0   D0 F3      BNE &AC95
.loop2
     ACA2   20 9F 81   JSR &819F
     ACA5   B0 36      BCS &ACDD
.l0
     ACA7   24 B7      BIT &B7
     ACA9   10 0E      BPL &ACB9
     ACAB   C9 2A      CMP #&2A
     ACAD   D0 0A      BNE &ACB9
     ACAF   24 B3      BIT &B3
     ACB1   30 EF      BMI &ACA2
     ACB3   66 B3      ROR &B3
     ACB5   A9 01      LDA #&01
     ACB7   D0 1B      BNE &ACD4
.l1
     ACB9   46 B3      LSR &B3
     ACBB   C9 2E      CMP #&2E
     ACBD   D0 08      BNE &ACC7
     ACBF   24 B5      BIT &B5
     ACC1   10 11      BPL &ACD4
     ACC3   66 B4      ROR &B4
     ACC5   30 0D      BMI &ACD4
.l2
     ACC7   38         SEC
     ACC8   66 B5      ROR &B5
     ACCA   C9 61      CMP #&61
     ACCC   90 06      BCC &ACD4
     ACCE   C9 7B      CMP #&7B
     ACD0   B0 02      BCS &ACD4
     ACD2   49 20      EOR #&20
.l3
     ACD4   9D 10 10   STA &1010,X
     ACD7   E8         INX
     ACD8   E0 10      CPX #&10
     ACDA   D0 C6      BNE &ACA2
     ACDC   60         RTS
.exloop
     ACDD   CA         DEX
     ACDE   F0 18      BEQ &ACF8
     ACE0   24 B7      BIT &B7
     ACE2   30 0A      BMI &ACEE
     ACE4   24 B4      BIT &B4
     ACE6   30 06      BMI &ACEE
     ACE8   A9 2E      LDA #&2E
     ACEA   9D 11 10   STA &1011,X
     ACED   E8         INX
.lx1
     ACEE   A9 02      LDA #&02
     ACF0   8D 10 10   STA &1010
     ACF3   E8         INX
     ACF4   9D 10 10   STA &1010,X
     ACF7   E8         INX
.lx2
     ACF8   A9 00      LDA #&00
     ACFA   9D 10 10   STA &1010,X
     ACFD   AD 10 10   LDA &1010
     AD00   18         CLC
     AD01   60         RTS
.mm32_swap_str_16_32
     AD02   A2 10      LDX #&10
.loop
     AD04   BD 0F 10   LDA &100F,X
     AD07   48         PHA
     AD08   BD 1F 10   LDA &101F,X
     AD0B   9D 0F 10   STA &100F,X
     AD0E   68         PLA
     AD0F   9D 1F 10   STA &101F,X
     AD12   CA         DEX
     AD13   D0 EF      BNE &AD04
     AD15   60         RTS
.mm32_cmd_dcat
     AD16   20 41 AC   JSR &AC41
     AD19   38         SEC
     AD1A   20 84 AC   JSR &AC84
     AD1D   A9 00      LDA #&00
     AD1F   85 AA      STA &AA
     AD21   20 73 AA   JSR &AA73
     AD24   A9 86      LDA #&86
     AD26   20 F4 FF   JSR &FFF4
     AD29   E0 00      CPX #&00
     AD2B   F0 03      BEQ &AD30
     AD2D   20 74 83   JSR &8374
.dcEven
     AD30   60         RTS
.mm32_cmd_dboot
     AD31   A9 00      LDA #&00
     AD33   85 CD      STA &CD
     AD35   20 41 AC   JSR &AC41
     AD38   B0 11      BCS &AD4B
     AD3A   A2 00      LDX #&00
.loop
     AD3C   BD 58 AD   LDA &AD58,X
     AD3F   9D 10 10   STA &1010,X
     AD42   F0 03      BEQ &AD47
     AD44   E8         INX
     AD45   D0 F5      BNE &AD3C
.l1
     AD47   85 B7      STA &B7
     AD49   85 B2      STA &B2
.l2
     AD4B   A9 00      LDA #&00
     AD4D   20 D1 AD   JSR &ADD1
     AD50   90 01      BCC &AD53
     AD52   60         RTS
.l3
     AD53   A9 00      LDA #&00
     AD55   4C E3 8C   JMP &8CE3
.bootdisk
     AD58   02
     AD59   42 4F 4F ...
     AD5E   02
     AD5F   00
.mm32_cmd_din
     AD60   A9 80      LDA #&80
     AD62   20 43 AC   JSR &AC43
     AD65   20 6A AC   JSR &AC6A
     AD68   A9 00      LDA #&00
     AD6A   4C D0 AD   JMP &ADD0
.mm32_cmd_autoload
     AD6D   A2 00      LDX #&00
     AD6F   86 CD      STX &CD
.loop
     AD71   BD 87 AD   LDA &AD87,X
     AD74   9D 10 10   STA &1010,X
     AD77   F0 03      BEQ &AD7C
     AD79   E8         INX
     AD7A   D0 F5      BNE &AD71
.l1
     AD7C   85 B7      STA &B7
     AD7E   85 B2      STA &B2
     AD80   18         CLC
     AD81   A9 02      LDA #&02
     AD83   4C D1 AD   JMP &ADD1
     AD86   60         RTS
.bootdisk
     AD87   02
     AD88   42 4F 4F ...
     AD8D   02
     AD8E   00
.mm32_add_ssd_ext
     AD8F   A0 01      LDY #&01
.l0
     AD91   B9 10 10   LDA &1010,Y
     AD94   C8         INY
     AD95   C9 2E      CMP #&2E
     AD97   D0 F8      BNE &AD91
.s1
     AD99   A9 53      LDA #&53
     AD9B   99 10 10   STA &1010,Y
     AD9E   99 11 10   STA &1011,Y
     ADA1   A9 44      LDA #&44
     ADA3   99 12 10   STA &1012,Y
     ADA6   A9 02      LDA #&02
     ADA8   99 13 10   STA &1013,Y
     ADAB   A9 00      LDA #&00
     ADAD   99 14 10   STA &1014,Y
     ADB0   60         RTS
.mm32_upd_dsktbl
     ADB1   A2 00      LDX #&00
     ADB3   A5 CD      LDA &CD
     ADB5   0A         ASL A
     ADB6   0A         ASL A
     ADB7   0A         ASL A
     ADB8   0A         ASL A
     ADB9   A8         TAY
.l0
     ADBA   BD 10 10   LDA &1010,X
     ADBD   99 C0 11   STA &11C0,Y
     ADC0   E8         INX
     ADC1   C8         INY
     ADC2   E0 10      CPX #&10
     ADC4   D0 F4      BNE &ADBA
     ADC6   60         RTS
.mm32_cmd_ddir
     ADC7   20 41 AC   JSR &AC41
     ADCA   A9 02      LDA #&02
     ADCC   85 CD      STA &CD
     ADCE   A9 01      LDA #&01
.mm32_chain_open
     ADD0   38         SEC
.mm32_chain_open2
     ADD1   48         PHA
     ADD2   90 08      BCC &ADDC
     ADD4   18         CLC
     ADD5   20 84 AC   JSR &AC84
     ADD8   B0 33      BCS &AE0D
     ADDA   F0 65      BEQ &AE41
.l0
     ADDC   A5 CD      LDA &CD
     ADDE   C9 02      CMP #&02
     ADE0   66 B2      ROR &B2
     ADE2   A9 00      LDA #&00
     ADE4   85 AA      STA &AA
     ADE6   20 73 AA   JSR &AA73
     ADE9   90 2C      BCC &AE17
     ADEB   68         PLA
     ADEC   48         PHA
     ADED   29 01      AND #&01
     ADEF   D0 1C      BNE &AE0D
     ADF1   20 8F AD   JSR &AD8F
     ADF4   20 73 AA   JSR &AA73
     ADF7   90 1E      BCC &AE17
.mm32_change_ext_dsd
     ADF9   A0 01      LDY #&01
.l0
     ADFB   B9 10 10   LDA &1010,Y
     ADFE   C8         INY
     ADFF   C9 2E      CMP #&2E
     AE01   D0 F8      BNE &ADFB
.s1
     AE03   A9 44      LDA #&44
     AE05   99 10 10   STA &1010,Y
     AE08   20 73 AA   JSR &AA73
     AE0B   90 0A      BCC &AE17
.notfound
     AE0D   68         PLA
     AE0E   29 02      AND #&02
     AE10   F0 02      BEQ &AE14
     AE12   38         SEC
     AE13   60         RTS
.notautoload
     AE14   4C 37 82   JMP &8237
.found
     AE17   68         PLA
     AE18   48         PHA
     AE19   29 01      AND #&01
     AE1B   F0 06      BEQ &AE23
     AE1D   68         PLA
     AE1E   A5 B8      LDA &B8
     AE20   D0 28      BNE &AE4A
     AE22   60         RTS
.file
     AE23   68         PLA
     AE24   A6 B8      LDX &B8
     AE26   F0 22      BEQ &AE4A
     AE28   29 02      AND #&02
     AE2A   F0 02      BEQ &AE2E
     AE2C   38         SEC
     AE2D   60         RTS
.notautoload2
     AE2E   20 68 80   JSR &8068
     AE31   D6
     AE32   49 73 20 ...
     AE3E   00
     AE3F   EA         NOP
     AE40   60         RTS
.zerolen
     AE41   68         PLA
     AE42   A5 B2      LDA &B2
     AE44   29 80      AND #&80
     AE46   A8         TAY
     AE47   4C B6 AE   JMP &AEB6
.okay
     AE4A   20 B1 AD   JSR &ADB1
     AE4D   A0 1A      LDY #&1A
     AE4F   B1 B0      LDA (&B0),Y
     AE51   85 B7      STA &B7
     AE53   C8         INY
     AE54   B1 B0      LDA (&B0),Y
     AE56   85 B8      STA &B8
     AE58   A0 14      LDY #&14
     AE5A   B1 B0      LDA (&B0),Y
     AE5C   05 B9      ORA &B9
     AE5E   85 B9      STA &B9
     AE60   A5 CD      LDA &CD
     AE62   C9 02      CMP #&02
     AE64   F0 1D      BEQ &AE83
     AE66   49 01      EOR #&01
     AE68   AA         TAX
     AE69   A5 B7      LDA &B7
     AE6B   DD E5 10   CMP &10E5,X
     AE6E   D0 13      BNE &AE83
     AE70   A5 B8      LDA &B8
     AE72   DD E8 10   CMP &10E8,X
     AE75   D0 0C      BNE &AE83
     AE77   A5 B9      LDA &B9
     AE79   DD EB 10   CMP &10EB,X
     AE7C   D0 05      BNE &AE83
     AE7E   A0 00      LDY #&00
     AE80   20 B8 AE   JSR &AEB8
.l1
     AE83   20 61 A1   JSR &A161
     AE86   A6 CD      LDX &CD
     AE88   A5 B7      LDA &B7
     AE8A   9D E5 10   STA &10E5,X
     AE8D   A5 B8      LDA &B8
     AE8F   9D E8 10   STA &10E8,X
     AE92   A5 B9      LDA &B9
     AE94   9D EB 10   STA &10EB,X
     AE97   4C 75 A1   JMP &A175
.mm32_cmd_dout
     AE9A   20 41 AC   JSR &AC41
     AE9D   20 6A AC   JSR &AC6A
     AEA0   A2 00      LDX #&00
     AEA2   A5 CD      LDA &CD
     AEA4   0A         ASL A
     AEA5   0A         ASL A
     AEA6   0A         ASL A
     AEA7   0A         ASL A
     AEA8   A8         TAY
     AEA9   A9 20      LDA #&20
.s0
     AEAB   99 C0 11   STA &11C0,Y
     AEAE   E8         INX
     AEAF   C8         INY
     AEB0   E0 10      CPX #&10
     AEB2   D0 F7      BNE &AEAB
     AEB4   A0 00      LDY #&00
.mm32_clear_cluster_index
     AEB6   A6 CD      LDX &CD
.mm32_clear_cluster_index_x
     AEB8   20 61 A1   JSR &A161
     AEBB   A9 00      LDA #&00
     AEBD   9D E5 10   STA &10E5,X
     AEC0   9D E8 10   STA &10E8,X
     AEC3   98         TYA
     AEC4   9D EB 10   STA &10EB,X
     AEC7   4C 75 A1   JMP &A175
.mm32_cmd_ddrive
     AECA   A0 00      LDY #&00
.l1
     AECC   98         TYA
     AECD   48         PHA
     AECE   A9 3A      LDA #&3A
     AED0   20 EE FF   JSR &FFEE
     AED3   68         PLA
     AED4   48         PHA
     AED5   18         CLC
     AED6   69 30      ADC #&30
     AED8   20 EE FF   JSR &FFEE
     AEDB   A9 20      LDA #&20
     AEDD   20 EE FF   JSR &FFEE
     AEE0   68         PLA
     AEE1   48         PHA
     AEE2   0A         ASL A
     AEE3   0A         ASL A
     AEE4   0A         ASL A
     AEE5   0A         ASL A
     AEE6   AA         TAX
     AEE7   A0 00      LDY #&00
     AEE9   BD C0 11   LDA &11C0,X
     AEEC   C9 02      CMP #&02
     AEEE   D0 1C      BNE &AF0C
     AEF0   E8         INX
.l2
     AEF1   BD C0 11   LDA &11C0,X
     AEF4   C9 02      CMP #&02
     AEF6   F0 09      BEQ &AF01
     AEF8   20 EE FF   JSR &FFEE
     AEFB   E8         INX
     AEFC   C8         INY
     AEFD   C0 10      CPY #&10
     AEFF   D0 F0      BNE &AEF1
.s1
     AF01   20 74 83   JSR &8374
     AF04   68         PLA
     AF05   A8         TAY
     AF06   C8         INY
     AF07   C0 02      CPY #&02
     AF09   D0 C1      BNE &AECC
     AF0B   60         RTS
.empty
     AF0C   20 95 80   JSR &8095
     AF0F   3C 45 6D ...
     AF16   EA         NOP
     AF17   4C 01 AF   JMP &AF01
.mm32_cmd_daccess
     AF1A   A9 80      LDA #&80
     AF1C   20 43 AC   JSR &AC43
     AF1F   38         SEC
     AF20   20 84 AC   JSR &AC84
     AF23   A2 01      LDX #&01
     AF25   20 BA 81   JSR &81BA
     AF28   D0 14      BNE &AF3E
.gotflag
     AF2A   86 AA      STX &AA
     AF2C   20 73 AA   JSR &AA73
     AF2F   A9 86      LDA #&86
     AF31   20 F4 FF   JSR &FFF4
     AF34   E0 00      CPX #&00
     AF36   F0 03      BEQ &AF3B
     AF38   20 74 83   JSR &8374
.dcEven
     AF3B   60         RTS
.parmloop
     AF3C   A2 02      LDX #&02
.getparm
     AF3E   20 9F 81   JSR &819F
     AF41   B0 E7      BCS &AF2A
     AF43   29 5F      AND #&5F
     AF45   C9 4C      CMP #&4C
     AF47   F0 F3      BEQ &AF3C
.errbadparm
     AF49   20 4E 80   JSR &804E
     AF4C   CF
     AF4D   61 74 74 ...
     AF56   00
.mm32_cmd_drename
     AF57   A9 81      LDA #&81
     AF59   20 43 AC   JSR &AC43
     AF5C   18         CLC
     AF5D   20 84 AC   JSR &AC84
     AF60   20 02 AD   JSR &AD02
     AF63   18         CLC
     AF64   20 84 AC   JSR &AC84
     AF67   20 93 AF   JSR &AF93
     AF6A   90 16      BCC &AF82
     AF6C   A9 00      LDA #&00
     AF6E   85 AA      STA &AA
     AF70   20 73 AA   JSR &AA73
     AF73   90 10      BCC &AF85
     AF75   20 02 AD   JSR &AD02
     AF78   A9 03      LDA #&03
     AF7A   85 AA      STA &AA
     AF7C   20 73 AA   JSR &AA73
     AF7F   B0 0F      BCS &AF90
     AF81   60         RTS
.badname
     AF82   4C 7B 81   JMP &817B
.destexists
     AF85   20 58 80   JSR &8058
     AF88   C4
     AF89   45 78 69 ...
     AF8F   00
.notfound
     AF90   4C 37 82   JMP &8237
.mm32_check_filename
     AF93   AD 10 10   LDA &1010
     AF96   C9 02      CMP #&02
     AF98   D0 2B      BNE &AFC5
     AF9A   AD 11 10   LDA &1011
     AF9D   C9 2E      CMP #&2E
     AF9F   F0 24      BEQ &AFC5
     AFA1   A2 01      LDX #&01
     AFA3   86 BA      STX &BA
.checknameloop
     AFA5   BD 10 10   LDA &1010,X
     AFA8   E8         INX
     AFA9   E0 11      CPX #&11
     AFAB   F0 18      BEQ &AFC5
     AFAD   C9 02      CMP #&02
     AFAF   F0 15      BEQ &AFC6
     AFB1   C9 2E      CMP #&2E
     AFB3   D0 04      BNE &AFB9
     AFB5   C6 BA      DEC &BA
     AFB7   30 0C      BMI &AFC5
.notdot
     AFB9   A0 0E      LDY #&0E
.checkcharloop
     AFBB   D9 C6 AF   CMP &AFC6,Y
     AFBE   F0 05      BEQ &AFC5
     AFC0   88         DEY
     AFC1   D0 F8      BNE &AFBB
     AFC3   F0 E0      BEQ &AFA5
.badname
     AFC5   18         CLC
.checknameend
     AFC6   60         RTS
.invalid_chars
     AFC7   22
     AFC8   2A
     AFC9   2B
     AFCA   2C
     AFCB   2F
     AFCC   3A
     AFCD   3B
     AFCE   3C
     AFCF   3D
     AFD0   3E
     AFD1   3F
     AFD2   5B
     AFD3   5C
     AFD4   5D
.invalid_chars_end
.mm32_disk_seek_sector
     AFD5   8C A5 10   STY &10A5
     AFD8   8D A4 10   STA &10A4
     AFDB   A5 CD      LDA &CD
     AFDD   29 01      AND #&01
     AFDF   A8         TAY
     AFE0   20 59 A9   JSR &A959
     AFE3   70 0B      BVS &AFF0
     AFE5   24 C2      BIT &C2
     AFE7   A5 CD      LDA &CD
     AFE9   6A         ROR A
     AFEA   6A         ROR A
     AFEB   90 04      BCC &AFF1
     AFED   70 02      BVS &AFF1
.l1
     AFEF   B8         CLV
.l2
     AFF0   60         RTS
.l3
     AFF1   50 05      BVC &AFF8
     AFF3   2E A5 10   ROL &10A5
     AFF6   B0 F7      BCS &AFEF
.l4
     AFF8   AC A5 10   LDY &10A5
     AFFB   F0 04      BEQ &B001
.loop1
     AFFD   A2 04      LDX #&04
     AFFF   D0 08      BNE &B009
.l5
     B001   AD A4 10   LDA &10A4
     B004   4A         LSR A
     B005   F0 11      BEQ &B018
     B007   AA         TAX
     B008   CA         DEX
.loop2
     B009   20 8D A9   JSR &A98D
     B00C   B0 E1      BCS &AFEF
     B00E   CA         DEX
     B00F   10 F8      BPL &B009
     B011   88         DEY
     B012   F0 ED      BEQ &B001
     B014   C0 FF      CPY #&FF
     B016   D0 E5      BNE &AFFD
.l6
     B018   20 51 B0   JSR &B051
     B01B   B0 D2      BCS &AFEF
     B01D   6E A4 10   ROR &10A4
     B020   90 02      BCC &B024
     B022   E6 BE      INC &BE
.l7
     B024   0E A4 10   ASL &10A4
     B027   B8         CLV
     B028   18         CLC
     B029   60         RTS
.mm32_disk_next_sector
     B02A   20 16 84   JSR &8416
     B02D   A0 01      LDY #&01
     B02F   AE A4 10   LDX &10A4
     B032   E8         INX
     B033   E8         INX
     B034   E0 0A      CPX #&0A
     B036   D0 0E      BNE &B046
     B038   A2 00      LDX #&00
     B03A   EE A5 10   INC &10A5
     B03D   24 C2      BIT &C2
     B03F   50 05      BVC &B046
     B041   A0 06      LDY #&06
     B043   EE A5 10   INC &10A5
.l1
     B046   8E A4 10   STX &10A4
.loop1
     B049   20 8D A9   JSR &A98D
     B04C   B0 47      BCS &B095
     B04E   88         DEY
     B04F   D0 F8      BNE &B049
.mm32_SECT_X_Address
     B051   A2 02      LDX #&02
.loop1
     B053   B5 C8      LDA &C8,X
     B055   95 BE      STA &BE,X
     B057   CA         DEX
     B058   10 F9      BPL &B053
     B05A   AD E4 10   LDA &10E4
.loop2
     B05D   4A         LSR A
     B05E   B0 09      BCS &B069
     B060   06 BE      ASL &BE
     B062   26 BF      ROL &BF
     B064   26 C0      ROL &C0
     B066   90 F5      BCC &B05D
     B068   60         RTS
.l3
     B069   18         CLC
     B06A   A5 BE      LDA &BE
     B06C   6D E2 10   ADC &10E2
     B06F   85 BE      STA &BE
     B071   A5 BF      LDA &BF
     B073   6D E3 10   ADC &10E3
     B076   85 BF      STA &BF
     B078   90 02      BCC &B07C
     B07A   E6 C0      INC &C0
.l4
     B07C   38         SEC
     B07D   AD E4 10   LDA &10E4
     B080   E5 CB      SBC &CB
     B082   18         CLC
     B083   65 BE      ADC &BE
     B085   85 BE      STA &BE
     B087   90 06      BCC &B08F
     B089   E6 BF      INC &BF
     B08B   D0 02      BNE &B08F
     B08D   E6 C0      INC &C0
.l5
.mm32_lba_to_256
     B08F   06 BE      ASL &BE
     B091   26 BF      ROL &BF
     B093   26 C0      ROL &C0
.l2rts
     B095   60         RTS
.mm32_MMC_error
     B096   85 B0      STA &B0
     B098   20 58 80   JSR &8058
     B09B   C5
     B09C   4D 4D 43 ...
     B0A0   EA         NOP
     B0A1   68         PLA
     B0A2   85 B8      STA &B8
     B0A4   68         PLA
     B0A5   85 B9      STA &B9
     B0A7   A0 00      LDY #&00
     B0A9   8C AF 10   STY &10AF
.loop1
     B0AC   C8         INY
     B0AD   B1 B8      LDA (&B8),Y
     B0AF   F0 05      BEQ &B0B6
     B0B1   20 D4 B0   JSR &B0D4
     B0B4   D0 F6      BNE &B0AC
.l1
     B0B6   A8         TAY
     B0B7   A5 B0      LDA &B0
     B0B9   20 A0 8C   JSR &8CA0
     B0BC   A9 2F      LDA #&2F
     B0BE   20 D4 B0   JSR &B0D4
.loop2
     B0C1   B9 89 10   LDA &1089,Y
     B0C4   20 A0 8C   JSR &8CA0
     B0C7   C8         INY
     B0C8   C0 04      CPY #&04
     B0CA   D0 F5      BNE &B0C1
     B0CC   A9 00      LDA #&00
     B0CE   9D 00 01   STA &0100,X
     B0D1   4C 00 01   JMP &0100
.mm32_PrintChr100
     B0D4   9D 00 01   STA &0100,X
     B0D7   E8         INX
     B0D8   60         RTS
.Osword7F_8271_Emulation
     B0D9   A0 06      LDY #&06
     B0DB   B1 B0      LDA (&B0),Y
     B0DD   A2 10      LDX #&10
.loop1
     B0DF   DD 3E B2   CMP &B23E,X
     B0E2   F0 05      BEQ &B0E9
     B0E4   CA         DEX
     B0E5   10 F8      BPL &B0DF
     B0E7   30 0F      BMI &B0F8
.l2
     B0E9   20 1B B1   JSR &B11B
     B0EC   48         PHA
     B0ED   A0 05      LDY #&05
     B0EF   B1 B0      LDA (&B0),Y
     B0F1   18         CLC
     B0F2   69 07      ADC #&07
     B0F4   A8         TAY
     B0F5   68         PLA
     B0F6   91 B0      STA (&B0),Y
.l3
     B0F8   A9 00      LDA #&00
     B0FA   60         RTS
.spec_reg
     B0FB   A0 07      LDY #&07
     B0FD   B1 B0      LDA (&B0),Y
     B0FF   C9 06      CMP #&06
     B101   D0 04      BNE &B107
     B103   AD A4 10   LDA &10A4
     B106   60         RTS
.l1
     B107   C9 12      CMP #&12
     B109   D0 09      BNE &B114
.l2
     B10B   AD A5 10   LDA &10A5
     B10E   24 C2      BIT &C2
     B110   50 01      BVC &B113
     B112   4A         LSR A
.l3
     B113   60         RTS
.l4
     B114   C9 1A      CMP #&1A
     B116   F0 F3      BEQ &B10B
     B118   A9 00      LDA #&00
     B11A   60         RTS
.ow7f_1
     B11B   BD 4E B2   LDA &B24E,X
     B11E   F0 DB      BEQ &B0FB
     B120   48         PHA
     B121   88         DEY
     B122   29 0F      AND #&0F
     B124   D1 B0      CMP (&B0),Y
     B126   D0 27      BNE &B14F
     B128   20 90 A7   JSR &A790
     B12B   68         PLA
     B12C   85 C7      STA &C7
     B12E   A0 0B      LDY #&0B
.loop1
     B130   B1 B0      LDA (&B0),Y
     B132   99 BB 00   STA &00BB,Y
     B135   C0 05      CPY #&05
     B137   B0 03      BCS &B13C
     B139   99 A9 10   STA &10A9,Y
.l0
     B13C   88         DEY
     B13D   D0 F1      BNE &B130
     B13F   B1 B0      LDA (&B0),Y
     B141   30 03      BMI &B146
     B143   20 F1 8B   JSR &8BF1
.l1
     B146   20 59 B1   JSR &B159
     B149   48         PHA
     B14A   20 E3 A7   JSR &A7E3
     B14D   68         PLA
     B14E   60         RTS
.owfault
     B14F   68         PLA
     B150   A9 FF      LDA #&FF
     B152   60         RTS
.owdrvnotrdy
     B153   A9 10      LDA #&10
     B155   60         RTS
.ownosector
     B156   A9 1E      LDA #&1E
     B158   60         RTS
.ow7f_2
     B159   A9 10      LDA #&10
     B15B   24 C7      BIT &C7
     B15D   D0 04      BNE &B163
     B15F   10 33      BPL &B194
     B161   30 23      BMI &B186
.l10
     B163   A5 C2      LDA &C2
     B165   0A         ASL A
     B166   85 BE      STA &BE
     B168   A5 C3      LDA &C3
     B16A   2A         ROL A
     B16B   85 BF      STA &BF
     B16D   A5 C4      LDA &C4
     B16F   30 E5      BMI &B156
     B171   2A         ROL A
     B172   85 C0      STA &C0
     B174   A5 C5      LDA &C5
     B176   0A         ASL A
     B177   85 C4      STA &C4
     B179   B0 DB      BCS &B156
     B17B   A9 00      LDA #&00
     B17D   85 C5      STA &C5
     B17F   85 C6      STA &C6
     B181   26 C7      ROL &C7
     B183   4C F4 B1   JMP &B1F4
.l11
     B186   A5 C6      LDA &C6
     B188   F0 27      BEQ &B1B1
     B18A   E6 C4      INC &C4
     B18C   D0 23      BNE &B1B1
     B18E   E6 C5      INC &C5
     B190   D0 1F      BNE &B1B1
     B192   F0 C2      BEQ &B156
.l0
     B194   A5 C4      LDA &C4
     B196   50 02      BVC &B19A
     B198   A9 0A      LDA #&0A
.l1
     B19A   29 1F      AND #&1F
     B19C   85 C4      STA &C4
     B19E   70 07      BVS &B1A7
     B1A0   18         CLC
     B1A1   65 C3      ADC &C3
     B1A3   C9 0B      CMP #&0B
     B1A5   B0 AF      BCS &B156
.l2
     B1A7   A9 00      LDA #&00
     B1A9   85 C5      STA &C5
     B1AB   85 C6      STA &C6
     B1AD   50 02      BVC &B1B1
     B1AF   85 C3      STA &C3
.l3
     B1B1   A5 C3      LDA &C3
     B1B3   C9 0A      CMP #&0A
     B1B5   B0 9F      BCS &B156
.l4
     B1B7   A4 C2      LDY &C2
     B1B9   20 D5 AF   JSR &AFD5
     B1BC   70 95      BVS &B153
     B1BE   B0 96      BCS &B156
     B1C0   26 C7      ROL &C7
     B1C2   24 C7      BIT &C7
     B1C4   50 07      BVC &B1CD
     B1C6   24 C2      BIT &C2
     B1C8   10 03      BPL &B1CD
     B1CA   A9 12      LDA #&12
     B1CC   60         RTS
.l5
     B1CD   24 C7      BIT &C7
     B1CF   30 40      BMI &B211
     B1D1   66 C3      ROR &C3
     B1D3   B0 1F      BCS &B1F4
     B1D5   A5 C4      LDA &C4
     B1D7   C9 02      CMP #&02
     B1D9   D0 19      BNE &B1F4
     B1DB   A5 BD      LDA &BD
     B1DD   C9 0E      CMP #&0E
     B1DF   D0 13      BNE &B1F4
     B1E1   AD AC 10   LDA &10AC
     B1E4   2D AD 10   AND &10AD
     B1E7   0D D6 10   ORA &10D6
     B1EA   49 FF      EOR #&FF
     B1EC   05 BC      ORA &BC
     B1EE   05 C5      ORA &C5
     B1F0   05 C6      ORA &C6
     B1F2   F0 2F      BEQ &B223
.l6
     B1F4   24 C7      BIT &C7
     B1F6   70 13      BVS &B20B
     B1F8   20 17 A6   JSR &A617
.l7
     B1FB   AD AE 10   LDA &10AE
     B1FE   F0 03      BEQ &B203
     B200   20 84 8C   JSR &8C84
.l8
     B203   2C A6 10   BIT &10A6
     B206   30 33      BMI &B23B
.OK
     B208   A9 00      LDA #&00
     B20A   60         RTS
.l9
     B20B   20 CD A6   JSR &A6CD
     B20E   4C FB B1   JMP &B1FB
.vform
     B211   A0 FF      LDY #&FF
     B213   8C 82 10   STY &1082
     B216   50 0B      BVC &B223
     B218   C8         INY
     B219   98         TYA
.floop
     B21A   99 00 0E   STA &0E00,Y
     B21D   99 00 0F   STA &0F00,Y
     B220   C8         INY
     B221   D0 F7      BNE &B21A
.cat
.loop
     B223   24 C7      BIT &C7
     B225   70 06      BVS &B22D
     B227   20 C8 A5   JSR &A5C8
     B22A   4C 30 B2   JMP &B230
.k1
     B22D   20 DF A5   JSR &A5DF
.k2
     B230   C6 C4      DEC &C4
     B232   C6 C4      DEC &C4
     B234   F0 D2      BEQ &B208
     B236   20 2A B0   JSR &B02A
     B239   90 E8      BCC &B223
.ownosector2
     B23B   A9 1E      LDA #&1E
     B23D   60         RTS
.owtable1
     B23E   7D
     B23F   4A
     B240   4B
     B241   4C
     B242   4E
     B243   4F
     B244   52
     B245   53
     B246   54
     B247   56
     B248   57
     B249   5E
     B24A   5F
     B24B   63
     B24C   A5
     B24D   85
.owtable2
     B24E   00
     B24F   23
     B250   23
     B251   34
     B252   23
     B253   23
     B254   03
     B255   03
     B256   14
     B257   03
     B258   03
     B259   45
     B25A   43
     B25B   65
     B25C   A5
     B25D   85
Processed file 'MM32.asm' ok
Including file Utilities.asm
.CMD_DUMP
     B25E   A9 40      LDA #&40
     B260   20 4E B3   JSR &B34E
     B263   A9 00      LDA #&00
     B265   48         PHA
     B266   AA         TAX
     B267   F0 06      BEQ &B26F
.dump_inc_address
     B269   69 08      ADC #&08
     B26B   48         PHA
     B26C   90 01      BCC &B26F
     B26E   E8         INX
.dump_loop
     B26F   8A         TXA
     B270   20 04 81   JSR &8104
     B273   68         PLA
     B274   48         PHA
     B275   20 04 81   JSR &8104
     B278   8A         TXA
     B279   48         PHA
     B27A   20 15 81   JSR &8115
     B27D   A2 07      LDX #&07
.dump_getbytes_loop
     B27F   20 D7 FF   JSR &FFD7
     B282   B0 0B      BCS &B28F
     B284   95 A8      STA &A8,X
     B286   20 04 81   JSR &8104
     B289   20 15 81   JSR &8115
     B28C   CA         DEX
     B28D   10 F0      BPL &B27F
.dump_eof
     B28F   08         PHP
     B290   90 12      BCC &B2A4
.dump_padnum_loop
     B292   A9 2A      LDA #&2A
     B294   20 EE FF   JSR &FFEE
     B297   20 EE FF   JSR &FFEE
     B29A   20 15 81   JSR &8115
     B29D   A9 00      LDA #&00
     B29F   95 A8      STA &A8,X
     B2A1   CA         DEX
     B2A2   10 EE      BPL &B292
.dump_noteof
     B2A4   A2 07      LDX #&07
.dump_chr_loop
     B2A6   B5 A8      LDA &A8,X
     B2A8   29 7F      AND #&7F
     B2AA   C9 7F      CMP #&7F
     B2AC   F0 04      BEQ &B2B2
     B2AE   C9 20      CMP #&20
     B2B0   B0 02      BCS &B2B4
.showchrdot
     B2B2   A9 2E      LDA #&2E
.showchrexit
     B2B4   20 EE FF   JSR &FFEE
     B2B7   CA         DEX
     B2B8   10 EC      BPL &B2A6
     B2BA   20 E7 FF   JSR &FFE7
     B2BD   28         PLP
     B2BE   68         PLA
     B2BF   AA         TAX
     B2C0   68         PLA
     B2C1   24 FF      BIT &FF
     B2C3   30 3A      BMI &B2FF
     B2C5   90 A2      BCC &B269
     B2C7   B0 31      BCS &B2FA
.CMD_TYPE
     B2C9   A9 00      LDA #&00
     B2CB   F0 02      BEQ &B2CF
.CMD_LIST
     B2CD   A9 FF      LDA #&FF
.type
     B2CF   85 AA      STA &AA
     B2D1   A9 40      LDA #&40
     B2D3   20 4E B3   JSR &B34E
     B2D6   A9 0D      LDA #&0D
.list_loop_entry
     B2D8   25 AA      AND &AA
     B2DA   49 0D      EOR #&0D
     B2DC   AA         TAX
.list_loop
     B2DD   20 D7 FF   JSR &FFD7
     B2E0   B0 15      BCS &B2F7
     B2E2   C9 0A      CMP #&0A
     B2E4   F0 F7      BEQ &B2DD
     B2E6   48         PHA
     B2E7   8A         TXA
     B2E8   D0 03      BNE &B2ED
     B2EA   20 7F B3   JSR &B37F
.list_skiplineno
     B2ED   68         PLA
     B2EE   20 E3 FF   JSR &FFE3
     B2F1   24 FF      BIT &FF
     B2F3   30 0A      BMI &B2FF
     B2F5   10 E1      BPL &B2D8
.list_eof
     B2F7   20 E7 FF   JSR &FFE7
.Utils_CloseFile_Yhandle
     B2FA   A9 00      LDA #&00
     B2FC   4C CE FF   JMP &FFCE
.Utils_ESCAPE_CloseFileY
     B2FF   20 FA B2   JSR &B2FA
     B302   4C 90 8C   JMP &8C90
.CMD_BUILD
     B305   A9 80      LDA #&80
     B307   20 4E B3   JSR &B34E
     B30A   85 AA      STA &AA
     B30C   A6 F4      LDX &F4
     B30E   BD F0 0D   LDA &0DF0,X
     B311   29 3F      AND #&3F
     B313   85 AC      STA &AC
     B315   E6 AC      INC &AC
     B317   A9 20      LDA #&20
     B319   85 AE      STA &AE
.build_loop1
     B31B   20 7F B3   JSR &B37F
     B31E   A0 FF      LDY #&FF
     B320   84 AD      STY &AD
     B322   84 AF      STY &AF
     B324   C8         INY
     B325   84 AB      STY &AB
     B327   98         TYA
     B328   A2 AB      LDX #&AB
     B32A   20 F1 FF   JSR &FFF1
     B32D   08         PHP
     B32E   84 AF      STY &AF
     B330   A4 AA      LDY &AA
     B332   A2 00      LDX #&00
     B334   F0 07      BEQ &B33D
.build_loop2
     B336   A1 AB      LDA (&AB,X)
     B338   20 D4 FF   JSR &FFD4
     B33B   E6 AB      INC &AB
.build_loop2entry
     B33D   A5 AB      LDA &AB
     B33F   C5 AF      CMP &AF
     B341   D0 F3      BNE &B336
     B343   28         PLP
     B344   B0 B9      BCS &B2FF
     B346   A9 0D      LDA #&0D
     B348   20 D4 FF   JSR &FFD4
     B34B   4C 1B B3   JMP &B31B
.Utils_FilenameAtXY
     B34E   85 AF      STA &AF
     B350   BA         TSX
     B351   A9 00      LDA #&00
     B353   9D 07 01   STA &0107,X
     B356   85 A8      STA &A8
     B358   85 A9      STA &A9
     B35A   88         DEY
.utils_skipspcloop
     B35B   C8         INY
     B35C   B1 F2      LDA (&F2),Y
     B35E   C9 20      CMP #&20
     B360   F0 F9      BEQ &B35B
     B362   C9 0D      CMP #&0D
     B364   D0 03      BNE &B369
     B366   4C 7E 9A   JMP &9A7E
.utils_notnullstr
     B369   98         TYA
     B36A   18         CLC
     B36B   65 F2      ADC &F2
     B36D   AA         TAX
     B36E   A5 F3      LDA &F3
     B370   69 00      ADC #&00
     B372   A8         TAY
     B373   A5 AF      LDA &AF
     B375   20 CE FF   JSR &FFCE
     B378   F0 02      BEQ &B37C
     B37A   A8         TAY
     B37B   60         RTS
.utils_filenotfound
     B37C   4C 37 82   JMP &8237
.Utils_PrintLineNoA8
     B37F   20 7C A2   JSR &A27C
     B382   20 04 81   JSR &8104
     B385   A5 A8      LDA &A8
     B387   20 04 81   JSR &8104
     B38A   4C 15 81   JMP &8115
Processed file 'Utilities.asm' ok
Including file TubeHost230.asm
.TUBE_CODE_500
     B38D   37 05
     B38F   96 05
     B391   F2 05
     B393   07 06
     B395   27 06
     B397   68 06
     B399   5E 05
     B39B   2D 05
     B39D   20 05
     B39F   42 05
     B3A1   A9 05
     B3A3   D1 05
     B3A5   86
     B3A6   88
     B3A7   96
     B3A8   98
     B3A9   18
     B3AA   18
     B3AB   82
     B3AC   18
     B3AD   20 C5 06   JSR &06C5
     B3B0   A8         TAY
     B3B1   20 C5 06   JSR &06C5
     B3B4   20 D4 FF   JSR &FFD4
     B3B7   4C 9C 05   JMP &059C
     B3BA   20 C5 06   JSR &06C5
     B3BD   A8         TAY
     B3BE   20 D7 FF   JSR &FFD7
     B3C1   4C 3A 05   JMP &053A
     B3C4   20 E0 FF   JSR &FFE0
     B3C7   6A         ROR A
     B3C8   20 95 06   JSR &0695
     B3CB   2A         ROL A
     B3CC   4C 9E 05   JMP &059E
     B3CF   20 C5 06   JSR &06C5
     B3D2   F0 0B      BEQ &B3DF
     B3D4   48         PHA
     B3D5   20 82 05   JSR &0582
     B3D8   68         PLA
     B3D9   20 CE FF   JSR &FFCE
     B3DC   4C 9E 05   JMP &059E
.Label_AD2D
     B3DF   20 C5 06   JSR &06C5
     B3E2   A8         TAY
     B3E3   A9 00      LDA #&00
     B3E5   20 CE FF   JSR &FFCE
     B3E8   4C 9C 05   JMP &059C
     B3EB   20 C5 06   JSR &06C5
     B3EE   A8         TAY
     B3EF   A2 04      LDX #&04
.Label_AD3F
     B3F1   20 C5 06   JSR &06C5
     B3F4   95 FF      STA &FF,X
     B3F6   CA         DEX
     B3F7   D0 F8      BNE &B3F1
     B3F9   20 C5 06   JSR &06C5
     B3FC   20 DA FF   JSR &FFDA
     B3FF   20 95 06   JSR &0695
     B402   A2 03      LDX #&03
.Label_AD52
     B404   B5 00      LDA &00,X
     B406   20 95 06   JSR &0695
     B409   CA         DEX
     B40A   10 F8      BPL &B404
     B40C   4C 36 00   JMP &0036
     B40F   A2 00      LDX #&00
     B411   A0 00      LDY #&00
.Label_AD61
     B413   20 C5 06   JSR &06C5
     B416   99 00 07   STA &0700,Y
     B419   C8         INY
     B41A   F0 04      BEQ &B420
     B41C   C9 0D      CMP #&0D
     B41E   D0 F3      BNE &B413
.Label_AD6E
     B420   A0 07      LDY #&07
     B422   60         RTS
     B423   20 82 05   JSR &0582
     B426   20 F7 FF   JSR &FFF7
     B429   A9 7F      LDA #&7F
.Label_AD79
     B42B   2C E2 FC   BIT &FCE2
     B42E   50 FB      BVC &B42B
     B430   8D E3 FC   STA &FCE3
.Label_AD81
     B433   4C 36 00   JMP &0036
     B436   A2 10      LDX #&10
.Label_AD86
     B438   20 C5 06   JSR &06C5
     B43B   95 01      STA &01,X
     B43D   CA         DEX
     B43E   D0 F8      BNE &B438
     B440   20 82 05   JSR &0582
     B443   86 00      STX &00
     B445   84 01      STY &01
     B447   A0 00      LDY #&00
     B449   20 C5 06   JSR &06C5
     B44C   20 DD FF   JSR &FFDD
     B44F   20 95 06   JSR &0695
     B452   A2 10      LDX #&10
.Label_ADA2
     B454   B5 01      LDA &01,X
     B456   20 95 06   JSR &0695
     B459   CA         DEX
     B45A   D0 F8      BNE &B454
     B45C   F0 D5      BEQ &B433
     B45E   A2 0D      LDX #&0D
.Label_ADAE
     B460   20 C5 06   JSR &06C5
     B463   95 FF      STA &FF,X
     B465   CA         DEX
     B466   D0 F8      BNE &B460
     B468   20 C5 06   JSR &06C5
     B46B   A0 00      LDY #&00
     B46D   20 D1 FF   JSR &FFD1
     B470   48         PHA
     B471   A2 0C      LDX #&0C
.Label_ADC1
     B473   B5 00      LDA &00,X
     B475   20 95 06   JSR &0695
     B478   CA         DEX
     B479   10 F8      BPL &B473
     B47B   68         PLA
     B47C   4C 3A 05   JMP &053A
     B47F   20 C5 06   JSR &06C5
     B482   AA         TAX
     B483   20 C5 06   JSR &06C5
     B486   20 F4 FF   JSR &FFF4
.Label_ADD7
     B489   2C E2 FC   BIT &FCE2
     B48C   50 FB      BVC &B489
     B48E   8E E3 FC   STX &FCE3
.Label_ADDF
     B491   4C 36 00   JMP &0036
     B494   20 C5 06   JSR &06C5
     B497   AA         TAX
     B498   20 C5 06   JSR &06C5
     B49B   A8         TAY
     B49C   20 C5 06   JSR &06C5
     B49F   20 F4 FF   JSR &FFF4
     B4A2   49 9D      EOR #&9D
     B4A4   F0 EB      BEQ &B491
     B4A6   6A         ROR A
     B4A7   20 95 06   JSR &0695
.Label_ADF8
     B4AA   2C E2 FC   BIT &FCE2
     B4AD   50 FB      BVC &B4AA
     B4AF   8C E3 FC   STY &FCE3
     B4B2   70 D5      BVS &B489
     B4B4   20 C5 06   JSR &06C5
     B4B7   A8         TAY
.Label_AE06
     B4B8   2C E2 FC   BIT &FCE2
     B4BB   10 FB      BPL &B4B8
     B4BD   AE E3 FC   LDX &FCE3
     B4C0   CA         DEX
     B4C1   30 0F      BMI &B4D2
.Label_AE11
     B4C3   2C E2 FC   BIT &FCE2
     B4C6   10 FB      BPL &B4C3
     B4C8   AD E3 FC   LDA &FCE3
     B4CB   9D 28 01   STA &0128,X
     B4CE   CA         DEX
     B4CF   10 F2      BPL &B4C3
     B4D1   98         TYA
.Label_AE20
     B4D2   A2 28      LDX #&28
     B4D4   A0 01      LDY #&01
     B4D6   20 F1 FF   JSR &FFF1
.Label_AE27
     B4D9   2C E2 FC   BIT &FCE2
     B4DC   10 FB      BPL &B4D9
     B4DE   AE E3 FC   LDX &FCE3
     B4E1   CA         DEX
     B4E2   30 0E      BMI &B4F2
.Label_AE32
     B4E4   BC 28 01   LDY &0128,X
.Label_AE35
     B4E7   2C E2 FC   BIT &FCE2
     B4EA   50 FB      BVC &B4E7
     B4EC   8C E3 FC   STY &FCE3
     B4EF   CA         DEX
     B4F0   10 F2      BPL &B4E4
.Label_AE40
     B4F2   4C 36 00   JMP &0036
     B4F5   A2 04      LDX #&04
.Label_AE45
     B4F7   20 C5 06   JSR &06C5
     B4FA   95 00      STA &00,X
     B4FC   CA         DEX
     B4FD   10 F8      BPL &B4F7
     B4FF   E8         INX
     B500   A0 00      LDY #&00
     B502   8A         TXA
     B503   20 F1 FF   JSR &FFF1
     B506   90 05      BCC &B50D
     B508   A9 FF      LDA #&FF
     B50A   4C 9E 05   JMP &059E
.Label_AE5B
     B50D   A2 00      LDX #&00
     B50F   A9 7F      LDA #&7F
     B511   20 95 06   JSR &0695
.Label_AE62
     B514   BD 00 07   LDA &0700,X
     B517   20 95 06   JSR &0695
     B51A   E8         INX
     B51B   C9 0D      CMP #&0D
     B51D   D0 F5      BNE &B514
     B51F   4C 36 00   JMP &0036
.Label_AE70
     B522   2C E2 FC   BIT &FCE2
     B525   50 FB      BVC &B522
     B527   8D E3 FC   STA &FCE3
     B52A   60         RTS
.Label_AE79
     B52B   2C E6 FC   BIT &FCE6
     B52E   50 FB      BVC &B52B
     B530   8D E7 FC   STA &FCE7
     B533   60         RTS
     B534   A5 FF      LDA &FF
     B536   38         SEC
     B537   6A         ROR A
     B538   30 0F      BMI &B549
     B53A   48         PHA
     B53B   A9 00      LDA #&00
     B53D   20 BC 06   JSR &06BC
     B540   98         TYA
     B541   20 BC 06   JSR &06BC
     B544   8A         TXA
     B545   20 BC 06   JSR &06BC
     B548   68         PLA
.Label_AE97
     B549   2C E0 FC   BIT &FCE0
     B54C   50 FB      BVC &B549
     B54E   8D E1 FC   STA &FCE1
     B551   60         RTS
.Label_AEA0
     B552   2C E2 FC   BIT &FCE2
     B555   10 FB      BPL &B552
     B557   AD E3 FC   LDA &FCE3
     B55A   60         RTS
.SERVICE09_TUBEHelp
     B55B   C9 09      CMP #&09
     B55D   D0 2A      BNE &B589
     B55F   98         TYA
     B560   48         PHA
     B561   B1 F2      LDA (&F2),Y
     B563   C9 0D      CMP #&0D
     B565   D0 1E      BNE &B585
     B567   A9 E9      LDA #&E9
     B569   20 F4 93   JSR &93F4
     B56C   A6 F4      LDX &F4
     B56E   98         TYA
     B56F   F0 14      BEQ &B585
     B571   20 95 80   JSR &8095
     B574   0D
     B575   54 55 42 ...
     B583   0D
     B584   EA         NOP
.Label_AED3
     B585   68         PLA
     B586   A8         TAY
     B587   A9 09      LDA #&09
.SERVICEFE_TUBEPostInit
     B589   C9 FE      CMP #&FE
     B58B   90 5C      BCC &B5E9
     B58D   D0 1B      BNE &B5AA
     B58F   C0 00      CPY #&00
     B591   F0 56      BEQ &B5E9
     B593   A2 06      LDX #&06
     B595   A9 14      LDA #&14
     B597   20 F4 FF   JSR &FFF4
.servFE_tubemsg_loop
     B59A   2C E0 FC   BIT &FCE0
     B59D   10 FB      BPL &B59A
     B59F   AD E1 FC   LDA &FCE1
     B5A2   F0 43      BEQ &B5E7
     B5A4   20 EE FF   JSR &FFEE
     B5A7   4C 9A B5   JMP &B59A
.SERVICEFF_TUBEInit
     B5AA   A9 AD      LDA #&AD
     B5AC   8D 20 02   STA &0220
     B5AF   A9 06      LDA #&06
     B5B1   8D 21 02   STA &0221
     B5B4   A9 16      LDA #&16
     B5B6   8D 02 02   STA &0202
     B5B9   A9 00      LDA #&00
     B5BB   8D 03 02   STA &0203
     B5BE   A9 8E      LDA #&8E
     B5C0   8D E0 FC   STA &FCE0
     B5C3   A0 00      LDY #&00
.servFF_copytubecode_loop
     B5C5   B9 2B B6   LDA &B62B,Y
     B5C8   99 00 04   STA &0400,Y
     B5CB   B9 8D B3   LDA &B38D,Y
     B5CE   99 00 05   STA &0500,Y
     B5D1   B9 8D B4   LDA &B48D,Y
     B5D4   99 00 06   STA &0600,Y
     B5D7   88         DEY
     B5D8   D0 EB      BNE &B5C5
     B5DA   20 21 04   JSR &0421
     B5DD   A2 41      LDX #&41
.servFF_copytubezpcode_loop
     B5DF   BD EA B5   LDA &B5EA,X
     B5E2   95 16      STA &16,X
     B5E4   CA         DEX
     B5E5   10 F8      BPL &B5DF
.servFE_exitA_0
     B5E7   A9 00      LDA #&00
.servFE_exit
     B5E9   60         RTS
.TUBE_ZP_CODE_0016
     B5EA   A9 FF      LDA #&FF
     B5EC   20 9E 06   JSR &069E
     B5EF   AD E3 FC   LDA &FCE3
     B5F2   A9 00      LDA #&00
     B5F4   20 95 06   JSR &0695
     B5F7   A8         TAY
     B5F8   B1 FD      LDA (&FD),Y
     B5FA   20 95 06   JSR &0695
.Label_AF4B
     B5FD   C8         INY
     B5FE   B1 FD      LDA (&FD),Y
     B600   20 95 06   JSR &0695
     B603   AA         TAX
     B604   D0 F7      BNE &B5FD
     B606   A2 FF      LDX #&FF
     B608   9A         TXS
     B609   58         CLI
.Label_AF58
     B60A   2C E0 FC   BIT &FCE0
     B60D   10 06      BPL &B615
.Label_AF5D
     B60F   AD E1 FC   LDA &FCE1
     B612   20 EE FF   JSR &FFEE
.Label_AF63
     B615   2C E2 FC   BIT &FCE2
     B618   10 F0      BPL &B60A
     B61A   2C E0 FC   BIT &FCE0
     B61D   30 F0      BMI &B60F
     B61F   AE E3 FC   LDX &FCE3
     B622   86 51      STX &51
     B624   6C 00 05   JMP (&0500)
     B627   00 80
     B629   00 00
.TUBE_CODE_400
     B62B   4C 84 04   JMP &0484
     B62E   4C A7 06   JMP &06A7
     B631   C9 80      CMP #&80
     B633   90 2B      BCC &B660
     B635   C9 C0      CMP #&C0
     B637   B0 1A      BCS &B653
     B639   09 40      ORA #&40
     B63B   C5 15      CMP &15
     B63D   D0 20      BNE &B65F
     B63F   08         PHP
     B640   78         SEI
     B641   A9 05      LDA #&05
     B643   20 9E 06   JSR &069E
     B646   A5 15      LDA &15
     B648   20 9E 06   JSR &069E
     B64B   28         PLP
     B64C   A9 80      LDA #&80
     B64E   85 15      STA &15
     B650   85 14      STA &14
     B652   60         RTS
.Label_AFA1
     B653   06 14      ASL &14
     B655   B0 06      BCS &B65D
     B657   C5 15      CMP &15
     B659   F0 04      BEQ &B65F
     B65B   18         CLC
     B65C   60         RTS
.Label_AFAB
     B65D   85 15      STA &15
.Label_AFAD
     B65F   60         RTS
.Label_AFAE
     B660   08         PHP
     B661   78         SEI
     B662   84 13      STY &13
     B664   86 12      STX &12
     B666   20 9E 06   JSR &069E
     B669   AA         TAX
     B66A   A0 03      LDY #&03
     B66C   A5 15      LDA &15
     B66E   20 9E 06   JSR &069E
.Label_AFBF
     B671   B1 12      LDA (&12),Y
     B673   20 9E 06   JSR &069E
     B676   88         DEY
     B677   10 F8      BPL &B671
     B679   A0 18      LDY #&18
     B67B   8C E0 FC   STY &FCE0
     B67E   BD 18 05   LDA &0518,X
     B681   8D E0 FC   STA &FCE0
     B684   4A         LSR A
     B685   4A         LSR A
     B686   90 06      BCC &B68E
     B688   2C E5 FC   BIT &FCE5
     B68B   2C E5 FC   BIT &FCE5
.Label_AFDC
     B68E   20 9E 06   JSR &069E
.Label_AFDF
     B691   2C E6 FC   BIT &FCE6
     B694   50 FB      BVC &B691
     B696   B0 0D      BCS &B6A5
     B698   E0 04      CPX #&04
     B69A   D0 11      BNE &B6AD
.Label_AFEA
     B69C   20 14 04   JSR &0414
     B69F   20 95 06   JSR &0695
     B6A2   4C 32 00   JMP &0032
.Label_AFF3
     B6A5   4A         LSR A
     B6A6   90 05      BCC &B6AD
     B6A8   A0 88      LDY #&88
     B6AA   8C E0 FC   STY &FCE0
.Label_AFFB
     B6AD   28         PLP
     B6AE   60         RTS
     B6AF   58         CLI
     B6B0   B0 0A      BCS &B6BC
     B6B2   D0 03      BNE &B6B7
     B6B4   4C 9C 05   JMP &059C
.Label_B005
     B6B7   AE 8D 02   LDX &028D
     B6BA   F0 E0      BEQ &B69C
.Label_B00A
     B6BC   A9 FF      LDA #&FF
     B6BE   20 06 04   JSR &0406
     B6C1   90 F9      BCC &B6BC
     B6C3   20 CE 04   JSR &04CE
.Label_B014
     B6C6   08         PHP
     B6C7   78         SEI
     B6C8   A9 07      LDA #&07
     B6CA   20 C7 04   JSR &04C7
     B6CD   A0 00      LDY #&00
     B6CF   84 00      STY &00
.Label_B01F
     B6D1   B1 00      LDA (&00),Y
     B6D3   8D E5 FC   STA &FCE5
     B6D6   EA         NOP
     B6D7   EA         NOP
     B6D8   EA         NOP
     B6D9   C8         INY
     B6DA   D0 F5      BNE &B6D1
     B6DC   28         PLP
     B6DD   E6 54      INC &54
     B6DF   D0 06      BNE &B6E7
     B6E1   E6 55      INC &55
     B6E3   D0 02      BNE &B6E7
     B6E5   E6 56      INC &56
.Label_B035
     B6E7   E6 01      INC &01
     B6E9   24 01      BIT &01
     B6EB   50 D9      BVC &B6C6
     B6ED   20 CE 04   JSR &04CE
     B6F0   A9 04      LDA #&04
     B6F2   A0 00      LDY #&00
     B6F4   A2 53      LDX #&53
     B6F6   4C 06 04   JMP &0406
     B6F9   A9 80      LDA #&80
     B6FB   85 54      STA &54
     B6FD   85 01      STA &01
     B6FF   A9 20      LDA #&20
     B701   2D 06 80   AND &8006
     B704   A8         TAY
     B705   84 53      STY &53
     B707   F0 19      BEQ &B722
     B709   AE 07 80   LDX &8007
.Label_B05A
     B70C   E8         INX
     B70D   BD 00 80   LDA &8000,X
     B710   D0 FA      BNE &B70C
     B712   BD 01 80   LDA &8001,X
     B715   85 53      STA &53
     B717   BD 02 80   LDA &8002,X
     B71A   85 54      STA &54
     B71C   BC 03 80   LDY &8003,X
     B71F   BD 04 80   LDA &8004,X
.Label_B070
     B722   85 56      STA &56
     B724   84 55      STY &55
     B726   60         RTS
Processed file 'TubeHost230.asm' ok
    code ends at&B727  (2265 bytes free )
Saving file 'build/U/EMMFS'
Processed file 'mmfs100.asm' ok
Processed file 'top_EMMFS.asm' ok
