Including file DEVICE.asm
Processed file 'DEVICE.asm' ok
Including file mmfs100.asm
     B6FE   19
     B6FF   67
Including file VERSION.asm
Processed file 'VERSION.asm' ok
Including file SYSVARS.asm
Processed file 'SYSVARS.asm' ok
.langentry
     8000   00         BRK
     8001   00         BRK
     8002   00         BRK
.serventry
     8003   4C 89 8D   JMP &8D89
.romtype
     8006   82
.copywoffset
     8007   22
.binversion
     8008   7B
.title
Macro BUILD_NAME:
Macro BASE_NAME:
     8009   45 6C 65 ...
Macro SYSTEM_NAME:
     8012   4D 4D 46 ...
End macro SYSTEM_NAME
     8017   20 53 57 ...
End macro BASE_NAME
Macro DEVICE_NAME:
End macro DEVICE_NAME
Macro DFS_EMUL_NAME:
End macro DFS_EMUL_NAME
     801D   00
End macro BUILD_NAME
.version
Macro BUILD_VERSION:
     801E   31 2E 36 ...
     8022   00
End macro BUILD_VERSION
.copyright
Macro BUILD_COPYRIGHT:
     8023   28 43 29 ...
     8031   00
End macro BUILD_COPYRIGHT
.header_end
.Go_FSCV
     8032   6C 1E 02   JMP (&021E)
.SetLEDS
     8035   AD 82 02   LDA &0282
     8038   49 80      EOR #&80
     803A   8D 82 02   STA &0282
     803D   8D 07 FE   STA &FE07
     8040   60         RTS
.ResetLEDS
     8041   20 F3 83   JSR &83F3
     8044   A9 76      LDA #&76
     8046   4C F4 FF   JMP &FFF4
.errDISK
     8049   20 5E 80   JSR &805E
     804C   00         BRK
     804D   44 69 73 ...
     8052   90 21      BCC &8075
.errBAD
     8054   20 5E 80   JSR &805E
     8057   00         BRK
     8058   42 61 64 ...
     805C   90 17      BCC &8075
.ReportErrorCB
     805E   AD DD B9   LDA &B9DD
     8061   D0 03      BNE &8066
     8063   20 B5 96   JSR &96B5
.brk100_notbuf
     8066   A9 FF      LDA #&FF
     8068   8D 82 B9   STA &B982
     806B   8D DD B9   STA &B9DD
.ReportError
     806E   A2 02      LDX #&02
     8070   A9 00      LDA #&00
     8072   8D 00 01   STA &0100
.ErrCONTINUE
     8075   20 41 80   JSR &8041
.ReportError2
     8078   68         PLA
     8079   85 AE      STA &AE
     807B   68         PLA
     807C   85 AF      STA &AF
     807E   A0 00      LDY #&00
     8080   20 EA 83   JSR &83EA
     8083   8D 01 01   STA &0101
     8086   CA         DEX
.errstr_loop
     8087   E8         INX
     8088   20 EA 83   JSR &83EA
     808B   9D 00 01   STA &0100,X
     808E   30 27      BMI &80B7
     8090   D0 F5      BNE &8087
     8092   20 60 8C   JSR &8C60
     8095   4C 00 01   JMP &0100
.PrintNibble_PrintString
     8098   20 02 81   JSR &8102
.PrintString
     809B   85 B3      STA &B3
     809D   68         PLA
     809E   85 AE      STA &AE
     80A0   68         PLA
     80A1   85 AF      STA &AF
     80A3   A5 B3      LDA &B3
     80A5   48         PHA
     80A6   98         TYA
     80A7   48         PHA
     80A8   A0 00      LDY #&00
.prtstr_loop
     80AA   20 EA 83   JSR &83EA
     80AD   30 05      BMI &80B4
     80AF   20 DE 80   JSR &80DE
     80B2   10 F6      BPL &80AA
.prtstr_return1
     80B4   68         PLA
     80B5   A8         TAY
     80B6   68         PLA
.prtstr_return2
     80B7   18         CLC
     80B8   6C AE 00   JMP (&00AE)
.PrintStringSPL
     80BB   85 B3      STA &B3
     80BD   68         PLA
     80BE   85 AE      STA &AE
     80C0   68         PLA
     80C1   85 AF      STA &AF
     80C3   A5 B3      LDA &B3
     80C5   48         PHA
     80C6   98         TYA
     80C7   48         PHA
     80C8   A0 00      LDY #&00
.pstr_loop
     80CA   20 EA 83   JSR &83EA
     80CD   30 E5      BMI &80B4
     80CF   20 E3 FF   JSR &FFE3
     80D2   4C CA 80   JMP &80CA
.PrintSpace
     80D5   A9 20      LDA #&20
     80D7   D0 05      BNE &80DE
.PrintNibFullStop
     80D9   20 02 81   JSR &8102
.PrintFullStop
     80DC   A9 2E      LDA #&2E
.PrintChrA
     80DE   20 F3 83   JSR &83F3
     80E1   48         PHA
     80E2   A9 EC      LDA #&EC
     80E4   20 22 93   JSR &9322
     80E7   8A         TXA
     80E8   48         PHA
     80E9   09 10      ORA #&10
     80EB   AA         TAX
     80EC   20 F5 80   JSR &80F5
     80EF   68         PLA
     80F0   AA         TAX
     80F1   68         PLA
     80F2   20 E3 FF   JSR &FFE3
.osbyte03_Xoutstream
     80F5   A9 03      LDA #&03
     80F7   4C F4 FF   JMP &FFF4
.PrintHex
     80FA   48         PHA
     80FB   20 1F 82   JSR &821F
     80FE   20 02 81   JSR &8102
     8101   68         PLA
.PrintNibble
     8102   20 24 81   JSR &8124
     8105   D0 D7      BNE &80DE
.PrintBCDSPL
     8107   20 2B 84   JSR &842B
.PrintHexSPL
     810A   48         PHA
     810B   20 1F 82   JSR &821F
     810E   20 12 81   JSR &8112
     8111   68         PLA
.PrintNibbleSPL
     8112   20 24 81   JSR &8124
     8115   4C EE FF   JMP &FFEE
.Print2SpacesSPL
     8118   20 1B 81   JSR &811B
.PrintSpaceSPL
     811B   48         PHA
     811C   A9 20      LDA #&20
     811E   20 EE FF   JSR &FFEE
     8121   68         PLA
     8122   18         CLC
     8123   60         RTS
.NibToASC
     8124   29 0F      AND #&0F
     8126   C9 0A      CMP #&0A
     8128   90 02      BCC &812C
     812A   69 06      ADC #&06
.nibasc
     812C   69 30      ADC #&30
     812E   60         RTS
.CopyVarsB0BA
     812F   20 3F 81   JSR &813F
     8132   CA         DEX
     8133   CA         DEX
     8134   20 37 81   JSR &8137
.cpybyte1
     8137   B1 B0      LDA (&B0),Y
     8139   9D 72 B9   STA &B972,X
     813C   E8         INX
     813D   C8         INY
     813E   60         RTS
.CopyWordB0BA
     813F   20 42 81   JSR &8142
.cpybyte2
     8142   B1 B0      LDA (&B0),Y
     8144   95 BA      STA &BA,X
     8146   E8         INX
     8147   C8         INY
     8148   60         RTS
.read_fspTextPointer
     8149   20 CA 8B   JSR &8BCA
     814C   4C 5F 81   JMP &815F
.read_fspBA_reset
     814F   20 CA 8B   JSR &8BCA
.read_fspBA
     8152   A5 BA      LDA &BA
     8154   85 F2      STA &F2
     8156   A5 BB      LDA &BB
     8158   85 F3      STA &F3
     815A   A0 00      LDY #&00
     815C   20 C0 81   JSR &81C0
.rdafsp_entry
     815F   A2 20      LDX #&20
     8161   20 A5 81   JSR &81A5
     8164   B0 1B      BCS &8181
     8166   8D 00 B9   STA &B900
     8169   C9 2E      CMP #&2E
     816B   D0 04      BNE &8171
.rdafsp_setdrv
     816D   86 CC      STX &CC
     816F   F0 EE      BEQ &815F
.rdafsp_notdot
     8171   C9 3A      CMP #&3A
     8173   D0 15      BNE &818A
     8175   20 DF 8B   JSR &8BDF
     8178   20 A5 81   JSR &81A5
     817B   B0 04      BCS &8181
     817D   C9 2E      CMP #&2E
     817F   F0 DE      BEQ &815F
.errBadName
     8181   20 54 80   JSR &8054
     8184   CC
     8185   6E 61 6D ...
     8189   00
.rdafsp_notcolon
     818A   AA         TAX
     818B   20 A5 81   JSR &81A5
     818E   B0 34      BCS &81C4
     8190   C9 2E      CMP #&2E
     8192   F0 D9      BEQ &816D
     8194   A2 01      LDX #&01
.rdafsp_rdfnloop
     8196   9D 00 B9   STA &B900,X
     8199   E8         INX
     819A   20 A5 81   JSR &81A5
     819D   B0 27      BCS &81C6
     819F   E0 07      CPX #&07
     81A1   D0 F3      BNE &8196
     81A3   F0 DC      BEQ &8181
.GSREAD_A
     81A5   20 C5 FF   JSR &FFC5
     81A8   08         PHP
     81A9   29 7F      AND #&7F
     81AB   C9 0D      CMP #&0D
     81AD   F0 08      BEQ &81B7
     81AF   C9 20      CMP #&20
     81B1   90 CE      BCC &8181
     81B3   C9 7F      CMP #&7F
     81B5   F0 CA      BEQ &8181
.dogsrd_exit
     81B7   28         PLP
     81B8   60         RTS
.SetTextPointerYX
     81B9   86 F2      STX &F2
     81BB   84 F3      STY &F3
     81BD   A0 00      LDY #&00
     81BF   60         RTS
.GSINIT_A
     81C0   18         CLC
     81C1   4C C2 FF   JMP &FFC2
.Rdafsp_padall
     81C4   A2 01      LDX #&01
.rdafsp_padX
     81C6   A9 20      LDA #&20
.rdafsp_padloop
     81C8   9D 00 B9   STA &B900,X
     81CB   E8         INX
     81CC   E0 40      CPX #&40
     81CE   D0 F8      BNE &81C8
     81D0   A2 06      LDX #&06
.rdafsp_cpyfnloop
     81D2   BD 00 B9   LDA &B900,X
     81D5   95 C5      STA &C5,X
     81D7   CA         DEX
     81D8   10 F8      BPL &81D2
     81DA   60         RTS
.prt_filename_Yoffset
     81DB   20 F3 83   JSR &83F3
     81DE   B9 0F B7   LDA &B70F,Y
     81E1   08         PHP
     81E2   29 7F      AND #&7F
     81E4   D0 05      BNE &81EB
     81E6   20 18 81   JSR &8118
     81E9   F0 06      BEQ &81F1
.prt_filename_prtchr
     81EB   20 DE 80   JSR &80DE
     81EE   20 DC 80   JSR &80DC
.prt_filename_nodir
     81F1   A2 06      LDX #&06
.prt_filename_loop
     81F3   B9 08 B7   LDA &B708,Y
     81F6   29 7F      AND #&7F
     81F8   20 DE 80   JSR &80DE
     81FB   C8         INY
     81FC   CA         DEX
     81FD   10 F4      BPL &81F3
     81FF   20 18 81   JSR &8118
     8202   A9 20      LDA #&20
     8204   28         PLP
     8205   10 02      BPL &8209
     8207   A9 4C      LDA #&4C
.prt_filename_notlocked
     8209   20 DE 80   JSR &80DE
     820C   A0 01      LDY #&01
.prt_Yspaces
     820E   20 1B 81   JSR &811B
     8211   88         DEY
     8212   D0 FA      BNE &820E
     8214   60         RTS
.A_rorx6and3
     8215   4A         LSR A
     8216   4A         LSR A
.A_rorx4and3
     8217   4A         LSR A
     8218   4A         LSR A
.A_rorx2and3
     8219   4A         LSR A
     821A   4A         LSR A
     821B   29 03      AND #&03
     821D   60         RTS
.A_rorx5
     821E   4A         LSR A
.A_rorx4
     821F   4A         LSR A
     8220   4A         LSR A
     8221   4A         LSR A
     8222   4A         LSR A
     8223   60         RTS
.A_rolx5
     8224   0A         ASL A
.A_rolx4
     8225   0A         ASL A
     8226   0A         ASL A
     8227   0A         ASL A
     8228   0A         ASL A
.getcat_exit
     8229   60         RTS
.parameter_afsp_Param_SyntaxErrorIfNull_getcatentry_fspTxtP
     822A   20 2A 92   JSR &922A
.Param_SyntaxErrorIfNull_getcatentry_fspTxtP
     822D   20 A6 99   JSR &99A6
.getcatentry_fspTxtP
     8230   20 49 81   JSR &8149
     8233   30 03      BMI &8238
.getcatentry_fspBA
     8235   20 4F 81   JSR &814F
.getcatentry
     8238   20 7D 82   JSR &827D
     823B   B0 EC      BCS &8229
.err_FILENOTFOUND
     823D   20 6E 80   JSR &806E
     8240   D6
     8241   4E 6F 74 ...
     824A   00
.fscv9_starEX
     824B   20 B9 81   JSR &81B9
.CMD_EX
     824E   20 CA 8B   JSR &8BCA
     8251   20 C0 81   JSR &81C0
     8254   F0 03      BEQ &8259
     8256   20 85 89   JSR &8985
.cmd_ex_nullstr
     8259   A9 2A      LDA #&2A
     825B   8D 00 B9   STA &B900
     825E   20 C4 81   JSR &81C4
     8261   20 2A 92   JSR &922A
     8264   20 38 82   JSR &8238
     8267   4C 74 82   JMP &8274
.fscv10_starINFO
     826A   20 B9 81   JSR &81B9
     826D   A9 4E      LDA #&4E
     826F   85 BF      STA &BF
.CMD_INFO
     8271   20 2A 82   JSR &822A
.cmd_info_loop
     8274   20 49 83   JSR &8349
     8277   20 84 82   JSR &8284
     827A   B0 F8      BCS &8274
     827C   60         RTS
.get_cat_firstentry80
.get_cat_firstentry81
     827D   20 ED A0   JSR &A0ED
     8280   A2 00      LDX #&00
     8282   F0 18      BEQ &829C
.get_cat_nextentry
     8284   A2 00      LDX #&00
     8286   F0 18      BEQ &82A0
.get_cat_firstentry80fname
     8288   A2 06      LDX #&06
.getcatloop1
     828A   B5 C5      LDA &C5,X
     828C   9D 58 B9   STA &B958,X
     828F   CA         DEX
     8290   10 F8      BPL &828A
     8292   A9 20      LDA #&20
     8294   8D 5F B9   STA &B95F
     8297   20 ED A0   JSR &A0ED
     829A   A2 58      LDX #&58
.getcatentry2
     829C   A9 00      LDA #&00
     829E   85 B6      STA &B6
.getcatsetupB7
     82A0   A9 B7      LDA #&B7
     82A2   85 B7      STA &B7
.getcatloop2
     82A4   A0 00      LDY #&00
     82A6   A5 B6      LDA &B6
     82A8   CD 05 B8   CMP &B805
     82AB   B0 49      BCS &82F6
     82AD   69 08      ADC #&08
     82AF   85 B6      STA &B6
     82B1   20 CB 82   JSR &82CB
     82B4   90 EE      BCC &82A4
     82B6   A5 CC      LDA &CC
     82B8   A0 07      LDY #&07
     82BA   20 F8 82   JSR &82F8
     82BD   D0 E5      BNE &82A4
     82BF   A4 B6      LDY &B6
     82C1   38         SEC
.Y_sub8
     82C2   88         DEY
     82C3   88         DEY
     82C4   88         DEY
     82C5   88         DEY
     82C6   88         DEY
     82C7   88         DEY
     82C8   88         DEY
     82C9   88         DEY
.NotCmdTable2
     82CA   60         RTS
.MatchFilename
     82CB   20 F3 83   JSR &83F3
.matfn_loop1
     82CE   BD 00 B9   LDA &B900,X
     82D1   CD CE B9   CMP &B9CE
     82D4   D0 13      BNE &82E9
     82D6   E8         INX
.matfn_loop2
     82D7   20 CB 82   JSR &82CB
     82DA   B0 1B      BCS &82F7
     82DC   C8         INY
     82DD   C0 07      CPY #&07
     82DF   90 F6      BCC &82D7
.matfn_loop3
     82E1   BD 00 B9   LDA &B900,X
     82E4   C9 20      CMP #&20
     82E6   D0 0E      BNE &82F6
     82E8   60         RTS
.matfn_nomatch
     82E9   C0 07      CPY #&07
     82EB   B0 F4      BCS &82E1
     82ED   20 F8 82   JSR &82F8
     82F0   D0 04      BNE &82F6
     82F2   E8         INX
     82F3   C8         INY
     82F4   D0 D8      BNE &82CE
.matfn_exitC0
     82F6   18         CLC
.matfn_exit
     82F7   60         RTS
.MatchChr
     82F8   CD CE B9   CMP &B9CE
     82FB   F0 10      BEQ &830D
     82FD   CD CD B9   CMP &B9CD
     8300   F0 0B      BEQ &830D
     8302   20 36 83   JSR &8336
     8305   51 B6      EOR (&B6),Y
     8307   B0 02      BCS &830B
     8309   29 5F      AND #&5F
.matchr_notalpha
     830B   29 7F      AND #&7F
.matchr_exit
     830D   60         RTS
.UcaseA2
     830E   08         PHP
     830F   20 36 83   JSR &8336
     8312   B0 02      BCS &8316
     8314   29 5F      AND #&5F
.ucasea
     8316   29 7F      AND #&7F
     8318   28         PLP
     8319   60         RTS
.DeleteCatEntry_YFileOffset
     831A   20 DF 92   JSR &92DF
.delcatloop
     831D   B9 10 B7   LDA &B710,Y
     8320   99 08 B7   STA &B708,Y
     8323   B9 10 B8   LDA &B810,Y
     8326   99 08 B8   STA &B808,Y
     8329   C8         INY
     832A   CC 05 B8   CPY &B805
     832D   90 EE      BCC &831D
     832F   98         TYA
     8330   E9 08      SBC #&08
     8332   8D 05 B8   STA &B805
.print_infoline_exit
     8335   60         RTS
.IsAlphaChar
     8336   48         PHA
     8337   29 5F      AND #&5F
     8339   C9 41      CMP #&41
     833B   90 04      BCC &8341
     833D   C9 5B      CMP #&5B
     833F   90 01      BCC &8342
.isalpha1
     8341   38         SEC
.isalpha2
     8342   68         PLA
     8343   60         RTS
.prt_InfoMsg_Yoffset
     8344   2C C6 B9   BIT &B9C6
     8347   30 EC      BMI &8335
.prt_InfoLine_Yoffset
     8349   20 F3 83   JSR &83F3
     834C   20 DB 81   JSR &81DB
     834F   98         TYA
     8350   48         PHA
     8351   A9 60      LDA #&60
     8353   85 B0      STA &B0
     8355   A9 B9      LDA #&B9
     8357   85 B1      STA &B1
     8359   20 94 83   JSR &8394
     835C   A0 02      LDY #&02
     835E   20 1B 81   JSR &811B
     8361   20 82 83   JSR &8382
     8364   20 82 83   JSR &8382
     8367   20 82 83   JSR &8382
     836A   68         PLA
     836B   A8         TAY
     836C   B9 0E B8   LDA &B80E,Y
     836F   29 03      AND #&03
     8371   20 02 81   JSR &8102
     8374   B9 0F B8   LDA &B80F,Y
     8377   20 FA 80   JSR &80FA
.PrintNewLine
     837A   48         PHA
     837B   A9 0D      LDA #&0D
     837D   20 DE 80   JSR &80DE
     8380   68         PLA
     8381   60         RTS
.PrintHex3Byte
     8382   A2 03      LDX #&03
.printhex3byte_loop
     8384   B9 62 B9   LDA &B962,Y
     8387   20 FA 80   JSR &80FA
     838A   88         DEY
     838B   CA         DEX
     838C   D0 F6      BNE &8384
     838E   20 EE 87   JSR &87EE
     8391   4C 1B 81   JMP &811B
.ReadFileAttribsToB0_Yoffset
     8394   20 F3 83   JSR &83F3
     8397   98         TYA
     8398   48         PHA
     8399   AA         TAX
     839A   A0 12      LDY #&12
     839C   A9 00      LDA #&00
.readfileattribs_clearloop
     839E   88         DEY
     839F   91 B0      STA (&B0),Y
     83A1   C0 02      CPY #&02
     83A3   D0 F9      BNE &839E
.readfileattribs_copyloop
     83A5   20 DF 83   JSR &83DF
     83A8   C8         INY
     83A9   C8         INY
     83AA   C0 0E      CPY #&0E
     83AC   D0 F7      BNE &83A5
     83AE   68         PLA
     83AF   AA         TAX
     83B0   BD 0F B7   LDA &B70F,X
     83B3   10 04      BPL &83B9
     83B5   A9 08      LDA #&08
     83B7   91 B0      STA (&B0),Y
.readfileattribs_notlocked
     83B9   BD 0E B8   LDA &B80E,X
     83BC   A0 04      LDY #&04
     83BE   20 CD 83   JSR &83CD
     83C1   A0 0C      LDY #&0C
     83C3   4A         LSR A
     83C4   4A         LSR A
     83C5   48         PHA
     83C6   29 03      AND #&03
     83C8   91 B0      STA (&B0),Y
     83CA   68         PLA
     83CB   A0 08      LDY #&08
.readfileattribs_addrHiBytes
     83CD   4A         LSR A
     83CE   4A         LSR A
     83CF   48         PHA
     83D0   29 03      AND #&03
     83D2   C9 03      CMP #&03
     83D4   D0 05      BNE &83DB
     83D6   A9 FF      LDA #&FF
     83D8   91 B0      STA (&B0),Y
     83DA   C8         INY
.readfileattribs_nothost
     83DB   91 B0      STA (&B0),Y
.readfileattribs_exits
     83DD   68         PLA
     83DE   60         RTS
.readfileattribs_copy2bytes
     83DF   20 E2 83   JSR &83E2
.readfileattribs_copy1byte
     83E2   BD 08 B8   LDA &B808,X
     83E5   91 B0      STA (&B0),Y
     83E7   E8         INX
     83E8   C8         INY
     83E9   60         RTS
.inc_word_AE_and_load
     83EA   E6 AE      INC &AE
     83EC   D0 02      BNE &83F0
     83EE   E6 AF      INC &AF
.inc_word_AE_exit
     83F0   B1 AE      LDA (&AE),Y
     83F2   60         RTS
.RememberAXY
     83F3   48         PHA
     83F4   8A         TXA
     83F5   48         PHA
     83F6   98         TYA
     83F7   48         PHA
     83F8   A9 84      LDA #&84
     83FA   48         PHA
     83FB   A9 15      LDA #&15
     83FD   48         PHA
.rAXY_loop_init
     83FE   A0 05      LDY #&05
.rAXY_loop
     8400   BA         TSX
     8401   BD 07 01   LDA &0107,X
     8404   48         PHA
     8405   88         DEY
     8406   D0 F8      BNE &8400
     8408   A0 0A      LDY #&0A
.rAXY_loop2
     840A   BD 09 01   LDA &0109,X
     840D   9D 0B 01   STA &010B,X
     8410   CA         DEX
     8411   88         DEY
     8412   D0 F6      BNE &840A
     8414   68         PLA
     8415   68         PLA
.rAXY_restore
     8416   68         PLA
     8417   A8         TAY
     8418   68         PLA
     8419   AA         TAX
     841A   68         PLA
     841B   60         RTS
.RememberXYonly
     841C   48         PHA
     841D   8A         TXA
     841E   48         PHA
     841F   98         TYA
     8420   48         PHA
     8421   20 FE 83   JSR &83FE
.axyret1
     8424   BA         TSX
     8425   9D 03 01   STA &0103,X
     8428   4C 16 84   JMP &8416
.BinaryToBCD
     842B   20 1C 84   JSR &841C
     842E   A8         TAY
     842F   F0 0A      BEQ &843B
     8431   18         CLC
     8432   F8         SED
     8433   A9 00      LDA #&00
.bbcd_loop
     8435   69 01      ADC #&01
     8437   88         DEY
     8438   D0 FB      BNE &8435
     843A   D8         CLD
.bbcd_exit
     843B   60         RTS
.Param_ReadNum
     843C   20 C0 81   JSR &81C0
     843F   38         SEC
     8440   F0 2A      BEQ &846C
     8442   08         PHP
     8443   A9 00      LDA #&00
     8445   85 B9      STA &B9
     8447   F0 18      BEQ &8461
.L1
     8449   38         SEC
     844A   E9 30      SBC #&30
     844C   90 1D      BCC &846B
     844E   C9 0A      CMP #&0A
     8450   B0 19      BCS &846B
     8452   85 B8      STA &B8
     8454   A5 B9      LDA &B9
     8456   0A         ASL A
     8457   85 B9      STA &B9
     8459   0A         ASL A
     845A   0A         ASL A
     845B   65 B9      ADC &B9
     845D   65 B8      ADC &B8
     845F   85 B9      STA &B9
.L2
     8461   20 C5 FF   JSR &FFC5
     8464   90 E3      BCC &8449
     8466   A6 B9      LDX &B9
     8468   28         PLP
     8469   18         CLC
     846A   60         RTS
.L3
     846B   28         PLP
.L4
     846C   60         RTS
.fscv5_starCAT
     846D   20 B9 81   JSR &81B9
     8470   20 D7 8B   JSR &8BD7
     8473   20 FB A0   JSR &A0FB
     8476   A0 FF      LDY #&FF
     8478   84 A8      STY &A8
     847A   C8         INY
     847B   84 AA      STY &AA
.cat_titleloop
     847D   B9 00 B7   LDA &B700,Y
     8480   C0 08      CPY #&08
     8482   90 03      BCC &8487
     8484   B9 F8 B7   LDA &B7F8,Y
.cat_titlelo
     8487   20 DE 80   JSR &80DE
     848A   C8         INY
     848B   C0 0C      CPY #&0C
     848D   D0 EE      BNE &847D
     848F   20 9B 80   JSR &809B
     8492   20 28 
     8494   AD 04 B8   LDA &B804
     8497   20 FA 80   JSR &80FA
     849A   20 9B 80   JSR &809B
     849D   29 
     849E   0D
     849F   44 72 69 ...
     84A5   A5 CD      LDA &CD
     84A7   20 02 81   JSR &8102
     84AA   A0 0D      LDY #&0D
     84AC   20 0E 82   JSR &820E
     84AF   20 9B 80   JSR &809B
     84B2   4F 70 74 ...
     84B9   AD 06 B8   LDA &B806
     84BC   20 1F 82   JSR &821F
     84BF   48         PHA
     84C0   20 98 80   JSR &8098
     84C3   20 28 
     84C5   A0 03      LDY #&03
     84C7   68         PLA
     84C8   0A         ASL A
     84C9   0A         ASL A
     84CA   AA         TAX
.cat_printoptionnameloop
     84CB   BD B7 85   LDA &85B7,X
     84CE   20 DE 80   JSR &80DE
     84D1   E8         INX
     84D2   88         DEY
     84D3   10 F6      BPL &84CB
     84D5   20 9B 80   JSR &809B
     84D8   29 
     84D9   0D
     84DA   44 69 72 ...
     84E0   AD CA B9   LDA &B9CA
     84E3   20 D9 80   JSR &80D9
     84E6   AD C9 B9   LDA &B9C9
     84E9   20 DE 80   JSR &80DE
     84EC   A0 0B      LDY #&0B
     84EE   20 0E 82   JSR &820E
     84F1   20 9B 80   JSR &809B
     84F4   4C 69 62 ...
     84FA   AD CC B9   LDA &B9CC
     84FD   20 D9 80   JSR &80D9
     8500   AD CB B9   LDA &B9CB
     8503   20 DE 80   JSR &80DE
     8506   20 7A 83   JSR &837A
     8509   A0 00      LDY #&00
.cat_curdirloop
     850B   CC 05 B8   CPY &B805
     850E   B0 17      BCS &8527
     8510   B9 0F B7   LDA &B70F,Y
     8513   4D C9 B9   EOR &B9C9
     8516   29 5F      AND #&5F
     8518   D0 08      BNE &8522
     851A   B9 0F B7   LDA &B70F,Y
     851D   29 80      AND #&80
     851F   99 0F B7   STA &B70F,Y
.cat_curdirnext
     8522   20 ED 87   JSR &87ED
     8525   90 E4      BCC &850B
.cat_sortloop1
     8527   A0 00      LDY #&00
     8529   20 39 85   JSR &8539
     852C   90 16      BCC &8544
     852E   A9 FF      LDA #&FF
     8530   8D 82 B9   STA &B982
     8533   4C 7A 83   JMP &837A
.cat_getnextunmarkedfile_loop
     8536   20 ED 87   JSR &87ED
.cat_getnextunmarkedfileY
     8539   CC 05 B8   CPY &B805
     853C   B0 05      BCS &8543
     853E   B9 08 B7   LDA &B708,Y
     8541   30 F3      BMI &8536
.cat_exit
     8543   60         RTS
.cat_printfilename
     8544   84 AB      STY &AB
     8546   A2 00      LDX #&00
.cat_copyfnloop
     8548   B9 08 B7   LDA &B708,Y
     854B   20 0E 83   JSR &830E
     854E   9D 60 B9   STA &B960,X
     8551   C8         INY
     8552   E8         INX
     8553   E0 08      CPX #&08
     8555   D0 F1      BNE &8548
.cat_comparefnloop1
     8557   20 39 85   JSR &8539
     855A   B0 23      BCS &857F
     855C   38         SEC
     855D   A2 06      LDX #&06
.cat_comparefnloop2
     855F   B9 0E B7   LDA &B70E,Y
     8562   20 0E 83   JSR &830E
     8565   FD 60 B9   SBC &B960,X
     8568   88         DEY
     8569   CA         DEX
     856A   10 F3      BPL &855F
     856C   20 EE 87   JSR &87EE
     856F   B9 0F B7   LDA &B70F,Y
     8572   20 0E 83   JSR &830E
     8575   ED 67 B9   SBC &B967
     8578   90 CA      BCC &8544
     857A   20 ED 87   JSR &87ED
     857D   B0 D8      BCS &8557
.cat_printfn
     857F   A4 AB      LDY &AB
     8581   B9 08 B7   LDA &B708,Y
     8584   09 80      ORA #&80
     8586   99 08 B7   STA &B708,Y
     8589   AD 67 B9   LDA &B967
     858C   C5 AA      CMP &AA
     858E   F0 10      BEQ &85A0
     8590   A6 AA      LDX &AA
     8592   85 AA      STA &AA
     8594   D0 0A      BNE &85A0
     8596   20 7A 83   JSR &837A
.cat_newline
     8599   20 7A 83   JSR &837A
     859C   A0 FF      LDY #&FF
     859E   D0 09      BNE &85A9
.cat_samedir
     85A0   A4 A8      LDY &A8
     85A2   D0 F5      BNE &8599
     85A4   A0 05      LDY #&05
     85A6   20 0E 82   JSR &820E
.cat_skipspaces
     85A9   C8         INY
     85AA   84 A8      STY &A8
     85AC   A4 AB      LDY &AB
     85AE   20 18 81   JSR &8118
     85B1   20 DB 81   JSR &81DB
     85B4   4C 27 85   JMP &8527
.diskoptions_table
     85B7   6F 66 66 
     85BA   00
     85BB   4C 4F 41 ...
     85BF   52 55 4E 
     85C2   00
     85C3   45 58 45 ...
.cmdtable1
     85C7   FF
     85C8   41 43 43 ...
     85CE   B2
     85CF   42 41 43 ...
     85D5   8C
     85D6   43 4C 4F ...
     85DB   80
     85DC   43 4F 4D ...
     85E3   85
     85E4   43 4F 50 ...
     85E8   AC
     85E9   44 45 4C ...
     85EF   88
     85F0   44 45 53 ...
     85F7   82
     85F8   44 49 52 
     85FB   86
     85FC   44 52 49 ...
     8601   81
     8602   45 4E 41 ...
     8608   80
     8609   45 58 
     860B   86
     860C   46 4F 52 ...
     8610   DF
     8611   46 52 45 ...
     8615   84
.info_cmd_index
     8616   49 4E 46 ...
     861A   82
     861B   4C 49 42 
     861E   86
     861F   4D 41 50 
     8622   84
     8623   52 45 4E ...
     8629   8D
     862A   54 49 54 ...
     862F   8A
     8630   56 45 52 ...
     8636   85
     8637   57 49 50 ...
     863B   82
     863C   00         BRK
.cmdtable2
     863D   14
     863E   42 55 49 ...
     8643   88
     8644   44 55 4D ...
     8648   88
     8649   4C 49 53 ...
     864D   88
     864E   54 59 50 ...
     8652   88
     8653   00         BRK
.cmdtable22
     8654   19
     8655   44 49 53 ...
     8659   80
     865A   44 49 53 ...
     865E   80
     865F   4D 4D 46 ...
     8663   80
     8664   43 41 52 ...
     8668   80
     8669   00         BRK
.cmdtable3
     866A   1E
     866B   44 55 54 ...
     8671   80
     8672   4D 4D 46 ...
     8676   80
     8677   55 54 49 ...
     867C   80
     867D   00         BRK
.cmdtable4
     867E   22
     867F   41 43 43 ...
     8685   BE
     8686   42 4F 4F ...
     868A   89
     868B   42 55 47 
     868E   80
     868F   43 41 54 
     8692   8E
     8693   44 49 52 
     8696   89
     8697   44 52 49 ...
     869C   80
     869D   49 4E 
     869F   F4
     86A0   4F 55 54 
     86A3   84
     86A4   52 45 4E ...
     86AA   F7
     86AB   41 42 4F ...
     86B0   80
     86B1   00         BRK
.cmdaddr1
     86B2   DA 89
     86B4   1B 9C
     86B6   9B 93
     86B8   BC 9A
     86BA   74 9C
     86BC   A1 87
     86BE   B0 87
     86C0   63 89
     86C2   00 88
     86C4   92 8B
     86C6   4D 82
     86C8   78 1D
     86CA   D4 9E
     86CC   70 82
     86CE   67 89
     86D0   D7 9E
     86D2   F8 8B
     86D4   AE 89
     86D6   74 1D
     86D8   78 87
     86DA   0D 87
.cmdaddr2
     86DC   6E B2
     86DE   C7 B1
     86E0   36 B2
     86E2   32 B2
     86E4   C9 82
.cmdaddr22
     86E6   BD 8C
     86E8   BD 8C
     86EA   C7 8C
     86EC   C7 8C
     86EE   01 8E
.cmdaddr3
     86F0   8B 99
     86F2   4B 99
     86F4   92 99
     86F6   99 99
.cmdaddr4
     86F8   83 2E
     86FA   9A 2C
     86FC   69 27
     86FE   7F 2C
     8700   30 2D
     8702   33 2E
     8704   C9 2C
     8706   03 2E
     8708   C0 2E
     870A   57 A7
     870C   A0 88
.cmdaddrX
.NotCmdTable1
     870E   A2 B7      LDX #&B7
     8710   20 C0 81   JSR &81C0
     8713   B1 F2      LDA (&F2),Y
     8715   C8         INY
     8716   09 20      ORA #&20
     8718   C9 64      CMP #&64
     871A   F0 09      BEQ &8725
     871C   88         DEY
     871D   4C A1 88   JMP &88A1
.fscv3_unreccommand
     8720   20 B9 81   JSR &81B9
     8723   A2 00      LDX #&00
.UnrecCommandTextPointer
     8725   BD C7 85   LDA &85C7,X
     8728   85 BE      STA &BE
     872A   98         TYA
     872B   48         PHA
.unrecloop1
     872C   E6 BE      INC &BE
     872E   68         PLA
     872F   48         PHA
     8730   A8         TAY
     8731   20 C0 81   JSR &81C0
     8734   E8         INX
     8735   BD C7 85   LDA &85C7,X
     8738   F0 28      BEQ &8762
     873A   CA         DEX
     873B   88         DEY
     873C   86 BF      STX &BF
.unrecloop2
     873E   E8         INX
     873F   C8         INY
     8740   BD C7 85   LDA &85C7,X
     8743   30 16      BMI &875B
.unrecloop2in
     8745   51 F2      EOR (&F2),Y
     8747   29 5F      AND #&5F
     8749   F0 F3      BEQ &873E
     874B   CA         DEX
.unrecloop3
     874C   E8         INX
     874D   BD C7 85   LDA &85C7,X
     8750   10 FA      BPL &874C
     8752   B1 F2      LDA (&F2),Y
     8754   C9 2E      CMP #&2E
     8756   D0 D4      BNE &872C
     8758   C8         INY
     8759   B0 07      BCS &8762
.endofcmd_oncmdline
     875B   B1 F2      LDA (&F2),Y
     875D   20 36 83   JSR &8336
     8760   90 CA      BCC &872C
.gocmdcode
     8762   68         PLA
     8763   A5 BE      LDA &BE
     8765   0A         ASL A
     8766   AA         TAX
     8767   BD B3 86   LDA &86B3,X
     876A   10 06      BPL &8772
.gocmdcode2
     876C   48         PHA
     876D   BD B2 86   LDA &86B2,X
     8770   48         PHA
     8771   60         RTS
.dommcinit
     8772   20 F1 A6   JSR &A6F1
     8775   09 80      ORA #&80
     8777   D0 F3      BNE &876C
.CMD_WIPE
     8779   20 2A 82   JSR &822A
.wipeloop
     877C   B9 0F B7   LDA &B70F,Y
     877F   30 1B      BMI &879C
     8781   20 DB 81   JSR &81DB
     8784   20 DA 9B   JSR &9BDA
     8787   D0 13      BNE &879C
     8789   A6 B6      LDX &B6
     878B   20 D4 93   JSR &93D4
     878E   86 B6      STX &B6
     8790   20 F6 87   JSR &87F6
     8793   84 AB      STY &AB
     8795   20 FF A0   JSR &A0FF
     8798   A5 AB      LDA &AB
     879A   85 B6      STA &B6
.wipenext
     879C   20 84 82   JSR &8284
     879F   B0 DB      BCS &877C
     87A1   60         RTS
.CMD_DELETE
     87A2   20 21 92   JSR &9221
     87A5   20 2D 82   JSR &822D
     87A8   20 44 83   JSR &8344
     87AB   20 1A 83   JSR &831A
     87AE   4C FF A0   JMP &A0FF
.CMD_DESTROY
     87B1   20 8B 9B   JSR &9B8B
     87B4   20 2A 82   JSR &822A
.destroyloop1
     87B7   B9 0F B7   LDA &B70F,Y
     87BA   30 06      BMI &87C2
     87BC   20 DB 81   JSR &81DB
     87BF   20 7A 83   JSR &837A
.destroylocked1
     87C2   20 84 82   JSR &8284
     87C5   B0 F0      BCS &87B7
     87C7   20 E2 9B   JSR &9BE2
     87CA   D0 29      BNE &87F5
     87CC   20 D4 93   JSR &93D4
     87CF   20 7D 82   JSR &827D
.destroyloop2
     87D2   B9 0F B7   LDA &B70F,Y
     87D5   30 03      BMI &87DA
     87D7   20 F6 87   JSR &87F6
.destroylocked2
     87DA   20 84 82   JSR &8284
     87DD   B0 F3      BCS &87D2
     87DF   20 FF A0   JSR &A0FF
.msgDELETED
     87E2   20 9B 80   JSR &809B
     87E5   44 65 6C ...
     87EC   0D
.Y_add8
     87ED   C8         INY
.Y_add7
     87EE   C8         INY
     87EF   C8         INY
     87F0   C8         INY
     87F1   C8         INY
     87F2   C8         INY
     87F3   C8         INY
     87F4   C8         INY
.Y_rts
     87F5   60         RTS
.DeleteCatEntry_AdjustPtr
     87F6   20 1A 83   JSR &831A
     87F9   A4 B6      LDY &B6
     87FB   20 C2 82   JSR &82C2
     87FE   84 B6      STY &B6
     8800   60         RTS
.CMD_DRIVE
     8801   20 DC 8B   JSR &8BDC
     8804   8D CA B9   STA &B9CA
     8807   60         RTS
.osfileFF_loadfiletoaddr
     8808   20 35 82   JSR &8235
     880B   20 01 93   JSR &9301
     880E   20 94 83   JSR &8394
.LoadFile_Ycatoffset
     8811   84 BA      STY &BA
     8813   A2 00      LDX #&00
     8815   A5 BE      LDA &BE
     8817   D0 06      BNE &881F
     8819   C8         INY
     881A   C8         INY
     881B   A2 02      LDX #&02
     881D   D0 08      BNE &8827
.loadAtLoadAddr
     881F   B9 0E B8   LDA &B80E,Y
     8822   85 C2      STA &C2
     8824   20 99 8B   JSR &8B99
.load_copyfileinfo_loop
     8827   B9 08 B8   LDA &B808,Y
     882A   95 BC      STA &BC,X
     882C   C8         INY
     882D   E8         INX
     882E   E0 08      CPX #&08
     8830   D0 F5      BNE &8827
     8832   20 B3 8B   JSR &8BB3
     8835   A4 BA      LDY &BA
     8837   20 44 83   JSR &8344
.LoadMemBlockEX
     883A   20 AE A0   JSR &A0AE
.LoadMemBlock
     883D   A9 85      LDA #&85
     883F   D0 0B      BNE &884C
.osfile0_savememblock
     8841   20 7E 8A   JSR &8A7E
     8844   20 01 93   JSR &9301
     8847   20 94 83   JSR &8394
.SaveMemBlock
     884A   A9 A5      LDA #&A5
.exec_block_rw
     884C   8D B6 B9   STA &B9B6
     884F   A9 05      LDA #&05
     8851   8D B5 B9   STA &B9B5
     8854   A5 CD      LDA &CD
     8856   8D B0 B9   STA &B9B0
     8859   A2 02      LDX #&02
.loop0
     885B   B5 BB      LDA &BB,X
     885D   9D B0 B9   STA &B9B0,X
     8860   BD 73 B9   LDA &B973,X
     8863   9D B2 B9   STA &B9B2,X
     8866   CA         DEX
     8867   D0 F2      BNE &885B
     8869   A5 C2      LDA &C2
     886B   29 03      AND #&03
     886D   AA         TAX
     886E   A5 C3      LDA &C3
     8870   A0 FF      LDY #&FF
.loop1
     8872   38         SEC
.loop2
     8873   C8         INY
     8874   E9 0A      SBC #&0A
     8876   B0 FB      BCS &8873
     8878   CA         DEX
     8879   10 F7      BPL &8872
     887B   69 0A      ADC #&0A
     887D   8C B7 B9   STY &B9B7
     8880   8D B8 B9   STA &B9B8
     8883   A5 C1      LDA &C1
     8885   8D B9 B9   STA &B9B9
     8888   A5 C2      LDA &C2
     888A   4A         LSR A
     888B   4A         LSR A
     888C   4A         LSR A
     888D   4A         LSR A
     888E   29 03      AND #&03
     8890   8D BA B9   STA &B9BA
     8893   A5 C0      LDA &C0
     8895   8D BB B9   STA &B9BB
     8898   20 50 A1   JSR &A150
     889B   A9 01      LDA #&01
     889D   60         RTS
.fscv2_4_11_starRUN
     889E   20 B9 81   JSR &81B9
.NotCmdTable4
.SetWordBA_txtptr
     88A1   A9 FF      LDA #&FF
     88A3   85 BE      STA &BE
     88A5   A5 F2      LDA &F2
     88A7   85 BA      STA &BA
     88A9   A5 F3      LDA &F3
     88AB   85 BB      STA &BB
     88AD   8C DA B9   STY &B9DA
     88B0   20 4F 81   JSR &814F
     88B3   8C D9 B9   STY &B9D9
     88B6   20 7D 82   JSR &827D
     88B9   B0 21      BCS &88DC
     88BB   AC DA B9   LDY &B9DA
     88BE   AD CB B9   LDA &B9CB
     88C1   85 CC      STA &CC
     88C3   AD CC B9   LDA &B9CC
     88C6   85 CD      STA &CD
     88C8   20 52 81   JSR &8152
     88CB   20 7D 82   JSR &827D
     88CE   B0 0C      BCS &88DC
.errBADCOMMAND
     88D0   20 54 80   JSR &8054
     88D3   FE
     88D4   63 6F 6D ...
     88DB   00
.runfile_found
     88DC   B9 0E B8   LDA &B80E,Y
     88DF   20 15 82   JSR &8215
     88E2   C9 03      CMP #&03
     88E4   D0 42      BNE &8928
     88E6   B9 0A B8   LDA &B80A,Y
     88E9   39 0B B8   AND &B80B,Y
     88EC   C9 FF      CMP #&FF
     88EE   D0 38      BNE &8928
     88F0   A2 06      LDX #&06
.runfile_exec_loop
     88F2   BD 00 B9   LDA &B900,X
     88F5   9D 07 B9   STA &B907,X
     88F8   CA         DEX
     88F9   10 F7      BPL &88F2
     88FB   A9 0D      LDA #&0D
     88FD   8D 0E B9   STA &B90E
     8900   A9 45      LDA #&45
     8902   8D 00 B9   STA &B900
     8905   A9 3A      LDA #&3A
     8907   8D 02 B9   STA &B902
     890A   A5 CD      LDA &CD
     890C   09 30      ORA #&30
     890E   8D 03 B9   STA &B903
     8911   A9 2E      LDA #&2E
     8913   8D 01 B9   STA &B901
     8916   8D 04 B9   STA &B904
     8919   8D 06 B9   STA &B906
     891C   A5 CC      LDA &CC
     891E   8D 05 B9   STA &B905
     8921   A2 00      LDX #&00
     8923   A0 B9      LDY #&B9
     8925   4C F7 FF   JMP &FFF7
.runfile_run
     8928   20 11 88   JSR &8811
     892B   18         CLC
     892C   AD D9 B9   LDA &B9D9
     892F   A8         TAY
     8930   65 F2      ADC &F2
     8932   8D D9 B9   STA &B9D9
     8935   A5 F3      LDA &F3
     8937   69 00      ADC #&00
     8939   8D DA B9   STA &B9DA
     893C   AD 76 B9   LDA &B976
     893F   2D 77 B9   AND &B977
     8942   0D D6 B9   ORA &B9D6
     8945   C9 FF      CMP #&FF
     8947   F0 16      BEQ &895F
     8949   A5 BE      LDA &BE
     894B   8D 74 B9   STA &B974
     894E   A5 BF      LDA &BF
     8950   8D 75 B9   STA &B975
     8953   20 56 8C   JSR &8C56
     8956   A2 74      LDX #&74
     8958   A0 B9      LDY #&B9
     895A   A9 04      LDA #&04
     895C   4C 06 04   JMP &0406
.runfile_inhost
     895F   A9 01      LDA #&01
     8961   6C BE 00   JMP (&00BE)
.CMD_DIR
     8964   A2 00      LDX #&00
     8966   F0 02      BEQ &896A
.CMD_LIB
     8968   A2 02      LDX #&02
.setdirlib
     896A   20 76 89   JSR &8976
     896D   9D CA B9   STA &B9CA,X
     8970   A5 CC      LDA &CC
     8972   9D C9 B9   STA &B9C9,X
     8975   60         RTS
.ReadDirDrvParameters
     8976   AD C9 B9   LDA &B9C9
     8979   85 CC      STA &CC
     897B   20 C0 81   JSR &81C0
     897E   D0 05      BNE &8985
     8980   A9 00      LDA #&00
     8982   85 CD      STA &CD
     8984   60         RTS
.ReadDirDrvParameters2
     8985   20 CF 8B   JSR &8BCF
.rdd_loop
     8988   20 A5 81   JSR &81A5
     898B   B0 10      BCS &899D
     898D   C9 3A      CMP #&3A
     898F   D0 14      BNE &89A5
     8991   20 DF 8B   JSR &8BDF
     8994   20 A5 81   JSR &81A5
     8997   B0 13      BCS &89AC
     8999   C9 2E      CMP #&2E
     899B   F0 EB      BEQ &8988
.errBADDIRECTORY
     899D   20 54 80   JSR &8054
     89A0   CE
     89A1   64 69 72 
     89A4   00
.rdd_exit2
     89A5   85 CC      STA &CC
     89A7   20 A5 81   JSR &81A5
     89AA   90 F1      BCC &899D
.rdd_exit1
     89AC   A5 CD      LDA &CD
     89AE   60         RTS
.CMD_TITLE
     89AF   20 A6 99   JSR &99A6
     89B2   20 F5 A0   JSR &A0F5
     89B5   A2 0B      LDX #&0B
     89B7   A9 00      LDA #&00
.cmdtit_loop1
     89B9   20 CF 89   JSR &89CF
     89BC   CA         DEX
     89BD   10 FA      BPL &89B9
.cmdtit_loop2
     89BF   E8         INX
     89C0   20 A5 81   JSR &81A5
     89C3   B0 07      BCS &89CC
     89C5   20 CF 89   JSR &89CF
     89C8   E0 0B      CPX #&0B
     89CA   90 F3      BCC &89BF
.cmdtit_savecat
     89CC   4C FF A0   JMP &A0FF
.SetDiskTitleChr_Xpos
     89CF   E0 08      CPX #&08
     89D1   90 04      BCC &89D7
     89D3   9D F8 B7   STA &B7F8,X
     89D6   60         RTS
.setdisttit_page
     89D7   9D 00 B7   STA &B700,X
     89DA   60         RTS
.CMD_ACCESS
     89DB   20 2A 92   JSR &922A
     89DE   20 A6 99   JSR &99A6
     89E1   20 49 81   JSR &8149
     89E4   A2 00      LDX #&00
     89E6   20 C0 81   JSR &81C0
     89E9   D0 1F      BNE &8A0A
.cmdac_flag
     89EB   86 AA      STX &AA
     89ED   20 38 82   JSR &8238
.cmdac_filefound
     89F0   20 E2 92   JSR &92E2
     89F3   B9 0F B7   LDA &B70F,Y
     89F6   29 7F      AND #&7F
     89F8   05 AA      ORA &AA
     89FA   99 0F B7   STA &B70F,Y
     89FD   20 44 83   JSR &8344
     8A00   20 84 82   JSR &8284
     8A03   B0 EB      BCS &89F0
.jmp_savecattodisk
     8A05   4C FF A0   JMP &A0FF
.cmdac_paramloop
     8A08   A2 80      LDX #&80
.cmdac_getparam
     8A0A   20 A5 81   JSR &81A5
     8A0D   B0 DC      BCS &89EB
     8A0F   29 5F      AND #&5F
     8A11   C9 4C      CMP #&4C
     8A13   F0 F3      BEQ &8A08
.errBADATTRIBUTE
     8A15   20 54 80   JSR &8054
     8A18   CF
     8A19   61 74 74 ...
     8A22   00
.fscv0_starOPT
     8A23   20 F3 83   JSR &83F3
     8A26   8A         TXA
     8A27   C9 04      CMP #&04
     8A29   F0 1E      BEQ &8A49
     8A2B   C9 05      CMP #&05
     8A2D   F0 34      BEQ &8A63
     8A2F   C9 02      CMP #&02
     8A31   90 0B      BCC &8A3E
.errBADOPTION
     8A33   20 54 80   JSR &8054
     8A36   CB
     8A37   6F 70 74 ...
     8A3D   00
.opts0_1
     8A3E   A2 FF      LDX #&FF
     8A40   98         TYA
     8A41   F0 02      BEQ &8A45
     8A43   A2 00      LDX #&00
.opts0_1_Y0
     8A45   8E C6 B9   STX &B9C6
     8A48   60         RTS
.SetBootOption_Yoption
     8A49   98         TYA
     8A4A   48         PHA
     8A4B   20 CA 8B   JSR &8BCA
     8A4E   20 FB A0   JSR &A0FB
     8A51   68         PLA
     8A52   20 25 82   JSR &8225
     8A55   4D 06 B8   EOR &B806
     8A58   29 30      AND #&30
     8A5A   4D 06 B8   EOR &B806
     8A5D   8D 06 B8   STA &B806
     8A60   4C FF A0   JMP &A0FF
.DiskTrapOption
     8A63   98         TYA
     8A64   08         PHP
     8A65   A6 F4      LDX &F4
     8A67   BD F0 0D   LDA &0DF0,X
     8A6A   29 BF      AND #&BF
     8A6C   28         PLP
     8A6D   F0 02      BEQ &8A71
     8A6F   09 40      ORA #&40
.skip
     8A71   9D F0 0D   STA &0DF0,X
     8A74   60         RTS
.errDISKFULL
     8A75   20 49 80   JSR &8049
     8A78   C6
     8A79   66 75 6C ...
     8A7D   00
.CreateFile_FSP
     8A7E   20 4F 81   JSR &814F
     8A81   20 7D 82   JSR &827D
     8A84   90 03      BCC &8A89
     8A86   20 1A 83   JSR &831A
.createfile_nodel
     8A89   A5 C0      LDA &C0
     8A8B   48         PHA
     8A8C   A5 C1      LDA &C1
     8A8E   48         PHA
     8A8F   38         SEC
     8A90   A5 C2      LDA &C2
     8A92   E5 C0      SBC &C0
     8A94   85 C0      STA &C0
     8A96   A5 C3      LDA &C3
     8A98   E5 C1      SBC &C1
     8A9A   85 C1      STA &C1
     8A9C   AD 7A B9   LDA &B97A
     8A9F   ED 78 B9   SBC &B978
     8AA2   20 D3 8A   JSR &8AD3
     8AA5   AD 79 B9   LDA &B979
     8AA8   8D 75 B9   STA &B975
     8AAB   AD 78 B9   LDA &B978
     8AAE   8D 74 B9   STA &B974
     8AB1   68         PLA
     8AB2   85 BD      STA &BD
     8AB4   68         PLA
     8AB5   85 BC      STA &BC
     8AB7   60         RTS
.CreateFile_3
     8AB8   85 CD      STA &CD
     8ABA   A5 CC      LDA &CC
     8ABC   48         PHA
     8ABD   20 F8 A0   JSR &A0F8
     8AC0   20 88 82   JSR &8288
     8AC3   90 03      BCC &8AC8
     8AC5   20 1A 83   JSR &831A
.cd_writedest_cat_nodel
     8AC8   68         PLA
     8AC9   85 CC      STA &CC
     8ACB   20 B0 8B   JSR &8BB0
     8ACE   A5 C2      LDA &C2
     8AD0   20 17 82   JSR &8217
.CreateFile_2
     8AD3   85 C4      STA &C4
     8AD5   A9 00      LDA #&00
     8AD7   85 C2      STA &C2
     8AD9   A9 02      LDA #&02
     8ADB   85 C3      STA &C3
     8ADD   AC 05 B8   LDY &B805
     8AE0   C0 F8      CPY #&F8
     8AE2   90 31      BCC &8B15
.errCATALOGUEFULL
     8AE4   20 5E 80   JSR &805E
     8AE7   BE
     8AE8   43 61 74 ...
     8AF0   00
.cfile_loop
     8AF1   F0 82      BEQ &8A75
     8AF3   20 C2 82   JSR &82C2
     8AF6   B9 0E B8   LDA &B80E,Y
     8AF9   20 17 82   JSR &8217
     8AFC   85 C2      STA &C2
     8AFE   18         CLC
     8AFF   A9 FF      LDA #&FF
     8B01   79 0C B8   ADC &B80C,Y
     8B04   B9 0F B8   LDA &B80F,Y
     8B07   79 0D B8   ADC &B80D,Y
     8B0A   85 C3      STA &C3
     8B0C   B9 0E B8   LDA &B80E,Y
     8B0F   29 03      AND #&03
     8B11   65 C2      ADC &C2
     8B13   85 C2      STA &C2
.Getfirstblock_Yoffset
     8B15   38         SEC
     8B16   B9 07 B8   LDA &B807,Y
     8B19   E5 C3      SBC &C3
     8B1B   48         PHA
     8B1C   B9 06 B8   LDA &B806,Y
     8B1F   29 03      AND #&03
     8B21   E5 C2      SBC &C2
     8B23   AA         TAX
     8B24   A9 00      LDA #&00
     8B26   C5 C0      CMP &C0
     8B28   68         PLA
     8B29   E5 C1      SBC &C1
     8B2B   8A         TXA
     8B2C   E5 C4      SBC &C4
     8B2E   98         TYA
     8B2F   90 C0      BCC &8AF1
     8B31   84 B0      STY &B0
     8B33   AC 05 B8   LDY &B805
.cfile_insertfileloop
     8B36   C4 B0      CPY &B0
     8B38   F0 0F      BEQ &8B49
     8B3A   B9 07 B7   LDA &B707,Y
     8B3D   99 0F B7   STA &B70F,Y
     8B40   B9 07 B8   LDA &B807,Y
     8B43   99 0F B8   STA &B80F,Y
     8B46   88         DEY
     8B47   B0 ED      BCS &8B36
.cfile_atcatentry
     8B49   AD 76 B9   LDA &B976
     8B4C   29 03      AND #&03
     8B4E   0A         ASL A
     8B4F   0A         ASL A
     8B50   45 C4      EOR &C4
     8B52   29 FC      AND #&FC
     8B54   45 C4      EOR &C4
     8B56   0A         ASL A
     8B57   0A         ASL A
     8B58   4D 74 B9   EOR &B974
     8B5B   29 FC      AND #&FC
     8B5D   4D 74 B9   EOR &B974
     8B60   0A         ASL A
     8B61   0A         ASL A
     8B62   45 C2      EOR &C2
     8B64   29 FC      AND #&FC
     8B66   45 C2      EOR &C2
     8B68   85 C2      STA &C2
     8B6A   A2 00      LDX #&00
     8B6C   98         TYA
     8B6D   48         PHA
.cfile_copyfnloop
     8B6E   B5 C5      LDA &C5,X
     8B70   99 08 B7   STA &B708,Y
     8B73   B5 BC      LDA &BC,X
     8B75   99 08 B8   STA &B808,Y
     8B78   C8         INY
     8B79   E8         INX
     8B7A   E0 08      CPX #&08
     8B7C   D0 F0      BNE &8B6E
     8B7E   68         PLA
     8B7F   A8         TAY
     8B80   48         PHA
     8B81   20 44 83   JSR &8344
     8B84   AC 05 B8   LDY &B805
     8B87   20 ED 87   JSR &87ED
     8B8A   8C 05 B8   STY &B805
     8B8D   20 FF A0   JSR &A0FF
     8B90   68         PLA
     8B91   A8         TAY
     8B92   60         RTS
.CMD_ENABLE
     8B93   A9 01      LDA #&01
     8B95   8D C7 B9   STA &B9C7
     8B98   60         RTS
.LoadAddrHi2
     8B99   A9 00      LDA #&00
     8B9B   8D 75 B9   STA &B975
     8B9E   A5 C2      LDA &C2
     8BA0   29 08      AND #&08
     8BA2   8D 74 B9   STA &B974
     8BA5   F0 08      BEQ &8BAF
.SetLoadAddrToHost
     8BA7   A9 FF      LDA #&FF
     8BA9   8D 75 B9   STA &B975
     8BAC   8D 74 B9   STA &B974
.ldadd_nothost
     8BAF   60         RTS
.LoadandEexeAddrHi2
     8BB0   20 99 8B   JSR &8B99
.ExecAddrHi2
     8BB3   A9 00      LDA #&00
     8BB5   8D 77 B9   STA &B977
     8BB8   A5 C2      LDA &C2
     8BBA   20 15 82   JSR &8215
     8BBD   C9 03      CMP #&03
     8BBF   D0 05      BNE &8BC6
     8BC1   A9 FF      LDA #&FF
     8BC3   8D 77 B9   STA &B977
.exadd_nothost
     8BC6   8D 76 B9   STA &B976
     8BC9   60         RTS
.Set_CurDirDrv_ToDefaults
     8BCA   AD C9 B9   LDA &B9C9
     8BCD   85 CC      STA &CC
.Set_CurDrv_ToDefault
     8BCF   AD CA B9   LDA &B9CA
.SetCurrentDrive_Adrive
     8BD2   29 03      AND #&03
.SetCurrentDrive_Adrive_noand
     8BD4   85 CD      STA &CD
     8BD6   60         RTS
.Param_OptionalDriveNo
     8BD7   20 C0 81   JSR &81C0
     8BDA   F0 F3      BEQ &8BCF
.Param_DriveNo_Syntax
     8BDC   20 A6 99   JSR &99A6
.Param_DriveNo_BadDrive
     8BDF   20 A5 81   JSR &81A5
     8BE2   B0 0B      BCS &8BEF
     8BE4   C9 3A      CMP #&3A
     8BE6   F0 F7      BEQ &8BDF
     8BE8   38         SEC
     8BE9   E9 30      SBC #&30
     8BEB   C9 04      CMP #&04
     8BED   90 E5      BCC &8BD4
.errBADDRIVE
     8BEF   20 54 80   JSR &8054
     8BF2   CD
     8BF3   64 72 69 ...
     8BF8   00
.CMD_RENAME
     8BF9   20 21 92   JSR &9221
     8BFC   20 A6 99   JSR &99A6
     8BFF   20 49 81   JSR &8149
     8C02   98         TYA
     8C03   48         PHA
     8C04   20 38 82   JSR &8238
     8C07   20 DF 92   JSR &92DF
     8C0A   84 C4      STY &C4
     8C0C   68         PLA
     8C0D   A8         TAY
     8C0E   20 A6 99   JSR &99A6
     8C11   A5 CD      LDA &CD
     8C13   48         PHA
     8C14   20 49 81   JSR &8149
     8C17   68         PLA
     8C18   C5 CD      CMP &CD
     8C1A   D0 14      BNE &8C30
     8C1C   20 7D 82   JSR &827D
     8C1F   90 12      BCC &8C33
     8C21   C4 C4      CPY &C4
     8C23   F0 0E      BEQ &8C33
.errFILEEXISTS
     8C25   20 5E 80   JSR &805E
     8C28   C4
     8C29   45 78 69 ...
     8C2F   00
.jmpBADDRIVE
     8C30   4C EF 8B   JMP &8BEF
.rname_ok
     8C33   A4 C4      LDY &C4
     8C35   20 ED 87   JSR &87ED
     8C38   A2 07      LDX #&07
.rname_loop
     8C3A   B5 C5      LDA &C5,X
     8C3C   99 07 B7   STA &B707,Y
     8C3F   88         DEY
     8C40   CA         DEX
     8C41   10 F7      BPL &8C3A
     8C43   4C FF A0   JMP &A0FF
.TUBE_CheckIfPresent
     8C46   A9 EA      LDA #&EA
     8C48   A2 00      LDX #&00
     8C4A   A0 FF      LDY #&FF
     8C4C   20 F4 FF   JSR &FFF4
     8C4F   8A         TXA
     8C50   49 FF      EOR #&FF
     8C52   8D D6 B9   STA &B9D6
     8C55   60         RTS
.TUBE_CLAIM
     8C56   48         PHA
.tclaim_loop
     8C57   A9 CA      LDA #&CA
     8C59   20 06 04   JSR &0406
     8C5C   90 F9      BCC &8C57
     8C5E   68         PLA
     8C5F   60         RTS
.TUBE_RELEASE
     8C60   20 46 8C   JSR &8C46
     8C63   30 07      BMI &8C6C
.TUBE_RELEASE_NoCheck
     8C65   48         PHA
     8C66   A9 8A      LDA #&8A
     8C68   20 06 04   JSR &0406
     8C6B   68         PLA
.trelease_exit
     8C6C   60         RTS
.CheckESCAPE
     8C6D   24 FF      BIT &FF
     8C6F   10 1F      BPL &8C90
.ReportESCAPE
     8C71   A9 7E      LDA #&7E
     8C73   20 F4 FF   JSR &FFF4
     8C76   20 6E 80   JSR &806E
     8C79   11
     8C7A   45 73 63 ...
     8C80   00
.PrintHex100
     8C81   48         PHA
     8C82   20 1F 82   JSR &821F
     8C85   20 89 8C   JSR &8C89
     8C88   68         PLA
.PrintNib100
     8C89   20 24 81   JSR &8124
     8C8C   9D 00 01   STA &0100,X
     8C8F   E8         INX
.noesc
     8C90   60         RTS
.BootOptions
     8C91   4C 2E 21 ...
     8C98   0D
     8C99   45 2E 21 ...
     8CA0   0D
.AUTOBOOT
     8CA1   A5 B3      LDA &B3
     8CA3   20 9B 80   JSR &809B
Macro BOOT_NAME:
Macro BASE_NAME:
     8CA6   45 6C 65 ...
Macro SYSTEM_NAME:
     8CAF   4D 4D 46 ...
End macro SYSTEM_NAME
     8CB4   20 53 57 ...
End macro BASE_NAME
Macro DEVICE_NAME:
End macro DEVICE_NAME
Macro DFS_EMUL_NAME:
End macro DFS_EMUL_NAME
     8CBA   0D
     8CBB   0D
End macro BOOT_NAME
     8CBC   90 0C      BCC &8CCA
.CMD_DISC
     8CBE   A6 F4      LDX &F4
     8CC0   BD F0 0D   LDA &0DF0,X
     8CC3   29 40      AND #&40
     8CC5   F0 01      BEQ &8CC8
     8CC7   60         RTS
.CMD_CARD
     8CC8   A9 FF      LDA #&FF
.initMMFS
     8CCA   20 BC 95   JSR &95BC
     8CCD   48         PHA
     8CCE   A9 06      LDA #&06
     8CD0   20 32 80   JSR &8032
     8CD3   A2 0D      LDX #&0D
.vectloop
     8CD5   BD 29 93   LDA &9329,X
     8CD8   9D 12 02   STA &0212,X
     8CDB   CA         DEX
     8CDC   10 F7      BPL &8CD5
     8CDE   A9 A8      LDA #&A8
     8CE0   20 22 93   JSR &9322
     8CE3   84 B1      STY &B1
     8CE5   86 B0      STX &B0
     8CE7   A2 07      LDX #&07
     8CE9   A0 1B      LDY #&1B
.extendedvec_loop
     8CEB   B9 1C 93   LDA &931C,Y
     8CEE   91 B0      STA (&B0),Y
     8CF0   C8         INY
     8CF1   B9 1C 93   LDA &931C,Y
     8CF4   91 B0      STA (&B0),Y
     8CF6   C8         INY
     8CF7   A5 F4      LDA &F4
     8CF9   91 B0      STA (&B0),Y
     8CFB   C8         INY
     8CFC   CA         DEX
     8CFD   D0 EC      BNE &8CEB
     8CFF   8C 82 B9   STY &B982
     8D02   8C 83 B9   STY &B983
     8D05   86 CD      STX &CD
     8D07   8E AF B9   STX &B9AF
     8D0A   A2 0F      LDX #&0F
     8D0C   A9 8F      LDA #&8F
     8D0E   20 F4 FF   JSR &FFF4
     8D11   AD D3 B9   LDA &B9D3
     8D14   30 2F      BMI &8D45
     8D16   A9 FF      LDA #&FF
     8D18   8D D3 B9   STA &B9D3
.setdefaults
     8D1B   A9 20      LDA #&20
     8D1D   8D C0 BA   STA &BAC0
     8D20   8D D0 BA   STA &BAD0
     8D23   A9 24      LDA #&24
     8D25   8D C9 B9   STA &B9C9
     8D28   8D CB B9   STA &B9CB
     8D2B   A9 00      LDA #&00
     8D2D   8D CC B9   STA &B9CC
     8D30   A0 00      LDY #&00
     8D32   8C CA B9   STY &B9CA
     8D35   8C C0 B9   STY &B9C0
     8D38   88         DEY
     8D39   8C C7 B9   STY &B9C7
     8D3C   8C C6 B9   STY &B9C6
     8D3F   8C DD B9   STY &B9DD
     8D42   20 79 8D   JSR &8D79
.initdfs_noreset
     8D45   20 46 8C   JSR &8C46
     8D48   A9 FD      LDA #&FD
     8D4A   20 22 93   JSR &9322
     8D4D   E0 00      CPX #&00
     8D4F   F0 06      BEQ &8D57
     8D51   20 F1 A6   JSR &A6F1
     8D54   20 D7 AC   JSR &ACD7
.skipautoload
     8D57   68         PLA
     8D58   D0 0B      BNE &8D65
     8D5A   20 FB A0   JSR &A0FB
     8D5D   AD 06 B8   LDA &B806
     8D60   20 1F 82   JSR &821F
     8D63   D0 01      BNE &8D66
.initdfs_exit
     8D65   60         RTS
.notOPT0
     8D66   A0 8C      LDY #&8C
     8D68   A2 91      LDX #&91
     8D6A   C9 02      CMP #&02
     8D6C   90 08      BCC &8D76
     8D6E   F0 04      BEQ &8D74
     8D70   A2 99      LDX #&99
     8D72   D0 02      BNE &8D76
.oscliOPT2
     8D74   A2 9B      LDX #&9B
.jmpOSCLI
     8D76   4C F7 FF   JMP &FFF7
.VIDRESET
     8D79   A0 0F      LDY #&0F
     8D7B   A9 00      LDA #&00
.loop
     8D7D   99 E0 B9   STA &B9E0,Y
     8D80   88         DEY
     8D81   10 FA      BPL &8D7D
     8D83   A9 01      LDA #&01
     8D85   8D F0 B9   STA &B9F0
     8D88   60         RTS
.MMFS_SERVICECALLS
     8D89   48         PHA
     8D8A   BD F0 0D   LDA &0DF0,X
     8D8D   30 1E      BMI &8DAD
.lbl1
     8D8F   68         PLA
     8D90   C9 12      CMP #&12
     8D92   F0 31      BEQ &8DC5
     8D94   C9 0B      CMP #&0B
     8D96   B0 14      BCS &8DAC
.label4
     8D98   0A         ASL A
     8D99   AA         TAX
     8D9A   BD B0 8D   LDA &8DB0,X
     8D9D   48         PHA
     8D9E   BD AF 8D   LDA &8DAF,X
     8DA1   48         PHA
     8DA2   8A         TXA
     8DA3   A6 F4      LDX &F4
     8DA5   4A         LSR A
     8DA6   C9 0B      CMP #&0B
     8DA8   90 02      BCC &8DAC
     8DAA   69 15      ADC #&15
.label3
.SERVICE_NULL
     8DAC   60         RTS
.romdisabled
     8DAD   68         PLA
     8DAE   60         RTS
.data
     8DAF   AB 8D
     8DB1   AB 8D
     8DB3   CE 8D
     8DB5   E0 8D
     8DB7   F9 8D
     8DB9   AB 8D
     8DBB   AB 8D
     8DBD   AB 8D
     8DBF   05 8E
     8DC1   63 8E
     8DC3   AB 8D
.SERVICE12_init_filesystem
Macro BP12K_NEST:
End macro BP12K_NEST
     8DC5   C0 04      CPY #&04
     8DC7   D0 E3      BNE &8DAC
     8DC9   20 F3 83   JSR &83F3
     8DCC   4C C8 8C   JMP &8CC8
.SERVICE02_claim_privworkspace
     8DCF   98         TYA
     8DD0   48         PHA
     8DD1   A9 FD      LDA #&FD
     8DD3   20 22 93   JSR &9322
     8DD6   CA         DEX
     8DD7   8E D3 B9   STX &B9D3
     8DDA   A6 F4      LDX &F4
     8DDC   68         PLA
     8DDD   A8         TAY
     8DDE   A9 02      LDA #&02
.srv3_exit
     8DE0   60         RTS
.SERVICE03_autoboot
Macro BP12K_NEST:
End macro BP12K_NEST
     8DE1   20 F3 83   JSR &83F3
     8DE4   84 B3      STY &B3
     8DE6   A9 7A      LDA #&7A
     8DE8   20 F4 FF   JSR &FFF4
     8DEB   8A         TXA
     8DEC   30 09      BMI &8DF7
     8DEE   C9 65      CMP #&65
     8DF0   D0 EE      BNE &8DE0
     8DF2   A9 78      LDA #&78
     8DF4   20 F4 FF   JSR &FFF4
.jmpAUTOBOOT
     8DF7   4C A1 8C   JMP &8CA1
.SERVICE04_unrec_command
Macro BP12K_NEST:
End macro BP12K_NEST
     8DFA   20 F3 83   JSR &83F3
     8DFD   A2 8D      LDX #&8D
.jmpunreccmd
     8DFF   4C 25 87   JMP &8725
.NotCmdTable22
     8E02   A2 76      LDX #&76
     8E04   D0 F9      BNE &8DFF
.SERVICE08_unrec_OSWORD
Macro BP12K_NEST:
End macro BP12K_NEST
     8E06   20 F3 83   JSR &83F3
     8E09   A4 EF      LDY &EF
     8E0B   30 2F      BMI &8E3C
     8E0D   C0 7D      CPY #&7D
     8E0F   90 2B      BCC &8E3C
     8E11   AD 13 02   LDA &0213
     8E14   C9 FF      CMP #&FF
     8E16   D0 24      BNE &8E3C
     8E18   AD 12 02   LDA &0212
     8E1B   C9 1B      CMP #&1B
     8E1D   D0 1D      BNE &8E3C
     8E1F   AD BC 0D   LDA &0DBC
     8E22   C5 F4      CMP &F4
     8E24   D0 16      BNE &8E3C
     8E26   20 BC 95   JSR &95BC
     8E29   A6 F0      LDX &F0
     8E2B   86 B0      STX &B0
     8E2D   A6 F1      LDX &F1
     8E2F   86 B1      STX &B1
     8E31   A4 EF      LDY &EF
     8E33   C8         INY
     8E34   10 07      BPL &8E3D
     8E36   08         PHP
     8E37   58         CLI
     8E38   20 43 B0   JSR &B043
     8E3B   28         PLP
.notMMFS
.exit
     8E3C   60         RTS
.notOSWORD7F
     8E3D   20 F5 A0   JSR &A0F5
     8E40   C8         INY
     8E41   30 08      BMI &8E4B
     8E43   A0 00      LDY #&00
     8E45   AD 04 B8   LDA &B804
     8E48   91 B0      STA (&B0),Y
     8E4A   60         RTS
.OSWORD7E
     8E4B   A9 00      LDA #&00
     8E4D   A8         TAY
     8E4E   91 B0      STA (&B0),Y
     8E50   C8         INY
     8E51   AD 07 B8   LDA &B807
     8E54   91 B0      STA (&B0),Y
     8E56   C8         INY
     8E57   AD 06 B8   LDA &B806
     8E5A   29 03      AND #&03
     8E5C   91 B0      STA (&B0),Y
     8E5E   C8         INY
     8E5F   A9 00      LDA #&00
     8E61   91 B0      STA (&B0),Y
     8E63   60         RTS
.SERVICE09_help
     8E64   20 F3 83   JSR &83F3
     8E67   B1 F2      LDA (&F2),Y
     8E69   A2 A3      LDX #&A3
     8E6B   C9 0D      CMP #&0D
     8E6D   D0 90      BNE &8DFF
     8E6F   98         TYA
     8E70   A0 03      LDY #&03
     8E72   4C 51 99   JMP &9951
.FILEV_ENTRY
     8E75   20 1C 84   JSR &841C
     8E78   48         PHA
     8E79   20 21 92   JSR &9221
     8E7C   86 B0      STX &B0
     8E7E   8E DB B9   STX &B9DB
     8E81   84 B1      STY &B1
     8E83   8C DC B9   STY &B9DC
     8E86   A2 00      LDX #&00
     8E88   A0 00      LDY #&00
     8E8A   20 3F 81   JSR &813F
.filev_copyparams_loop
     8E8D   20 2F 81   JSR &812F
     8E90   C0 12      CPY #&12
     8E92   D0 F9      BNE &8E8D
     8E94   68         PLA
     8E95   AA         TAX
     8E96   E8         INX
     8E97   E0 08      CPX #&08
     8E99   B0 08      BCS &8EA3
     8E9B   BD 6C 93   LDA &936C,X
     8E9E   48         PHA
     8E9F   BD 64 93   LDA &9364,X
     8EA2   48         PHA
.filev_unknownop
     8EA3   A9 00      LDA #&00
     8EA5   60         RTS
.FSCV_ENTRY
     8EA6   C9 0C      CMP #&0C
     8EA8   B0 F9      BCS &8EA3
     8EAA   86 B5      STX &B5
     8EAC   AA         TAX
     8EAD   BD 58 93   LDA &9358,X
     8EB0   48         PHA
     8EB1   BD 4C 93   LDA &934C,X
     8EB4   48         PHA
     8EB5   8A         TXA
     8EB6   A6 B5      LDX &B5
     8EB8   60         RTS
.GBPBV_ENTRY
     8EB9   C9 09      CMP #&09
     8EBB   B0 1D      BCS &8EDA
     8EBD   20 F3 83   JSR &83F3
     8EC0   20 BC 95   JSR &95BC
     8EC3   8E 7D B9   STX &B97D
     8EC6   8C 7E B9   STY &B97E
     8EC9   A8         TAY
     8ECA   4C 7B 90   JMP &907B
.upgbpb
     8ECD   20 DB 8E   JSR &8EDB
     8ED0   08         PHP
     8ED1   2C 81 B9   BIT &B981
     8ED4   10 03      BPL &8ED9
     8ED6   20 65 8C   JSR &8C65
.gbpb_nottube
     8ED9   28         PLP
.gbpbv_unrecop
     8EDA   60         RTS
.gbpb_gosub
     8EDB   B9 74 93   LDA &9374,Y
     8EDE   8D D7 B9   STA &B9D7
     8EE1   B9 7D 93   LDA &937D,Y
     8EE4   8D D8 B9   STA &B9D8
     8EE7   B9 86 93   LDA &9386,Y
     8EEA   4A         LSR A
     8EEB   08         PHP
     8EEC   4A         LSR A
     8EED   08         PHP
     8EEE   8D 7F B9   STA &B97F
     8EF1   A0 0C      LDY #&0C
.gbpb_ctlblk_loop
     8EF3   B1 B4      LDA (&B4),Y
     8EF5   99 60 B9   STA &B960,Y
     8EF8   88         DEY
     8EF9   10 F8      BPL &8EF3
     8EFB   AD 63 B9   LDA &B963
     8EFE   2D 64 B9   AND &B964
     8F01   0D D6 B9   ORA &B9D6
     8F04   18         CLC
     8F05   69 01      ADC #&01
     8F07   F0 06      BEQ &8F0F
     8F09   20 56 8C   JSR &8C56
     8F0C   18         CLC
     8F0D   A9 FF      LDA #&FF
.gbpb_nottube1
     8F0F   8D 81 B9   STA &B981
     8F12   AD 7F B9   LDA &B97F
     8F15   B0 07      BCS &8F1E
     8F17   A2 61      LDX #&61
     8F19   A0 B9      LDY #&B9
     8F1B   20 06 04   JSR &0406
.gbpb_nottube2
     8F1E   28         PLP
     8F1F   B0 04      BCS &8F25
     8F21   28         PLP
.gbpb_jmpsub
     8F22   6C D7 B9   JMP (&B9D7)
.gbpb_rw_seqptr
     8F25   A2 03      LDX #&03
.gbpb_seqptr_loop1
     8F27   BD 69 B9   LDA &B969,X
     8F2A   95 B6      STA &B6,X
     8F2C   CA         DEX
     8F2D   10 F8      BPL &8F27
     8F2F   A2 B6      LDX #&B6
     8F31   AC 60 B9   LDY &B960
     8F34   A9 00      LDA #&00
     8F36   28         PLP
     8F37   B0 03      BCS &8F3C
     8F39   20 A2 98   JSR &98A2
.gpbp_dontwriteseqptr
     8F3C   20 07 96   JSR &9607
     8F3F   A2 03      LDX #&03
.gbpb_seqptr_loop2
     8F41   B5 B6      LDA &B6,X
     8F43   9D 69 B9   STA &B969,X
     8F46   CA         DEX
     8F47   10 F8      BPL &8F41
.gbpb_rwdata
     8F49   20 19 90   JSR &9019
     8F4C   30 0D      BMI &8F5B
.gbpb_data_loop
     8F4E   AC 60 B9   LDY &B960
     8F51   20 22 8F   JSR &8F22
     8F54   B0 0D      BCS &8F63
     8F56   A2 09      LDX #&09
     8F58   20 54 90   JSR &9054
.gbpb_data_loopin
     8F5B   A2 05      LDX #&05
     8F5D   20 54 90   JSR &9054
     8F60   D0 EC      BNE &8F4E
     8F62   18         CLC
.gbpb_data_loopout
     8F63   08         PHP
     8F64   20 19 90   JSR &9019
     8F67   A2 05      LDX #&05
     8F69   20 54 90   JSR &9054
     8F6C   20 27 90   JSR &9027
     8F6F   A0 0C      LDY #&0C
.gbpb_restorectlblk_loop
     8F71   B9 60 B9   LDA &B960,Y
     8F74   91 B4      STA (&B4),Y
     8F76   88         DEY
     8F77   10 F8      BPL &8F71
     8F79   28         PLP
     8F7A   60         RTS
.gbpb8_rdfilescurdir
     8F7B   20 EA A0   JSR &A0EA
     8F7E   A9 8A      LDA #&8A
     8F80   8D D7 B9   STA &B9D7
     8F83   A9 8F      LDA #&8F
     8F85   8D D8 B9   STA &B9D8
     8F88   D0 BF      BNE &8F49
.gbpb8_getbyte
     8F8A   AC 69 B9   LDY &B969
.gbpb8_loop
     8F8D   CC 05 B8   CPY &B805
     8F90   B0 28      BCS &8FBA
     8F92   B9 0F B7   LDA &B70F,Y
     8F95   20 36 83   JSR &8336
     8F98   45 CC      EOR &CC
     8F9A   B0 02      BCS &8F9E
     8F9C   29 DF      AND #&DF
.gbpb8_notalpha
     8F9E   29 7F      AND #&7F
     8FA0   F0 05      BEQ &8FA7
     8FA2   20 ED 87   JSR &87ED
     8FA5   D0 E6      BNE &8F8D
.gbpb8_filefound
     8FA7   A9 07      LDA #&07
     8FA9   20 40 90   JSR &9040
     8FAC   85 B0      STA &B0
.gbpb8_copyfn_loop
     8FAE   B9 08 B7   LDA &B708,Y
     8FB1   20 40 90   JSR &9040
     8FB4   C8         INY
     8FB5   C6 B0      DEC &B0
     8FB7   D0 F5      BNE &8FAE
     8FB9   18         CLC
.gbpb8_endofcat
     8FBA   8C 69 B9   STY &B969
     8FBD   AD 04 B8   LDA &B804
     8FC0   8D 60 B9   STA &B960
     8FC3   60         RTS
.gbpb5_getmediatitle
     8FC4   20 EA A0   JSR &A0EA
     8FC7   A9 0C      LDA #&0C
     8FC9   20 40 90   JSR &9040
     8FCC   A0 00      LDY #&00
.gbpb5_titleloop
     8FCE   C0 08      CPY #&08
     8FD0   B0 05      BCS &8FD7
     8FD2   B9 00 B7   LDA &B700,Y
     8FD5   90 03      BCC &8FDA
.gbpb5_titlehi
     8FD7   B9 F8 B7   LDA &B7F8,Y
.gbpb5_titlelo
     8FDA   20 40 90   JSR &9040
     8FDD   C8         INY
     8FDE   C0 0C      CPY #&0C
     8FE0   D0 EC      BNE &8FCE
     8FE2   AD 06 B8   LDA &B806
     8FE5   20 1F 82   JSR &821F
     8FE8   20 40 90   JSR &9040
     8FEB   A5 CD      LDA &CD
     8FED   4C 40 90   JMP &9040
.gbpb6_rdcurdirdevice
     8FF0   20 37 90   JSR &9037
     8FF3   AD CA B9   LDA &B9CA
     8FF6   20 32 90   JSR &9032
     8FF9   AD C9 B9   LDA &B9C9
     8FFC   D0 42      BNE &9040
.gbpb7_rdcurlibdevice
     8FFE   20 37 90   JSR &9037
     9001   AD CC B9   LDA &B9CC
     9004   20 32 90   JSR &9032
     9007   AD CB B9   LDA &B9CB
     900A   D0 34      BNE &9040
.gpbp_B8memptr
     900C   AE 61 B9   LDX &B961
     900F   86 B8      STX &B8
     9011   AE 62 B9   LDX &B962
     9014   86 B9      STX &B9
     9016   A2 00      LDX #&00
     9018   60         RTS
.gbpb_bytesxferinvert
     9019   A2 03      LDX #&03
.gbpb_bytesxferinvert_loop
     901B   A9 FF      LDA #&FF
     901D   5D 65 B9   EOR &B965,X
     9020   9D 65 B9   STA &B965,X
     9023   CA         DEX
     9024   10 F5      BPL &901B
     9026   60         RTS
.gbpb_wordB4_word107D
     9027   AD 7D B9   LDA &B97D
     902A   85 B4      STA &B4
     902C   AD 7E B9   LDA &B97E
     902F   85 B5      STA &B5
     9031   60         RTS
.gbpb_gb_SAVEBYTE_and_gbpb_SAVE_01
     9032   09 30      ORA #&30
     9034   20 40 90   JSR &9040
.gbpb_SAVE_01
     9037   A9 01      LDA #&01
     9039   D0 05      BNE &9040
.gbpb_getbyteSAVEBYTE
     903B   20 15 97   JSR &9715
     903E   B0 1F      BCS &905F
.gbpb_gb_SAVEBYTE
     9040   2C 81 B9   BIT &B981
     9043   10 05      BPL &904A
     9045   8D E5 FC   STA &FCE5
     9048   30 05      BMI &904F
.gBpb_gb_fromhost
     904A   20 0C 90   JSR &900C
     904D   81 B8      STA (&B8,X)
.gbpb_incDataPtr
     904F   20 F3 83   JSR &83F3
     9052   A2 01      LDX #&01
.gbpb_incdblword1060X
     9054   A0 04      LDY #&04
.gbpb_incdblword_loop
     9056   FE 60 B9   INC &B960,X
     9059   D0 04      BNE &905F
     905B   E8         INX
     905C   88         DEY
     905D   D0 F7      BNE &9056
.gbpb_incdblworkd_exit
     905F   60         RTS
.gbpb_putbytes
     9060   20 68 90   JSR &9068
     9063   20 D2 97   JSR &97D2
     9066   18         CLC
     9067   60         RTS
.gpbp_pb_LOADBYTE
     9068   2C 81 B9   BIT &B981
     906B   10 06      BPL &9073
     906D   AD E5 FC   LDA &FCE5
     9070   4C 4F 90   JMP &904F
.gbpb_pb_fromhost
     9073   20 0C 90   JSR &900C
     9076   A1 B8      LDA (&B8,X)
     9078   4C 4F 90   JMP &904F
.fastgb
     907B   20 27 90   JSR &9027
     907E   B9 86 93   LDA &9386,Y
     9081   29 03      AND #&03
     9083   4A         LSR A
     9084   F0 4A      BEQ &90D0
     9086   8C 6D B9   STY &B96D
     9089   A0 0C      LDY #&0C
.copyl0
     908B   B1 B4      LDA (&B4),Y
     908D   99 60 B9   STA &B960,Y
     9090   88         DEY
     9091   10 F8      BPL &908B
     9093   A8         TAY
     9094   A2 03      LDX #&03
.initl
     9096   BD 65 B9   LDA &B965,X
     9099   9D 6E B9   STA &B96E,X
     909C   CA         DEX
     909D   10 F7      BPL &9096
     909F   AD 69 B9   LDA &B969
     90A2   90 09      BCC &90AD
     90A4   98         TYA
     90A5   20 24 82   JSR &8224
     90A8   A8         TAY
     90A9   B9 10 BA   LDA &BA10,Y
     90AC   18         CLC
.dcptr
     90AD   49 FF      EOR #&FF
     90AF   69 01      ADC #&01
     90B1   A0 FC      LDY #&FC
.hdrext
     90B3   99 69 B8   STA &B869,Y
     90B6   A9 00      LDA #&00
     90B8   C8         INY
     90B9   D0 F8      BNE &90B3
     90BB   20 E9 91   JSR &91E9
     90BE   90 02      BCC &90C2
     90C0   D0 46      BNE &9108
.trailr
     90C2   20 FF 91   JSR &91FF
.drain
     90C5   A9 60      LDA #&60
     90C7   85 B4      STA &B4
     90C9   A9 B9      LDA #&B9
     90CB   85 B5      STA &B5
     90CD   AC 6D B9   LDY &B96D
.chain
     90D0   4C CD 8E   JMP &8ECD
.morfst
     90D3   AD 71 B9   LDA &B971
     90D6   20 F8 91   JSR &91F8
     90D9   D0 32      BNE &910D
     90DB   8D 66 B9   STA &B966
     90DE   8D 67 B9   STA &B967
     90E1   AD 6E B9   LDA &B96E
     90E4   D0 DC      BNE &90C2
     90E6   18         CLC
.fgbfin
     90E7   08         PHP
     90E8   20 FF 91   JSR &91FF
     90EB   28         PLP
     90EC   20 27 90   JSR &9027
     90EF   A0 0C      LDY #&0C
.retnl
     90F1   B9 60 B9   LDA &B960,Y
     90F4   91 B4      STA (&B4),Y
     90F6   88         DEY
     90F7   10 F8      BPL &90F1
     90F9   60         RTS
.setmax
     90FA   8D 67 B9   STA &B967
     90FD   0D 66 B9   ORA &B966
     9100   D0 4B      BNE &914D
.throw
     9102   A0 FD      LDY #&FD
     9104   A9 01      LDA #&01
     9106   D0 AB      BNE &90B3
.align
     9108   20 C5 90   JSR &90C5
     910B   B0 DA      BCS &90E7
.dofast
     910D   AE 71 B9   LDX &B971
     9110   F0 02      BEQ &9114
     9112   A2 FF      LDX #&FF
.sclamp
     9114   8A         TXA
     9115   0D 70 B9   ORA &B970
     9118   8D 67 B9   STA &B967
     911B   8A         TXA
     911C   0D 6F B9   ORA &B96F
     911F   AA         TAX
     9120   AD C2 B9   LDA &B9C2
     9123   38         SEC
     9124   6D 6D B9   ADC &B96D
     9127   49 04      EOR #&04
     9129   29 E4      AND #&E4
     912B   A8         TAY
     912C   B9 15 BA   LDA &BA15,Y
     912F   38         SEC
     9130   ED 6A B9   SBC &B96A
     9133   8D 66 B9   STA &B966
     9136   B9 16 BA   LDA &BA16,Y
     9139   ED 6B B9   SBC &B96B
     913C   90 C4      BCC &9102
     913E   CD 67 B9   CMP &B967
     9141   90 B7      BCC &90FA
     9143   D0 05      BNE &914A
     9145   EC 66 B9   CPX &B966
     9148   B0 B0      BCS &90FA
.sectr0
     914A   8E 66 B9   STX &B966
.sectr1
     914D   AC C2 B9   LDY &B9C2
     9150   20 AC 93   JSR &93AC
     9153   20 70 97   JSR &9770
     9156   A9 3F      LDA #&3F
     9158   99 1D BA   STA &BA1D,Y
     915B   20 68 97   JSR &9768
     915E   AD 61 B9   LDA &B961
     9161   85 BC      STA &BC
     9163   AD 62 B9   LDA &B962
     9166   85 BD      STA &BD
     9168   AD 63 B9   LDA &B963
     916B   8D 74 B9   STA &B974
     916E   AD 64 B9   LDA &B964
     9171   8D 75 B9   STA &B975
     9174   B9 0F BA   LDA &BA0F,Y
     9177   18         CLC
     9178   6D 6A B9   ADC &B96A
     917B   85 C3      STA &C3
     917D   B9 0D BA   LDA &BA0D,Y
     9180   6D 6B B9   ADC &B96B
     9183   29 03      AND #&03
     9185   85 C2      STA &C2
     9187   A9 00      LDA #&00
     9189   85 C0      STA &C0
     918B   AD 66 B9   LDA &B966
     918E   85 C1      STA &C1
     9190   AD 67 B9   LDA &B967
     9193   20 25 82   JSR &8225
     9196   05 C2      ORA &C2
     9198   85 C2      STA &C2
     919A   AD 6D B9   LDA &B96D
     919D   EE DD B9   INC &B9DD
     91A0   20 0F 92   JSR &920F
     91A3   CE DD B9   DEC &B9DD
     91A6   20 E9 91   JSR &91E9
     91A9   AC 66 B9   LDY &B966
     91AC   98         TYA
     91AD   18         CLC
     91AE   6D 62 B9   ADC &B962
     91B1   8D 62 B9   STA &B962
     91B4   AE 67 B9   LDX &B967
     91B7   8A         TXA
     91B8   6D 63 B9   ADC &B963
     91BB   8D 63 B9   STA &B963
     91BE   90 03      BCC &91C3
     91C0   EE 64 B9   INC &B964
.updp
     91C3   98         TYA
     91C4   AC C2 B9   LDY &B9C2
     91C7   18         CLC
     91C8   79 11 BA   ADC &BA11,Y
     91CB   99 11 BA   STA &BA11,Y
     91CE   8D 6A B9   STA &B96A
     91D1   8A         TXA
     91D2   79 12 BA   ADC &BA12,Y
     91D5   99 12 BA   STA &BA12,Y
     91D8   8D 6B B9   STA &B96B
     91DB   98         TYA
     91DC   20 15 99   JSR &9915
     91DF   90 05      BCC &91E6
     91E1   F0 03      BEQ &91E6
     91E3   20 80 98   JSR &9880
.doneit
     91E6   4C D3 90   JMP &90D3
.subwk
     91E9   38         SEC
     91EA   A2 FC      LDX #&FC
.subwkl
     91EC   BD 72 B8   LDA &B872,X
     91EF   FD 69 B8   SBC &B869,X
     91F2   9D 72 B8   STA &B872,X
     91F5   E8         INX
     91F6   D0 F4      BNE &91EC
.testl
     91F8   0D 70 B9   ORA &B970
     91FB   0D 6F B9   ORA &B96F
     91FE   60         RTS
.addtol
     91FF   18         CLC
     9200   A2 FC      LDX #&FC
.addl
     9202   BD 72 B8   LDA &B872,X
     9205   7D 69 B8   ADC &B869,X
     9208   9D 69 B8   STA &B869,X
     920B   E8         INX
     920C   D0 F4      BNE &9202
     920E   60         RTS
.docmd
     920F   C9 03      CMP #&03
     9211   90 03      BCC &9216
.dordcmd
     9213   4C 3D 88   JMP &883D
.dowrcmd
     9216   4C 4A 88   JMP &884A
.fscv_osabouttoproccmd
     9219   2C C7 B9   BIT &B9C7
     921C   30 03      BMI &9221
     921E   CE C7 B9   DEC &B9C7
.parameter_fsp
     9221   A9 FF      LDA #&FF
     9223   8D CE B9   STA &B9CE
.param_out
     9226   8D CD B9   STA &B9CD
     9229   60         RTS
.parameter_afsp
     922A   A9 2A      LDA #&2A
     922C   8D CE B9   STA &B9CE
     922F   A9 23      LDA #&23
     9231   D0 F3      BNE &9226
.osfile5_rdcatinfo
     9233   20 ED 92   JSR &92ED
     9236   20 94 83   JSR &8394
     9239   A9 01      LDA #&01
     923B   60         RTS
.osfile6_delfile
     923C   20 CA 92   JSR &92CA
     923F   20 94 83   JSR &8394
     9242   20 1A 83   JSR &831A
     9245   4C 6C 92   JMP &926C
.osfile1_updatecat
     9248   20 ED 92   JSR &92ED
     924B   20 72 92   JSR &9272
     924E   20 8E 92   JSR &928E
     9251   50 16      BVC &9269
.osfile3_wrexecaddr
     9253   20 ED 92   JSR &92ED
     9256   20 8E 92   JSR &928E
     9259   50 11      BVC &926C
.osfile2_wrloadaddr
     925B   20 ED 92   JSR &92ED
     925E   20 72 92   JSR &9272
     9261   50 09      BVC &926C
.osfile4_wrattribs
     9263   20 ED 92   JSR &92ED
     9266   20 E2 92   JSR &92E2
.osfile_updatelocksavecat
     9269   20 B1 92   JSR &92B1
.osfile_savecat_retA_1
     926C   20 FF A0   JSR &A0FF
     926F   A9 01      LDA #&01
     9271   60         RTS
.osfile_update_loadaddr_Xoffset
     9272   20 F3 83   JSR &83F3
     9275   A0 02      LDY #&02
     9277   B1 B0      LDA (&B0),Y
     9279   9D 08 B8   STA &B808,X
     927C   C8         INY
     927D   B1 B0      LDA (&B0),Y
     927F   9D 09 B8   STA &B809,X
     9282   C8         INY
     9283   B1 B0      LDA (&B0),Y
     9285   0A         ASL A
     9286   0A         ASL A
     9287   5D 0E B8   EOR &B80E,X
     928A   29 0C      AND #&0C
     928C   10 1B      BPL &92A9
.osfile_update_execaddr_Xoffset
     928E   20 F3 83   JSR &83F3
     9291   A0 06      LDY #&06
     9293   B1 B0      LDA (&B0),Y
     9295   9D 0A B8   STA &B80A,X
     9298   C8         INY
     9299   B1 B0      LDA (&B0),Y
     929B   9D 0B B8   STA &B80B,X
     929E   C8         INY
     929F   B1 B0      LDA (&B0),Y
     92A1   6A         ROR A
     92A2   6A         ROR A
     92A3   6A         ROR A
     92A4   5D 0E B8   EOR &B80E,X
     92A7   29 C0      AND #&C0
.osfile_savemixedbyte
     92A9   5D 0E B8   EOR &B80E,X
     92AC   9D 0E B8   STA &B80E,X
     92AF   B8         CLV
     92B0   60         RTS
.osfile_updatelock
     92B1   20 F3 83   JSR &83F3
     92B4   A0 0E      LDY #&0E
     92B6   B1 B0      LDA (&B0),Y
     92B8   29 0A      AND #&0A
     92BA   F0 02      BEQ &92BE
     92BC   A9 80      LDA #&80
.osfile_notlocked
     92BE   5D 0F B7   EOR &B70F,X
     92C1   29 80      AND #&80
     92C3   5D 0F B7   EOR &B70F,X
     92C6   9D 0F B7   STA &B70F,X
     92C9   60         RTS
.CheckFileNotLocked
     92CA   20 F7 92   JSR &92F7
     92CD   90 23      BCC &92F2
.CheckFileNotLockedY
     92CF   B9 0F B7   LDA &B70F,Y
     92D2   10 22      BPL &92F6
.errFILELOCKED
     92D4   20 5E 80   JSR &805E
     92D7   C3
     92D8   4C 6F 63 ...
     92DE   00
.CheckFileNotLockedOrOpenY
     92DF   20 CF 92   JSR &92CF
.CheckFileNotOpenY
     92E2   20 F3 83   JSR &83F3
     92E5   20 51 95   JSR &9551
     92E8   90 21      BCC &930B
     92EA   4C B5 94   JMP &94B5
.CheckFileExists
     92ED   20 F7 92   JSR &92F7
     92F0   B0 19      BCS &930B
.ExitCallingSubroutine
     92F2   68         PLA
     92F3   68         PLA
     92F4   A9 00      LDA #&00
.chklock_exit
     92F6   60         RTS
.read_fspBA_findcatentry
     92F7   20 4F 81   JSR &814F
     92FA   20 7D 82   JSR &827D
     92FD   90 0C      BCC &930B
     92FF   98         TYA
     9300   AA         TAX
.SetParamBlockPointerB0
     9301   AD DB B9   LDA &B9DB
     9304   85 B0      STA &B0
     9306   AD DC B9   LDA &B9DC
     9309   85 B1      STA &B1
.checkexit
     930B   60         RTS
.CalcRAM
     930C   A9 83      LDA #&83
     930E   20 F4 FF   JSR &FFF4
     9311   8C CF B9   STY &B9CF
     9314   A9 84      LDA #&84
     9316   20 F4 FF   JSR &FFF4
     9319   98         TYA
     931A   38         SEC
     931B   ED CF B9   SBC &B9CF
     931E   8D D0 B9   STA &B9D0
     9321   60         RTS
.osbyte_X0YFF
     9322   A2 00      LDX #&00
.osbyte_YFF
     9324   A0 FF      LDY #&FF
     9326   4C F4 FF   JMP &FFF4
.vectors_table
     9329   1B FF
     932B   1E FF
     932D   21 FF
     932F   24 FF
     9331   27 FF
     9333   2A FF
     9335   2D FF
.extendedvectors_table
     9337   75 8E
     9339   00         BRK
     933A   C9 95
     933C   00         BRK
     933D   15 97
     933F   00         BRK
     9340   D2 97
     9342   00         BRK
     9343   B9 8E
     9345   00         BRK
     9346   EE 93
     9348   00         BRK
     9349   A6 8E
     934B   00         BRK
.fscv_table1
     934C   22
     934D   E1
     934E   9D
     934F   1F
     9350   9D
     9351   6C
     9352   93
     9353   8E
     9354   18
     9355   4A
     9356   69
     9357   9D
.fscv_table2
     9358   8A
     9359   96
     935A   88
     935B   87
     935C   88
     935D   84
     935E   93
     935F   93
     9360   92
     9361   82
     9362   82
     9363   88
.finv_tablelo
     9364   07
     9365   40
     9366   47
     9367   5A
     9368   52
     9369   62
     936A   32
     936B   3B
.finv_tablehi
     936C   88
     936D   88
     936E   92
     936F   92
     9370   92
     9371   92
     9372   92
     9373   92
.gbpbv_table1
     9374   CA
     9375   60
     9376   60
     9377   3B
     9378   3B
     9379   C4
     937A   F0
     937B   FE
     937C   7B
.gbpbv_table2
     937D   82
     937E   90
     937F   90
     9380   90
     9381   90
     9382   8F
     9383   8F
     9384   8F
     9385   8F
.gbpbv_table3
     9386   04
     9387   02
     9388   03
     9389   06
     938A   07
     938B   04
     938C   04
     938D   04
     938E   04
.fscv7_hndlrange
     938F   A2 11      LDX #&11
     9391   A0 15      LDY #&15
.closeallfiles_exit
     9393   60         RTS
.fscv6_shutdownfilesys
     9394   20 F3 83   JSR &83F3
.CloseSPOOLEXECfiles
     9397   A9 77      LDA #&77
     9399   4C F4 FF   JMP &FFF4
.CMD_CLOSE
.CloseAllFiles_Osbyte77
     939C   20 97 93   JSR &9397
.CloseAllFiles
     939F   A9 00      LDA #&00
.closeallfiles_loop
     93A1   18         CLC
     93A2   69 20      ADC #&20
     93A4   F0 ED      BEQ &9393
     93A6   A8         TAY
     93A7   20 FB 93   JSR &93FB
     93AA   D0 F5      BNE &93A1
.Channel_SetDirDrv_GetCatEntry_Yintch
     93AC   20 C7 93   JSR &93C7
.Channel_GetCatEntry_Yintch
     93AF   A2 06      LDX #&06
.chnl_getcatloop
     93B1   B9 0C BA   LDA &BA0C,Y
     93B4   95 C5      STA &C5,X
     93B6   88         DEY
     93B7   88         DEY
     93B8   CA         DEX
     93B9   10 F6      BPL &93B1
     93BB   20 88 82   JSR &8288
     93BE   90 22      BCC &93E2
     93C0   8C C3 B9   STY &B9C3
     93C3   AC C2 B9   LDY &B9C2
.chkdskchangexit
     93C6   60         RTS
.Channel_SetDirDrive_Yintch
     93C7   B9 0E BA   LDA &BA0E,Y
     93CA   29 7F      AND #&7F
     93CC   85 CC      STA &CC
     93CE   B9 17 BA   LDA &BA17,Y
     93D1   4C D2 8B   JMP &8BD2
.CheckForDiskChange
     93D4   20 F3 83   JSR &83F3
     93D7   AD 04 B8   LDA &B804
     93DA   20 F8 A0   JSR &A0F8
     93DD   CD 04 B8   CMP &B804
     93E0   F0 E4      BEQ &93C6
.errDISKCHANGED
     93E2   20 49 80   JSR &8049
     93E5   C8
     93E6   63 68 61 ...
     93ED   00
.FINDV_ENTRY
     93EE   29 C0      AND #&C0
     93F0   D0 59      BNE &944B
     93F2   20 F3 83   JSR &83F3
.CloseFiles_Yhandle
     93F5   98         TYA
     93F6   F0 A4      BEQ &939C
     93F8   20 F6 96   JSR &96F6
.CloseFile_Yintch
     93FB   48         PHA
     93FC   20 81 96   JSR &9681
     93FF   B0 45      BCS &9446
     9401   B9 1B BA   LDA &BA1B,Y
     9404   49 FF      EOR #&FF
     9406   2D C0 B9   AND &B9C0
     9409   8D C0 B9   STA &B9C0
     940C   B9 17 BA   LDA &BA17,Y
     940F   29 60      AND #&60
     9411   F0 33      BEQ &9446
     9413   20 AC 93   JSR &93AC
     9416   B9 17 BA   LDA &BA17,Y
     9419   29 20      AND #&20
     941B   F0 26      BEQ &9443
     941D   AE C3 B9   LDX &B9C3
     9420   B9 14 BA   LDA &BA14,Y
     9423   9D 0C B8   STA &B80C,X
     9426   B9 15 BA   LDA &BA15,Y
     9429   9D 0D B8   STA &B80D,X
     942C   B9 16 BA   LDA &BA16,Y
     942F   20 25 82   JSR &8225
     9432   5D 0E B8   EOR &B80E,X
     9435   29 30      AND #&30
     9437   5D 0E B8   EOR &B80E,X
     943A   9D 0E B8   STA &B80E,X
     943D   20 FF A0   JSR &A0FF
     9440   AC C2 B9   LDY &B9C2
.closefile_buftodisk
     9443   20 70 97   JSR &9770
.closefile_exit
     9446   AE C5 B9   LDX &B9C5
     9449   68         PLA
     944A   60         RTS
.findvnot0_openfile
     944B   20 1C 84   JSR &841C
     944E   86 BA      STX &BA
     9450   84 BB      STY &BB
     9452   85 B4      STA &B4
     9454   24 B4      BIT &B4
     9456   08         PHP
     9457   20 4F 81   JSR &814F
     945A   20 21 92   JSR &9221
     945D   20 7D 82   JSR &827D
     9460   B0 22      BCS &9484
     9462   A9 00      LDA #&00
     9464   28         PLP
     9465   50 01      BVC &9468
     9467   60         RTS
.findv_createfile
     9468   08         PHP
     9469   A2 07      LDX #&07
.findv_loop1
     946B   95 BC      STA &BC,X
     946D   9D 74 B9   STA &B974,X
     9470   CA         DEX
     9471   10 F8      BPL &946B
     9473   C6 BE      DEC &BE
     9475   C6 BF      DEC &BF
     9477   CE 76 B9   DEC &B976
     947A   CE 77 B9   DEC &B977
     947D   A9 40      LDA #&40
     947F   85 C3      STA &C3
     9481   20 7E 8A   JSR &8A7E
.findv_filefound
     9484   28         PLP
     9485   08         PHP
     9486   70 03      BVS &948B
     9488   20 CF 92   JSR &92CF
.findv_readorupdate
     948B   20 51 95   JSR &9551
     948E   90 0E      BCC &949E
.findv_loop2
     9490   B9 0C BA   LDA &BA0C,Y
     9493   10 20      BPL &94B5
     9495   28         PLP
     9496   08         PHP
     9497   30 1C      BMI &94B5
     9499   20 4C 95   JSR &954C
     949C   B0 F2      BCS &9490
.findv_openchannel
     949E   AC C2 B9   LDY &B9C2
     94A1   D0 1B      BNE &94BE
.errTOOMANYFILESOPEN
     94A3   20 5E 80   JSR &805E
     94A6   C0
     94A7   54 6F 6F ...
     94B4   00
.errFILEOPEN
     94B5   20 5E 80   JSR &805E
     94B8   C2
     94B9   4F 70 65 ...
     94BD   00
.SetupChannelInfoBlock_Yintch
     94BE   A9 08      LDA #&08
     94C0   8D C4 B9   STA &B9C4
.chnlblock_loop1
     94C3   BD 08 B7   LDA &B708,X
     94C6   99 00 BA   STA &BA00,Y
     94C9   C8         INY
     94CA   BD 08 B8   LDA &B808,X
     94CD   99 00 BA   STA &BA00,Y
     94D0   C8         INY
     94D1   E8         INX
     94D2   CE C4 B9   DEC &B9C4
     94D5   D0 EC      BNE &94C3
     94D7   A2 10      LDX #&10
     94D9   A9 00      LDA #&00
.chnlblock_loop2
     94DB   99 00 BA   STA &BA00,Y
     94DE   C8         INY
     94DF   CA         DEX
     94E0   D0 F9      BNE &94DB
     94E2   AD C2 B9   LDA &B9C2
     94E5   A8         TAY
     94E6   20 1E 82   JSR &821E
     94E9   69 BA      ADC #&BA
     94EB   99 13 BA   STA &BA13,Y
     94EE   AD C1 B9   LDA &B9C1
     94F1   99 1B BA   STA &BA1B,Y
     94F4   0D C0 B9   ORA &B9C0
     94F7   8D C0 B9   STA &B9C0
     94FA   B9 09 BA   LDA &BA09,Y
     94FD   69 FF      ADC #&FF
     94FF   B9 0B BA   LDA &BA0B,Y
     9502   69 00      ADC #&00
     9504   99 19 BA   STA &BA19,Y
     9507   B9 0D BA   LDA &BA0D,Y
     950A   09 0F      ORA #&0F
     950C   69 00      ADC #&00
     950E   20 17 82   JSR &8217
     9511   99 1A BA   STA &BA1A,Y
     9514   28         PLP
     9515   50 2E      BVC &9545
     9517   30 08      BMI &9521
     9519   A9 80      LDA #&80
     951B   19 0C BA   ORA &BA0C,Y
     951E   99 0C BA   STA &BA0C,Y
.chnlblock_setEXT
     9521   B9 09 BA   LDA &BA09,Y
     9524   99 14 BA   STA &BA14,Y
     9527   B9 0B BA   LDA &BA0B,Y
     952A   99 15 BA   STA &BA15,Y
     952D   B9 0D BA   LDA &BA0D,Y
     9530   20 17 82   JSR &8217
     9533   99 16 BA   STA &BA16,Y
.chnlblock_cont
     9536   A5 CD      LDA &CD
     9538   19 17 BA   ORA &BA17,Y
     953B   99 17 BA   STA &BA17,Y
     953E   98         TYA
     953F   20 1E 82   JSR &821E
     9542   09 10      ORA #&10
     9544   60         RTS
.chnlblock_setBit5
     9545   A9 20      LDA #&20
     9547   99 17 BA   STA &BA17,Y
     954A   D0 EA      BNE &9536
.IsFileOpenContinue
     954C   8A         TXA
     954D   48         PHA
     954E   4C 90 95   JMP &9590
.IsFileOpen_Yoffset
     9551   A9 00      LDA #&00
     9553   8D C2 B9   STA &B9C2
     9556   A9 08      LDA #&08
     9558   85 B5      STA &B5
     955A   98         TYA
     955B   AA         TAX
     955C   A0 A0      LDY #&A0
.fop_main_loop
     955E   84 B3      STY &B3
     9560   8A         TXA
     9561   48         PHA
     9562   A9 08      LDA #&08
     9564   85 B2      STA &B2
     9566   A5 B5      LDA &B5
     9568   2C C0 B9   BIT &B9C0
     956B   F0 1D      BEQ &958A
     956D   B9 17 BA   LDA &BA17,Y
     9570   45 CD      EOR &CD
     9572   29 03      AND #&03
     9574   D0 1A      BNE &9590
.fop_cmpfn_loop
     9576   BD 08 B7   LDA &B708,X
     9579   59 00 BA   EOR &BA00,Y
     957C   29 7F      AND #&7F
     957E   D0 10      BNE &9590
     9580   E8         INX
     9581   C8         INY
     9582   C8         INY
     9583   C6 B2      DEC &B2
     9585   D0 EF      BNE &9576
     9587   38         SEC
     9588   B0 10      BCS &959A
.fop_channelnotopen
     958A   8C C2 B9   STY &B9C2
     958D   8D C1 B9   STA &B9C1
.fop_nothisfile
     9590   38         SEC
     9591   A5 B3      LDA &B3
     9593   E9 20      SBC #&20
     9595   85 B3      STA &B3
     9597   06 B5      ASL &B5
     9599   18         CLC
.fop_matchifCset
     959A   68         PLA
     959B   AA         TAX
     959C   A4 B3      LDY &B3
     959E   A5 B5      LDA &B5
     95A0   B0 02      BCS &95A4
     95A2   D0 BA      BNE &955E
.fop_exit
     95A4   60         RTS
.ChannelBufferToDisk_Yhandle_A0
     95A5   20 BC 95   JSR &95BC
.ChannelBufferToDisk_Yhandle
     95A8   AD C0 B9   LDA &B9C0
     95AB   48         PHA
     95AC   98         TYA
     95AD   D0 05      BNE &95B4
     95AF   20 9F 93   JSR &939F
     95B2   F0 03      BEQ &95B7
.chbuf1
     95B4   20 F5 93   JSR &93F5
.chbuf2
     95B7   68         PLA
     95B8   8D C0 B9   STA &B9C0
     95BB   60         RTS
.ReturnWithA0
     95BC   48         PHA
     95BD   8A         TXA
     95BE   48         PHA
     95BF   A9 00      LDA #&00
     95C1   BA         TSX
     95C2   9D 09 01   STA &0109,X
     95C5   68         PLA
     95C6   AA         TAX
     95C7   68         PLA
     95C8   60         RTS
.ARGSV_ENTRY
     95C9   20 F3 83   JSR &83F3
     95CC   C9 FF      CMP #&FF
     95CE   F0 D5      BEQ &95A5
     95D0   C0 00      CPY #&00
     95D2   F0 12      BEQ &95E6
     95D4   C9 04      CMP #&04
     95D6   B0 27      BCS &95FF
     95D8   20 BC 95   JSR &95BC
     95DB   C9 03      CMP #&03
     95DD   F0 47      BEQ &9626
     95DF   C9 01      CMP #&01
     95E1   D0 24      BNE &9607
     95E3   4C A2 98   JMP &98A2
.argsv_Y0
     95E6   C9 02      CMP #&02
     95E8   B0 15      BCS &95FF
     95EA   20 BC 95   JSR &95BC
     95ED   F0 11      BEQ &9600
     95EF   A9 FF      LDA #&FF
     95F1   95 02      STA &02,X
     95F3   95 03      STA &03,X
     95F5   AD D9 B9   LDA &B9D9
     95F8   95 00      STA &00,X
     95FA   AD DA B9   LDA &B9DA
     95FD   95 01      STA &01,X
.argsv_exit
     95FF   60         RTS
.argsv_filesysnumber
     9600   A9 04      LDA #&04
     9602   BA         TSX
     9603   9D 05 01   STA &0105,X
     9606   60         RTS
.argsv_rdseqptr_or_filelen
     9607   20 F6 96   JSR &96F6
     960A   8C C2 B9   STY &B9C2
     960D   0A         ASL A
     960E   6D C2 B9   ADC &B9C2
     9611   A8         TAY
     9612   B9 10 BA   LDA &BA10,Y
     9615   95 00      STA &00,X
     9617   B9 11 BA   LDA &BA11,Y
     961A   95 01      STA &01,X
     961C   B9 12 BA   LDA &BA12,Y
     961F   95 02      STA &02,X
     9621   A9 00      LDA #&00
     9623   95 03      STA &03,X
     9625   60         RTS
.argsv3
     9626   20 F6 96   JSR &96F6
     9629   20 92 98   JSR &9892
     962C   B0 1E      BCS &964C
     962E   B9 10 BA   LDA &BA10,Y
     9631   48         PHA
     9632   B9 11 BA   LDA &BA11,Y
     9635   48         PHA
     9636   B9 12 BA   LDA &BA12,Y
     9639   48         PHA
     963A   20 AD 98   JSR &98AD
     963D   68         PLA
     963E   99 12 BA   STA &BA12,Y
     9641   68         PLA
     9642   99 11 BA   STA &BA11,Y
     9645   68         PLA
     9646   99 10 BA   STA &BA10,Y
     9649   20 EB 98   JSR &98EB
.truncate
     964C   B9 0C BA   LDA &BA0C,Y
     964F   30 2A      BMI &967B
     9651   19 0E BA   ORA &BA0E,Y
     9654   30 28      BMI &967E
     9656   A9 20      LDA #&20
     9658   20 61 97   JSR &9761
     965B   B5 00      LDA &00,X
     965D   99 14 BA   STA &BA14,Y
     9660   B5 01      LDA &01,X
     9662   99 15 BA   STA &BA15,Y
     9665   B5 02      LDA &02,X
     9667   99 16 BA   STA &BA16,Y
     966A   8A         TXA
     966B   48         PHA
     966C   20 14 99   JSR &9914
     966F   68         PLA
     9670   AA         TAX
     9671   90 03      BCC &9676
     9673   20 DC 98   JSR &98DC
.dontchangeptr
     9676   A9 EF      LDA #&EF
     9678   4C 68 97   JMP &9768
.filereadonly
     967B   4C BE 97   JMP &97BE
.filelocked
     967E   4C D4 92   JMP &92D4
.IsHndlinUse_Yintch
     9681   48         PHA
     9682   8E C5 B9   STX &B9C5
     9685   98         TYA
     9686   29 E0      AND #&E0
     9688   8D C2 B9   STA &B9C2
     968B   F0 13      BEQ &96A0
     968D   20 1E 82   JSR &821E
     9690   A8         TAY
     9691   A9 00      LDA #&00
     9693   38         SEC
.hndlinsue_loop
     9694   6A         ROR A
     9695   88         DEY
     9696   D0 FC      BNE &9694
     9698   AC C2 B9   LDY &B9C2
     969B   2C C0 B9   BIT &B9C0
     969E   D0 01      BNE &96A1
.hndlinuse_notused_C1
     96A0   38         SEC
.hndlinuse_used_C0
     96A1   68         PLA
     96A2   60         RTS
.conv_Yhndl_intch_exYintch
     96A3   48         PHA
     96A4   98         TYA
.conv_hndl_X_entry
     96A5   C9 10      CMP #&10
     96A7   90 04      BCC &96AD
     96A9   C9 18      CMP #&18
     96AB   90 02      BCC &96AF
.conv_hndl10
     96AD   A9 08      LDA #&08
.conv_hndl18
     96AF   20 24 82   JSR &8224
     96B2   A8         TAY
     96B3   68         PLA
     96B4   60         RTS
.ClearEXECSPOOLFileHandle
     96B5   A9 C6      LDA #&C6
     96B7   20 22 93   JSR &9322
     96BA   8A         TXA
     96BB   F0 09      BEQ &96C6
     96BD   20 D9 96   JSR &96D9
     96C0   D0 04      BNE &96C6
     96C2   A9 C6      LDA #&C6
     96C4   D0 0C      BNE &96D2
.ClearSpoolhandle
     96C6   A9 C7      LDA #&C7
     96C8   20 22 93   JSR &9322
     96CB   20 D9 96   JSR &96D9
     96CE   D0 11      BNE &96E1
     96D0   A9 C7      LDA #&C7
.osbyte_X0Y0
     96D2   A2 00      LDX #&00
     96D4   A0 00      LDY #&00
     96D6   4C F4 FF   JMP &FFF4
.ConvertXhndl_exYintch
     96D9   8A         TXA
     96DA   A8         TAY
     96DB   20 A3 96   JSR &96A3
     96DE   CC C2 B9   CPY &B9C2
.clrsplhndl_exit
     96E1   60         RTS
.fscv1_EOF_Yhndl
     96E2   48         PHA
     96E3   98         TYA
     96E4   48         PHA
     96E5   8A         TXA
     96E6   A8         TAY
     96E7   20 11 99   JSR &9911
     96EA   D0 04      BNE &96F0
     96EC   A2 FF      LDX #&FF
     96EE   D0 02      BNE &96F2
.eof_NOTEND
     96F0   A2 00      LDX #&00
.eof_exit
     96F2   68         PLA
     96F3   A8         TAY
     96F4   68         PLA
.checkchannel_okexit
     96F5   60         RTS
.CheckChannel_Yhndl_exYintch
     96F6   20 A3 96   JSR &96A3
     96F9   20 81 96   JSR &9681
     96FC   90 F7      BCC &96F5
     96FE   20 B5 96   JSR &96B5
.errCHANNEL
     9701   20 5E 80   JSR &805E
     9704   DE
     9705   43 68 61 ...
     970C   00
.errEOF
     970D   20 5E 80   JSR &805E
     9710   DF
     9711   45 4F 46 
     9714   00
.BGETV_ENTRY
     9715   20 1C 84   JSR &841C
     9718   20 11 99   JSR &9911
     971B   D0 13      BNE &9730
     971D   B9 17 BA   LDA &BA17,Y
     9720   29 10      AND #&10
     9722   D0 E9      BNE &970D
     9724   A9 10      LDA #&10
     9726   20 61 97   JSR &9761
     9729   AE C5 B9   LDX &B9C5
     972C   A9 FE      LDA #&FE
     972E   38         SEC
     972F   60         RTS
.bg_notEOF
     9730   B9 17 BA   LDA &BA17,Y
     9733   30 0A      BMI &973F
     9735   20 C7 93   JSR &93C7
     9738   20 70 97   JSR &9770
     973B   38         SEC
     973C   20 78 97   JSR &9778
.bg_samesector1
     973F   20 2D 99   JSR &992D
     9742   A1 BA      LDA (&BA,X)
     9744   18         CLC
     9745   60         RTS
.CalcBufferSectorForPTR
     9746   18         CLC
     9747   B9 0F BA   LDA &BA0F,Y
     974A   79 11 BA   ADC &BA11,Y
     974D   85 C3      STA &C3
     974F   99 1C BA   STA &BA1C,Y
     9752   B9 0D BA   LDA &BA0D,Y
     9755   29 03      AND #&03
     9757   79 12 BA   ADC &BA12,Y
     975A   85 C2      STA &C2
     975C   99 1D BA   STA &BA1D,Y
.ChannelFlags_SetBit7
     975F   A9 80      LDA #&80
.ChannelFlags_SetBits
     9761   19 17 BA   ORA &BA17,Y
     9764   D0 05      BNE &976B
.ChannelFlags_ClearBit7
     9766   A9 7F      LDA #&7F
.ChannelFlags_ClearBits
     9768   39 17 BA   AND &BA17,Y
.chnflg_save
     976B   99 17 BA   STA &BA17,Y
     976E   18         CLC
     976F   60         RTS
.ChannelBufferToDisk_Yintch
     9770   B9 17 BA   LDA &BA17,Y
     9773   29 40      AND #&40
     9775   F0 43      BEQ &97BA
     9777   18         CLC
.ChannelBufferRW_Yintch_C1read
     9778   EE DD B9   INC &B9DD
     977B   AC C2 B9   LDY &B9C2
     977E   B9 13 BA   LDA &BA13,Y
     9781   85 BD      STA &BD
     9783   A9 FF      LDA #&FF
     9785   8D 74 B9   STA &B974
     9788   8D 75 B9   STA &B975
     978B   A9 00      LDA #&00
     978D   85 BC      STA &BC
     978F   85 C0      STA &C0
     9791   A9 01      LDA #&01
     9793   85 C1      STA &C1
     9795   B0 17      BCS &97AE
     9797   B9 1C BA   LDA &BA1C,Y
     979A   85 C3      STA &C3
     979C   B9 1D BA   LDA &BA1D,Y
     979F   85 C2      STA &C2
     97A1   20 4A 88   JSR &884A
     97A4   AC C2 B9   LDY &B9C2
     97A7   A9 BF      LDA #&BF
     97A9   20 68 97   JSR &9768
     97AC   90 06      BCC &97B4
.chnbuf_read
     97AE   20 46 97   JSR &9746
     97B1   20 3D 88   JSR &883D
.chnbuf_exit
     97B4   CE DD B9   DEC &B9DD
     97B7   AC C2 B9   LDY &B9C2
.chnbuf_exit2
     97BA   60         RTS
.errFILELOCKED2
     97BB   4C D4 92   JMP &92D4
.errFILEREADONLY
     97BE   20 5E 80   JSR &805E
     97C1   C1
     97C2   52 65 61 ...
     97CB   00
.bput_Yintchan
     97CC   20 F3 83   JSR &83F3
     97CF   4C D8 97   JMP &97D8
.BPUTV_ENTRY
     97D2   20 F3 83   JSR &83F3
     97D5   20 F6 96   JSR &96F6
.bp_entry
     97D8   48         PHA
     97D9   B9 0C BA   LDA &BA0C,Y
     97DC   30 E0      BMI &97BE
     97DE   B9 0E BA   LDA &BA0E,Y
     97E1   30 D8      BMI &97BB
     97E3   20 C7 93   JSR &93C7
     97E6   98         TYA
     97E7   18         CLC
     97E8   69 04      ADC #&04
     97EA   20 15 99   JSR &9915
     97ED   D0 66      BNE &9855
     97EF   20 AF 93   JSR &93AF
     97F2   AE C3 B9   LDX &B9C3
     97F5   38         SEC
     97F6   BD 07 B8   LDA &B807,X
     97F9   FD 0F B8   SBC &B80F,X
     97FC   48         PHA
     97FD   BD 06 B8   LDA &B806,X
     9800   FD 0E B8   SBC &B80E,X
     9803   29 03      AND #&03
     9805   D9 1A BA   CMP &BA1A,Y
     9808   D0 1F      BNE &9829
     980A   68         PLA
     980B   D9 19 BA   CMP &BA19,Y
     980E   D0 34      BNE &9844
     9810   84 B4      STY &B4
     9812   8C C2 B9   STY &B9C2
     9815   20 B5 96   JSR &96B5
.errCANTEXTEND
     9818   20 5E 80   JSR &805E
     981B   BF
     981C   43 61 6E ...
     9828   00
.bp_extendby100
     9829   B9 1A BA   LDA &BA1A,Y
     982C   18         CLC
     982D   69 01      ADC #&01
     982F   99 1A BA   STA &BA1A,Y
     9832   0A         ASL A
     9833   0A         ASL A
     9834   0A         ASL A
     9835   0A         ASL A
     9836   5D 0E B8   EOR &B80E,X
     9839   29 30      AND #&30
     983B   5D 0E B8   EOR &B80E,X
     983E   9D 0E B8   STA &B80E,X
     9841   68         PLA
     9842   A9 00      LDA #&00
.bp_extendtogap
     9844   9D 0D B8   STA &B80D,X
     9847   99 19 BA   STA &BA19,Y
     984A   A9 00      LDA #&00
     984C   9D 0C B8   STA &B80C,X
     984F   20 FF A0   JSR &A0FF
     9852   AC C2 B9   LDY &B9C2
.bp_noextend
     9855   B9 17 BA   LDA &BA17,Y
     9858   30 16      BMI &9870
     985A   20 70 97   JSR &9770
     985D   B9 14 BA   LDA &BA14,Y
     9860   D0 0A      BNE &986C
     9862   20 14 99   JSR &9914
     9865   D0 05      BNE &986C
     9867   20 46 97   JSR &9746
     986A   D0 04      BNE &9870
.bp_loadbuf
     986C   38         SEC
     986D   20 78 97   JSR &9778
.bp_savebyte
     9870   A9 40      LDA #&40
     9872   20 61 97   JSR &9761
     9875   20 2D 99   JSR &992D
     9878   68         PLA
     9879   81 BA      STA (&BA,X)
     987B   20 14 99   JSR &9914
     987E   90 11      BCC &9891
.updext
     9880   A9 20      LDA #&20
     9882   20 61 97   JSR &9761
     9885   A2 02      LDX #&02
.bp_setextloop
     9887   B9 10 BA   LDA &BA10,Y
     988A   99 14 BA   STA &BA14,Y
     988D   C8         INY
     988E   CA         DEX
     988F   10 F6      BPL &9887
.bp_exit
     9891   60         RTS
.cmptoEXT
     9892   B9 14 BA   LDA &BA14,Y
     9895   D5 00      CMP &00,X
     9897   B9 15 BA   LDA &BA15,Y
     989A   F5 01      SBC &01,X
     989C   B9 16 BA   LDA &BA16,Y
     989F   F5 02      SBC &02,X
     98A1   60         RTS
.argsv_WriteSeqPointer
     98A2   20 F3 83   JSR &83F3
     98A5   20 F6 96   JSR &96F6
.wsploop
     98A8   20 92 98   JSR &9892
     98AB   B0 2F      BCS &98DC
.argsextendloop
     98AD   B9 14 BA   LDA &BA14,Y
     98B0   99 10 BA   STA &BA10,Y
     98B3   B9 15 BA   LDA &BA15,Y
     98B6   99 11 BA   STA &BA11,Y
     98B9   B9 16 BA   LDA &BA16,Y
     98BC   99 12 BA   STA &BA12,Y
     98BF   20 EB 98   JSR &98EB
     98C2   A5 B6      LDA &B6
     98C4   48         PHA
     98C5   A5 B7      LDA &B7
     98C7   48         PHA
     98C8   A5 B8      LDA &B8
     98CA   48         PHA
     98CB   A9 00      LDA #&00
     98CD   20 CC 97   JSR &97CC
     98D0   68         PLA
     98D1   85 B8      STA &B8
     98D3   68         PLA
     98D4   85 B7      STA &B7
     98D6   68         PLA
     98D7   85 B6      STA &B6
     98D9   4C A8 98   JMP &98A8
.SetSeqPointer_Yintch
     98DC   B5 00      LDA &00,X
     98DE   99 10 BA   STA &BA10,Y
     98E1   B5 01      LDA &01,X
     98E3   99 11 BA   STA &BA11,Y
     98E6   B5 02      LDA &02,X
     98E8   99 12 BA   STA &BA12,Y
.IsSeqPointerInBuffer_Yintch
     98EB   A9 6F      LDA #&6F
     98ED   20 68 97   JSR &9768
     98F0   B9 0F BA   LDA &BA0F,Y
     98F3   79 11 BA   ADC &BA11,Y
     98F6   8D C4 B9   STA &B9C4
     98F9   B9 0D BA   LDA &BA0D,Y
     98FC   29 03      AND #&03
     98FE   79 12 BA   ADC &BA12,Y
     9901   D9 1D BA   CMP &BA1D,Y
     9904   D0 8B      BNE &9891
     9906   AD C4 B9   LDA &B9C4
     9909   D9 1C BA   CMP &BA1C,Y
     990C   D0 83      BNE &9891
     990E   4C 5F 97   JMP &975F
.CheckChannel_Yhndl_exYintch_TYA_CmpPTR
     9911   20 F6 96   JSR &96F6
.TYA_CmpPTR
     9914   98         TYA
.CmpPTR
     9915   AA         TAX
     9916   B9 12 BA   LDA &BA12,Y
     9919   DD 16 BA   CMP &BA16,X
     991C   D0 0E      BNE &992C
     991E   B9 11 BA   LDA &BA11,Y
     9921   DD 15 BA   CMP &BA15,X
     9924   D0 06      BNE &992C
     9926   B9 10 BA   LDA &BA10,Y
     9929   DD 14 BA   CMP &BA14,X
.cmpPE_exit
     992C   60         RTS
.load_then_incSeqPtr_Yintch
     992D   B9 10 BA   LDA &BA10,Y
     9930   85 BA      STA &BA
     9932   B9 13 BA   LDA &BA13,Y
     9935   85 BB      STA &BB
     9937   98         TYA
     9938   AA         TAX
     9939   FE 10 BA   INC &BA10,X
     993C   D0 0B      BNE &9949
     993E   20 66 97   JSR &9766
     9941   FE 11 BA   INC &BA11,X
     9944   D0 03      BNE &9949
     9946   FE 12 BA   INC &BA12,X
.samesector
     9949   A2 00      LDX #&00
     994B   60         RTS
.CMD_MMFS
     994C   98         TYA
     994D   A2 00      LDX #&00
     994F   A0 14      LDY #&14
.Prthelp_Xtable
     9951   48         PHA
     9952   20 9B 80   JSR &809B
     9955   0D
Macro SYSTEM_NAME:
     9956   4D 4D 46 ...
End macro SYSTEM_NAME
     995B   20
     995C   86 BF      STX &BF
     995E   84 B7      STY &B7
     9960   A2 00      LDX #&00
.verloop
     9962   BD 1E 80   LDA &801E,X
     9965   F0 06      BEQ &996D
     9967   20 DE 80   JSR &80DE
     996A   E8         INX
     996B   D0 F5      BNE &9962
.verex
     996D   A9 0D      LDA #&0D
     996F   20 DE 80   JSR &80DE
.help_dfs_loop
     9972   A9 00      LDA #&00
     9974   85 B9      STA &B9
     9976   A0 01      LDY #&01
     9978   20 2A 9A   JSR &9A2A
     997B   20 C5 99   JSR &99C5
     997E   20 7A 83   JSR &837A
     9981   C6 B7      DEC &B7
     9983   D0 ED      BNE &9972
     9985   68         PLA
     9986   A8         TAY
.morehelp
     9987   A2 A3      LDX #&A3
     9989   4C 25 87   JMP &8725
.CMD_DUTILS
     998C   98         TYA
     998D   A2 B7      LDX #&B7
     998F   A0 09      LDY #&09
     9991   D0 BE      BNE &9951
.CMD_UTILS
     9993   98         TYA
     9994   A2 76      LDX #&76
     9996   A0 04      LDY #&04
     9998   D0 B7      BNE &9951
.CMD_NOTHELPTBL
     999A   20 C0 81   JSR &81C0
     999D   F0 78      BEQ &9A17
.cmd_nothelptlb_loop
     999F   20 A5 81   JSR &81A5
     99A2   90 FB      BCC &999F
     99A4   B0 E1      BCS &9987
.Param_SyntaxErrorIfNull
     99A6   20 C0 81   JSR &81C0
     99A9   F0 01      BEQ &99AC
     99AB   60         RTS
.errSYNTAX
     99AC   20 6E 80   JSR &806E
     99AF   DC
     99B0   53 79 6E ...
     99B8   86 B9      STX &B9
     99BA   20 C5 99   JSR &99C5
     99BD   A9 00      LDA #&00
     99BF   20 18 9A   JSR &9A18
     99C2   4C 00 01   JMP &0100
.prtcmdAtBCadd1
     99C5   A9 07      LDA #&07
     99C7   85 B8      STA &B8
     99C9   A6 BF      LDX &BF
     99CB   E0 B7      CPX #&B7
     99CD   90 05      BCC &99D4
     99CF   A9 44      LDA #&44
     99D1   20 18 9A   JSR &9A18
.prtcmdloop
     99D4   E8         INX
     99D5   BD C7 85   LDA &85C7,X
     99D8   30 06      BMI &99E0
     99DA   20 18 9A   JSR &9A18
     99DD   4C D4 99   JMP &99D4
.prtcmdloop_exit
     99E0   A4 B8      LDY &B8
     99E2   30 03      BMI &99E7
     99E4   20 2A 9A   JSR &9A2A
.prtcmdnospcs
     99E7   86 BF      STX &BF
     99E9   BD C7 85   LDA &85C7,X
     99EC   29 7F      AND #&7F
     99EE   20 F4 99   JSR &99F4
     99F1   20 1F 82   JSR &821F
.prtcmdparam
     99F4   20 F3 83   JSR &83F3
     99F7   29 0F      AND #&0F
     99F9   F0 1C      BEQ &9A17
     99FB   A8         TAY
     99FC   A9 20      LDA #&20
     99FE   20 18 9A   JSR &9A18
     9A01   A2 FF      LDX #&FF
.prtcmdparam_findloop
     9A03   E8         INX
     9A04   BD 37 9A   LDA &9A37,X
     9A07   10 FA      BPL &9A03
     9A09   88         DEY
     9A0A   D0 F7      BNE &9A03
     9A0C   29 7F      AND #&7F
.prtcmdparam_loop
     9A0E   20 18 9A   JSR &9A18
     9A11   E8         INX
     9A12   BD 37 9A   LDA &9A37,X
     9A15   10 F7      BPL &9A0E
.prtcmdparamexit
     9A17   60         RTS
.prtcmd_prtchr
     9A18   20 F3 83   JSR &83F3
     9A1B   A6 B9      LDX &B9
     9A1D   F0 06      BEQ &9A25
     9A1F   E6 B9      INC &B9
     9A21   9D 00 01   STA &0100,X
     9A24   60         RTS
.prtcmdparam_prtchr
     9A25   C6 B8      DEC &B8
     9A27   4C DE 80   JMP &80DE
.prtcmd_Print_Y_Spaces_IfNotErr
     9A2A   A5 B9      LDA &B9
     9A2C   D0 08      BNE &9A36
     9A2E   A9 20      LDA #&20
.prtcmd_yspc_loop
     9A30   20 18 9A   JSR &9A18
     9A33   88         DEY
     9A34   10 FA      BPL &9A30
.prtcmd_yspc_exit
     9A36   60         RTS
.parametertable
     9A37   BC
     9A38   64 72 69 ...
     9A3E   BC
     9A3F   61 66 73 ...
     9A44   A8
     9A45   4C 29 
     9A47   A8
     9A48   3C 64 72 ...
     9A50   A8
     9A51   3C 64 72 ...
     9A5C   A8
     9A5D   3C 64 69 ...
     9A63   BC
     9A64   64 6F 73 ...
     9A6D   BC
     9A6E   66 73 70 ...
     9A72   A8
     9A73   3C 64 6F ...
     9A7E   BC
     9A7F   74 69 74 ...
     9A85   A8
     9A86   3C 6E 75 ...
     9A8C   BC
     9A8D   73 6F 75 ...
     9A9C   BC
     9A9D   6F 6C 64 ...
     9AAF   BC
     9AB0   66 69 6C ...
     9AB7   B4
     9AB8   30 2F 38 ...
     9ABC   FF
.CMD_COMPACT
     9ABD   20 D7 8B   JSR &8BD7
     9AC0   20 9B 80   JSR &809B
     9AC3   43 6F 6D ...
     9ACF   8D D1 B9   STA &B9D1
     9AD2   8D D2 B9   STA &B9D2
     9AD5   20 02 81   JSR &8102
     9AD8   20 7A 83   JSR &837A
     9ADB   A0 00      LDY #&00
     9ADD   20 F5 93   JSR &93F5
     9AE0   20 0C 93   JSR &930C
     9AE3   20 F8 A0   JSR &A0F8
     9AE6   AC 05 B8   LDY &B805
     9AE9   84 CA      STY &CA
     9AEB   A9 02      LDA #&02
     9AED   85 C8      STA &C8
     9AEF   A9 00      LDA #&00
     9AF1   85 C9      STA &C9
.compact_loop
     9AF3   A4 CA      LDY &CA
     9AF5   20 C2 82   JSR &82C2
     9AF8   C0 F8      CPY #&F8
     9AFA   D0 28      BNE &9B24
     9AFC   AD 07 B8   LDA &B807
     9AFF   38         SEC
     9B00   E5 C8      SBC &C8
     9B02   48         PHA
     9B03   AD 06 B8   LDA &B806
     9B06   29 03      AND #&03
     9B08   E5 C9      SBC &C9
     9B0A   20 02 81   JSR &8102
     9B0D   68         PLA
     9B0E   20 FA 80   JSR &80FA
     9B11   20 9B 80   JSR &809B
     9B14   20 66 72 ...
     9B21   0D
     9B22   EA         NOP
     9B23   60         RTS
.compact_checkfile
     9B24   84 CA      STY &CA
     9B26   20 44 83   JSR &8344
     9B29   A4 CA      LDY &CA
     9B2B   B9 0C B8   LDA &B80C,Y
     9B2E   C9 01      CMP #&01
     9B30   A9 00      LDA #&00
     9B32   85 BC      STA &BC
     9B34   85 C0      STA &C0
     9B36   79 0D B8   ADC &B80D,Y
     9B39   85 C4      STA &C4
     9B3B   B9 0E B8   LDA &B80E,Y
     9B3E   08         PHP
     9B3F   20 17 82   JSR &8217
     9B42   28         PLP
     9B43   69 00      ADC #&00
     9B45   85 C5      STA &C5
     9B47   B9 0F B8   LDA &B80F,Y
     9B4A   85 C6      STA &C6
     9B4C   B9 0E B8   LDA &B80E,Y
     9B4F   29 03      AND #&03
     9B51   85 C7      STA &C7
     9B53   C5 C9      CMP &C9
     9B55   D0 14      BNE &9B6B
     9B57   A5 C6      LDA &C6
     9B59   C5 C8      CMP &C8
     9B5B   D0 0E      BNE &9B6B
     9B5D   18         CLC
     9B5E   65 C4      ADC &C4
     9B60   85 C8      STA &C8
     9B62   A5 C9      LDA &C9
     9B64   65 C5      ADC &C5
     9B66   85 C9      STA &C9
     9B68   4C 83 9B   JMP &9B83
.compact_movefile
     9B6B   A5 C8      LDA &C8
     9B6D   99 0F B8   STA &B80F,Y
     9B70   B9 0E B8   LDA &B80E,Y
     9B73   29 FC      AND #&FC
     9B75   05 C9      ORA &C9
     9B77   99 0E B8   STA &B80E,Y
     9B7A   20 FF A0   JSR &A0FF
     9B7D   20 0A 9D   JSR &9D0A
     9B80   20 ED A0   JSR &A0ED
.compact_fileinfo
     9B83   A4 CA      LDY &CA
     9B85   20 49 83   JSR &8349
     9B88   4C F3 9A   JMP &9AF3
.IsEnabledOrGo
     9B8B   2C C7 B9   BIT &B9C7
     9B8E   10 07      BPL &9B97
     9B90   20 E2 9B   JSR &9BE2
     9B93   F0 02      BEQ &9B97
     9B95   68         PLA
     9B96   68         PLA
.isgo
.isgoalready
     9B97   60         RTS
.Get_CopyDATA_Drives
     9B98   20 DC 8B   JSR &8BDC
     9B9B   8D D1 B9   STA &B9D1
     9B9E   20 DC 8B   JSR &8BDC
     9BA1   8D D2 B9   STA &B9D2
     9BA4   CD D1 B9   CMP &B9D1
     9BA7   F0 2E      BEQ &9BD7
     9BA9   98         TYA
     9BAA   48         PHA
     9BAB   20 0C 93   JSR &930C
     9BAE   20 9B 80   JSR &809B
     9BB1   43 6F 70 ...
     9BBF   AD D1 B9   LDA &B9D1
     9BC2   20 98 80   JSR &8098
     9BC5   20 74 6F ...
     9BCA   AD D2 B9   LDA &B9D2
     9BCD   20 02 81   JSR &8102
     9BD0   20 7A 83   JSR &837A
     9BD3   68         PLA
     9BD4   A8         TAY
     9BD5   18         CLC
     9BD6   60         RTS
.baddrv
     9BD7   4C EF 8B   JMP &8BEF
.ConfirmYNcolon
     9BDA   20 9B 80   JSR &809B
     9BDD   20 3A 20 
     9BE0   90 0F      BCC &9BF1
.GoYN
     9BE2   20 9B 80   JSR &809B
     9BE5   47 6F 20 ...
     9BF0   EA         NOP
.ConfirmYN
     9BF1   20 0A 9C   JSR &9C0A
     9BF4   20 E0 FF   JSR &FFE0
     9BF7   B0 1D      BCS &9C16
     9BF9   29 5F      AND #&5F
     9BFB   C9 59      CMP #&59
     9BFD   08         PHP
     9BFE   F0 02      BEQ &9C02
     9C00   A9 4E      LDA #&4E
.confYN
     9C02   20 DE 80   JSR &80DE
     9C05   20 7A 83   JSR &837A
     9C08   28         PLP
     9C09   60         RTS
.osbyte0F_flushinbuf2
     9C0A   20 F3 83   JSR &83F3
     9C0D   A9 0F      LDA #&0F
     9C0F   A2 01      LDX #&01
     9C11   A0 00      LDY #&00
     9C13   4C F4 FF   JMP &FFF4
.err_ESCAPE
     9C16   4C 71 8C   JMP &8C71
.err_DISKFULL2
     9C19   4C 75 8A   JMP &8A75
.CMD_BACKUP
     9C1C   20 98 9B   JSR &9B98
     9C1F   20 8B 9B   JSR &9B8B
     9C22   A9 00      LDA #&00
     9C24   85 C7      STA &C7
     9C26   85 C9      STA &C9
     9C28   85 C8      STA &C8
     9C2A   85 C6      STA &C6
     9C2C   AD D1 B9   LDA &B9D1
     9C2F   85 CD      STA &CD
     9C31   20 FB A0   JSR &A0FB
     9C34   AD 07 B8   LDA &B807
     9C37   85 C4      STA &C4
     9C39   AD 06 B8   LDA &B806
     9C3C   29 03      AND #&03
     9C3E   85 C5      STA &C5
     9C40   AD D2 B9   LDA &B9D2
     9C43   85 CD      STA &CD
     9C45   20 FB A0   JSR &A0FB
     9C48   AD 06 B8   LDA &B806
     9C4B   29 03      AND #&03
     9C4D   C5 C5      CMP &C5
     9C4F   90 C8      BCC &9C19
     9C51   D0 07      BNE &9C5A
     9C53   AD 07 B8   LDA &B807
     9C56   C5 C4      CMP &C4
     9C58   90 BF      BCC &9C19
.backup_copy
     9C5A   20 0A 9D   JSR &9D0A
     9C5D   20 FB A0   JSR &A0FB
     9C60   A2 0A      LDX #&0A
.tloop
     9C62   E0 08      CPX #&08
     9C64   90 05      BCC &9C6B
     9C66   BD F8 B7   LDA &B7F8,X
     9C69   B0 03      BCS &9C6E
.tskip1
     9C6B   BD 00 B7   LDA &B700,X
.tskip2
     9C6E   9D 00 B9   STA &B900,X
     9C71   CA         DEX
     9C72   10 EE      BPL &9C62
     9C74   60         RTS
.CMD_COPY
     9C75   20 2A 92   JSR &922A
     9C78   20 98 9B   JSR &9B98
     9C7B   20 A6 99   JSR &99A6
     9C7E   20 49 81   JSR &8149
     9C81   AD D1 B9   LDA &B9D1
     9C84   85 CD      STA &CD
     9C86   20 38 82   JSR &8238
.copy_loop1
     9C89   A5 CC      LDA &CC
     9C8B   48         PHA
     9C8C   A5 B6      LDA &B6
     9C8E   48         PHA
     9C8F   20 49 83   JSR &8349
     9C92   A2 00      LDX #&00
.copy_loop2
     9C94   B9 08 B7   LDA &B708,Y
     9C97   95 C5      STA &C5,X
     9C99   9D 50 B9   STA &B950,X
     9C9C   B9 08 B8   LDA &B808,Y
     9C9F   95 BB      STA &BB,X
     9CA1   9D 47 B9   STA &B947,X
     9CA4   E8         INX
     9CA5   C8         INY
     9CA6   E0 08      CPX #&08
     9CA8   D0 EA      BNE &9C94
     9CAA   20 FA 9C   JSR &9CFA
     9CAD   AD D2 B9   LDA &B9D2
     9CB0   20 B8 8A   JSR &8AB8
     9CB3   A5 C2      LDA &C2
     9CB5   29 03      AND #&03
     9CB7   48         PHA
     9CB8   A5 C3      LDA &C3
     9CBA   48         PHA
     9CBB   20 FA 9C   JSR &9CFA
     9CBE   68         PLA
     9CBF   85 C8      STA &C8
     9CC1   68         PLA
     9CC2   85 C9      STA &C9
     9CC4   A5 C1      LDA &C1
     9CC6   20 17 82   JSR &8217
     9CC9   AA         TAX
     9CCA   A5 BF      LDA &BF
     9CCC   C9 01      CMP #&01
     9CCE   A5 C0      LDA &C0
     9CD0   69 00      ADC #&00
     9CD2   85 C4      STA &C4
     9CD4   8A         TXA
     9CD5   69 00      ADC #&00
     9CD7   85 C5      STA &C5
     9CD9   A5 C2      LDA &C2
     9CDB   85 C6      STA &C6
     9CDD   A5 C1      LDA &C1
     9CDF   29 03      AND #&03
     9CE1   85 C7      STA &C7
     9CE3   20 0A 9D   JSR &9D0A
     9CE6   AD D1 B9   LDA &B9D1
     9CE9   85 CD      STA &CD
     9CEB   20 F8 A0   JSR &A0F8
     9CEE   68         PLA
     9CEF   85 B6      STA &B6
     9CF1   68         PLA
     9CF2   85 CC      STA &CC
     9CF4   20 84 82   JSR &8284
     9CF7   B0 90      BCS &9C89
     9CF9   60         RTS
.cd_swapvars
     9CFA   A2 11      LDX #&11
.cd_swapvars_loop
     9CFC   BC 45 B9   LDY &B945,X
     9CFF   B5 BA      LDA &BA,X
     9D01   94 BA      STY &BA,X
     9D03   9D 45 B9   STA &B945,X
     9D06   CA         DEX
     9D07   10 F3      BPL &9CFC
     9D09   60         RTS
.CopyDATABLOCK
     9D0A   A9 00      LDA #&00
     9D0C   85 BC      STA &BC
     9D0E   85 C0      STA &C0
     9D10   AD CF B9   LDA &B9CF
     9D13   85 BD      STA &BD
     9D15   F0 57      BEQ &9D6E
.cd_loop
     9D17   A4 C4      LDY &C4
     9D19   CC D0 B9   CPY &B9D0
     9D1C   A5 C5      LDA &C5
     9D1E   E9 00      SBC #&00
     9D20   90 03      BCC &9D25
     9D22   AC D0 B9   LDY &B9D0
.cd_part
     9D25   84 C1      STY &C1
     9D27   A5 C6      LDA &C6
     9D29   85 C3      STA &C3
     9D2B   A5 C7      LDA &C7
     9D2D   85 C2      STA &C2
     9D2F   AD D1 B9   LDA &B9D1
     9D32   85 CD      STA &CD
     9D34   20 A7 8B   JSR &8BA7
     9D37   20 3D 88   JSR &883D
     9D3A   AD D2 B9   LDA &B9D2
     9D3D   85 CD      STA &CD
     9D3F   A5 C8      LDA &C8
     9D41   85 C3      STA &C3
     9D43   A5 C9      LDA &C9
     9D45   85 C2      STA &C2
     9D47   20 A7 8B   JSR &8BA7
     9D4A   20 4A 88   JSR &884A
     9D4D   A5 C1      LDA &C1
     9D4F   18         CLC
     9D50   65 C8      ADC &C8
     9D52   85 C8      STA &C8
     9D54   90 02      BCC &9D58
     9D56   E6 C9      INC &C9
.cd_inc1
     9D58   A5 C1      LDA &C1
     9D5A   18         CLC
     9D5B   65 C6      ADC &C6
     9D5D   85 C6      STA &C6
     9D5F   90 02      BCC &9D63
     9D61   E6 C7      INC &C7
.cd_inc2
     9D63   38         SEC
     9D64   A5 C4      LDA &C4
     9D66   E5 C1      SBC &C1
     9D68   85 C4      STA &C4
     9D6A   B0 02      BCS &9D6E
     9D6C   C6 C5      DEC &C5
.cd_loopentry
     9D6E   A5 C4      LDA &C4
     9D70   05 C5      ORA &C5
     9D72   D0 A3      BNE &9D17
     9D74   60         RTS
.CMD_VERIFY
     9D75   A9 00      LDA #&00
     9D77   F0 02      BEQ &9D7B
.CMD_FORM
     9D79   A9 FF      LDA #&FF
.vform1
     9D7B   85 C9      STA &C9
     9D7D   85 B2      STA &B2
     9D7F   10 15      BPL &9D96
     9D81   20 A6 99   JSR &99A6
     9D84   20 3C 84   JSR &843C
     9D87   B0 0A      BCS &9D93
     9D89   86 B5      STX &B5
     9D8B   E0 28      CPX #&28
     9D8D   F0 07      BEQ &9D96
     9D8F   E0 50      CPX #&50
     9D91   F0 03      BEQ &9D96
.vform2_syntax
     9D93   4C AC 99   JMP &99AC
.vform3_ok
     9D96   20 C0 81   JSR &81C0
     9D99   84 CA      STY &CA
     9D9B   D0 49      BNE &9DE6
     9D9D   24 C9      BIT &C9
     9D9F   30 0B      BMI &9DAC
     9DA1   20 9B 80   JSR &809B
     9DA4   56 65 72 ...
     9DAA   90 0A      BCC &9DB6
.vform4_form
     9DAC   20 9B 80   JSR &809B
     9DAF   46 6F 72 ...
     9DB5   EA         NOP
.vform4_askdrive
     9DB6   20 9B 80   JSR &809B
     9DB9   20 77 68 ...
     9DC8   EA         NOP
     9DC9   20 E0 FF   JSR &FFE0
     9DCC   B0 31      BCS &9DFF
     9DCE   C9 20      CMP #&20
     9DD0   90 30      BCC &9E02
     9DD2   20 DE 80   JSR &80DE
     9DD5   38         SEC
     9DD6   E9 30      SBC #&30
     9DD8   C9 04      CMP #&04
     9DDA   B0 26      BCS &9E02
     9DDC   85 CD      STA &CD
     9DDE   20 7A 83   JSR &837A
     9DE1   A4 CA      LDY &CA
     9DE3   4C E9 9D   JMP &9DE9
.vform5_driveloop
     9DE6   20 DF 8B   JSR &8BDF
.vform6_drivein
     9DE9   84 CA      STY &CA
     9DEB   24 B2      BIT &B2
     9DED   10 05      BPL &9DF4
     9DEF   46 B2      LSR &B2
     9DF1   20 8B 9B   JSR &9B8B
.vform7_go
     9DF4   20 05 9E   JSR &9E05
     9DF7   A4 CA      LDY &CA
     9DF9   20 C0 81   JSR &81C0
     9DFC   D0 E8      BNE &9DE6
     9DFE   60         RTS
.jmp_reportEscape
     9DFF   4C 71 8C   JMP &8C71
.jmp_errBadDrive
     9E02   4C EF 8B   JMP &8BEF
.VFCurDrv
     9E05   24 C9      BIT &C9
     9E07   30 0E      BMI &9E17
     9E09   20 9B 80   JSR &809B
     9E0C   56 65 72 ...
     9E15   90 12      BCC &9E29
.vf1
     9E17   20 9B 80   JSR &809B
     9E1A   46 6F 72 ...
     9E24   A6 CD      LDX &CD
     9E26   8E B0 B9   STX &B9B0
.vf2
     9E29   20 9B 80   JSR &809B
     9E2C   20 64 72 ...
     9E33   A5 CD      LDA &CD
     9E35   20 98 80   JSR &8098
     9E38   20 74 72 ...
     9E41   EA         NOP
     9E42   A9 63      LDA #&63
     9E44   A2 05      LDX #&05
     9E46   24 C9      BIT &C9
     9E48   30 2D      BMI &9E77
     9E4A   20 FB A0   JSR &A0FB
     9E4D   AD 06 B8   LDA &B806
     9E50   29 03      AND #&03
     9E52   AA         TAX
     9E53   AD 07 B8   LDA &B807
     9E56   A0 0A      LDY #&0A
     9E58   84 B0      STY &B0
     9E5A   A0 FF      LDY #&FF
.trkloop1
     9E5C   38         SEC
.trkloop2
     9E5D   C8         INY
     9E5E   E5 B0      SBC &B0
     9E60   B0 FB      BCS &9E5D
     9E62   CA         DEX
     9E63   10 F7      BPL &9E5C
     9E65   65 B0      ADC &B0
     9E67   48         PHA
     9E68   98         TYA
     9E69   AA         TAX
     9E6A   68         PLA
     9E6B   F0 01      BEQ &9E6E
     9E6D   E8         INX
.trkex
     9E6E   8A         TXA
     9E6F   F0 41      BEQ &9EB2
     9E71   85 B5      STA &B5
     9E73   A9 5F      LDA #&5F
     9E75   A2 03      LDX #&03
.vf4
     9E77   8D B6 B9   STA &B9B6
     9E7A   8E B5 B9   STX &B9B5
     9E7D   A9 00      LDA #&00
     9E7F   85 B4      STA &B4
.vf5_trackloop
     9E81   A9 08      LDA #&08
     9E83   20 DE 80   JSR &80DE
     9E86   20 DE 80   JSR &80DE
     9E89   A5 B4      LDA &B4
     9E8B   8D B7 B9   STA &B9B7
     9E8E   20 FA 80   JSR &80FA
     9E91   20 32 A1   JSR &A132
     9E94   F0 0A      BEQ &9EA0
     9E96   48         PHA
     9E97   A9 3F      LDA #&3F
     9E99   20 DE 80   JSR &80DE
     9E9C   68         PLA
     9E9D   4C 53 A1   JMP &A153
.vfx1
     9EA0   E6 B4      INC &B4
     9EA2   A5 B4      LDA &B4
     9EA4   C5 B5      CMP &B5
     9EA6   D0 D9      BNE &9E81
     9EA8   24 C9      BIT &C9
     9EAA   10 06      BPL &9EB2
     9EAC   20 B5 9E   JSR &9EB5
     9EAF   20 FF A0   JSR &A0FF
.vf6_exit
     9EB2   4C 7A 83   JMP &837A
.ClearCatalogue
     9EB5   A0 00      LDY #&00
     9EB7   98         TYA
.ccatloop
     9EB8   99 00 B7   STA &B700,Y
     9EBB   99 00 B8   STA &B800,Y
     9EBE   C8         INY
     9EBF   D0 F7      BNE &9EB8
     9EC1   A4 B5      LDY &B5
.loop2
     9EC3   A9 0A      LDA #&0A
     9EC5   18         CLC
     9EC6   6D 07 B8   ADC &B807
     9EC9   8D 07 B8   STA &B807
     9ECC   90 03      BCC &9ED1
     9ECE   EE 06 B8   INC &B806
.label3
     9ED1   88         DEY
     9ED2   D0 EF      BNE &9EC3
     9ED4   60         RTS
.CMD_FREE
     9ED5   38         SEC
     9ED6   B0 01      BCS &9ED9
.CMD_MAP
     9ED8   18         CLC
.Label_A7F7
     9ED9   66 C6      ROR &C6
     9EDB   20 D7 8B   JSR &8BD7
     9EDE   20 F8 A0   JSR &A0F8
     9EE1   24 C6      BIT &C6
     9EE3   30 15      BMI &9EFA
     9EE5   20 BB 80   JSR &80BB
     9EE8   41 64 64 ...
     9EF9   0D
.Label_A818_free
     9EFA   AD 06 B8   LDA &B806
     9EFD   29 03      AND #&03
     9EFF   85 C5      STA &C5
     9F01   85 C2      STA &C2
     9F03   AD 07 B8   LDA &B807
     9F06   85 C4      STA &C4
     9F08   38         SEC
     9F09   E9 02      SBC #&02
     9F0B   85 C1      STA &C1
     9F0D   B0 02      BCS &9F11
     9F0F   C6 C2      DEC &C2
.Label_A82F
     9F11   A9 02      LDA #&02
     9F13   85 BB      STA &BB
     9F15   A9 00      LDA #&00
     9F17   85 BC      STA &BC
     9F19   85 BF      STA &BF
     9F1B   85 C0      STA &C0
     9F1D   AD 05 B8   LDA &B805
     9F20   29 F8      AND #&F8
     9F22   A8         TAY
     9F23   F0 26      BEQ &9F4B
     9F25   D0 11      BNE &9F38
.Label_A845_fileloop
     9F27   20 BA 9F   JSR &9FBA
     9F2A   20 C2 82   JSR &82C2
     9F2D   A5 C4      LDA &C4
     9F2F   38         SEC
     9F30   E5 BB      SBC &BB
     9F32   A5 C5      LDA &C5
     9F34   E5 BC      SBC &BC
     9F36   90 13      BCC &9F4B
.Label_A856_fileloop_entry
     9F38   B9 07 B8   LDA &B807,Y
     9F3B   38         SEC
     9F3C   E5 BB      SBC &BB
     9F3E   85 C1      STA &C1
     9F40   B9 06 B8   LDA &B806,Y
     9F43   29 03      AND #&03
     9F45   E5 BC      SBC &BC
     9F47   85 C2      STA &C2
     9F49   90 DC      BCC &9F27
.Label_A86B_nofiles
     9F4B   84 BD      STY &BD
     9F4D   24 C6      BIT &C6
     9F4F   30 2B      BMI &9F7C
     9F51   A5 C1      LDA &C1
     9F53   05 C2      ORA &C2
     9F55   F0 25      BEQ &9F7C
     9F57   A5 BC      LDA &BC
     9F59   20 12 81   JSR &8112
     9F5C   A5 BB      LDA &BB
     9F5E   20 0A 81   JSR &810A
     9F61   20 BB 80   JSR &80BB
     9F64   20 20 20 ...
     9F6C   A5 C2      LDA &C2
     9F6E   20 12 81   JSR &8112
     9F71   A5 C1      LDA &C1
     9F73   20 0A 81   JSR &810A
     9F76   20 E7 FF   JSR &FFE7
     9F79   20 BA 9F   JSR &9FBA
.Label_A87A_free
     9F7C   A5 C1      LDA &C1
     9F7E   18         CLC
     9F7F   65 BF      ADC &BF
     9F81   85 BF      STA &BF
     9F83   A5 C2      LDA &C2
     9F85   65 C0      ADC &C0
     9F87   85 C0      STA &C0
     9F89   A4 BD      LDY &BD
     9F8B   D0 9A      BNE &9F27
     9F8D   24 C6      BIT &C6
     9F8F   10 28      BPL &9FB9
     9F91   A8         TAY
     9F92   A6 BF      LDX &BF
     9F94   A9 F8      LDA #&F8
     9F96   38         SEC
     9F97   ED 05 B8   SBC &B805
     9F9A   20 E4 9F   JSR &9FE4
     9F9D   46 72 65 ...
     9FA1   0D
     9FA2   A5 C4      LDA &C4
     9FA4   38         SEC
     9FA5   E5 BF      SBC &BF
     9FA7   AA         TAX
     9FA8   A5 C5      LDA &C5
     9FAA   E5 C0      SBC &C0
     9FAC   A8         TAY
     9FAD   AD 05 B8   LDA &B805
     9FB0   20 E4 9F   JSR &9FE4
     9FB3   55 73 65 ...
     9FB7   0D
     9FB8   EA         NOP
.Label_A8BD_rst
     9FB9   60         RTS
.Sub_A8E2_nextblock
     9FBA   B9 06 B8   LDA &B806,Y
     9FBD   48         PHA
     9FBE   20 17 82   JSR &8217
     9FC1   85 BC      STA &BC
     9FC3   68         PLA
     9FC4   29 03      AND #&03
     9FC6   18         CLC
     9FC7   65 BC      ADC &BC
     9FC9   85 BC      STA &BC
     9FCB   B9 04 B8   LDA &B804,Y
     9FCE   C9 01      CMP #&01
     9FD0   A9 00      LDA #&00
     9FD2   79 05 B8   ADC &B805,Y
     9FD5   90 02      BCC &9FD9
     9FD7   E6 BC      INC &BC
.Label_A902
     9FD9   18         CLC
     9FDA   79 07 B8   ADC &B807,Y
     9FDD   85 BB      STA &BB
     9FDF   90 02      BCC &9FE3
     9FE1   E6 BC      INC &BC
.Label_A90C
     9FE3   60         RTS
.Sub_A90D_freeinfo
     9FE4   4A         LSR A
     9FE5   4A         LSR A
     9FE6   4A         LSR A
     9FE7   20 07 81   JSR &8107
     9FEA   20 BB 80   JSR &80BB
     9FED   20 46 69 ...
     9FF4   86 BC      STX &BC
     9FF6   84 BD      STY &BD
     9FF8   98         TYA
     9FF9   20 12 81   JSR &8112
     9FFC   8A         TXA
     9FFD   20 0A 81   JSR &810A
     A000   20 BB 80   JSR &80BB
     A003   20 53 65 ...
     A00C   A9 00      LDA #&00
     A00E   85 BB      STA &BB
     A010   85 BE      STA &BE
     A012   A2 1F      LDX #&1F
     A014   86 C1      STX &C1
     A016   A2 09      LDX #&09
.Label_A941_loop1
     A018   9D 00 B9   STA &B900,X
     A01B   CA         DEX
     A01C   10 FA      BPL &A018
.Label_A947_loop2
     A01E   06 BB      ASL &BB
     A020   26 BC      ROL &BC
     A022   26 BD      ROL &BD
     A024   26 BE      ROL &BE
     A026   A2 00      LDX #&00
     A028   A0 09      LDY #&09
.Label_A953_loop3
     A02A   BD 00 B9   LDA &B900,X
     A02D   2A         ROL A
     A02E   C9 0A      CMP #&0A
     A030   90 02      BCC &A034
     A032   E9 0A      SBC #&0A
.Label_A95D
     A034   9D 00 B9   STA &B900,X
     A037   E8         INX
     A038   88         DEY
     A039   10 EF      BPL &A02A
     A03B   C6 C1      DEC &C1
     A03D   10 DF      BPL &A01E
     A03F   A0 20      LDY #&20
     A041   A2 05      LDX #&05
.Label_A96C_loop4
     A043   D0 02      BNE &A047
     A045   A0 2C      LDY #&2C
.Label_A970
     A047   BD 00 B9   LDA &B900,X
     A04A   D0 07      BNE &A053
     A04C   C0 2C      CPY #&2C
     A04E   F0 03      BEQ &A053
     A050   98         TYA
     A051   D0 04      BNE &A057
.Label_A97D
     A053   A0 2C      LDY #&2C
     A055   09 30      ORA #&30
.Label_A982
     A057   20 EE FF   JSR &FFEE
     A05A   E0 03      CPX #&03
     A05C   D0 04      BNE &A062
     A05E   98         TYA
     A05F   20 EE FF   JSR &FFEE
.Label_A98D
     A062   CA         DEX
     A063   10 DE      BPL &A043
     A065   20 BB 80   JSR &80BB
     A068   20 42 79 ...
     A06F   EA         NOP
     A070   4C BB 80   JMP &80BB
.CalculateCRC7
     A073   A0 0F      LDY #&0F
     A075   A9 00      LDA #&00
.c7loop1
     A077   59 E0 B9   EOR &B9E0,Y
     A07A   0A         ASL A
     A07B   A2 07      LDX #&07
.c7loop2
     A07D   90 02      BCC &A081
     A07F   49 12      EOR #&12
.c7b7z1
     A081   0A         ASL A
     A082   CA         DEX
     A083   D0 F8      BNE &A07D
     A085   90 02      BCC &A089
     A087   49 12      EOR #&12
.c7b7z2
     A089   88         DEY
     A08A   10 EB      BPL &A077
     A08C   09 01      ORA #&01
     A08E   60         RTS
.CheckCRC7
     A08F   20 F3 83   JSR &83F3
     A092   20 73 A0   JSR &A073
     A095   CD F0 B9   CMP &B9F0
     A098   D0 01      BNE &A09B
     A09A   60         RTS
.errBadSum
     A09B   20 54 80   JSR &8054
     A09E   FF
     A09F   53 75 6D 
     A0A2   00
.ResetCRC7
     A0A3   20 F3 83   JSR &83F3
     A0A6   20 73 A0   JSR &A073
     A0A9   8D F0 B9   STA &B9F0
     A0AC   18         CLC
     A0AD   60         RTS
.CheckForException
     A0AE   AD 74 B9   LDA &B974
     A0B1   2D 75 B9   AND &B975
     A0B4   0D D6 B9   ORA &B9D6
     A0B7   49 FF      EOR #&FF
     A0B9   D0 1E      BNE &A0D9
     A0BB   A5 C2      LDA &C2
     A0BD   29 30      AND #&30
     A0BF   D0 19      BNE &A0DA
     A0C1   A5 C1      LDA &C1
     A0C3   30 15      BMI &A0DA
     A0C5   18         CLC
     A0C6   A5 BC      LDA &BC
     A0C8   65 C0      ADC &C0
     A0CA   AA         TAX
     A0CB   A5 BD      LDA &BD
     A0CD   30 0B      BMI &A0DA
     A0CF   65 C1      ADC &C1
     A0D1   10 06      BPL &A0D9
     A0D3   0A         ASL A
     A0D4   D0 04      BNE &A0DA
     A0D6   8A         TXA
     A0D7   D0 01      BNE &A0DA
.noexception
     A0D9   60         RTS
.errException
     A0DA   20 6E 80   JSR &806E
     A0DD   FF
     A0DE   4E 6F 74 ...
     A0E9   00
.Set_CurDirDrv_ToDefaults_CheckCurDrvCat
     A0EA   20 CA 8B   JSR &8BCA
.CheckCurDrvCat
     A0ED   AD 82 B9   LDA &B982
     A0F0   C5 CD      CMP &CD
     A0F2   D0 07      BNE &A0FB
     A0F4   60         RTS
.Set_CurDirDrv_ToDefaults_and_load
     A0F5   20 CA 8B   JSR &8BCA
.LoadCurDrvCat2
     A0F8   20 F3 83   JSR &83F3
.LoadCurDrvCat
     A0FB   A9 53      LDA #&53
     A0FD   D0 0D      BNE &A10C
.SaveCatToDisk
     A0FF   AD 04 B8   LDA &B804
     A102   18         CLC
     A103   F8         SED
     A104   69 01      ADC #&01
     A106   8D 04 B8   STA &B804
     A109   D8         CLD
     A10A   A9 4B      LDA #&4B
.exec_cat_rw
     A10C   48         PHA
     A10D   A5 CD      LDA &CD
     A10F   A2 00      LDX #&00
.loop
     A111   9D B0 B9   STA &B9B0,X
     A114   BD 29 A1   LDA &A129,X
     A117   E8         INX
     A118   E0 0A      CPX #&0A
     A11A   D0 F5      BNE &A111
     A11C   68         PLA
     A11D   8D B6 B9   STA &B9B6
     A120   20 50 A1   JSR &A150
     A123   A5 CD      LDA &CD
     A125   8D 82 B9   STA &B982
     A128   60         RTS
.datax
     A129   00
     A12A   B7
     A12B   FF
     A12C   FF
     A12D   03
     A12E   53
     A12F   00
     A130   00
     A131   22
.OW7F_Execute
     A132   A5 B0      LDA &B0
     A134   48         PHA
     A135   A5 B1      LDA &B1
     A137   48         PHA
     A138   A9 B0      LDA #&B0
     A13A   85 B0      STA &B0
     A13C   A9 B9      LDA #&B9
     A13E   85 B1      STA &B1
     A140   20 43 B0   JSR &B043
     A143   68         PLA
     A144   85 B1      STA &B1
     A146   68         PLA
     A147   85 B0      STA &B0
     A149   AE B5 B9   LDX &B9B5
     A14C   BD B7 B9   LDA &B9B7,X
     A14F   60         RTS
.OW7F_Execute_and_ReportIfDiskFault
     A150   20 32 A1   JSR &A132
.ReportIfDiskFault
     A153   D0 01      BNE &A156
     A155   60         RTS
.l0
     A156   C9 10      CMP #&10
     A158   D0 10      BNE &A16A
     A15A   20 5E 80   JSR &805E
     A15D   C7
     A15E   44 72 69 ...
     A169   00
.l1
     A16A   C9 12      CMP #&12
     A16C   D0 0E      BNE &A17C
     A16E   20 49 80   JSR &8049
     A171   C9
     A172   72 65 61 ...
     A17B   00
.l2
     A17C   A5 CD      LDA &CD
     A17E   8D B0 B9   STA &B9B0
     A181   A2 06      LDX #&06
.loop1
     A183   BD DF A1   LDA &A1DF,X
     A186   9D B1 B9   STA &B9B1,X
     A189   CA         DEX
     A18A   10 F7      BPL &A183
     A18C   20 32 A1   JSR &A132
     A18F   48         PHA
     A190   A5 CD      LDA &CD
     A192   29 02      AND #&02
     A194   0A         ASL A
     A195   0A         ASL A
     A196   69 12      ADC #&12
     A198   8D B7 B9   STA &B9B7
     A19B   20 32 A1   JSR &A132
     A19E   48         PHA
     A19F   20 49 80   JSR &8049
     A1A2   00         BRK
     A1A3   EA         NOP
     A1A4   20 75 80   JSR &8075
     A1A7   C7
     A1A8   73 65 63 ...
     A1BC   EA         NOP
     A1BD   A9 3A      LDA #&3A
     A1BF   20 3E B0   JSR &B03E
     A1C2   A5 CD      LDA &CD
     A1C4   20 89 8C   JSR &8C89
     A1C7   A9 20      LDA #&20
     A1C9   20 3E B0   JSR &B03E
     A1CC   68         PLA
     A1CD   20 81 8C   JSR &8C81
     A1D0   A9 2F      LDA #&2F
     A1D2   20 3E B0   JSR &B03E
     A1D5   68         PLA
     A1D6   20 81 8C   JSR &8C81
     A1D9   20 75 80   JSR &8075
     A1DC   C7
     A1DD   00
     A1DE   EA         NOP
.spec
     A1DF   00
     A1E0   00
     A1E1   00
     A1E2   00
     A1E3   01
     A1E4   7D
     A1E5   06
.bcd_inc16_zp_x_A8
     A1E6   A2 A8      LDX #&A8
.bcd_inc16_zp_x
     A1E8   F8         SED
     A1E9   18         CLC
     A1EA   B5 00      LDA &00,X
     A1EC   69 01      ADC #&01
     A1EE   95 00      STA &00,X
     A1F0   B5 01      LDA &01,X
     A1F2   69 00      ADC #&00
     A1F4   95 01      STA &01,X
     A1F6   D8         CLD
     A1F7   60         RTS
Including file MMC_UserPort.asm
.MMC_SendingData
     A1F8   20 57 A2   JSR &A257
     A1FB   A9 FE      LDA #&FE
.UP_WriteByte
     A1FD   0A         ASL A
     A1FE   2A         ROL A
     A1FF   29 FD      AND #&FD
     A201   8D B0 FC   STA &FCB0
     A204   09 02      ORA #&02
     A206   8D B0 FC   STA &FCB0
     A209   2A         ROL A
     A20A   29 FD      AND #&FD
     A20C   8D B0 FC   STA &FCB0
     A20F   09 02      ORA #&02
     A211   8D B0 FC   STA &FCB0
     A214   2A         ROL A
     A215   29 FD      AND #&FD
     A217   8D B0 FC   STA &FCB0
     A21A   09 02      ORA #&02
     A21C   8D B0 FC   STA &FCB0
     A21F   2A         ROL A
     A220   29 FD      AND #&FD
     A222   8D B0 FC   STA &FCB0
     A225   09 02      ORA #&02
     A227   8D B0 FC   STA &FCB0
     A22A   2A         ROL A
     A22B   29 FD      AND #&FD
     A22D   8D B0 FC   STA &FCB0
     A230   09 02      ORA #&02
     A232   8D B0 FC   STA &FCB0
     A235   2A         ROL A
     A236   29 FD      AND #&FD
     A238   8D B0 FC   STA &FCB0
     A23B   09 02      ORA #&02
     A23D   8D B0 FC   STA &FCB0
     A240   2A         ROL A
     A241   29 FD      AND #&FD
     A243   8D B0 FC   STA &FCB0
     A246   09 02      ORA #&02
     A248   8D B0 FC   STA &FCB0
     A24B   2A         ROL A
     A24C   29 FD      AND #&FD
     A24E   8D B0 FC   STA &FCB0
     A251   09 02      ORA #&02
     A253   8D B0 FC   STA &FCB0
     A256   60         RTS
.MMC_16Clocks
     A257   A0 02      LDY #&02
.MMC_Clocks
.MMC_SlowClocks
.clku1
     A259   20 FA A2   JSR &A2FA
     A25C   88         DEY
     A25D   D0 FA      BNE &A259
     A25F   60         RTS
.MMC_DoCommand
     A260   A2 00      LDX #&00
     A262   A0 07      LDY #&07
.dcmdu1
     A264   BD 87 B9   LDA &B987,X
     A267   20 FD A1   JSR &A1FD
     A26A   E8         INX
     A26B   88         DEY
     A26C   D0 F6      BNE &A264
.waitresp_up
     A26E   A2 01      LDX #&01
     A270   A0 00      LDY #&00
.wrup
     A272   88         DEY
     A273   F0 0F      BEQ &A284
     A275   A9 03      LDA #&03
     A277   8E B0 FC   STX &FCB0
     A27A   8D B0 FC   STA &FCB0
     A27D   AD BA FC   LDA &FCBA
     A280   29 01      AND #&01
     A282   D0 EE      BNE &A272
.wrup_timeout
     A284   A9 03      LDA #&03
.UP_ReadBits7
     A286   8E B0 FC   STX &FCB0
     A289   8D B0 FC   STA &FCB0
     A28C   8E B0 FC   STX &FCB0
     A28F   8D B0 FC   STA &FCB0
     A292   8E B0 FC   STX &FCB0
     A295   8D B0 FC   STA &FCB0
     A298   8E B0 FC   STX &FCB0
     A29B   8D B0 FC   STA &FCB0
     A29E   8E B0 FC   STX &FCB0
     A2A1   8D B0 FC   STA &FCB0
     A2A4   8E B0 FC   STX &FCB0
     A2A7   8D B0 FC   STA &FCB0
     A2AA   8E B0 FC   STX &FCB0
     A2AD   8D B0 FC   STA &FCB0
     A2B0   AD BA FC   LDA &FCBA
     A2B3   60         RTS
.MMC_WaitForData
.wlu1
     A2B4   20 FA A2   JSR &A2FA
     A2B7   C9 FE      CMP #&FE
     A2B9   D0 F9      BNE &A2B4
     A2BB   60         RTS
.MMC_Read256
     A2BC   A2 00      LDX #&00
     A2BE   F0 02      BEQ &A2C2
.MMC_ReadBLS
     A2C0   A6 C6      LDX &C6
.MMC_ReadX
     A2C2   20 42 A3   JSR &A342
     A2C5   A0 00      LDY #&00
     A2C7   AD AE B9   LDA &B9AE
     A2CA   D0 0A      BNE &A2D6
.MMC_ReadToMemory
     A2CC   20 10 A3   JSR &A310
     A2CF   91 BC      STA (&BC),Y
     A2D1   C8         INY
     A2D2   CA         DEX
     A2D3   D0 F7      BNE &A2CC
     A2D5   60         RTS
.MMC_ReadToTube
     A2D6   20 10 A3   JSR &A310
     A2D9   8D E5 FC   STA &FCE5
     A2DC   EA         NOP
     A2DD   EA         NOP
     A2DE   EA         NOP
     A2DF   C8         INY
     A2E0   CA         DEX
     A2E1   D0 F3      BNE &A2D6
.tube_delay
     A2E3   60         RTS
.MMC_ReadBuffer
     A2E4   A2 FF      LDX #&FF
     A2E6   8E 82 B9   STX &B982
     A2E9   E8         INX
     A2EA   20 42 A3   JSR &A342
     A2ED   A0 00      LDY #&00
.rdbuf2
     A2EF   20 10 A3   JSR &A310
     A2F2   99 00 B7   STA &B700,Y
     A2F5   C8         INY
     A2F6   CA         DEX
     A2F7   D0 F6      BNE &A2EF
     A2F9   60         RTS
.MMC_GetByte
.UP_ReadByteX
     A2FA   A9 03      LDA #&03
     A2FC   8D B0 FC   STA &FCB0
     A2FF   20 42 A3   JSR &A342
     A302   A9 04      LDA #&04
.lastByte
     A304   2C BD FC   BIT &FCBD
     A307   F0 FB      BEQ &A304
     A309   20 31 A3   JSR &A331
     A30C   AD BA FC   LDA &FCBA
     A30F   60         RTS
.WaitForShiftDone
     A310   A9 04      LDA #&04
     A312   E0 01      CPX #&01
     A314   F0 EE      BEQ &A304
.notLastByte
     A316   2C BD FC   BIT &FCBD
     A319   F0 FB      BEQ &A316
     A31B   AD BA FC   LDA &FCBA
     A31E   60         RTS
.MMC_DEVICE_RESET
     A31F   A9 03      LDA #&03
     A321   8D B0 FC   STA &FCB0
     A324   AD B2 FC   LDA &FCB2
     A327   09 03      ORA #&03
     A329   8D B2 FC   STA &FCB2
     A32C   A9 1C      LDA #&1C
     A32E   8D BE FC   STA &FCBE
.ShiftRegMode0
     A331   AD BB FC   LDA &FCBB
     A334   29 E3      AND #&E3
     A336   8D BB FC   STA &FCBB
     A339   AD B2 FC   LDA &FCB2
     A33C   09 02      ORA #&02
     A33E   8D B2 FC   STA &FCB2
     A341   60         RTS
.ShiftRegMode2
     A342   AD B2 FC   LDA &FCB2
     A345   29 FD      AND #&FD
     A347   8D B2 FC   STA &FCB2
     A34A   AD BB FC   LDA &FCBB
     A34D   29 E3      AND #&E3
     A34F   09 08      ORA #&08
     A351   8D BB FC   STA &FCBB
     A354   AD BA FC   LDA &FCBA
     A357   60         RTS
.MMC_EndWrite
     A358   20 57 A2   JSR &A257
.ewu1
     A35B   20 FA A2   JSR &A2FA
     A35E   A8         TAY
     A35F   29 1F      AND #&1F
     A361   C9 1F      CMP #&1F
     A363   F0 F6      BEQ &A35B
     A365   C9 05      CMP #&05
     A367   D0 2E      BNE &A397
.ewu2
     A369   20 FA A2   JSR &A2FA
     A36C   C9 FF      CMP #&FF
     A36E   D0 F9      BNE &A369
     A370   60         RTS
.MMC_Write256
     A371   AC AE B9   LDY &B9AE
     A374   D0 09      BNE &A37F
.wru1
     A376   B1 BC      LDA (&BC),Y
     A378   20 FD A1   JSR &A1FD
     A37B   C8         INY
     A37C   D0 F8      BNE &A376
     A37E   60         RTS
.wruT1
     A37F   A0 00      LDY #&00
.wruT2
     A381   AD E5 FC   LDA &FCE5
     A384   20 FD A1   JSR &A1FD
     A387   C8         INY
     A388   D0 F7      BNE &A381
     A38A   60         RTS
.MMC_WriteBuffer
     A38B   A0 00      LDY #&00
.wbu1
     A38D   B9 00 B7   LDA &B700,Y
     A390   20 FD A1   JSR &A1FD
     A393   C8         INY
     A394   D0 F7      BNE &A38D
     A396   60         RTS
Processed file 'MMC_UserPort.asm' ok
.errWrite2
     A397   98         TYA
     A398   20 00 B0   JSR &B000
     A39B   57 72 69 ...
     A3B0   00
Including file MMC.asm
.MMC_SetCommand
     A3B1   8D 88 B9   STA &B988
     A3B4   A9 00      LDA #&00
     A3B6   8D 89 B9   STA &B989
     A3B9   8D 8A B9   STA &B98A
     A3BC   8D 8B B9   STA &B98B
     A3BF   8D 8C B9   STA &B98C
     A3C2   A9 FF      LDA #&FF
     A3C4   8D 87 B9   STA &B987
     A3C7   8D 8D B9   STA &B98D
     A3CA   8D 8E B9   STA &B98E
     A3CD   60         RTS
.MMC_INIT
     A3CE   20 35 80   JSR &8035
     A3D1   A9 00      LDA #&00
     A3D3   8D AF B9   STA &B9AF
     A3D6   A9 32      LDA #&32
     A3D8   85 C1      STA &C1
.iloop
     A3DA   A0 0A      LDY #&0A
     A3DC   20 59 A2   JSR &A259
     A3DF   A9 40      LDA #&40
     A3E1   20 B1 A3   JSR &A3B1
     A3E4   A9 95      LDA #&95
     A3E6   8D 8D B9   STA &B98D
     A3E9   20 60 A2   JSR &A260
     A3EC   29 81      AND #&81
     A3EE   C9 01      CMP #&01
     A3F0   D0 2F      BNE &A421
     A3F2   8D DE B9   STA &B9DE
     A3F5   A9 48      LDA #&48
     A3F7   20 B1 A3   JSR &A3B1
     A3FA   A9 01      LDA #&01
     A3FC   8D 8B B9   STA &B98B
     A3FF   A9 AA      LDA #&AA
     A401   8D 8C B9   STA &B98C
     A404   A9 87      LDA #&87
     A406   8D 8D B9   STA &B98D
     A409   20 60 A2   JSR &A260
     A40C   C9 01      CMP #&01
     A40E   F0 24      BEQ &A434
     A410   A9 00      LDA #&00
     A412   8D DE B9   STA &B9DE
.il1
     A415   A9 41      LDA #&41
     A417   20 B1 A3   JSR &A3B1
     A41A   20 60 A2   JSR &A260
     A41D   C9 02      CMP #&02
     A41F   90 09      BCC &A42A
.ifail
     A421   C6 C1      DEC &C1
     A423   D0 B5      BNE &A3DA
.ifaildone
     A425   20 41 80   JSR &8041
     A428   38         SEC
     A429   60         RTS
.il11
     A42A   24 FF      BIT &FF
     A42C   30 F3      BMI &A421
     A42E   C9 00      CMP #&00
     A430   D0 E3      BNE &A415
     A432   F0 42      BEQ &A476
.isdhc
     A434   20 FA A2   JSR &A2FA
     A437   20 FA A2   JSR &A2FA
     A43A   20 FA A2   JSR &A2FA
     A43D   20 FA A2   JSR &A2FA
.isdhc2
     A440   A9 77      LDA #&77
     A442   20 B1 A3   JSR &A3B1
     A445   20 60 A2   JSR &A260
     A448   A9 69      LDA #&69
     A44A   20 B1 A3   JSR &A3B1
     A44D   A9 40      LDA #&40
     A44F   8D 89 B9   STA &B989
     A452   20 60 A2   JSR &A260
     A455   D0 E9      BNE &A440
     A457   A9 7A      LDA #&7A
     A459   20 B1 A3   JSR &A3B1
     A45C   20 60 A2   JSR &A260
     A45F   D0 C0      BNE &A421
     A461   20 FA A2   JSR &A2FA
     A464   29 40      AND #&40
     A466   48         PHA
     A467   20 FA A2   JSR &A2FA
     A46A   20 FA A2   JSR &A2FA
     A46D   20 FA A2   JSR &A2FA
     A470   68         PLA
     A471   D0 03      BNE &A476
     A473   8D DE B9   STA &B9DE
.iok
     A476   A9 50      LDA #&50
     A478   20 B1 A3   JSR &A3B1
     A47B   A9 02      LDA #&02
     A47D   8D 8B B9   STA &B98B
     A480   20 60 A2   JSR &A260
     A483   D0 0A      BNE &A48F
     A485   A9 40      LDA #&40
     A487   8D AF B9   STA &B9AF
     A48A   20 41 80   JSR &8041
     A48D   18         CLC
     A48E   60         RTS
.blkerr
     A48F   20 00 B0   JSR &B000
     A492   53 65 74 ...
     A4A6   00
.MMC_GetCIDCRC
     A4A7   A9 4A      LDA #&4A
     A4A9   20 B1 A3   JSR &A3B1
     A4AC   20 F4 A4   JSR &A4F4
     A4AF   A0 10      LDY #&10
     A4B1   20 59 A2   JSR &A259
     A4B4   20 FA A2   JSR &A2FA
     A4B7   A8         TAY
     A4B8   4C FA A2   JMP &A2FA
.MMC_SetupWrite
     A4BB   A9 58      LDA #&58
     A4BD   D0 02      BNE &A4C1
.MMC_SetupRead
     A4BF   A9 51      LDA #&51
.setuprw
     A4C1   20 B1 A3   JSR &A3B1
.setCommandAddress
     A4C4   AD DE B9   LDA &B9DE
     A4C7   D0 13      BNE &A4DC
     A4C9   8D 8C B9   STA &B98C
     A4CC   A5 C0      LDA &C0
     A4CE   8D 89 B9   STA &B989
     A4D1   A5 BF      LDA &BF
     A4D3   8D 8A B9   STA &B98A
     A4D6   A5 BE      LDA &BE
     A4D8   8D 8B B9   STA &B98B
     A4DB   60         RTS
.setCommandAddressSDHC
     A4DC   A9 00      LDA #&00
     A4DE   8D 89 B9   STA &B989
     A4E1   A5 C0      LDA &C0
     A4E3   4A         LSR A
     A4E4   8D 8A B9   STA &B98A
     A4E7   A5 BF      LDA &BF
     A4E9   6A         ROR A
     A4EA   8D 8B B9   STA &B98B
     A4ED   A5 BE      LDA &BE
     A4EF   6A         ROR A
     A4F0   8D 8C B9   STA &B98C
     A4F3   60         RTS
.MMC_StartRead
     A4F4   20 60 A2   JSR &A260
     A4F7   D0 03      BNE &A4FC
     A4F9   4C B4 A2   JMP &A2B4
.errRead
     A4FC   20 00 B0   JSR &B000
     A4FF   52 65 61 ...
     A50A   00
.MMC_StartWrite
     A50B   20 60 A2   JSR &A260
     A50E   D0 03      BNE &A513
     A510   4C F8 A1   JMP &A1F8
.errWrite
     A513   20 00 B0   JSR &B000
     A516   57 72 69 ...
     A522   00
.SetupCatRW
     A523   20 35 80   JSR &8035
     A526   A9 00      LDA #&00
     A528   8D AE B9   STA &B9AE
     A52B   85 BC      STA &BC
     A52D   A9 B7      LDA #&B7
     A52F   85 BD      STA &BD
     A531   60         RTS
.MMC_ReadCatalogue
     A532   20 23 A5   JSR &A523
     A535   20 BF A4   JSR &A4BF
     A538   20 F4 A4   JSR &A4F4
     A53B   20 BC A2   JSR &A2BC
     A53E   E6 BD      INC &BD
     A540   20 BC A2   JSR &A2BC
     A543   20 57 A2   JSR &A257
     A546   4C 41 80   JMP &8041
.MMC_WriteCatalogue
     A549   20 23 A5   JSR &A523
     A54C   20 BB A4   JSR &A4BB
     A54F   20 0B A5   JSR &A50B
     A552   20 71 A3   JSR &A371
     A555   E6 BD      INC &BD
     A557   20 71 A3   JSR &A371
     A55A   20 58 A3   JSR &A358
     A55D   4C 41 80   JMP &8041
.MMC_RWBlock_CheckIfToTube
     A560   48         PHA
     A561   AD AC B9   LDA &B9AC
     A564   2D AD B9   AND &B9AD
     A567   0D D6 B9   ORA &B9D6
     A56A   49 FF      EOR #&FF
     A56C   8D AE B9   STA &B9AE
     A56F   38         SEC
     A570   F0 0D      BEQ &A57F
     A572   20 56 8C   JSR &8C56
     A575   A2 AA      LDX #&AA
     A577   A0 B9      LDY #&B9
     A579   68         PLA
     A57A   48         PHA
     A57B   20 06 04   JSR &0406
     A57E   18         CLC
.notTube
     A57F   68         PLA
     A580   60         RTS
.MMC_ReadBlock
     A581   4E A6 B9   LSR &B9A6
     A584   20 35 80   JSR &8035
     A587   20 91 A5   JSR &A591
     A58A   4C 41 80   JMP &8041
.rb_err
     A58D   6E A6 B9   ROR &B9A6
.rb1_exit
     A590   60         RTS
.rdblk
     A591   A6 C4      LDX &C4
     A593   D0 04      BNE &A599
     A595   A5 C5      LDA &C5
     A597   F0 F7      BEQ &A590
.rb1
     A599   A9 01      LDA #&01
     A59B   20 60 A5   JSR &A560
     A59E   A6 C4      LDX &C4
     A5A0   66 BE      ROR &BE
     A5A2   66 C1      ROR &C1
     A5A4   10 07      BPL &A5AD
     A5A6   E8         INX
     A5A7   86 C4      STX &C4
     A5A9   D0 02      BNE &A5AD
     A5AB   E6 C5      INC &C5
.rb2
     A5AD   06 BE      ASL &BE
     A5AF   20 BF A4   JSR &A4BF
     A5B2   A5 C5      LDA &C5
     A5B4   D0 0E      BNE &A5C4
     A5B6   A6 C4      LDX &C4
     A5B8   E0 03      CPX #&03
     A5BA   B0 08      BCS &A5C4
.rb4_loop
     A5BC   A5 C6      LDA &C6
     A5BE   D0 47      BNE &A607
     A5C0   E0 01      CPX #&01
     A5C2   F0 3A      BEQ &A5FE
.rb3
     A5C4   24 C1      BIT &C1
     A5C6   10 0D      BPL &A5D5
     A5C8   20 F4 A4   JSR &A4F4
     A5CB   A0 00      LDY #&00
     A5CD   84 C1      STY &C1
     A5CF   20 59 A2   JSR &A259
     A5D2   4C DD A5   JMP &A5DD
.rb6_loop
     A5D5   20 F4 A4   JSR &A4F4
     A5D8   20 BC A2   JSR &A2BC
     A5DB   E6 BD      INC &BD
.rb7
     A5DD   20 BC A2   JSR &A2BC
     A5E0   E6 BD      INC &BD
     A5E2   20 57 A2   JSR &A257
     A5E5   20 E0 A6   JSR &A6E0
     A5E8   F0 A6      BEQ &A590
     A5EA   20 94 AF   JSR &AF94
     A5ED   B0 9E      BCS &A58D
     A5EF   20 BF A4   JSR &A4BF
     A5F2   A6 C4      LDX &C4
     A5F4   A5 C5      LDA &C5
     A5F6   D0 DD      BNE &A5D5
     A5F8   E0 03      CPX #&03
     A5FA   B0 D9      BCS &A5D5
     A5FC   90 BE      BCC &A5BC
.rb9
     A5FE   20 F4 A4   JSR &A4F4
     A601   20 BC A2   JSR &A2BC
     A604   4C 2E A6   JMP &A62E
.rb5
     A607   20 F4 A4   JSR &A4F4
     A60A   24 C1      BIT &C1
     A60C   10 08      BPL &A616
     A60E   A0 00      LDY #&00
     A610   20 59 A2   JSR &A259
     A613   4C 1F A6   JMP &A61F
.rbx1
     A616   C6 C4      DEC &C4
     A618   F0 05      BEQ &A61F
     A61A   20 BC A2   JSR &A2BC
     A61D   E6 BD      INC &BD
.rbx2
     A61F   20 C0 A2   JSR &A2C0
     A622   98         TYA
     A623   49 FF      EOR #&FF
     A625   A8         TAY
     A626   C8         INY
     A627   20 59 A2   JSR &A259
     A62A   A5 C4      LDA &C4
     A62C   D0 05      BNE &A633
.rbx4
     A62E   A0 00      LDY #&00
     A630   20 59 A2   JSR &A259
.rbx3
     A633   4C 57 A2   JMP &A257
.wb1_exit
     A636   60         RTS
.MMC_WriteBlock
     A637   4E A6 B9   LSR &B9A6
     A63A   20 35 80   JSR &8035
     A63D   20 43 A6   JSR &A643
     A640   4C 41 80   JMP &8041
.wrblk
     A643   A6 C4      LDX &C4
     A645   D0 04      BNE &A64B
     A647   A5 C5      LDA &C5
     A649   F0 EB      BEQ &A636
.wb1
     A64B   A9 00      LDA #&00
     A64D   20 60 A5   JSR &A560
     A650   A6 C4      LDX &C4
     A652   66 BE      ROR &BE
     A654   6A         ROR A
     A655   06 BE      ASL &BE
     A657   48         PHA
     A658   20 BB A4   JSR &A4BB
     A65B   68         PLA
     A65C   10 37      BPL &A695
     A65E   A9 51      LDA #&51
     A660   8D 88 B9   STA &B988
     A663   20 F4 A4   JSR &A4F4
     A666   20 E4 A2   JSR &A2E4
     A669   A0 00      LDY #&00
     A66B   20 59 A2   JSR &A259
     A66E   A0 02      LDY #&02
     A670   20 59 A2   JSR &A259
     A673   A9 58      LDA #&58
     A675   8D 88 B9   STA &B988
     A678   20 0B A5   JSR &A50B
     A67B   20 8B A3   JSR &A38B
     A67E   20 71 A3   JSR &A371
     A681   20 58 A3   JSR &A358
     A684   A9 FF      LDA #&FF
     A686   20 E2 A6   JSR &A6E2
     A689   F0 AB      BEQ &A636
     A68B   E6 BD      INC &BD
.wb4
     A68D   20 94 AF   JSR &AF94
     A690   B0 4A      BCS &A6DC
     A692   20 BB A4   JSR &A4BB
.wb2
     A695   A5 C5      LDA &C5
     A697   D0 2D      BNE &A6C6
     A699   A6 C4      LDX &C4
     A69B   F0 3E      BEQ &A6DB
     A69D   CA         DEX
     A69E   D0 26      BNE &A6C6
     A6A0   A9 51      LDA #&51
     A6A2   8D 88 B9   STA &B988
     A6A5   20 F4 A4   JSR &A4F4
     A6A8   A0 00      LDY #&00
     A6AA   20 59 A2   JSR &A259
     A6AD   20 E4 A2   JSR &A2E4
     A6B0   A0 02      LDY #&02
     A6B2   20 59 A2   JSR &A259
     A6B5   A9 58      LDA #&58
     A6B7   8D 88 B9   STA &B988
     A6BA   20 0B A5   JSR &A50B
     A6BD   20 71 A3   JSR &A371
     A6C0   20 8B A3   JSR &A38B
     A6C3   4C 58 A3   JMP &A358
.wb3
     A6C6   20 0B A5   JSR &A50B
     A6C9   20 71 A3   JSR &A371
     A6CC   E6 BD      INC &BD
     A6CE   20 71 A3   JSR &A371
     A6D1   E6 BD      INC &BD
     A6D3   20 58 A3   JSR &A358
     A6D6   20 E0 A6   JSR &A6E0
     A6D9   D0 B2      BNE &A68D
.wb5
     A6DB   60         RTS
.wb_err
     A6DC   6E A6 B9   ROR &B9A6
     A6DF   60         RTS
.dec_seccountby2
     A6E0   A9 FE      LDA #&FE
.dec_seccount
     A6E2   18         CLC
     A6E3   65 C4      ADC &C4
     A6E5   85 C4      STA &C4
     A6E7   AA         TAX
     A6E8   A9 FF      LDA #&FF
     A6EA   65 C5      ADC &C5
     A6EC   85 C5      STA &C5
     A6EE   05 C4      ORA &C4
     A6F0   60         RTS
.MMC_BEGIN2
     A6F1   20 F3 83   JSR &83F3
     A6F4   20 FA A6   JSR &A6FA
     A6F7   4C 4D A7   JMP &A74D
.MMC_BEGIN1
     A6FA   A2 0F      LDX #&0F
.begloop1
     A6FC   B5 BC      LDA &BC,X
     A6FE   9D 90 B9   STA &B990,X
     A701   CA         DEX
     A702   10 F8      BPL &A6FC
     A704   20 1F A3   JSR &A31F
     A707   2C AF B9   BIT &B9AF
     A70A   50 01      BVC &A70D
     A70C   60         RTS
.begX
     A70D   20 CE A3   JSR &A3CE
     A710   B0 06      BCS &A718
     A712   20 22 A7   JSR &A722
     A715   4C DE A7   JMP &A7DE
.carderr
     A718   20 6E 80   JSR &806E
     A71B   FF
     A71C   43 61 72 ...
     A721   00
.MMC_CheckCardID
     A722   20 8F A0   JSR &A08F
     A725   AD E4 B9   LDA &B9E4
     A728   F0 0D      BEQ &A737
     A72A   20 A7 A4   JSR &A4A7
     A72D   CD EF B9   CMP &B9EF
     A730   D0 06      BNE &A738
     A732   CC EE B9   CPY &B9EE
     A735   D0 01      BNE &A738
.cid_x
     A737   60         RTS
.errCardChanged
     A738   A9 00      LDA #&00
     A73A   8D AF B9   STA &B9AF
     A73D   20 6E 80   JSR &806E
     A740   FF
     A741   57 72 6F ...
     A74C   00
.MMC_END
     A74D   A2 0F      LDX #&0F
.eloop0
     A74F   BD 90 B9   LDA &B990,X
     A752   95 BC      STA &BC,X
     A754   CA         DEX
     A755   10 F8      BPL &A74F
     A757   60         RTS
Processed file 'MMC.asm' ok
.CMD_DABOUT
     A758   A2 00      LDX #&00
.loop
     A75A   BD 09 80   LDA &8009,X
     A75D   D0 02      BNE &A761
     A75F   A9 0D      LDA #&0D
.print
     A761   20 E3 FF   JSR &FFE3
     A764   E8         INX
     A765   E0 29      CPX #&29
     A767   D0 F1      BNE &A75A
     A769   60         RTS
Including file MM32.asm
.mm32_cmd_dbug
.l1
     A76A   20 9B 80   JSR &809B
     A76D   46 41 54 ...
     A776   A0 00      LDY #&00
     A778   20 B4 A7   JSR &A7B4
     A77B   20 9B 80   JSR &809B
     A77E   44 41 54 ...
     A787   A0 02      LDY #&02
     A789   20 B4 A7   JSR &A7B4
     A78C   20 9B 80   JSR &809B
     A78F   43 4C 55 ...
     A798   A0 04      LDY #&04
     A79A   20 BA A7   JSR &A7BA
     A79D   A2 00      LDX #&00
.loop
     A79F   8A         TXA
     A7A0   20 FA 80   JSR &80FA
     A7A3   A9 3A      LDA #&3A
     A7A5   20 EE FF   JSR &FFEE
     A7A8   20 C3 A7   JSR &A7C3
     A7AB   20 E7 FF   JSR &FFE7
     A7AE   E8         INX
     A7AF   E0 03      CPX #&03
     A7B1   D0 EC      BNE &A79F
     A7B3   60         RTS
.phex2
     A7B4   B9 E1 B9   LDA &B9E1,Y
     A7B7   20 FA 80   JSR &80FA
.phex1
     A7BA   B9 E0 B9   LDA &B9E0,Y
     A7BD   20 FA 80   JSR &80FA
     A7C0   4C E7 FF   JMP &FFE7
.mm32_pclust
     A7C3   BD EB B9   LDA &B9EB,X
     A7C6   20 FA 80   JSR &80FA
     A7C9   BD E8 B9   LDA &B9E8,X
     A7CC   20 FA 80   JSR &80FA
     A7CF   BD E5 B9   LDA &B9E5,X
     A7D2   20 FA 80   JSR &80FA
     A7D5   60         RTS
.mm32_readblock
     A7D6   A9 FF      LDA #&FF
     A7D8   8D 82 B9   STA &B982
     A7DB   4C 32 A5   JMP &A532
.mm32_init_dos
     A7DE   20 8F A0   JSR &A08F
     A7E1   AD E4 B9   LDA &B9E4
     A7E4   F0 01      BEQ &A7E7
     A7E6   60         RTS
.init
     A7E7   20 6E A8   JSR &A86E
     A7EA   90 71      BCC &A85D
     A7EC   AD 0C B7   LDA &B70C
     A7EF   C9 02      CMP #&02
     A7F1   D0 6A      BNE &A85D
     A7F3   4D 2C B7   EOR &B72C
     A7F6   0D 26 B7   ORA &B726
     A7F9   D0 62      BNE &A85D
     A7FB   AD 25 B7   LDA &B725
     A7FE   4A         LSR A
     A7FF   F0 5C      BEQ &A85D
     A801   AD 0D B7   LDA &B70D
     A804   85 CB      STA &CB
     A806   A5 C7      LDA &C7
     A808   A4 C8      LDY &C8
     A80A   18         CLC
     A80B   6D 0E B7   ADC &B70E
     A80E   AA         TAX
     A80F   98         TYA
     A810   6D 0F B7   ADC &B70F
     A813   B0 48      BCS &A85D
     A815   86 C7      STX &C7
     A817   85 C8      STA &C8
.loop1
     A819   A8         TAY
     A81A   8A         TXA
     A81B   6D 24 B7   ADC &B724
     A81E   AA         TAX
     A81F   98         TYA
     A820   6D 25 B7   ADC &B725
     A823   B0 38      BCS &A85D
     A825   CE 10 B7   DEC &B710
     A828   D0 EF      BNE &A819
     A82A   A8         TAY
     A82B   0E 0D B7   ASL &B70D
     A82E   8A         TXA
     A82F   38         SEC
     A830   ED 0D B7   SBC &B70D
     A833   85 C9      STA &C9
     A835   98         TYA
     A836   E9 00      SBC #&00
     A838   85 CA      STA &CA
     A83A   20 8F A0   JSR &A08F
     A83D   20 A7 A4   JSR &A4A7
     A840   8D EF B9   STA &B9EF
     A843   8C EE B9   STY &B9EE
     A846   A0 05      LDY #&05
.loop2
     A848   B9 C6 00   LDA &00C6,Y
     A84B   99 DF B9   STA &B9DF,Y
     A84E   88         DEY
     A84F   D0 F7      BNE &A848
     A851   98         TYA
     A852   A0 08      LDY #&08
.loop3
     A854   99 E5 B9   STA &B9E5,Y
     A857   88         DEY
     A858   10 FA      BPL &A854
     A85A   4C A3 A0   JMP &A0A3
.faterr
     A85D   20 6E 80   JSR &806E
     A860   FF
     A861   43 61 72 ...
     A86D   00
.read_VBR
     A86E   A9 00      LDA #&00
     A870   85 C7      STA &C7
     A872   85 C8      STA &C8
     A874   85 BE      STA &BE
     A876   85 BF      STA &BF
     A878   85 C0      STA &C0
     A87A   20 AF A8   JSR &A8AF
     A87D   90 41      BCC &A8C0
     A87F   AD 00 B7   LDA &B700
     A882   C9 EB      CMP #&EB
     A884   D0 0E      BNE &A894
     A886   AD 02 B7   LDA &B702
     A889   C9 90      CMP #&90
     A88B   D0 07      BNE &A894
     A88D   AD 0C B7   LDA &B70C
     A890   C9 02      CMP #&02
     A892   F0 2C      BEQ &A8C0
.mbr
     A894   AD C6 B8   LDA &B8C6
     A897   85 C7      STA &C7
     A899   85 BE      STA &BE
     A89B   AD C7 B8   LDA &B8C7
     A89E   85 C8      STA &C8
     A8A0   85 BF      STA &BF
     A8A2   AD C8 B8   LDA &B8C8
     A8A5   0D C9 B8   ORA &B8C9
     A8A8   D0 17      BNE &A8C1
     A8AA   85 C0      STA &C0
     A8AC   20 F9 AF   JSR &AFF9
.isfat
     A8AF   20 D6 A7   JSR &A7D6
     A8B2   AD FE B8   LDA &B8FE
     A8B5   C9 55      CMP #&55
     A8B7   D0 08      BNE &A8C1
     A8B9   AD FF B8   LDA &B8FF
     A8BC   C9 AA      CMP #&AA
     A8BE   D0 01      BNE &A8C1
.ifx
     A8C0   60         RTS
.bad
     A8C1   18         CLC
     A8C2   60         RTS
.mm32_SECT_X_First
     A8C3   B9 E5 B9   LDA &B9E5,Y
     A8C6   85 C8      STA &C8
     A8C8   B9 E8 B9   LDA &B9E8,Y
     A8CB   85 C9      STA &C9
     A8CD   B9 EB B9   LDA &B9EB,Y
     A8D0   85 C2      STA &C2
     A8D2   29 3F      AND #&3F
     A8D4   85 CA      STA &CA
     A8D6   05 C8      ORA &C8
     A8D8   05 C9      ORA &C9
     A8DA   D0 0C      BNE &A8E8
     A8DC   C0 02      CPY #&02
     A8DE   F0 04      BEQ &A8E4
     A8E0   24 C2      BIT &C2
     A8E2   10 0F      BPL &A8F3
.l1
     A8E4   A9 02      LDA #&02
     A8E6   85 C8      STA &C8
.l2
     A8E8   AD E4 B9   LDA &B9E4
     A8EB   85 CB      STA &CB
     A8ED   A9 00      LDA #&00
     A8EF   85 CE      STA &CE
     A8F1   B8         CLV
     A8F2   60         RTS
.l3
     A8F3   2C F6 A8   BIT &A8F6
.l4
     A8F6   60         RTS
.mm32_SECT_X_Next
     A8F7   C6 CB      DEC &CB
     A8F9   F0 02      BEQ &A8FD
     A8FB   18         CLC
     A8FC   60         RTS
.l1
     A8FD   20 06 A9   JSR &A906
     A900   AD E4 B9   LDA &B9E4
     A903   85 CB      STA &CB
     A905   60         RTS
.next_cluster
     A906   20 1C 84   JSR &841C
     A909   C6 CE      DEC &CE
     A90B   10 1D      BPL &A92A
     A90D   AD AE B9   LDA &B9AE
     A910   48         PHA
     A911   A5 BC      LDA &BC
     A913   48         PHA
     A914   A5 BD      LDA &BD
     A916   48         PHA
     A917   A5 C6      LDA &C6
     A919   48         PHA
     A91A   20 4D A9   JSR &A94D
     A91D   68         PLA
     A91E   85 C6      STA &C6
     A920   68         PLA
     A921   85 BD      STA &BD
     A923   68         PLA
     A924   85 BC      STA &BC
     A926   68         PLA
     A927   8D AE B9   STA &B9AE
.l1
     A92A   18         CLC
     A92B   A5 CE      LDA &CE
     A92D   F0 12      BEQ &A941
     A92F   E6 C8      INC &C8
     A931   D0 0D      BNE &A940
     A933   E6 C9      INC &C9
     A935   D0 09      BNE &A940
     A937   E6 CA      INC &CA
.l2
     A939   A5 CA      LDA &CA
     A93B   29 C0      AND #&C0
     A93D   F0 01      BEQ &A940
     A93F   38         SEC
.l3
     A940   60         RTS
.l4
     A941   A2 02      LDX #&02
.loop1
     A943   BD A0 B9   LDA &B9A0,X
     A946   95 C8      STA &C8,X
     A948   CA         DEX
     A949   10 F8      BPL &A943
     A94B   30 EC      BMI &A939
.read_fat
     A94D   A5 C8      LDA &C8
     A94F   0A         ASL A
     A950   85 CB      STA &CB
     A952   A5 C9      LDA &C9
     A954   2A         ROL A
     A955   A8         TAY
     A956   A5 CA      LDA &CA
     A958   2A         ROL A
     A959   AA         TAX
     A95A   98         TYA
     A95B   6D E0 B9   ADC &B9E0
     A95E   85 BE      STA &BE
     A960   8A         TXA
     A961   6D E1 B9   ADC &B9E1
     A964   85 BF      STA &BF
     A966   A9 00      LDA #&00
     A968   8D AE B9   STA &B9AE
     A96B   85 C0      STA &C0
     A96D   20 F9 AF   JSR &AFF9
     A970   20 35 80   JSR &8035
     A973   20 BF A4   JSR &A4BF
     A976   20 F4 A4   JSR &A4F4
     A979   A9 A0      LDA #&A0
     A97B   85 BC      STA &BC
     A97D   A9 B9      LDA #&B9
     A97F   85 BD      STA &BD
     A981   A5 CB      LDA &CB
     A983   20 CC A9   JSR &A9CC
.loop1
     A986   E6 CE      INC &CE
     A988   A9 04      LDA #&04
     A98A   85 C6      STA &C6
     A98C   20 C0 A2   JSR &A2C0
     A98F   E6 CB      INC &CB
     A991   E6 CB      INC &CB
     A993   F0 31      BEQ &A9C6
     A995   38         SEC
     A996   AD A2 B9   LDA &B9A2
     A999   29 C0      AND #&C0
     A99B   0D A3 B9   ORA &B9A3
     A99E   D0 1B      BNE &A9BB
     A9A0   AD A0 B9   LDA &B9A0
     A9A3   E5 C8      SBC &C8
     A9A5   A8         TAY
     A9A6   AD A1 B9   LDA &B9A1
     A9A9   E5 C9      SBC &C9
     A9AB   D0 11      BNE &A9BE
     A9AD   AD A2 B9   LDA &B9A2
     A9B0   E5 CA      SBC &CA
     A9B2   D0 0A      BNE &A9BE
     A9B4   88         DEY
     A9B5   C4 CE      CPY &CE
     A9B7   F0 CD      BEQ &A986
     A9B9   D0 03      BNE &A9BE
.l2
     A9BB   6E A2 B9   ROR &B9A2
.l3
     A9BE   38         SEC
     A9BF   A9 00      LDA #&00
     A9C1   E5 CB      SBC &CB
     A9C3   20 CC A9   JSR &A9CC
.l4
     A9C6   20 57 A2   JSR &A257
     A9C9   4C 41 80   JMP &8041
.clocks
     A9CC   0A         ASL A
     A9CD   48         PHA
     A9CE   90 05      BCC &A9D5
     A9D0   A0 00      LDY #&00
     A9D2   20 59 A2   JSR &A259
.l1
     A9D5   68         PLA
     A9D6   F0 04      BEQ &A9DC
     A9D8   A8         TAY
     A9D9   4C 59 A2   JMP &A259
.l2
     A9DC   60         RTS
.mm32_Scan_Dir
     A9DD   A0 02      LDY #&02
     A9DF   20 C3 A8   JSR &A8C3
.loop1
     A9E2   20 BB AF   JSR &AFBB
     A9E5   B0 0F      BCS &A9F6
     A9E7   20 D6 A7   JSR &A7D6
     A9EA   20 F7 A9   JSR &A9F7
     A9ED   90 07      BCC &A9F6
     A9EF   F0 05      BEQ &A9F6
     A9F1   20 F7 A8   JSR &A8F7
     A9F4   90 EC      BCC &A9E2
.exit
     A9F6   60         RTS
.scan_block
     A9F7   A9 00      LDA #&00
     A9F9   85 AB      STA &AB
     A9FB   85 B0      STA &B0
     A9FD   A9 B7      LDA #&B7
.loop1
     A9FF   85 B1      STA &B1
.loop2
     AA01   A0 00      LDY #&00
     AA03   B1 B0      LDA (&B0),Y
     AA05   F0 75      BEQ &AA7C
     AA07   30 5F      BMI &AA68
     AA09   C9 21      CMP #&21
     AA0B   90 5B      BCC &AA68
     AA0D   A0 15      LDY #&15
     AA0F   B1 B0      LDA (&B0),Y
     AA11   29 0F      AND #&0F
     AA13   D0 53      BNE &AA68
     AA15   88         DEY
     AA16   B1 B0      LDA (&B0),Y
     AA18   29 F0      AND #&F0
     AA1A   D0 4C      BNE &AA68
     AA1C   A0 0B      LDY #&0B
     AA1E   B1 B0      LDA (&B0),Y
     AA20   29 0E      AND #&0E
     AA22   D0 44      BNE &AA68
     AA24   B1 B0      LDA (&B0),Y
     AA26   4A         LSR A
     AA27   29 08      AND #&08
     AA29   85 B8      STA &B8
     AA2B   F0 04      BEQ &AA31
     AA2D   A9 80      LDA #&80
     AA2F   D0 0C      BNE &AA3D
.l1
     AA31   24 B2      BIT &B2
     AA33   30 33      BMI &AA68
     AA35   6A         ROR A
     AA36   85 B9      STA &B9
     AA38   20 55 AB   JSR &AB55
     AA3B   05 B9      ORA &B9
.l2
     AA3D   85 B9      STA &B9
     AA3F   20 E5 AA   JSR &AAE5
     AA42   20 82 AB   JSR &AB82
     AA45   B0 21      BCS &AA68
     AA47   A5 AA      LDA &AA
     AA49   F0 14      BEQ &AA5F
     AA4B   C9 03      CMP #&03
     AA4D   D0 03      BNE &AA52
     AA4F   4C B1 AA   JMP &AAB1
.lock_or_unlock
     AA52   C9 02      CMP #&02
     AA54   F0 06      BEQ &AA5C
     AA56   20 A0 AA   JSR &AAA0
     AA59   4C 5F AA   JMP &AA5F
.lock
     AA5C   20 8F AA   JSR &AA8F
.s1
     AA5F   24 B7      BIT &B7
     AA61   30 02      BMI &AA65
     AA63   18         CLC
     AA64   60         RTS
.logging
     AA65   20 10 AB   JSR &AB10
.skip
     AA68   20 6D 8C   JSR &8C6D
     AA6B   18         CLC
     AA6C   A5 B0      LDA &B0
     AA6E   69 20      ADC #&20
     AA70   85 B0      STA &B0
     AA72   90 8D      BCC &AA01
     AA74   A5 B1      LDA &B1
     AA76   69 00      ADC #&00
     AA78   C9 B8      CMP #&B8
     AA7A   F0 83      BEQ &A9FF
.exit
     AA7C   08         PHP
     AA7D   48         PHA
     AA7E   A5 AB      LDA &AB
     AA80   C9 FF      CMP #&FF
     AA82   D0 03      BNE &AA87
     AA84   20 49 A5   JSR &A549
.nowrite
     AA87   A0 00      LDY #&00
     AA89   84 AB      STY &AB
     AA8B   68         PLA
     AA8C   28         PLP
     AA8D   38         SEC
     AA8E   60         RTS
.lock_fat_file
     AA8F   A9 80      LDA #&80
     AA91   85 B9      STA &B9
     AA93   A0 0B      LDY #&0B
     AA95   B1 B0      LDA (&B0),Y
     AA97   09 01      ORA #&01
     AA99   91 B0      STA (&B0),Y
     AA9B   A9 FF      LDA #&FF
     AA9D   85 AB      STA &AB
     AA9F   60         RTS
.unlock_fat_file
     AAA0   A9 00      LDA #&00
     AAA2   85 B9      STA &B9
     AAA4   A0 0B      LDY #&0B
     AAA6   B1 B0      LDA (&B0),Y
     AAA8   29 FE      AND #&FE
     AAAA   91 B0      STA (&B0),Y
     AAAC   A9 FF      LDA #&FF
     AAAE   85 AB      STA &AB
     AAB0   60         RTS
.rename_fat_file
     AAB1   A2 21      LDX #&21
     AAB3   A0 00      LDY #&00
     AAB5   A9 2E      LDA #&2E
     AAB7   85 BA      STA &BA
     AAB9   A9 08      LDA #&08
     AABB   20 C4 AA   JSR &AAC4
     AABE   A9 02      LDA #&02
     AAC0   85 BA      STA &BA
     AAC2   A9 0B      LDA #&0B
.copy_and_pad_with_spaces
     AAC4   85 BB      STA &BB
.loop
     AAC6   BD 00 B9   LDA &B900,X
     AAC9   E8         INX
     AACA   C5 BA      CMP &BA
     AACC   F0 0E      BEQ &AADC
     AACE   C4 BB      CPY &BB
     AAD0   F0 F4      BEQ &AAC6
     AAD2   91 B0      STA (&B0),Y
     AAD4   C8         INY
     AAD5   D0 EF      BNE &AAC6
.padloop
     AAD7   A9 20      LDA #&20
     AAD9   91 B0      STA (&B0),Y
     AADB   C8         INY
.pad
     AADC   C4 BB      CPY &BB
     AADE   D0 F7      BNE &AAD7
     AAE0   20 49 A5   JSR &A549
     AAE3   18         CLC
     AAE4   60         RTS
.copy_name
     AAE5   A2 01      LDX #&01
     AAE7   A0 00      LDY #&00
.loop1
     AAE9   B1 B0      LDA (&B0),Y
     AAEB   C9 21      CMP #&21
     AAED   90 04      BCC &AAF3
     AAEF   9D 00 B9   STA &B900,X
     AAF2   E8         INX
.l1
     AAF3   C8         INY
     AAF4   C0 08      CPY #&08
     AAF6   D0 06      BNE &AAFE
.l11
     AAF8   A9 2E      LDA #&2E
     AAFA   9D 00 B9   STA &B900,X
     AAFD   E8         INX
.l2
     AAFE   C0 0B      CPY #&0B
     AB00   D0 E7      BNE &AAE9
.l3
     AB02   A9 02      LDA #&02
     AB04   8D 00 B9   STA &B900
     AB07   9D 00 B9   STA &B900,X
     AB0A   A9 00      LDA #&00
     AB0C   9D 01 B9   STA &B901,X
     AB0F   60         RTS
.print_dir_entry
     AB10   A2 03      LDX #&03
     AB12   20 4E AB   JSR &AB4E
     AB15   A2 20      LDX #&20
     AB17   A5 B8      LDA &B8
     AB19   F0 02      BEQ &AB1D
     AB1B   A2 2F      LDX #&2F
.l99
     AB1D   8A         TXA
     AB1E   A0 01      LDY #&01
     AB20   A2 0E      LDX #&0E
.loop1
     AB22   20 DE 80   JSR &80DE
     AB25   B9 00 B9   LDA &B900,Y
     AB28   C9 20      CMP #&20
     AB2A   90 11      BCC &AB3D
     AB2C   C9 2E      CMP #&2E
     AB2E   F0 04      BEQ &AB34
.l0
     AB30   CA         DEX
     AB31   C8         INY
     AB32   D0 EE      BNE &AB22
.l1
     AB34   B9 01 B9   LDA &B901,Y
     AB37   C9 20      CMP #&20
     AB39   A9 2E      LDA #&2E
     AB3B   B0 F3      BCS &AB30
.lx
     AB3D   20 4E AB   JSR &AB4E
     AB40   A9 4C      LDA #&4C
     AB42   24 B9      BIT &B9
     AB44   30 02      BMI &AB48
     AB46   A9 20      LDA #&20
.l00
     AB48   20 DE 80   JSR &80DE
     AB4B   4C D5 80   JMP &80D5
.lspc
     AB4E   20 D5 80   JSR &80D5
     AB51   CA         DEX
     AB52   D0 FA      BNE &AB4E
     AB54   60         RTS
.is_XSD
     AB55   A0 0B      LDY #&0B
     AB57   B1 B0      LDA (&B0),Y
     AB59   29 10      AND #&10
     AB5B   D0 19      BNE &AB76
     AB5D   A2 FF      LDX #&FF
.loop1
     AB5F   A0 08      LDY #&08
     AB61   18         CLC
.loop2
     AB62   E8         INX
     AB63   BD 79 AB   LDA &AB79,X
     AB66   30 0A      BMI &AB72
     AB68   F0 0C      BEQ &AB76
     AB6A   51 B0      EOR (&B0),Y
     AB6C   F0 01      BEQ &AB6F
     AB6E   38         SEC
.x1
     AB6F   C8         INY
     AB70   D0 F0      BNE &AB62
.x2
     AB72   B0 EB      BCS &AB5F
     AB74   0A         ASL A
     AB75   60         RTS
.l2
     AB76   A9 80      LDA #&80
     AB78   60         RTS
.ext_table
     AB79   53 53 44 
     AB7C   80
     AB7D   44 53 44 
     AB80   A0
     AB81   00         BRK
.dir_match
     AB82   A2 0F      LDX #&0F
     AB84   A0 00      LDY #&00
.l00
     AB86   E8         INX
     AB87   86 BA      STX &BA
.l0
     AB89   84 BB      STY &BB
.l1
     AB8B   BD 00 B9   LDA &B900,X
     AB8E   F0 19      BEQ &ABA9
     AB90   C9 01      CMP #&01
     AB92   F0 F2      BEQ &AB86
     AB94   B9 00 B9   LDA &B900,Y
     AB97   F0 11      BEQ &ABAA
     AB99   DD 00 B9   CMP &B900,X
     AB9C   D0 04      BNE &ABA2
     AB9E   C8         INY
     AB9F   E8         INX
     ABA0   D0 E9      BNE &AB8B
.l2
     ABA2   A6 BA      LDX &BA
     ABA4   A4 BB      LDY &BB
     ABA6   C8         INY
     ABA7   D0 E0      BNE &AB89
.ex1
     ABA9   18         CLC
.ex2
     ABAA   60         RTS
.mm32_param_count
     ABAB   A9 00      LDA #&00
.mm32_param_count_a
     ABAD   48         PHA
     ABAE   98         TYA
     ABAF   48         PHA
     ABB0   A2 00      LDX #&00
.loop1
     ABB2   20 C0 81   JSR &81C0
     ABB5   F0 08      BEQ &ABBF
     ABB7   E8         INX
.loop2
     ABB8   20 A5 81   JSR &81A5
     ABBB   90 FB      BCC &ABB8
     ABBD   B0 F3      BCS &ABB2
.l1
     ABBF   68         PLA
     ABC0   A8         TAY
     ABC1   68         PLA
     ABC2   10 03      BPL &ABC7
     ABC4   CA         DEX
     ABC5   30 0A      BMI &ABD1
.l2
     ABC7   E0 01      CPX #&01
     ABC9   F0 05      BEQ &ABD0
     ABCB   B0 04      BCS &ABD1
     ABCD   6A         ROR A
     ABCE   B0 01      BCS &ABD1
.l3
     ABD0   60         RTS
.err
     ABD1   4C AC 99   JMP &99AC
.mm32_param_drive
     ABD4   90 10      BCC &ABE6
     ABD6   20 C0 81   JSR &81C0
     ABD9   20 DF 8B   JSR &8BDF
     ABDC   20 A5 81   JSR &81A5
     ABDF   A5 CD      LDA &CD
     ABE1   B0 06      BCS &ABE9
     ABE3   4C EF 8B   JMP &8BEF
.l1
     ABE6   AD CA B9   LDA &B9CA
.l2
     ABE9   29 01      AND #&01
     ABEB   85 CD      STA &CD
     ABED   60         RTS
.mm32_param_filename
     ABEE   66 B7      ROR &B7
     ABF0   A2 01      LDX #&01
     ABF2   86 B2      STX &B2
     ABF4   86 B3      STX &B3
     ABF6   86 B4      STX &B4
     ABF8   86 B5      STX &B5
     ABFA   20 C0 81   JSR &81C0
     ABFD   F0 48      BEQ &AC47
.loop1
     ABFF   20 A5 81   JSR &81A5
     AC02   B0 43      BCS &AC47
     AC04   C9 2F      CMP #&2F
     AC06   D0 09      BNE &AC11
     AC08   66 B2      ROR &B2
     AC0A   D0 F3      BNE &ABFF
.loop2
     AC0C   20 A5 81   JSR &81A5
     AC0F   B0 36      BCS &AC47
.l0
     AC11   24 B7      BIT &B7
     AC13   10 0E      BPL &AC23
     AC15   C9 2A      CMP #&2A
     AC17   D0 0A      BNE &AC23
     AC19   24 B3      BIT &B3
     AC1B   30 EF      BMI &AC0C
     AC1D   66 B3      ROR &B3
     AC1F   A9 01      LDA #&01
     AC21   D0 1B      BNE &AC3E
.l1
     AC23   46 B3      LSR &B3
     AC25   C9 2E      CMP #&2E
     AC27   D0 08      BNE &AC31
     AC29   24 B5      BIT &B5
     AC2B   10 11      BPL &AC3E
     AC2D   66 B4      ROR &B4
     AC2F   30 0D      BMI &AC3E
.l2
     AC31   38         SEC
     AC32   66 B5      ROR &B5
     AC34   C9 61      CMP #&61
     AC36   90 06      BCC &AC3E
     AC38   C9 7B      CMP #&7B
     AC3A   B0 02      BCS &AC3E
     AC3C   49 20      EOR #&20
.l3
     AC3E   9D 10 B9   STA &B910,X
     AC41   E8         INX
     AC42   E0 10      CPX #&10
     AC44   D0 C6      BNE &AC0C
     AC46   60         RTS
.exloop
     AC47   CA         DEX
     AC48   F0 18      BEQ &AC62
     AC4A   24 B7      BIT &B7
     AC4C   30 0A      BMI &AC58
     AC4E   24 B4      BIT &B4
     AC50   30 06      BMI &AC58
     AC52   A9 2E      LDA #&2E
     AC54   9D 11 B9   STA &B911,X
     AC57   E8         INX
.lx1
     AC58   A9 02      LDA #&02
     AC5A   8D 10 B9   STA &B910
     AC5D   E8         INX
     AC5E   9D 10 B9   STA &B910,X
     AC61   E8         INX
.lx2
     AC62   A9 00      LDA #&00
     AC64   9D 10 B9   STA &B910,X
     AC67   AD 10 B9   LDA &B910
     AC6A   18         CLC
     AC6B   60         RTS
.mm32_swap_str_16_32
     AC6C   A2 10      LDX #&10
.loop
     AC6E   BD 0F B9   LDA &B90F,X
     AC71   48         PHA
     AC72   BD 1F B9   LDA &B91F,X
     AC75   9D 0F B9   STA &B90F,X
     AC78   68         PLA
     AC79   9D 1F B9   STA &B91F,X
     AC7C   CA         DEX
     AC7D   D0 EF      BNE &AC6E
     AC7F   60         RTS
.mm32_cmd_dcat
     AC80   20 AB AB   JSR &ABAB
     AC83   38         SEC
     AC84   20 EE AB   JSR &ABEE
     AC87   A9 00      LDA #&00
     AC89   85 AA      STA &AA
     AC8B   20 DD A9   JSR &A9DD
     AC8E   A9 86      LDA #&86
     AC90   20 F4 FF   JSR &FFF4
     AC93   E0 00      CPX #&00
     AC95   F0 03      BEQ &AC9A
     AC97   20 7A 83   JSR &837A
.dcEven
     AC9A   60         RTS
.mm32_cmd_dboot
     AC9B   A9 00      LDA #&00
     AC9D   85 CD      STA &CD
     AC9F   20 AB AB   JSR &ABAB
     ACA2   B0 11      BCS &ACB5
     ACA4   A2 00      LDX #&00
.loop
     ACA6   BD C2 AC   LDA &ACC2,X
     ACA9   9D 10 B9   STA &B910,X
     ACAC   F0 03      BEQ &ACB1
     ACAE   E8         INX
     ACAF   D0 F5      BNE &ACA6
.l1
     ACB1   85 B7      STA &B7
     ACB3   85 B2      STA &B2
.l2
     ACB5   A9 00      LDA #&00
     ACB7   20 3B AD   JSR &AD3B
     ACBA   90 01      BCC &ACBD
     ACBC   60         RTS
.l3
     ACBD   A9 00      LDA #&00
     ACBF   4C CA 8C   JMP &8CCA
.bootdisk
     ACC2   02
     ACC3   42 4F 4F ...
     ACC8   02
     ACC9   00
.mm32_cmd_din
     ACCA   A9 80      LDA #&80
     ACCC   20 AD AB   JSR &ABAD
     ACCF   20 D4 AB   JSR &ABD4
     ACD2   A9 00      LDA #&00
     ACD4   4C 3A AD   JMP &AD3A
.mm32_cmd_autoload
     ACD7   A2 00      LDX #&00
     ACD9   86 CD      STX &CD
.loop
     ACDB   BD F1 AC   LDA &ACF1,X
     ACDE   9D 10 B9   STA &B910,X
     ACE1   F0 03      BEQ &ACE6
     ACE3   E8         INX
     ACE4   D0 F5      BNE &ACDB
.l1
     ACE6   85 B7      STA &B7
     ACE8   85 B2      STA &B2
     ACEA   18         CLC
     ACEB   A9 02      LDA #&02
     ACED   4C 3B AD   JMP &AD3B
     ACF0   60         RTS
.bootdisk
     ACF1   02
     ACF2   42 4F 4F ...
     ACF7   02
     ACF8   00
.mm32_add_ssd_ext
     ACF9   A0 01      LDY #&01
.l0
     ACFB   B9 10 B9   LDA &B910,Y
     ACFE   C8         INY
     ACFF   C9 2E      CMP #&2E
     AD01   D0 F8      BNE &ACFB
.s1
     AD03   A9 53      LDA #&53
     AD05   99 10 B9   STA &B910,Y
     AD08   99 11 B9   STA &B911,Y
     AD0B   A9 44      LDA #&44
     AD0D   99 12 B9   STA &B912,Y
     AD10   A9 02      LDA #&02
     AD12   99 13 B9   STA &B913,Y
     AD15   A9 00      LDA #&00
     AD17   99 14 B9   STA &B914,Y
     AD1A   60         RTS
.mm32_upd_dsktbl
     AD1B   A2 00      LDX #&00
     AD1D   A5 CD      LDA &CD
     AD1F   0A         ASL A
     AD20   0A         ASL A
     AD21   0A         ASL A
     AD22   0A         ASL A
     AD23   A8         TAY
.l0
     AD24   BD 10 B9   LDA &B910,X
     AD27   99 C0 BA   STA &BAC0,Y
     AD2A   E8         INX
     AD2B   C8         INY
     AD2C   E0 10      CPX #&10
     AD2E   D0 F4      BNE &AD24
     AD30   60         RTS
.mm32_cmd_ddir
     AD31   20 AB AB   JSR &ABAB
     AD34   A9 02      LDA #&02
     AD36   85 CD      STA &CD
     AD38   A9 01      LDA #&01
.mm32_chain_open
     AD3A   38         SEC
.mm32_chain_open2
     AD3B   48         PHA
     AD3C   90 08      BCC &AD46
     AD3E   18         CLC
     AD3F   20 EE AB   JSR &ABEE
     AD42   B0 33      BCS &AD77
     AD44   F0 65      BEQ &ADAB
.l0
     AD46   A5 CD      LDA &CD
     AD48   C9 02      CMP #&02
     AD4A   66 B2      ROR &B2
     AD4C   A9 00      LDA #&00
     AD4E   85 AA      STA &AA
     AD50   20 DD A9   JSR &A9DD
     AD53   90 2C      BCC &AD81
     AD55   68         PLA
     AD56   48         PHA
     AD57   29 01      AND #&01
     AD59   D0 1C      BNE &AD77
     AD5B   20 F9 AC   JSR &ACF9
     AD5E   20 DD A9   JSR &A9DD
     AD61   90 1E      BCC &AD81
.mm32_change_ext_dsd
     AD63   A0 01      LDY #&01
.l0
     AD65   B9 10 B9   LDA &B910,Y
     AD68   C8         INY
     AD69   C9 2E      CMP #&2E
     AD6B   D0 F8      BNE &AD65
.s1
     AD6D   A9 44      LDA #&44
     AD6F   99 10 B9   STA &B910,Y
     AD72   20 DD A9   JSR &A9DD
     AD75   90 0A      BCC &AD81
.notfound
     AD77   68         PLA
     AD78   29 02      AND #&02
     AD7A   F0 02      BEQ &AD7E
     AD7C   38         SEC
     AD7D   60         RTS
.notautoload
     AD7E   4C 3D 82   JMP &823D
.found
     AD81   68         PLA
     AD82   48         PHA
     AD83   29 01      AND #&01
     AD85   F0 06      BEQ &AD8D
     AD87   68         PLA
     AD88   A5 B8      LDA &B8
     AD8A   D0 28      BNE &ADB4
     AD8C   60         RTS
.file
     AD8D   68         PLA
     AD8E   A6 B8      LDX &B8
     AD90   F0 22      BEQ &ADB4
     AD92   29 02      AND #&02
     AD94   F0 02      BEQ &AD98
     AD96   38         SEC
     AD97   60         RTS
.notautoload2
     AD98   20 6E 80   JSR &806E
     AD9B   D6
     AD9C   49 73 20 ...
     ADA8   00
     ADA9   EA         NOP
     ADAA   60         RTS
.zerolen
     ADAB   68         PLA
     ADAC   A5 B2      LDA &B2
     ADAE   29 80      AND #&80
     ADB0   A8         TAY
     ADB1   4C 20 AE   JMP &AE20
.okay
     ADB4   20 1B AD   JSR &AD1B
     ADB7   A0 1A      LDY #&1A
     ADB9   B1 B0      LDA (&B0),Y
     ADBB   85 B7      STA &B7
     ADBD   C8         INY
     ADBE   B1 B0      LDA (&B0),Y
     ADC0   85 B8      STA &B8
     ADC2   A0 14      LDY #&14
     ADC4   B1 B0      LDA (&B0),Y
     ADC6   05 B9      ORA &B9
     ADC8   85 B9      STA &B9
     ADCA   A5 CD      LDA &CD
     ADCC   C9 02      CMP #&02
     ADCE   F0 1D      BEQ &ADED
     ADD0   49 01      EOR #&01
     ADD2   AA         TAX
     ADD3   A5 B7      LDA &B7
     ADD5   DD E5 B9   CMP &B9E5,X
     ADD8   D0 13      BNE &ADED
     ADDA   A5 B8      LDA &B8
     ADDC   DD E8 B9   CMP &B9E8,X
     ADDF   D0 0C      BNE &ADED
     ADE1   A5 B9      LDA &B9
     ADE3   DD EB B9   CMP &B9EB,X
     ADE6   D0 05      BNE &ADED
     ADE8   A0 00      LDY #&00
     ADEA   20 22 AE   JSR &AE22
.l1
     ADED   20 8F A0   JSR &A08F
     ADF0   A6 CD      LDX &CD
     ADF2   A5 B7      LDA &B7
     ADF4   9D E5 B9   STA &B9E5,X
     ADF7   A5 B8      LDA &B8
     ADF9   9D E8 B9   STA &B9E8,X
     ADFC   A5 B9      LDA &B9
     ADFE   9D EB B9   STA &B9EB,X
     AE01   4C A3 A0   JMP &A0A3
.mm32_cmd_dout
     AE04   20 AB AB   JSR &ABAB
     AE07   20 D4 AB   JSR &ABD4
     AE0A   A2 00      LDX #&00
     AE0C   A5 CD      LDA &CD
     AE0E   0A         ASL A
     AE0F   0A         ASL A
     AE10   0A         ASL A
     AE11   0A         ASL A
     AE12   A8         TAY
     AE13   A9 20      LDA #&20
.s0
     AE15   99 C0 BA   STA &BAC0,Y
     AE18   E8         INX
     AE19   C8         INY
     AE1A   E0 10      CPX #&10
     AE1C   D0 F7      BNE &AE15
     AE1E   A0 00      LDY #&00
.mm32_clear_cluster_index
     AE20   A6 CD      LDX &CD
.mm32_clear_cluster_index_x
     AE22   20 8F A0   JSR &A08F
     AE25   A9 00      LDA #&00
     AE27   9D E5 B9   STA &B9E5,X
     AE2A   9D E8 B9   STA &B9E8,X
     AE2D   98         TYA
     AE2E   9D EB B9   STA &B9EB,X
     AE31   4C A3 A0   JMP &A0A3
.mm32_cmd_ddrive
     AE34   A0 00      LDY #&00
.l1
     AE36   98         TYA
     AE37   48         PHA
     AE38   A9 3A      LDA #&3A
     AE3A   20 EE FF   JSR &FFEE
     AE3D   68         PLA
     AE3E   48         PHA
     AE3F   18         CLC
     AE40   69 30      ADC #&30
     AE42   20 EE FF   JSR &FFEE
     AE45   A9 20      LDA #&20
     AE47   20 EE FF   JSR &FFEE
     AE4A   68         PLA
     AE4B   48         PHA
     AE4C   0A         ASL A
     AE4D   0A         ASL A
     AE4E   0A         ASL A
     AE4F   0A         ASL A
     AE50   AA         TAX
     AE51   A0 00      LDY #&00
     AE53   BD C0 BA   LDA &BAC0,X
     AE56   C9 02      CMP #&02
     AE58   D0 1C      BNE &AE76
     AE5A   E8         INX
.l2
     AE5B   BD C0 BA   LDA &BAC0,X
     AE5E   C9 02      CMP #&02
     AE60   F0 09      BEQ &AE6B
     AE62   20 EE FF   JSR &FFEE
     AE65   E8         INX
     AE66   C8         INY
     AE67   C0 10      CPY #&10
     AE69   D0 F0      BNE &AE5B
.s1
     AE6B   20 7A 83   JSR &837A
     AE6E   68         PLA
     AE6F   A8         TAY
     AE70   C8         INY
     AE71   C0 02      CPY #&02
     AE73   D0 C1      BNE &AE36
     AE75   60         RTS
.empty
     AE76   20 9B 80   JSR &809B
     AE79   3C 45 6D ...
     AE80   EA         NOP
     AE81   4C 6B AE   JMP &AE6B
.mm32_cmd_daccess
     AE84   A9 80      LDA #&80
     AE86   20 AD AB   JSR &ABAD
     AE89   38         SEC
     AE8A   20 EE AB   JSR &ABEE
     AE8D   A2 01      LDX #&01
     AE8F   20 C0 81   JSR &81C0
     AE92   D0 14      BNE &AEA8
.gotflag
     AE94   86 AA      STX &AA
     AE96   20 DD A9   JSR &A9DD
     AE99   A9 86      LDA #&86
     AE9B   20 F4 FF   JSR &FFF4
     AE9E   E0 00      CPX #&00
     AEA0   F0 03      BEQ &AEA5
     AEA2   20 7A 83   JSR &837A
.dcEven
     AEA5   60         RTS
.parmloop
     AEA6   A2 02      LDX #&02
.getparm
     AEA8   20 A5 81   JSR &81A5
     AEAB   B0 E7      BCS &AE94
     AEAD   29 5F      AND #&5F
     AEAF   C9 4C      CMP #&4C
     AEB1   F0 F3      BEQ &AEA6
.errbadparm
     AEB3   20 54 80   JSR &8054
     AEB6   CF
     AEB7   61 74 74 ...
     AEC0   00
.mm32_cmd_drename
     AEC1   A9 81      LDA #&81
     AEC3   20 AD AB   JSR &ABAD
     AEC6   18         CLC
     AEC7   20 EE AB   JSR &ABEE
     AECA   20 6C AC   JSR &AC6C
     AECD   18         CLC
     AECE   20 EE AB   JSR &ABEE
     AED1   20 FD AE   JSR &AEFD
     AED4   90 16      BCC &AEEC
     AED6   A9 00      LDA #&00
     AED8   85 AA      STA &AA
     AEDA   20 DD A9   JSR &A9DD
     AEDD   90 10      BCC &AEEF
     AEDF   20 6C AC   JSR &AC6C
     AEE2   A9 03      LDA #&03
     AEE4   85 AA      STA &AA
     AEE6   20 DD A9   JSR &A9DD
     AEE9   B0 0F      BCS &AEFA
     AEEB   60         RTS
.badname
     AEEC   4C 81 81   JMP &8181
.destexists
     AEEF   20 5E 80   JSR &805E
     AEF2   C4
     AEF3   45 78 69 ...
     AEF9   00
.notfound
     AEFA   4C 3D 82   JMP &823D
.mm32_check_filename
     AEFD   AD 10 B9   LDA &B910
     AF00   C9 02      CMP #&02
     AF02   D0 2B      BNE &AF2F
     AF04   AD 11 B9   LDA &B911
     AF07   C9 2E      CMP #&2E
     AF09   F0 24      BEQ &AF2F
     AF0B   A2 01      LDX #&01
     AF0D   86 BA      STX &BA
.checknameloop
     AF0F   BD 10 B9   LDA &B910,X
     AF12   E8         INX
     AF13   E0 11      CPX #&11
     AF15   F0 18      BEQ &AF2F
     AF17   C9 02      CMP #&02
     AF19   F0 15      BEQ &AF30
     AF1B   C9 2E      CMP #&2E
     AF1D   D0 04      BNE &AF23
     AF1F   C6 BA      DEC &BA
     AF21   30 0C      BMI &AF2F
.notdot
     AF23   A0 0E      LDY #&0E
.checkcharloop
     AF25   D9 30 AF   CMP &AF30,Y
     AF28   F0 05      BEQ &AF2F
     AF2A   88         DEY
     AF2B   D0 F8      BNE &AF25
     AF2D   F0 E0      BEQ &AF0F
.badname
     AF2F   18         CLC
.checknameend
     AF30   60         RTS
.invalid_chars
     AF31   22
     AF32   2A
     AF33   2B
     AF34   2C
     AF35   2F
     AF36   3A
     AF37   3B
     AF38   3C
     AF39   3D
     AF3A   3E
     AF3B   3F
     AF3C   5B
     AF3D   5C
     AF3E   5D
.invalid_chars_end
.mm32_disk_seek_sector
     AF3F   8C A5 B9   STY &B9A5
     AF42   8D A4 B9   STA &B9A4
     AF45   A5 CD      LDA &CD
     AF47   29 01      AND #&01
     AF49   A8         TAY
     AF4A   20 C3 A8   JSR &A8C3
     AF4D   70 0B      BVS &AF5A
     AF4F   24 C2      BIT &C2
     AF51   A5 CD      LDA &CD
     AF53   6A         ROR A
     AF54   6A         ROR A
     AF55   90 04      BCC &AF5B
     AF57   70 02      BVS &AF5B
.l1
     AF59   B8         CLV
.l2
     AF5A   60         RTS
.l3
     AF5B   50 05      BVC &AF62
     AF5D   2E A5 B9   ROL &B9A5
     AF60   B0 F7      BCS &AF59
.l4
     AF62   AC A5 B9   LDY &B9A5
     AF65   F0 04      BEQ &AF6B
.loop1
     AF67   A2 04      LDX #&04
     AF69   D0 08      BNE &AF73
.l5
     AF6B   AD A4 B9   LDA &B9A4
     AF6E   4A         LSR A
     AF6F   F0 11      BEQ &AF82
     AF71   AA         TAX
     AF72   CA         DEX
.loop2
     AF73   20 F7 A8   JSR &A8F7
     AF76   B0 E1      BCS &AF59
     AF78   CA         DEX
     AF79   10 F8      BPL &AF73
     AF7B   88         DEY
     AF7C   F0 ED      BEQ &AF6B
     AF7E   C0 FF      CPY #&FF
     AF80   D0 E5      BNE &AF67
.l6
     AF82   20 BB AF   JSR &AFBB
     AF85   B0 D2      BCS &AF59
     AF87   6E A4 B9   ROR &B9A4
     AF8A   90 02      BCC &AF8E
     AF8C   E6 BE      INC &BE
.l7
     AF8E   0E A4 B9   ASL &B9A4
     AF91   B8         CLV
     AF92   18         CLC
     AF93   60         RTS
.mm32_disk_next_sector
     AF94   20 1C 84   JSR &841C
     AF97   A0 01      LDY #&01
     AF99   AE A4 B9   LDX &B9A4
     AF9C   E8         INX
     AF9D   E8         INX
     AF9E   E0 0A      CPX #&0A
     AFA0   D0 0E      BNE &AFB0
     AFA2   A2 00      LDX #&00
     AFA4   EE A5 B9   INC &B9A5
     AFA7   24 C2      BIT &C2
     AFA9   50 05      BVC &AFB0
     AFAB   A0 06      LDY #&06
     AFAD   EE A5 B9   INC &B9A5
.l1
     AFB0   8E A4 B9   STX &B9A4
.loop1
     AFB3   20 F7 A8   JSR &A8F7
     AFB6   B0 47      BCS &AFFF
     AFB8   88         DEY
     AFB9   D0 F8      BNE &AFB3
.mm32_SECT_X_Address
     AFBB   A2 02      LDX #&02
.loop1
     AFBD   B5 C8      LDA &C8,X
     AFBF   95 BE      STA &BE,X
     AFC1   CA         DEX
     AFC2   10 F9      BPL &AFBD
     AFC4   AD E4 B9   LDA &B9E4
.loop2
     AFC7   4A         LSR A
     AFC8   B0 09      BCS &AFD3
     AFCA   06 BE      ASL &BE
     AFCC   26 BF      ROL &BF
     AFCE   26 C0      ROL &C0
     AFD0   90 F5      BCC &AFC7
     AFD2   60         RTS
.l3
     AFD3   18         CLC
     AFD4   A5 BE      LDA &BE
     AFD6   6D E2 B9   ADC &B9E2
     AFD9   85 BE      STA &BE
     AFDB   A5 BF      LDA &BF
     AFDD   6D E3 B9   ADC &B9E3
     AFE0   85 BF      STA &BF
     AFE2   90 02      BCC &AFE6
     AFE4   E6 C0      INC &C0
.l4
     AFE6   38         SEC
     AFE7   AD E4 B9   LDA &B9E4
     AFEA   E5 CB      SBC &CB
     AFEC   18         CLC
     AFED   65 BE      ADC &BE
     AFEF   85 BE      STA &BE
     AFF1   90 06      BCC &AFF9
     AFF3   E6 BF      INC &BF
     AFF5   D0 02      BNE &AFF9
     AFF7   E6 C0      INC &C0
.l5
.mm32_lba_to_256
     AFF9   06 BE      ASL &BE
     AFFB   26 BF      ROL &BF
     AFFD   26 C0      ROL &C0
.l2rts
     AFFF   60         RTS
.mm32_MMC_error
     B000   85 B0      STA &B0
     B002   20 5E 80   JSR &805E
     B005   C5
     B006   4D 4D 43 ...
     B00A   EA         NOP
     B00B   68         PLA
     B00C   85 B8      STA &B8
     B00E   68         PLA
     B00F   85 B9      STA &B9
     B011   A0 00      LDY #&00
     B013   8C AF B9   STY &B9AF
.loop1
     B016   C8         INY
     B017   B1 B8      LDA (&B8),Y
     B019   F0 05      BEQ &B020
     B01B   20 3E B0   JSR &B03E
     B01E   D0 F6      BNE &B016
.l1
     B020   A8         TAY
     B021   A5 B0      LDA &B0
     B023   20 81 8C   JSR &8C81
     B026   A9 2F      LDA #&2F
     B028   20 3E B0   JSR &B03E
.loop2
     B02B   B9 89 B9   LDA &B989,Y
     B02E   20 81 8C   JSR &8C81
     B031   C8         INY
     B032   C0 04      CPY #&04
     B034   D0 F5      BNE &B02B
     B036   A9 00      LDA #&00
     B038   9D 00 01   STA &0100,X
     B03B   4C 00 01   JMP &0100
.mm32_PrintChr100
     B03E   9D 00 01   STA &0100,X
     B041   E8         INX
     B042   60         RTS
.Osword7F_8271_Emulation
     B043   A0 06      LDY #&06
     B045   B1 B0      LDA (&B0),Y
     B047   A2 10      LDX #&10
.loop1
     B049   DD A8 B1   CMP &B1A8,X
     B04C   F0 05      BEQ &B053
     B04E   CA         DEX
     B04F   10 F8      BPL &B049
     B051   30 0F      BMI &B062
.l2
     B053   20 85 B0   JSR &B085
     B056   48         PHA
     B057   A0 05      LDY #&05
     B059   B1 B0      LDA (&B0),Y
     B05B   18         CLC
     B05C   69 07      ADC #&07
     B05E   A8         TAY
     B05F   68         PLA
     B060   91 B0      STA (&B0),Y
.l3
     B062   A9 00      LDA #&00
     B064   60         RTS
.spec_reg
     B065   A0 07      LDY #&07
     B067   B1 B0      LDA (&B0),Y
     B069   C9 06      CMP #&06
     B06B   D0 04      BNE &B071
     B06D   AD A4 B9   LDA &B9A4
     B070   60         RTS
.l1
     B071   C9 12      CMP #&12
     B073   D0 09      BNE &B07E
.l2
     B075   AD A5 B9   LDA &B9A5
     B078   24 C2      BIT &C2
     B07A   50 01      BVC &B07D
     B07C   4A         LSR A
.l3
     B07D   60         RTS
.l4
     B07E   C9 1A      CMP #&1A
     B080   F0 F3      BEQ &B075
     B082   A9 00      LDA #&00
     B084   60         RTS
.ow7f_1
     B085   BD B8 B1   LDA &B1B8,X
     B088   F0 DB      BEQ &B065
     B08A   48         PHA
     B08B   88         DEY
     B08C   29 0F      AND #&0F
     B08E   D1 B0      CMP (&B0),Y
     B090   D0 27      BNE &B0B9
     B092   20 FA A6   JSR &A6FA
     B095   68         PLA
     B096   85 C7      STA &C7
     B098   A0 0B      LDY #&0B
.loop1
     B09A   B1 B0      LDA (&B0),Y
     B09C   99 BB 00   STA &00BB,Y
     B09F   C0 05      CPY #&05
     B0A1   B0 03      BCS &B0A6
     B0A3   99 A9 B9   STA &B9A9,Y
.l0
     B0A6   88         DEY
     B0A7   D0 F1      BNE &B09A
     B0A9   B1 B0      LDA (&B0),Y
     B0AB   30 03      BMI &B0B0
     B0AD   20 D2 8B   JSR &8BD2
.l1
     B0B0   20 C3 B0   JSR &B0C3
     B0B3   48         PHA
     B0B4   20 4D A7   JSR &A74D
     B0B7   68         PLA
     B0B8   60         RTS
.owfault
     B0B9   68         PLA
     B0BA   A9 FF      LDA #&FF
     B0BC   60         RTS
.owdrvnotrdy
     B0BD   A9 10      LDA #&10
     B0BF   60         RTS
.ownosector
     B0C0   A9 1E      LDA #&1E
     B0C2   60         RTS
.ow7f_2
     B0C3   A9 10      LDA #&10
     B0C5   24 C7      BIT &C7
     B0C7   D0 04      BNE &B0CD
     B0C9   10 33      BPL &B0FE
     B0CB   30 23      BMI &B0F0
.l10
     B0CD   A5 C2      LDA &C2
     B0CF   0A         ASL A
     B0D0   85 BE      STA &BE
     B0D2   A5 C3      LDA &C3
     B0D4   2A         ROL A
     B0D5   85 BF      STA &BF
     B0D7   A5 C4      LDA &C4
     B0D9   30 E5      BMI &B0C0
     B0DB   2A         ROL A
     B0DC   85 C0      STA &C0
     B0DE   A5 C5      LDA &C5
     B0E0   0A         ASL A
     B0E1   85 C4      STA &C4
     B0E3   B0 DB      BCS &B0C0
     B0E5   A9 00      LDA #&00
     B0E7   85 C5      STA &C5
     B0E9   85 C6      STA &C6
     B0EB   26 C7      ROL &C7
     B0ED   4C 5E B1   JMP &B15E
.l11
     B0F0   A5 C6      LDA &C6
     B0F2   F0 27      BEQ &B11B
     B0F4   E6 C4      INC &C4
     B0F6   D0 23      BNE &B11B
     B0F8   E6 C5      INC &C5
     B0FA   D0 1F      BNE &B11B
     B0FC   F0 C2      BEQ &B0C0
.l0
     B0FE   A5 C4      LDA &C4
     B100   50 02      BVC &B104
     B102   A9 0A      LDA #&0A
.l1
     B104   29 1F      AND #&1F
     B106   85 C4      STA &C4
     B108   70 07      BVS &B111
     B10A   18         CLC
     B10B   65 C3      ADC &C3
     B10D   C9 0B      CMP #&0B
     B10F   B0 AF      BCS &B0C0
.l2
     B111   A9 00      LDA #&00
     B113   85 C5      STA &C5
     B115   85 C6      STA &C6
     B117   50 02      BVC &B11B
     B119   85 C3      STA &C3
.l3
     B11B   A5 C3      LDA &C3
     B11D   C9 0A      CMP #&0A
     B11F   B0 9F      BCS &B0C0
.l4
     B121   A4 C2      LDY &C2
     B123   20 3F AF   JSR &AF3F
     B126   70 95      BVS &B0BD
     B128   B0 96      BCS &B0C0
     B12A   26 C7      ROL &C7
     B12C   24 C7      BIT &C7
     B12E   50 07      BVC &B137
     B130   24 C2      BIT &C2
     B132   10 03      BPL &B137
     B134   A9 12      LDA #&12
     B136   60         RTS
.l5
     B137   24 C7      BIT &C7
     B139   30 40      BMI &B17B
     B13B   66 C3      ROR &C3
     B13D   B0 1F      BCS &B15E
     B13F   A5 C4      LDA &C4
     B141   C9 02      CMP #&02
     B143   D0 19      BNE &B15E
     B145   A5 BD      LDA &BD
     B147   C9 B7      CMP #&B7
     B149   D0 13      BNE &B15E
     B14B   AD AC B9   LDA &B9AC
     B14E   2D AD B9   AND &B9AD
     B151   0D D6 B9   ORA &B9D6
     B154   49 FF      EOR #&FF
     B156   05 BC      ORA &BC
     B158   05 C5      ORA &C5
     B15A   05 C6      ORA &C6
     B15C   F0 2F      BEQ &B18D
.l6
     B15E   24 C7      BIT &C7
     B160   70 13      BVS &B175
     B162   20 81 A5   JSR &A581
.l7
     B165   AD AE B9   LDA &B9AE
     B168   F0 03      BEQ &B16D
     B16A   20 65 8C   JSR &8C65
.l8
     B16D   2C A6 B9   BIT &B9A6
     B170   30 33      BMI &B1A5
.OK
     B172   A9 00      LDA #&00
     B174   60         RTS
.l9
     B175   20 37 A6   JSR &A637
     B178   4C 65 B1   JMP &B165
.vform
     B17B   A0 FF      LDY #&FF
     B17D   8C 82 B9   STY &B982
     B180   50 0B      BVC &B18D
     B182   C8         INY
     B183   98         TYA
.floop
     B184   99 00 B7   STA &B700,Y
     B187   99 00 B8   STA &B800,Y
     B18A   C8         INY
     B18B   D0 F7      BNE &B184
.cat
.loop
     B18D   24 C7      BIT &C7
     B18F   70 06      BVS &B197
     B191   20 32 A5   JSR &A532
     B194   4C 9A B1   JMP &B19A
.k1
     B197   20 49 A5   JSR &A549
.k2
     B19A   C6 C4      DEC &C4
     B19C   C6 C4      DEC &C4
     B19E   F0 D2      BEQ &B172
     B1A0   20 94 AF   JSR &AF94
     B1A3   90 E8      BCC &B18D
.ownosector2
     B1A5   A9 1E      LDA #&1E
     B1A7   60         RTS
.owtable1
     B1A8   7D
     B1A9   4A
     B1AA   4B
     B1AB   4C
     B1AC   4E
     B1AD   4F
     B1AE   52
     B1AF   53
     B1B0   54
     B1B1   56
     B1B2   57
     B1B3   5E
     B1B4   5F
     B1B5   63
     B1B6   A5
     B1B7   85
.owtable2
     B1B8   00
     B1B9   23
     B1BA   23
     B1BB   34
     B1BC   23
     B1BD   23
     B1BE   03
     B1BF   03
     B1C0   14
     B1C1   03
     B1C2   03
     B1C3   45
     B1C4   43
     B1C5   65
     B1C6   A5
     B1C7   85
Processed file 'MM32.asm' ok
Including file Utilities.asm
.CMD_DUMP
     B1C8   A9 40      LDA #&40
     B1CA   20 C7 B2   JSR &B2C7
     B1CD   A9 00      LDA #&00
     B1CF   48         PHA
     B1D0   AA         TAX
     B1D1   F0 06      BEQ &B1D9
.dump_inc_address
     B1D3   69 08      ADC #&08
     B1D5   48         PHA
     B1D6   90 01      BCC &B1D9
     B1D8   E8         INX
.dump_loop
     B1D9   8A         TXA
     B1DA   20 0A 81   JSR &810A
     B1DD   68         PLA
     B1DE   48         PHA
     B1DF   20 0A 81   JSR &810A
     B1E2   8A         TXA
     B1E3   48         PHA
     B1E4   20 1B 81   JSR &811B
     B1E7   A2 07      LDX #&07
.dump_getbytes_loop
     B1E9   20 D7 FF   JSR &FFD7
     B1EC   B0 0B      BCS &B1F9
     B1EE   95 A8      STA &A8,X
     B1F0   20 0A 81   JSR &810A
     B1F3   20 1B 81   JSR &811B
     B1F6   CA         DEX
     B1F7   10 F0      BPL &B1E9
.dump_eof
     B1F9   08         PHP
     B1FA   90 12      BCC &B20E
.dump_padnum_loop
     B1FC   A9 2A      LDA #&2A
     B1FE   20 EE FF   JSR &FFEE
     B201   20 EE FF   JSR &FFEE
     B204   20 1B 81   JSR &811B
     B207   A9 00      LDA #&00
     B209   95 A8      STA &A8,X
     B20B   CA         DEX
     B20C   10 EE      BPL &B1FC
.dump_noteof
     B20E   A2 07      LDX #&07
.dump_chr_loop
     B210   B5 A8      LDA &A8,X
     B212   29 7F      AND #&7F
     B214   C9 7F      CMP #&7F
     B216   F0 04      BEQ &B21C
     B218   C9 20      CMP #&20
     B21A   B0 02      BCS &B21E
.showchrdot
     B21C   A9 2E      LDA #&2E
.showchrexit
     B21E   20 EE FF   JSR &FFEE
     B221   CA         DEX
     B222   10 EC      BPL &B210
     B224   20 E7 FF   JSR &FFE7
     B227   28         PLP
     B228   68         PLA
     B229   AA         TAX
     B22A   68         PLA
     B22B   24 FF      BIT &FF
     B22D   30 3A      BMI &B269
     B22F   90 A2      BCC &B1D3
     B231   B0 31      BCS &B264
.CMD_TYPE
     B233   A9 00      LDA #&00
     B235   F0 02      BEQ &B239
.CMD_LIST
     B237   A9 FF      LDA #&FF
.type
     B239   85 AA      STA &AA
     B23B   A9 40      LDA #&40
     B23D   20 C7 B2   JSR &B2C7
     B240   A9 0D      LDA #&0D
.list_loop_entry
     B242   25 AA      AND &AA
     B244   49 0D      EOR #&0D
     B246   AA         TAX
.list_loop
     B247   20 D7 FF   JSR &FFD7
     B24A   B0 15      BCS &B261
     B24C   C9 0A      CMP #&0A
     B24E   F0 F7      BEQ &B247
     B250   48         PHA
     B251   8A         TXA
     B252   D0 03      BNE &B257
     B254   20 F8 B2   JSR &B2F8
.list_skiplineno
     B257   68         PLA
     B258   20 E3 FF   JSR &FFE3
     B25B   24 FF      BIT &FF
     B25D   30 0A      BMI &B269
     B25F   10 E1      BPL &B242
.list_eof
     B261   20 E7 FF   JSR &FFE7
.Utils_CloseFile_Yhandle
     B264   A9 00      LDA #&00
     B266   4C CE FF   JMP &FFCE
.Utils_ESCAPE_CloseFileY
     B269   20 64 B2   JSR &B264
     B26C   4C 71 8C   JMP &8C71
.CMD_BUILD
     B26F   A9 80      LDA #&80
     B271   20 C7 B2   JSR &B2C7
.loop_newline
     B274   20 F8 B2   JSR &B2F8
     B277   A2 00      LDX #&00
.loop_line
     B279   20 E0 FF   JSR &FFE0
     B27C   B0 EB      BCS &B269
     B27E   C9 15      CMP #&15
     B280   F0 11      BEQ &B293
     B282   C9 7F      CMP #&7F
     B284   F0 14      BEQ &B29A
     B286   20 E3 FF   JSR &FFE3
     B289   20 D4 FF   JSR &FFD4
     B28C   E8         INX
     B28D   C9 0D      CMP #&0D
     B28F   D0 E8      BNE &B279
     B291   F0 E1      BEQ &B274
.clearline
     B293   20 A0 B2   JSR &B2A0
     B296   D0 FB      BNE &B293
     B298   F0 DF      BEQ &B279
.subpointer
     B29A   20 A0 B2   JSR &B2A0
     B29D   4C 79 B2   JMP &B279
.fpdec
     B2A0   8A         TXA
     B2A1   F0 23      BEQ &B2C6
     B2A3   48         PHA
     B2A4   A9 7F      LDA #&7F
     B2A6   20 EE FF   JSR &FFEE
     B2A9   A9 00      LDA #&00
     B2AB   A2 AA      LDX #&AA
     B2AD   20 DA FF   JSR &FFDA
     B2B0   A5 AA      LDA &AA
     B2B2   D0 08      BNE &B2BC
     B2B4   A5 AB      LDA &AB
     B2B6   D0 02      BNE &B2BA
     B2B8   C6 AC      DEC &AC
.decmsb
     B2BA   C6 AB      DEC &AB
.declsb
     B2BC   C6 AA      DEC &AA
.fpdecdone
     B2BE   A9 03      LDA #&03
     B2C0   20 DA FF   JSR &FFDA
     B2C3   68         PLA
     B2C4   AA         TAX
     B2C5   CA         DEX
.fpdecrts
     B2C6   60         RTS
.Utils_FilenameAtXY
     B2C7   85 AF      STA &AF
     B2C9   BA         TSX
     B2CA   A9 00      LDA #&00
     B2CC   9D 07 01   STA &0107,X
     B2CF   85 A8      STA &A8
     B2D1   85 A9      STA &A9
     B2D3   88         DEY
.utils_skipspcloop
     B2D4   C8         INY
     B2D5   B1 F2      LDA (&F2),Y
     B2D7   C9 20      CMP #&20
     B2D9   F0 F9      BEQ &B2D4
     B2DB   C9 0D      CMP #&0D
     B2DD   D0 03      BNE &B2E2
     B2DF   4C AC 99   JMP &99AC
.utils_notnullstr
     B2E2   98         TYA
     B2E3   18         CLC
     B2E4   65 F2      ADC &F2
     B2E6   AA         TAX
     B2E7   A5 F3      LDA &F3
     B2E9   69 00      ADC #&00
     B2EB   A8         TAY
     B2EC   A5 AF      LDA &AF
     B2EE   20 CE FF   JSR &FFCE
     B2F1   F0 02      BEQ &B2F5
     B2F3   A8         TAY
     B2F4   60         RTS
.utils_filenotfound
     B2F5   4C 3D 82   JMP &823D
.Utils_PrintLineNoA8
     B2F8   20 E6 A1   JSR &A1E6
     B2FB   20 0A 81   JSR &810A
     B2FE   A5 A8      LDA &A8
     B300   20 0A 81   JSR &810A
     B303   4C 1B 81   JMP &811B
Processed file 'Utilities.asm' ok
    code ends at&B306  (1016 bytes free )
Saving file 'build/U/ESWMMFS'
Processed file 'mmfs100.asm' ok
Processed file 'top_ESWMMFS.asm' ok
