Including file DEVICE.asm
Processed file 'DEVICE.asm' ok
Including file mmfs100.asm
Including file VERSION.asm
Processed file 'VERSION.asm' ok
Including file SYSVARS.asm
Processed file 'SYSVARS.asm' ok
.langentry
     8000   00         BRK
     8001   00         BRK
     8002   00         BRK
.serventry
     8003   4C A1 8D   JMP &8DA1
.romtype
     8006   82
.copywoffset
     8007   26
.binversion
     8008   7B
.title
Macro BUILD_NAME:
Macro BASE_NAME:
     8009   4D 6F 64 ...
Macro SYSTEM_NAME:
     8012   4D 4D 46 ...
End macro SYSTEM_NAME
     8017   20 31 32 ...
End macro BASE_NAME
Macro DEVICE_NAME:
     801B   20 54 75 ...
End macro DEVICE_NAME
Macro DFS_EMUL_NAME:
End macro DFS_EMUL_NAME
     8021   00
End macro BUILD_NAME
.version
Macro BUILD_VERSION:
     8022   31 2E 36 ...
     8026   00
End macro BUILD_VERSION
.copyright
Macro BUILD_COPYRIGHT:
     8027   28 43 29 ...
     8035   00
End macro BUILD_COPYRIGHT
.header_end
.Go_FSCV
     8036   6C 1E 02   JMP (&021E)
.SetLEDS
     8039   A2 06      LDX #&06
     803B   8E 40 FE   STX &FE40
     803E   E8         INX
     803F   8E 40 FE   STX &FE40
     8042   60         RTS
.ResetLEDS
     8043   20 F8 83   JSR &83F8
     8046   A9 76      LDA #&76
     8048   4C F4 FF   JMP &FFF4
.errDISK
     804B   20 60 80   JSR &8060
     804E   00         BRK
     804F   44 69 73 ...
     8054   90 21      BCC &8077
.errBAD
     8056   20 60 80   JSR &8060
     8059   00         BRK
     805A   42 61 64 ...
     805E   90 17      BCC &8077
.ReportErrorCB
     8060   AD DD A4   LDA &A4DD
     8063   D0 03      BNE &8068
     8065   20 0C 97   JSR &970C
.brk100_notbuf
     8068   A9 FF      LDA #&FF
     806A   8D 82 A4   STA &A482
     806D   8D DD A4   STA &A4DD
.ReportError
     8070   A2 02      LDX #&02
     8072   A9 00      LDA #&00
     8074   8D 00 01   STA &0100
.ErrCONTINUE
     8077   20 43 80   JSR &8043
.ReportError2
     807A   68         PLA
     807B   85 AE      STA &AE
     807D   68         PLA
     807E   85 AF      STA &AF
     8080   A0 00      LDY #&00
     8082   20 EF 83   JSR &83EF
     8085   8D 01 01   STA &0101
     8088   CA         DEX
.errstr_loop
     8089   E8         INX
     808A   20 EF 83   JSR &83EF
     808D   9D 00 01   STA &0100,X
     8090   30 27      BMI &80B9
     8092   D0 F5      BNE &8089
     8094   20 6F 8C   JSR &8C6F
     8097   4C 00 01   JMP &0100
.PrintNibble_PrintString
     809A   20 07 81   JSR &8107
.PrintString
     809D   85 B3      STA &B3
     809F   68         PLA
     80A0   85 AE      STA &AE
     80A2   68         PLA
     80A3   85 AF      STA &AF
     80A5   A5 B3      LDA &B3
     80A7   48         PHA
     80A8   98         TYA
     80A9   48         PHA
     80AA   A0 00      LDY #&00
.prtstr_loop
     80AC   20 EF 83   JSR &83EF
     80AF   30 05      BMI &80B6
     80B1   20 E0 80   JSR &80E0
     80B4   10 F6      BPL &80AC
.prtstr_return1
     80B6   68         PLA
     80B7   A8         TAY
     80B8   68         PLA
.prtstr_return2
     80B9   18         CLC
     80BA   6C AE 00   JMP (&00AE)
.PrintStringSPL
     80BD   85 B3      STA &B3
     80BF   68         PLA
     80C0   85 AE      STA &AE
     80C2   68         PLA
     80C3   85 AF      STA &AF
     80C5   A5 B3      LDA &B3
     80C7   48         PHA
     80C8   98         TYA
     80C9   48         PHA
     80CA   A0 00      LDY #&00
.pstr_loop
     80CC   20 EF 83   JSR &83EF
     80CF   30 E5      BMI &80B6
     80D1   20 E3 FF   JSR &FFE3
     80D4   4C CC 80   JMP &80CC
.PrintSpace
     80D7   A9 20      LDA #&20
     80D9   D0 05      BNE &80E0
.PrintNibFullStop
     80DB   20 07 81   JSR &8107
.PrintFullStop
     80DE   A9 2E      LDA #&2E
.PrintChrA
     80E0   20 F8 83   JSR &83F8
     80E3   48         PHA
     80E4   A9 EC      LDA #&EC
     80E6   20 79 93   JSR &9379
     80E9   8A         TXA
     80EA   48         PHA
     80EB   09 10      ORA #&10
     80ED   AA         TAX
     80EE   20 F7 80   JSR &80F7
     80F1   68         PLA
     80F2   AA         TAX
     80F3   68         PLA
     80F4   20 E3 FF   JSR &FFE3
.osbyte03_Xoutstream
     80F7   A9 03      LDA #&03
     80F9   4C F4 FF   JMP &FFF4
.PrintBCD
     80FC   20 30 84   JSR &8430
.PrintHex
     80FF   48         PHA
     8100   20 24 82   JSR &8224
     8103   20 07 81   JSR &8107
     8106   68         PLA
.PrintNibble
     8107   20 29 81   JSR &8129
     810A   D0 D4      BNE &80E0
.PrintBCDSPL
     810C   20 30 84   JSR &8430
.PrintHexSPL
     810F   48         PHA
     8110   20 24 82   JSR &8224
     8113   20 17 81   JSR &8117
     8116   68         PLA
.PrintNibbleSPL
     8117   20 29 81   JSR &8129
     811A   4C EE FF   JMP &FFEE
.Print2SpacesSPL
     811D   20 20 81   JSR &8120
.PrintSpaceSPL
     8120   48         PHA
     8121   A9 20      LDA #&20
     8123   20 EE FF   JSR &FFEE
     8126   68         PLA
     8127   18         CLC
     8128   60         RTS
.NibToASC
     8129   29 0F      AND #&0F
     812B   C9 0A      CMP #&0A
     812D   90 02      BCC &8131
     812F   69 06      ADC #&06
.nibasc
     8131   69 30      ADC #&30
     8133   60         RTS
.CopyVarsB0BA
     8134   20 44 81   JSR &8144
     8137   CA         DEX
     8138   CA         DEX
     8139   20 3C 81   JSR &813C
.cpybyte1
     813C   B1 B0      LDA (&B0),Y
     813E   9D 72 A4   STA &A472,X
     8141   E8         INX
     8142   C8         INY
     8143   60         RTS
.CopyWordB0BA
     8144   20 47 81   JSR &8147
.cpybyte2
     8147   B1 B0      LDA (&B0),Y
     8149   95 BA      STA &BA,X
     814B   E8         INX
     814C   C8         INY
     814D   60         RTS
.read_fspTextPointer
     814E   20 D9 8B   JSR &8BD9
     8151   4C 64 81   JMP &8164
.read_fspBA_reset
     8154   20 D9 8B   JSR &8BD9
.read_fspBA
     8157   A5 BA      LDA &BA
     8159   85 F2      STA &F2
     815B   A5 BB      LDA &BB
     815D   85 F3      STA &F3
     815F   A0 00      LDY #&00
     8161   20 C5 81   JSR &81C5
.rdafsp_entry
     8164   A2 20      LDX #&20
     8166   20 AA 81   JSR &81AA
     8169   B0 1B      BCS &8186
     816B   8D 00 A4   STA &A400
     816E   C9 2E      CMP #&2E
     8170   D0 04      BNE &8176
.rdafsp_setdrv
     8172   86 CC      STX &CC
     8174   F0 EE      BEQ &8164
.rdafsp_notdot
     8176   C9 3A      CMP #&3A
     8178   D0 15      BNE &818F
     817A   20 EE 8B   JSR &8BEE
     817D   20 AA 81   JSR &81AA
     8180   B0 04      BCS &8186
     8182   C9 2E      CMP #&2E
     8184   F0 DE      BEQ &8164
.errBadName
     8186   20 56 80   JSR &8056
     8189   CC
     818A   6E 61 6D ...
     818E   00
.rdafsp_notcolon
     818F   AA         TAX
     8190   20 AA 81   JSR &81AA
     8193   B0 34      BCS &81C9
     8195   C9 2E      CMP #&2E
     8197   F0 D9      BEQ &8172
     8199   A2 01      LDX #&01
.rdafsp_rdfnloop
     819B   9D 00 A4   STA &A400,X
     819E   E8         INX
     819F   20 AA 81   JSR &81AA
     81A2   B0 27      BCS &81CB
     81A4   E0 07      CPX #&07
     81A6   D0 F3      BNE &819B
     81A8   F0 DC      BEQ &8186
.GSREAD_A
     81AA   20 C5 FF   JSR &FFC5
     81AD   08         PHP
     81AE   29 7F      AND #&7F
     81B0   C9 0D      CMP #&0D
     81B2   F0 08      BEQ &81BC
     81B4   C9 20      CMP #&20
     81B6   90 CE      BCC &8186
     81B8   C9 7F      CMP #&7F
     81BA   F0 CA      BEQ &8186
.dogsrd_exit
     81BC   28         PLP
     81BD   60         RTS
.SetTextPointerYX
     81BE   86 F2      STX &F2
     81C0   84 F3      STY &F3
     81C2   A0 00      LDY #&00
     81C4   60         RTS
.GSINIT_A
     81C5   18         CLC
     81C6   4C C2 FF   JMP &FFC2
.Rdafsp_padall
     81C9   A2 01      LDX #&01
.rdafsp_padX
     81CB   A9 20      LDA #&20
.rdafsp_padloop
     81CD   9D 00 A4   STA &A400,X
     81D0   E8         INX
     81D1   E0 40      CPX #&40
     81D3   D0 F8      BNE &81CD
     81D5   A2 06      LDX #&06
.rdafsp_cpyfnloop
     81D7   BD 00 A4   LDA &A400,X
     81DA   95 C5      STA &C5,X
     81DC   CA         DEX
     81DD   10 F8      BPL &81D7
     81DF   60         RTS
.prt_filename_Yoffset
     81E0   20 F8 83   JSR &83F8
     81E3   B9 0F A2   LDA &A20F,Y
     81E6   08         PHP
     81E7   29 7F      AND #&7F
     81E9   D0 05      BNE &81F0
     81EB   20 1D 81   JSR &811D
     81EE   F0 06      BEQ &81F6
.prt_filename_prtchr
     81F0   20 E0 80   JSR &80E0
     81F3   20 DE 80   JSR &80DE
.prt_filename_nodir
     81F6   A2 06      LDX #&06
.prt_filename_loop
     81F8   B9 08 A2   LDA &A208,Y
     81FB   29 7F      AND #&7F
     81FD   20 E0 80   JSR &80E0
     8200   C8         INY
     8201   CA         DEX
     8202   10 F4      BPL &81F8
     8204   20 1D 81   JSR &811D
     8207   A9 20      LDA #&20
     8209   28         PLP
     820A   10 02      BPL &820E
     820C   A9 4C      LDA #&4C
.prt_filename_notlocked
     820E   20 E0 80   JSR &80E0
     8211   A0 01      LDY #&01
.prt_Yspaces
     8213   20 20 81   JSR &8120
     8216   88         DEY
     8217   D0 FA      BNE &8213
     8219   60         RTS
.A_rorx6and3
     821A   4A         LSR A
     821B   4A         LSR A
.A_rorx4and3
     821C   4A         LSR A
     821D   4A         LSR A
.A_rorx2and3
     821E   4A         LSR A
     821F   4A         LSR A
     8220   29 03      AND #&03
     8222   60         RTS
.A_rorx5
     8223   4A         LSR A
.A_rorx4
     8224   4A         LSR A
     8225   4A         LSR A
     8226   4A         LSR A
     8227   4A         LSR A
     8228   60         RTS
.A_rolx5
     8229   0A         ASL A
.A_rolx4
     822A   0A         ASL A
     822B   0A         ASL A
     822C   0A         ASL A
     822D   0A         ASL A
.getcat_exit
     822E   60         RTS
.parameter_afsp_Param_SyntaxErrorIfNull_getcatentry_fspTxtP
     822F   20 81 92   JSR &9281
.Param_SyntaxErrorIfNull_getcatentry_fspTxtP
     8232   20 FD 99   JSR &99FD
.getcatentry_fspTxtP
     8235   20 4E 81   JSR &814E
     8238   30 03      BMI &823D
.getcatentry_fspBA
     823A   20 54 81   JSR &8154
.getcatentry
     823D   20 82 82   JSR &8282
     8240   B0 EC      BCS &822E
.err_FILENOTFOUND
     8242   20 70 80   JSR &8070
     8245   D6
     8246   4E 6F 74 ...
     824F   00
.fscv9_starEX
     8250   20 BE 81   JSR &81BE
.CMD_EX
     8253   20 D9 8B   JSR &8BD9
     8256   20 C5 81   JSR &81C5
     8259   F0 03      BEQ &825E
     825B   20 91 89   JSR &8991
.cmd_ex_nullstr
     825E   A9 2A      LDA #&2A
     8260   8D 00 A4   STA &A400
     8263   20 C9 81   JSR &81C9
     8266   20 81 92   JSR &9281
     8269   20 3D 82   JSR &823D
     826C   4C 79 82   JMP &8279
.fscv10_starINFO
     826F   20 BE 81   JSR &81BE
     8272   A9 4E      LDA #&4E
     8274   85 BF      STA &BF
.CMD_INFO
     8276   20 2F 82   JSR &822F
.cmd_info_loop
     8279   20 4E 83   JSR &834E
     827C   20 89 82   JSR &8289
     827F   B0 F8      BCS &8279
     8281   60         RTS
.get_cat_firstentry80
.get_cat_firstentry81
     8282   20 7A AB   JSR &AB7A
     8285   A2 00      LDX #&00
     8287   F0 18      BEQ &82A1
.get_cat_nextentry
     8289   A2 00      LDX #&00
     828B   F0 18      BEQ &82A5
.get_cat_firstentry80fname
     828D   A2 06      LDX #&06
.getcatloop1
     828F   B5 C5      LDA &C5,X
     8291   9D 58 A4   STA &A458,X
     8294   CA         DEX
     8295   10 F8      BPL &828F
     8297   A9 20      LDA #&20
     8299   8D 5F A4   STA &A45F
     829C   20 7A AB   JSR &AB7A
     829F   A2 58      LDX #&58
.getcatentry2
     82A1   A9 00      LDA #&00
     82A3   85 B6      STA &B6
.getcatsetupB7
     82A5   A9 A2      LDA #&A2
     82A7   85 B7      STA &B7
.getcatloop2
     82A9   A0 00      LDY #&00
     82AB   A5 B6      LDA &B6
     82AD   CD 05 A3   CMP &A305
     82B0   B0 49      BCS &82FB
     82B2   69 08      ADC #&08
     82B4   85 B6      STA &B6
     82B6   20 D0 82   JSR &82D0
     82B9   90 EE      BCC &82A9
     82BB   A5 CC      LDA &CC
     82BD   A0 07      LDY #&07
     82BF   20 FD 82   JSR &82FD
     82C2   D0 E5      BNE &82A9
     82C4   A4 B6      LDY &B6
     82C6   38         SEC
.Y_sub8
     82C7   88         DEY
     82C8   88         DEY
     82C9   88         DEY
     82CA   88         DEY
     82CB   88         DEY
     82CC   88         DEY
     82CD   88         DEY
     82CE   88         DEY
.NotCmdTable2
     82CF   60         RTS
.MatchFilename
     82D0   20 F8 83   JSR &83F8
.matfn_loop1
     82D3   BD 00 A4   LDA &A400,X
     82D6   CD CE A4   CMP &A4CE
     82D9   D0 13      BNE &82EE
     82DB   E8         INX
.matfn_loop2
     82DC   20 D0 82   JSR &82D0
     82DF   B0 1B      BCS &82FC
     82E1   C8         INY
     82E2   C0 07      CPY #&07
     82E4   90 F6      BCC &82DC
.matfn_loop3
     82E6   BD 00 A4   LDA &A400,X
     82E9   C9 20      CMP #&20
     82EB   D0 0E      BNE &82FB
     82ED   60         RTS
.matfn_nomatch
     82EE   C0 07      CPY #&07
     82F0   B0 F4      BCS &82E6
     82F2   20 FD 82   JSR &82FD
     82F5   D0 04      BNE &82FB
     82F7   E8         INX
     82F8   C8         INY
     82F9   D0 D8      BNE &82D3
.matfn_exitC0
     82FB   18         CLC
.matfn_exit
     82FC   60         RTS
.MatchChr
     82FD   CD CE A4   CMP &A4CE
     8300   F0 10      BEQ &8312
     8302   CD CD A4   CMP &A4CD
     8305   F0 0B      BEQ &8312
     8307   20 3B 83   JSR &833B
     830A   51 B6      EOR (&B6),Y
     830C   B0 02      BCS &8310
     830E   29 5F      AND #&5F
.matchr_notalpha
     8310   29 7F      AND #&7F
.matchr_exit
     8312   60         RTS
.UcaseA2
     8313   08         PHP
     8314   20 3B 83   JSR &833B
     8317   B0 02      BCS &831B
     8319   29 5F      AND #&5F
.ucasea
     831B   29 7F      AND #&7F
     831D   28         PLP
     831E   60         RTS
.DeleteCatEntry_YFileOffset
     831F   20 36 93   JSR &9336
.delcatloop
     8322   B9 10 A2   LDA &A210,Y
     8325   99 08 A2   STA &A208,Y
     8328   B9 10 A3   LDA &A310,Y
     832B   99 08 A3   STA &A308,Y
     832E   C8         INY
     832F   CC 05 A3   CPY &A305
     8332   90 EE      BCC &8322
     8334   98         TYA
     8335   E9 08      SBC #&08
     8337   8D 05 A3   STA &A305
.print_infoline_exit
     833A   60         RTS
.IsAlphaChar
     833B   48         PHA
     833C   29 5F      AND #&5F
     833E   C9 41      CMP #&41
     8340   90 04      BCC &8346
     8342   C9 5B      CMP #&5B
     8344   90 01      BCC &8347
.isalpha1
     8346   38         SEC
.isalpha2
     8347   68         PLA
     8348   60         RTS
.prt_InfoMsg_Yoffset
     8349   2C C6 A4   BIT &A4C6
     834C   30 EC      BMI &833A
.prt_InfoLine_Yoffset
     834E   20 F8 83   JSR &83F8
     8351   20 E0 81   JSR &81E0
     8354   98         TYA
     8355   48         PHA
     8356   A9 60      LDA #&60
     8358   85 B0      STA &B0
     835A   A9 A4      LDA #&A4
     835C   85 B1      STA &B1
     835E   20 99 83   JSR &8399
     8361   A0 02      LDY #&02
     8363   20 20 81   JSR &8120
     8366   20 87 83   JSR &8387
     8369   20 87 83   JSR &8387
     836C   20 87 83   JSR &8387
     836F   68         PLA
     8370   A8         TAY
     8371   B9 0E A3   LDA &A30E,Y
     8374   29 03      AND #&03
     8376   20 07 81   JSR &8107
     8379   B9 0F A3   LDA &A30F,Y
     837C   20 FF 80   JSR &80FF
.PrintNewLine
     837F   48         PHA
     8380   A9 0D      LDA #&0D
     8382   20 E0 80   JSR &80E0
     8385   68         PLA
     8386   60         RTS
.PrintHex3Byte
     8387   A2 03      LDX #&03
.printhex3byte_loop
     8389   B9 62 A4   LDA &A462,Y
     838C   20 FF 80   JSR &80FF
     838F   88         DEY
     8390   CA         DEX
     8391   D0 F6      BNE &8389
     8393   20 FA 87   JSR &87FA
     8396   4C 20 81   JMP &8120
.ReadFileAttribsToB0_Yoffset
     8399   20 F8 83   JSR &83F8
     839C   98         TYA
     839D   48         PHA
     839E   AA         TAX
     839F   A0 12      LDY #&12
     83A1   A9 00      LDA #&00
.readfileattribs_clearloop
     83A3   88         DEY
     83A4   91 B0      STA (&B0),Y
     83A6   C0 02      CPY #&02
     83A8   D0 F9      BNE &83A3
.readfileattribs_copyloop
     83AA   20 E4 83   JSR &83E4
     83AD   C8         INY
     83AE   C8         INY
     83AF   C0 0E      CPY #&0E
     83B1   D0 F7      BNE &83AA
     83B3   68         PLA
     83B4   AA         TAX
     83B5   BD 0F A2   LDA &A20F,X
     83B8   10 04      BPL &83BE
     83BA   A9 08      LDA #&08
     83BC   91 B0      STA (&B0),Y
.readfileattribs_notlocked
     83BE   BD 0E A3   LDA &A30E,X
     83C1   A0 04      LDY #&04
     83C3   20 D2 83   JSR &83D2
     83C6   A0 0C      LDY #&0C
     83C8   4A         LSR A
     83C9   4A         LSR A
     83CA   48         PHA
     83CB   29 03      AND #&03
     83CD   91 B0      STA (&B0),Y
     83CF   68         PLA
     83D0   A0 08      LDY #&08
.readfileattribs_addrHiBytes
     83D2   4A         LSR A
     83D3   4A         LSR A
     83D4   48         PHA
     83D5   29 03      AND #&03
     83D7   C9 03      CMP #&03
     83D9   D0 05      BNE &83E0
     83DB   A9 FF      LDA #&FF
     83DD   91 B0      STA (&B0),Y
     83DF   C8         INY
.readfileattribs_nothost
     83E0   91 B0      STA (&B0),Y
.readfileattribs_exits
     83E2   68         PLA
     83E3   60         RTS
.readfileattribs_copy2bytes
     83E4   20 E7 83   JSR &83E7
.readfileattribs_copy1byte
     83E7   BD 08 A3   LDA &A308,X
     83EA   91 B0      STA (&B0),Y
     83EC   E8         INX
     83ED   C8         INY
     83EE   60         RTS
.inc_word_AE_and_load
     83EF   E6 AE      INC &AE
     83F1   D0 02      BNE &83F5
     83F3   E6 AF      INC &AF
.inc_word_AE_exit
     83F5   B1 AE      LDA (&AE),Y
     83F7   60         RTS
.RememberAXY
     83F8   48         PHA
     83F9   8A         TXA
     83FA   48         PHA
     83FB   98         TYA
     83FC   48         PHA
     83FD   A9 84      LDA #&84
     83FF   48         PHA
     8400   A9 1A      LDA #&1A
     8402   48         PHA
.rAXY_loop_init
     8403   A0 05      LDY #&05
.rAXY_loop
     8405   BA         TSX
     8406   BD 07 01   LDA &0107,X
     8409   48         PHA
     840A   88         DEY
     840B   D0 F8      BNE &8405
     840D   A0 0A      LDY #&0A
.rAXY_loop2
     840F   BD 09 01   LDA &0109,X
     8412   9D 0B 01   STA &010B,X
     8415   CA         DEX
     8416   88         DEY
     8417   D0 F6      BNE &840F
     8419   68         PLA
     841A   68         PLA
.rAXY_restore
     841B   68         PLA
     841C   A8         TAY
     841D   68         PLA
     841E   AA         TAX
     841F   68         PLA
     8420   60         RTS
.RememberXYonly
     8421   48         PHA
     8422   8A         TXA
     8423   48         PHA
     8424   98         TYA
     8425   48         PHA
     8426   20 03 84   JSR &8403
.axyret1
     8429   BA         TSX
     842A   9D 03 01   STA &0103,X
     842D   4C 1B 84   JMP &841B
.BinaryToBCD
     8430   20 21 84   JSR &8421
     8433   A8         TAY
     8434   F0 0A      BEQ &8440
     8436   18         CLC
     8437   F8         SED
     8438   A9 00      LDA #&00
.bbcd_loop
     843A   69 01      ADC #&01
     843C   88         DEY
     843D   D0 FB      BNE &843A
     843F   D8         CLD
.bbcd_exit
     8440   60         RTS
.Param_ReadNum
     8441   20 C5 81   JSR &81C5
     8444   38         SEC
     8445   F0 2A      BEQ &8471
     8447   08         PHP
     8448   A9 00      LDA #&00
     844A   85 B9      STA &B9
     844C   F0 18      BEQ &8466
.L1
     844E   38         SEC
     844F   E9 30      SBC #&30
     8451   90 1D      BCC &8470
     8453   C9 0A      CMP #&0A
     8455   B0 19      BCS &8470
     8457   85 B8      STA &B8
     8459   A5 B9      LDA &B9
     845B   0A         ASL A
     845C   85 B9      STA &B9
     845E   0A         ASL A
     845F   0A         ASL A
     8460   65 B9      ADC &B9
     8462   65 B8      ADC &B8
     8464   85 B9      STA &B9
.L2
     8466   20 C5 FF   JSR &FFC5
     8469   90 E3      BCC &844E
     846B   A6 B9      LDX &B9
     846D   28         PLP
     846E   18         CLC
     846F   60         RTS
.L3
     8470   28         PLP
.L4
     8471   60         RTS
.fscv5_starCAT
     8472   20 BE 81   JSR &81BE
     8475   20 E6 8B   JSR &8BE6
     8478   20 88 AB   JSR &AB88
     847B   A0 FF      LDY #&FF
     847D   84 A8      STY &A8
     847F   C8         INY
     8480   84 AA      STY &AA
.cat_titleloop
     8482   B9 00 A2   LDA &A200,Y
     8485   C0 08      CPY #&08
     8487   90 03      BCC &848C
     8489   B9 F8 A2   LDA &A2F8,Y
.cat_titlelo
     848C   20 E0 80   JSR &80E0
     848F   C8         INY
     8490   C0 0C      CPY #&0C
     8492   D0 EE      BNE &8482
     8494   20 9D 80   JSR &809D
     8497   20 28 
     8499   AD 04 A3   LDA &A304
     849C   20 FF 80   JSR &80FF
     849F   20 9D 80   JSR &809D
     84A2   29 
     84A3   0D
     84A4   44 72 69 ...
     84AA   A5 CD      LDA &CD
     84AC   20 07 81   JSR &8107
     84AF   A0 0D      LDY #&0D
     84B1   20 13 82   JSR &8213
     84B4   20 9D 80   JSR &809D
     84B7   4F 70 74 ...
     84BE   AD 06 A3   LDA &A306
     84C1   20 24 82   JSR &8224
     84C4   48         PHA
     84C5   20 9A 80   JSR &809A
     84C8   20 28 
     84CA   A0 03      LDY #&03
     84CC   68         PLA
     84CD   0A         ASL A
     84CE   0A         ASL A
     84CF   AA         TAX
.cat_printoptionnameloop
     84D0   BD BC 85   LDA &85BC,X
     84D3   20 E0 80   JSR &80E0
     84D6   E8         INX
     84D7   88         DEY
     84D8   10 F6      BPL &84D0
     84DA   20 9D 80   JSR &809D
     84DD   29 
     84DE   0D
     84DF   44 69 72 ...
     84E5   AD CA A4   LDA &A4CA
     84E8   20 DB 80   JSR &80DB
     84EB   AD C9 A4   LDA &A4C9
     84EE   20 E0 80   JSR &80E0
     84F1   A0 0B      LDY #&0B
     84F3   20 13 82   JSR &8213
     84F6   20 9D 80   JSR &809D
     84F9   4C 69 62 ...
     84FF   AD CC A4   LDA &A4CC
     8502   20 DB 80   JSR &80DB
     8505   AD CB A4   LDA &A4CB
     8508   20 E0 80   JSR &80E0
     850B   20 7F 83   JSR &837F
     850E   A0 00      LDY #&00
.cat_curdirloop
     8510   CC 05 A3   CPY &A305
     8513   B0 17      BCS &852C
     8515   B9 0F A2   LDA &A20F,Y
     8518   4D C9 A4   EOR &A4C9
     851B   29 5F      AND #&5F
     851D   D0 08      BNE &8527
     851F   B9 0F A2   LDA &A20F,Y
     8522   29 80      AND #&80
     8524   99 0F A2   STA &A20F,Y
.cat_curdirnext
     8527   20 F9 87   JSR &87F9
     852A   90 E4      BCC &8510
.cat_sortloop1
     852C   A0 00      LDY #&00
     852E   20 3E 85   JSR &853E
     8531   90 16      BCC &8549
     8533   A9 FF      LDA #&FF
     8535   8D 82 A4   STA &A482
     8538   4C 7F 83   JMP &837F
.cat_getnextunmarkedfile_loop
     853B   20 F9 87   JSR &87F9
.cat_getnextunmarkedfileY
     853E   CC 05 A3   CPY &A305
     8541   B0 05      BCS &8548
     8543   B9 08 A2   LDA &A208,Y
     8546   30 F3      BMI &853B
.cat_exit
     8548   60         RTS
.cat_printfilename
     8549   84 AB      STY &AB
     854B   A2 00      LDX #&00
.cat_copyfnloop
     854D   B9 08 A2   LDA &A208,Y
     8550   20 13 83   JSR &8313
     8553   9D 60 A4   STA &A460,X
     8556   C8         INY
     8557   E8         INX
     8558   E0 08      CPX #&08
     855A   D0 F1      BNE &854D
.cat_comparefnloop1
     855C   20 3E 85   JSR &853E
     855F   B0 23      BCS &8584
     8561   38         SEC
     8562   A2 06      LDX #&06
.cat_comparefnloop2
     8564   B9 0E A2   LDA &A20E,Y
     8567   20 13 83   JSR &8313
     856A   FD 60 A4   SBC &A460,X
     856D   88         DEY
     856E   CA         DEX
     856F   10 F3      BPL &8564
     8571   20 FA 87   JSR &87FA
     8574   B9 0F A2   LDA &A20F,Y
     8577   20 13 83   JSR &8313
     857A   ED 67 A4   SBC &A467
     857D   90 CA      BCC &8549
     857F   20 F9 87   JSR &87F9
     8582   B0 D8      BCS &855C
.cat_printfn
     8584   A4 AB      LDY &AB
     8586   B9 08 A2   LDA &A208,Y
     8589   09 80      ORA #&80
     858B   99 08 A2   STA &A208,Y
     858E   AD 67 A4   LDA &A467
     8591   C5 AA      CMP &AA
     8593   F0 10      BEQ &85A5
     8595   A6 AA      LDX &AA
     8597   85 AA      STA &AA
     8599   D0 0A      BNE &85A5
     859B   20 7F 83   JSR &837F
.cat_newline
     859E   20 7F 83   JSR &837F
     85A1   A0 FF      LDY #&FF
     85A3   D0 09      BNE &85AE
.cat_samedir
     85A5   A4 A8      LDY &A8
     85A7   D0 F5      BNE &859E
     85A9   A0 05      LDY #&05
     85AB   20 13 82   JSR &8213
.cat_skipspaces
     85AE   C8         INY
     85AF   84 A8      STY &A8
     85B1   A4 AB      LDY &AB
     85B3   20 1D 81   JSR &811D
     85B6   20 E0 81   JSR &81E0
     85B9   4C 2C 85   JMP &852C
.diskoptions_table
     85BC   6F 66 66 
     85BF   00
     85C0   4C 4F 41 ...
     85C4   52 55 4E 
     85C7   00
     85C8   45 58 45 ...
.cmdtable1
     85CC   FF
     85CD   41 43 43 ...
     85D3   B2
     85D4   42 41 43 ...
     85DA   8C
     85DB   43 4C 4F ...
     85E0   80
     85E1   43 4F 4D ...
     85E8   85
     85E9   43 4F 50 ...
     85ED   AC
     85EE   44 45 4C ...
     85F4   88
     85F5   44 45 53 ...
     85FC   82
     85FD   44 49 52 
     8600   86
     8601   44 52 49 ...
     8606   81
     8607   45 4E 41 ...
     860D   80
     860E   45 58 
     8610   86
     8611   46 4F 52 ...
     8615   DF
     8616   46 52 45 ...
     861A   84
.info_cmd_index
     861B   49 4E 46 ...
     861F   82
     8620   4C 49 42 
     8623   86
     8624   4D 41 50 
     8627   84
     8628   52 45 4E ...
     862E   8D
     862F   54 49 54 ...
     8634   8A
     8635   56 45 52 ...
     863B   85
     863C   57 49 50 ...
     8640   82
     8641   00         BRK
.cmdtable2
     8642   14
     8643   42 55 49 ...
     8648   88
     8649   44 55 4D ...
     864D   88
     864E   4C 49 53 ...
     8652   88
     8653   52 4F 4D ...
     8657   8B
     8658   54 59 50 ...
     865C   88
     865D   00         BRK
.cmdtable22
     865E   1A
     865F   44 49 53 ...
     8663   80
     8664   44 49 53 ...
     8668   80
     8669   4D 4D 46 ...
     866D   80
     866E   43 41 52 ...
     8672   80
     8673   00         BRK
.cmdtable3
     8674   1F
     8675   44 55 54 ...
     867B   80
     867C   4D 4D 46 ...
     8680   80
     8681   55 54 49 ...
     8686   80
     8687   00         BRK
.cmdtable4
     8688   23
     8689   41 43 43 ...
     868F   BE
     8690   42 4F 4F ...
     8694   89
     8695   42 55 47 
     8698   80
     8699   43 41 54 
     869C   8E
     869D   44 49 52 
     86A0   89
     86A1   44 52 49 ...
     86A6   80
     86A7   49 4E 
     86A9   F4
     86AA   4F 55 54 
     86AD   84
     86AE   52 45 4E ...
     86B4   F7
     86B5   41 42 4F ...
     86BA   80
     86BB   00         BRK
.cmdaddr1
     86BC   E6 89
     86BE   72 9C
     86C0   F2 93
     86C2   13 9B
     86C4   CB 9C
     86C6   AD 87
     86C8   BC 87
     86CA   6F 89
     86CC   0C 88
     86CE   A1 8B
     86D0   52 82
     86D2   CF 1D
     86D4   2B 9F
     86D6   75 82
     86D8   73 89
     86DA   2E 9F
     86DC   07 8C
     86DE   BA 89
     86E0   CB 1D
     86E2   84 87
     86E4   19 87
.cmdaddr2
     86E6   0F BE
     86E8   68 BD
     86EA   D7 BD
     86EC   49 BC
     86EE   D3 BD
     86F0   CE 82
.cmdaddr22
     86F2   D0 8C
     86F4   D0 8C
     86F6   DD 8C
     86F8   DD 8C
     86FA   4F 8E
.cmdaddr3
     86FC   E2 99
     86FE   A2 99
     8700   E9 99
     8702   F0 99
.cmdaddr4
     8704   05 39
     8706   1C 37
     8708   EB 31
     870A   01 37
     870C   B2 37
     870E   B5 38
     8710   4B 37
     8712   85 38
     8714   42 39
     8716   D9 B1
     8718   AC 88
.cmdaddrX
.NotCmdTable1
     871A   A2 BC      LDX #&BC
     871C   20 C5 81   JSR &81C5
     871F   B1 F2      LDA (&F2),Y
     8721   C8         INY
     8722   09 20      ORA #&20
     8724   C9 64      CMP #&64
     8726   F0 09      BEQ &8731
     8728   88         DEY
     8729   4C AD 88   JMP &88AD
.fscv3_unreccommand
     872C   20 BE 81   JSR &81BE
     872F   A2 00      LDX #&00
.UnrecCommandTextPointer
     8731   BD CC 85   LDA &85CC,X
     8734   85 BE      STA &BE
     8736   98         TYA
     8737   48         PHA
.unrecloop1
     8738   E6 BE      INC &BE
     873A   68         PLA
     873B   48         PHA
     873C   A8         TAY
     873D   20 C5 81   JSR &81C5
     8740   E8         INX
     8741   BD CC 85   LDA &85CC,X
     8744   F0 28      BEQ &876E
     8746   CA         DEX
     8747   88         DEY
     8748   86 BF      STX &BF
.unrecloop2
     874A   E8         INX
     874B   C8         INY
     874C   BD CC 85   LDA &85CC,X
     874F   30 16      BMI &8767
.unrecloop2in
     8751   51 F2      EOR (&F2),Y
     8753   29 5F      AND #&5F
     8755   F0 F3      BEQ &874A
     8757   CA         DEX
.unrecloop3
     8758   E8         INX
     8759   BD CC 85   LDA &85CC,X
     875C   10 FA      BPL &8758
     875E   B1 F2      LDA (&F2),Y
     8760   C9 2E      CMP #&2E
     8762   D0 D4      BNE &8738
     8764   C8         INY
     8765   B0 07      BCS &876E
.endofcmd_oncmdline
     8767   B1 F2      LDA (&F2),Y
     8769   20 3B 83   JSR &833B
     876C   90 CA      BCC &8738
.gocmdcode
     876E   68         PLA
     876F   A5 BE      LDA &BE
     8771   0A         ASL A
     8772   AA         TAX
     8773   BD BD 86   LDA &86BD,X
     8776   10 06      BPL &877E
.gocmdcode2
     8778   48         PHA
     8779   BD BC 86   LDA &86BC,X
     877C   48         PHA
     877D   60         RTS
.dommcinit
     877E   20 73 B1   JSR &B173
     8781   09 80      ORA #&80
     8783   D0 F3      BNE &8778
.CMD_WIPE
     8785   20 2F 82   JSR &822F
.wipeloop
     8788   B9 0F A2   LDA &A20F,Y
     878B   30 1B      BMI &87A8
     878D   20 E0 81   JSR &81E0
     8790   20 31 9C   JSR &9C31
     8793   D0 13      BNE &87A8
     8795   A6 B6      LDX &B6
     8797   20 2B 94   JSR &942B
     879A   86 B6      STX &B6
     879C   20 02 88   JSR &8802
     879F   84 AB      STY &AB
     87A1   20 8C AB   JSR &AB8C
     87A4   A5 AB      LDA &AB
     87A6   85 B6      STA &B6
.wipenext
     87A8   20 89 82   JSR &8289
     87AB   B0 DB      BCS &8788
     87AD   60         RTS
.CMD_DELETE
     87AE   20 78 92   JSR &9278
     87B1   20 32 82   JSR &8232
     87B4   20 49 83   JSR &8349
     87B7   20 1F 83   JSR &831F
     87BA   4C 8C AB   JMP &AB8C
.CMD_DESTROY
     87BD   20 E2 9B   JSR &9BE2
     87C0   20 2F 82   JSR &822F
.destroyloop1
     87C3   B9 0F A2   LDA &A20F,Y
     87C6   30 06      BMI &87CE
     87C8   20 E0 81   JSR &81E0
     87CB   20 7F 83   JSR &837F
.destroylocked1
     87CE   20 89 82   JSR &8289
     87D1   B0 F0      BCS &87C3
     87D3   20 39 9C   JSR &9C39
     87D6   D0 29      BNE &8801
     87D8   20 2B 94   JSR &942B
     87DB   20 82 82   JSR &8282
.destroyloop2
     87DE   B9 0F A2   LDA &A20F,Y
     87E1   30 03      BMI &87E6
     87E3   20 02 88   JSR &8802
.destroylocked2
     87E6   20 89 82   JSR &8289
     87E9   B0 F3      BCS &87DE
     87EB   20 8C AB   JSR &AB8C
.msgDELETED
     87EE   20 9D 80   JSR &809D
     87F1   44 65 6C ...
     87F8   0D
.Y_add8
     87F9   C8         INY
.Y_add7
     87FA   C8         INY
     87FB   C8         INY
     87FC   C8         INY
     87FD   C8         INY
     87FE   C8         INY
     87FF   C8         INY
     8800   C8         INY
.Y_rts
     8801   60         RTS
.DeleteCatEntry_AdjustPtr
     8802   20 1F 83   JSR &831F
     8805   A4 B6      LDY &B6
     8807   20 C7 82   JSR &82C7
     880A   84 B6      STY &B6
     880C   60         RTS
.CMD_DRIVE
     880D   20 EB 8B   JSR &8BEB
     8810   8D CA A4   STA &A4CA
     8813   60         RTS
.osfileFF_loadfiletoaddr
     8814   20 3A 82   JSR &823A
     8817   20 58 93   JSR &9358
     881A   20 99 83   JSR &8399
.LoadFile_Ycatoffset
     881D   84 BA      STY &BA
     881F   A2 00      LDX #&00
     8821   A5 BE      LDA &BE
     8823   D0 06      BNE &882B
     8825   C8         INY
     8826   C8         INY
     8827   A2 02      LDX #&02
     8829   D0 08      BNE &8833
.loadAtLoadAddr
     882B   B9 0E A3   LDA &A30E,Y
     882E   85 C2      STA &C2
     8830   20 A8 8B   JSR &8BA8
.load_copyfileinfo_loop
     8833   B9 08 A3   LDA &A308,Y
     8836   95 BC      STA &BC,X
     8838   C8         INY
     8839   E8         INX
     883A   E0 08      CPX #&08
     883C   D0 F5      BNE &8833
     883E   20 C2 8B   JSR &8BC2
     8841   A4 BA      LDY &BA
     8843   20 49 83   JSR &8349
.LoadMemBlockEX
     8846   20 3B AB   JSR &AB3B
.LoadMemBlock
     8849   A9 85      LDA #&85
     884B   D0 0B      BNE &8858
.osfile0_savememblock
     884D   20 8D 8A   JSR &8A8D
     8850   20 58 93   JSR &9358
     8853   20 99 83   JSR &8399
.SaveMemBlock
     8856   A9 A5      LDA #&A5
.exec_block_rw
     8858   8D B6 A4   STA &A4B6
     885B   A9 05      LDA #&05
     885D   8D B5 A4   STA &A4B5
     8860   A5 CD      LDA &CD
     8862   8D B0 A4   STA &A4B0
     8865   A2 02      LDX #&02
.loop0
     8867   B5 BB      LDA &BB,X
     8869   9D B0 A4   STA &A4B0,X
     886C   BD 73 A4   LDA &A473,X
     886F   9D B2 A4   STA &A4B2,X
     8872   CA         DEX
     8873   D0 F2      BNE &8867
     8875   A5 C2      LDA &C2
     8877   29 03      AND #&03
     8879   AA         TAX
     887A   A5 C3      LDA &C3
     887C   A0 FF      LDY #&FF
.loop1
     887E   38         SEC
.loop2
     887F   C8         INY
     8880   E9 0A      SBC #&0A
     8882   B0 FB      BCS &887F
     8884   CA         DEX
     8885   10 F7      BPL &887E
     8887   69 0A      ADC #&0A
     8889   8C B7 A4   STY &A4B7
     888C   8D B8 A4   STA &A4B8
     888F   A5 C1      LDA &C1
     8891   8D B9 A4   STA &A4B9
     8894   A5 C2      LDA &C2
     8896   4A         LSR A
     8897   4A         LSR A
     8898   4A         LSR A
     8899   4A         LSR A
     889A   29 03      AND #&03
     889C   8D BA A4   STA &A4BA
     889F   A5 C0      LDA &C0
     88A1   8D BB A4   STA &A4BB
     88A4   20 DD AB   JSR &ABDD
     88A7   A9 01      LDA #&01
     88A9   60         RTS
.fscv2_4_11_starRUN
     88AA   20 BE 81   JSR &81BE
.NotCmdTable4
.SetWordBA_txtptr
     88AD   A9 FF      LDA #&FF
     88AF   85 BE      STA &BE
     88B1   A5 F2      LDA &F2
     88B3   85 BA      STA &BA
     88B5   A5 F3      LDA &F3
     88B7   85 BB      STA &BB
     88B9   8C DA A4   STY &A4DA
     88BC   20 54 81   JSR &8154
     88BF   8C D9 A4   STY &A4D9
     88C2   20 82 82   JSR &8282
     88C5   B0 21      BCS &88E8
     88C7   AC DA A4   LDY &A4DA
     88CA   AD CB A4   LDA &A4CB
     88CD   85 CC      STA &CC
     88CF   AD CC A4   LDA &A4CC
     88D2   85 CD      STA &CD
     88D4   20 57 81   JSR &8157
     88D7   20 82 82   JSR &8282
     88DA   B0 0C      BCS &88E8
.errBADCOMMAND
     88DC   20 56 80   JSR &8056
     88DF   FE
     88E0   63 6F 6D ...
     88E7   00
.runfile_found
     88E8   B9 0E A3   LDA &A30E,Y
     88EB   20 1A 82   JSR &821A
     88EE   C9 03      CMP #&03
     88F0   D0 42      BNE &8934
     88F2   B9 0A A3   LDA &A30A,Y
     88F5   39 0B A3   AND &A30B,Y
     88F8   C9 FF      CMP #&FF
     88FA   D0 38      BNE &8934
     88FC   A2 06      LDX #&06
.runfile_exec_loop
     88FE   BD 00 A4   LDA &A400,X
     8901   9D 07 A4   STA &A407,X
     8904   CA         DEX
     8905   10 F7      BPL &88FE
     8907   A9 0D      LDA #&0D
     8909   8D 0E A4   STA &A40E
     890C   A9 45      LDA #&45
     890E   8D 00 A4   STA &A400
     8911   A9 3A      LDA #&3A
     8913   8D 02 A4   STA &A402
     8916   A5 CD      LDA &CD
     8918   09 30      ORA #&30
     891A   8D 03 A4   STA &A403
     891D   A9 2E      LDA #&2E
     891F   8D 01 A4   STA &A401
     8922   8D 04 A4   STA &A404
     8925   8D 06 A4   STA &A406
     8928   A5 CC      LDA &CC
     892A   8D 05 A4   STA &A405
     892D   A2 00      LDX #&00
     892F   A0 A4      LDY #&A4
     8931   4C F7 FF   JMP &FFF7
.runfile_run
     8934   20 1D 88   JSR &881D
     8937   18         CLC
     8938   AD D9 A4   LDA &A4D9
     893B   A8         TAY
     893C   65 F2      ADC &F2
     893E   8D D9 A4   STA &A4D9
     8941   A5 F3      LDA &F3
     8943   69 00      ADC #&00
     8945   8D DA A4   STA &A4DA
     8948   AD 76 A4   LDA &A476
     894B   2D 77 A4   AND &A477
     894E   0D D6 A4   ORA &A4D6
     8951   C9 FF      CMP #&FF
     8953   F0 16      BEQ &896B
     8955   A5 BE      LDA &BE
     8957   8D 74 A4   STA &A474
     895A   A5 BF      LDA &BF
     895C   8D 75 A4   STA &A475
     895F   20 65 8C   JSR &8C65
     8962   A2 74      LDX #&74
     8964   A0 A4      LDY #&A4
     8966   A9 04      LDA #&04
     8968   4C 06 04   JMP &0406
.runfile_inhost
     896B   A9 01      LDA #&01
     896D   6C BE 00   JMP (&00BE)
.CMD_DIR
     8970   A2 00      LDX #&00
     8972   F0 02      BEQ &8976
.CMD_LIB
     8974   A2 02      LDX #&02
.setdirlib
     8976   20 82 89   JSR &8982
     8979   9D CA A4   STA &A4CA,X
     897C   A5 CC      LDA &CC
     897E   9D C9 A4   STA &A4C9,X
     8981   60         RTS
.ReadDirDrvParameters
     8982   AD C9 A4   LDA &A4C9
     8985   85 CC      STA &CC
     8987   20 C5 81   JSR &81C5
     898A   D0 05      BNE &8991
     898C   A9 00      LDA #&00
     898E   85 CD      STA &CD
     8990   60         RTS
.ReadDirDrvParameters2
     8991   20 DE 8B   JSR &8BDE
.rdd_loop
     8994   20 AA 81   JSR &81AA
     8997   B0 10      BCS &89A9
     8999   C9 3A      CMP #&3A
     899B   D0 14      BNE &89B1
     899D   20 EE 8B   JSR &8BEE
     89A0   20 AA 81   JSR &81AA
     89A3   B0 13      BCS &89B8
     89A5   C9 2E      CMP #&2E
     89A7   F0 EB      BEQ &8994
.errBADDIRECTORY
     89A9   20 56 80   JSR &8056
     89AC   CE
     89AD   64 69 72 
     89B0   00
.rdd_exit2
     89B1   85 CC      STA &CC
     89B3   20 AA 81   JSR &81AA
     89B6   90 F1      BCC &89A9
.rdd_exit1
     89B8   A5 CD      LDA &CD
     89BA   60         RTS
.CMD_TITLE
     89BB   20 FD 99   JSR &99FD
     89BE   20 82 AB   JSR &AB82
     89C1   A2 0B      LDX #&0B
     89C3   A9 00      LDA #&00
.cmdtit_loop1
     89C5   20 DB 89   JSR &89DB
     89C8   CA         DEX
     89C9   10 FA      BPL &89C5
.cmdtit_loop2
     89CB   E8         INX
     89CC   20 AA 81   JSR &81AA
     89CF   B0 07      BCS &89D8
     89D1   20 DB 89   JSR &89DB
     89D4   E0 0B      CPX #&0B
     89D6   90 F3      BCC &89CB
.cmdtit_savecat
     89D8   4C 8C AB   JMP &AB8C
.SetDiskTitleChr_Xpos
     89DB   E0 08      CPX #&08
     89DD   90 04      BCC &89E3
     89DF   9D F8 A2   STA &A2F8,X
     89E2   60         RTS
.setdisttit_page
     89E3   9D 00 A2   STA &A200,X
     89E6   60         RTS
.CMD_ACCESS
     89E7   20 81 92   JSR &9281
     89EA   20 FD 99   JSR &99FD
     89ED   20 4E 81   JSR &814E
     89F0   A2 00      LDX #&00
     89F2   20 C5 81   JSR &81C5
     89F5   D0 1F      BNE &8A16
.cmdac_flag
     89F7   86 AA      STX &AA
     89F9   20 3D 82   JSR &823D
.cmdac_filefound
     89FC   20 39 93   JSR &9339
     89FF   B9 0F A2   LDA &A20F,Y
     8A02   29 7F      AND #&7F
     8A04   05 AA      ORA &AA
     8A06   99 0F A2   STA &A20F,Y
     8A09   20 49 83   JSR &8349
     8A0C   20 89 82   JSR &8289
     8A0F   B0 EB      BCS &89FC
.jmp_savecattodisk
     8A11   4C 8C AB   JMP &AB8C
.cmdac_paramloop
     8A14   A2 80      LDX #&80
.cmdac_getparam
     8A16   20 AA 81   JSR &81AA
     8A19   B0 DC      BCS &89F7
     8A1B   29 5F      AND #&5F
     8A1D   C9 4C      CMP #&4C
     8A1F   F0 F3      BEQ &8A14
.errBADATTRIBUTE
     8A21   20 56 80   JSR &8056
     8A24   CF
     8A25   61 74 74 ...
     8A2E   00
.fscv0_starOPT
     8A2F   20 F8 83   JSR &83F8
     8A32   8A         TXA
     8A33   C9 04      CMP #&04
     8A35   F0 1E      BEQ &8A55
     8A37   C9 05      CMP #&05
     8A39   F0 34      BEQ &8A6F
     8A3B   C9 02      CMP #&02
     8A3D   90 0B      BCC &8A4A
.errBADOPTION
     8A3F   20 56 80   JSR &8056
     8A42   CB
     8A43   6F 70 74 ...
     8A49   00
.opts0_1
     8A4A   A2 FF      LDX #&FF
     8A4C   98         TYA
     8A4D   F0 02      BEQ &8A51
     8A4F   A2 00      LDX #&00
.opts0_1_Y0
     8A51   8E C6 A4   STX &A4C6
     8A54   60         RTS
.SetBootOption_Yoption
     8A55   98         TYA
     8A56   48         PHA
     8A57   20 D9 8B   JSR &8BD9
     8A5A   20 88 AB   JSR &AB88
     8A5D   68         PLA
     8A5E   20 2A 82   JSR &822A
     8A61   4D 06 A3   EOR &A306
     8A64   29 30      AND #&30
     8A66   4D 06 A3   EOR &A306
     8A69   8D 06 A3   STA &A306
     8A6C   4C 8C AB   JMP &AB8C
.DiskTrapOption
     8A6F   98         TYA
     8A70   08         PHP
     8A71   A5 F4      LDA &F4
     8A73   29 7F      AND #&7F
     8A75   AA         TAX
     8A76   BD F0 0D   LDA &0DF0,X
     8A79   29 BF      AND #&BF
     8A7B   28         PLP
     8A7C   F0 02      BEQ &8A80
     8A7E   09 40      ORA #&40
.skip
     8A80   9D F0 0D   STA &0DF0,X
     8A83   60         RTS
.errDISKFULL
     8A84   20 4B 80   JSR &804B
     8A87   C6
     8A88   66 75 6C ...
     8A8C   00
.CreateFile_FSP
     8A8D   20 54 81   JSR &8154
     8A90   20 82 82   JSR &8282
     8A93   90 03      BCC &8A98
     8A95   20 1F 83   JSR &831F
.createfile_nodel
     8A98   A5 C0      LDA &C0
     8A9A   48         PHA
     8A9B   A5 C1      LDA &C1
     8A9D   48         PHA
     8A9E   38         SEC
     8A9F   A5 C2      LDA &C2
     8AA1   E5 C0      SBC &C0
     8AA3   85 C0      STA &C0
     8AA5   A5 C3      LDA &C3
     8AA7   E5 C1      SBC &C1
     8AA9   85 C1      STA &C1
     8AAB   AD 7A A4   LDA &A47A
     8AAE   ED 78 A4   SBC &A478
     8AB1   20 E2 8A   JSR &8AE2
     8AB4   AD 79 A4   LDA &A479
     8AB7   8D 75 A4   STA &A475
     8ABA   AD 78 A4   LDA &A478
     8ABD   8D 74 A4   STA &A474
     8AC0   68         PLA
     8AC1   85 BD      STA &BD
     8AC3   68         PLA
     8AC4   85 BC      STA &BC
     8AC6   60         RTS
.CreateFile_3
     8AC7   85 CD      STA &CD
     8AC9   A5 CC      LDA &CC
     8ACB   48         PHA
     8ACC   20 85 AB   JSR &AB85
     8ACF   20 8D 82   JSR &828D
     8AD2   90 03      BCC &8AD7
     8AD4   20 1F 83   JSR &831F
.cd_writedest_cat_nodel
     8AD7   68         PLA
     8AD8   85 CC      STA &CC
     8ADA   20 BF 8B   JSR &8BBF
     8ADD   A5 C2      LDA &C2
     8ADF   20 1C 82   JSR &821C
.CreateFile_2
     8AE2   85 C4      STA &C4
     8AE4   A9 00      LDA #&00
     8AE6   85 C2      STA &C2
     8AE8   A9 02      LDA #&02
     8AEA   85 C3      STA &C3
     8AEC   AC 05 A3   LDY &A305
     8AEF   C0 F8      CPY #&F8
     8AF1   90 31      BCC &8B24
.errCATALOGUEFULL
     8AF3   20 60 80   JSR &8060
     8AF6   BE
     8AF7   43 61 74 ...
     8AFF   00
.cfile_loop
     8B00   F0 82      BEQ &8A84
     8B02   20 C7 82   JSR &82C7
     8B05   B9 0E A3   LDA &A30E,Y
     8B08   20 1C 82   JSR &821C
     8B0B   85 C2      STA &C2
     8B0D   18         CLC
     8B0E   A9 FF      LDA #&FF
     8B10   79 0C A3   ADC &A30C,Y
     8B13   B9 0F A3   LDA &A30F,Y
     8B16   79 0D A3   ADC &A30D,Y
     8B19   85 C3      STA &C3
     8B1B   B9 0E A3   LDA &A30E,Y
     8B1E   29 03      AND #&03
     8B20   65 C2      ADC &C2
     8B22   85 C2      STA &C2
.Getfirstblock_Yoffset
     8B24   38         SEC
     8B25   B9 07 A3   LDA &A307,Y
     8B28   E5 C3      SBC &C3
     8B2A   48         PHA
     8B2B   B9 06 A3   LDA &A306,Y
     8B2E   29 03      AND #&03
     8B30   E5 C2      SBC &C2
     8B32   AA         TAX
     8B33   A9 00      LDA #&00
     8B35   C5 C0      CMP &C0
     8B37   68         PLA
     8B38   E5 C1      SBC &C1
     8B3A   8A         TXA
     8B3B   E5 C4      SBC &C4
     8B3D   98         TYA
     8B3E   90 C0      BCC &8B00
     8B40   84 B0      STY &B0
     8B42   AC 05 A3   LDY &A305
.cfile_insertfileloop
     8B45   C4 B0      CPY &B0
     8B47   F0 0F      BEQ &8B58
     8B49   B9 07 A2   LDA &A207,Y
     8B4C   99 0F A2   STA &A20F,Y
     8B4F   B9 07 A3   LDA &A307,Y
     8B52   99 0F A3   STA &A30F,Y
     8B55   88         DEY
     8B56   B0 ED      BCS &8B45
.cfile_atcatentry
     8B58   AD 76 A4   LDA &A476
     8B5B   29 03      AND #&03
     8B5D   0A         ASL A
     8B5E   0A         ASL A
     8B5F   45 C4      EOR &C4
     8B61   29 FC      AND #&FC
     8B63   45 C4      EOR &C4
     8B65   0A         ASL A
     8B66   0A         ASL A
     8B67   4D 74 A4   EOR &A474
     8B6A   29 FC      AND #&FC
     8B6C   4D 74 A4   EOR &A474
     8B6F   0A         ASL A
     8B70   0A         ASL A
     8B71   45 C2      EOR &C2
     8B73   29 FC      AND #&FC
     8B75   45 C2      EOR &C2
     8B77   85 C2      STA &C2
     8B79   A2 00      LDX #&00
     8B7B   98         TYA
     8B7C   48         PHA
.cfile_copyfnloop
     8B7D   B5 C5      LDA &C5,X
     8B7F   99 08 A2   STA &A208,Y
     8B82   B5 BC      LDA &BC,X
     8B84   99 08 A3   STA &A308,Y
     8B87   C8         INY
     8B88   E8         INX
     8B89   E0 08      CPX #&08
     8B8B   D0 F0      BNE &8B7D
     8B8D   68         PLA
     8B8E   A8         TAY
     8B8F   48         PHA
     8B90   20 49 83   JSR &8349
     8B93   AC 05 A3   LDY &A305
     8B96   20 F9 87   JSR &87F9
     8B99   8C 05 A3   STY &A305
     8B9C   20 8C AB   JSR &AB8C
     8B9F   68         PLA
     8BA0   A8         TAY
     8BA1   60         RTS
.CMD_ENABLE
     8BA2   A9 01      LDA #&01
     8BA4   8D C7 A4   STA &A4C7
     8BA7   60         RTS
.LoadAddrHi2
     8BA8   A9 00      LDA #&00
     8BAA   8D 75 A4   STA &A475
     8BAD   A5 C2      LDA &C2
     8BAF   29 08      AND #&08
     8BB1   8D 74 A4   STA &A474
     8BB4   F0 08      BEQ &8BBE
.SetLoadAddrToHost
     8BB6   A9 FF      LDA #&FF
     8BB8   8D 75 A4   STA &A475
     8BBB   8D 74 A4   STA &A474
.ldadd_nothost
     8BBE   60         RTS
.LoadandEexeAddrHi2
     8BBF   20 A8 8B   JSR &8BA8
.ExecAddrHi2
     8BC2   A9 00      LDA #&00
     8BC4   8D 77 A4   STA &A477
     8BC7   A5 C2      LDA &C2
     8BC9   20 1A 82   JSR &821A
     8BCC   C9 03      CMP #&03
     8BCE   D0 05      BNE &8BD5
     8BD0   A9 FF      LDA #&FF
     8BD2   8D 77 A4   STA &A477
.exadd_nothost
     8BD5   8D 76 A4   STA &A476
     8BD8   60         RTS
.Set_CurDirDrv_ToDefaults
     8BD9   AD C9 A4   LDA &A4C9
     8BDC   85 CC      STA &CC
.Set_CurDrv_ToDefault
     8BDE   AD CA A4   LDA &A4CA
.SetCurrentDrive_Adrive
     8BE1   29 03      AND #&03
.SetCurrentDrive_Adrive_noand
     8BE3   85 CD      STA &CD
     8BE5   60         RTS
.Param_OptionalDriveNo
     8BE6   20 C5 81   JSR &81C5
     8BE9   F0 F3      BEQ &8BDE
.Param_DriveNo_Syntax
     8BEB   20 FD 99   JSR &99FD
.Param_DriveNo_BadDrive
     8BEE   20 AA 81   JSR &81AA
     8BF1   B0 0B      BCS &8BFE
     8BF3   C9 3A      CMP #&3A
     8BF5   F0 F7      BEQ &8BEE
     8BF7   38         SEC
     8BF8   E9 30      SBC #&30
     8BFA   C9 04      CMP #&04
     8BFC   90 E5      BCC &8BE3
.errBADDRIVE
     8BFE   20 56 80   JSR &8056
     8C01   CD
     8C02   64 72 69 ...
     8C07   00
.CMD_RENAME
     8C08   20 78 92   JSR &9278
     8C0B   20 FD 99   JSR &99FD
     8C0E   20 4E 81   JSR &814E
     8C11   98         TYA
     8C12   48         PHA
     8C13   20 3D 82   JSR &823D
     8C16   20 36 93   JSR &9336
     8C19   84 C4      STY &C4
     8C1B   68         PLA
     8C1C   A8         TAY
     8C1D   20 FD 99   JSR &99FD
     8C20   A5 CD      LDA &CD
     8C22   48         PHA
     8C23   20 4E 81   JSR &814E
     8C26   68         PLA
     8C27   C5 CD      CMP &CD
     8C29   D0 14      BNE &8C3F
     8C2B   20 82 82   JSR &8282
     8C2E   90 12      BCC &8C42
     8C30   C4 C4      CPY &C4
     8C32   F0 0E      BEQ &8C42
.errFILEEXISTS
     8C34   20 60 80   JSR &8060
     8C37   C4
     8C38   45 78 69 ...
     8C3E   00
.jmpBADDRIVE
     8C3F   4C FE 8B   JMP &8BFE
.rname_ok
     8C42   A4 C4      LDY &C4
     8C44   20 F9 87   JSR &87F9
     8C47   A2 07      LDX #&07
.rname_loop
     8C49   B5 C5      LDA &C5,X
     8C4B   99 07 A2   STA &A207,Y
     8C4E   88         DEY
     8C4F   CA         DEX
     8C50   10 F7      BPL &8C49
     8C52   4C 8C AB   JMP &AB8C
.TUBE_CheckIfPresent
     8C55   A9 EA      LDA #&EA
     8C57   A2 00      LDX #&00
     8C59   A0 FF      LDY #&FF
     8C5B   20 F4 FF   JSR &FFF4
     8C5E   8A         TXA
     8C5F   49 FF      EOR #&FF
     8C61   8D D6 A4   STA &A4D6
     8C64   60         RTS
.TUBE_CLAIM
     8C65   48         PHA
.tclaim_loop
     8C66   A9 CA      LDA #&CA
     8C68   20 06 04   JSR &0406
     8C6B   90 F9      BCC &8C66
     8C6D   68         PLA
     8C6E   60         RTS
.TUBE_RELEASE
     8C6F   20 55 8C   JSR &8C55
     8C72   30 07      BMI &8C7B
.TUBE_RELEASE_NoCheck
     8C74   48         PHA
     8C75   A9 8A      LDA #&8A
     8C77   20 06 04   JSR &0406
     8C7A   68         PLA
.trelease_exit
     8C7B   60         RTS
.CheckESCAPE
     8C7C   24 FF      BIT &FF
     8C7E   10 1F      BPL &8C9F
.ReportESCAPE
     8C80   A9 7E      LDA #&7E
     8C82   20 F4 FF   JSR &FFF4
     8C85   20 70 80   JSR &8070
     8C88   11
     8C89   45 73 63 ...
     8C8F   00
.PrintHex100
     8C90   48         PHA
     8C91   20 24 82   JSR &8224
     8C94   20 98 8C   JSR &8C98
     8C97   68         PLA
.PrintNib100
     8C98   20 29 81   JSR &8129
     8C9B   9D 00 01   STA &0100,X
     8C9E   E8         INX
.noesc
     8C9F   60         RTS
.BootOptions
     8CA0   4C 2E 21 ...
     8CA7   0D
     8CA8   45 2E 21 ...
     8CAF   0D
.AUTOBOOT
     8CB0   A5 B3      LDA &B3
     8CB2   20 9D 80   JSR &809D
Macro BOOT_NAME:
Macro BASE_NAME:
     8CB5   4D 6F 64 ...
Macro SYSTEM_NAME:
     8CBE   4D 4D 46 ...
End macro SYSTEM_NAME
     8CC3   20 31 32 ...
End macro BASE_NAME
Macro DEVICE_NAME:
     8CC7   20 54 75 ...
End macro DEVICE_NAME
Macro DFS_EMUL_NAME:
End macro DFS_EMUL_NAME
     8CCD   0D
     8CCE   0D
End macro BOOT_NAME
     8CCF   90 0F      BCC &8CE0
.CMD_DISC
     8CD1   A5 F4      LDA &F4
     8CD3   29 7F      AND #&7F
     8CD5   AA         TAX
     8CD6   BD F0 0D   LDA &0DF0,X
     8CD9   29 40      AND #&40
     8CDB   F0 01      BEQ &8CDE
     8CDD   60         RTS
.CMD_CARD
     8CDE   A9 FF      LDA #&FF
.initMMFS
     8CE0   20 13 96   JSR &9613
     8CE3   48         PHA
     8CE4   A9 06      LDA #&06
     8CE6   20 36 80   JSR &8036
     8CE9   A2 0D      LDX #&0D
.vectloop
     8CEB   BD 80 93   LDA &9380,X
     8CEE   9D 12 02   STA &0212,X
     8CF1   CA         DEX
     8CF2   10 F7      BPL &8CEB
     8CF4   A9 A8      LDA #&A8
     8CF6   20 79 93   JSR &9379
     8CF9   84 B1      STY &B1
     8CFB   86 B0      STX &B0
     8CFD   A2 07      LDX #&07
     8CFF   A0 1B      LDY #&1B
.extendedvec_loop
     8D01   B9 73 93   LDA &9373,Y
     8D04   91 B0      STA (&B0),Y
     8D06   C8         INY
     8D07   B9 73 93   LDA &9373,Y
     8D0A   91 B0      STA (&B0),Y
     8D0C   C8         INY
     8D0D   A5 F4      LDA &F4
     8D0F   09 80      ORA #&80
     8D11   91 B0      STA (&B0),Y
     8D13   C8         INY
     8D14   CA         DEX
     8D15   D0 EA      BNE &8D01
     8D17   8C 82 A4   STY &A482
     8D1A   8C 83 A4   STY &A483
     8D1D   86 CD      STX &CD
     8D1F   8E AF A4   STX &A4AF
     8D22   A2 0F      LDX #&0F
     8D24   A9 8F      LDA #&8F
     8D26   20 F4 FF   JSR &FFF4
     8D29   AD D3 A4   LDA &A4D3
     8D2C   30 2F      BMI &8D5D
     8D2E   A9 FF      LDA #&FF
     8D30   8D D3 A4   STA &A4D3
.setdefaults
     8D33   A9 20      LDA #&20
     8D35   8D C0 A5   STA &A5C0
     8D38   8D D0 A5   STA &A5D0
     8D3B   A9 24      LDA #&24
     8D3D   8D C9 A4   STA &A4C9
     8D40   8D CB A4   STA &A4CB
     8D43   A9 00      LDA #&00
     8D45   8D CC A4   STA &A4CC
     8D48   A0 00      LDY #&00
     8D4A   8C CA A4   STY &A4CA
     8D4D   8C C0 A4   STY &A4C0
     8D50   88         DEY
     8D51   8C C7 A4   STY &A4C7
     8D54   8C C6 A4   STY &A4C6
     8D57   8C DD A4   STY &A4DD
     8D5A   20 91 8D   JSR &8D91
.initdfs_noreset
     8D5D   20 55 8C   JSR &8C55
     8D60   A9 FD      LDA #&FD
     8D62   20 79 93   JSR &9379
     8D65   E0 00      CPX #&00
     8D67   F0 06      BEQ &8D6F
     8D69   20 73 B1   JSR &B173
     8D6C   20 59 B7   JSR &B759
.skipautoload
     8D6F   68         PLA
     8D70   D0 0B      BNE &8D7D
     8D72   20 88 AB   JSR &AB88
     8D75   AD 06 A3   LDA &A306
     8D78   20 24 82   JSR &8224
     8D7B   D0 01      BNE &8D7E
.initdfs_exit
     8D7D   60         RTS
.notOPT0
     8D7E   A0 8C      LDY #&8C
     8D80   A2 A0      LDX #&A0
     8D82   C9 02      CMP #&02
     8D84   90 08      BCC &8D8E
     8D86   F0 04      BEQ &8D8C
     8D88   A2 A8      LDX #&A8
     8D8A   D0 02      BNE &8D8E
.oscliOPT2
     8D8C   A2 AA      LDX #&AA
.jmpOSCLI
     8D8E   4C F7 FF   JMP &FFF7
.VIDRESET
     8D91   A0 0F      LDY #&0F
     8D93   A9 00      LDA #&00
.loop
     8D95   99 E0 A4   STA &A4E0,Y
     8D98   88         DEY
     8D99   10 FA      BPL &8D95
     8D9B   A9 01      LDA #&01
     8D9D   8D F0 A4   STA &A4F0
     8DA0   60         RTS
.MMFS_SERVICECALLS
     8DA1   20 CE A3   JSR &A3CE
     8DA4   48         PHA
     8DA5   A5 F4      LDA &F4
     8DA7   29 7F      AND #&7F
     8DA9   AA         TAX
     8DAA   BD F0 0D   LDA &0DF0,X
     8DAD   30 23      BMI &8DD2
.lbl1
     8DAF   68         PLA
     8DB0   C9 12      CMP #&12
     8DB2   F0 36      BEQ &8DEA
     8DB4   C9 0B      CMP #&0B
     8DB6   B0 19      BCS &8DD1
.label4
     8DB8   0A         ASL A
     8DB9   AA         TAX
     8DBA   BD D5 8D   LDA &8DD5,X
     8DBD   48         PHA
     8DBE   BD D4 8D   LDA &8DD4,X
     8DC1   48         PHA
     8DC2   8A         TXA
     8DC3   48         PHA
     8DC4   A5 F4      LDA &F4
     8DC6   29 7F      AND #&7F
     8DC8   AA         TAX
     8DC9   68         PLA
     8DCA   4A         LSR A
     8DCB   C9 0B      CMP #&0B
     8DCD   90 02      BCC &8DD1
     8DCF   69 15      ADC #&15
.label3
.SERVICE_NULL
     8DD1   60         RTS
.romdisabled
     8DD2   68         PLA
     8DD3   60         RTS
.data
     8DD4   D0 8D
     8DD6   D0 8D
     8DD8   FC 8D
     8DDA   1C 8E
     8DDC   3E 8E
     8DDE   D0 8D
     8DE0   D0 8D
     8DE2   D0 8D
     8DE4   53 8E
     8DE6   BA 8E
     8DE8   D0 8D
.SERVICE12_init_filesystem
Macro BP12K_NEST:
     8DEA   20 EB BE   JSR &BEEB
     8DED   20 F3 8D   JSR &8DF3
     8DF0   4C F9 BE   JMP &BEF9
.nested
End macro BP12K_NEST
     8DF3   C0 04      CPY #&04
     8DF5   D0 DA      BNE &8DD1
     8DF7   20 F8 83   JSR &83F8
     8DFA   4C DE 8C   JMP &8CDE
.SERVICE02_claim_privworkspace
     8DFD   98         TYA
     8DFE   48         PHA
     8DFF   20 A7 BE   JSR &BEA7
     8E02   A9 FD      LDA #&FD
     8E04   20 79 93   JSR &9379
     8E07   CA         DEX
     8E08   30 09      BMI &8E13
     8E0A   20 EB BE   JSR &BEEB
     8E0D   8E D3 A4   STX &A4D3
     8E10   20 F9 BE   JSR &BEF9
.skipOnSoftReset
     8E13   A5 F4      LDA &F4
     8E15   29 7F      AND #&7F
     8E17   AA         TAX
     8E18   68         PLA
     8E19   A8         TAY
     8E1A   A9 02      LDA #&02
.srv3_exit
     8E1C   60         RTS
.SERVICE03_autoboot
Macro BP12K_NEST:
     8E1D   20 EB BE   JSR &BEEB
     8E20   20 26 8E   JSR &8E26
     8E23   4C F9 BE   JMP &BEF9
.nested
End macro BP12K_NEST
     8E26   20 F8 83   JSR &83F8
     8E29   84 B3      STY &B3
     8E2B   A9 7A      LDA #&7A
     8E2D   20 F4 FF   JSR &FFF4
     8E30   8A         TXA
     8E31   30 09      BMI &8E3C
     8E33   C9 65      CMP #&65
     8E35   D0 E5      BNE &8E1C
     8E37   A9 78      LDA #&78
     8E39   20 F4 FF   JSR &FFF4
.jmpAUTOBOOT
     8E3C   4C B0 8C   JMP &8CB0
.SERVICE04_unrec_command
Macro BP12K_NEST:
     8E3F   20 EB BE   JSR &BEEB
     8E42   20 48 8E   JSR &8E48
     8E45   4C F9 BE   JMP &BEF9
.nested
End macro BP12K_NEST
     8E48   20 F8 83   JSR &83F8
     8E4B   A2 92      LDX #&92
.jmpunreccmd
     8E4D   4C 31 87   JMP &8731
.NotCmdTable22
     8E50   A2 76      LDX #&76
     8E52   D0 F9      BNE &8E4D
.SERVICE08_unrec_OSWORD
Macro BP12K_NEST:
     8E54   20 EB BE   JSR &BEEB
     8E57   20 5D 8E   JSR &8E5D
     8E5A   4C F9 BE   JMP &BEF9
.nested
End macro BP12K_NEST
     8E5D   20 F8 83   JSR &83F8
     8E60   A4 EF      LDY &EF
     8E62   30 2F      BMI &8E93
     8E64   C0 7D      CPY #&7D
     8E66   90 2B      BCC &8E93
     8E68   AD 13 02   LDA &0213
     8E6B   C9 FF      CMP #&FF
     8E6D   D0 24      BNE &8E93
     8E6F   AD 12 02   LDA &0212
     8E72   C9 1B      CMP #&1B
     8E74   D0 1D      BNE &8E93
     8E76   AD BC 0D   LDA &0DBC
     8E79   C5 F4      CMP &F4
     8E7B   D0 16      BNE &8E93
     8E7D   20 13 96   JSR &9613
     8E80   A6 F0      LDX &F0
     8E82   86 B0      STX &B0
     8E84   A6 F1      LDX &F1
     8E86   86 B1      STX &B1
     8E88   A4 EF      LDY &EF
     8E8A   C8         INY
     8E8B   10 07      BPL &8E94
     8E8D   08         PHP
     8E8E   58         CLI
     8E8F   20 C5 BA   JSR &BAC5
     8E92   28         PLP
.notMMFS
.exit
     8E93   60         RTS
.notOSWORD7F
     8E94   20 82 AB   JSR &AB82
     8E97   C8         INY
     8E98   30 08      BMI &8EA2
     8E9A   A0 00      LDY #&00
     8E9C   AD 04 A3   LDA &A304
     8E9F   91 B0      STA (&B0),Y
     8EA1   60         RTS
.OSWORD7E
     8EA2   A9 00      LDA #&00
     8EA4   A8         TAY
     8EA5   91 B0      STA (&B0),Y
     8EA7   C8         INY
     8EA8   AD 07 A3   LDA &A307
     8EAB   91 B0      STA (&B0),Y
     8EAD   C8         INY
     8EAE   AD 06 A3   LDA &A306
     8EB1   29 03      AND #&03
     8EB3   91 B0      STA (&B0),Y
     8EB5   C8         INY
     8EB6   A9 00      LDA #&00
     8EB8   91 B0      STA (&B0),Y
     8EBA   60         RTS
.SERVICE09_help
     8EBB   20 F8 83   JSR &83F8
     8EBE   B1 F2      LDA (&F2),Y
     8EC0   A2 A8      LDX #&A8
     8EC2   C9 0D      CMP #&0D
     8EC4   D0 87      BNE &8E4D
     8EC6   98         TYA
     8EC7   A0 03      LDY #&03
     8EC9   4C A8 99   JMP &99A8
.FILEV_ENTRY
     8ECC   20 21 84   JSR &8421
     8ECF   48         PHA
     8ED0   20 78 92   JSR &9278
     8ED3   86 B0      STX &B0
     8ED5   8E DB A4   STX &A4DB
     8ED8   84 B1      STY &B1
     8EDA   8C DC A4   STY &A4DC
     8EDD   A2 00      LDX #&00
     8EDF   A0 00      LDY #&00
     8EE1   20 44 81   JSR &8144
.filev_copyparams_loop
     8EE4   20 34 81   JSR &8134
     8EE7   C0 12      CPY #&12
     8EE9   D0 F9      BNE &8EE4
     8EEB   68         PLA
     8EEC   AA         TAX
     8EED   E8         INX
     8EEE   E0 08      CPX #&08
     8EF0   B0 08      BCS &8EFA
     8EF2   BD C3 93   LDA &93C3,X
     8EF5   48         PHA
     8EF6   BD BB 93   LDA &93BB,X
     8EF9   48         PHA
.filev_unknownop
     8EFA   A9 00      LDA #&00
     8EFC   60         RTS
.FSCV_ENTRY
     8EFD   C9 0C      CMP #&0C
     8EFF   B0 F9      BCS &8EFA
     8F01   86 B5      STX &B5
     8F03   AA         TAX
     8F04   BD AF 93   LDA &93AF,X
     8F07   48         PHA
     8F08   BD A3 93   LDA &93A3,X
     8F0B   48         PHA
     8F0C   8A         TXA
     8F0D   A6 B5      LDX &B5
     8F0F   60         RTS
.GBPBV_ENTRY
     8F10   C9 09      CMP #&09
     8F12   B0 1D      BCS &8F31
     8F14   20 F8 83   JSR &83F8
     8F17   20 13 96   JSR &9613
     8F1A   8E 7D A4   STX &A47D
     8F1D   8C 7E A4   STY &A47E
     8F20   A8         TAY
     8F21   4C D2 90   JMP &90D2
.upgbpb
     8F24   20 32 8F   JSR &8F32
     8F27   08         PHP
     8F28   2C 81 A4   BIT &A481
     8F2B   10 03      BPL &8F30
     8F2D   20 74 8C   JSR &8C74
.gbpb_nottube
     8F30   28         PLP
.gbpbv_unrecop
     8F31   60         RTS
.gbpb_gosub
     8F32   B9 CB 93   LDA &93CB,Y
     8F35   8D D7 A4   STA &A4D7
     8F38   B9 D4 93   LDA &93D4,Y
     8F3B   8D D8 A4   STA &A4D8
     8F3E   B9 DD 93   LDA &93DD,Y
     8F41   4A         LSR A
     8F42   08         PHP
     8F43   4A         LSR A
     8F44   08         PHP
     8F45   8D 7F A4   STA &A47F
     8F48   A0 0C      LDY #&0C
.gbpb_ctlblk_loop
     8F4A   B1 B4      LDA (&B4),Y
     8F4C   99 60 A4   STA &A460,Y
     8F4F   88         DEY
     8F50   10 F8      BPL &8F4A
     8F52   AD 63 A4   LDA &A463
     8F55   2D 64 A4   AND &A464
     8F58   0D D6 A4   ORA &A4D6
     8F5B   18         CLC
     8F5C   69 01      ADC #&01
     8F5E   F0 06      BEQ &8F66
     8F60   20 65 8C   JSR &8C65
     8F63   18         CLC
     8F64   A9 FF      LDA #&FF
.gbpb_nottube1
     8F66   8D 81 A4   STA &A481
     8F69   AD 7F A4   LDA &A47F
     8F6C   B0 07      BCS &8F75
     8F6E   A2 61      LDX #&61
     8F70   A0 A4      LDY #&A4
     8F72   20 06 04   JSR &0406
.gbpb_nottube2
     8F75   28         PLP
     8F76   B0 04      BCS &8F7C
     8F78   28         PLP
.gbpb_jmpsub
     8F79   6C D7 A4   JMP (&A4D7)
.gbpb_rw_seqptr
     8F7C   A2 03      LDX #&03
.gbpb_seqptr_loop1
     8F7E   BD 69 A4   LDA &A469,X
     8F81   95 B6      STA &B6,X
     8F83   CA         DEX
     8F84   10 F8      BPL &8F7E
     8F86   A2 B6      LDX #&B6
     8F88   AC 60 A4   LDY &A460
     8F8B   A9 00      LDA #&00
     8F8D   28         PLP
     8F8E   B0 03      BCS &8F93
     8F90   20 F9 98   JSR &98F9
.gpbp_dontwriteseqptr
     8F93   20 5E 96   JSR &965E
     8F96   A2 03      LDX #&03
.gbpb_seqptr_loop2
     8F98   B5 B6      LDA &B6,X
     8F9A   9D 69 A4   STA &A469,X
     8F9D   CA         DEX
     8F9E   10 F8      BPL &8F98
.gbpb_rwdata
     8FA0   20 70 90   JSR &9070
     8FA3   30 0D      BMI &8FB2
.gbpb_data_loop
     8FA5   AC 60 A4   LDY &A460
     8FA8   20 79 8F   JSR &8F79
     8FAB   B0 0D      BCS &8FBA
     8FAD   A2 09      LDX #&09
     8FAF   20 AB 90   JSR &90AB
.gbpb_data_loopin
     8FB2   A2 05      LDX #&05
     8FB4   20 AB 90   JSR &90AB
     8FB7   D0 EC      BNE &8FA5
     8FB9   18         CLC
.gbpb_data_loopout
     8FBA   08         PHP
     8FBB   20 70 90   JSR &9070
     8FBE   A2 05      LDX #&05
     8FC0   20 AB 90   JSR &90AB
     8FC3   20 7E 90   JSR &907E
     8FC6   A0 0C      LDY #&0C
.gbpb_restorectlblk_loop
     8FC8   B9 60 A4   LDA &A460,Y
     8FCB   91 B4      STA (&B4),Y
     8FCD   88         DEY
     8FCE   10 F8      BPL &8FC8
     8FD0   28         PLP
     8FD1   60         RTS
.gbpb8_rdfilescurdir
     8FD2   20 77 AB   JSR &AB77
     8FD5   A9 E1      LDA #&E1
     8FD7   8D D7 A4   STA &A4D7
     8FDA   A9 8F      LDA #&8F
     8FDC   8D D8 A4   STA &A4D8
     8FDF   D0 BF      BNE &8FA0
.gbpb8_getbyte
     8FE1   AC 69 A4   LDY &A469
.gbpb8_loop
     8FE4   CC 05 A3   CPY &A305
     8FE7   B0 28      BCS &9011
     8FE9   B9 0F A2   LDA &A20F,Y
     8FEC   20 3B 83   JSR &833B
     8FEF   45 CC      EOR &CC
     8FF1   B0 02      BCS &8FF5
     8FF3   29 DF      AND #&DF
.gbpb8_notalpha
     8FF5   29 7F      AND #&7F
     8FF7   F0 05      BEQ &8FFE
     8FF9   20 F9 87   JSR &87F9
     8FFC   D0 E6      BNE &8FE4
.gbpb8_filefound
     8FFE   A9 07      LDA #&07
     9000   20 97 90   JSR &9097
     9003   85 B0      STA &B0
.gbpb8_copyfn_loop
     9005   B9 08 A2   LDA &A208,Y
     9008   20 97 90   JSR &9097
     900B   C8         INY
     900C   C6 B0      DEC &B0
     900E   D0 F5      BNE &9005
     9010   18         CLC
.gbpb8_endofcat
     9011   8C 69 A4   STY &A469
     9014   AD 04 A3   LDA &A304
     9017   8D 60 A4   STA &A460
     901A   60         RTS
.gbpb5_getmediatitle
     901B   20 77 AB   JSR &AB77
     901E   A9 0C      LDA #&0C
     9020   20 97 90   JSR &9097
     9023   A0 00      LDY #&00
.gbpb5_titleloop
     9025   C0 08      CPY #&08
     9027   B0 05      BCS &902E
     9029   B9 00 A2   LDA &A200,Y
     902C   90 03      BCC &9031
.gbpb5_titlehi
     902E   B9 F8 A2   LDA &A2F8,Y
.gbpb5_titlelo
     9031   20 97 90   JSR &9097
     9034   C8         INY
     9035   C0 0C      CPY #&0C
     9037   D0 EC      BNE &9025
     9039   AD 06 A3   LDA &A306
     903C   20 24 82   JSR &8224
     903F   20 97 90   JSR &9097
     9042   A5 CD      LDA &CD
     9044   4C 97 90   JMP &9097
.gbpb6_rdcurdirdevice
     9047   20 8E 90   JSR &908E
     904A   AD CA A4   LDA &A4CA
     904D   20 89 90   JSR &9089
     9050   AD C9 A4   LDA &A4C9
     9053   D0 42      BNE &9097
.gbpb7_rdcurlibdevice
     9055   20 8E 90   JSR &908E
     9058   AD CC A4   LDA &A4CC
     905B   20 89 90   JSR &9089
     905E   AD CB A4   LDA &A4CB
     9061   D0 34      BNE &9097
.gpbp_B8memptr
     9063   AE 61 A4   LDX &A461
     9066   86 B8      STX &B8
     9068   AE 62 A4   LDX &A462
     906B   86 B9      STX &B9
     906D   A2 00      LDX #&00
     906F   60         RTS
.gbpb_bytesxferinvert
     9070   A2 03      LDX #&03
.gbpb_bytesxferinvert_loop
     9072   A9 FF      LDA #&FF
     9074   5D 65 A4   EOR &A465,X
     9077   9D 65 A4   STA &A465,X
     907A   CA         DEX
     907B   10 F5      BPL &9072
     907D   60         RTS
.gbpb_wordB4_word107D
     907E   AD 7D A4   LDA &A47D
     9081   85 B4      STA &B4
     9083   AD 7E A4   LDA &A47E
     9086   85 B5      STA &B5
     9088   60         RTS
.gbpb_gb_SAVEBYTE_and_gbpb_SAVE_01
     9089   09 30      ORA #&30
     908B   20 97 90   JSR &9097
.gbpb_SAVE_01
     908E   A9 01      LDA #&01
     9090   D0 05      BNE &9097
.gbpb_getbyteSAVEBYTE
     9092   20 6C 97   JSR &976C
     9095   B0 1F      BCS &90B6
.gbpb_gb_SAVEBYTE
     9097   2C 81 A4   BIT &A481
     909A   10 05      BPL &90A1
     909C   8D E5 FE   STA &FEE5
     909F   30 05      BMI &90A6
.gBpb_gb_fromhost
     90A1   20 63 90   JSR &9063
     90A4   81 B8      STA (&B8,X)
.gbpb_incDataPtr
     90A6   20 F8 83   JSR &83F8
     90A9   A2 01      LDX #&01
.gbpb_incdblword1060X
     90AB   A0 04      LDY #&04
.gbpb_incdblword_loop
     90AD   FE 60 A4   INC &A460,X
     90B0   D0 04      BNE &90B6
     90B2   E8         INX
     90B3   88         DEY
     90B4   D0 F7      BNE &90AD
.gbpb_incdblworkd_exit
     90B6   60         RTS
.gbpb_putbytes
     90B7   20 BF 90   JSR &90BF
     90BA   20 29 98   JSR &9829
     90BD   18         CLC
     90BE   60         RTS
.gpbp_pb_LOADBYTE
     90BF   2C 81 A4   BIT &A481
     90C2   10 06      BPL &90CA
     90C4   AD E5 FE   LDA &FEE5
     90C7   4C A6 90   JMP &90A6
.gbpb_pb_fromhost
     90CA   20 63 90   JSR &9063
     90CD   A1 B8      LDA (&B8,X)
     90CF   4C A6 90   JMP &90A6
.fastgb
     90D2   20 7E 90   JSR &907E
     90D5   B9 DD 93   LDA &93DD,Y
     90D8   29 03      AND #&03
     90DA   4A         LSR A
     90DB   F0 4A      BEQ &9127
     90DD   8C 6D A4   STY &A46D
     90E0   A0 0C      LDY #&0C
.copyl0
     90E2   B1 B4      LDA (&B4),Y
     90E4   99 60 A4   STA &A460,Y
     90E7   88         DEY
     90E8   10 F8      BPL &90E2
     90EA   A8         TAY
     90EB   A2 03      LDX #&03
.initl
     90ED   BD 65 A4   LDA &A465,X
     90F0   9D 6E A4   STA &A46E,X
     90F3   CA         DEX
     90F4   10 F7      BPL &90ED
     90F6   AD 69 A4   LDA &A469
     90F9   90 09      BCC &9104
     90FB   98         TYA
     90FC   20 29 82   JSR &8229
     90FF   A8         TAY
     9100   B9 10 A5   LDA &A510,Y
     9103   18         CLC
.dcptr
     9104   49 FF      EOR #&FF
     9106   69 01      ADC #&01
     9108   A0 FC      LDY #&FC
.hdrext
     910A   99 69 A3   STA &A369,Y
     910D   A9 00      LDA #&00
     910F   C8         INY
     9110   D0 F8      BNE &910A
     9112   20 40 92   JSR &9240
     9115   90 02      BCC &9119
     9117   D0 46      BNE &915F
.trailr
     9119   20 56 92   JSR &9256
.drain
     911C   A9 60      LDA #&60
     911E   85 B4      STA &B4
     9120   A9 A4      LDA #&A4
     9122   85 B5      STA &B5
     9124   AC 6D A4   LDY &A46D
.chain
     9127   4C 24 8F   JMP &8F24
.morfst
     912A   AD 71 A4   LDA &A471
     912D   20 4F 92   JSR &924F
     9130   D0 32      BNE &9164
     9132   8D 66 A4   STA &A466
     9135   8D 67 A4   STA &A467
     9138   AD 6E A4   LDA &A46E
     913B   D0 DC      BNE &9119
     913D   18         CLC
.fgbfin
     913E   08         PHP
     913F   20 56 92   JSR &9256
     9142   28         PLP
     9143   20 7E 90   JSR &907E
     9146   A0 0C      LDY #&0C
.retnl
     9148   B9 60 A4   LDA &A460,Y
     914B   91 B4      STA (&B4),Y
     914D   88         DEY
     914E   10 F8      BPL &9148
     9150   60         RTS
.setmax
     9151   8D 67 A4   STA &A467
     9154   0D 66 A4   ORA &A466
     9157   D0 4B      BNE &91A4
.throw
     9159   A0 FD      LDY #&FD
     915B   A9 01      LDA #&01
     915D   D0 AB      BNE &910A
.align
     915F   20 1C 91   JSR &911C
     9162   B0 DA      BCS &913E
.dofast
     9164   AE 71 A4   LDX &A471
     9167   F0 02      BEQ &916B
     9169   A2 FF      LDX #&FF
.sclamp
     916B   8A         TXA
     916C   0D 70 A4   ORA &A470
     916F   8D 67 A4   STA &A467
     9172   8A         TXA
     9173   0D 6F A4   ORA &A46F
     9176   AA         TAX
     9177   AD C2 A4   LDA &A4C2
     917A   38         SEC
     917B   6D 6D A4   ADC &A46D
     917E   49 04      EOR #&04
     9180   29 E4      AND #&E4
     9182   A8         TAY
     9183   B9 15 A5   LDA &A515,Y
     9186   38         SEC
     9187   ED 6A A4   SBC &A46A
     918A   8D 66 A4   STA &A466
     918D   B9 16 A5   LDA &A516,Y
     9190   ED 6B A4   SBC &A46B
     9193   90 C4      BCC &9159
     9195   CD 67 A4   CMP &A467
     9198   90 B7      BCC &9151
     919A   D0 05      BNE &91A1
     919C   EC 66 A4   CPX &A466
     919F   B0 B0      BCS &9151
.sectr0
     91A1   8E 66 A4   STX &A466
.sectr1
     91A4   AC C2 A4   LDY &A4C2
     91A7   20 03 94   JSR &9403
     91AA   20 C7 97   JSR &97C7
     91AD   A9 3F      LDA #&3F
     91AF   99 1D A5   STA &A51D,Y
     91B2   20 BF 97   JSR &97BF
     91B5   AD 61 A4   LDA &A461
     91B8   85 BC      STA &BC
     91BA   AD 62 A4   LDA &A462
     91BD   85 BD      STA &BD
     91BF   AD 63 A4   LDA &A463
     91C2   8D 74 A4   STA &A474
     91C5   AD 64 A4   LDA &A464
     91C8   8D 75 A4   STA &A475
     91CB   B9 0F A5   LDA &A50F,Y
     91CE   18         CLC
     91CF   6D 6A A4   ADC &A46A
     91D2   85 C3      STA &C3
     91D4   B9 0D A5   LDA &A50D,Y
     91D7   6D 6B A4   ADC &A46B
     91DA   29 03      AND #&03
     91DC   85 C2      STA &C2
     91DE   A9 00      LDA #&00
     91E0   85 C0      STA &C0
     91E2   AD 66 A4   LDA &A466
     91E5   85 C1      STA &C1
     91E7   AD 67 A4   LDA &A467
     91EA   20 2A 82   JSR &822A
     91ED   05 C2      ORA &C2
     91EF   85 C2      STA &C2
     91F1   AD 6D A4   LDA &A46D
     91F4   EE DD A4   INC &A4DD
     91F7   20 66 92   JSR &9266
     91FA   CE DD A4   DEC &A4DD
     91FD   20 40 92   JSR &9240
     9200   AC 66 A4   LDY &A466
     9203   98         TYA
     9204   18         CLC
     9205   6D 62 A4   ADC &A462
     9208   8D 62 A4   STA &A462
     920B   AE 67 A4   LDX &A467
     920E   8A         TXA
     920F   6D 63 A4   ADC &A463
     9212   8D 63 A4   STA &A463
     9215   90 03      BCC &921A
     9217   EE 64 A4   INC &A464
.updp
     921A   98         TYA
     921B   AC C2 A4   LDY &A4C2
     921E   18         CLC
     921F   79 11 A5   ADC &A511,Y
     9222   99 11 A5   STA &A511,Y
     9225   8D 6A A4   STA &A46A
     9228   8A         TXA
     9229   79 12 A5   ADC &A512,Y
     922C   99 12 A5   STA &A512,Y
     922F   8D 6B A4   STA &A46B
     9232   98         TYA
     9233   20 6C 99   JSR &996C
     9236   90 05      BCC &923D
     9238   F0 03      BEQ &923D
     923A   20 D7 98   JSR &98D7
.doneit
     923D   4C 2A 91   JMP &912A
.subwk
     9240   38         SEC
     9241   A2 FC      LDX #&FC
.subwkl
     9243   BD 72 A3   LDA &A372,X
     9246   FD 69 A3   SBC &A369,X
     9249   9D 72 A3   STA &A372,X
     924C   E8         INX
     924D   D0 F4      BNE &9243
.testl
     924F   0D 70 A4   ORA &A470
     9252   0D 6F A4   ORA &A46F
     9255   60         RTS
.addtol
     9256   18         CLC
     9257   A2 FC      LDX #&FC
.addl
     9259   BD 72 A3   LDA &A372,X
     925C   7D 69 A3   ADC &A369,X
     925F   9D 69 A3   STA &A369,X
     9262   E8         INX
     9263   D0 F4      BNE &9259
     9265   60         RTS
.docmd
     9266   C9 03      CMP #&03
     9268   90 03      BCC &926D
.dordcmd
     926A   4C 49 88   JMP &8849
.dowrcmd
     926D   4C 56 88   JMP &8856
.fscv_osabouttoproccmd
     9270   2C C7 A4   BIT &A4C7
     9273   30 03      BMI &9278
     9275   CE C7 A4   DEC &A4C7
.parameter_fsp
     9278   A9 FF      LDA #&FF
     927A   8D CE A4   STA &A4CE
.param_out
     927D   8D CD A4   STA &A4CD
     9280   60         RTS
.parameter_afsp
     9281   A9 2A      LDA #&2A
     9283   8D CE A4   STA &A4CE
     9286   A9 23      LDA #&23
     9288   D0 F3      BNE &927D
.osfile5_rdcatinfo
     928A   20 44 93   JSR &9344
     928D   20 99 83   JSR &8399
     9290   A9 01      LDA #&01
     9292   60         RTS
.osfile6_delfile
     9293   20 21 93   JSR &9321
     9296   20 99 83   JSR &8399
     9299   20 1F 83   JSR &831F
     929C   4C C3 92   JMP &92C3
.osfile1_updatecat
     929F   20 44 93   JSR &9344
     92A2   20 C9 92   JSR &92C9
     92A5   20 E5 92   JSR &92E5
     92A8   50 16      BVC &92C0
.osfile3_wrexecaddr
     92AA   20 44 93   JSR &9344
     92AD   20 E5 92   JSR &92E5
     92B0   50 11      BVC &92C3
.osfile2_wrloadaddr
     92B2   20 44 93   JSR &9344
     92B5   20 C9 92   JSR &92C9
     92B8   50 09      BVC &92C3
.osfile4_wrattribs
     92BA   20 44 93   JSR &9344
     92BD   20 39 93   JSR &9339
.osfile_updatelocksavecat
     92C0   20 08 93   JSR &9308
.osfile_savecat_retA_1
     92C3   20 8C AB   JSR &AB8C
     92C6   A9 01      LDA #&01
     92C8   60         RTS
.osfile_update_loadaddr_Xoffset
     92C9   20 F8 83   JSR &83F8
     92CC   A0 02      LDY #&02
     92CE   B1 B0      LDA (&B0),Y
     92D0   9D 08 A3   STA &A308,X
     92D3   C8         INY
     92D4   B1 B0      LDA (&B0),Y
     92D6   9D 09 A3   STA &A309,X
     92D9   C8         INY
     92DA   B1 B0      LDA (&B0),Y
     92DC   0A         ASL A
     92DD   0A         ASL A
     92DE   5D 0E A3   EOR &A30E,X
     92E1   29 0C      AND #&0C
     92E3   10 1B      BPL &9300
.osfile_update_execaddr_Xoffset
     92E5   20 F8 83   JSR &83F8
     92E8   A0 06      LDY #&06
     92EA   B1 B0      LDA (&B0),Y
     92EC   9D 0A A3   STA &A30A,X
     92EF   C8         INY
     92F0   B1 B0      LDA (&B0),Y
     92F2   9D 0B A3   STA &A30B,X
     92F5   C8         INY
     92F6   B1 B0      LDA (&B0),Y
     92F8   6A         ROR A
     92F9   6A         ROR A
     92FA   6A         ROR A
     92FB   5D 0E A3   EOR &A30E,X
     92FE   29 C0      AND #&C0
.osfile_savemixedbyte
     9300   5D 0E A3   EOR &A30E,X
     9303   9D 0E A3   STA &A30E,X
     9306   B8         CLV
     9307   60         RTS
.osfile_updatelock
     9308   20 F8 83   JSR &83F8
     930B   A0 0E      LDY #&0E
     930D   B1 B0      LDA (&B0),Y
     930F   29 0A      AND #&0A
     9311   F0 02      BEQ &9315
     9313   A9 80      LDA #&80
.osfile_notlocked
     9315   5D 0F A2   EOR &A20F,X
     9318   29 80      AND #&80
     931A   5D 0F A2   EOR &A20F,X
     931D   9D 0F A2   STA &A20F,X
     9320   60         RTS
.CheckFileNotLocked
     9321   20 4E 93   JSR &934E
     9324   90 23      BCC &9349
.CheckFileNotLockedY
     9326   B9 0F A2   LDA &A20F,Y
     9329   10 22      BPL &934D
.errFILELOCKED
     932B   20 60 80   JSR &8060
     932E   C3
     932F   4C 6F 63 ...
     9335   00
.CheckFileNotLockedOrOpenY
     9336   20 26 93   JSR &9326
.CheckFileNotOpenY
     9339   20 F8 83   JSR &83F8
     933C   20 A8 95   JSR &95A8
     933F   90 21      BCC &9362
     9341   4C 0C 95   JMP &950C
.CheckFileExists
     9344   20 4E 93   JSR &934E
     9347   B0 19      BCS &9362
.ExitCallingSubroutine
     9349   68         PLA
     934A   68         PLA
     934B   A9 00      LDA #&00
.chklock_exit
     934D   60         RTS
.read_fspBA_findcatentry
     934E   20 54 81   JSR &8154
     9351   20 82 82   JSR &8282
     9354   90 0C      BCC &9362
     9356   98         TYA
     9357   AA         TAX
.SetParamBlockPointerB0
     9358   AD DB A4   LDA &A4DB
     935B   85 B0      STA &B0
     935D   AD DC A4   LDA &A4DC
     9360   85 B1      STA &B1
.checkexit
     9362   60         RTS
.CalcRAM
     9363   A9 83      LDA #&83
     9365   20 F4 FF   JSR &FFF4
     9368   8C CF A4   STY &A4CF
     936B   A9 84      LDA #&84
     936D   20 F4 FF   JSR &FFF4
     9370   98         TYA
     9371   38         SEC
     9372   ED CF A4   SBC &A4CF
     9375   8D D0 A4   STA &A4D0
     9378   60         RTS
.osbyte_X0YFF
     9379   A2 00      LDX #&00
.osbyte_YFF
     937B   A0 FF      LDY #&FF
     937D   4C F4 FF   JMP &FFF4
.vectors_table
     9380   1B FF
     9382   1E FF
     9384   21 FF
     9386   24 FF
     9388   27 FF
     938A   2A FF
     938C   2D FF
.extendedvectors_table
     938E   CC 8E
     9390   00         BRK
     9391   20 96
     9393   00         BRK
     9394   6C 97
     9396   00         BRK
     9397   29 98
     9399   00         BRK
     939A   10 8F
     939C   00         BRK
     939D   45 94
     939F   00         BRK
     93A0   FD 8E
     93A2   00         BRK
.fscv_table1
     93A3   2E
     93A4   38
     93A5   A9
     93A6   2B
     93A7   A9
     93A8   71
     93A9   EA
     93AA   E5
     93AB   6F
     93AC   4F
     93AD   6E
     93AE   A9
.fscv_table2
     93AF   8A
     93B0   97
     93B1   88
     93B2   87
     93B3   88
     93B4   84
     93B5   93
     93B6   93
     93B7   92
     93B8   82
     93B9   82
     93BA   88
.finv_tablelo
     93BB   13
     93BC   4C
     93BD   9E
     93BE   B1
     93BF   A9
     93C0   B9
     93C1   89
     93C2   92
.finv_tablehi
     93C3   88
     93C4   88
     93C5   92
     93C6   92
     93C7   92
     93C8   92
     93C9   92
     93CA   92
.gbpbv_table1
     93CB   CF
     93CC   B7
     93CD   B7
     93CE   92
     93CF   92
     93D0   1B
     93D1   47
     93D2   55
     93D3   D2
.gbpbv_table2
     93D4   82
     93D5   90
     93D6   90
     93D7   90
     93D8   90
     93D9   90
     93DA   90
     93DB   90
     93DC   8F
.gbpbv_table3
     93DD   04
     93DE   02
     93DF   03
     93E0   06
     93E1   07
     93E2   04
     93E3   04
     93E4   04
     93E5   04
.fscv7_hndlrange
     93E6   A2 11      LDX #&11
     93E8   A0 15      LDY #&15
.closeallfiles_exit
     93EA   60         RTS
.fscv6_shutdownfilesys
     93EB   20 F8 83   JSR &83F8
.CloseSPOOLEXECfiles
     93EE   A9 77      LDA #&77
     93F0   4C F4 FF   JMP &FFF4
.CMD_CLOSE
.CloseAllFiles_Osbyte77
     93F3   20 EE 93   JSR &93EE
.CloseAllFiles
     93F6   A9 00      LDA #&00
.closeallfiles_loop
     93F8   18         CLC
     93F9   69 20      ADC #&20
     93FB   F0 ED      BEQ &93EA
     93FD   A8         TAY
     93FE   20 52 94   JSR &9452
     9401   D0 F5      BNE &93F8
.Channel_SetDirDrv_GetCatEntry_Yintch
     9403   20 1E 94   JSR &941E
.Channel_GetCatEntry_Yintch
     9406   A2 06      LDX #&06
.chnl_getcatloop
     9408   B9 0C A5   LDA &A50C,Y
     940B   95 C5      STA &C5,X
     940D   88         DEY
     940E   88         DEY
     940F   CA         DEX
     9410   10 F6      BPL &9408
     9412   20 8D 82   JSR &828D
     9415   90 22      BCC &9439
     9417   8C C3 A4   STY &A4C3
     941A   AC C2 A4   LDY &A4C2
.chkdskchangexit
     941D   60         RTS
.Channel_SetDirDrive_Yintch
     941E   B9 0E A5   LDA &A50E,Y
     9421   29 7F      AND #&7F
     9423   85 CC      STA &CC
     9425   B9 17 A5   LDA &A517,Y
     9428   4C E1 8B   JMP &8BE1
.CheckForDiskChange
     942B   20 F8 83   JSR &83F8
     942E   AD 04 A3   LDA &A304
     9431   20 85 AB   JSR &AB85
     9434   CD 04 A3   CMP &A304
     9437   F0 E4      BEQ &941D
.errDISKCHANGED
     9439   20 4B 80   JSR &804B
     943C   C8
     943D   63 68 61 ...
     9444   00
.FINDV_ENTRY
     9445   29 C0      AND #&C0
     9447   D0 59      BNE &94A2
     9449   20 F8 83   JSR &83F8
.CloseFiles_Yhandle
     944C   98         TYA
     944D   F0 A4      BEQ &93F3
     944F   20 4D 97   JSR &974D
.CloseFile_Yintch
     9452   48         PHA
     9453   20 D8 96   JSR &96D8
     9456   B0 45      BCS &949D
     9458   B9 1B A5   LDA &A51B,Y
     945B   49 FF      EOR #&FF
     945D   2D C0 A4   AND &A4C0
     9460   8D C0 A4   STA &A4C0
     9463   B9 17 A5   LDA &A517,Y
     9466   29 60      AND #&60
     9468   F0 33      BEQ &949D
     946A   20 03 94   JSR &9403
     946D   B9 17 A5   LDA &A517,Y
     9470   29 20      AND #&20
     9472   F0 26      BEQ &949A
     9474   AE C3 A4   LDX &A4C3
     9477   B9 14 A5   LDA &A514,Y
     947A   9D 0C A3   STA &A30C,X
     947D   B9 15 A5   LDA &A515,Y
     9480   9D 0D A3   STA &A30D,X
     9483   B9 16 A5   LDA &A516,Y
     9486   20 2A 82   JSR &822A
     9489   5D 0E A3   EOR &A30E,X
     948C   29 30      AND #&30
     948E   5D 0E A3   EOR &A30E,X
     9491   9D 0E A3   STA &A30E,X
     9494   20 8C AB   JSR &AB8C
     9497   AC C2 A4   LDY &A4C2
.closefile_buftodisk
     949A   20 C7 97   JSR &97C7
.closefile_exit
     949D   AE C5 A4   LDX &A4C5
     94A0   68         PLA
     94A1   60         RTS
.findvnot0_openfile
     94A2   20 21 84   JSR &8421
     94A5   86 BA      STX &BA
     94A7   84 BB      STY &BB
     94A9   85 B4      STA &B4
     94AB   24 B4      BIT &B4
     94AD   08         PHP
     94AE   20 54 81   JSR &8154
     94B1   20 78 92   JSR &9278
     94B4   20 82 82   JSR &8282
     94B7   B0 22      BCS &94DB
     94B9   A9 00      LDA #&00
     94BB   28         PLP
     94BC   50 01      BVC &94BF
     94BE   60         RTS
.findv_createfile
     94BF   08         PHP
     94C0   A2 07      LDX #&07
.findv_loop1
     94C2   95 BC      STA &BC,X
     94C4   9D 74 A4   STA &A474,X
     94C7   CA         DEX
     94C8   10 F8      BPL &94C2
     94CA   C6 BE      DEC &BE
     94CC   C6 BF      DEC &BF
     94CE   CE 76 A4   DEC &A476
     94D1   CE 77 A4   DEC &A477
     94D4   A9 40      LDA #&40
     94D6   85 C3      STA &C3
     94D8   20 8D 8A   JSR &8A8D
.findv_filefound
     94DB   28         PLP
     94DC   08         PHP
     94DD   70 03      BVS &94E2
     94DF   20 26 93   JSR &9326
.findv_readorupdate
     94E2   20 A8 95   JSR &95A8
     94E5   90 0E      BCC &94F5
.findv_loop2
     94E7   B9 0C A5   LDA &A50C,Y
     94EA   10 20      BPL &950C
     94EC   28         PLP
     94ED   08         PHP
     94EE   30 1C      BMI &950C
     94F0   20 A3 95   JSR &95A3
     94F3   B0 F2      BCS &94E7
.findv_openchannel
     94F5   AC C2 A4   LDY &A4C2
     94F8   D0 1B      BNE &9515
.errTOOMANYFILESOPEN
     94FA   20 60 80   JSR &8060
     94FD   C0
     94FE   54 6F 6F ...
     950B   00
.errFILEOPEN
     950C   20 60 80   JSR &8060
     950F   C2
     9510   4F 70 65 ...
     9514   00
.SetupChannelInfoBlock_Yintch
     9515   A9 08      LDA #&08
     9517   8D C4 A4   STA &A4C4
.chnlblock_loop1
     951A   BD 08 A2   LDA &A208,X
     951D   99 00 A5   STA &A500,Y
     9520   C8         INY
     9521   BD 08 A3   LDA &A308,X
     9524   99 00 A5   STA &A500,Y
     9527   C8         INY
     9528   E8         INX
     9529   CE C4 A4   DEC &A4C4
     952C   D0 EC      BNE &951A
     952E   A2 10      LDX #&10
     9530   A9 00      LDA #&00
.chnlblock_loop2
     9532   99 00 A5   STA &A500,Y
     9535   C8         INY
     9536   CA         DEX
     9537   D0 F9      BNE &9532
     9539   AD C2 A4   LDA &A4C2
     953C   A8         TAY
     953D   20 23 82   JSR &8223
     9540   69 A5      ADC #&A5
     9542   99 13 A5   STA &A513,Y
     9545   AD C1 A4   LDA &A4C1
     9548   99 1B A5   STA &A51B,Y
     954B   0D C0 A4   ORA &A4C0
     954E   8D C0 A4   STA &A4C0
     9551   B9 09 A5   LDA &A509,Y
     9554   69 FF      ADC #&FF
     9556   B9 0B A5   LDA &A50B,Y
     9559   69 00      ADC #&00
     955B   99 19 A5   STA &A519,Y
     955E   B9 0D A5   LDA &A50D,Y
     9561   09 0F      ORA #&0F
     9563   69 00      ADC #&00
     9565   20 1C 82   JSR &821C
     9568   99 1A A5   STA &A51A,Y
     956B   28         PLP
     956C   50 2E      BVC &959C
     956E   30 08      BMI &9578
     9570   A9 80      LDA #&80
     9572   19 0C A5   ORA &A50C,Y
     9575   99 0C A5   STA &A50C,Y
.chnlblock_setEXT
     9578   B9 09 A5   LDA &A509,Y
     957B   99 14 A5   STA &A514,Y
     957E   B9 0B A5   LDA &A50B,Y
     9581   99 15 A5   STA &A515,Y
     9584   B9 0D A5   LDA &A50D,Y
     9587   20 1C 82   JSR &821C
     958A   99 16 A5   STA &A516,Y
.chnlblock_cont
     958D   A5 CD      LDA &CD
     958F   19 17 A5   ORA &A517,Y
     9592   99 17 A5   STA &A517,Y
     9595   98         TYA
     9596   20 23 82   JSR &8223
     9599   09 10      ORA #&10
     959B   60         RTS
.chnlblock_setBit5
     959C   A9 20      LDA #&20
     959E   99 17 A5   STA &A517,Y
     95A1   D0 EA      BNE &958D
.IsFileOpenContinue
     95A3   8A         TXA
     95A4   48         PHA
     95A5   4C E7 95   JMP &95E7
.IsFileOpen_Yoffset
     95A8   A9 00      LDA #&00
     95AA   8D C2 A4   STA &A4C2
     95AD   A9 08      LDA #&08
     95AF   85 B5      STA &B5
     95B1   98         TYA
     95B2   AA         TAX
     95B3   A0 A0      LDY #&A0
.fop_main_loop
     95B5   84 B3      STY &B3
     95B7   8A         TXA
     95B8   48         PHA
     95B9   A9 08      LDA #&08
     95BB   85 B2      STA &B2
     95BD   A5 B5      LDA &B5
     95BF   2C C0 A4   BIT &A4C0
     95C2   F0 1D      BEQ &95E1
     95C4   B9 17 A5   LDA &A517,Y
     95C7   45 CD      EOR &CD
     95C9   29 03      AND #&03
     95CB   D0 1A      BNE &95E7
.fop_cmpfn_loop
     95CD   BD 08 A2   LDA &A208,X
     95D0   59 00 A5   EOR &A500,Y
     95D3   29 7F      AND #&7F
     95D5   D0 10      BNE &95E7
     95D7   E8         INX
     95D8   C8         INY
     95D9   C8         INY
     95DA   C6 B2      DEC &B2
     95DC   D0 EF      BNE &95CD
     95DE   38         SEC
     95DF   B0 10      BCS &95F1
.fop_channelnotopen
     95E1   8C C2 A4   STY &A4C2
     95E4   8D C1 A4   STA &A4C1
.fop_nothisfile
     95E7   38         SEC
     95E8   A5 B3      LDA &B3
     95EA   E9 20      SBC #&20
     95EC   85 B3      STA &B3
     95EE   06 B5      ASL &B5
     95F0   18         CLC
.fop_matchifCset
     95F1   68         PLA
     95F2   AA         TAX
     95F3   A4 B3      LDY &B3
     95F5   A5 B5      LDA &B5
     95F7   B0 02      BCS &95FB
     95F9   D0 BA      BNE &95B5
.fop_exit
     95FB   60         RTS
.ChannelBufferToDisk_Yhandle_A0
     95FC   20 13 96   JSR &9613
.ChannelBufferToDisk_Yhandle
     95FF   AD C0 A4   LDA &A4C0
     9602   48         PHA
     9603   98         TYA
     9604   D0 05      BNE &960B
     9606   20 F6 93   JSR &93F6
     9609   F0 03      BEQ &960E
.chbuf1
     960B   20 4C 94   JSR &944C
.chbuf2
     960E   68         PLA
     960F   8D C0 A4   STA &A4C0
     9612   60         RTS
.ReturnWithA0
     9613   48         PHA
     9614   8A         TXA
     9615   48         PHA
     9616   A9 00      LDA #&00
     9618   BA         TSX
     9619   9D 09 01   STA &0109,X
     961C   68         PLA
     961D   AA         TAX
     961E   68         PLA
     961F   60         RTS
.ARGSV_ENTRY
     9620   20 F8 83   JSR &83F8
     9623   C9 FF      CMP #&FF
     9625   F0 D5      BEQ &95FC
     9627   C0 00      CPY #&00
     9629   F0 12      BEQ &963D
     962B   C9 04      CMP #&04
     962D   B0 27      BCS &9656
     962F   20 13 96   JSR &9613
     9632   C9 03      CMP #&03
     9634   F0 47      BEQ &967D
     9636   C9 01      CMP #&01
     9638   D0 24      BNE &965E
     963A   4C F9 98   JMP &98F9
.argsv_Y0
     963D   C9 02      CMP #&02
     963F   B0 15      BCS &9656
     9641   20 13 96   JSR &9613
     9644   F0 11      BEQ &9657
     9646   A9 FF      LDA #&FF
     9648   95 02      STA &02,X
     964A   95 03      STA &03,X
     964C   AD D9 A4   LDA &A4D9
     964F   95 00      STA &00,X
     9651   AD DA A4   LDA &A4DA
     9654   95 01      STA &01,X
.argsv_exit
     9656   60         RTS
.argsv_filesysnumber
     9657   A9 04      LDA #&04
     9659   BA         TSX
     965A   9D 05 01   STA &0105,X
     965D   60         RTS
.argsv_rdseqptr_or_filelen
     965E   20 4D 97   JSR &974D
     9661   8C C2 A4   STY &A4C2
     9664   0A         ASL A
     9665   6D C2 A4   ADC &A4C2
     9668   A8         TAY
     9669   B9 10 A5   LDA &A510,Y
     966C   95 00      STA &00,X
     966E   B9 11 A5   LDA &A511,Y
     9671   95 01      STA &01,X
     9673   B9 12 A5   LDA &A512,Y
     9676   95 02      STA &02,X
     9678   A9 00      LDA #&00
     967A   95 03      STA &03,X
     967C   60         RTS
.argsv3
     967D   20 4D 97   JSR &974D
     9680   20 E9 98   JSR &98E9
     9683   B0 1E      BCS &96A3
     9685   B9 10 A5   LDA &A510,Y
     9688   48         PHA
     9689   B9 11 A5   LDA &A511,Y
     968C   48         PHA
     968D   B9 12 A5   LDA &A512,Y
     9690   48         PHA
     9691   20 04 99   JSR &9904
     9694   68         PLA
     9695   99 12 A5   STA &A512,Y
     9698   68         PLA
     9699   99 11 A5   STA &A511,Y
     969C   68         PLA
     969D   99 10 A5   STA &A510,Y
     96A0   20 42 99   JSR &9942
.truncate
     96A3   B9 0C A5   LDA &A50C,Y
     96A6   30 2A      BMI &96D2
     96A8   19 0E A5   ORA &A50E,Y
     96AB   30 28      BMI &96D5
     96AD   A9 20      LDA #&20
     96AF   20 B8 97   JSR &97B8
     96B2   B5 00      LDA &00,X
     96B4   99 14 A5   STA &A514,Y
     96B7   B5 01      LDA &01,X
     96B9   99 15 A5   STA &A515,Y
     96BC   B5 02      LDA &02,X
     96BE   99 16 A5   STA &A516,Y
     96C1   8A         TXA
     96C2   48         PHA
     96C3   20 6B 99   JSR &996B
     96C6   68         PLA
     96C7   AA         TAX
     96C8   90 03      BCC &96CD
     96CA   20 33 99   JSR &9933
.dontchangeptr
     96CD   A9 EF      LDA #&EF
     96CF   4C BF 97   JMP &97BF
.filereadonly
     96D2   4C 15 98   JMP &9815
.filelocked
     96D5   4C 2B 93   JMP &932B
.IsHndlinUse_Yintch
     96D8   48         PHA
     96D9   8E C5 A4   STX &A4C5
     96DC   98         TYA
     96DD   29 E0      AND #&E0
     96DF   8D C2 A4   STA &A4C2
     96E2   F0 13      BEQ &96F7
     96E4   20 23 82   JSR &8223
     96E7   A8         TAY
     96E8   A9 00      LDA #&00
     96EA   38         SEC
.hndlinsue_loop
     96EB   6A         ROR A
     96EC   88         DEY
     96ED   D0 FC      BNE &96EB
     96EF   AC C2 A4   LDY &A4C2
     96F2   2C C0 A4   BIT &A4C0
     96F5   D0 01      BNE &96F8
.hndlinuse_notused_C1
     96F7   38         SEC
.hndlinuse_used_C0
     96F8   68         PLA
     96F9   60         RTS
.conv_Yhndl_intch_exYintch
     96FA   48         PHA
     96FB   98         TYA
.conv_hndl_X_entry
     96FC   C9 10      CMP #&10
     96FE   90 04      BCC &9704
     9700   C9 18      CMP #&18
     9702   90 02      BCC &9706
.conv_hndl10
     9704   A9 08      LDA #&08
.conv_hndl18
     9706   20 29 82   JSR &8229
     9709   A8         TAY
     970A   68         PLA
     970B   60         RTS
.ClearEXECSPOOLFileHandle
     970C   A9 C6      LDA #&C6
     970E   20 79 93   JSR &9379
     9711   8A         TXA
     9712   F0 09      BEQ &971D
     9714   20 30 97   JSR &9730
     9717   D0 04      BNE &971D
     9719   A9 C6      LDA #&C6
     971B   D0 0C      BNE &9729
.ClearSpoolhandle
     971D   A9 C7      LDA #&C7
     971F   20 79 93   JSR &9379
     9722   20 30 97   JSR &9730
     9725   D0 11      BNE &9738
     9727   A9 C7      LDA #&C7
.osbyte_X0Y0
     9729   A2 00      LDX #&00
     972B   A0 00      LDY #&00
     972D   4C F4 FF   JMP &FFF4
.ConvertXhndl_exYintch
     9730   8A         TXA
     9731   A8         TAY
     9732   20 FA 96   JSR &96FA
     9735   CC C2 A4   CPY &A4C2
.clrsplhndl_exit
     9738   60         RTS
.fscv1_EOF_Yhndl
     9739   48         PHA
     973A   98         TYA
     973B   48         PHA
     973C   8A         TXA
     973D   A8         TAY
     973E   20 68 99   JSR &9968
     9741   D0 04      BNE &9747
     9743   A2 FF      LDX #&FF
     9745   D0 02      BNE &9749
.eof_NOTEND
     9747   A2 00      LDX #&00
.eof_exit
     9749   68         PLA
     974A   A8         TAY
     974B   68         PLA
.checkchannel_okexit
     974C   60         RTS
.CheckChannel_Yhndl_exYintch
     974D   20 FA 96   JSR &96FA
     9750   20 D8 96   JSR &96D8
     9753   90 F7      BCC &974C
     9755   20 0C 97   JSR &970C
.errCHANNEL
     9758   20 60 80   JSR &8060
     975B   DE
     975C   43 68 61 ...
     9763   00
.errEOF
     9764   20 60 80   JSR &8060
     9767   DF
     9768   45 4F 46 
     976B   00
.BGETV_ENTRY
     976C   20 21 84   JSR &8421
     976F   20 68 99   JSR &9968
     9772   D0 13      BNE &9787
     9774   B9 17 A5   LDA &A517,Y
     9777   29 10      AND #&10
     9779   D0 E9      BNE &9764
     977B   A9 10      LDA #&10
     977D   20 B8 97   JSR &97B8
     9780   AE C5 A4   LDX &A4C5
     9783   A9 FE      LDA #&FE
     9785   38         SEC
     9786   60         RTS
.bg_notEOF
     9787   B9 17 A5   LDA &A517,Y
     978A   30 0A      BMI &9796
     978C   20 1E 94   JSR &941E
     978F   20 C7 97   JSR &97C7
     9792   38         SEC
     9793   20 CF 97   JSR &97CF
.bg_samesector1
     9796   20 84 99   JSR &9984
     9799   A1 BA      LDA (&BA,X)
     979B   18         CLC
     979C   60         RTS
.CalcBufferSectorForPTR
     979D   18         CLC
     979E   B9 0F A5   LDA &A50F,Y
     97A1   79 11 A5   ADC &A511,Y
     97A4   85 C3      STA &C3
     97A6   99 1C A5   STA &A51C,Y
     97A9   B9 0D A5   LDA &A50D,Y
     97AC   29 03      AND #&03
     97AE   79 12 A5   ADC &A512,Y
     97B1   85 C2      STA &C2
     97B3   99 1D A5   STA &A51D,Y
.ChannelFlags_SetBit7
     97B6   A9 80      LDA #&80
.ChannelFlags_SetBits
     97B8   19 17 A5   ORA &A517,Y
     97BB   D0 05      BNE &97C2
.ChannelFlags_ClearBit7
     97BD   A9 7F      LDA #&7F
.ChannelFlags_ClearBits
     97BF   39 17 A5   AND &A517,Y
.chnflg_save
     97C2   99 17 A5   STA &A517,Y
     97C5   18         CLC
     97C6   60         RTS
.ChannelBufferToDisk_Yintch
     97C7   B9 17 A5   LDA &A517,Y
     97CA   29 40      AND #&40
     97CC   F0 43      BEQ &9811
     97CE   18         CLC
.ChannelBufferRW_Yintch_C1read
     97CF   EE DD A4   INC &A4DD
     97D2   AC C2 A4   LDY &A4C2
     97D5   B9 13 A5   LDA &A513,Y
     97D8   85 BD      STA &BD
     97DA   A9 FF      LDA #&FF
     97DC   8D 74 A4   STA &A474
     97DF   8D 75 A4   STA &A475
     97E2   A9 00      LDA #&00
     97E4   85 BC      STA &BC
     97E6   85 C0      STA &C0
     97E8   A9 01      LDA #&01
     97EA   85 C1      STA &C1
     97EC   B0 17      BCS &9805
     97EE   B9 1C A5   LDA &A51C,Y
     97F1   85 C3      STA &C3
     97F3   B9 1D A5   LDA &A51D,Y
     97F6   85 C2      STA &C2
     97F8   20 56 88   JSR &8856
     97FB   AC C2 A4   LDY &A4C2
     97FE   A9 BF      LDA #&BF
     9800   20 BF 97   JSR &97BF
     9803   90 06      BCC &980B
.chnbuf_read
     9805   20 9D 97   JSR &979D
     9808   20 49 88   JSR &8849
.chnbuf_exit
     980B   CE DD A4   DEC &A4DD
     980E   AC C2 A4   LDY &A4C2
.chnbuf_exit2
     9811   60         RTS
.errFILELOCKED2
     9812   4C 2B 93   JMP &932B
.errFILEREADONLY
     9815   20 60 80   JSR &8060
     9818   C1
     9819   52 65 61 ...
     9822   00
.bput_Yintchan
     9823   20 F8 83   JSR &83F8
     9826   4C 2F 98   JMP &982F
.BPUTV_ENTRY
     9829   20 F8 83   JSR &83F8
     982C   20 4D 97   JSR &974D
.bp_entry
     982F   48         PHA
     9830   B9 0C A5   LDA &A50C,Y
     9833   30 E0      BMI &9815
     9835   B9 0E A5   LDA &A50E,Y
     9838   30 D8      BMI &9812
     983A   20 1E 94   JSR &941E
     983D   98         TYA
     983E   18         CLC
     983F   69 04      ADC #&04
     9841   20 6C 99   JSR &996C
     9844   D0 66      BNE &98AC
     9846   20 06 94   JSR &9406
     9849   AE C3 A4   LDX &A4C3
     984C   38         SEC
     984D   BD 07 A3   LDA &A307,X
     9850   FD 0F A3   SBC &A30F,X
     9853   48         PHA
     9854   BD 06 A3   LDA &A306,X
     9857   FD 0E A3   SBC &A30E,X
     985A   29 03      AND #&03
     985C   D9 1A A5   CMP &A51A,Y
     985F   D0 1F      BNE &9880
     9861   68         PLA
     9862   D9 19 A5   CMP &A519,Y
     9865   D0 34      BNE &989B
     9867   84 B4      STY &B4
     9869   8C C2 A4   STY &A4C2
     986C   20 0C 97   JSR &970C
.errCANTEXTEND
     986F   20 60 80   JSR &8060
     9872   BF
     9873   43 61 6E ...
     987F   00
.bp_extendby100
     9880   B9 1A A5   LDA &A51A,Y
     9883   18         CLC
     9884   69 01      ADC #&01
     9886   99 1A A5   STA &A51A,Y
     9889   0A         ASL A
     988A   0A         ASL A
     988B   0A         ASL A
     988C   0A         ASL A
     988D   5D 0E A3   EOR &A30E,X
     9890   29 30      AND #&30
     9892   5D 0E A3   EOR &A30E,X
     9895   9D 0E A3   STA &A30E,X
     9898   68         PLA
     9899   A9 00      LDA #&00
.bp_extendtogap
     989B   9D 0D A3   STA &A30D,X
     989E   99 19 A5   STA &A519,Y
     98A1   A9 00      LDA #&00
     98A3   9D 0C A3   STA &A30C,X
     98A6   20 8C AB   JSR &AB8C
     98A9   AC C2 A4   LDY &A4C2
.bp_noextend
     98AC   B9 17 A5   LDA &A517,Y
     98AF   30 16      BMI &98C7
     98B1   20 C7 97   JSR &97C7
     98B4   B9 14 A5   LDA &A514,Y
     98B7   D0 0A      BNE &98C3
     98B9   20 6B 99   JSR &996B
     98BC   D0 05      BNE &98C3
     98BE   20 9D 97   JSR &979D
     98C1   D0 04      BNE &98C7
.bp_loadbuf
     98C3   38         SEC
     98C4   20 CF 97   JSR &97CF
.bp_savebyte
     98C7   A9 40      LDA #&40
     98C9   20 B8 97   JSR &97B8
     98CC   20 84 99   JSR &9984
     98CF   68         PLA
     98D0   81 BA      STA (&BA,X)
     98D2   20 6B 99   JSR &996B
     98D5   90 11      BCC &98E8
.updext
     98D7   A9 20      LDA #&20
     98D9   20 B8 97   JSR &97B8
     98DC   A2 02      LDX #&02
.bp_setextloop
     98DE   B9 10 A5   LDA &A510,Y
     98E1   99 14 A5   STA &A514,Y
     98E4   C8         INY
     98E5   CA         DEX
     98E6   10 F6      BPL &98DE
.bp_exit
     98E8   60         RTS
.cmptoEXT
     98E9   B9 14 A5   LDA &A514,Y
     98EC   D5 00      CMP &00,X
     98EE   B9 15 A5   LDA &A515,Y
     98F1   F5 01      SBC &01,X
     98F3   B9 16 A5   LDA &A516,Y
     98F6   F5 02      SBC &02,X
     98F8   60         RTS
.argsv_WriteSeqPointer
     98F9   20 F8 83   JSR &83F8
     98FC   20 4D 97   JSR &974D
.wsploop
     98FF   20 E9 98   JSR &98E9
     9902   B0 2F      BCS &9933
.argsextendloop
     9904   B9 14 A5   LDA &A514,Y
     9907   99 10 A5   STA &A510,Y
     990A   B9 15 A5   LDA &A515,Y
     990D   99 11 A5   STA &A511,Y
     9910   B9 16 A5   LDA &A516,Y
     9913   99 12 A5   STA &A512,Y
     9916   20 42 99   JSR &9942
     9919   A5 B6      LDA &B6
     991B   48         PHA
     991C   A5 B7      LDA &B7
     991E   48         PHA
     991F   A5 B8      LDA &B8
     9921   48         PHA
     9922   A9 00      LDA #&00
     9924   20 23 98   JSR &9823
     9927   68         PLA
     9928   85 B8      STA &B8
     992A   68         PLA
     992B   85 B7      STA &B7
     992D   68         PLA
     992E   85 B6      STA &B6
     9930   4C FF 98   JMP &98FF
.SetSeqPointer_Yintch
     9933   B5 00      LDA &00,X
     9935   99 10 A5   STA &A510,Y
     9938   B5 01      LDA &01,X
     993A   99 11 A5   STA &A511,Y
     993D   B5 02      LDA &02,X
     993F   99 12 A5   STA &A512,Y
.IsSeqPointerInBuffer_Yintch
     9942   A9 6F      LDA #&6F
     9944   20 BF 97   JSR &97BF
     9947   B9 0F A5   LDA &A50F,Y
     994A   79 11 A5   ADC &A511,Y
     994D   8D C4 A4   STA &A4C4
     9950   B9 0D A5   LDA &A50D,Y
     9953   29 03      AND #&03
     9955   79 12 A5   ADC &A512,Y
     9958   D9 1D A5   CMP &A51D,Y
     995B   D0 8B      BNE &98E8
     995D   AD C4 A4   LDA &A4C4
     9960   D9 1C A5   CMP &A51C,Y
     9963   D0 83      BNE &98E8
     9965   4C B6 97   JMP &97B6
.CheckChannel_Yhndl_exYintch_TYA_CmpPTR
     9968   20 4D 97   JSR &974D
.TYA_CmpPTR
     996B   98         TYA
.CmpPTR
     996C   AA         TAX
     996D   B9 12 A5   LDA &A512,Y
     9970   DD 16 A5   CMP &A516,X
     9973   D0 0E      BNE &9983
     9975   B9 11 A5   LDA &A511,Y
     9978   DD 15 A5   CMP &A515,X
     997B   D0 06      BNE &9983
     997D   B9 10 A5   LDA &A510,Y
     9980   DD 14 A5   CMP &A514,X
.cmpPE_exit
     9983   60         RTS
.load_then_incSeqPtr_Yintch
     9984   B9 10 A5   LDA &A510,Y
     9987   85 BA      STA &BA
     9989   B9 13 A5   LDA &A513,Y
     998C   85 BB      STA &BB
     998E   98         TYA
     998F   AA         TAX
     9990   FE 10 A5   INC &A510,X
     9993   D0 0B      BNE &99A0
     9995   20 BD 97   JSR &97BD
     9998   FE 11 A5   INC &A511,X
     999B   D0 03      BNE &99A0
     999D   FE 12 A5   INC &A512,X
.samesector
     99A0   A2 00      LDX #&00
     99A2   60         RTS
.CMD_MMFS
     99A3   98         TYA
     99A4   A2 00      LDX #&00
     99A6   A0 14      LDY #&14
.Prthelp_Xtable
     99A8   48         PHA
     99A9   20 9D 80   JSR &809D
     99AC   0D
Macro SYSTEM_NAME:
     99AD   4D 4D 46 ...
End macro SYSTEM_NAME
     99B2   20
     99B3   86 BF      STX &BF
     99B5   84 B7      STY &B7
     99B7   A2 00      LDX #&00
.verloop
     99B9   BD 22 80   LDA &8022,X
     99BC   F0 06      BEQ &99C4
     99BE   20 E0 80   JSR &80E0
     99C1   E8         INX
     99C2   D0 F5      BNE &99B9
.verex
     99C4   A9 0D      LDA #&0D
     99C6   20 E0 80   JSR &80E0
.help_dfs_loop
     99C9   A9 00      LDA #&00
     99CB   85 B9      STA &B9
     99CD   A0 01      LDY #&01
     99CF   20 81 9A   JSR &9A81
     99D2   20 1C 9A   JSR &9A1C
     99D5   20 7F 83   JSR &837F
     99D8   C6 B7      DEC &B7
     99DA   D0 ED      BNE &99C9
     99DC   68         PLA
     99DD   A8         TAY
.morehelp
     99DE   A2 A8      LDX #&A8
     99E0   4C 31 87   JMP &8731
.CMD_DUTILS
     99E3   98         TYA
     99E4   A2 BC      LDX #&BC
     99E6   A0 09      LDY #&09
     99E8   D0 BE      BNE &99A8
.CMD_UTILS
     99EA   98         TYA
     99EB   A2 76      LDX #&76
     99ED   A0 05      LDY #&05
     99EF   D0 B7      BNE &99A8
.CMD_NOTHELPTBL
     99F1   20 C5 81   JSR &81C5
     99F4   F0 78      BEQ &9A6E
.cmd_nothelptlb_loop
     99F6   20 AA 81   JSR &81AA
     99F9   90 FB      BCC &99F6
     99FB   B0 E1      BCS &99DE
.Param_SyntaxErrorIfNull
     99FD   20 C5 81   JSR &81C5
     9A00   F0 01      BEQ &9A03
     9A02   60         RTS
.errSYNTAX
     9A03   20 70 80   JSR &8070
     9A06   DC
     9A07   53 79 6E ...
     9A0F   86 B9      STX &B9
     9A11   20 1C 9A   JSR &9A1C
     9A14   A9 00      LDA #&00
     9A16   20 6F 9A   JSR &9A6F
     9A19   4C 00 01   JMP &0100
.prtcmdAtBCadd1
     9A1C   A9 07      LDA #&07
     9A1E   85 B8      STA &B8
     9A20   A6 BF      LDX &BF
     9A22   E0 BC      CPX #&BC
     9A24   90 05      BCC &9A2B
     9A26   A9 44      LDA #&44
     9A28   20 6F 9A   JSR &9A6F
.prtcmdloop
     9A2B   E8         INX
     9A2C   BD CC 85   LDA &85CC,X
     9A2F   30 06      BMI &9A37
     9A31   20 6F 9A   JSR &9A6F
     9A34   4C 2B 9A   JMP &9A2B
.prtcmdloop_exit
     9A37   A4 B8      LDY &B8
     9A39   30 03      BMI &9A3E
     9A3B   20 81 9A   JSR &9A81
.prtcmdnospcs
     9A3E   86 BF      STX &BF
     9A40   BD CC 85   LDA &85CC,X
     9A43   29 7F      AND #&7F
     9A45   20 4B 9A   JSR &9A4B
     9A48   20 24 82   JSR &8224
.prtcmdparam
     9A4B   20 F8 83   JSR &83F8
     9A4E   29 0F      AND #&0F
     9A50   F0 1C      BEQ &9A6E
     9A52   A8         TAY
     9A53   A9 20      LDA #&20
     9A55   20 6F 9A   JSR &9A6F
     9A58   A2 FF      LDX #&FF
.prtcmdparam_findloop
     9A5A   E8         INX
     9A5B   BD 8E 9A   LDA &9A8E,X
     9A5E   10 FA      BPL &9A5A
     9A60   88         DEY
     9A61   D0 F7      BNE &9A5A
     9A63   29 7F      AND #&7F
.prtcmdparam_loop
     9A65   20 6F 9A   JSR &9A6F
     9A68   E8         INX
     9A69   BD 8E 9A   LDA &9A8E,X
     9A6C   10 F7      BPL &9A65
.prtcmdparamexit
     9A6E   60         RTS
.prtcmd_prtchr
     9A6F   20 F8 83   JSR &83F8
     9A72   A6 B9      LDX &B9
     9A74   F0 06      BEQ &9A7C
     9A76   E6 B9      INC &B9
     9A78   9D 00 01   STA &0100,X
     9A7B   60         RTS
.prtcmdparam_prtchr
     9A7C   C6 B8      DEC &B8
     9A7E   4C E0 80   JMP &80E0
.prtcmd_Print_Y_Spaces_IfNotErr
     9A81   A5 B9      LDA &B9
     9A83   D0 08      BNE &9A8D
     9A85   A9 20      LDA #&20
.prtcmd_yspc_loop
     9A87   20 6F 9A   JSR &9A6F
     9A8A   88         DEY
     9A8B   10 FA      BPL &9A87
.prtcmd_yspc_exit
     9A8D   60         RTS
.parametertable
     9A8E   BC
     9A8F   64 72 69 ...
     9A95   BC
     9A96   61 66 73 ...
     9A9B   A8
     9A9C   4C 29 
     9A9E   A8
     9A9F   3C 64 72 ...
     9AA7   A8
     9AA8   3C 64 72 ...
     9AB3   A8
     9AB4   3C 64 69 ...
     9ABA   BC
     9ABB   64 6F 73 ...
     9AC4   BC
     9AC5   66 73 70 ...
     9AC9   A8
     9ACA   3C 64 6F ...
     9AD5   BC
     9AD6   74 69 74 ...
     9ADC   A8
     9ADD   3C 6E 75 ...
     9AE3   BC
     9AE4   73 6F 75 ...
     9AF3   BC
     9AF4   6F 6C 64 ...
     9B06   BC
     9B07   66 69 6C ...
     9B0E   B4
     9B0F   30 2F 38 ...
     9B13   FF
.CMD_COMPACT
     9B14   20 E6 8B   JSR &8BE6
     9B17   20 9D 80   JSR &809D
     9B1A   43 6F 6D ...
     9B26   8D D1 A4   STA &A4D1
     9B29   8D D2 A4   STA &A4D2
     9B2C   20 07 81   JSR &8107
     9B2F   20 7F 83   JSR &837F
     9B32   A0 00      LDY #&00
     9B34   20 4C 94   JSR &944C
     9B37   20 63 93   JSR &9363
     9B3A   20 85 AB   JSR &AB85
     9B3D   AC 05 A3   LDY &A305
     9B40   84 CA      STY &CA
     9B42   A9 02      LDA #&02
     9B44   85 C8      STA &C8
     9B46   A9 00      LDA #&00
     9B48   85 C9      STA &C9
.compact_loop
     9B4A   A4 CA      LDY &CA
     9B4C   20 C7 82   JSR &82C7
     9B4F   C0 F8      CPY #&F8
     9B51   D0 28      BNE &9B7B
     9B53   AD 07 A3   LDA &A307
     9B56   38         SEC
     9B57   E5 C8      SBC &C8
     9B59   48         PHA
     9B5A   AD 06 A3   LDA &A306
     9B5D   29 03      AND #&03
     9B5F   E5 C9      SBC &C9
     9B61   20 07 81   JSR &8107
     9B64   68         PLA
     9B65   20 FF 80   JSR &80FF
     9B68   20 9D 80   JSR &809D
     9B6B   20 66 72 ...
     9B78   0D
     9B79   EA         NOP
     9B7A   60         RTS
.compact_checkfile
     9B7B   84 CA      STY &CA
     9B7D   20 49 83   JSR &8349
     9B80   A4 CA      LDY &CA
     9B82   B9 0C A3   LDA &A30C,Y
     9B85   C9 01      CMP #&01
     9B87   A9 00      LDA #&00
     9B89   85 BC      STA &BC
     9B8B   85 C0      STA &C0
     9B8D   79 0D A3   ADC &A30D,Y
     9B90   85 C4      STA &C4
     9B92   B9 0E A3   LDA &A30E,Y
     9B95   08         PHP
     9B96   20 1C 82   JSR &821C
     9B99   28         PLP
     9B9A   69 00      ADC #&00
     9B9C   85 C5      STA &C5
     9B9E   B9 0F A3   LDA &A30F,Y
     9BA1   85 C6      STA &C6
     9BA3   B9 0E A3   LDA &A30E,Y
     9BA6   29 03      AND #&03
     9BA8   85 C7      STA &C7
     9BAA   C5 C9      CMP &C9
     9BAC   D0 14      BNE &9BC2
     9BAE   A5 C6      LDA &C6
     9BB0   C5 C8      CMP &C8
     9BB2   D0 0E      BNE &9BC2
     9BB4   18         CLC
     9BB5   65 C4      ADC &C4
     9BB7   85 C8      STA &C8
     9BB9   A5 C9      LDA &C9
     9BBB   65 C5      ADC &C5
     9BBD   85 C9      STA &C9
     9BBF   4C DA 9B   JMP &9BDA
.compact_movefile
     9BC2   A5 C8      LDA &C8
     9BC4   99 0F A3   STA &A30F,Y
     9BC7   B9 0E A3   LDA &A30E,Y
     9BCA   29 FC      AND #&FC
     9BCC   05 C9      ORA &C9
     9BCE   99 0E A3   STA &A30E,Y
     9BD1   20 8C AB   JSR &AB8C
     9BD4   20 61 9D   JSR &9D61
     9BD7   20 7A AB   JSR &AB7A
.compact_fileinfo
     9BDA   A4 CA      LDY &CA
     9BDC   20 4E 83   JSR &834E
     9BDF   4C 4A 9B   JMP &9B4A
.IsEnabledOrGo
     9BE2   2C C7 A4   BIT &A4C7
     9BE5   10 07      BPL &9BEE
     9BE7   20 39 9C   JSR &9C39
     9BEA   F0 02      BEQ &9BEE
     9BEC   68         PLA
     9BED   68         PLA
.isgo
.isgoalready
     9BEE   60         RTS
.Get_CopyDATA_Drives
     9BEF   20 EB 8B   JSR &8BEB
     9BF2   8D D1 A4   STA &A4D1
     9BF5   20 EB 8B   JSR &8BEB
     9BF8   8D D2 A4   STA &A4D2
     9BFB   CD D1 A4   CMP &A4D1
     9BFE   F0 2E      BEQ &9C2E
     9C00   98         TYA
     9C01   48         PHA
     9C02   20 63 93   JSR &9363
     9C05   20 9D 80   JSR &809D
     9C08   43 6F 70 ...
     9C16   AD D1 A4   LDA &A4D1
     9C19   20 9A 80   JSR &809A
     9C1C   20 74 6F ...
     9C21   AD D2 A4   LDA &A4D2
     9C24   20 07 81   JSR &8107
     9C27   20 7F 83   JSR &837F
     9C2A   68         PLA
     9C2B   A8         TAY
     9C2C   18         CLC
     9C2D   60         RTS
.baddrv
     9C2E   4C FE 8B   JMP &8BFE
.ConfirmYNcolon
     9C31   20 9D 80   JSR &809D
     9C34   20 3A 20 
     9C37   90 0F      BCC &9C48
.GoYN
     9C39   20 9D 80   JSR &809D
     9C3C   47 6F 20 ...
     9C47   EA         NOP
.ConfirmYN
     9C48   20 61 9C   JSR &9C61
     9C4B   20 E0 FF   JSR &FFE0
     9C4E   B0 1D      BCS &9C6D
     9C50   29 5F      AND #&5F
     9C52   C9 59      CMP #&59
     9C54   08         PHP
     9C55   F0 02      BEQ &9C59
     9C57   A9 4E      LDA #&4E
.confYN
     9C59   20 E0 80   JSR &80E0
     9C5C   20 7F 83   JSR &837F
     9C5F   28         PLP
     9C60   60         RTS
.osbyte0F_flushinbuf2
     9C61   20 F8 83   JSR &83F8
     9C64   A9 0F      LDA #&0F
     9C66   A2 01      LDX #&01
     9C68   A0 00      LDY #&00
     9C6A   4C F4 FF   JMP &FFF4
.err_ESCAPE
     9C6D   4C 80 8C   JMP &8C80
.err_DISKFULL2
     9C70   4C 84 8A   JMP &8A84
.CMD_BACKUP
     9C73   20 EF 9B   JSR &9BEF
     9C76   20 E2 9B   JSR &9BE2
     9C79   A9 00      LDA #&00
     9C7B   85 C7      STA &C7
     9C7D   85 C9      STA &C9
     9C7F   85 C8      STA &C8
     9C81   85 C6      STA &C6
     9C83   AD D1 A4   LDA &A4D1
     9C86   85 CD      STA &CD
     9C88   20 88 AB   JSR &AB88
     9C8B   AD 07 A3   LDA &A307
     9C8E   85 C4      STA &C4
     9C90   AD 06 A3   LDA &A306
     9C93   29 03      AND #&03
     9C95   85 C5      STA &C5
     9C97   AD D2 A4   LDA &A4D2
     9C9A   85 CD      STA &CD
     9C9C   20 88 AB   JSR &AB88
     9C9F   AD 06 A3   LDA &A306
     9CA2   29 03      AND #&03
     9CA4   C5 C5      CMP &C5
     9CA6   90 C8      BCC &9C70
     9CA8   D0 07      BNE &9CB1
     9CAA   AD 07 A3   LDA &A307
     9CAD   C5 C4      CMP &C4
     9CAF   90 BF      BCC &9C70
.backup_copy
     9CB1   20 61 9D   JSR &9D61
     9CB4   20 88 AB   JSR &AB88
     9CB7   A2 0A      LDX #&0A
.tloop
     9CB9   E0 08      CPX #&08
     9CBB   90 05      BCC &9CC2
     9CBD   BD F8 A2   LDA &A2F8,X
     9CC0   B0 03      BCS &9CC5
.tskip1
     9CC2   BD 00 A2   LDA &A200,X
.tskip2
     9CC5   9D 00 A4   STA &A400,X
     9CC8   CA         DEX
     9CC9   10 EE      BPL &9CB9
     9CCB   60         RTS
.CMD_COPY
     9CCC   20 81 92   JSR &9281
     9CCF   20 EF 9B   JSR &9BEF
     9CD2   20 FD 99   JSR &99FD
     9CD5   20 4E 81   JSR &814E
     9CD8   AD D1 A4   LDA &A4D1
     9CDB   85 CD      STA &CD
     9CDD   20 3D 82   JSR &823D
.copy_loop1
     9CE0   A5 CC      LDA &CC
     9CE2   48         PHA
     9CE3   A5 B6      LDA &B6
     9CE5   48         PHA
     9CE6   20 4E 83   JSR &834E
     9CE9   A2 00      LDX #&00
.copy_loop2
     9CEB   B9 08 A2   LDA &A208,Y
     9CEE   95 C5      STA &C5,X
     9CF0   9D 50 A4   STA &A450,X
     9CF3   B9 08 A3   LDA &A308,Y
     9CF6   95 BB      STA &BB,X
     9CF8   9D 47 A4   STA &A447,X
     9CFB   E8         INX
     9CFC   C8         INY
     9CFD   E0 08      CPX #&08
     9CFF   D0 EA      BNE &9CEB
     9D01   20 51 9D   JSR &9D51
     9D04   AD D2 A4   LDA &A4D2
     9D07   20 C7 8A   JSR &8AC7
     9D0A   A5 C2      LDA &C2
     9D0C   29 03      AND #&03
     9D0E   48         PHA
     9D0F   A5 C3      LDA &C3
     9D11   48         PHA
     9D12   20 51 9D   JSR &9D51
     9D15   68         PLA
     9D16   85 C8      STA &C8
     9D18   68         PLA
     9D19   85 C9      STA &C9
     9D1B   A5 C1      LDA &C1
     9D1D   20 1C 82   JSR &821C
     9D20   AA         TAX
     9D21   A5 BF      LDA &BF
     9D23   C9 01      CMP #&01
     9D25   A5 C0      LDA &C0
     9D27   69 00      ADC #&00
     9D29   85 C4      STA &C4
     9D2B   8A         TXA
     9D2C   69 00      ADC #&00
     9D2E   85 C5      STA &C5
     9D30   A5 C2      LDA &C2
     9D32   85 C6      STA &C6
     9D34   A5 C1      LDA &C1
     9D36   29 03      AND #&03
     9D38   85 C7      STA &C7
     9D3A   20 61 9D   JSR &9D61
     9D3D   AD D1 A4   LDA &A4D1
     9D40   85 CD      STA &CD
     9D42   20 85 AB   JSR &AB85
     9D45   68         PLA
     9D46   85 B6      STA &B6
     9D48   68         PLA
     9D49   85 CC      STA &CC
     9D4B   20 89 82   JSR &8289
     9D4E   B0 90      BCS &9CE0
     9D50   60         RTS
.cd_swapvars
     9D51   A2 11      LDX #&11
.cd_swapvars_loop
     9D53   BC 45 A4   LDY &A445,X
     9D56   B5 BA      LDA &BA,X
     9D58   94 BA      STY &BA,X
     9D5A   9D 45 A4   STA &A445,X
     9D5D   CA         DEX
     9D5E   10 F3      BPL &9D53
     9D60   60         RTS
.CopyDATABLOCK
     9D61   A9 00      LDA #&00
     9D63   85 BC      STA &BC
     9D65   85 C0      STA &C0
     9D67   AD CF A4   LDA &A4CF
     9D6A   85 BD      STA &BD
     9D6C   F0 57      BEQ &9DC5
.cd_loop
     9D6E   A4 C4      LDY &C4
     9D70   CC D0 A4   CPY &A4D0
     9D73   A5 C5      LDA &C5
     9D75   E9 00      SBC #&00
     9D77   90 03      BCC &9D7C
     9D79   AC D0 A4   LDY &A4D0
.cd_part
     9D7C   84 C1      STY &C1
     9D7E   A5 C6      LDA &C6
     9D80   85 C3      STA &C3
     9D82   A5 C7      LDA &C7
     9D84   85 C2      STA &C2
     9D86   AD D1 A4   LDA &A4D1
     9D89   85 CD      STA &CD
     9D8B   20 B6 8B   JSR &8BB6
     9D8E   20 49 88   JSR &8849
     9D91   AD D2 A4   LDA &A4D2
     9D94   85 CD      STA &CD
     9D96   A5 C8      LDA &C8
     9D98   85 C3      STA &C3
     9D9A   A5 C9      LDA &C9
     9D9C   85 C2      STA &C2
     9D9E   20 B6 8B   JSR &8BB6
     9DA1   20 56 88   JSR &8856
     9DA4   A5 C1      LDA &C1
     9DA6   18         CLC
     9DA7   65 C8      ADC &C8
     9DA9   85 C8      STA &C8
     9DAB   90 02      BCC &9DAF
     9DAD   E6 C9      INC &C9
.cd_inc1
     9DAF   A5 C1      LDA &C1
     9DB1   18         CLC
     9DB2   65 C6      ADC &C6
     9DB4   85 C6      STA &C6
     9DB6   90 02      BCC &9DBA
     9DB8   E6 C7      INC &C7
.cd_inc2
     9DBA   38         SEC
     9DBB   A5 C4      LDA &C4
     9DBD   E5 C1      SBC &C1
     9DBF   85 C4      STA &C4
     9DC1   B0 02      BCS &9DC5
     9DC3   C6 C5      DEC &C5
.cd_loopentry
     9DC5   A5 C4      LDA &C4
     9DC7   05 C5      ORA &C5
     9DC9   D0 A3      BNE &9D6E
     9DCB   60         RTS
.CMD_VERIFY
     9DCC   A9 00      LDA #&00
     9DCE   F0 02      BEQ &9DD2
.CMD_FORM
     9DD0   A9 FF      LDA #&FF
.vform1
     9DD2   85 C9      STA &C9
     9DD4   85 B2      STA &B2
     9DD6   10 15      BPL &9DED
     9DD8   20 FD 99   JSR &99FD
     9DDB   20 41 84   JSR &8441
     9DDE   B0 0A      BCS &9DEA
     9DE0   86 B5      STX &B5
     9DE2   E0 28      CPX #&28
     9DE4   F0 07      BEQ &9DED
     9DE6   E0 50      CPX #&50
     9DE8   F0 03      BEQ &9DED
.vform2_syntax
     9DEA   4C 03 9A   JMP &9A03
.vform3_ok
     9DED   20 C5 81   JSR &81C5
     9DF0   84 CA      STY &CA
     9DF2   D0 49      BNE &9E3D
     9DF4   24 C9      BIT &C9
     9DF6   30 0B      BMI &9E03
     9DF8   20 9D 80   JSR &809D
     9DFB   56 65 72 ...
     9E01   90 0A      BCC &9E0D
.vform4_form
     9E03   20 9D 80   JSR &809D
     9E06   46 6F 72 ...
     9E0C   EA         NOP
.vform4_askdrive
     9E0D   20 9D 80   JSR &809D
     9E10   20 77 68 ...
     9E1F   EA         NOP
     9E20   20 E0 FF   JSR &FFE0
     9E23   B0 31      BCS &9E56
     9E25   C9 20      CMP #&20
     9E27   90 30      BCC &9E59
     9E29   20 E0 80   JSR &80E0
     9E2C   38         SEC
     9E2D   E9 30      SBC #&30
     9E2F   C9 04      CMP #&04
     9E31   B0 26      BCS &9E59
     9E33   85 CD      STA &CD
     9E35   20 7F 83   JSR &837F
     9E38   A4 CA      LDY &CA
     9E3A   4C 40 9E   JMP &9E40
.vform5_driveloop
     9E3D   20 EE 8B   JSR &8BEE
.vform6_drivein
     9E40   84 CA      STY &CA
     9E42   24 B2      BIT &B2
     9E44   10 05      BPL &9E4B
     9E46   46 B2      LSR &B2
     9E48   20 E2 9B   JSR &9BE2
.vform7_go
     9E4B   20 5C 9E   JSR &9E5C
     9E4E   A4 CA      LDY &CA
     9E50   20 C5 81   JSR &81C5
     9E53   D0 E8      BNE &9E3D
     9E55   60         RTS
.jmp_reportEscape
     9E56   4C 80 8C   JMP &8C80
.jmp_errBadDrive
     9E59   4C FE 8B   JMP &8BFE
.VFCurDrv
     9E5C   24 C9      BIT &C9
     9E5E   30 0E      BMI &9E6E
     9E60   20 9D 80   JSR &809D
     9E63   56 65 72 ...
     9E6C   90 12      BCC &9E80
.vf1
     9E6E   20 9D 80   JSR &809D
     9E71   46 6F 72 ...
     9E7B   A6 CD      LDX &CD
     9E7D   8E B0 A4   STX &A4B0
.vf2
     9E80   20 9D 80   JSR &809D
     9E83   20 64 72 ...
     9E8A   A5 CD      LDA &CD
     9E8C   20 9A 80   JSR &809A
     9E8F   20 74 72 ...
     9E98   EA         NOP
     9E99   A9 63      LDA #&63
     9E9B   A2 05      LDX #&05
     9E9D   24 C9      BIT &C9
     9E9F   30 2D      BMI &9ECE
     9EA1   20 88 AB   JSR &AB88
     9EA4   AD 06 A3   LDA &A306
     9EA7   29 03      AND #&03
     9EA9   AA         TAX
     9EAA   AD 07 A3   LDA &A307
     9EAD   A0 0A      LDY #&0A
     9EAF   84 B0      STY &B0
     9EB1   A0 FF      LDY #&FF
.trkloop1
     9EB3   38         SEC
.trkloop2
     9EB4   C8         INY
     9EB5   E5 B0      SBC &B0
     9EB7   B0 FB      BCS &9EB4
     9EB9   CA         DEX
     9EBA   10 F7      BPL &9EB3
     9EBC   65 B0      ADC &B0
     9EBE   48         PHA
     9EBF   98         TYA
     9EC0   AA         TAX
     9EC1   68         PLA
     9EC2   F0 01      BEQ &9EC5
     9EC4   E8         INX
.trkex
     9EC5   8A         TXA
     9EC6   F0 41      BEQ &9F09
     9EC8   85 B5      STA &B5
     9ECA   A9 5F      LDA #&5F
     9ECC   A2 03      LDX #&03
.vf4
     9ECE   8D B6 A4   STA &A4B6
     9ED1   8E B5 A4   STX &A4B5
     9ED4   A9 00      LDA #&00
     9ED6   85 B4      STA &B4
.vf5_trackloop
     9ED8   A9 08      LDA #&08
     9EDA   20 E0 80   JSR &80E0
     9EDD   20 E0 80   JSR &80E0
     9EE0   A5 B4      LDA &B4
     9EE2   8D B7 A4   STA &A4B7
     9EE5   20 FF 80   JSR &80FF
     9EE8   20 BF AB   JSR &ABBF
     9EEB   F0 0A      BEQ &9EF7
     9EED   48         PHA
     9EEE   A9 3F      LDA #&3F
     9EF0   20 E0 80   JSR &80E0
     9EF3   68         PLA
     9EF4   4C E0 AB   JMP &ABE0
.vfx1
     9EF7   E6 B4      INC &B4
     9EF9   A5 B4      LDA &B4
     9EFB   C5 B5      CMP &B5
     9EFD   D0 D9      BNE &9ED8
     9EFF   24 C9      BIT &C9
     9F01   10 06      BPL &9F09
     9F03   20 0C 9F   JSR &9F0C
     9F06   20 8C AB   JSR &AB8C
.vf6_exit
     9F09   4C 7F 83   JMP &837F
.ClearCatalogue
     9F0C   A0 00      LDY #&00
     9F0E   98         TYA
.ccatloop
     9F0F   99 00 A2   STA &A200,Y
     9F12   99 00 A3   STA &A300,Y
     9F15   C8         INY
     9F16   D0 F7      BNE &9F0F
     9F18   A4 B5      LDY &B5
.loop2
     9F1A   A9 0A      LDA #&0A
     9F1C   18         CLC
     9F1D   6D 07 A3   ADC &A307
     9F20   8D 07 A3   STA &A307
     9F23   90 03      BCC &9F28
     9F25   EE 06 A3   INC &A306
.label3
     9F28   88         DEY
     9F29   D0 EF      BNE &9F1A
     9F2B   60         RTS
.CMD_FREE
     9F2C   38         SEC
     9F2D   B0 01      BCS &9F30
.CMD_MAP
     9F2F   18         CLC
.Label_A7F7
     9F30   66 C6      ROR &C6
     9F32   20 E6 8B   JSR &8BE6
     9F35   20 85 AB   JSR &AB85
     9F38   24 C6      BIT &C6
     9F3A   30 15      BMI &9F51
     9F3C   20 BD 80   JSR &80BD
     9F3F   41 64 64 ...
     9F50   0D
.Label_A818_free
     9F51   AD 06 A3   LDA &A306
     9F54   29 03      AND #&03
     9F56   85 C5      STA &C5
     9F58   85 C2      STA &C2
     9F5A   AD 07 A3   LDA &A307
     9F5D   85 C4      STA &C4
     9F5F   38         SEC
     9F60   E9 02      SBC #&02
     9F62   85 C1      STA &C1
     9F64   B0 02      BCS &9F68
     9F66   C6 C2      DEC &C2
.Label_A82F
     9F68   A9 02      LDA #&02
     9F6A   85 BB      STA &BB
     9F6C   A9 00      LDA #&00
     9F6E   85 BC      STA &BC
     9F70   85 BF      STA &BF
     9F72   85 C0      STA &C0
     9F74   AD 05 A3   LDA &A305
     9F77   29 F8      AND #&F8
     9F79   A8         TAY
     9F7A   F0 26      BEQ &9FA2
     9F7C   D0 11      BNE &9F8F
.Label_A845_fileloop
     9F7E   20 11 A0   JSR &A011
     9F81   20 C7 82   JSR &82C7
     9F84   A5 C4      LDA &C4
     9F86   38         SEC
     9F87   E5 BB      SBC &BB
     9F89   A5 C5      LDA &C5
     9F8B   E5 BC      SBC &BC
     9F8D   90 13      BCC &9FA2
.Label_A856_fileloop_entry
     9F8F   B9 07 A3   LDA &A307,Y
     9F92   38         SEC
     9F93   E5 BB      SBC &BB
     9F95   85 C1      STA &C1
     9F97   B9 06 A3   LDA &A306,Y
     9F9A   29 03      AND #&03
     9F9C   E5 BC      SBC &BC
     9F9E   85 C2      STA &C2
     9FA0   90 DC      BCC &9F7E
.Label_A86B_nofiles
     9FA2   84 BD      STY &BD
     9FA4   24 C6      BIT &C6
     9FA6   30 2B      BMI &9FD3
     9FA8   A5 C1      LDA &C1
     9FAA   05 C2      ORA &C2
     9FAC   F0 25      BEQ &9FD3
     9FAE   A5 BC      LDA &BC
     9FB0   20 17 81   JSR &8117
     9FB3   A5 BB      LDA &BB
     9FB5   20 0F 81   JSR &810F
     9FB8   20 BD 80   JSR &80BD
     9FBB   20 20 20 ...
     9FC3   A5 C2      LDA &C2
     9FC5   20 17 81   JSR &8117
     9FC8   A5 C1      LDA &C1
     9FCA   20 0F 81   JSR &810F
     9FCD   20 E7 FF   JSR &FFE7
     9FD0   20 11 A0   JSR &A011
.Label_A87A_free
     9FD3   A5 C1      LDA &C1
     9FD5   18         CLC
     9FD6   65 BF      ADC &BF
     9FD8   85 BF      STA &BF
     9FDA   A5 C2      LDA &C2
     9FDC   65 C0      ADC &C0
     9FDE   85 C0      STA &C0
     9FE0   A4 BD      LDY &BD
     9FE2   D0 9A      BNE &9F7E
     9FE4   24 C6      BIT &C6
     9FE6   10 28      BPL &A010
     9FE8   A8         TAY
     9FE9   A6 BF      LDX &BF
     9FEB   A9 F8      LDA #&F8
     9FED   38         SEC
     9FEE   ED 05 A3   SBC &A305
     9FF1   20 3B A0   JSR &A03B
     9FF4   46 72 65 ...
     9FF8   0D
     9FF9   A5 C4      LDA &C4
     9FFB   38         SEC
     9FFC   E5 BF      SBC &BF
     9FFE   AA         TAX
     9FFF   A5 C5      LDA &C5
     A001   E5 C0      SBC &C0
     A003   A8         TAY
     A004   AD 05 A3   LDA &A305
     A007   20 3B A0   JSR &A03B
     A00A   55 73 65 ...
     A00E   0D
     A00F   EA         NOP
.Label_A8BD_rst
     A010   60         RTS
.Sub_A8E2_nextblock
     A011   B9 06 A3   LDA &A306,Y
     A014   48         PHA
     A015   20 1C 82   JSR &821C
     A018   85 BC      STA &BC
     A01A   68         PLA
     A01B   29 03      AND #&03
     A01D   18         CLC
     A01E   65 BC      ADC &BC
     A020   85 BC      STA &BC
     A022   B9 04 A3   LDA &A304,Y
     A025   C9 01      CMP #&01
     A027   A9 00      LDA #&00
     A029   79 05 A3   ADC &A305,Y
     A02C   90 02      BCC &A030
     A02E   E6 BC      INC &BC
.Label_A902
     A030   18         CLC
     A031   79 07 A3   ADC &A307,Y
     A034   85 BB      STA &BB
     A036   90 02      BCC &A03A
     A038   E6 BC      INC &BC
.Label_A90C
     A03A   60         RTS
.Sub_A90D_freeinfo
     A03B   4A         LSR A
     A03C   4A         LSR A
     A03D   4A         LSR A
     A03E   20 0C 81   JSR &810C
     A041   20 BD 80   JSR &80BD
     A044   20 46 69 ...
     A04B   86 BC      STX &BC
     A04D   84 BD      STY &BD
     A04F   98         TYA
     A050   20 17 81   JSR &8117
     A053   8A         TXA
     A054   20 0F 81   JSR &810F
     A057   20 BD 80   JSR &80BD
     A05A   20 53 65 ...
     A063   A9 00      LDA #&00
     A065   85 BB      STA &BB
     A067   85 BE      STA &BE
     A069   A2 1F      LDX #&1F
     A06B   86 C1      STX &C1
     A06D   A2 09      LDX #&09
.Label_A941_loop1
     A06F   9D 00 A4   STA &A400,X
     A072   CA         DEX
     A073   10 FA      BPL &A06F
.Label_A947_loop2
     A075   06 BB      ASL &BB
     A077   26 BC      ROL &BC
     A079   26 BD      ROL &BD
     A07B   26 BE      ROL &BE
     A07D   A2 00      LDX #&00
     A07F   A0 09      LDY #&09
.Label_A953_loop3
     A081   BD 00 A4   LDA &A400,X
     A084   2A         ROL A
     A085   C9 0A      CMP #&0A
     A087   90 02      BCC &A08B
     A089   E9 0A      SBC #&0A
.Label_A95D
     A08B   9D 00 A4   STA &A400,X
     A08E   E8         INX
     A08F   88         DEY
     A090   10 EF      BPL &A081
     A092   C6 C1      DEC &C1
     A094   10 DF      BPL &A075
     A096   A0 20      LDY #&20
     A098   A2 05      LDX #&05
.Label_A96C_loop4
     A09A   D0 02      BNE &A09E
     A09C   A0 2C      LDY #&2C
.Label_A970
     A09E   BD 00 A4   LDA &A400,X
     A0A1   D0 07      BNE &A0AA
     A0A3   C0 2C      CPY #&2C
     A0A5   F0 03      BEQ &A0AA
     A0A7   98         TYA
     A0A8   D0 04      BNE &A0AE
.Label_A97D
     A0AA   A0 2C      LDY #&2C
     A0AC   09 30      ORA #&30
.Label_A982
     A0AE   20 EE FF   JSR &FFEE
     A0B1   E0 03      CPX #&03
     A0B3   D0 04      BNE &A0B9
     A0B5   98         TYA
     A0B6   20 EE FF   JSR &FFEE
.Label_A98D
     A0B9   CA         DEX
     A0BA   10 DE      BPL &A09A
     A0BC   20 BD 80   JSR &80BD
     A0BF   20 42 79 ...
     A0C6   EA         NOP
     A0C7   4C BD 80   JMP &80BD
Including file TubeHost230.asm
.TUBE_CODE_500
     A200   37 05
     A202   96 05
     A204   F2 05
     A206   07 06
     A208   27 06
     A20A   68 06
     A20C   5E 05
     A20E   2D 05
     A210   20 05
     A212   42 05
     A214   A9 05
     A216   D1 05
     A218   86
     A219   88
     A21A   96
     A21B   98
     A21C   18
     A21D   18
     A21E   82
     A21F   18
     A220   20 C5 06   JSR &06C5
     A223   A8         TAY
     A224   20 C5 06   JSR &06C5
     A227   20 D4 FF   JSR &FFD4
     A22A   4C 9C 05   JMP &059C
     A22D   20 C5 06   JSR &06C5
     A230   A8         TAY
     A231   20 D7 FF   JSR &FFD7
     A234   4C 3A 05   JMP &053A
     A237   20 E0 FF   JSR &FFE0
     A23A   6A         ROR A
     A23B   20 95 06   JSR &0695
     A23E   2A         ROL A
     A23F   4C 9E 05   JMP &059E
     A242   20 C5 06   JSR &06C5
     A245   F0 0B      BEQ &A252
     A247   48         PHA
     A248   20 82 05   JSR &0582
     A24B   68         PLA
     A24C   20 CE FF   JSR &FFCE
     A24F   4C 9E 05   JMP &059E
.Label_AD2D
     A252   20 C5 06   JSR &06C5
     A255   A8         TAY
     A256   A9 00      LDA #&00
     A258   20 CE FF   JSR &FFCE
     A25B   4C 9C 05   JMP &059C
     A25E   20 C5 06   JSR &06C5
     A261   A8         TAY
     A262   A2 04      LDX #&04
.Label_AD3F
     A264   20 C5 06   JSR &06C5
     A267   95 FF      STA &FF,X
     A269   CA         DEX
     A26A   D0 F8      BNE &A264
     A26C   20 C5 06   JSR &06C5
     A26F   20 DA FF   JSR &FFDA
     A272   20 95 06   JSR &0695
     A275   A2 03      LDX #&03
.Label_AD52
     A277   B5 00      LDA &00,X
     A279   20 95 06   JSR &0695
     A27C   CA         DEX
     A27D   10 F8      BPL &A277
     A27F   4C 36 00   JMP &0036
     A282   A2 00      LDX #&00
     A284   A0 00      LDY #&00
.Label_AD61
     A286   20 C5 06   JSR &06C5
     A289   99 00 07   STA &0700,Y
     A28C   C8         INY
     A28D   F0 04      BEQ &A293
     A28F   C9 0D      CMP #&0D
     A291   D0 F3      BNE &A286
.Label_AD6E
     A293   A0 07      LDY #&07
     A295   60         RTS
     A296   20 82 05   JSR &0582
     A299   20 F7 FF   JSR &FFF7
     A29C   A9 7F      LDA #&7F
.Label_AD79
     A29E   2C E2 FE   BIT &FEE2
     A2A1   50 FB      BVC &A29E
     A2A3   8D E3 FE   STA &FEE3
.Label_AD81
     A2A6   4C 36 00   JMP &0036
     A2A9   A2 10      LDX #&10
.Label_AD86
     A2AB   20 C5 06   JSR &06C5
     A2AE   95 01      STA &01,X
     A2B0   CA         DEX
     A2B1   D0 F8      BNE &A2AB
     A2B3   20 82 05   JSR &0582
     A2B6   86 00      STX &00
     A2B8   84 01      STY &01
     A2BA   A0 00      LDY #&00
     A2BC   20 C5 06   JSR &06C5
     A2BF   20 DD FF   JSR &FFDD
     A2C2   20 95 06   JSR &0695
     A2C5   A2 10      LDX #&10
.Label_ADA2
     A2C7   B5 01      LDA &01,X
     A2C9   20 95 06   JSR &0695
     A2CC   CA         DEX
     A2CD   D0 F8      BNE &A2C7
     A2CF   F0 D5      BEQ &A2A6
     A2D1   A2 0D      LDX #&0D
.Label_ADAE
     A2D3   20 C5 06   JSR &06C5
     A2D6   95 FF      STA &FF,X
     A2D8   CA         DEX
     A2D9   D0 F8      BNE &A2D3
     A2DB   20 C5 06   JSR &06C5
     A2DE   A0 00      LDY #&00
     A2E0   20 D1 FF   JSR &FFD1
     A2E3   48         PHA
     A2E4   A2 0C      LDX #&0C
.Label_ADC1
     A2E6   B5 00      LDA &00,X
     A2E8   20 95 06   JSR &0695
     A2EB   CA         DEX
     A2EC   10 F8      BPL &A2E6
     A2EE   68         PLA
     A2EF   4C 3A 05   JMP &053A
     A2F2   20 C5 06   JSR &06C5
     A2F5   AA         TAX
     A2F6   20 C5 06   JSR &06C5
     A2F9   20 F4 FF   JSR &FFF4
.Label_ADD7
     A2FC   2C E2 FE   BIT &FEE2
     A2FF   50 FB      BVC &A2FC
     A301   8E E3 FE   STX &FEE3
.Label_ADDF
     A304   4C 36 00   JMP &0036
     A307   20 C5 06   JSR &06C5
     A30A   AA         TAX
     A30B   20 C5 06   JSR &06C5
     A30E   A8         TAY
     A30F   20 C5 06   JSR &06C5
     A312   20 F4 FF   JSR &FFF4
     A315   49 9D      EOR #&9D
     A317   F0 EB      BEQ &A304
     A319   6A         ROR A
     A31A   20 95 06   JSR &0695
.Label_ADF8
     A31D   2C E2 FE   BIT &FEE2
     A320   50 FB      BVC &A31D
     A322   8C E3 FE   STY &FEE3
     A325   70 D5      BVS &A2FC
     A327   20 C5 06   JSR &06C5
     A32A   A8         TAY
.Label_AE06
     A32B   2C E2 FE   BIT &FEE2
     A32E   10 FB      BPL &A32B
     A330   AE E3 FE   LDX &FEE3
     A333   CA         DEX
     A334   30 0F      BMI &A345
.Label_AE11
     A336   2C E2 FE   BIT &FEE2
     A339   10 FB      BPL &A336
     A33B   AD E3 FE   LDA &FEE3
     A33E   9D 28 01   STA &0128,X
     A341   CA         DEX
     A342   10 F2      BPL &A336
     A344   98         TYA
.Label_AE20
     A345   A2 28      LDX #&28
     A347   A0 01      LDY #&01
     A349   20 F1 FF   JSR &FFF1
.Label_AE27
     A34C   2C E2 FE   BIT &FEE2
     A34F   10 FB      BPL &A34C
     A351   AE E3 FE   LDX &FEE3
     A354   CA         DEX
     A355   30 0E      BMI &A365
.Label_AE32
     A357   BC 28 01   LDY &0128,X
.Label_AE35
     A35A   2C E2 FE   BIT &FEE2
     A35D   50 FB      BVC &A35A
     A35F   8C E3 FE   STY &FEE3
     A362   CA         DEX
     A363   10 F2      BPL &A357
.Label_AE40
     A365   4C 36 00   JMP &0036
     A368   A2 04      LDX #&04
.Label_AE45
     A36A   20 C5 06   JSR &06C5
     A36D   95 00      STA &00,X
     A36F   CA         DEX
     A370   10 F8      BPL &A36A
     A372   E8         INX
     A373   A0 00      LDY #&00
     A375   8A         TXA
     A376   20 F1 FF   JSR &FFF1
     A379   90 05      BCC &A380
     A37B   A9 FF      LDA #&FF
     A37D   4C 9E 05   JMP &059E
.Label_AE5B
     A380   A2 00      LDX #&00
     A382   A9 7F      LDA #&7F
     A384   20 95 06   JSR &0695
.Label_AE62
     A387   BD 00 07   LDA &0700,X
     A38A   20 95 06   JSR &0695
     A38D   E8         INX
     A38E   C9 0D      CMP #&0D
     A390   D0 F5      BNE &A387
     A392   4C 36 00   JMP &0036
.Label_AE70
     A395   2C E2 FE   BIT &FEE2
     A398   50 FB      BVC &A395
     A39A   8D E3 FE   STA &FEE3
     A39D   60         RTS
.Label_AE79
     A39E   2C E6 FE   BIT &FEE6
     A3A1   50 FB      BVC &A39E
     A3A3   8D E7 FE   STA &FEE7
     A3A6   60         RTS
     A3A7   A5 FF      LDA &FF
     A3A9   38         SEC
     A3AA   6A         ROR A
     A3AB   30 0F      BMI &A3BC
     A3AD   48         PHA
     A3AE   A9 00      LDA #&00
     A3B0   20 BC 06   JSR &06BC
     A3B3   98         TYA
     A3B4   20 BC 06   JSR &06BC
     A3B7   8A         TXA
     A3B8   20 BC 06   JSR &06BC
     A3BB   68         PLA
.Label_AE97
     A3BC   2C E0 FE   BIT &FEE0
     A3BF   50 FB      BVC &A3BC
     A3C1   8D E1 FE   STA &FEE1
     A3C4   60         RTS
.Label_AEA0
     A3C5   2C E2 FE   BIT &FEE2
     A3C8   10 FB      BPL &A3C5
     A3CA   AD E3 FE   LDA &FEE3
     A3CD   60         RTS
.SERVICE09_TUBEHelp
     A3CE   C9 09      CMP #&09
     A3D0   D0 2A      BNE &A3FC
     A3D2   98         TYA
     A3D3   48         PHA
     A3D4   B1 F2      LDA (&F2),Y
     A3D6   C9 0D      CMP #&0D
     A3D8   D0 1E      BNE &A3F8
     A3DA   A9 E9      LDA #&E9
     A3DC   20 79 93   JSR &9379
     A3DF   A6 F4      LDX &F4
     A3E1   98         TYA
     A3E2   F0 14      BEQ &A3F8
     A3E4   20 9D 80   JSR &809D
     A3E7   0D
     A3E8   54 55 42 ...
     A3F6   0D
     A3F7   EA         NOP
.Label_AED3
     A3F8   68         PLA
     A3F9   A8         TAY
     A3FA   A9 09      LDA #&09
.SERVICEFE_TUBEPostInit
     A3FC   C9 FE      CMP #&FE
     A3FE   90 5C      BCC &A45C
     A400   D0 1B      BNE &A41D
     A402   C0 00      CPY #&00
     A404   F0 56      BEQ &A45C
     A406   A2 06      LDX #&06
     A408   A9 14      LDA #&14
     A40A   20 F4 FF   JSR &FFF4
.servFE_tubemsg_loop
     A40D   2C E0 FE   BIT &FEE0
     A410   10 FB      BPL &A40D
     A412   AD E1 FE   LDA &FEE1
     A415   F0 43      BEQ &A45A
     A417   20 EE FF   JSR &FFEE
     A41A   4C 0D A4   JMP &A40D
.SERVICEFF_TUBEInit
     A41D   A9 AD      LDA #&AD
     A41F   8D 20 02   STA &0220
     A422   A9 06      LDA #&06
     A424   8D 21 02   STA &0221
     A427   A9 16      LDA #&16
     A429   8D 02 02   STA &0202
     A42C   A9 00      LDA #&00
     A42E   8D 03 02   STA &0203
     A431   A9 8E      LDA #&8E
     A433   8D E0 FE   STA &FEE0
     A436   A0 00      LDY #&00
.servFF_copytubecode_loop
     A438   B9 9E A4   LDA &A49E,Y
     A43B   99 00 04   STA &0400,Y
     A43E   B9 00 A2   LDA &A200,Y
     A441   99 00 05   STA &0500,Y
     A444   B9 00 A3   LDA &A300,Y
     A447   99 00 06   STA &0600,Y
     A44A   88         DEY
     A44B   D0 EB      BNE &A438
     A44D   20 21 04   JSR &0421
     A450   A2 41      LDX #&41
.servFF_copytubezpcode_loop
     A452   BD 5D A4   LDA &A45D,X
     A455   95 16      STA &16,X
     A457   CA         DEX
     A458   10 F8      BPL &A452
.servFE_exitA_0
     A45A   A9 00      LDA #&00
.servFE_exit
     A45C   60         RTS
.TUBE_ZP_CODE_0016
     A45D   A9 FF      LDA #&FF
     A45F   20 9E 06   JSR &069E
     A462   AD E3 FE   LDA &FEE3
     A465   A9 00      LDA #&00
     A467   20 95 06   JSR &0695
     A46A   A8         TAY
     A46B   B1 FD      LDA (&FD),Y
     A46D   20 95 06   JSR &0695
.Label_AF4B
     A470   C8         INY
     A471   B1 FD      LDA (&FD),Y
     A473   20 95 06   JSR &0695
     A476   AA         TAX
     A477   D0 F7      BNE &A470
     A479   A2 FF      LDX #&FF
     A47B   9A         TXS
     A47C   58         CLI
.Label_AF58
     A47D   2C E0 FE   BIT &FEE0
     A480   10 06      BPL &A488
.Label_AF5D
     A482   AD E1 FE   LDA &FEE1
     A485   20 EE FF   JSR &FFEE
.Label_AF63
     A488   2C E2 FE   BIT &FEE2
     A48B   10 F0      BPL &A47D
     A48D   2C E0 FE   BIT &FEE0
     A490   30 F0      BMI &A482
     A492   AE E3 FE   LDX &FEE3
     A495   86 51      STX &51
     A497   6C 00 05   JMP (&0500)
     A49A   00 80
     A49C   00 00
.TUBE_CODE_400
     A49E   4C 84 04   JMP &0484
     A4A1   4C A7 06   JMP &06A7
     A4A4   C9 80      CMP #&80
     A4A6   90 2B      BCC &A4D3
     A4A8   C9 C0      CMP #&C0
     A4AA   B0 1A      BCS &A4C6
     A4AC   09 40      ORA #&40
     A4AE   C5 15      CMP &15
     A4B0   D0 20      BNE &A4D2
     A4B2   08         PHP
     A4B3   78         SEI
     A4B4   A9 05      LDA #&05
     A4B6   20 9E 06   JSR &069E
     A4B9   A5 15      LDA &15
     A4BB   20 9E 06   JSR &069E
     A4BE   28         PLP
     A4BF   A9 80      LDA #&80
     A4C1   85 15      STA &15
     A4C3   85 14      STA &14
     A4C5   60         RTS
.Label_AFA1
     A4C6   06 14      ASL &14
     A4C8   B0 06      BCS &A4D0
     A4CA   C5 15      CMP &15
     A4CC   F0 04      BEQ &A4D2
     A4CE   18         CLC
     A4CF   60         RTS
.Label_AFAB
     A4D0   85 15      STA &15
.Label_AFAD
     A4D2   60         RTS
.Label_AFAE
     A4D3   08         PHP
     A4D4   78         SEI
     A4D5   84 13      STY &13
     A4D7   86 12      STX &12
     A4D9   20 9E 06   JSR &069E
     A4DC   AA         TAX
     A4DD   A0 03      LDY #&03
     A4DF   A5 15      LDA &15
     A4E1   20 9E 06   JSR &069E
.Label_AFBF
     A4E4   B1 12      LDA (&12),Y
     A4E6   20 9E 06   JSR &069E
     A4E9   88         DEY
     A4EA   10 F8      BPL &A4E4
     A4EC   A0 18      LDY #&18
     A4EE   8C E0 FE   STY &FEE0
     A4F1   BD 18 05   LDA &0518,X
     A4F4   8D E0 FE   STA &FEE0
     A4F7   4A         LSR A
     A4F8   4A         LSR A
     A4F9   90 06      BCC &A501
     A4FB   2C E5 FE   BIT &FEE5
     A4FE   2C E5 FE   BIT &FEE5
.Label_AFDC
     A501   20 9E 06   JSR &069E
.Label_AFDF
     A504   2C E6 FE   BIT &FEE6
     A507   50 FB      BVC &A504
     A509   B0 0D      BCS &A518
     A50B   E0 04      CPX #&04
     A50D   D0 11      BNE &A520
.Label_AFEA
     A50F   20 14 04   JSR &0414
     A512   20 95 06   JSR &0695
     A515   4C 32 00   JMP &0032
.Label_AFF3
     A518   4A         LSR A
     A519   90 05      BCC &A520
     A51B   A0 88      LDY #&88
     A51D   8C E0 FE   STY &FEE0
.Label_AFFB
     A520   28         PLP
     A521   60         RTS
     A522   58         CLI
     A523   B0 0A      BCS &A52F
     A525   D0 03      BNE &A52A
     A527   4C 9C 05   JMP &059C
.Label_B005
     A52A   AE 8D 02   LDX &028D
     A52D   F0 E0      BEQ &A50F
.Label_B00A
     A52F   A9 FF      LDA #&FF
     A531   20 06 04   JSR &0406
     A534   90 F9      BCC &A52F
     A536   20 CE 04   JSR &04CE
.Label_B014
     A539   08         PHP
     A53A   78         SEI
     A53B   A9 07      LDA #&07
     A53D   20 C7 04   JSR &04C7
     A540   A0 00      LDY #&00
     A542   84 00      STY &00
.Label_B01F
     A544   B1 00      LDA (&00),Y
     A546   8D E5 FE   STA &FEE5
     A549   EA         NOP
     A54A   EA         NOP
     A54B   EA         NOP
     A54C   C8         INY
     A54D   D0 F5      BNE &A544
     A54F   28         PLP
     A550   E6 54      INC &54
     A552   D0 06      BNE &A55A
     A554   E6 55      INC &55
     A556   D0 02      BNE &A55A
     A558   E6 56      INC &56
.Label_B035
     A55A   E6 01      INC &01
     A55C   24 01      BIT &01
     A55E   50 D9      BVC &A539
     A560   20 CE 04   JSR &04CE
     A563   A9 04      LDA #&04
     A565   A0 00      LDY #&00
     A567   A2 53      LDX #&53
     A569   4C 06 04   JMP &0406
     A56C   A9 80      LDA #&80
     A56E   85 54      STA &54
     A570   85 01      STA &01
     A572   A9 20      LDA #&20
     A574   2D 06 80   AND &8006
     A577   A8         TAY
     A578   84 53      STY &53
     A57A   F0 19      BEQ &A595
     A57C   AE 07 80   LDX &8007
.Label_B05A
     A57F   E8         INX
     A580   BD 00 80   LDA &8000,X
     A583   D0 FA      BNE &A57F
     A585   BD 01 80   LDA &8001,X
     A588   85 53      STA &53
     A58A   BD 02 80   LDA &8002,X
     A58D   85 54      STA &54
     A58F   BC 03 80   LDY &8003,X
     A592   BD 04 80   LDA &8004,X
.Label_B070
     A595   85 56      STA &56
     A597   84 55      STY &55
     A599   60         RTS
Processed file 'TubeHost230.asm' ok
.CalculateCRC7
     AB00   A0 0F      LDY #&0F
     AB02   A9 00      LDA #&00
.c7loop1
     AB04   59 E0 A4   EOR &A4E0,Y
     AB07   0A         ASL A
     AB08   A2 07      LDX #&07
.c7loop2
     AB0A   90 02      BCC &AB0E
     AB0C   49 12      EOR #&12
.c7b7z1
     AB0E   0A         ASL A
     AB0F   CA         DEX
     AB10   D0 F8      BNE &AB0A
     AB12   90 02      BCC &AB16
     AB14   49 12      EOR #&12
.c7b7z2
     AB16   88         DEY
     AB17   10 EB      BPL &AB04
     AB19   09 01      ORA #&01
     AB1B   60         RTS
.CheckCRC7
     AB1C   20 F8 83   JSR &83F8
     AB1F   20 00 AB   JSR &AB00
     AB22   CD F0 A4   CMP &A4F0
     AB25   D0 01      BNE &AB28
     AB27   60         RTS
.errBadSum
     AB28   20 56 80   JSR &8056
     AB2B   FF
     AB2C   53 75 6D 
     AB2F   00
.ResetCRC7
     AB30   20 F8 83   JSR &83F8
     AB33   20 00 AB   JSR &AB00
     AB36   8D F0 A4   STA &A4F0
     AB39   18         CLC
     AB3A   60         RTS
.CheckForException
     AB3B   AD 74 A4   LDA &A474
     AB3E   2D 75 A4   AND &A475
     AB41   0D D6 A4   ORA &A4D6
     AB44   49 FF      EOR #&FF
     AB46   D0 1E      BNE &AB66
     AB48   A5 C2      LDA &C2
     AB4A   29 30      AND #&30
     AB4C   D0 19      BNE &AB67
     AB4E   A5 C1      LDA &C1
     AB50   30 15      BMI &AB67
     AB52   18         CLC
     AB53   A5 BC      LDA &BC
     AB55   65 C0      ADC &C0
     AB57   AA         TAX
     AB58   A5 BD      LDA &BD
     AB5A   30 0B      BMI &AB67
     AB5C   65 C1      ADC &C1
     AB5E   10 06      BPL &AB66
     AB60   0A         ASL A
     AB61   D0 04      BNE &AB67
     AB63   8A         TXA
     AB64   D0 01      BNE &AB67
.noexception
     AB66   60         RTS
.errException
     AB67   20 70 80   JSR &8070
     AB6A   FF
     AB6B   4E 6F 74 ...
     AB76   00
.Set_CurDirDrv_ToDefaults_CheckCurDrvCat
     AB77   20 D9 8B   JSR &8BD9
.CheckCurDrvCat
     AB7A   AD 82 A4   LDA &A482
     AB7D   C5 CD      CMP &CD
     AB7F   D0 07      BNE &AB88
     AB81   60         RTS
.Set_CurDirDrv_ToDefaults_and_load
     AB82   20 D9 8B   JSR &8BD9
.LoadCurDrvCat2
     AB85   20 F8 83   JSR &83F8
.LoadCurDrvCat
     AB88   A9 53      LDA #&53
     AB8A   D0 0D      BNE &AB99
.SaveCatToDisk
     AB8C   AD 04 A3   LDA &A304
     AB8F   18         CLC
     AB90   F8         SED
     AB91   69 01      ADC #&01
     AB93   8D 04 A3   STA &A304
     AB96   D8         CLD
     AB97   A9 4B      LDA #&4B
.exec_cat_rw
     AB99   48         PHA
     AB9A   A5 CD      LDA &CD
     AB9C   A2 00      LDX #&00
.loop
     AB9E   9D B0 A4   STA &A4B0,X
     ABA1   BD B6 AB   LDA &ABB6,X
     ABA4   E8         INX
     ABA5   E0 0A      CPX #&0A
     ABA7   D0 F5      BNE &AB9E
     ABA9   68         PLA
     ABAA   8D B6 A4   STA &A4B6
     ABAD   20 DD AB   JSR &ABDD
     ABB0   A5 CD      LDA &CD
     ABB2   8D 82 A4   STA &A482
     ABB5   60         RTS
.datax
     ABB6   00
     ABB7   A2
     ABB8   FF
     ABB9   FF
     ABBA   03
     ABBB   53
     ABBC   00
     ABBD   00
     ABBE   22
.OW7F_Execute
     ABBF   A5 B0      LDA &B0
     ABC1   48         PHA
     ABC2   A5 B1      LDA &B1
     ABC4   48         PHA
     ABC5   A9 B0      LDA #&B0
     ABC7   85 B0      STA &B0
     ABC9   A9 A4      LDA #&A4
     ABCB   85 B1      STA &B1
     ABCD   20 C5 BA   JSR &BAC5
     ABD0   68         PLA
     ABD1   85 B1      STA &B1
     ABD3   68         PLA
     ABD4   85 B0      STA &B0
     ABD6   AE B5 A4   LDX &A4B5
     ABD9   BD B7 A4   LDA &A4B7,X
     ABDC   60         RTS
.OW7F_Execute_and_ReportIfDiskFault
     ABDD   20 BF AB   JSR &ABBF
.ReportIfDiskFault
     ABE0   D0 01      BNE &ABE3
     ABE2   60         RTS
.l0
     ABE3   C9 10      CMP #&10
     ABE5   D0 10      BNE &ABF7
     ABE7   20 60 80   JSR &8060
     ABEA   C7
     ABEB   44 72 69 ...
     ABF6   00
.l1
     ABF7   C9 12      CMP #&12
     ABF9   D0 0E      BNE &AC09
     ABFB   20 4B 80   JSR &804B
     ABFE   C9
     ABFF   72 65 61 ...
     AC08   00
.l2
     AC09   A5 CD      LDA &CD
     AC0B   8D B0 A4   STA &A4B0
     AC0E   A2 06      LDX #&06
.loop1
     AC10   BD 6C AC   LDA &AC6C,X
     AC13   9D B1 A4   STA &A4B1,X
     AC16   CA         DEX
     AC17   10 F7      BPL &AC10
     AC19   20 BF AB   JSR &ABBF
     AC1C   48         PHA
     AC1D   A5 CD      LDA &CD
     AC1F   29 02      AND #&02
     AC21   0A         ASL A
     AC22   0A         ASL A
     AC23   69 12      ADC #&12
     AC25   8D B7 A4   STA &A4B7
     AC28   20 BF AB   JSR &ABBF
     AC2B   48         PHA
     AC2C   20 4B 80   JSR &804B
     AC2F   00         BRK
     AC30   EA         NOP
     AC31   20 77 80   JSR &8077
     AC34   C7
     AC35   73 65 63 ...
     AC49   EA         NOP
     AC4A   A9 3A      LDA #&3A
     AC4C   20 C0 BA   JSR &BAC0
     AC4F   A5 CD      LDA &CD
     AC51   20 98 8C   JSR &8C98
     AC54   A9 20      LDA #&20
     AC56   20 C0 BA   JSR &BAC0
     AC59   68         PLA
     AC5A   20 90 8C   JSR &8C90
     AC5D   A9 2F      LDA #&2F
     AC5F   20 C0 BA   JSR &BAC0
     AC62   68         PLA
     AC63   20 90 8C   JSR &8C90
     AC66   20 77 80   JSR &8077
     AC69   C7
     AC6A   00
     AC6B   EA         NOP
.spec
     AC6C   00
     AC6D   00
     AC6E   00
     AC6F   00
     AC70   01
     AC71   7D
     AC72   06
.bcd_inc16_zp_x_A8
     AC73   A2 A8      LDX #&A8
.bcd_inc16_zp_x
     AC75   F8         SED
     AC76   18         CLC
     AC77   B5 00      LDA &00,X
     AC79   69 01      ADC #&01
     AC7B   95 00      STA &00,X
     AC7D   B5 01      LDA &01,X
     AC7F   69 00      ADC #&00
     AC81   95 01      STA &01,X
     AC83   D8         CLD
     AC84   60         RTS
Including file MMC_UserPort.asm
.MMC_SendingData
     AC85   20 9C AC   JSR &AC9C
     AC88   A9 FE      LDA #&FE
.UP_WriteByte
     AC8A   48         PHA
     AC8B   20 9D AD   JSR &AD9D
     AC8E   68         PLA
     AC8F   8D 8A FE   STA &FE8A
     AC92   A9 04      LDA #&04
.wait
     AC94   2C 8D FE   BIT &FE8D
     AC97   F0 FB      BEQ &AC94
     AC99   4C 10 AE   JMP &AE10
.MMC_16Clocks
     AC9C   A0 02      LDY #&02
.MMC_Clocks
.MMC_SlowClocks
.clku1
     AC9E   20 3F AD   JSR &AD3F
     ACA1   88         DEY
     ACA2   D0 FA      BNE &AC9E
     ACA4   60         RTS
.MMC_DoCommand
     ACA5   A2 00      LDX #&00
     ACA7   A0 07      LDY #&07
.dcmdu1
     ACA9   BD 87 A4   LDA &A487,X
     ACAC   20 8A AC   JSR &AC8A
     ACAF   E8         INX
     ACB0   88         DEY
     ACB1   D0 F6      BNE &ACA9
.waitresp_up
     ACB3   A2 09      LDX #&09
     ACB5   A0 00      LDY #&00
.wrup
     ACB7   88         DEY
     ACB8   F0 0F      BEQ &ACC9
     ACBA   A9 0B      LDA #&0B
     ACBC   8E 80 FE   STX &FE80
     ACBF   8D 80 FE   STA &FE80
     ACC2   AD 8A FE   LDA &FE8A
     ACC5   29 01      AND #&01
     ACC7   D0 EE      BNE &ACB7
.wrup_timeout
     ACC9   A9 0B      LDA #&0B
.UP_ReadBits7
     ACCB   8E 80 FE   STX &FE80
     ACCE   8D 80 FE   STA &FE80
     ACD1   8E 80 FE   STX &FE80
     ACD4   8D 80 FE   STA &FE80
     ACD7   8E 80 FE   STX &FE80
     ACDA   8D 80 FE   STA &FE80
     ACDD   8E 80 FE   STX &FE80
     ACE0   8D 80 FE   STA &FE80
     ACE3   8E 80 FE   STX &FE80
     ACE6   8D 80 FE   STA &FE80
     ACE9   8E 80 FE   STX &FE80
     ACEC   8D 80 FE   STA &FE80
     ACEF   8E 80 FE   STX &FE80
     ACF2   8D 80 FE   STA &FE80
     ACF5   AD 8A FE   LDA &FE8A
     ACF8   60         RTS
.MMC_WaitForData
.wlu1
     ACF9   20 3F AD   JSR &AD3F
     ACFC   C9 FE      CMP #&FE
     ACFE   D0 F9      BNE &ACF9
     AD00   60         RTS
.MMC_Read256
     AD01   A2 00      LDX #&00
     AD03   F0 02      BEQ &AD07
.MMC_ReadBLS
     AD05   A6 C6      LDX &C6
.MMC_ReadX
     AD07   20 87 AD   JSR &AD87
     AD0A   A0 00      LDY #&00
     AD0C   AD AE A4   LDA &A4AE
     AD0F   D0 0A      BNE &AD1B
.MMC_ReadToMemory
     AD11   20 55 AD   JSR &AD55
     AD14   91 BC      STA (&BC),Y
     AD16   C8         INY
     AD17   CA         DEX
     AD18   D0 F7      BNE &AD11
     AD1A   60         RTS
.MMC_ReadToTube
     AD1B   20 55 AD   JSR &AD55
     AD1E   8D E5 FE   STA &FEE5
     AD21   EA         NOP
     AD22   EA         NOP
     AD23   EA         NOP
     AD24   C8         INY
     AD25   CA         DEX
     AD26   D0 F3      BNE &AD1B
.tube_delay
     AD28   60         RTS
.MMC_ReadBuffer
     AD29   A2 FF      LDX #&FF
     AD2B   8E 82 A4   STX &A482
     AD2E   E8         INX
     AD2F   20 87 AD   JSR &AD87
     AD32   A0 00      LDY #&00
.rdbuf2
     AD34   20 55 AD   JSR &AD55
     AD37   99 00 A2   STA &A200,Y
     AD3A   C8         INY
     AD3B   CA         DEX
     AD3C   D0 F6      BNE &AD34
     AD3E   60         RTS
.MMC_GetByte
.UP_ReadByteX
     AD3F   A9 0B      LDA #&0B
     AD41   8D 80 FE   STA &FE80
     AD44   20 87 AD   JSR &AD87
     AD47   A9 04      LDA #&04
.lastByte
     AD49   2C 8D FE   BIT &FE8D
     AD4C   F0 FB      BEQ &AD49
     AD4E   20 76 AD   JSR &AD76
     AD51   AD 8A FE   LDA &FE8A
     AD54   60         RTS
.WaitForShiftDone
     AD55   A9 04      LDA #&04
     AD57   E0 01      CPX #&01
     AD59   F0 EE      BEQ &AD49
.notLastByte
     AD5B   2C 8D FE   BIT &FE8D
     AD5E   F0 FB      BEQ &AD5B
     AD60   AD 8A FE   LDA &FE8A
     AD63   60         RTS
.MMC_DEVICE_RESET
     AD64   A9 0B      LDA #&0B
     AD66   8D 80 FE   STA &FE80
     AD69   AD 82 FE   LDA &FE82
     AD6C   09 1F      ORA #&1F
     AD6E   8D 82 FE   STA &FE82
     AD71   A9 1C      LDA #&1C
     AD73   8D 8E FE   STA &FE8E
.ShiftRegMode0
     AD76   AD 8B FE   LDA &FE8B
     AD79   29 E3      AND #&E3
     AD7B   8D 8B FE   STA &FE8B
     AD7E   AD 82 FE   LDA &FE82
     AD81   09 02      ORA #&02
     AD83   8D 82 FE   STA &FE82
     AD86   60         RTS
.ShiftRegMode2
     AD87   AD 82 FE   LDA &FE82
     AD8A   29 FD      AND #&FD
     AD8C   8D 82 FE   STA &FE82
     AD8F   AD 8B FE   LDA &FE8B
     AD92   29 E3      AND #&E3
     AD94   09 08      ORA #&08
     AD96   8D 8B FE   STA &FE8B
     AD99   AD 8A FE   LDA &FE8A
     AD9C   60         RTS
.ShiftRegMode6
     AD9D   A9 17      LDA #&17
     AD9F   8D 80 FE   STA &FE80
     ADA2   AD 82 FE   LDA &FE82
     ADA5   29 FD      AND #&FD
     ADA7   8D 82 FE   STA &FE82
     ADAA   AD 8B FE   LDA &FE8B
     ADAD   29 E3      AND #&E3
     ADAF   09 18      ORA #&18
     ADB1   8D 8B FE   STA &FE8B
     ADB4   60         RTS
.MMC_EndWrite
     ADB5   20 9C AC   JSR &AC9C
.ewu1
     ADB8   20 3F AD   JSR &AD3F
     ADBB   A8         TAY
     ADBC   29 1F      AND #&1F
     ADBE   C9 1F      CMP #&1F
     ADC0   F0 F6      BEQ &ADB8
     ADC2   C9 05      CMP #&05
     ADC4   D0 53      BNE &AE19
.ewu2
     ADC6   20 3F AD   JSR &AD3F
     ADC9   C9 FF      CMP #&FF
     ADCB   D0 F9      BNE &ADC6
     ADCD   60         RTS
.MMC_Write256
     ADCE   20 9D AD   JSR &AD9D
     ADD1   AC AE A4   LDY &A4AE
     ADD4   D0 11      BNE &ADE7
.wru1
     ADD6   B1 BC      LDA (&BC),Y
     ADD8   8D 8A FE   STA &FE8A
     ADDB   A9 04      LDA #&04
.wait
     ADDD   2C 8D FE   BIT &FE8D
     ADE0   F0 FB      BEQ &ADDD
     ADE2   C8         INY
     ADE3   D0 F1      BNE &ADD6
     ADE5   F0 29      BEQ &AE10
.wruT1
     ADE7   A0 00      LDY #&00
.wruT2
     ADE9   AD E5 FE   LDA &FEE5
     ADEC   8D 8A FE   STA &FE8A
     ADEF   A9 04      LDA #&04
.wait
     ADF1   2C 8D FE   BIT &FE8D
     ADF4   F0 FB      BEQ &ADF1
     ADF6   C8         INY
     ADF7   D0 F0      BNE &ADE9
     ADF9   F0 15      BEQ &AE10
.MMC_WriteBuffer
     ADFB   A0 00      LDY #&00
     ADFD   20 9D AD   JSR &AD9D
.wbu1
     AE00   B9 00 A2   LDA &A200,Y
     AE03   8D 8A FE   STA &FE8A
     AE06   A9 04      LDA #&04
.wait
     AE08   2C 8D FE   BIT &FE8D
     AE0B   F0 FB      BEQ &AE08
     AE0D   C8         INY
     AE0E   D0 F0      BNE &AE00
.ShiftRegMode6Exit
     AE10   20 76 AD   JSR &AD76
     AE13   A9 0B      LDA #&0B
     AE15   8D 80 FE   STA &FE80
     AE18   60         RTS
Processed file 'MMC_UserPort.asm' ok
.errWrite2
     AE19   98         TYA
     AE1A   20 82 BA   JSR &BA82
     AE1D   57 72 69 ...
     AE32   00
Including file MMC.asm
.MMC_SetCommand
     AE33   8D 88 A4   STA &A488
     AE36   A9 00      LDA #&00
     AE38   8D 89 A4   STA &A489
     AE3B   8D 8A A4   STA &A48A
     AE3E   8D 8B A4   STA &A48B
     AE41   8D 8C A4   STA &A48C
     AE44   A9 FF      LDA #&FF
     AE46   8D 87 A4   STA &A487
     AE49   8D 8D A4   STA &A48D
     AE4C   8D 8E A4   STA &A48E
     AE4F   60         RTS
.MMC_INIT
     AE50   20 39 80   JSR &8039
     AE53   A9 00      LDA #&00
     AE55   8D AF A4   STA &A4AF
     AE58   A9 32      LDA #&32
     AE5A   85 C1      STA &C1
.iloop
     AE5C   A0 0A      LDY #&0A
     AE5E   20 9E AC   JSR &AC9E
     AE61   A9 40      LDA #&40
     AE63   20 33 AE   JSR &AE33
     AE66   A9 95      LDA #&95
     AE68   8D 8D A4   STA &A48D
     AE6B   20 A5 AC   JSR &ACA5
     AE6E   29 81      AND #&81
     AE70   C9 01      CMP #&01
     AE72   D0 2F      BNE &AEA3
     AE74   8D DE A4   STA &A4DE
     AE77   A9 48      LDA #&48
     AE79   20 33 AE   JSR &AE33
     AE7C   A9 01      LDA #&01
     AE7E   8D 8B A4   STA &A48B
     AE81   A9 AA      LDA #&AA
     AE83   8D 8C A4   STA &A48C
     AE86   A9 87      LDA #&87
     AE88   8D 8D A4   STA &A48D
     AE8B   20 A5 AC   JSR &ACA5
     AE8E   C9 01      CMP #&01
     AE90   F0 24      BEQ &AEB6
     AE92   A9 00      LDA #&00
     AE94   8D DE A4   STA &A4DE
.il1
     AE97   A9 41      LDA #&41
     AE99   20 33 AE   JSR &AE33
     AE9C   20 A5 AC   JSR &ACA5
     AE9F   C9 02      CMP #&02
     AEA1   90 09      BCC &AEAC
.ifail
     AEA3   C6 C1      DEC &C1
     AEA5   D0 B5      BNE &AE5C
.ifaildone
     AEA7   20 43 80   JSR &8043
     AEAA   38         SEC
     AEAB   60         RTS
.il11
     AEAC   24 FF      BIT &FF
     AEAE   30 F3      BMI &AEA3
     AEB0   C9 00      CMP #&00
     AEB2   D0 E3      BNE &AE97
     AEB4   F0 42      BEQ &AEF8
.isdhc
     AEB6   20 3F AD   JSR &AD3F
     AEB9   20 3F AD   JSR &AD3F
     AEBC   20 3F AD   JSR &AD3F
     AEBF   20 3F AD   JSR &AD3F
.isdhc2
     AEC2   A9 77      LDA #&77
     AEC4   20 33 AE   JSR &AE33
     AEC7   20 A5 AC   JSR &ACA5
     AECA   A9 69      LDA #&69
     AECC   20 33 AE   JSR &AE33
     AECF   A9 40      LDA #&40
     AED1   8D 89 A4   STA &A489
     AED4   20 A5 AC   JSR &ACA5
     AED7   D0 E9      BNE &AEC2
     AED9   A9 7A      LDA #&7A
     AEDB   20 33 AE   JSR &AE33
     AEDE   20 A5 AC   JSR &ACA5
     AEE1   D0 C0      BNE &AEA3
     AEE3   20 3F AD   JSR &AD3F
     AEE6   29 40      AND #&40
     AEE8   48         PHA
     AEE9   20 3F AD   JSR &AD3F
     AEEC   20 3F AD   JSR &AD3F
     AEEF   20 3F AD   JSR &AD3F
     AEF2   68         PLA
     AEF3   D0 03      BNE &AEF8
     AEF5   8D DE A4   STA &A4DE
.iok
     AEF8   A9 50      LDA #&50
     AEFA   20 33 AE   JSR &AE33
     AEFD   A9 02      LDA #&02
     AEFF   8D 8B A4   STA &A48B
     AF02   20 A5 AC   JSR &ACA5
     AF05   D0 0A      BNE &AF11
     AF07   A9 40      LDA #&40
     AF09   8D AF A4   STA &A4AF
     AF0C   20 43 80   JSR &8043
     AF0F   18         CLC
     AF10   60         RTS
.blkerr
     AF11   20 82 BA   JSR &BA82
     AF14   53 65 74 ...
     AF28   00
.MMC_GetCIDCRC
     AF29   A9 4A      LDA #&4A
     AF2B   20 33 AE   JSR &AE33
     AF2E   20 76 AF   JSR &AF76
     AF31   A0 10      LDY #&10
     AF33   20 9E AC   JSR &AC9E
     AF36   20 3F AD   JSR &AD3F
     AF39   A8         TAY
     AF3A   4C 3F AD   JMP &AD3F
.MMC_SetupWrite
     AF3D   A9 58      LDA #&58
     AF3F   D0 02      BNE &AF43
.MMC_SetupRead
     AF41   A9 51      LDA #&51
.setuprw
     AF43   20 33 AE   JSR &AE33
.setCommandAddress
     AF46   AD DE A4   LDA &A4DE
     AF49   D0 13      BNE &AF5E
     AF4B   8D 8C A4   STA &A48C
     AF4E   A5 C0      LDA &C0
     AF50   8D 89 A4   STA &A489
     AF53   A5 BF      LDA &BF
     AF55   8D 8A A4   STA &A48A
     AF58   A5 BE      LDA &BE
     AF5A   8D 8B A4   STA &A48B
     AF5D   60         RTS
.setCommandAddressSDHC
     AF5E   A9 00      LDA #&00
     AF60   8D 89 A4   STA &A489
     AF63   A5 C0      LDA &C0
     AF65   4A         LSR A
     AF66   8D 8A A4   STA &A48A
     AF69   A5 BF      LDA &BF
     AF6B   6A         ROR A
     AF6C   8D 8B A4   STA &A48B
     AF6F   A5 BE      LDA &BE
     AF71   6A         ROR A
     AF72   8D 8C A4   STA &A48C
     AF75   60         RTS
.MMC_StartRead
     AF76   20 A5 AC   JSR &ACA5
     AF79   D0 03      BNE &AF7E
     AF7B   4C F9 AC   JMP &ACF9
.errRead
     AF7E   20 82 BA   JSR &BA82
     AF81   52 65 61 ...
     AF8C   00
.MMC_StartWrite
     AF8D   20 A5 AC   JSR &ACA5
     AF90   D0 03      BNE &AF95
     AF92   4C 85 AC   JMP &AC85
.errWrite
     AF95   20 82 BA   JSR &BA82
     AF98   57 72 69 ...
     AFA4   00
.SetupCatRW
     AFA5   20 39 80   JSR &8039
     AFA8   A9 00      LDA #&00
     AFAA   8D AE A4   STA &A4AE
     AFAD   85 BC      STA &BC
     AFAF   A9 A2      LDA #&A2
     AFB1   85 BD      STA &BD
     AFB3   60         RTS
.MMC_ReadCatalogue
     AFB4   20 A5 AF   JSR &AFA5
     AFB7   20 41 AF   JSR &AF41
     AFBA   20 76 AF   JSR &AF76
     AFBD   20 01 AD   JSR &AD01
     AFC0   E6 BD      INC &BD
     AFC2   20 01 AD   JSR &AD01
     AFC5   20 9C AC   JSR &AC9C
     AFC8   4C 43 80   JMP &8043
.MMC_WriteCatalogue
     AFCB   20 A5 AF   JSR &AFA5
     AFCE   20 3D AF   JSR &AF3D
     AFD1   20 8D AF   JSR &AF8D
     AFD4   20 CE AD   JSR &ADCE
     AFD7   E6 BD      INC &BD
     AFD9   20 CE AD   JSR &ADCE
     AFDC   20 B5 AD   JSR &ADB5
     AFDF   4C 43 80   JMP &8043
.MMC_RWBlock_CheckIfToTube
     AFE2   48         PHA
     AFE3   AD AC A4   LDA &A4AC
     AFE6   2D AD A4   AND &A4AD
     AFE9   0D D6 A4   ORA &A4D6
     AFEC   49 FF      EOR #&FF
     AFEE   8D AE A4   STA &A4AE
     AFF1   38         SEC
     AFF2   F0 0D      BEQ &B001
     AFF4   20 65 8C   JSR &8C65
     AFF7   A2 AA      LDX #&AA
     AFF9   A0 A4      LDY #&A4
     AFFB   68         PLA
     AFFC   48         PHA
     AFFD   20 06 04   JSR &0406
     B000   18         CLC
.notTube
     B001   68         PLA
     B002   60         RTS
.MMC_ReadBlock
     B003   4E A6 A4   LSR &A4A6
     B006   20 39 80   JSR &8039
     B009   20 13 B0   JSR &B013
     B00C   4C 43 80   JMP &8043
.rb_err
     B00F   6E A6 A4   ROR &A4A6
.rb1_exit
     B012   60         RTS
.rdblk
     B013   A6 C4      LDX &C4
     B015   D0 04      BNE &B01B
     B017   A5 C5      LDA &C5
     B019   F0 F7      BEQ &B012
.rb1
     B01B   A9 01      LDA #&01
     B01D   20 E2 AF   JSR &AFE2
     B020   A6 C4      LDX &C4
     B022   66 BE      ROR &BE
     B024   66 C1      ROR &C1
     B026   10 07      BPL &B02F
     B028   E8         INX
     B029   86 C4      STX &C4
     B02B   D0 02      BNE &B02F
     B02D   E6 C5      INC &C5
.rb2
     B02F   06 BE      ASL &BE
     B031   20 41 AF   JSR &AF41
     B034   A5 C5      LDA &C5
     B036   D0 0E      BNE &B046
     B038   A6 C4      LDX &C4
     B03A   E0 03      CPX #&03
     B03C   B0 08      BCS &B046
.rb4_loop
     B03E   A5 C6      LDA &C6
     B040   D0 47      BNE &B089
     B042   E0 01      CPX #&01
     B044   F0 3A      BEQ &B080
.rb3
     B046   24 C1      BIT &C1
     B048   10 0D      BPL &B057
     B04A   20 76 AF   JSR &AF76
     B04D   A0 00      LDY #&00
     B04F   84 C1      STY &C1
     B051   20 9E AC   JSR &AC9E
     B054   4C 5F B0   JMP &B05F
.rb6_loop
     B057   20 76 AF   JSR &AF76
     B05A   20 01 AD   JSR &AD01
     B05D   E6 BD      INC &BD
.rb7
     B05F   20 01 AD   JSR &AD01
     B062   E6 BD      INC &BD
     B064   20 9C AC   JSR &AC9C
     B067   20 62 B1   JSR &B162
     B06A   F0 A6      BEQ &B012
     B06C   20 16 BA   JSR &BA16
     B06F   B0 9E      BCS &B00F
     B071   20 41 AF   JSR &AF41
     B074   A6 C4      LDX &C4
     B076   A5 C5      LDA &C5
     B078   D0 DD      BNE &B057
     B07A   E0 03      CPX #&03
     B07C   B0 D9      BCS &B057
     B07E   90 BE      BCC &B03E
.rb9
     B080   20 76 AF   JSR &AF76
     B083   20 01 AD   JSR &AD01
     B086   4C B0 B0   JMP &B0B0
.rb5
     B089   20 76 AF   JSR &AF76
     B08C   24 C1      BIT &C1
     B08E   10 08      BPL &B098
     B090   A0 00      LDY #&00
     B092   20 9E AC   JSR &AC9E
     B095   4C A1 B0   JMP &B0A1
.rbx1
     B098   C6 C4      DEC &C4
     B09A   F0 05      BEQ &B0A1
     B09C   20 01 AD   JSR &AD01
     B09F   E6 BD      INC &BD
.rbx2
     B0A1   20 05 AD   JSR &AD05
     B0A4   98         TYA
     B0A5   49 FF      EOR #&FF
     B0A7   A8         TAY
     B0A8   C8         INY
     B0A9   20 9E AC   JSR &AC9E
     B0AC   A5 C4      LDA &C4
     B0AE   D0 05      BNE &B0B5
.rbx4
     B0B0   A0 00      LDY #&00
     B0B2   20 9E AC   JSR &AC9E
.rbx3
     B0B5   4C 9C AC   JMP &AC9C
.wb1_exit
     B0B8   60         RTS
.MMC_WriteBlock
     B0B9   4E A6 A4   LSR &A4A6
     B0BC   20 39 80   JSR &8039
     B0BF   20 C5 B0   JSR &B0C5
     B0C2   4C 43 80   JMP &8043
.wrblk
     B0C5   A6 C4      LDX &C4
     B0C7   D0 04      BNE &B0CD
     B0C9   A5 C5      LDA &C5
     B0CB   F0 EB      BEQ &B0B8
.wb1
     B0CD   A9 00      LDA #&00
     B0CF   20 E2 AF   JSR &AFE2
     B0D2   A6 C4      LDX &C4
     B0D4   66 BE      ROR &BE
     B0D6   6A         ROR A
     B0D7   06 BE      ASL &BE
     B0D9   48         PHA
     B0DA   20 3D AF   JSR &AF3D
     B0DD   68         PLA
     B0DE   10 37      BPL &B117
     B0E0   A9 51      LDA #&51
     B0E2   8D 88 A4   STA &A488
     B0E5   20 76 AF   JSR &AF76
     B0E8   20 29 AD   JSR &AD29
     B0EB   A0 00      LDY #&00
     B0ED   20 9E AC   JSR &AC9E
     B0F0   A0 02      LDY #&02
     B0F2   20 9E AC   JSR &AC9E
     B0F5   A9 58      LDA #&58
     B0F7   8D 88 A4   STA &A488
     B0FA   20 8D AF   JSR &AF8D
     B0FD   20 FB AD   JSR &ADFB
     B100   20 CE AD   JSR &ADCE
     B103   20 B5 AD   JSR &ADB5
     B106   A9 FF      LDA #&FF
     B108   20 64 B1   JSR &B164
     B10B   F0 AB      BEQ &B0B8
     B10D   E6 BD      INC &BD
.wb4
     B10F   20 16 BA   JSR &BA16
     B112   B0 4A      BCS &B15E
     B114   20 3D AF   JSR &AF3D
.wb2
     B117   A5 C5      LDA &C5
     B119   D0 2D      BNE &B148
     B11B   A6 C4      LDX &C4
     B11D   F0 3E      BEQ &B15D
     B11F   CA         DEX
     B120   D0 26      BNE &B148
     B122   A9 51      LDA #&51
     B124   8D 88 A4   STA &A488
     B127   20 76 AF   JSR &AF76
     B12A   A0 00      LDY #&00
     B12C   20 9E AC   JSR &AC9E
     B12F   20 29 AD   JSR &AD29
     B132   A0 02      LDY #&02
     B134   20 9E AC   JSR &AC9E
     B137   A9 58      LDA #&58
     B139   8D 88 A4   STA &A488
     B13C   20 8D AF   JSR &AF8D
     B13F   20 CE AD   JSR &ADCE
     B142   20 FB AD   JSR &ADFB
     B145   4C B5 AD   JMP &ADB5
.wb3
     B148   20 8D AF   JSR &AF8D
     B14B   20 CE AD   JSR &ADCE
     B14E   E6 BD      INC &BD
     B150   20 CE AD   JSR &ADCE
     B153   E6 BD      INC &BD
     B155   20 B5 AD   JSR &ADB5
     B158   20 62 B1   JSR &B162
     B15B   D0 B2      BNE &B10F
.wb5
     B15D   60         RTS
.wb_err
     B15E   6E A6 A4   ROR &A4A6
     B161   60         RTS
.dec_seccountby2
     B162   A9 FE      LDA #&FE
.dec_seccount
     B164   18         CLC
     B165   65 C4      ADC &C4
     B167   85 C4      STA &C4
     B169   AA         TAX
     B16A   A9 FF      LDA #&FF
     B16C   65 C5      ADC &C5
     B16E   85 C5      STA &C5
     B170   05 C4      ORA &C4
     B172   60         RTS
.MMC_BEGIN2
     B173   20 F8 83   JSR &83F8
     B176   20 7C B1   JSR &B17C
     B179   4C CF B1   JMP &B1CF
.MMC_BEGIN1
     B17C   A2 0F      LDX #&0F
.begloop1
     B17E   B5 BC      LDA &BC,X
     B180   9D 90 A4   STA &A490,X
     B183   CA         DEX
     B184   10 F8      BPL &B17E
     B186   20 64 AD   JSR &AD64
     B189   2C AF A4   BIT &A4AF
     B18C   50 01      BVC &B18F
     B18E   60         RTS
.begX
     B18F   20 50 AE   JSR &AE50
     B192   B0 06      BCS &B19A
     B194   20 A4 B1   JSR &B1A4
     B197   4C 60 B2   JMP &B260
.carderr
     B19A   20 70 80   JSR &8070
     B19D   FF
     B19E   43 61 72 ...
     B1A3   00
.MMC_CheckCardID
     B1A4   20 1C AB   JSR &AB1C
     B1A7   AD E4 A4   LDA &A4E4
     B1AA   F0 0D      BEQ &B1B9
     B1AC   20 29 AF   JSR &AF29
     B1AF   CD EF A4   CMP &A4EF
     B1B2   D0 06      BNE &B1BA
     B1B4   CC EE A4   CPY &A4EE
     B1B7   D0 01      BNE &B1BA
.cid_x
     B1B9   60         RTS
.errCardChanged
     B1BA   A9 00      LDA #&00
     B1BC   8D AF A4   STA &A4AF
     B1BF   20 70 80   JSR &8070
     B1C2   FF
     B1C3   57 72 6F ...
     B1CE   00
.MMC_END
     B1CF   A2 0F      LDX #&0F
.eloop0
     B1D1   BD 90 A4   LDA &A490,X
     B1D4   95 BC      STA &BC,X
     B1D6   CA         DEX
     B1D7   10 F8      BPL &B1D1
     B1D9   60         RTS
Processed file 'MMC.asm' ok
.CMD_DABOUT
     B1DA   A2 00      LDX #&00
.loop
     B1DC   BD 09 80   LDA &8009,X
     B1DF   D0 02      BNE &B1E3
     B1E1   A9 0D      LDA #&0D
.print
     B1E3   20 E3 FF   JSR &FFE3
     B1E6   E8         INX
     B1E7   E0 2D      CPX #&2D
     B1E9   D0 F1      BNE &B1DC
     B1EB   60         RTS
Including file MM32.asm
.mm32_cmd_dbug
.l1
     B1EC   20 9D 80   JSR &809D
     B1EF   46 41 54 ...
     B1F8   A0 00      LDY #&00
     B1FA   20 36 B2   JSR &B236
     B1FD   20 9D 80   JSR &809D
     B200   44 41 54 ...
     B209   A0 02      LDY #&02
     B20B   20 36 B2   JSR &B236
     B20E   20 9D 80   JSR &809D
     B211   43 4C 55 ...
     B21A   A0 04      LDY #&04
     B21C   20 3C B2   JSR &B23C
     B21F   A2 00      LDX #&00
.loop
     B221   8A         TXA
     B222   20 FF 80   JSR &80FF
     B225   A9 3A      LDA #&3A
     B227   20 EE FF   JSR &FFEE
     B22A   20 45 B2   JSR &B245
     B22D   20 E7 FF   JSR &FFE7
     B230   E8         INX
     B231   E0 03      CPX #&03
     B233   D0 EC      BNE &B221
     B235   60         RTS
.phex2
     B236   B9 E1 A4   LDA &A4E1,Y
     B239   20 FF 80   JSR &80FF
.phex1
     B23C   B9 E0 A4   LDA &A4E0,Y
     B23F   20 FF 80   JSR &80FF
     B242   4C E7 FF   JMP &FFE7
.mm32_pclust
     B245   BD EB A4   LDA &A4EB,X
     B248   20 FF 80   JSR &80FF
     B24B   BD E8 A4   LDA &A4E8,X
     B24E   20 FF 80   JSR &80FF
     B251   BD E5 A4   LDA &A4E5,X
     B254   20 FF 80   JSR &80FF
     B257   60         RTS
.mm32_readblock
     B258   A9 FF      LDA #&FF
     B25A   8D 82 A4   STA &A482
     B25D   4C B4 AF   JMP &AFB4
.mm32_init_dos
     B260   20 1C AB   JSR &AB1C
     B263   AD E4 A4   LDA &A4E4
     B266   F0 01      BEQ &B269
     B268   60         RTS
.init
     B269   20 F0 B2   JSR &B2F0
     B26C   90 71      BCC &B2DF
     B26E   AD 0C A2   LDA &A20C
     B271   C9 02      CMP #&02
     B273   D0 6A      BNE &B2DF
     B275   4D 2C A2   EOR &A22C
     B278   0D 26 A2   ORA &A226
     B27B   D0 62      BNE &B2DF
     B27D   AD 25 A2   LDA &A225
     B280   4A         LSR A
     B281   F0 5C      BEQ &B2DF
     B283   AD 0D A2   LDA &A20D
     B286   85 CB      STA &CB
     B288   A5 C7      LDA &C7
     B28A   A4 C8      LDY &C8
     B28C   18         CLC
     B28D   6D 0E A2   ADC &A20E
     B290   AA         TAX
     B291   98         TYA
     B292   6D 0F A2   ADC &A20F
     B295   B0 48      BCS &B2DF
     B297   86 C7      STX &C7
     B299   85 C8      STA &C8
.loop1
     B29B   A8         TAY
     B29C   8A         TXA
     B29D   6D 24 A2   ADC &A224
     B2A0   AA         TAX
     B2A1   98         TYA
     B2A2   6D 25 A2   ADC &A225
     B2A5   B0 38      BCS &B2DF
     B2A7   CE 10 A2   DEC &A210
     B2AA   D0 EF      BNE &B29B
     B2AC   A8         TAY
     B2AD   0E 0D A2   ASL &A20D
     B2B0   8A         TXA
     B2B1   38         SEC
     B2B2   ED 0D A2   SBC &A20D
     B2B5   85 C9      STA &C9
     B2B7   98         TYA
     B2B8   E9 00      SBC #&00
     B2BA   85 CA      STA &CA
     B2BC   20 1C AB   JSR &AB1C
     B2BF   20 29 AF   JSR &AF29
     B2C2   8D EF A4   STA &A4EF
     B2C5   8C EE A4   STY &A4EE
     B2C8   A0 05      LDY #&05
.loop2
     B2CA   B9 C6 00   LDA &00C6,Y
     B2CD   99 DF A4   STA &A4DF,Y
     B2D0   88         DEY
     B2D1   D0 F7      BNE &B2CA
     B2D3   98         TYA
     B2D4   A0 08      LDY #&08
.loop3
     B2D6   99 E5 A4   STA &A4E5,Y
     B2D9   88         DEY
     B2DA   10 FA      BPL &B2D6
     B2DC   4C 30 AB   JMP &AB30
.faterr
     B2DF   20 70 80   JSR &8070
     B2E2   FF
     B2E3   43 61 72 ...
     B2EF   00
.read_VBR
     B2F0   A9 00      LDA #&00
     B2F2   85 C7      STA &C7
     B2F4   85 C8      STA &C8
     B2F6   85 BE      STA &BE
     B2F8   85 BF      STA &BF
     B2FA   85 C0      STA &C0
     B2FC   20 31 B3   JSR &B331
     B2FF   90 41      BCC &B342
     B301   AD 00 A2   LDA &A200
     B304   C9 EB      CMP #&EB
     B306   D0 0E      BNE &B316
     B308   AD 02 A2   LDA &A202
     B30B   C9 90      CMP #&90
     B30D   D0 07      BNE &B316
     B30F   AD 0C A2   LDA &A20C
     B312   C9 02      CMP #&02
     B314   F0 2C      BEQ &B342
.mbr
     B316   AD C6 A3   LDA &A3C6
     B319   85 C7      STA &C7
     B31B   85 BE      STA &BE
     B31D   AD C7 A3   LDA &A3C7
     B320   85 C8      STA &C8
     B322   85 BF      STA &BF
     B324   AD C8 A3   LDA &A3C8
     B327   0D C9 A3   ORA &A3C9
     B32A   D0 17      BNE &B343
     B32C   85 C0      STA &C0
     B32E   20 7B BA   JSR &BA7B
.isfat
     B331   20 58 B2   JSR &B258
     B334   AD FE A3   LDA &A3FE
     B337   C9 55      CMP #&55
     B339   D0 08      BNE &B343
     B33B   AD FF A3   LDA &A3FF
     B33E   C9 AA      CMP #&AA
     B340   D0 01      BNE &B343
.ifx
     B342   60         RTS
.bad
     B343   18         CLC
     B344   60         RTS
.mm32_SECT_X_First
     B345   B9 E5 A4   LDA &A4E5,Y
     B348   85 C8      STA &C8
     B34A   B9 E8 A4   LDA &A4E8,Y
     B34D   85 C9      STA &C9
     B34F   B9 EB A4   LDA &A4EB,Y
     B352   85 C2      STA &C2
     B354   29 3F      AND #&3F
     B356   85 CA      STA &CA
     B358   05 C8      ORA &C8
     B35A   05 C9      ORA &C9
     B35C   D0 0C      BNE &B36A
     B35E   C0 02      CPY #&02
     B360   F0 04      BEQ &B366
     B362   24 C2      BIT &C2
     B364   10 0F      BPL &B375
.l1
     B366   A9 02      LDA #&02
     B368   85 C8      STA &C8
.l2
     B36A   AD E4 A4   LDA &A4E4
     B36D   85 CB      STA &CB
     B36F   A9 00      LDA #&00
     B371   85 CE      STA &CE
     B373   B8         CLV
     B374   60         RTS
.l3
     B375   2C 78 B3   BIT &B378
.l4
     B378   60         RTS
.mm32_SECT_X_Next
     B379   C6 CB      DEC &CB
     B37B   F0 02      BEQ &B37F
     B37D   18         CLC
     B37E   60         RTS
.l1
     B37F   20 88 B3   JSR &B388
     B382   AD E4 A4   LDA &A4E4
     B385   85 CB      STA &CB
     B387   60         RTS
.next_cluster
     B388   20 21 84   JSR &8421
     B38B   C6 CE      DEC &CE
     B38D   10 1D      BPL &B3AC
     B38F   AD AE A4   LDA &A4AE
     B392   48         PHA
     B393   A5 BC      LDA &BC
     B395   48         PHA
     B396   A5 BD      LDA &BD
     B398   48         PHA
     B399   A5 C6      LDA &C6
     B39B   48         PHA
     B39C   20 CF B3   JSR &B3CF
     B39F   68         PLA
     B3A0   85 C6      STA &C6
     B3A2   68         PLA
     B3A3   85 BD      STA &BD
     B3A5   68         PLA
     B3A6   85 BC      STA &BC
     B3A8   68         PLA
     B3A9   8D AE A4   STA &A4AE
.l1
     B3AC   18         CLC
     B3AD   A5 CE      LDA &CE
     B3AF   F0 12      BEQ &B3C3
     B3B1   E6 C8      INC &C8
     B3B3   D0 0D      BNE &B3C2
     B3B5   E6 C9      INC &C9
     B3B7   D0 09      BNE &B3C2
     B3B9   E6 CA      INC &CA
.l2
     B3BB   A5 CA      LDA &CA
     B3BD   29 C0      AND #&C0
     B3BF   F0 01      BEQ &B3C2
     B3C1   38         SEC
.l3
     B3C2   60         RTS
.l4
     B3C3   A2 02      LDX #&02
.loop1
     B3C5   BD A0 A4   LDA &A4A0,X
     B3C8   95 C8      STA &C8,X
     B3CA   CA         DEX
     B3CB   10 F8      BPL &B3C5
     B3CD   30 EC      BMI &B3BB
.read_fat
     B3CF   A5 C8      LDA &C8
     B3D1   0A         ASL A
     B3D2   85 CB      STA &CB
     B3D4   A5 C9      LDA &C9
     B3D6   2A         ROL A
     B3D7   A8         TAY
     B3D8   A5 CA      LDA &CA
     B3DA   2A         ROL A
     B3DB   AA         TAX
     B3DC   98         TYA
     B3DD   6D E0 A4   ADC &A4E0
     B3E0   85 BE      STA &BE
     B3E2   8A         TXA
     B3E3   6D E1 A4   ADC &A4E1
     B3E6   85 BF      STA &BF
     B3E8   A9 00      LDA #&00
     B3EA   8D AE A4   STA &A4AE
     B3ED   85 C0      STA &C0
     B3EF   20 7B BA   JSR &BA7B
     B3F2   20 39 80   JSR &8039
     B3F5   20 41 AF   JSR &AF41
     B3F8   20 76 AF   JSR &AF76
     B3FB   A9 A0      LDA #&A0
     B3FD   85 BC      STA &BC
     B3FF   A9 A4      LDA #&A4
     B401   85 BD      STA &BD
     B403   A5 CB      LDA &CB
     B405   20 4E B4   JSR &B44E
.loop1
     B408   E6 CE      INC &CE
     B40A   A9 04      LDA #&04
     B40C   85 C6      STA &C6
     B40E   20 05 AD   JSR &AD05
     B411   E6 CB      INC &CB
     B413   E6 CB      INC &CB
     B415   F0 31      BEQ &B448
     B417   38         SEC
     B418   AD A2 A4   LDA &A4A2
     B41B   29 C0      AND #&C0
     B41D   0D A3 A4   ORA &A4A3
     B420   D0 1B      BNE &B43D
     B422   AD A0 A4   LDA &A4A0
     B425   E5 C8      SBC &C8
     B427   A8         TAY
     B428   AD A1 A4   LDA &A4A1
     B42B   E5 C9      SBC &C9
     B42D   D0 11      BNE &B440
     B42F   AD A2 A4   LDA &A4A2
     B432   E5 CA      SBC &CA
     B434   D0 0A      BNE &B440
     B436   88         DEY
     B437   C4 CE      CPY &CE
     B439   F0 CD      BEQ &B408
     B43B   D0 03      BNE &B440
.l2
     B43D   6E A2 A4   ROR &A4A2
.l3
     B440   38         SEC
     B441   A9 00      LDA #&00
     B443   E5 CB      SBC &CB
     B445   20 4E B4   JSR &B44E
.l4
     B448   20 9C AC   JSR &AC9C
     B44B   4C 43 80   JMP &8043
.clocks
     B44E   0A         ASL A
     B44F   48         PHA
     B450   90 05      BCC &B457
     B452   A0 00      LDY #&00
     B454   20 9E AC   JSR &AC9E
.l1
     B457   68         PLA
     B458   F0 04      BEQ &B45E
     B45A   A8         TAY
     B45B   4C 9E AC   JMP &AC9E
.l2
     B45E   60         RTS
.mm32_Scan_Dir
     B45F   A0 02      LDY #&02
     B461   20 45 B3   JSR &B345
.loop1
     B464   20 3D BA   JSR &BA3D
     B467   B0 0F      BCS &B478
     B469   20 58 B2   JSR &B258
     B46C   20 79 B4   JSR &B479
     B46F   90 07      BCC &B478
     B471   F0 05      BEQ &B478
     B473   20 79 B3   JSR &B379
     B476   90 EC      BCC &B464
.exit
     B478   60         RTS
.scan_block
     B479   A9 00      LDA #&00
     B47B   85 AB      STA &AB
     B47D   85 B0      STA &B0
     B47F   A9 A2      LDA #&A2
.loop1
     B481   85 B1      STA &B1
.loop2
     B483   A0 00      LDY #&00
     B485   B1 B0      LDA (&B0),Y
     B487   F0 75      BEQ &B4FE
     B489   30 5F      BMI &B4EA
     B48B   C9 21      CMP #&21
     B48D   90 5B      BCC &B4EA
     B48F   A0 15      LDY #&15
     B491   B1 B0      LDA (&B0),Y
     B493   29 0F      AND #&0F
     B495   D0 53      BNE &B4EA
     B497   88         DEY
     B498   B1 B0      LDA (&B0),Y
     B49A   29 F0      AND #&F0
     B49C   D0 4C      BNE &B4EA
     B49E   A0 0B      LDY #&0B
     B4A0   B1 B0      LDA (&B0),Y
     B4A2   29 0E      AND #&0E
     B4A4   D0 44      BNE &B4EA
     B4A6   B1 B0      LDA (&B0),Y
     B4A8   4A         LSR A
     B4A9   29 08      AND #&08
     B4AB   85 B8      STA &B8
     B4AD   F0 04      BEQ &B4B3
     B4AF   A9 80      LDA #&80
     B4B1   D0 0C      BNE &B4BF
.l1
     B4B3   24 B2      BIT &B2
     B4B5   30 33      BMI &B4EA
     B4B7   6A         ROR A
     B4B8   85 B9      STA &B9
     B4BA   20 D7 B5   JSR &B5D7
     B4BD   05 B9      ORA &B9
.l2
     B4BF   85 B9      STA &B9
     B4C1   20 67 B5   JSR &B567
     B4C4   20 04 B6   JSR &B604
     B4C7   B0 21      BCS &B4EA
     B4C9   A5 AA      LDA &AA
     B4CB   F0 14      BEQ &B4E1
     B4CD   C9 03      CMP #&03
     B4CF   D0 03      BNE &B4D4
     B4D1   4C 33 B5   JMP &B533
.lock_or_unlock
     B4D4   C9 02      CMP #&02
     B4D6   F0 06      BEQ &B4DE
     B4D8   20 22 B5   JSR &B522
     B4DB   4C E1 B4   JMP &B4E1
.lock
     B4DE   20 11 B5   JSR &B511
.s1
     B4E1   24 B7      BIT &B7
     B4E3   30 02      BMI &B4E7
     B4E5   18         CLC
     B4E6   60         RTS
.logging
     B4E7   20 92 B5   JSR &B592
.skip
     B4EA   20 7C 8C   JSR &8C7C
     B4ED   18         CLC
     B4EE   A5 B0      LDA &B0
     B4F0   69 20      ADC #&20
     B4F2   85 B0      STA &B0
     B4F4   90 8D      BCC &B483
     B4F6   A5 B1      LDA &B1
     B4F8   69 00      ADC #&00
     B4FA   C9 A3      CMP #&A3
     B4FC   F0 83      BEQ &B481
.exit
     B4FE   08         PHP
     B4FF   48         PHA
     B500   A5 AB      LDA &AB
     B502   C9 FF      CMP #&FF
     B504   D0 03      BNE &B509
     B506   20 CB AF   JSR &AFCB
.nowrite
     B509   A0 00      LDY #&00
     B50B   84 AB      STY &AB
     B50D   68         PLA
     B50E   28         PLP
     B50F   38         SEC
     B510   60         RTS
.lock_fat_file
     B511   A9 80      LDA #&80
     B513   85 B9      STA &B9
     B515   A0 0B      LDY #&0B
     B517   B1 B0      LDA (&B0),Y
     B519   09 01      ORA #&01
     B51B   91 B0      STA (&B0),Y
     B51D   A9 FF      LDA #&FF
     B51F   85 AB      STA &AB
     B521   60         RTS
.unlock_fat_file
     B522   A9 00      LDA #&00
     B524   85 B9      STA &B9
     B526   A0 0B      LDY #&0B
     B528   B1 B0      LDA (&B0),Y
     B52A   29 FE      AND #&FE
     B52C   91 B0      STA (&B0),Y
     B52E   A9 FF      LDA #&FF
     B530   85 AB      STA &AB
     B532   60         RTS
.rename_fat_file
     B533   A2 21      LDX #&21
     B535   A0 00      LDY #&00
     B537   A9 2E      LDA #&2E
     B539   85 BA      STA &BA
     B53B   A9 08      LDA #&08
     B53D   20 46 B5   JSR &B546
     B540   A9 02      LDA #&02
     B542   85 BA      STA &BA
     B544   A9 0B      LDA #&0B
.copy_and_pad_with_spaces
     B546   85 BB      STA &BB
.loop
     B548   BD 00 A4   LDA &A400,X
     B54B   E8         INX
     B54C   C5 BA      CMP &BA
     B54E   F0 0E      BEQ &B55E
     B550   C4 BB      CPY &BB
     B552   F0 F4      BEQ &B548
     B554   91 B0      STA (&B0),Y
     B556   C8         INY
     B557   D0 EF      BNE &B548
.padloop
     B559   A9 20      LDA #&20
     B55B   91 B0      STA (&B0),Y
     B55D   C8         INY
.pad
     B55E   C4 BB      CPY &BB
     B560   D0 F7      BNE &B559
     B562   20 CB AF   JSR &AFCB
     B565   18         CLC
     B566   60         RTS
.copy_name
     B567   A2 01      LDX #&01
     B569   A0 00      LDY #&00
.loop1
     B56B   B1 B0      LDA (&B0),Y
     B56D   C9 21      CMP #&21
     B56F   90 04      BCC &B575
     B571   9D 00 A4   STA &A400,X
     B574   E8         INX
.l1
     B575   C8         INY
     B576   C0 08      CPY #&08
     B578   D0 06      BNE &B580
.l11
     B57A   A9 2E      LDA #&2E
     B57C   9D 00 A4   STA &A400,X
     B57F   E8         INX
.l2
     B580   C0 0B      CPY #&0B
     B582   D0 E7      BNE &B56B
.l3
     B584   A9 02      LDA #&02
     B586   8D 00 A4   STA &A400
     B589   9D 00 A4   STA &A400,X
     B58C   A9 00      LDA #&00
     B58E   9D 01 A4   STA &A401,X
     B591   60         RTS
.print_dir_entry
     B592   A2 03      LDX #&03
     B594   20 D0 B5   JSR &B5D0
     B597   A2 20      LDX #&20
     B599   A5 B8      LDA &B8
     B59B   F0 02      BEQ &B59F
     B59D   A2 2F      LDX #&2F
.l99
     B59F   8A         TXA
     B5A0   A0 01      LDY #&01
     B5A2   A2 0E      LDX #&0E
.loop1
     B5A4   20 E0 80   JSR &80E0
     B5A7   B9 00 A4   LDA &A400,Y
     B5AA   C9 20      CMP #&20
     B5AC   90 11      BCC &B5BF
     B5AE   C9 2E      CMP #&2E
     B5B0   F0 04      BEQ &B5B6
.l0
     B5B2   CA         DEX
     B5B3   C8         INY
     B5B4   D0 EE      BNE &B5A4
.l1
     B5B6   B9 01 A4   LDA &A401,Y
     B5B9   C9 20      CMP #&20
     B5BB   A9 2E      LDA #&2E
     B5BD   B0 F3      BCS &B5B2
.lx
     B5BF   20 D0 B5   JSR &B5D0
     B5C2   A9 4C      LDA #&4C
     B5C4   24 B9      BIT &B9
     B5C6   30 02      BMI &B5CA
     B5C8   A9 20      LDA #&20
.l00
     B5CA   20 E0 80   JSR &80E0
     B5CD   4C D7 80   JMP &80D7
.lspc
     B5D0   20 D7 80   JSR &80D7
     B5D3   CA         DEX
     B5D4   D0 FA      BNE &B5D0
     B5D6   60         RTS
.is_XSD
     B5D7   A0 0B      LDY #&0B
     B5D9   B1 B0      LDA (&B0),Y
     B5DB   29 10      AND #&10
     B5DD   D0 19      BNE &B5F8
     B5DF   A2 FF      LDX #&FF
.loop1
     B5E1   A0 08      LDY #&08
     B5E3   18         CLC
.loop2
     B5E4   E8         INX
     B5E5   BD FB B5   LDA &B5FB,X
     B5E8   30 0A      BMI &B5F4
     B5EA   F0 0C      BEQ &B5F8
     B5EC   51 B0      EOR (&B0),Y
     B5EE   F0 01      BEQ &B5F1
     B5F0   38         SEC
.x1
     B5F1   C8         INY
     B5F2   D0 F0      BNE &B5E4
.x2
     B5F4   B0 EB      BCS &B5E1
     B5F6   0A         ASL A
     B5F7   60         RTS
.l2
     B5F8   A9 80      LDA #&80
     B5FA   60         RTS
.ext_table
     B5FB   53 53 44 
     B5FE   80
     B5FF   44 53 44 
     B602   A0
     B603   00         BRK
.dir_match
     B604   A2 0F      LDX #&0F
     B606   A0 00      LDY #&00
.l00
     B608   E8         INX
     B609   86 BA      STX &BA
.l0
     B60B   84 BB      STY &BB
.l1
     B60D   BD 00 A4   LDA &A400,X
     B610   F0 19      BEQ &B62B
     B612   C9 01      CMP #&01
     B614   F0 F2      BEQ &B608
     B616   B9 00 A4   LDA &A400,Y
     B619   F0 11      BEQ &B62C
     B61B   DD 00 A4   CMP &A400,X
     B61E   D0 04      BNE &B624
     B620   C8         INY
     B621   E8         INX
     B622   D0 E9      BNE &B60D
.l2
     B624   A6 BA      LDX &BA
     B626   A4 BB      LDY &BB
     B628   C8         INY
     B629   D0 E0      BNE &B60B
.ex1
     B62B   18         CLC
.ex2
     B62C   60         RTS
.mm32_param_count
     B62D   A9 00      LDA #&00
.mm32_param_count_a
     B62F   48         PHA
     B630   98         TYA
     B631   48         PHA
     B632   A2 00      LDX #&00
.loop1
     B634   20 C5 81   JSR &81C5
     B637   F0 08      BEQ &B641
     B639   E8         INX
.loop2
     B63A   20 AA 81   JSR &81AA
     B63D   90 FB      BCC &B63A
     B63F   B0 F3      BCS &B634
.l1
     B641   68         PLA
     B642   A8         TAY
     B643   68         PLA
     B644   10 03      BPL &B649
     B646   CA         DEX
     B647   30 0A      BMI &B653
.l2
     B649   E0 01      CPX #&01
     B64B   F0 05      BEQ &B652
     B64D   B0 04      BCS &B653
     B64F   6A         ROR A
     B650   B0 01      BCS &B653
.l3
     B652   60         RTS
.err
     B653   4C 03 9A   JMP &9A03
.mm32_param_drive
     B656   90 10      BCC &B668
     B658   20 C5 81   JSR &81C5
     B65B   20 EE 8B   JSR &8BEE
     B65E   20 AA 81   JSR &81AA
     B661   A5 CD      LDA &CD
     B663   B0 06      BCS &B66B
     B665   4C FE 8B   JMP &8BFE
.l1
     B668   AD CA A4   LDA &A4CA
.l2
     B66B   29 01      AND #&01
     B66D   85 CD      STA &CD
     B66F   60         RTS
.mm32_param_filename
     B670   66 B7      ROR &B7
     B672   A2 01      LDX #&01
     B674   86 B2      STX &B2
     B676   86 B3      STX &B3
     B678   86 B4      STX &B4
     B67A   86 B5      STX &B5
     B67C   20 C5 81   JSR &81C5
     B67F   F0 48      BEQ &B6C9
.loop1
     B681   20 AA 81   JSR &81AA
     B684   B0 43      BCS &B6C9
     B686   C9 2F      CMP #&2F
     B688   D0 09      BNE &B693
     B68A   66 B2      ROR &B2
     B68C   D0 F3      BNE &B681
.loop2
     B68E   20 AA 81   JSR &81AA
     B691   B0 36      BCS &B6C9
.l0
     B693   24 B7      BIT &B7
     B695   10 0E      BPL &B6A5
     B697   C9 2A      CMP #&2A
     B699   D0 0A      BNE &B6A5
     B69B   24 B3      BIT &B3
     B69D   30 EF      BMI &B68E
     B69F   66 B3      ROR &B3
     B6A1   A9 01      LDA #&01
     B6A3   D0 1B      BNE &B6C0
.l1
     B6A5   46 B3      LSR &B3
     B6A7   C9 2E      CMP #&2E
     B6A9   D0 08      BNE &B6B3
     B6AB   24 B5      BIT &B5
     B6AD   10 11      BPL &B6C0
     B6AF   66 B4      ROR &B4
     B6B1   30 0D      BMI &B6C0
.l2
     B6B3   38         SEC
     B6B4   66 B5      ROR &B5
     B6B6   C9 61      CMP #&61
     B6B8   90 06      BCC &B6C0
     B6BA   C9 7B      CMP #&7B
     B6BC   B0 02      BCS &B6C0
     B6BE   49 20      EOR #&20
.l3
     B6C0   9D 10 A4   STA &A410,X
     B6C3   E8         INX
     B6C4   E0 10      CPX #&10
     B6C6   D0 C6      BNE &B68E
     B6C8   60         RTS
.exloop
     B6C9   CA         DEX
     B6CA   F0 18      BEQ &B6E4
     B6CC   24 B7      BIT &B7
     B6CE   30 0A      BMI &B6DA
     B6D0   24 B4      BIT &B4
     B6D2   30 06      BMI &B6DA
     B6D4   A9 2E      LDA #&2E
     B6D6   9D 11 A4   STA &A411,X
     B6D9   E8         INX
.lx1
     B6DA   A9 02      LDA #&02
     B6DC   8D 10 A4   STA &A410
     B6DF   E8         INX
     B6E0   9D 10 A4   STA &A410,X
     B6E3   E8         INX
.lx2
     B6E4   A9 00      LDA #&00
     B6E6   9D 10 A4   STA &A410,X
     B6E9   AD 10 A4   LDA &A410
     B6EC   18         CLC
     B6ED   60         RTS
.mm32_swap_str_16_32
     B6EE   A2 10      LDX #&10
.loop
     B6F0   BD 0F A4   LDA &A40F,X
     B6F3   48         PHA
     B6F4   BD 1F A4   LDA &A41F,X
     B6F7   9D 0F A4   STA &A40F,X
     B6FA   68         PLA
     B6FB   9D 1F A4   STA &A41F,X
     B6FE   CA         DEX
     B6FF   D0 EF      BNE &B6F0
     B701   60         RTS
.mm32_cmd_dcat
     B702   20 2D B6   JSR &B62D
     B705   38         SEC
     B706   20 70 B6   JSR &B670
     B709   A9 00      LDA #&00
     B70B   85 AA      STA &AA
     B70D   20 5F B4   JSR &B45F
     B710   A9 86      LDA #&86
     B712   20 F4 FF   JSR &FFF4
     B715   E0 00      CPX #&00
     B717   F0 03      BEQ &B71C
     B719   20 7F 83   JSR &837F
.dcEven
     B71C   60         RTS
.mm32_cmd_dboot
     B71D   A9 00      LDA #&00
     B71F   85 CD      STA &CD
     B721   20 2D B6   JSR &B62D
     B724   B0 11      BCS &B737
     B726   A2 00      LDX #&00
.loop
     B728   BD 44 B7   LDA &B744,X
     B72B   9D 10 A4   STA &A410,X
     B72E   F0 03      BEQ &B733
     B730   E8         INX
     B731   D0 F5      BNE &B728
.l1
     B733   85 B7      STA &B7
     B735   85 B2      STA &B2
.l2
     B737   A9 00      LDA #&00
     B739   20 BD B7   JSR &B7BD
     B73C   90 01      BCC &B73F
     B73E   60         RTS
.l3
     B73F   A9 00      LDA #&00
     B741   4C E0 8C   JMP &8CE0
.bootdisk
     B744   02
     B745   42 4F 4F ...
     B74A   02
     B74B   00
.mm32_cmd_din
     B74C   A9 80      LDA #&80
     B74E   20 2F B6   JSR &B62F
     B751   20 56 B6   JSR &B656
     B754   A9 00      LDA #&00
     B756   4C BC B7   JMP &B7BC
.mm32_cmd_autoload
     B759   A2 00      LDX #&00
     B75B   86 CD      STX &CD
.loop
     B75D   BD 73 B7   LDA &B773,X
     B760   9D 10 A4   STA &A410,X
     B763   F0 03      BEQ &B768
     B765   E8         INX
     B766   D0 F5      BNE &B75D
.l1
     B768   85 B7      STA &B7
     B76A   85 B2      STA &B2
     B76C   18         CLC
     B76D   A9 02      LDA #&02
     B76F   4C BD B7   JMP &B7BD
     B772   60         RTS
.bootdisk
     B773   02
     B774   42 4F 4F ...
     B779   02
     B77A   00
.mm32_add_ssd_ext
     B77B   A0 01      LDY #&01
.l0
     B77D   B9 10 A4   LDA &A410,Y
     B780   C8         INY
     B781   C9 2E      CMP #&2E
     B783   D0 F8      BNE &B77D
.s1
     B785   A9 53      LDA #&53
     B787   99 10 A4   STA &A410,Y
     B78A   99 11 A4   STA &A411,Y
     B78D   A9 44      LDA #&44
     B78F   99 12 A4   STA &A412,Y
     B792   A9 02      LDA #&02
     B794   99 13 A4   STA &A413,Y
     B797   A9 00      LDA #&00
     B799   99 14 A4   STA &A414,Y
     B79C   60         RTS
.mm32_upd_dsktbl
     B79D   A2 00      LDX #&00
     B79F   A5 CD      LDA &CD
     B7A1   0A         ASL A
     B7A2   0A         ASL A
     B7A3   0A         ASL A
     B7A4   0A         ASL A
     B7A5   A8         TAY
.l0
     B7A6   BD 10 A4   LDA &A410,X
     B7A9   99 C0 A5   STA &A5C0,Y
     B7AC   E8         INX
     B7AD   C8         INY
     B7AE   E0 10      CPX #&10
     B7B0   D0 F4      BNE &B7A6
     B7B2   60         RTS
.mm32_cmd_ddir
     B7B3   20 2D B6   JSR &B62D
     B7B6   A9 02      LDA #&02
     B7B8   85 CD      STA &CD
     B7BA   A9 01      LDA #&01
.mm32_chain_open
     B7BC   38         SEC
.mm32_chain_open2
     B7BD   48         PHA
     B7BE   90 08      BCC &B7C8
     B7C0   18         CLC
     B7C1   20 70 B6   JSR &B670
     B7C4   B0 33      BCS &B7F9
     B7C6   F0 65      BEQ &B82D
.l0
     B7C8   A5 CD      LDA &CD
     B7CA   C9 02      CMP #&02
     B7CC   66 B2      ROR &B2
     B7CE   A9 00      LDA #&00
     B7D0   85 AA      STA &AA
     B7D2   20 5F B4   JSR &B45F
     B7D5   90 2C      BCC &B803
     B7D7   68         PLA
     B7D8   48         PHA
     B7D9   29 01      AND #&01
     B7DB   D0 1C      BNE &B7F9
     B7DD   20 7B B7   JSR &B77B
     B7E0   20 5F B4   JSR &B45F
     B7E3   90 1E      BCC &B803
.mm32_change_ext_dsd
     B7E5   A0 01      LDY #&01
.l0
     B7E7   B9 10 A4   LDA &A410,Y
     B7EA   C8         INY
     B7EB   C9 2E      CMP #&2E
     B7ED   D0 F8      BNE &B7E7
.s1
     B7EF   A9 44      LDA #&44
     B7F1   99 10 A4   STA &A410,Y
     B7F4   20 5F B4   JSR &B45F
     B7F7   90 0A      BCC &B803
.notfound
     B7F9   68         PLA
     B7FA   29 02      AND #&02
     B7FC   F0 02      BEQ &B800
     B7FE   38         SEC
     B7FF   60         RTS
.notautoload
     B800   4C 42 82   JMP &8242
.found
     B803   68         PLA
     B804   48         PHA
     B805   29 01      AND #&01
     B807   F0 06      BEQ &B80F
     B809   68         PLA
     B80A   A5 B8      LDA &B8
     B80C   D0 28      BNE &B836
     B80E   60         RTS
.file
     B80F   68         PLA
     B810   A6 B8      LDX &B8
     B812   F0 22      BEQ &B836
     B814   29 02      AND #&02
     B816   F0 02      BEQ &B81A
     B818   38         SEC
     B819   60         RTS
.notautoload2
     B81A   20 70 80   JSR &8070
     B81D   D6
     B81E   49 73 20 ...
     B82A   00
     B82B   EA         NOP
     B82C   60         RTS
.zerolen
     B82D   68         PLA
     B82E   A5 B2      LDA &B2
     B830   29 80      AND #&80
     B832   A8         TAY
     B833   4C A2 B8   JMP &B8A2
.okay
     B836   20 9D B7   JSR &B79D
     B839   A0 1A      LDY #&1A
     B83B   B1 B0      LDA (&B0),Y
     B83D   85 B7      STA &B7
     B83F   C8         INY
     B840   B1 B0      LDA (&B0),Y
     B842   85 B8      STA &B8
     B844   A0 14      LDY #&14
     B846   B1 B0      LDA (&B0),Y
     B848   05 B9      ORA &B9
     B84A   85 B9      STA &B9
     B84C   A5 CD      LDA &CD
     B84E   C9 02      CMP #&02
     B850   F0 1D      BEQ &B86F
     B852   49 01      EOR #&01
     B854   AA         TAX
     B855   A5 B7      LDA &B7
     B857   DD E5 A4   CMP &A4E5,X
     B85A   D0 13      BNE &B86F
     B85C   A5 B8      LDA &B8
     B85E   DD E8 A4   CMP &A4E8,X
     B861   D0 0C      BNE &B86F
     B863   A5 B9      LDA &B9
     B865   DD EB A4   CMP &A4EB,X
     B868   D0 05      BNE &B86F
     B86A   A0 00      LDY #&00
     B86C   20 A4 B8   JSR &B8A4
.l1
     B86F   20 1C AB   JSR &AB1C
     B872   A6 CD      LDX &CD
     B874   A5 B7      LDA &B7
     B876   9D E5 A4   STA &A4E5,X
     B879   A5 B8      LDA &B8
     B87B   9D E8 A4   STA &A4E8,X
     B87E   A5 B9      LDA &B9
     B880   9D EB A4   STA &A4EB,X
     B883   4C 30 AB   JMP &AB30
.mm32_cmd_dout
     B886   20 2D B6   JSR &B62D
     B889   20 56 B6   JSR &B656
     B88C   A2 00      LDX #&00
     B88E   A5 CD      LDA &CD
     B890   0A         ASL A
     B891   0A         ASL A
     B892   0A         ASL A
     B893   0A         ASL A
     B894   A8         TAY
     B895   A9 20      LDA #&20
.s0
     B897   99 C0 A5   STA &A5C0,Y
     B89A   E8         INX
     B89B   C8         INY
     B89C   E0 10      CPX #&10
     B89E   D0 F7      BNE &B897
     B8A0   A0 00      LDY #&00
.mm32_clear_cluster_index
     B8A2   A6 CD      LDX &CD
.mm32_clear_cluster_index_x
     B8A4   20 1C AB   JSR &AB1C
     B8A7   A9 00      LDA #&00
     B8A9   9D E5 A4   STA &A4E5,X
     B8AC   9D E8 A4   STA &A4E8,X
     B8AF   98         TYA
     B8B0   9D EB A4   STA &A4EB,X
     B8B3   4C 30 AB   JMP &AB30
.mm32_cmd_ddrive
     B8B6   A0 00      LDY #&00
.l1
     B8B8   98         TYA
     B8B9   48         PHA
     B8BA   A9 3A      LDA #&3A
     B8BC   20 EE FF   JSR &FFEE
     B8BF   68         PLA
     B8C0   48         PHA
     B8C1   18         CLC
     B8C2   69 30      ADC #&30
     B8C4   20 EE FF   JSR &FFEE
     B8C7   A9 20      LDA #&20
     B8C9   20 EE FF   JSR &FFEE
     B8CC   68         PLA
     B8CD   48         PHA
     B8CE   0A         ASL A
     B8CF   0A         ASL A
     B8D0   0A         ASL A
     B8D1   0A         ASL A
     B8D2   AA         TAX
     B8D3   A0 00      LDY #&00
     B8D5   BD C0 A5   LDA &A5C0,X
     B8D8   C9 02      CMP #&02
     B8DA   D0 1C      BNE &B8F8
     B8DC   E8         INX
.l2
     B8DD   BD C0 A5   LDA &A5C0,X
     B8E0   C9 02      CMP #&02
     B8E2   F0 09      BEQ &B8ED
     B8E4   20 EE FF   JSR &FFEE
     B8E7   E8         INX
     B8E8   C8         INY
     B8E9   C0 10      CPY #&10
     B8EB   D0 F0      BNE &B8DD
.s1
     B8ED   20 7F 83   JSR &837F
     B8F0   68         PLA
     B8F1   A8         TAY
     B8F2   C8         INY
     B8F3   C0 02      CPY #&02
     B8F5   D0 C1      BNE &B8B8
     B8F7   60         RTS
.empty
     B8F8   20 9D 80   JSR &809D
     B8FB   3C 45 6D ...
     B902   EA         NOP
     B903   4C ED B8   JMP &B8ED
.mm32_cmd_daccess
     B906   A9 80      LDA #&80
     B908   20 2F B6   JSR &B62F
     B90B   38         SEC
     B90C   20 70 B6   JSR &B670
     B90F   A2 01      LDX #&01
     B911   20 C5 81   JSR &81C5
     B914   D0 14      BNE &B92A
.gotflag
     B916   86 AA      STX &AA
     B918   20 5F B4   JSR &B45F
     B91B   A9 86      LDA #&86
     B91D   20 F4 FF   JSR &FFF4
     B920   E0 00      CPX #&00
     B922   F0 03      BEQ &B927
     B924   20 7F 83   JSR &837F
.dcEven
     B927   60         RTS
.parmloop
     B928   A2 02      LDX #&02
.getparm
     B92A   20 AA 81   JSR &81AA
     B92D   B0 E7      BCS &B916
     B92F   29 5F      AND #&5F
     B931   C9 4C      CMP #&4C
     B933   F0 F3      BEQ &B928
.errbadparm
     B935   20 56 80   JSR &8056
     B938   CF
     B939   61 74 74 ...
     B942   00
.mm32_cmd_drename
     B943   A9 81      LDA #&81
     B945   20 2F B6   JSR &B62F
     B948   18         CLC
     B949   20 70 B6   JSR &B670
     B94C   20 EE B6   JSR &B6EE
     B94F   18         CLC
     B950   20 70 B6   JSR &B670
     B953   20 7F B9   JSR &B97F
     B956   90 16      BCC &B96E
     B958   A9 00      LDA #&00
     B95A   85 AA      STA &AA
     B95C   20 5F B4   JSR &B45F
     B95F   90 10      BCC &B971
     B961   20 EE B6   JSR &B6EE
     B964   A9 03      LDA #&03
     B966   85 AA      STA &AA
     B968   20 5F B4   JSR &B45F
     B96B   B0 0F      BCS &B97C
     B96D   60         RTS
.badname
     B96E   4C 86 81   JMP &8186
.destexists
     B971   20 60 80   JSR &8060
     B974   C4
     B975   45 78 69 ...
     B97B   00
.notfound
     B97C   4C 42 82   JMP &8242
.mm32_check_filename
     B97F   AD 10 A4   LDA &A410
     B982   C9 02      CMP #&02
     B984   D0 2B      BNE &B9B1
     B986   AD 11 A4   LDA &A411
     B989   C9 2E      CMP #&2E
     B98B   F0 24      BEQ &B9B1
     B98D   A2 01      LDX #&01
     B98F   86 BA      STX &BA
.checknameloop
     B991   BD 10 A4   LDA &A410,X
     B994   E8         INX
     B995   E0 11      CPX #&11
     B997   F0 18      BEQ &B9B1
     B999   C9 02      CMP #&02
     B99B   F0 15      BEQ &B9B2
     B99D   C9 2E      CMP #&2E
     B99F   D0 04      BNE &B9A5
     B9A1   C6 BA      DEC &BA
     B9A3   30 0C      BMI &B9B1
.notdot
     B9A5   A0 0E      LDY #&0E
.checkcharloop
     B9A7   D9 B2 B9   CMP &B9B2,Y
     B9AA   F0 05      BEQ &B9B1
     B9AC   88         DEY
     B9AD   D0 F8      BNE &B9A7
     B9AF   F0 E0      BEQ &B991
.badname
     B9B1   18         CLC
.checknameend
     B9B2   60         RTS
.invalid_chars
     B9B3   22
     B9B4   2A
     B9B5   2B
     B9B6   2C
     B9B7   2F
     B9B8   3A
     B9B9   3B
     B9BA   3C
     B9BB   3D
     B9BC   3E
     B9BD   3F
     B9BE   5B
     B9BF   5C
     B9C0   5D
.invalid_chars_end
.mm32_disk_seek_sector
     B9C1   8C A5 A4   STY &A4A5
     B9C4   8D A4 A4   STA &A4A4
     B9C7   A5 CD      LDA &CD
     B9C9   29 01      AND #&01
     B9CB   A8         TAY
     B9CC   20 45 B3   JSR &B345
     B9CF   70 0B      BVS &B9DC
     B9D1   24 C2      BIT &C2
     B9D3   A5 CD      LDA &CD
     B9D5   6A         ROR A
     B9D6   6A         ROR A
     B9D7   90 04      BCC &B9DD
     B9D9   70 02      BVS &B9DD
.l1
     B9DB   B8         CLV
.l2
     B9DC   60         RTS
.l3
     B9DD   50 05      BVC &B9E4
     B9DF   2E A5 A4   ROL &A4A5
     B9E2   B0 F7      BCS &B9DB
.l4
     B9E4   AC A5 A4   LDY &A4A5
     B9E7   F0 04      BEQ &B9ED
.loop1
     B9E9   A2 04      LDX #&04
     B9EB   D0 08      BNE &B9F5
.l5
     B9ED   AD A4 A4   LDA &A4A4
     B9F0   4A         LSR A
     B9F1   F0 11      BEQ &BA04
     B9F3   AA         TAX
     B9F4   CA         DEX
.loop2
     B9F5   20 79 B3   JSR &B379
     B9F8   B0 E1      BCS &B9DB
     B9FA   CA         DEX
     B9FB   10 F8      BPL &B9F5
     B9FD   88         DEY
     B9FE   F0 ED      BEQ &B9ED
     BA00   C0 FF      CPY #&FF
     BA02   D0 E5      BNE &B9E9
.l6
     BA04   20 3D BA   JSR &BA3D
     BA07   B0 D2      BCS &B9DB
     BA09   6E A4 A4   ROR &A4A4
     BA0C   90 02      BCC &BA10
     BA0E   E6 BE      INC &BE
.l7
     BA10   0E A4 A4   ASL &A4A4
     BA13   B8         CLV
     BA14   18         CLC
     BA15   60         RTS
.mm32_disk_next_sector
     BA16   20 21 84   JSR &8421
     BA19   A0 01      LDY #&01
     BA1B   AE A4 A4   LDX &A4A4
     BA1E   E8         INX
     BA1F   E8         INX
     BA20   E0 0A      CPX #&0A
     BA22   D0 0E      BNE &BA32
     BA24   A2 00      LDX #&00
     BA26   EE A5 A4   INC &A4A5
     BA29   24 C2      BIT &C2
     BA2B   50 05      BVC &BA32
     BA2D   A0 06      LDY #&06
     BA2F   EE A5 A4   INC &A4A5
.l1
     BA32   8E A4 A4   STX &A4A4
.loop1
     BA35   20 79 B3   JSR &B379
     BA38   B0 47      BCS &BA81
     BA3A   88         DEY
     BA3B   D0 F8      BNE &BA35
.mm32_SECT_X_Address
     BA3D   A2 02      LDX #&02
.loop1
     BA3F   B5 C8      LDA &C8,X
     BA41   95 BE      STA &BE,X
     BA43   CA         DEX
     BA44   10 F9      BPL &BA3F
     BA46   AD E4 A4   LDA &A4E4
.loop2
     BA49   4A         LSR A
     BA4A   B0 09      BCS &BA55
     BA4C   06 BE      ASL &BE
     BA4E   26 BF      ROL &BF
     BA50   26 C0      ROL &C0
     BA52   90 F5      BCC &BA49
     BA54   60         RTS
.l3
     BA55   18         CLC
     BA56   A5 BE      LDA &BE
     BA58   6D E2 A4   ADC &A4E2
     BA5B   85 BE      STA &BE
     BA5D   A5 BF      LDA &BF
     BA5F   6D E3 A4   ADC &A4E3
     BA62   85 BF      STA &BF
     BA64   90 02      BCC &BA68
     BA66   E6 C0      INC &C0
.l4
     BA68   38         SEC
     BA69   AD E4 A4   LDA &A4E4
     BA6C   E5 CB      SBC &CB
     BA6E   18         CLC
     BA6F   65 BE      ADC &BE
     BA71   85 BE      STA &BE
     BA73   90 06      BCC &BA7B
     BA75   E6 BF      INC &BF
     BA77   D0 02      BNE &BA7B
     BA79   E6 C0      INC &C0
.l5
.mm32_lba_to_256
     BA7B   06 BE      ASL &BE
     BA7D   26 BF      ROL &BF
     BA7F   26 C0      ROL &C0
.l2rts
     BA81   60         RTS
.mm32_MMC_error
     BA82   85 B0      STA &B0
     BA84   20 60 80   JSR &8060
     BA87   C5
     BA88   4D 4D 43 ...
     BA8C   EA         NOP
     BA8D   68         PLA
     BA8E   85 B8      STA &B8
     BA90   68         PLA
     BA91   85 B9      STA &B9
     BA93   A0 00      LDY #&00
     BA95   8C AF A4   STY &A4AF
.loop1
     BA98   C8         INY
     BA99   B1 B8      LDA (&B8),Y
     BA9B   F0 05      BEQ &BAA2
     BA9D   20 C0 BA   JSR &BAC0
     BAA0   D0 F6      BNE &BA98
.l1
     BAA2   A8         TAY
     BAA3   A5 B0      LDA &B0
     BAA5   20 90 8C   JSR &8C90
     BAA8   A9 2F      LDA #&2F
     BAAA   20 C0 BA   JSR &BAC0
.loop2
     BAAD   B9 89 A4   LDA &A489,Y
     BAB0   20 90 8C   JSR &8C90
     BAB3   C8         INY
     BAB4   C0 04      CPY #&04
     BAB6   D0 F5      BNE &BAAD
     BAB8   A9 00      LDA #&00
     BABA   9D 00 01   STA &0100,X
     BABD   4C 00 01   JMP &0100
.mm32_PrintChr100
     BAC0   9D 00 01   STA &0100,X
     BAC3   E8         INX
     BAC4   60         RTS
.Osword7F_8271_Emulation
     BAC5   A0 06      LDY #&06
     BAC7   B1 B0      LDA (&B0),Y
     BAC9   A2 10      LDX #&10
.loop1
     BACB   DD 2A BC   CMP &BC2A,X
     BACE   F0 05      BEQ &BAD5
     BAD0   CA         DEX
     BAD1   10 F8      BPL &BACB
     BAD3   30 0F      BMI &BAE4
.l2
     BAD5   20 07 BB   JSR &BB07
     BAD8   48         PHA
     BAD9   A0 05      LDY #&05
     BADB   B1 B0      LDA (&B0),Y
     BADD   18         CLC
     BADE   69 07      ADC #&07
     BAE0   A8         TAY
     BAE1   68         PLA
     BAE2   91 B0      STA (&B0),Y
.l3
     BAE4   A9 00      LDA #&00
     BAE6   60         RTS
.spec_reg
     BAE7   A0 07      LDY #&07
     BAE9   B1 B0      LDA (&B0),Y
     BAEB   C9 06      CMP #&06
     BAED   D0 04      BNE &BAF3
     BAEF   AD A4 A4   LDA &A4A4
     BAF2   60         RTS
.l1
     BAF3   C9 12      CMP #&12
     BAF5   D0 09      BNE &BB00
.l2
     BAF7   AD A5 A4   LDA &A4A5
     BAFA   24 C2      BIT &C2
     BAFC   50 01      BVC &BAFF
     BAFE   4A         LSR A
.l3
     BAFF   60         RTS
.l4
     BB00   C9 1A      CMP #&1A
     BB02   F0 F3      BEQ &BAF7
     BB04   A9 00      LDA #&00
     BB06   60         RTS
.ow7f_1
     BB07   BD 3A BC   LDA &BC3A,X
     BB0A   F0 DB      BEQ &BAE7
     BB0C   48         PHA
     BB0D   88         DEY
     BB0E   29 0F      AND #&0F
     BB10   D1 B0      CMP (&B0),Y
     BB12   D0 27      BNE &BB3B
     BB14   20 7C B1   JSR &B17C
     BB17   68         PLA
     BB18   85 C7      STA &C7
     BB1A   A0 0B      LDY #&0B
.loop1
     BB1C   B1 B0      LDA (&B0),Y
     BB1E   99 BB 00   STA &00BB,Y
     BB21   C0 05      CPY #&05
     BB23   B0 03      BCS &BB28
     BB25   99 A9 A4   STA &A4A9,Y
.l0
     BB28   88         DEY
     BB29   D0 F1      BNE &BB1C
     BB2B   B1 B0      LDA (&B0),Y
     BB2D   30 03      BMI &BB32
     BB2F   20 E1 8B   JSR &8BE1
.l1
     BB32   20 45 BB   JSR &BB45
     BB35   48         PHA
     BB36   20 CF B1   JSR &B1CF
     BB39   68         PLA
     BB3A   60         RTS
.owfault
     BB3B   68         PLA
     BB3C   A9 FF      LDA #&FF
     BB3E   60         RTS
.owdrvnotrdy
     BB3F   A9 10      LDA #&10
     BB41   60         RTS
.ownosector
     BB42   A9 1E      LDA #&1E
     BB44   60         RTS
.ow7f_2
     BB45   A9 10      LDA #&10
     BB47   24 C7      BIT &C7
     BB49   D0 04      BNE &BB4F
     BB4B   10 33      BPL &BB80
     BB4D   30 23      BMI &BB72
.l10
     BB4F   A5 C2      LDA &C2
     BB51   0A         ASL A
     BB52   85 BE      STA &BE
     BB54   A5 C3      LDA &C3
     BB56   2A         ROL A
     BB57   85 BF      STA &BF
     BB59   A5 C4      LDA &C4
     BB5B   30 E5      BMI &BB42
     BB5D   2A         ROL A
     BB5E   85 C0      STA &C0
     BB60   A5 C5      LDA &C5
     BB62   0A         ASL A
     BB63   85 C4      STA &C4
     BB65   B0 DB      BCS &BB42
     BB67   A9 00      LDA #&00
     BB69   85 C5      STA &C5
     BB6B   85 C6      STA &C6
     BB6D   26 C7      ROL &C7
     BB6F   4C E0 BB   JMP &BBE0
.l11
     BB72   A5 C6      LDA &C6
     BB74   F0 27      BEQ &BB9D
     BB76   E6 C4      INC &C4
     BB78   D0 23      BNE &BB9D
     BB7A   E6 C5      INC &C5
     BB7C   D0 1F      BNE &BB9D
     BB7E   F0 C2      BEQ &BB42
.l0
     BB80   A5 C4      LDA &C4
     BB82   50 02      BVC &BB86
     BB84   A9 0A      LDA #&0A
.l1
     BB86   29 1F      AND #&1F
     BB88   85 C4      STA &C4
     BB8A   70 07      BVS &BB93
     BB8C   18         CLC
     BB8D   65 C3      ADC &C3
     BB8F   C9 0B      CMP #&0B
     BB91   B0 AF      BCS &BB42
.l2
     BB93   A9 00      LDA #&00
     BB95   85 C5      STA &C5
     BB97   85 C6      STA &C6
     BB99   50 02      BVC &BB9D
     BB9B   85 C3      STA &C3
.l3
     BB9D   A5 C3      LDA &C3
     BB9F   C9 0A      CMP #&0A
     BBA1   B0 9F      BCS &BB42
.l4
     BBA3   A4 C2      LDY &C2
     BBA5   20 C1 B9   JSR &B9C1
     BBA8   70 95      BVS &BB3F
     BBAA   B0 96      BCS &BB42
     BBAC   26 C7      ROL &C7
     BBAE   24 C7      BIT &C7
     BBB0   50 07      BVC &BBB9
     BBB2   24 C2      BIT &C2
     BBB4   10 03      BPL &BBB9
     BBB6   A9 12      LDA #&12
     BBB8   60         RTS
.l5
     BBB9   24 C7      BIT &C7
     BBBB   30 40      BMI &BBFD
     BBBD   66 C3      ROR &C3
     BBBF   B0 1F      BCS &BBE0
     BBC1   A5 C4      LDA &C4
     BBC3   C9 02      CMP #&02
     BBC5   D0 19      BNE &BBE0
     BBC7   A5 BD      LDA &BD
     BBC9   C9 A2      CMP #&A2
     BBCB   D0 13      BNE &BBE0
     BBCD   AD AC A4   LDA &A4AC
     BBD0   2D AD A4   AND &A4AD
     BBD3   0D D6 A4   ORA &A4D6
     BBD6   49 FF      EOR #&FF
     BBD8   05 BC      ORA &BC
     BBDA   05 C5      ORA &C5
     BBDC   05 C6      ORA &C6
     BBDE   F0 2F      BEQ &BC0F
.l6
     BBE0   24 C7      BIT &C7
     BBE2   70 13      BVS &BBF7
     BBE4   20 03 B0   JSR &B003
.l7
     BBE7   AD AE A4   LDA &A4AE
     BBEA   F0 03      BEQ &BBEF
     BBEC   20 74 8C   JSR &8C74
.l8
     BBEF   2C A6 A4   BIT &A4A6
     BBF2   30 33      BMI &BC27
.OK
     BBF4   A9 00      LDA #&00
     BBF6   60         RTS
.l9
     BBF7   20 B9 B0   JSR &B0B9
     BBFA   4C E7 BB   JMP &BBE7
.vform
     BBFD   A0 FF      LDY #&FF
     BBFF   8C 82 A4   STY &A482
     BC02   50 0B      BVC &BC0F
     BC04   C8         INY
     BC05   98         TYA
.floop
     BC06   99 00 A2   STA &A200,Y
     BC09   99 00 A3   STA &A300,Y
     BC0C   C8         INY
     BC0D   D0 F7      BNE &BC06
.cat
.loop
     BC0F   24 C7      BIT &C7
     BC11   70 06      BVS &BC19
     BC13   20 B4 AF   JSR &AFB4
     BC16   4C 1C BC   JMP &BC1C
.k1
     BC19   20 CB AF   JSR &AFCB
.k2
     BC1C   C6 C4      DEC &C4
     BC1E   C6 C4      DEC &C4
     BC20   F0 D2      BEQ &BBF4
     BC22   20 16 BA   JSR &BA16
     BC25   90 E8      BCC &BC0F
.ownosector2
     BC27   A9 1E      LDA #&1E
     BC29   60         RTS
.owtable1
     BC2A   7D
     BC2B   4A
     BC2C   4B
     BC2D   4C
     BC2E   4E
     BC2F   4F
     BC30   52
     BC31   53
     BC32   54
     BC33   56
     BC34   57
     BC35   5E
     BC36   5F
     BC37   63
     BC38   A5
     BC39   85
.owtable2
     BC3A   00
     BC3B   23
     BC3C   23
     BC3D   34
     BC3E   23
     BC3F   23
     BC40   03
     BC41   03
     BC42   14
     BC43   03
     BC44   03
     BC45   45
     BC46   43
     BC47   65
     BC48   A5
     BC49   85
Processed file 'MM32.asm' ok
Including file ROMS.asm
.CMD_ROMS
     BC4A   20 62 BD   JSR &BD62
     BC4D   85 A8      STA &A8
     BC4F   A9 0F      LDA #&0F
     BC51   85 AA      STA &AA
     BC53   20 55 BD   JSR &BD55
     BC56   38         SEC
     BC57   20 C2 FF   JSR &FFC2
     BC5A   84 AB      STY &AB
     BC5C   18         CLC
     BC5D   F0 1B      BEQ &BC7A
.loopROMnumbers
     BC5F   20 41 84   JSR &8441
     BC62   B0 16      BCS &BC7A
     BC64   E0 10      CPX #&10
     BC66   B0 F7      BCS &BC5F
     BC68   8A         TXA
     BC69   84 AB      STY &AB
     BC6B   85 AA      STA &AA
     BC6D   20 CE BC   JSR &BCCE
     BC70   A4 AB      LDY &AB
     BC72   20 C5 81   JSR &81C5
     BC75   84 AB      STY &AB
     BC77   D0 E6      BNE &BC5F
     BC79   60         RTS
.Label_A9FF_notnum
     BC7A   66 A8      ROR &A8
.Label_AA01_loop
     BC7C   24 A8      BIT &A8
     BC7E   10 05      BPL &BC85
     BC80   20 8D BC   JSR &BC8D
     BC83   90 03      BCC &BC88
.Label_AA0A
     BC85   20 CE BC   JSR &BCCE
.Label_AA0D_nomatch
     BC88   C6 AA      DEC &AA
     BC8A   10 F0      BPL &BC7C
     BC8C   60         RTS
.Sub_AA12_titlecmp
     BC8D   A9 09      LDA #&09
     BC8F   85 F6      STA &F6
     BC91   A9 80      LDA #&80
     BC93   85 F7      STA &F7
     BC95   A4 AB      LDY &AB
.Label_AA1C_loop
     BC97   B1 F2      LDA (&F2),Y
     BC99   C9 0D      CMP #&0D
     BC9B   F0 22      BEQ &BCBF
     BC9D   C9 22      CMP #&22
     BC9F   F0 1E      BEQ &BCBF
     BCA1   C8         INY
     BCA2   C9 2A      CMP #&2A
     BCA4   F0 26      BEQ &BCCC
     BCA6   20 13 83   JSR &8313
     BCA9   85 AE      STA &AE
     BCAB   20 47 BD   JSR &BD47
     BCAE   F0 0D      BEQ &BCBD
     BCB0   A6 AE      LDX &AE
     BCB2   E0 23      CPX #&23
     BCB4   F0 E1      BEQ &BC97
     BCB6   20 13 83   JSR &8313
     BCB9   C5 AE      CMP &AE
     BCBB   F0 DA      BEQ &BC97
.Label_AA42_nomatch
     BCBD   18         CLC
     BCBE   60         RTS
.Label_AA44
     BCBF   20 47 BD   JSR &BD47
     BCC2   F0 08      BEQ &BCCC
     BCC4   C9 20      CMP #&20
     BCC6   F0 F7      BEQ &BCBF
     BCC8   C9 0D      CMP #&0D
     BCCA   D0 F1      BNE &BCBD
.Label_AA51_match
     BCCC   38         SEC
     BCCD   60         RTS
.Label_AA53_RomInfo
     BCCE   A4 AA      LDY &AA
     BCD0   B1 AC      LDA (&AC),Y
     BCD2   F0 E9      BEQ &BCBD
     BCD4   48         PHA
     BCD5   20 9D 80   JSR &809D
     BCD8   52 6F 6D ...
     BCDC   98         TYA
     BCDD   20 FC 80   JSR &80FC
     BCE0   20 9D 80   JSR &809D
     BCE3   20 3A 20 
     BCE6   A9 28      LDA #&28
     BCE8   20 E0 80   JSR &80E0
     BCEB   68         PLA
     BCEC   48         PHA
     BCED   30 04      BMI &BCF3
     BCEF   A0 20      LDY #&20
     BCF1   D0 02      BNE &BCF5
.Label_AA78
     BCF3   A0 53      LDY #&53
.Label_AA7A
     BCF5   98         TYA
     BCF6   20 E0 80   JSR &80E0
     BCF9   68         PLA
     BCFA   A0 20      LDY #&20
     BCFC   0A         ASL A
     BCFD   10 02      BPL &BD01
     BCFF   A0 4C      LDY #&4C
.Label_AA86
     BD01   98         TYA
     BD02   20 E0 80   JSR &80E0
     BD05   A9 29      LDA #&29
     BD07   20 E0 80   JSR &80E0
     BD0A   20 20 81   JSR &8120
     BD0D   20 15 BD   JSR &BD15
     BD10   20 7F 83   JSR &837F
     BD13   38         SEC
     BD14   60         RTS
.Label_AA9A_PrtRomTitle
     BD15   A9 07      LDA #&07
     BD17   85 F6      STA &F6
     BD19   A9 80      LDA #&80
     BD1B   85 F7      STA &F7
     BD1D   20 47 BD   JSR &BD47
     BD20   85 AE      STA &AE
     BD22   E6 F6      INC &F6
     BD24   A0 1E      LDY #&1E
     BD26   20 3A BD   JSR &BD3A
     BD29   B0 1B      BCS &BD46
     BD2B   20 20 81   JSR &8120
     BD2E   90 09      BCC &BD39
.Label_AAB8_loop
     BD30   C9 20      CMP #&20
     BD32   B0 02      BCS &BD36
     BD34   A9 20      LDA #&20
.Label_AABE
     BD36   20 E0 80   JSR &80E0
.DEY_Sub_AAC2_PrintRomStr
     BD39   88         DEY
.Sub_AAC2_PrintRomStr
     BD3A   A5 F6      LDA &F6
     BD3C   C5 AE      CMP &AE
     BD3E   B0 06      BCS &BD46
     BD40   20 47 BD   JSR &BD47
     BD43   D0 EB      BNE &BD30
     BD45   18         CLC
.Label_AACE_rts
     BD46   60         RTS
.Sub_AACF_ReadRom
     BD47   98         TYA
     BD48   48         PHA
     BD49   A4 AA      LDY &AA
     BD4B   20 B9 FF   JSR &FFB9
     BD4E   E6 F6      INC &F6
     BD50   AA         TAX
     BD51   68         PLA
     BD52   A8         TAY
     BD53   8A         TXA
     BD54   60         RTS
.Sub_AADD_RomTablePtrBA
     BD55   20 21 84   JSR &8421
     BD58   A9 AA      LDA #&AA
     BD5A   20 79 93   JSR &9379
     BD5D   86 AC      STX &AC
     BD5F   84 AD      STY &AD
     BD61   60         RTS
.Sub_AAEA_StackAZero
     BD62   BA         TSX
     BD63   A9 00      LDA #&00
     BD65   9D 07 01   STA &0107,X
     BD68   60         RTS
Processed file 'ROMS.asm' ok
Including file Utilities.asm
.CMD_DUMP
     BD69   A9 40      LDA #&40
     BD6B   20 68 BE   JSR &BE68
     BD6E   A9 00      LDA #&00
     BD70   48         PHA
     BD71   AA         TAX
     BD72   F0 06      BEQ &BD7A
.dump_inc_address
     BD74   69 08      ADC #&08
     BD76   48         PHA
     BD77   90 01      BCC &BD7A
     BD79   E8         INX
.dump_loop
     BD7A   8A         TXA
     BD7B   20 0F 81   JSR &810F
     BD7E   68         PLA
     BD7F   48         PHA
     BD80   20 0F 81   JSR &810F
     BD83   8A         TXA
     BD84   48         PHA
     BD85   20 20 81   JSR &8120
     BD88   A2 07      LDX #&07
.dump_getbytes_loop
     BD8A   20 D7 FF   JSR &FFD7
     BD8D   B0 0B      BCS &BD9A
     BD8F   95 A8      STA &A8,X
     BD91   20 0F 81   JSR &810F
     BD94   20 20 81   JSR &8120
     BD97   CA         DEX
     BD98   10 F0      BPL &BD8A
.dump_eof
     BD9A   08         PHP
     BD9B   90 12      BCC &BDAF
.dump_padnum_loop
     BD9D   A9 2A      LDA #&2A
     BD9F   20 EE FF   JSR &FFEE
     BDA2   20 EE FF   JSR &FFEE
     BDA5   20 20 81   JSR &8120
     BDA8   A9 00      LDA #&00
     BDAA   95 A8      STA &A8,X
     BDAC   CA         DEX
     BDAD   10 EE      BPL &BD9D
.dump_noteof
     BDAF   A2 07      LDX #&07
.dump_chr_loop
     BDB1   B5 A8      LDA &A8,X
     BDB3   29 7F      AND #&7F
     BDB5   C9 7F      CMP #&7F
     BDB7   F0 04      BEQ &BDBD
     BDB9   C9 20      CMP #&20
     BDBB   B0 02      BCS &BDBF
.showchrdot
     BDBD   A9 2E      LDA #&2E
.showchrexit
     BDBF   20 EE FF   JSR &FFEE
     BDC2   CA         DEX
     BDC3   10 EC      BPL &BDB1
     BDC5   20 E7 FF   JSR &FFE7
     BDC8   28         PLP
     BDC9   68         PLA
     BDCA   AA         TAX
     BDCB   68         PLA
     BDCC   24 FF      BIT &FF
     BDCE   30 3A      BMI &BE0A
     BDD0   90 A2      BCC &BD74
     BDD2   B0 31      BCS &BE05
.CMD_TYPE
     BDD4   A9 00      LDA #&00
     BDD6   F0 02      BEQ &BDDA
.CMD_LIST
     BDD8   A9 FF      LDA #&FF
.type
     BDDA   85 AA      STA &AA
     BDDC   A9 40      LDA #&40
     BDDE   20 68 BE   JSR &BE68
     BDE1   A9 0D      LDA #&0D
.list_loop_entry
     BDE3   25 AA      AND &AA
     BDE5   49 0D      EOR #&0D
     BDE7   AA         TAX
.list_loop
     BDE8   20 D7 FF   JSR &FFD7
     BDEB   B0 15      BCS &BE02
     BDED   C9 0A      CMP #&0A
     BDEF   F0 F7      BEQ &BDE8
     BDF1   48         PHA
     BDF2   8A         TXA
     BDF3   D0 03      BNE &BDF8
     BDF5   20 99 BE   JSR &BE99
.list_skiplineno
     BDF8   68         PLA
     BDF9   20 E3 FF   JSR &FFE3
     BDFC   24 FF      BIT &FF
     BDFE   30 0A      BMI &BE0A
     BE00   10 E1      BPL &BDE3
.list_eof
     BE02   20 E7 FF   JSR &FFE7
.Utils_CloseFile_Yhandle
     BE05   A9 00      LDA #&00
     BE07   4C CE FF   JMP &FFCE
.Utils_ESCAPE_CloseFileY
     BE0A   20 05 BE   JSR &BE05
     BE0D   4C 80 8C   JMP &8C80
.CMD_BUILD
     BE10   A9 80      LDA #&80
     BE12   20 68 BE   JSR &BE68
.loop_newline
     BE15   20 99 BE   JSR &BE99
     BE18   A2 00      LDX #&00
.loop_line
     BE1A   20 E0 FF   JSR &FFE0
     BE1D   B0 EB      BCS &BE0A
     BE1F   C9 15      CMP #&15
     BE21   F0 11      BEQ &BE34
     BE23   C9 7F      CMP #&7F
     BE25   F0 14      BEQ &BE3B
     BE27   20 E3 FF   JSR &FFE3
     BE2A   20 D4 FF   JSR &FFD4
     BE2D   E8         INX
     BE2E   C9 0D      CMP #&0D
     BE30   D0 E8      BNE &BE1A
     BE32   F0 E1      BEQ &BE15
.clearline
     BE34   20 41 BE   JSR &BE41
     BE37   D0 FB      BNE &BE34
     BE39   F0 DF      BEQ &BE1A
.subpointer
     BE3B   20 41 BE   JSR &BE41
     BE3E   4C 1A BE   JMP &BE1A
.fpdec
     BE41   8A         TXA
     BE42   F0 23      BEQ &BE67
     BE44   48         PHA
     BE45   A9 7F      LDA #&7F
     BE47   20 EE FF   JSR &FFEE
     BE4A   A9 00      LDA #&00
     BE4C   A2 AA      LDX #&AA
     BE4E   20 DA FF   JSR &FFDA
     BE51   A5 AA      LDA &AA
     BE53   D0 08      BNE &BE5D
     BE55   A5 AB      LDA &AB
     BE57   D0 02      BNE &BE5B
     BE59   C6 AC      DEC &AC
.decmsb
     BE5B   C6 AB      DEC &AB
.declsb
     BE5D   C6 AA      DEC &AA
.fpdecdone
     BE5F   A9 03      LDA #&03
     BE61   20 DA FF   JSR &FFDA
     BE64   68         PLA
     BE65   AA         TAX
     BE66   CA         DEX
.fpdecrts
     BE67   60         RTS
.Utils_FilenameAtXY
     BE68   85 AF      STA &AF
     BE6A   BA         TSX
     BE6B   A9 00      LDA #&00
     BE6D   9D 07 01   STA &0107,X
     BE70   85 A8      STA &A8
     BE72   85 A9      STA &A9
     BE74   88         DEY
.utils_skipspcloop
     BE75   C8         INY
     BE76   B1 F2      LDA (&F2),Y
     BE78   C9 20      CMP #&20
     BE7A   F0 F9      BEQ &BE75
     BE7C   C9 0D      CMP #&0D
     BE7E   D0 03      BNE &BE83
     BE80   4C 03 9A   JMP &9A03
.utils_notnullstr
     BE83   98         TYA
     BE84   18         CLC
     BE85   65 F2      ADC &F2
     BE87   AA         TAX
     BE88   A5 F3      LDA &F3
     BE8A   69 00      ADC #&00
     BE8C   A8         TAY
     BE8D   A5 AF      LDA &AF
     BE8F   20 CE FF   JSR &FFCE
     BE92   F0 02      BEQ &BE96
     BE94   A8         TAY
     BE95   60         RTS
.utils_filenotfound
     BE96   4C 42 82   JMP &8242
.Utils_PrintLineNoA8
     BE99   20 73 AC   JSR &AC73
     BE9C   20 0F 81   JSR &810F
     BE9F   A5 A8      LDA &A8
     BEA1   20 0F 81   JSR &810F
     BEA4   4C 20 81   JMP &8120
Processed file 'Utilities.asm' ok
.Init12K
     BEA7   08         PHP
     BEA8   48         PHA
     BEA9   8A         TXA
     BEAA   48         PHA
     BEAB   98         TYA
     BEAC   48         PHA
     BEAD   A9 00      LDA #&00
     BEAF   85 B0      STA &B0
     BEB1   A9 7F      LDA #&7F
     BEB3   85 B1      STA &B1
     BEB5   A5 F4      LDA &F4
     BEB7   09 80      ORA #&80
     BEB9   AA         TAX
     BEBA   A0 FF      LDY #&FF
     BEBC   D0 09      BNE &BEC7
.loop
     BEBE   B1 B0      LDA (&B0),Y
     BEC0   86 F4      STX &F4
     BEC2   8E 30 FE   STX &FE30
     BEC5   91 B0      STA (&B0),Y
.start_loop
     BEC7   8A         TXA
     BEC8   29 7F      AND #&7F
     BECA   85 F4      STA &F4
     BECC   8D 30 FE   STA &FE30
     BECF   C8         INY
     BED0   D0 EC      BNE &BEBE
     BED2   E6 B1      INC &B1
     BED4   A5 B1      LDA &B1
     BED6   C9 B0      CMP #&B0
     BED8   F0 0A      BEQ &BEE4
     BEDA   C9 A2      CMP #&A2
     BEDC   D0 E0      BNE &BEBE
     BEDE   A9 AB      LDA #&AB
     BEE0   85 B1      STA &B1
     BEE2   D0 DA      BNE &BEBE
.done
     BEE4   68         PLA
     BEE5   A8         TAY
     BEE6   68         PLA
     BEE7   AA         TAX
     BEE8   68         PLA
     BEE9   28         PLP
     BEEA   60         RTS
.PageIn12K
     BEEB   08         PHP
     BEEC   48         PHA
     BEED   A5 F4      LDA &F4
     BEEF   09 80      ORA #&80
     BEF1   85 F4      STA &F4
     BEF3   8D 30 FE   STA &FE30
     BEF6   68         PLA
     BEF7   28         PLP
     BEF8   60         RTS
.PageOut12K
     BEF9   08         PHP
     BEFA   48         PHA
     BEFB   A5 F4      LDA &F4
     BEFD   29 7F      AND #&7F
     BEFF   85 F4      STA &F4
     BF01   8D 30 FE   STA &FE30
     BF04   68         PLA
     BF05   28         PLP
     BF06   60         RTS
    code ends at&BF07  (559 bytes free )
Saving file 'build/T2/SWMMFS+'
Processed file 'mmfs100.asm' ok
Processed file 'top_SWMMFS+.asm' ok
