Including file DEVICE.asm
Processed file 'DEVICE.asm' ok
Including file mmfs100.asm
Including file VERSION.asm
Processed file 'VERSION.asm' ok
Including file SYSVARS.asm
Processed file 'SYSVARS.asm' ok
.langentry
     8000   00         BRK
     8001   00         BRK
     8002   00         BRK
.serventry
     8003   4C 9D 8D   JMP &8D9D
.romtype
     8006   82
.copywoffset
     8007   24
.binversion
     8008   7B
.title
Macro BUILD_NAME:
Macro BASE_NAME:
     8009   4D 6F 64 ...
Macro SYSTEM_NAME:
     8012   4D 4D 46 ...
End macro SYSTEM_NAME
     8017   20 31 32 ...
End macro BASE_NAME
Macro DEVICE_NAME:
     801B   20 43 45 ...
End macro DEVICE_NAME
Macro DFS_EMUL_NAME:
End macro DFS_EMUL_NAME
     801F   00
End macro BUILD_NAME
.version
Macro BUILD_VERSION:
     8020   31 2E 35 ...
     8024   00
End macro BUILD_VERSION
.copyright
Macro BUILD_COPYRIGHT:
     8025   28 43 29 ...
     8033   00
End macro BUILD_COPYRIGHT
.header_end
.Go_FSCV
     8034   6C 1E 02   JMP (&021E)
.SetLEDS
     8037   A2 06      LDX #&06
     8039   8E 40 FE   STX &FE40
     803C   E8         INX
     803D   8E 40 FE   STX &FE40
     8040   60         RTS
.ResetLEDS
     8041   20 F6 83   JSR &83F6
     8044   A9 76      LDA #&76
     8046   4C F4 FF   JMP &FFF4
.errDISK
     8049   20 5E 80   JSR &805E
     804C   00         BRK
     804D   44 69 73 ...
     8052   90 21      BCC &8075
.errBAD
     8054   20 5E 80   JSR &805E
     8057   00         BRK
     8058   42 61 64 ...
     805C   90 17      BCC &8075
.ReportErrorCB
     805E   AD DD A4   LDA &A4DD
     8061   D0 03      BNE &8066
     8063   20 08 97   JSR &9708
.brk100_notbuf
     8066   A9 FF      LDA #&FF
     8068   8D 82 A4   STA &A482
     806B   8D DD A4   STA &A4DD
.ReportError
     806E   A2 02      LDX #&02
     8070   A9 00      LDA #&00
     8072   8D 00 01   STA &0100
.ErrCONTINUE
     8075   20 41 80   JSR &8041
.ReportError2
     8078   68         PLA
     8079   85 AE      STA &AE
     807B   68         PLA
     807C   85 AF      STA &AF
     807E   A0 00      LDY #&00
     8080   20 ED 83   JSR &83ED
     8083   8D 01 01   STA &0101
     8086   CA         DEX
.errstr_loop
     8087   E8         INX
     8088   20 ED 83   JSR &83ED
     808B   9D 00 01   STA &0100,X
     808E   30 27      BMI &80B7
     8090   D0 F5      BNE &8087
     8092   20 6D 8C   JSR &8C6D
     8095   4C 00 01   JMP &0100
.PrintNibble_PrintString
     8098   20 05 81   JSR &8105
.PrintString
     809B   85 B3      STA &B3
     809D   68         PLA
     809E   85 AE      STA &AE
     80A0   68         PLA
     80A1   85 AF      STA &AF
     80A3   A5 B3      LDA &B3
     80A5   48         PHA
     80A6   98         TYA
     80A7   48         PHA
     80A8   A0 00      LDY #&00
.prtstr_loop
     80AA   20 ED 83   JSR &83ED
     80AD   30 05      BMI &80B4
     80AF   20 DE 80   JSR &80DE
     80B2   10 F6      BPL &80AA
.prtstr_return1
     80B4   68         PLA
     80B5   A8         TAY
     80B6   68         PLA
.prtstr_return2
     80B7   18         CLC
     80B8   6C AE 00   JMP (&00AE)
.PrintStringSPL
     80BB   85 B3      STA &B3
     80BD   68         PLA
     80BE   85 AE      STA &AE
     80C0   68         PLA
     80C1   85 AF      STA &AF
     80C3   A5 B3      LDA &B3
     80C5   48         PHA
     80C6   98         TYA
     80C7   48         PHA
     80C8   A0 00      LDY #&00
.pstr_loop
     80CA   20 ED 83   JSR &83ED
     80CD   30 E5      BMI &80B4
     80CF   20 E3 FF   JSR &FFE3
     80D2   4C CA 80   JMP &80CA
.PrintSpace
     80D5   A9 20      LDA #&20
     80D7   D0 05      BNE &80DE
.PrintNibFullStop
     80D9   20 05 81   JSR &8105
.PrintFullStop
     80DC   A9 2E      LDA #&2E
.PrintChrA
     80DE   20 F6 83   JSR &83F6
     80E1   48         PHA
     80E2   A9 EC      LDA #&EC
     80E4   20 75 93   JSR &9375
     80E7   8A         TXA
     80E8   48         PHA
     80E9   09 10      ORA #&10
     80EB   AA         TAX
     80EC   20 F5 80   JSR &80F5
     80EF   68         PLA
     80F0   AA         TAX
     80F1   68         PLA
     80F2   20 E3 FF   JSR &FFE3
.osbyte03_Xoutstream
     80F5   A9 03      LDA #&03
     80F7   4C F4 FF   JMP &FFF4
.PrintBCD
     80FA   20 2E 84   JSR &842E
.PrintHex
     80FD   48         PHA
     80FE   20 22 82   JSR &8222
     8101   20 05 81   JSR &8105
     8104   68         PLA
.PrintNibble
     8105   20 27 81   JSR &8127
     8108   D0 D4      BNE &80DE
.PrintBCDSPL
     810A   20 2E 84   JSR &842E
.PrintHexSPL
     810D   48         PHA
     810E   20 22 82   JSR &8222
     8111   20 15 81   JSR &8115
     8114   68         PLA
.PrintNibbleSPL
     8115   20 27 81   JSR &8127
     8118   4C EE FF   JMP &FFEE
.Print2SpacesSPL
     811B   20 1E 81   JSR &811E
.PrintSpaceSPL
     811E   48         PHA
     811F   A9 20      LDA #&20
     8121   20 EE FF   JSR &FFEE
     8124   68         PLA
     8125   18         CLC
     8126   60         RTS
.NibToASC
     8127   29 0F      AND #&0F
     8129   C9 0A      CMP #&0A
     812B   90 02      BCC &812F
     812D   69 06      ADC #&06
.nibasc
     812F   69 30      ADC #&30
     8131   60         RTS
.CopyVarsB0BA
     8132   20 42 81   JSR &8142
     8135   CA         DEX
     8136   CA         DEX
     8137   20 3A 81   JSR &813A
.cpybyte1
     813A   B1 B0      LDA (&B0),Y
     813C   9D 72 A4   STA &A472,X
     813F   E8         INX
     8140   C8         INY
     8141   60         RTS
.CopyWordB0BA
     8142   20 45 81   JSR &8145
.cpybyte2
     8145   B1 B0      LDA (&B0),Y
     8147   95 BA      STA &BA,X
     8149   E8         INX
     814A   C8         INY
     814B   60         RTS
.read_fspTextPointer
     814C   20 D7 8B   JSR &8BD7
     814F   4C 62 81   JMP &8162
.read_fspBA_reset
     8152   20 D7 8B   JSR &8BD7
.read_fspBA
     8155   A5 BA      LDA &BA
     8157   85 F2      STA &F2
     8159   A5 BB      LDA &BB
     815B   85 F3      STA &F3
     815D   A0 00      LDY #&00
     815F   20 C3 81   JSR &81C3
.rdafsp_entry
     8162   A2 20      LDX #&20
     8164   20 A8 81   JSR &81A8
     8167   B0 1B      BCS &8184
     8169   8D 00 A4   STA &A400
     816C   C9 2E      CMP #&2E
     816E   D0 04      BNE &8174
.rdafsp_setdrv
     8170   86 CC      STX &CC
     8172   F0 EE      BEQ &8162
.rdafsp_notdot
     8174   C9 3A      CMP #&3A
     8176   D0 15      BNE &818D
     8178   20 EC 8B   JSR &8BEC
     817B   20 A8 81   JSR &81A8
     817E   B0 04      BCS &8184
     8180   C9 2E      CMP #&2E
     8182   F0 DE      BEQ &8162
.errBadName
     8184   20 54 80   JSR &8054
     8187   CC
     8188   6E 61 6D ...
     818C   00
.rdafsp_notcolon
     818D   AA         TAX
     818E   20 A8 81   JSR &81A8
     8191   B0 34      BCS &81C7
     8193   C9 2E      CMP #&2E
     8195   F0 D9      BEQ &8170
     8197   A2 01      LDX #&01
.rdafsp_rdfnloop
     8199   9D 00 A4   STA &A400,X
     819C   E8         INX
     819D   20 A8 81   JSR &81A8
     81A0   B0 27      BCS &81C9
     81A2   E0 07      CPX #&07
     81A4   D0 F3      BNE &8199
     81A6   F0 DC      BEQ &8184
.GSREAD_A
     81A8   20 C5 FF   JSR &FFC5
     81AB   08         PHP
     81AC   29 7F      AND #&7F
     81AE   C9 0D      CMP #&0D
     81B0   F0 08      BEQ &81BA
     81B2   C9 20      CMP #&20
     81B4   90 CE      BCC &8184
     81B6   C9 7F      CMP #&7F
     81B8   F0 CA      BEQ &8184
.dogsrd_exit
     81BA   28         PLP
     81BB   60         RTS
.SetTextPointerYX
     81BC   86 F2      STX &F2
     81BE   84 F3      STY &F3
     81C0   A0 00      LDY #&00
     81C2   60         RTS
.GSINIT_A
     81C3   18         CLC
     81C4   4C C2 FF   JMP &FFC2
.Rdafsp_padall
     81C7   A2 01      LDX #&01
.rdafsp_padX
     81C9   A9 20      LDA #&20
.rdafsp_padloop
     81CB   9D 00 A4   STA &A400,X
     81CE   E8         INX
     81CF   E0 40      CPX #&40
     81D1   D0 F8      BNE &81CB
     81D3   A2 06      LDX #&06
.rdafsp_cpyfnloop
     81D5   BD 00 A4   LDA &A400,X
     81D8   95 C5      STA &C5,X
     81DA   CA         DEX
     81DB   10 F8      BPL &81D5
     81DD   60         RTS
.prt_filename_Yoffset
     81DE   20 F6 83   JSR &83F6
     81E1   B9 0F A2   LDA &A20F,Y
     81E4   08         PHP
     81E5   29 7F      AND #&7F
     81E7   D0 05      BNE &81EE
     81E9   20 1B 81   JSR &811B
     81EC   F0 06      BEQ &81F4
.prt_filename_prtchr
     81EE   20 DE 80   JSR &80DE
     81F1   20 DC 80   JSR &80DC
.prt_filename_nodir
     81F4   A2 06      LDX #&06
.prt_filename_loop
     81F6   B9 08 A2   LDA &A208,Y
     81F9   29 7F      AND #&7F
     81FB   20 DE 80   JSR &80DE
     81FE   C8         INY
     81FF   CA         DEX
     8200   10 F4      BPL &81F6
     8202   20 1B 81   JSR &811B
     8205   A9 20      LDA #&20
     8207   28         PLP
     8208   10 02      BPL &820C
     820A   A9 4C      LDA #&4C
.prt_filename_notlocked
     820C   20 DE 80   JSR &80DE
     820F   A0 01      LDY #&01
.prt_Yspaces
     8211   20 1E 81   JSR &811E
     8214   88         DEY
     8215   D0 FA      BNE &8211
     8217   60         RTS
.A_rorx6and3
     8218   4A         LSR A
     8219   4A         LSR A
.A_rorx4and3
     821A   4A         LSR A
     821B   4A         LSR A
.A_rorx2and3
     821C   4A         LSR A
     821D   4A         LSR A
     821E   29 03      AND #&03
     8220   60         RTS
.A_rorx5
     8221   4A         LSR A
.A_rorx4
     8222   4A         LSR A
     8223   4A         LSR A
     8224   4A         LSR A
     8225   4A         LSR A
     8226   60         RTS
.A_rolx5
     8227   0A         ASL A
.A_rolx4
     8228   0A         ASL A
     8229   0A         ASL A
     822A   0A         ASL A
     822B   0A         ASL A
.getcat_exit
     822C   60         RTS
.parameter_afsp_Param_SyntaxErrorIfNull_getcatentry_fspTxtP
     822D   20 7D 92   JSR &927D
.Param_SyntaxErrorIfNull_getcatentry_fspTxtP
     8230   20 F9 99   JSR &99F9
.getcatentry_fspTxtP
     8233   20 4C 81   JSR &814C
     8236   30 03      BMI &823B
.getcatentry_fspBA
     8238   20 52 81   JSR &8152
.getcatentry
     823B   20 80 82   JSR &8280
     823E   B0 EC      BCS &822C
.err_FILENOTFOUND
     8240   20 6E 80   JSR &806E
     8243   D6
     8244   4E 6F 74 ...
     824D   00
.fscv9_starEX
     824E   20 BC 81   JSR &81BC
.CMD_EX
     8251   20 D7 8B   JSR &8BD7
     8254   20 C3 81   JSR &81C3
     8257   F0 03      BEQ &825C
     8259   20 8F 89   JSR &898F
.cmd_ex_nullstr
     825C   A9 2A      LDA #&2A
     825E   8D 00 A4   STA &A400
     8261   20 C7 81   JSR &81C7
     8264   20 7D 92   JSR &927D
     8267   20 3B 82   JSR &823B
     826A   4C 77 82   JMP &8277
.fscv10_starINFO
     826D   20 BC 81   JSR &81BC
     8270   A9 4E      LDA #&4E
     8272   85 BF      STA &BF
.CMD_INFO
     8274   20 2D 82   JSR &822D
.cmd_info_loop
     8277   20 4C 83   JSR &834C
     827A   20 87 82   JSR &8287
     827D   B0 F8      BCS &8277
     827F   60         RTS
.get_cat_firstentry80
.get_cat_firstentry81
     8280   20 7A AB   JSR &AB7A
     8283   A2 00      LDX #&00
     8285   F0 18      BEQ &829F
.get_cat_nextentry
     8287   A2 00      LDX #&00
     8289   F0 18      BEQ &82A3
.get_cat_firstentry80fname
     828B   A2 06      LDX #&06
.getcatloop1
     828D   B5 C5      LDA &C5,X
     828F   9D 58 A4   STA &A458,X
     8292   CA         DEX
     8293   10 F8      BPL &828D
     8295   A9 20      LDA #&20
     8297   8D 5F A4   STA &A45F
     829A   20 7A AB   JSR &AB7A
     829D   A2 58      LDX #&58
.getcatentry2
     829F   A9 00      LDA #&00
     82A1   85 B6      STA &B6
.getcatsetupB7
     82A3   A9 A2      LDA #&A2
     82A5   85 B7      STA &B7
.getcatloop2
     82A7   A0 00      LDY #&00
     82A9   A5 B6      LDA &B6
     82AB   CD 05 A3   CMP &A305
     82AE   B0 49      BCS &82F9
     82B0   69 08      ADC #&08
     82B2   85 B6      STA &B6
     82B4   20 CE 82   JSR &82CE
     82B7   90 EE      BCC &82A7
     82B9   A5 CC      LDA &CC
     82BB   A0 07      LDY #&07
     82BD   20 FB 82   JSR &82FB
     82C0   D0 E5      BNE &82A7
     82C2   A4 B6      LDY &B6
     82C4   38         SEC
.Y_sub8
     82C5   88         DEY
     82C6   88         DEY
     82C7   88         DEY
     82C8   88         DEY
     82C9   88         DEY
     82CA   88         DEY
     82CB   88         DEY
     82CC   88         DEY
.NotCmdTable2
     82CD   60         RTS
.MatchFilename
     82CE   20 F6 83   JSR &83F6
.matfn_loop1
     82D1   BD 00 A4   LDA &A400,X
     82D4   CD CE A4   CMP &A4CE
     82D7   D0 13      BNE &82EC
     82D9   E8         INX
.matfn_loop2
     82DA   20 CE 82   JSR &82CE
     82DD   B0 1B      BCS &82FA
     82DF   C8         INY
     82E0   C0 07      CPY #&07
     82E2   90 F6      BCC &82DA
.matfn_loop3
     82E4   BD 00 A4   LDA &A400,X
     82E7   C9 20      CMP #&20
     82E9   D0 0E      BNE &82F9
     82EB   60         RTS
.matfn_nomatch
     82EC   C0 07      CPY #&07
     82EE   B0 F4      BCS &82E4
     82F0   20 FB 82   JSR &82FB
     82F3   D0 04      BNE &82F9
     82F5   E8         INX
     82F6   C8         INY
     82F7   D0 D8      BNE &82D1
.matfn_exitC0
     82F9   18         CLC
.matfn_exit
     82FA   60         RTS
.MatchChr
     82FB   CD CE A4   CMP &A4CE
     82FE   F0 10      BEQ &8310
     8300   CD CD A4   CMP &A4CD
     8303   F0 0B      BEQ &8310
     8305   20 39 83   JSR &8339
     8308   51 B6      EOR (&B6),Y
     830A   B0 02      BCS &830E
     830C   29 5F      AND #&5F
.matchr_notalpha
     830E   29 7F      AND #&7F
.matchr_exit
     8310   60         RTS
.UcaseA2
     8311   08         PHP
     8312   20 39 83   JSR &8339
     8315   B0 02      BCS &8319
     8317   29 5F      AND #&5F
.ucasea
     8319   29 7F      AND #&7F
     831B   28         PLP
     831C   60         RTS
.DeleteCatEntry_YFileOffset
     831D   20 32 93   JSR &9332
.delcatloop
     8320   B9 10 A2   LDA &A210,Y
     8323   99 08 A2   STA &A208,Y
     8326   B9 10 A3   LDA &A310,Y
     8329   99 08 A3   STA &A308,Y
     832C   C8         INY
     832D   CC 05 A3   CPY &A305
     8330   90 EE      BCC &8320
     8332   98         TYA
     8333   E9 08      SBC #&08
     8335   8D 05 A3   STA &A305
.print_infoline_exit
     8338   60         RTS
.IsAlphaChar
     8339   48         PHA
     833A   29 5F      AND #&5F
     833C   C9 41      CMP #&41
     833E   90 04      BCC &8344
     8340   C9 5B      CMP #&5B
     8342   90 01      BCC &8345
.isalpha1
     8344   38         SEC
.isalpha2
     8345   68         PLA
     8346   60         RTS
.prt_InfoMsg_Yoffset
     8347   2C C6 A4   BIT &A4C6
     834A   30 EC      BMI &8338
.prt_InfoLine_Yoffset
     834C   20 F6 83   JSR &83F6
     834F   20 DE 81   JSR &81DE
     8352   98         TYA
     8353   48         PHA
     8354   A9 60      LDA #&60
     8356   85 B0      STA &B0
     8358   A9 A4      LDA #&A4
     835A   85 B1      STA &B1
     835C   20 97 83   JSR &8397
     835F   A0 02      LDY #&02
     8361   20 1E 81   JSR &811E
     8364   20 85 83   JSR &8385
     8367   20 85 83   JSR &8385
     836A   20 85 83   JSR &8385
     836D   68         PLA
     836E   A8         TAY
     836F   B9 0E A3   LDA &A30E,Y
     8372   29 03      AND #&03
     8374   20 05 81   JSR &8105
     8377   B9 0F A3   LDA &A30F,Y
     837A   20 FD 80   JSR &80FD
.PrintNewLine
     837D   48         PHA
     837E   A9 0D      LDA #&0D
     8380   20 DE 80   JSR &80DE
     8383   68         PLA
     8384   60         RTS
.PrintHex3Byte
     8385   A2 03      LDX #&03
.printhex3byte_loop
     8387   B9 62 A4   LDA &A462,Y
     838A   20 FD 80   JSR &80FD
     838D   88         DEY
     838E   CA         DEX
     838F   D0 F6      BNE &8387
     8391   20 F8 87   JSR &87F8
     8394   4C 1E 81   JMP &811E
.ReadFileAttribsToB0_Yoffset
     8397   20 F6 83   JSR &83F6
     839A   98         TYA
     839B   48         PHA
     839C   AA         TAX
     839D   A0 12      LDY #&12
     839F   A9 00      LDA #&00
.readfileattribs_clearloop
     83A1   88         DEY
     83A2   91 B0      STA (&B0),Y
     83A4   C0 02      CPY #&02
     83A6   D0 F9      BNE &83A1
.readfileattribs_copyloop
     83A8   20 E2 83   JSR &83E2
     83AB   C8         INY
     83AC   C8         INY
     83AD   C0 0E      CPY #&0E
     83AF   D0 F7      BNE &83A8
     83B1   68         PLA
     83B2   AA         TAX
     83B3   BD 0F A2   LDA &A20F,X
     83B6   10 04      BPL &83BC
     83B8   A9 08      LDA #&08
     83BA   91 B0      STA (&B0),Y
.readfileattribs_notlocked
     83BC   BD 0E A3   LDA &A30E,X
     83BF   A0 04      LDY #&04
     83C1   20 D0 83   JSR &83D0
     83C4   A0 0C      LDY #&0C
     83C6   4A         LSR A
     83C7   4A         LSR A
     83C8   48         PHA
     83C9   29 03      AND #&03
     83CB   91 B0      STA (&B0),Y
     83CD   68         PLA
     83CE   A0 08      LDY #&08
.readfileattribs_addrHiBytes
     83D0   4A         LSR A
     83D1   4A         LSR A
     83D2   48         PHA
     83D3   29 03      AND #&03
     83D5   C9 03      CMP #&03
     83D7   D0 05      BNE &83DE
     83D9   A9 FF      LDA #&FF
     83DB   91 B0      STA (&B0),Y
     83DD   C8         INY
.readfileattribs_nothost
     83DE   91 B0      STA (&B0),Y
.readfileattribs_exits
     83E0   68         PLA
     83E1   60         RTS
.readfileattribs_copy2bytes
     83E2   20 E5 83   JSR &83E5
.readfileattribs_copy1byte
     83E5   BD 08 A3   LDA &A308,X
     83E8   91 B0      STA (&B0),Y
     83EA   E8         INX
     83EB   C8         INY
     83EC   60         RTS
.inc_word_AE_and_load
     83ED   E6 AE      INC &AE
     83EF   D0 02      BNE &83F3
     83F1   E6 AF      INC &AF
.inc_word_AE_exit
     83F3   B1 AE      LDA (&AE),Y
     83F5   60         RTS
.RememberAXY
     83F6   48         PHA
     83F7   8A         TXA
     83F8   48         PHA
     83F9   98         TYA
     83FA   48         PHA
     83FB   A9 84      LDA #&84
     83FD   48         PHA
     83FE   A9 18      LDA #&18
     8400   48         PHA
.rAXY_loop_init
     8401   A0 05      LDY #&05
.rAXY_loop
     8403   BA         TSX
     8404   BD 07 01   LDA &0107,X
     8407   48         PHA
     8408   88         DEY
     8409   D0 F8      BNE &8403
     840B   A0 0A      LDY #&0A
.rAXY_loop2
     840D   BD 09 01   LDA &0109,X
     8410   9D 0B 01   STA &010B,X
     8413   CA         DEX
     8414   88         DEY
     8415   D0 F6      BNE &840D
     8417   68         PLA
     8418   68         PLA
.rAXY_restore
     8419   68         PLA
     841A   A8         TAY
     841B   68         PLA
     841C   AA         TAX
     841D   68         PLA
     841E   60         RTS
.RememberXYonly
     841F   48         PHA
     8420   8A         TXA
     8421   48         PHA
     8422   98         TYA
     8423   48         PHA
     8424   20 01 84   JSR &8401
.axyret1
     8427   BA         TSX
     8428   9D 03 01   STA &0103,X
     842B   4C 19 84   JMP &8419
.BinaryToBCD
     842E   20 1F 84   JSR &841F
     8431   A8         TAY
     8432   F0 0A      BEQ &843E
     8434   18         CLC
     8435   F8         SED
     8436   A9 00      LDA #&00
.bbcd_loop
     8438   69 01      ADC #&01
     843A   88         DEY
     843B   D0 FB      BNE &8438
     843D   D8         CLD
.bbcd_exit
     843E   60         RTS
.Param_ReadNum
     843F   20 C3 81   JSR &81C3
     8442   38         SEC
     8443   F0 2A      BEQ &846F
     8445   08         PHP
     8446   A9 00      LDA #&00
     8448   85 B9      STA &B9
     844A   F0 18      BEQ &8464
.L1
     844C   38         SEC
     844D   E9 30      SBC #&30
     844F   90 1D      BCC &846E
     8451   C9 0A      CMP #&0A
     8453   B0 19      BCS &846E
     8455   85 B8      STA &B8
     8457   A5 B9      LDA &B9
     8459   0A         ASL A
     845A   85 B9      STA &B9
     845C   0A         ASL A
     845D   0A         ASL A
     845E   65 B9      ADC &B9
     8460   65 B8      ADC &B8
     8462   85 B9      STA &B9
.L2
     8464   20 C5 FF   JSR &FFC5
     8467   90 E3      BCC &844C
     8469   A6 B9      LDX &B9
     846B   28         PLP
     846C   18         CLC
     846D   60         RTS
.L3
     846E   28         PLP
.L4
     846F   60         RTS
.fscv5_starCAT
     8470   20 BC 81   JSR &81BC
     8473   20 E4 8B   JSR &8BE4
     8476   20 88 AB   JSR &AB88
     8479   A0 FF      LDY #&FF
     847B   84 A8      STY &A8
     847D   C8         INY
     847E   84 AA      STY &AA
.cat_titleloop
     8480   B9 00 A2   LDA &A200,Y
     8483   C0 08      CPY #&08
     8485   90 03      BCC &848A
     8487   B9 F8 A2   LDA &A2F8,Y
.cat_titlelo
     848A   20 DE 80   JSR &80DE
     848D   C8         INY
     848E   C0 0C      CPY #&0C
     8490   D0 EE      BNE &8480
     8492   20 9B 80   JSR &809B
     8495   20 28 
     8497   AD 04 A3   LDA &A304
     849A   20 FD 80   JSR &80FD
     849D   20 9B 80   JSR &809B
     84A0   29 
     84A1   0D
     84A2   44 72 69 ...
     84A8   A5 CD      LDA &CD
     84AA   20 05 81   JSR &8105
     84AD   A0 0D      LDY #&0D
     84AF   20 11 82   JSR &8211
     84B2   20 9B 80   JSR &809B
     84B5   4F 70 74 ...
     84BC   AD 06 A3   LDA &A306
     84BF   20 22 82   JSR &8222
     84C2   48         PHA
     84C3   20 98 80   JSR &8098
     84C6   20 28 
     84C8   A0 03      LDY #&03
     84CA   68         PLA
     84CB   0A         ASL A
     84CC   0A         ASL A
     84CD   AA         TAX
.cat_printoptionnameloop
     84CE   BD BA 85   LDA &85BA,X
     84D1   20 DE 80   JSR &80DE
     84D4   E8         INX
     84D5   88         DEY
     84D6   10 F6      BPL &84CE
     84D8   20 9B 80   JSR &809B
     84DB   29 
     84DC   0D
     84DD   44 69 72 ...
     84E3   AD CA A4   LDA &A4CA
     84E6   20 D9 80   JSR &80D9
     84E9   AD C9 A4   LDA &A4C9
     84EC   20 DE 80   JSR &80DE
     84EF   A0 0B      LDY #&0B
     84F1   20 11 82   JSR &8211
     84F4   20 9B 80   JSR &809B
     84F7   4C 69 62 ...
     84FD   AD CC A4   LDA &A4CC
     8500   20 D9 80   JSR &80D9
     8503   AD CB A4   LDA &A4CB
     8506   20 DE 80   JSR &80DE
     8509   20 7D 83   JSR &837D
     850C   A0 00      LDY #&00
.cat_curdirloop
     850E   CC 05 A3   CPY &A305
     8511   B0 17      BCS &852A
     8513   B9 0F A2   LDA &A20F,Y
     8516   4D C9 A4   EOR &A4C9
     8519   29 5F      AND #&5F
     851B   D0 08      BNE &8525
     851D   B9 0F A2   LDA &A20F,Y
     8520   29 80      AND #&80
     8522   99 0F A2   STA &A20F,Y
.cat_curdirnext
     8525   20 F7 87   JSR &87F7
     8528   90 E4      BCC &850E
.cat_sortloop1
     852A   A0 00      LDY #&00
     852C   20 3C 85   JSR &853C
     852F   90 16      BCC &8547
     8531   A9 FF      LDA #&FF
     8533   8D 82 A4   STA &A482
     8536   4C 7D 83   JMP &837D
.cat_getnextunmarkedfile_loop
     8539   20 F7 87   JSR &87F7
.cat_getnextunmarkedfileY
     853C   CC 05 A3   CPY &A305
     853F   B0 05      BCS &8546
     8541   B9 08 A2   LDA &A208,Y
     8544   30 F3      BMI &8539
.cat_exit
     8546   60         RTS
.cat_printfilename
     8547   84 AB      STY &AB
     8549   A2 00      LDX #&00
.cat_copyfnloop
     854B   B9 08 A2   LDA &A208,Y
     854E   20 11 83   JSR &8311
     8551   9D 60 A4   STA &A460,X
     8554   C8         INY
     8555   E8         INX
     8556   E0 08      CPX #&08
     8558   D0 F1      BNE &854B
.cat_comparefnloop1
     855A   20 3C 85   JSR &853C
     855D   B0 23      BCS &8582
     855F   38         SEC
     8560   A2 06      LDX #&06
.cat_comparefnloop2
     8562   B9 0E A2   LDA &A20E,Y
     8565   20 11 83   JSR &8311
     8568   FD 60 A4   SBC &A460,X
     856B   88         DEY
     856C   CA         DEX
     856D   10 F3      BPL &8562
     856F   20 F8 87   JSR &87F8
     8572   B9 0F A2   LDA &A20F,Y
     8575   20 11 83   JSR &8311
     8578   ED 67 A4   SBC &A467
     857B   90 CA      BCC &8547
     857D   20 F7 87   JSR &87F7
     8580   B0 D8      BCS &855A
.cat_printfn
     8582   A4 AB      LDY &AB
     8584   B9 08 A2   LDA &A208,Y
     8587   09 80      ORA #&80
     8589   99 08 A2   STA &A208,Y
     858C   AD 67 A4   LDA &A467
     858F   C5 AA      CMP &AA
     8591   F0 10      BEQ &85A3
     8593   A6 AA      LDX &AA
     8595   85 AA      STA &AA
     8597   D0 0A      BNE &85A3
     8599   20 7D 83   JSR &837D
.cat_newline
     859C   20 7D 83   JSR &837D
     859F   A0 FF      LDY #&FF
     85A1   D0 09      BNE &85AC
.cat_samedir
     85A3   A4 A8      LDY &A8
     85A5   D0 F5      BNE &859C
     85A7   A0 05      LDY #&05
     85A9   20 11 82   JSR &8211
.cat_skipspaces
     85AC   C8         INY
     85AD   84 A8      STY &A8
     85AF   A4 AB      LDY &AB
     85B1   20 1B 81   JSR &811B
     85B4   20 DE 81   JSR &81DE
     85B7   4C 2A 85   JMP &852A
.diskoptions_table
     85BA   6F 66 66 
     85BD   00
     85BE   4C 4F 41 ...
     85C2   52 55 4E 
     85C5   00
     85C6   45 58 45 ...
.cmdtable1
     85CA   FF
     85CB   41 43 43 ...
     85D1   B2
     85D2   42 41 43 ...
     85D8   8C
     85D9   43 4C 4F ...
     85DE   80
     85DF   43 4F 4D ...
     85E6   85
     85E7   43 4F 50 ...
     85EB   AC
     85EC   44 45 4C ...
     85F2   88
     85F3   44 45 53 ...
     85FA   82
     85FB   44 49 52 
     85FE   86
     85FF   44 52 49 ...
     8604   81
     8605   45 4E 41 ...
     860B   80
     860C   45 58 
     860E   86
     860F   46 4F 52 ...
     8613   DF
     8614   46 52 45 ...
     8618   84
.info_cmd_index
     8619   49 4E 46 ...
     861D   82
     861E   4C 49 42 
     8621   86
     8622   4D 41 50 
     8625   84
     8626   52 45 4E ...
     862C   8D
     862D   54 49 54 ...
     8632   8A
     8633   56 45 52 ...
     8639   85
     863A   57 49 50 ...
     863E   82
     863F   00         BRK
.cmdtable2
     8640   14
     8641   42 55 49 ...
     8646   88
     8647   44 55 4D ...
     864B   88
     864C   4C 49 53 ...
     8650   88
     8651   52 4F 4D ...
     8655   8B
     8656   54 59 50 ...
     865A   88
     865B   00         BRK
.cmdtable22
     865C   1A
     865D   44 49 53 ...
     8661   80
     8662   44 49 53 ...
     8666   80
     8667   4D 4D 46 ...
     866B   80
     866C   43 41 52 ...
     8670   80
     8671   00         BRK
.cmdtable3
     8672   1F
     8673   44 55 54 ...
     8679   80
     867A   4D 4D 46 ...
     867E   80
     867F   55 54 49 ...
     8684   80
     8685   00         BRK
.cmdtable4
     8686   23
     8687   41 43 43 ...
     868D   BE
     868E   42 4F 4F ...
     8692   89
     8693   42 55 47 
     8696   80
     8697   43 41 54 
     869A   8E
     869B   44 49 52 
     869E   89
     869F   44 52 49 ...
     86A4   80
     86A5   49 4E 
     86A7   F4
     86A8   4F 55 54 
     86AB   84
     86AC   52 45 4E ...
     86B2   F7
     86B3   41 42 4F ...
     86B8   80
     86B9   00         BRK
.cmdaddr1
     86BA   E4 89
     86BC   6E 9C
     86BE   EE 93
     86C0   0F 9B
     86C2   C7 9C
     86C4   AB 87
     86C6   BA 87
     86C8   6D 89
     86CA   0A 88
     86CC   9F 8B
     86CE   50 82
     86D0   CB 1D
     86D2   27 9F
     86D4   73 82
     86D6   71 89
     86D8   2A 9F
     86DA   05 8C
     86DC   B8 89
     86DE   C7 1D
     86E0   82 87
     86E2   17 87
.cmdaddr2
     86E4   EF BD
     86E6   48 BD
     86E8   B7 BD
     86EA   29 BC
     86EC   B3 BD
     86EE   CC 82
.cmdaddr22
     86F0   CC 8C
     86F2   CC 8C
     86F4   D9 8C
     86F6   D9 8C
     86F8   4B 8E
.cmdaddr3
     86FA   DE 99
     86FC   9E 99
     86FE   E5 99
     8700   EC 99
.cmdaddr4
     8702   E5 38
     8704   FC 36
     8706   CB 31
     8708   E1 36
     870A   92 37
     870C   95 38
     870E   2B 37
     8710   65 38
     8712   22 39
     8714   B9 B1
     8716   AA 88
.cmdaddrX
.NotCmdTable1
     8718   A2 BC      LDX #&BC
     871A   20 C3 81   JSR &81C3
     871D   B1 F2      LDA (&F2),Y
     871F   C8         INY
     8720   09 20      ORA #&20
     8722   C9 64      CMP #&64
     8724   F0 09      BEQ &872F
     8726   88         DEY
     8727   4C AB 88   JMP &88AB
.fscv3_unreccommand
     872A   20 BC 81   JSR &81BC
     872D   A2 00      LDX #&00
.UnrecCommandTextPointer
     872F   BD CA 85   LDA &85CA,X
     8732   85 BE      STA &BE
     8734   98         TYA
     8735   48         PHA
.unrecloop1
     8736   E6 BE      INC &BE
     8738   68         PLA
     8739   48         PHA
     873A   A8         TAY
     873B   20 C3 81   JSR &81C3
     873E   E8         INX
     873F   BD CA 85   LDA &85CA,X
     8742   F0 28      BEQ &876C
     8744   CA         DEX
     8745   88         DEY
     8746   86 BF      STX &BF
.unrecloop2
     8748   E8         INX
     8749   C8         INY
     874A   BD CA 85   LDA &85CA,X
     874D   30 16      BMI &8765
.unrecloop2in
     874F   51 F2      EOR (&F2),Y
     8751   29 5F      AND #&5F
     8753   F0 F3      BEQ &8748
     8755   CA         DEX
.unrecloop3
     8756   E8         INX
     8757   BD CA 85   LDA &85CA,X
     875A   10 FA      BPL &8756
     875C   B1 F2      LDA (&F2),Y
     875E   C9 2E      CMP #&2E
     8760   D0 D4      BNE &8736
     8762   C8         INY
     8763   B0 07      BCS &876C
.endofcmd_oncmdline
     8765   B1 F2      LDA (&F2),Y
     8767   20 39 83   JSR &8339
     876A   90 CA      BCC &8736
.gocmdcode
     876C   68         PLA
     876D   A5 BE      LDA &BE
     876F   0A         ASL A
     8770   AA         TAX
     8771   BD BB 86   LDA &86BB,X
     8774   10 06      BPL &877C
.gocmdcode2
     8776   48         PHA
     8777   BD BA 86   LDA &86BA,X
     877A   48         PHA
     877B   60         RTS
.dommcinit
     877C   20 53 B1   JSR &B153
     877F   09 80      ORA #&80
     8781   D0 F3      BNE &8776
.CMD_WIPE
     8783   20 2D 82   JSR &822D
.wipeloop
     8786   B9 0F A2   LDA &A20F,Y
     8789   30 1B      BMI &87A6
     878B   20 DE 81   JSR &81DE
     878E   20 2D 9C   JSR &9C2D
     8791   D0 13      BNE &87A6
     8793   A6 B6      LDX &B6
     8795   20 27 94   JSR &9427
     8798   86 B6      STX &B6
     879A   20 00 88   JSR &8800
     879D   84 AB      STY &AB
     879F   20 8C AB   JSR &AB8C
     87A2   A5 AB      LDA &AB
     87A4   85 B6      STA &B6
.wipenext
     87A6   20 87 82   JSR &8287
     87A9   B0 DB      BCS &8786
     87AB   60         RTS
.CMD_DELETE
     87AC   20 74 92   JSR &9274
     87AF   20 30 82   JSR &8230
     87B2   20 47 83   JSR &8347
     87B5   20 1D 83   JSR &831D
     87B8   4C 8C AB   JMP &AB8C
.CMD_DESTROY
     87BB   20 DE 9B   JSR &9BDE
     87BE   20 2D 82   JSR &822D
.destroyloop1
     87C1   B9 0F A2   LDA &A20F,Y
     87C4   30 06      BMI &87CC
     87C6   20 DE 81   JSR &81DE
     87C9   20 7D 83   JSR &837D
.destroylocked1
     87CC   20 87 82   JSR &8287
     87CF   B0 F0      BCS &87C1
     87D1   20 35 9C   JSR &9C35
     87D4   D0 29      BNE &87FF
     87D6   20 27 94   JSR &9427
     87D9   20 80 82   JSR &8280
.destroyloop2
     87DC   B9 0F A2   LDA &A20F,Y
     87DF   30 03      BMI &87E4
     87E1   20 00 88   JSR &8800
.destroylocked2
     87E4   20 87 82   JSR &8287
     87E7   B0 F3      BCS &87DC
     87E9   20 8C AB   JSR &AB8C
.msgDELETED
     87EC   20 9B 80   JSR &809B
     87EF   44 65 6C ...
     87F6   0D
.Y_add8
     87F7   C8         INY
.Y_add7
     87F8   C8         INY
     87F9   C8         INY
     87FA   C8         INY
     87FB   C8         INY
     87FC   C8         INY
     87FD   C8         INY
     87FE   C8         INY
.Y_rts
     87FF   60         RTS
.DeleteCatEntry_AdjustPtr
     8800   20 1D 83   JSR &831D
     8803   A4 B6      LDY &B6
     8805   20 C5 82   JSR &82C5
     8808   84 B6      STY &B6
     880A   60         RTS
.CMD_DRIVE
     880B   20 E9 8B   JSR &8BE9
     880E   8D CA A4   STA &A4CA
     8811   60         RTS
.osfileFF_loadfiletoaddr
     8812   20 38 82   JSR &8238
     8815   20 54 93   JSR &9354
     8818   20 97 83   JSR &8397
.LoadFile_Ycatoffset
     881B   84 BA      STY &BA
     881D   A2 00      LDX #&00
     881F   A5 BE      LDA &BE
     8821   D0 06      BNE &8829
     8823   C8         INY
     8824   C8         INY
     8825   A2 02      LDX #&02
     8827   D0 08      BNE &8831
.loadAtLoadAddr
     8829   B9 0E A3   LDA &A30E,Y
     882C   85 C2      STA &C2
     882E   20 A6 8B   JSR &8BA6
.load_copyfileinfo_loop
     8831   B9 08 A3   LDA &A308,Y
     8834   95 BC      STA &BC,X
     8836   C8         INY
     8837   E8         INX
     8838   E0 08      CPX #&08
     883A   D0 F5      BNE &8831
     883C   20 C0 8B   JSR &8BC0
     883F   A4 BA      LDY &BA
     8841   20 47 83   JSR &8347
.LoadMemBlockEX
     8844   20 3B AB   JSR &AB3B
.LoadMemBlock
     8847   A9 85      LDA #&85
     8849   D0 0B      BNE &8856
.osfile0_savememblock
     884B   20 8B 8A   JSR &8A8B
     884E   20 54 93   JSR &9354
     8851   20 97 83   JSR &8397
.SaveMemBlock
     8854   A9 A5      LDA #&A5
.exec_block_rw
     8856   8D B6 A4   STA &A4B6
     8859   A9 05      LDA #&05
     885B   8D B5 A4   STA &A4B5
     885E   A5 CD      LDA &CD
     8860   8D B0 A4   STA &A4B0
     8863   A2 02      LDX #&02
.loop0
     8865   B5 BB      LDA &BB,X
     8867   9D B0 A4   STA &A4B0,X
     886A   BD 73 A4   LDA &A473,X
     886D   9D B2 A4   STA &A4B2,X
     8870   CA         DEX
     8871   D0 F2      BNE &8865
     8873   A5 C2      LDA &C2
     8875   29 03      AND #&03
     8877   AA         TAX
     8878   A5 C3      LDA &C3
     887A   A0 FF      LDY #&FF
.loop1
     887C   38         SEC
.loop2
     887D   C8         INY
     887E   E9 0A      SBC #&0A
     8880   B0 FB      BCS &887D
     8882   CA         DEX
     8883   10 F7      BPL &887C
     8885   69 0A      ADC #&0A
     8887   8C B7 A4   STY &A4B7
     888A   8D B8 A4   STA &A4B8
     888D   A5 C1      LDA &C1
     888F   8D B9 A4   STA &A4B9
     8892   A5 C2      LDA &C2
     8894   4A         LSR A
     8895   4A         LSR A
     8896   4A         LSR A
     8897   4A         LSR A
     8898   29 03      AND #&03
     889A   8D BA A4   STA &A4BA
     889D   A5 C0      LDA &C0
     889F   8D BB A4   STA &A4BB
     88A2   20 DD AB   JSR &ABDD
     88A5   A9 01      LDA #&01
     88A7   60         RTS
.fscv2_4_11_starRUN
     88A8   20 BC 81   JSR &81BC
.NotCmdTable4
.SetWordBA_txtptr
     88AB   A9 FF      LDA #&FF
     88AD   85 BE      STA &BE
     88AF   A5 F2      LDA &F2
     88B1   85 BA      STA &BA
     88B3   A5 F3      LDA &F3
     88B5   85 BB      STA &BB
     88B7   8C DA A4   STY &A4DA
     88BA   20 52 81   JSR &8152
     88BD   8C D9 A4   STY &A4D9
     88C0   20 80 82   JSR &8280
     88C3   B0 21      BCS &88E6
     88C5   AC DA A4   LDY &A4DA
     88C8   AD CB A4   LDA &A4CB
     88CB   85 CC      STA &CC
     88CD   AD CC A4   LDA &A4CC
     88D0   85 CD      STA &CD
     88D2   20 55 81   JSR &8155
     88D5   20 80 82   JSR &8280
     88D8   B0 0C      BCS &88E6
.errBADCOMMAND
     88DA   20 54 80   JSR &8054
     88DD   FE
     88DE   63 6F 6D ...
     88E5   00
.runfile_found
     88E6   B9 0E A3   LDA &A30E,Y
     88E9   20 18 82   JSR &8218
     88EC   C9 03      CMP #&03
     88EE   D0 42      BNE &8932
     88F0   B9 0A A3   LDA &A30A,Y
     88F3   39 0B A3   AND &A30B,Y
     88F6   C9 FF      CMP #&FF
     88F8   D0 38      BNE &8932
     88FA   A2 06      LDX #&06
.runfile_exec_loop
     88FC   BD 00 A4   LDA &A400,X
     88FF   9D 07 A4   STA &A407,X
     8902   CA         DEX
     8903   10 F7      BPL &88FC
     8905   A9 0D      LDA #&0D
     8907   8D 0E A4   STA &A40E
     890A   A9 45      LDA #&45
     890C   8D 00 A4   STA &A400
     890F   A9 3A      LDA #&3A
     8911   8D 02 A4   STA &A402
     8914   A5 CD      LDA &CD
     8916   09 30      ORA #&30
     8918   8D 03 A4   STA &A403
     891B   A9 2E      LDA #&2E
     891D   8D 01 A4   STA &A401
     8920   8D 04 A4   STA &A404
     8923   8D 06 A4   STA &A406
     8926   A5 CC      LDA &CC
     8928   8D 05 A4   STA &A405
     892B   A2 00      LDX #&00
     892D   A0 A4      LDY #&A4
     892F   4C F7 FF   JMP &FFF7
.runfile_run
     8932   20 1B 88   JSR &881B
     8935   18         CLC
     8936   AD D9 A4   LDA &A4D9
     8939   A8         TAY
     893A   65 F2      ADC &F2
     893C   8D D9 A4   STA &A4D9
     893F   A5 F3      LDA &F3
     8941   69 00      ADC #&00
     8943   8D DA A4   STA &A4DA
     8946   AD 76 A4   LDA &A476
     8949   2D 77 A4   AND &A477
     894C   0D D6 A4   ORA &A4D6
     894F   C9 FF      CMP #&FF
     8951   F0 16      BEQ &8969
     8953   A5 BE      LDA &BE
     8955   8D 74 A4   STA &A474
     8958   A5 BF      LDA &BF
     895A   8D 75 A4   STA &A475
     895D   20 63 8C   JSR &8C63
     8960   A2 74      LDX #&74
     8962   A0 A4      LDY #&A4
     8964   A9 04      LDA #&04
     8966   4C 06 04   JMP &0406
.runfile_inhost
     8969   A9 01      LDA #&01
     896B   6C BE 00   JMP (&00BE)
.CMD_DIR
     896E   A2 00      LDX #&00
     8970   F0 02      BEQ &8974
.CMD_LIB
     8972   A2 02      LDX #&02
.setdirlib
     8974   20 80 89   JSR &8980
     8977   9D CA A4   STA &A4CA,X
     897A   A5 CC      LDA &CC
     897C   9D C9 A4   STA &A4C9,X
     897F   60         RTS
.ReadDirDrvParameters
     8980   AD C9 A4   LDA &A4C9
     8983   85 CC      STA &CC
     8985   20 C3 81   JSR &81C3
     8988   D0 05      BNE &898F
     898A   A9 00      LDA #&00
     898C   85 CD      STA &CD
     898E   60         RTS
.ReadDirDrvParameters2
     898F   20 DC 8B   JSR &8BDC
.rdd_loop
     8992   20 A8 81   JSR &81A8
     8995   B0 10      BCS &89A7
     8997   C9 3A      CMP #&3A
     8999   D0 14      BNE &89AF
     899B   20 EC 8B   JSR &8BEC
     899E   20 A8 81   JSR &81A8
     89A1   B0 13      BCS &89B6
     89A3   C9 2E      CMP #&2E
     89A5   F0 EB      BEQ &8992
.errBADDIRECTORY
     89A7   20 54 80   JSR &8054
     89AA   CE
     89AB   64 69 72 
     89AE   00
.rdd_exit2
     89AF   85 CC      STA &CC
     89B1   20 A8 81   JSR &81A8
     89B4   90 F1      BCC &89A7
.rdd_exit1
     89B6   A5 CD      LDA &CD
     89B8   60         RTS
.CMD_TITLE
     89B9   20 F9 99   JSR &99F9
     89BC   20 82 AB   JSR &AB82
     89BF   A2 0B      LDX #&0B
     89C1   A9 00      LDA #&00
.cmdtit_loop1
     89C3   20 D9 89   JSR &89D9
     89C6   CA         DEX
     89C7   10 FA      BPL &89C3
.cmdtit_loop2
     89C9   E8         INX
     89CA   20 A8 81   JSR &81A8
     89CD   B0 07      BCS &89D6
     89CF   20 D9 89   JSR &89D9
     89D2   E0 0B      CPX #&0B
     89D4   90 F3      BCC &89C9
.cmdtit_savecat
     89D6   4C 8C AB   JMP &AB8C
.SetDiskTitleChr_Xpos
     89D9   E0 08      CPX #&08
     89DB   90 04      BCC &89E1
     89DD   9D F8 A2   STA &A2F8,X
     89E0   60         RTS
.setdisttit_page
     89E1   9D 00 A2   STA &A200,X
     89E4   60         RTS
.CMD_ACCESS
     89E5   20 7D 92   JSR &927D
     89E8   20 F9 99   JSR &99F9
     89EB   20 4C 81   JSR &814C
     89EE   A2 00      LDX #&00
     89F0   20 C3 81   JSR &81C3
     89F3   D0 1F      BNE &8A14
.cmdac_flag
     89F5   86 AA      STX &AA
     89F7   20 3B 82   JSR &823B
.cmdac_filefound
     89FA   20 35 93   JSR &9335
     89FD   B9 0F A2   LDA &A20F,Y
     8A00   29 7F      AND #&7F
     8A02   05 AA      ORA &AA
     8A04   99 0F A2   STA &A20F,Y
     8A07   20 47 83   JSR &8347
     8A0A   20 87 82   JSR &8287
     8A0D   B0 EB      BCS &89FA
.jmp_savecattodisk
     8A0F   4C 8C AB   JMP &AB8C
.cmdac_paramloop
     8A12   A2 80      LDX #&80
.cmdac_getparam
     8A14   20 A8 81   JSR &81A8
     8A17   B0 DC      BCS &89F5
     8A19   29 5F      AND #&5F
     8A1B   C9 4C      CMP #&4C
     8A1D   F0 F3      BEQ &8A12
.errBADATTRIBUTE
     8A1F   20 54 80   JSR &8054
     8A22   CF
     8A23   61 74 74 ...
     8A2C   00
.fscv0_starOPT
     8A2D   20 F6 83   JSR &83F6
     8A30   8A         TXA
     8A31   C9 04      CMP #&04
     8A33   F0 1E      BEQ &8A53
     8A35   C9 05      CMP #&05
     8A37   F0 34      BEQ &8A6D
     8A39   C9 02      CMP #&02
     8A3B   90 0B      BCC &8A48
.errBADOPTION
     8A3D   20 54 80   JSR &8054
     8A40   CB
     8A41   6F 70 74 ...
     8A47   00
.opts0_1
     8A48   A2 FF      LDX #&FF
     8A4A   98         TYA
     8A4B   F0 02      BEQ &8A4F
     8A4D   A2 00      LDX #&00
.opts0_1_Y0
     8A4F   8E C6 A4   STX &A4C6
     8A52   60         RTS
.SetBootOption_Yoption
     8A53   98         TYA
     8A54   48         PHA
     8A55   20 D7 8B   JSR &8BD7
     8A58   20 88 AB   JSR &AB88
     8A5B   68         PLA
     8A5C   20 28 82   JSR &8228
     8A5F   4D 06 A3   EOR &A306
     8A62   29 30      AND #&30
     8A64   4D 06 A3   EOR &A306
     8A67   8D 06 A3   STA &A306
     8A6A   4C 8C AB   JMP &AB8C
.DiskTrapOption
     8A6D   98         TYA
     8A6E   08         PHP
     8A6F   A5 F4      LDA &F4
     8A71   29 7F      AND #&7F
     8A73   AA         TAX
     8A74   BD F0 0D   LDA &0DF0,X
     8A77   29 BF      AND #&BF
     8A79   28         PLP
     8A7A   F0 02      BEQ &8A7E
     8A7C   09 40      ORA #&40
.skip
     8A7E   9D F0 0D   STA &0DF0,X
     8A81   60         RTS
.errDISKFULL
     8A82   20 49 80   JSR &8049
     8A85   C6
     8A86   66 75 6C ...
     8A8A   00
.CreateFile_FSP
     8A8B   20 52 81   JSR &8152
     8A8E   20 80 82   JSR &8280
     8A91   90 03      BCC &8A96
     8A93   20 1D 83   JSR &831D
.createfile_nodel
     8A96   A5 C0      LDA &C0
     8A98   48         PHA
     8A99   A5 C1      LDA &C1
     8A9B   48         PHA
     8A9C   38         SEC
     8A9D   A5 C2      LDA &C2
     8A9F   E5 C0      SBC &C0
     8AA1   85 C0      STA &C0
     8AA3   A5 C3      LDA &C3
     8AA5   E5 C1      SBC &C1
     8AA7   85 C1      STA &C1
     8AA9   AD 7A A4   LDA &A47A
     8AAC   ED 78 A4   SBC &A478
     8AAF   20 E0 8A   JSR &8AE0
     8AB2   AD 79 A4   LDA &A479
     8AB5   8D 75 A4   STA &A475
     8AB8   AD 78 A4   LDA &A478
     8ABB   8D 74 A4   STA &A474
     8ABE   68         PLA
     8ABF   85 BD      STA &BD
     8AC1   68         PLA
     8AC2   85 BC      STA &BC
     8AC4   60         RTS
.CreateFile_3
     8AC5   85 CD      STA &CD
     8AC7   A5 CC      LDA &CC
     8AC9   48         PHA
     8ACA   20 85 AB   JSR &AB85
     8ACD   20 8B 82   JSR &828B
     8AD0   90 03      BCC &8AD5
     8AD2   20 1D 83   JSR &831D
.cd_writedest_cat_nodel
     8AD5   68         PLA
     8AD6   85 CC      STA &CC
     8AD8   20 BD 8B   JSR &8BBD
     8ADB   A5 C2      LDA &C2
     8ADD   20 1A 82   JSR &821A
.CreateFile_2
     8AE0   85 C4      STA &C4
     8AE2   A9 00      LDA #&00
     8AE4   85 C2      STA &C2
     8AE6   A9 02      LDA #&02
     8AE8   85 C3      STA &C3
     8AEA   AC 05 A3   LDY &A305
     8AED   C0 F8      CPY #&F8
     8AEF   90 31      BCC &8B22
.errCATALOGUEFULL
     8AF1   20 5E 80   JSR &805E
     8AF4   BE
     8AF5   43 61 74 ...
     8AFD   00
.cfile_loop
     8AFE   F0 82      BEQ &8A82
     8B00   20 C5 82   JSR &82C5
     8B03   B9 0E A3   LDA &A30E,Y
     8B06   20 1A 82   JSR &821A
     8B09   85 C2      STA &C2
     8B0B   18         CLC
     8B0C   A9 FF      LDA #&FF
     8B0E   79 0C A3   ADC &A30C,Y
     8B11   B9 0F A3   LDA &A30F,Y
     8B14   79 0D A3   ADC &A30D,Y
     8B17   85 C3      STA &C3
     8B19   B9 0E A3   LDA &A30E,Y
     8B1C   29 03      AND #&03
     8B1E   65 C2      ADC &C2
     8B20   85 C2      STA &C2
.Getfirstblock_Yoffset
     8B22   38         SEC
     8B23   B9 07 A3   LDA &A307,Y
     8B26   E5 C3      SBC &C3
     8B28   48         PHA
     8B29   B9 06 A3   LDA &A306,Y
     8B2C   29 03      AND #&03
     8B2E   E5 C2      SBC &C2
     8B30   AA         TAX
     8B31   A9 00      LDA #&00
     8B33   C5 C0      CMP &C0
     8B35   68         PLA
     8B36   E5 C1      SBC &C1
     8B38   8A         TXA
     8B39   E5 C4      SBC &C4
     8B3B   98         TYA
     8B3C   90 C0      BCC &8AFE
     8B3E   84 B0      STY &B0
     8B40   AC 05 A3   LDY &A305
.cfile_insertfileloop
     8B43   C4 B0      CPY &B0
     8B45   F0 0F      BEQ &8B56
     8B47   B9 07 A2   LDA &A207,Y
     8B4A   99 0F A2   STA &A20F,Y
     8B4D   B9 07 A3   LDA &A307,Y
     8B50   99 0F A3   STA &A30F,Y
     8B53   88         DEY
     8B54   B0 ED      BCS &8B43
.cfile_atcatentry
     8B56   AD 76 A4   LDA &A476
     8B59   29 03      AND #&03
     8B5B   0A         ASL A
     8B5C   0A         ASL A
     8B5D   45 C4      EOR &C4
     8B5F   29 FC      AND #&FC
     8B61   45 C4      EOR &C4
     8B63   0A         ASL A
     8B64   0A         ASL A
     8B65   4D 74 A4   EOR &A474
     8B68   29 FC      AND #&FC
     8B6A   4D 74 A4   EOR &A474
     8B6D   0A         ASL A
     8B6E   0A         ASL A
     8B6F   45 C2      EOR &C2
     8B71   29 FC      AND #&FC
     8B73   45 C2      EOR &C2
     8B75   85 C2      STA &C2
     8B77   A2 00      LDX #&00
     8B79   98         TYA
     8B7A   48         PHA
.cfile_copyfnloop
     8B7B   B5 C5      LDA &C5,X
     8B7D   99 08 A2   STA &A208,Y
     8B80   B5 BC      LDA &BC,X
     8B82   99 08 A3   STA &A308,Y
     8B85   C8         INY
     8B86   E8         INX
     8B87   E0 08      CPX #&08
     8B89   D0 F0      BNE &8B7B
     8B8B   68         PLA
     8B8C   A8         TAY
     8B8D   48         PHA
     8B8E   20 47 83   JSR &8347
     8B91   AC 05 A3   LDY &A305
     8B94   20 F7 87   JSR &87F7
     8B97   8C 05 A3   STY &A305
     8B9A   20 8C AB   JSR &AB8C
     8B9D   68         PLA
     8B9E   A8         TAY
     8B9F   60         RTS
.CMD_ENABLE
     8BA0   A9 01      LDA #&01
     8BA2   8D C7 A4   STA &A4C7
     8BA5   60         RTS
.LoadAddrHi2
     8BA6   A9 00      LDA #&00
     8BA8   8D 75 A4   STA &A475
     8BAB   A5 C2      LDA &C2
     8BAD   29 08      AND #&08
     8BAF   8D 74 A4   STA &A474
     8BB2   F0 08      BEQ &8BBC
.SetLoadAddrToHost
     8BB4   A9 FF      LDA #&FF
     8BB6   8D 75 A4   STA &A475
     8BB9   8D 74 A4   STA &A474
.ldadd_nothost
     8BBC   60         RTS
.LoadandEexeAddrHi2
     8BBD   20 A6 8B   JSR &8BA6
.ExecAddrHi2
     8BC0   A9 00      LDA #&00
     8BC2   8D 77 A4   STA &A477
     8BC5   A5 C2      LDA &C2
     8BC7   20 18 82   JSR &8218
     8BCA   C9 03      CMP #&03
     8BCC   D0 05      BNE &8BD3
     8BCE   A9 FF      LDA #&FF
     8BD0   8D 77 A4   STA &A477
.exadd_nothost
     8BD3   8D 76 A4   STA &A476
     8BD6   60         RTS
.Set_CurDirDrv_ToDefaults
     8BD7   AD C9 A4   LDA &A4C9
     8BDA   85 CC      STA &CC
.Set_CurDrv_ToDefault
     8BDC   AD CA A4   LDA &A4CA
.SetCurrentDrive_Adrive
     8BDF   29 03      AND #&03
.SetCurrentDrive_Adrive_noand
     8BE1   85 CD      STA &CD
     8BE3   60         RTS
.Param_OptionalDriveNo
     8BE4   20 C3 81   JSR &81C3
     8BE7   F0 F3      BEQ &8BDC
.Param_DriveNo_Syntax
     8BE9   20 F9 99   JSR &99F9
.Param_DriveNo_BadDrive
     8BEC   20 A8 81   JSR &81A8
     8BEF   B0 0B      BCS &8BFC
     8BF1   C9 3A      CMP #&3A
     8BF3   F0 F7      BEQ &8BEC
     8BF5   38         SEC
     8BF6   E9 30      SBC #&30
     8BF8   C9 04      CMP #&04
     8BFA   90 E5      BCC &8BE1
.errBADDRIVE
     8BFC   20 54 80   JSR &8054
     8BFF   CD
     8C00   64 72 69 ...
     8C05   00
.CMD_RENAME
     8C06   20 74 92   JSR &9274
     8C09   20 F9 99   JSR &99F9
     8C0C   20 4C 81   JSR &814C
     8C0F   98         TYA
     8C10   48         PHA
     8C11   20 3B 82   JSR &823B
     8C14   20 32 93   JSR &9332
     8C17   84 C4      STY &C4
     8C19   68         PLA
     8C1A   A8         TAY
     8C1B   20 F9 99   JSR &99F9
     8C1E   A5 CD      LDA &CD
     8C20   48         PHA
     8C21   20 4C 81   JSR &814C
     8C24   68         PLA
     8C25   C5 CD      CMP &CD
     8C27   D0 14      BNE &8C3D
     8C29   20 80 82   JSR &8280
     8C2C   90 12      BCC &8C40
     8C2E   C4 C4      CPY &C4
     8C30   F0 0E      BEQ &8C40
.errFILEEXISTS
     8C32   20 5E 80   JSR &805E
     8C35   C4
     8C36   45 78 69 ...
     8C3C   00
.jmpBADDRIVE
     8C3D   4C FC 8B   JMP &8BFC
.rname_ok
     8C40   A4 C4      LDY &C4
     8C42   20 F7 87   JSR &87F7
     8C45   A2 07      LDX #&07
.rname_loop
     8C47   B5 C5      LDA &C5,X
     8C49   99 07 A2   STA &A207,Y
     8C4C   88         DEY
     8C4D   CA         DEX
     8C4E   10 F7      BPL &8C47
     8C50   4C 8C AB   JMP &AB8C
.TUBE_CheckIfPresent
     8C53   A9 EA      LDA #&EA
     8C55   A2 00      LDX #&00
     8C57   A0 FF      LDY #&FF
     8C59   20 F4 FF   JSR &FFF4
     8C5C   8A         TXA
     8C5D   49 FF      EOR #&FF
     8C5F   8D D6 A4   STA &A4D6
     8C62   60         RTS
.TUBE_CLAIM
     8C63   48         PHA
.tclaim_loop
     8C64   A9 CA      LDA #&CA
     8C66   20 06 04   JSR &0406
     8C69   90 F9      BCC &8C64
     8C6B   68         PLA
     8C6C   60         RTS
.TUBE_RELEASE
     8C6D   20 53 8C   JSR &8C53
     8C70   30 07      BMI &8C79
.TUBE_RELEASE_NoCheck
     8C72   48         PHA
     8C73   A9 8A      LDA #&8A
     8C75   20 06 04   JSR &0406
     8C78   68         PLA
.trelease_exit
     8C79   60         RTS
.CheckESCAPE
     8C7A   24 FF      BIT &FF
     8C7C   10 1F      BPL &8C9D
.ReportESCAPE
     8C7E   A9 7E      LDA #&7E
     8C80   20 F4 FF   JSR &FFF4
     8C83   20 6E 80   JSR &806E
     8C86   11
     8C87   45 73 63 ...
     8C8D   00
.PrintHex100
     8C8E   48         PHA
     8C8F   20 22 82   JSR &8222
     8C92   20 96 8C   JSR &8C96
     8C95   68         PLA
.PrintNib100
     8C96   20 27 81   JSR &8127
     8C99   9D 00 01   STA &0100,X
     8C9C   E8         INX
.noesc
     8C9D   60         RTS
.BootOptions
     8C9E   4C 2E 21 ...
     8CA5   0D
     8CA6   45 2E 21 ...
     8CAD   0D
.AUTOBOOT
     8CAE   A5 B3      LDA &B3
     8CB0   20 9B 80   JSR &809B
Macro BOOT_NAME:
Macro BASE_NAME:
     8CB3   4D 6F 64 ...
Macro SYSTEM_NAME:
     8CBC   4D 4D 46 ...
End macro SYSTEM_NAME
     8CC1   20 31 32 ...
End macro BASE_NAME
Macro DEVICE_NAME:
     8CC5   20 43 45 ...
End macro DEVICE_NAME
Macro DFS_EMUL_NAME:
End macro DFS_EMUL_NAME
     8CC9   0D
     8CCA   0D
End macro BOOT_NAME
     8CCB   90 0F      BCC &8CDC
.CMD_DISC
     8CCD   A5 F4      LDA &F4
     8CCF   29 7F      AND #&7F
     8CD1   AA         TAX
     8CD2   BD F0 0D   LDA &0DF0,X
     8CD5   29 40      AND #&40
     8CD7   F0 01      BEQ &8CDA
     8CD9   60         RTS
.CMD_CARD
     8CDA   A9 FF      LDA #&FF
.initMMFS
     8CDC   20 0F 96   JSR &960F
     8CDF   48         PHA
     8CE0   A9 06      LDA #&06
     8CE2   20 34 80   JSR &8034
     8CE5   A2 0D      LDX #&0D
.vectloop
     8CE7   BD 7C 93   LDA &937C,X
     8CEA   9D 12 02   STA &0212,X
     8CED   CA         DEX
     8CEE   10 F7      BPL &8CE7
     8CF0   A9 A8      LDA #&A8
     8CF2   20 75 93   JSR &9375
     8CF5   84 B1      STY &B1
     8CF7   86 B0      STX &B0
     8CF9   A2 07      LDX #&07
     8CFB   A0 1B      LDY #&1B
.extendedvec_loop
     8CFD   B9 6F 93   LDA &936F,Y
     8D00   91 B0      STA (&B0),Y
     8D02   C8         INY
     8D03   B9 6F 93   LDA &936F,Y
     8D06   91 B0      STA (&B0),Y
     8D08   C8         INY
     8D09   A5 F4      LDA &F4
     8D0B   09 80      ORA #&80
     8D0D   91 B0      STA (&B0),Y
     8D0F   C8         INY
     8D10   CA         DEX
     8D11   D0 EA      BNE &8CFD
     8D13   8C 82 A4   STY &A482
     8D16   8C 83 A4   STY &A483
     8D19   86 CD      STX &CD
     8D1B   8E AF A4   STX &A4AF
     8D1E   A2 0F      LDX #&0F
     8D20   A9 8F      LDA #&8F
     8D22   20 F4 FF   JSR &FFF4
     8D25   AD D3 A4   LDA &A4D3
     8D28   30 2F      BMI &8D59
     8D2A   A9 FF      LDA #&FF
     8D2C   8D D3 A4   STA &A4D3
.setdefaults
     8D2F   A9 20      LDA #&20
     8D31   8D C0 A5   STA &A5C0
     8D34   8D D0 A5   STA &A5D0
     8D37   A9 24      LDA #&24
     8D39   8D C9 A4   STA &A4C9
     8D3C   8D CB A4   STA &A4CB
     8D3F   A9 00      LDA #&00
     8D41   8D CC A4   STA &A4CC
     8D44   A0 00      LDY #&00
     8D46   8C CA A4   STY &A4CA
     8D49   8C C0 A4   STY &A4C0
     8D4C   88         DEY
     8D4D   8C C7 A4   STY &A4C7
     8D50   8C C6 A4   STY &A4C6
     8D53   8C DD A4   STY &A4DD
     8D56   20 8D 8D   JSR &8D8D
.initdfs_noreset
     8D59   20 53 8C   JSR &8C53
     8D5C   A9 FD      LDA #&FD
     8D5E   20 75 93   JSR &9375
     8D61   E0 00      CPX #&00
     8D63   F0 06      BEQ &8D6B
     8D65   20 53 B1   JSR &B153
     8D68   20 39 B7   JSR &B739
.skipautoload
     8D6B   68         PLA
     8D6C   D0 0B      BNE &8D79
     8D6E   20 88 AB   JSR &AB88
     8D71   AD 06 A3   LDA &A306
     8D74   20 22 82   JSR &8222
     8D77   D0 01      BNE &8D7A
.initdfs_exit
     8D79   60         RTS
.notOPT0
     8D7A   A0 8C      LDY #&8C
     8D7C   A2 9E      LDX #&9E
     8D7E   C9 02      CMP #&02
     8D80   90 08      BCC &8D8A
     8D82   F0 04      BEQ &8D88
     8D84   A2 A6      LDX #&A6
     8D86   D0 02      BNE &8D8A
.oscliOPT2
     8D88   A2 A8      LDX #&A8
.jmpOSCLI
     8D8A   4C F7 FF   JMP &FFF7
.VIDRESET
     8D8D   A0 0F      LDY #&0F
     8D8F   A9 00      LDA #&00
.loop
     8D91   99 E0 A4   STA &A4E0,Y
     8D94   88         DEY
     8D95   10 FA      BPL &8D91
     8D97   A9 01      LDA #&01
     8D99   8D F0 A4   STA &A4F0
     8D9C   60         RTS
.MMFS_SERVICECALLS
     8D9D   20 CE A3   JSR &A3CE
     8DA0   48         PHA
     8DA1   A5 F4      LDA &F4
     8DA3   29 7F      AND #&7F
     8DA5   AA         TAX
     8DA6   BD F0 0D   LDA &0DF0,X
     8DA9   30 23      BMI &8DCE
.lbl1
     8DAB   68         PLA
     8DAC   C9 12      CMP #&12
     8DAE   F0 36      BEQ &8DE6
     8DB0   C9 0B      CMP #&0B
     8DB2   B0 19      BCS &8DCD
.label4
     8DB4   0A         ASL A
     8DB5   AA         TAX
     8DB6   BD D1 8D   LDA &8DD1,X
     8DB9   48         PHA
     8DBA   BD D0 8D   LDA &8DD0,X
     8DBD   48         PHA
     8DBE   8A         TXA
     8DBF   48         PHA
     8DC0   A5 F4      LDA &F4
     8DC2   29 7F      AND #&7F
     8DC4   AA         TAX
     8DC5   68         PLA
     8DC6   4A         LSR A
     8DC7   C9 0B      CMP #&0B
     8DC9   90 02      BCC &8DCD
     8DCB   69 15      ADC #&15
.label3
.SERVICE_NULL
     8DCD   60         RTS
.romdisabled
     8DCE   68         PLA
     8DCF   60         RTS
.data
     8DD0   CC 8D
     8DD2   CC 8D
     8DD4   F8 8D
     8DD6   18 8E
     8DD8   3A 8E
     8DDA   CC 8D
     8DDC   CC 8D
     8DDE   CC 8D
     8DE0   4F 8E
     8DE2   B6 8E
     8DE4   CC 8D
.SERVICE12_init_filesystem
Macro BP12K_NEST:
     8DE6   20 CB BE   JSR &BECB
     8DE9   20 EF 8D   JSR &8DEF
     8DEC   4C D9 BE   JMP &BED9
.nested
End macro BP12K_NEST
     8DEF   C0 04      CPY #&04
     8DF1   D0 DA      BNE &8DCD
     8DF3   20 F6 83   JSR &83F6
     8DF6   4C DA 8C   JMP &8CDA
.SERVICE02_claim_privworkspace
     8DF9   98         TYA
     8DFA   48         PHA
     8DFB   20 87 BE   JSR &BE87
     8DFE   A9 FD      LDA #&FD
     8E00   20 75 93   JSR &9375
     8E03   CA         DEX
     8E04   30 09      BMI &8E0F
     8E06   20 CB BE   JSR &BECB
     8E09   8E D3 A4   STX &A4D3
     8E0C   20 D9 BE   JSR &BED9
.skipOnSoftReset
     8E0F   A5 F4      LDA &F4
     8E11   29 7F      AND #&7F
     8E13   AA         TAX
     8E14   68         PLA
     8E15   A8         TAY
     8E16   A9 02      LDA #&02
.srv3_exit
     8E18   60         RTS
.SERVICE03_autoboot
Macro BP12K_NEST:
     8E19   20 CB BE   JSR &BECB
     8E1C   20 22 8E   JSR &8E22
     8E1F   4C D9 BE   JMP &BED9
.nested
End macro BP12K_NEST
     8E22   20 F6 83   JSR &83F6
     8E25   84 B3      STY &B3
     8E27   A9 7A      LDA #&7A
     8E29   20 F4 FF   JSR &FFF4
     8E2C   8A         TXA
     8E2D   30 09      BMI &8E38
     8E2F   C9 65      CMP #&65
     8E31   D0 E5      BNE &8E18
     8E33   A9 78      LDA #&78
     8E35   20 F4 FF   JSR &FFF4
.jmpAUTOBOOT
     8E38   4C AE 8C   JMP &8CAE
.SERVICE04_unrec_command
Macro BP12K_NEST:
     8E3B   20 CB BE   JSR &BECB
     8E3E   20 44 8E   JSR &8E44
     8E41   4C D9 BE   JMP &BED9
.nested
End macro BP12K_NEST
     8E44   20 F6 83   JSR &83F6
     8E47   A2 92      LDX #&92
.jmpunreccmd
     8E49   4C 2F 87   JMP &872F
.NotCmdTable22
     8E4C   A2 76      LDX #&76
     8E4E   D0 F9      BNE &8E49
.SERVICE08_unrec_OSWORD
Macro BP12K_NEST:
     8E50   20 CB BE   JSR &BECB
     8E53   20 59 8E   JSR &8E59
     8E56   4C D9 BE   JMP &BED9
.nested
End macro BP12K_NEST
     8E59   20 F6 83   JSR &83F6
     8E5C   A4 EF      LDY &EF
     8E5E   30 2F      BMI &8E8F
     8E60   C0 7D      CPY #&7D
     8E62   90 2B      BCC &8E8F
     8E64   AD 13 02   LDA &0213
     8E67   C9 FF      CMP #&FF
     8E69   D0 24      BNE &8E8F
     8E6B   AD 12 02   LDA &0212
     8E6E   C9 1B      CMP #&1B
     8E70   D0 1D      BNE &8E8F
     8E72   AD BC 0D   LDA &0DBC
     8E75   C5 F4      CMP &F4
     8E77   D0 16      BNE &8E8F
     8E79   20 0F 96   JSR &960F
     8E7C   A6 F0      LDX &F0
     8E7E   86 B0      STX &B0
     8E80   A6 F1      LDX &F1
     8E82   86 B1      STX &B1
     8E84   A4 EF      LDY &EF
     8E86   C8         INY
     8E87   10 07      BPL &8E90
     8E89   08         PHP
     8E8A   58         CLI
     8E8B   20 A5 BA   JSR &BAA5
     8E8E   28         PLP
.notMMFS
.exit
     8E8F   60         RTS
.notOSWORD7F
     8E90   20 82 AB   JSR &AB82
     8E93   C8         INY
     8E94   30 08      BMI &8E9E
     8E96   A0 00      LDY #&00
     8E98   AD 04 A3   LDA &A304
     8E9B   91 B0      STA (&B0),Y
     8E9D   60         RTS
.OSWORD7E
     8E9E   A9 00      LDA #&00
     8EA0   A8         TAY
     8EA1   91 B0      STA (&B0),Y
     8EA3   C8         INY
     8EA4   AD 07 A3   LDA &A307
     8EA7   91 B0      STA (&B0),Y
     8EA9   C8         INY
     8EAA   AD 06 A3   LDA &A306
     8EAD   29 03      AND #&03
     8EAF   91 B0      STA (&B0),Y
     8EB1   C8         INY
     8EB2   A9 00      LDA #&00
     8EB4   91 B0      STA (&B0),Y
     8EB6   60         RTS
.SERVICE09_help
     8EB7   20 F6 83   JSR &83F6
     8EBA   B1 F2      LDA (&F2),Y
     8EBC   A2 A8      LDX #&A8
     8EBE   C9 0D      CMP #&0D
     8EC0   D0 87      BNE &8E49
     8EC2   98         TYA
     8EC3   A0 03      LDY #&03
     8EC5   4C A4 99   JMP &99A4
.FILEV_ENTRY
     8EC8   20 1F 84   JSR &841F
     8ECB   48         PHA
     8ECC   20 74 92   JSR &9274
     8ECF   86 B0      STX &B0
     8ED1   8E DB A4   STX &A4DB
     8ED4   84 B1      STY &B1
     8ED6   8C DC A4   STY &A4DC
     8ED9   A2 00      LDX #&00
     8EDB   A0 00      LDY #&00
     8EDD   20 42 81   JSR &8142
.filev_copyparams_loop
     8EE0   20 32 81   JSR &8132
     8EE3   C0 12      CPY #&12
     8EE5   D0 F9      BNE &8EE0
     8EE7   68         PLA
     8EE8   AA         TAX
     8EE9   E8         INX
     8EEA   E0 08      CPX #&08
     8EEC   B0 08      BCS &8EF6
     8EEE   BD BF 93   LDA &93BF,X
     8EF1   48         PHA
     8EF2   BD B7 93   LDA &93B7,X
     8EF5   48         PHA
.filev_unknownop
     8EF6   A9 00      LDA #&00
     8EF8   60         RTS
.FSCV_ENTRY
     8EF9   C9 0C      CMP #&0C
     8EFB   B0 F9      BCS &8EF6
     8EFD   86 B5      STX &B5
     8EFF   AA         TAX
     8F00   BD AB 93   LDA &93AB,X
     8F03   48         PHA
     8F04   BD 9F 93   LDA &939F,X
     8F07   48         PHA
     8F08   8A         TXA
     8F09   A6 B5      LDX &B5
     8F0B   60         RTS
.GBPBV_ENTRY
     8F0C   C9 09      CMP #&09
     8F0E   B0 1D      BCS &8F2D
     8F10   20 F6 83   JSR &83F6
     8F13   20 0F 96   JSR &960F
     8F16   8E 7D A4   STX &A47D
     8F19   8C 7E A4   STY &A47E
     8F1C   A8         TAY
     8F1D   4C CE 90   JMP &90CE
.upgbpb
     8F20   20 2E 8F   JSR &8F2E
     8F23   08         PHP
     8F24   2C 81 A4   BIT &A481
     8F27   10 03      BPL &8F2C
     8F29   20 72 8C   JSR &8C72
.gbpb_nottube
     8F2C   28         PLP
.gbpbv_unrecop
     8F2D   60         RTS
.gbpb_gosub
     8F2E   B9 C7 93   LDA &93C7,Y
     8F31   8D D7 A4   STA &A4D7
     8F34   B9 D0 93   LDA &93D0,Y
     8F37   8D D8 A4   STA &A4D8
     8F3A   B9 D9 93   LDA &93D9,Y
     8F3D   4A         LSR A
     8F3E   08         PHP
     8F3F   4A         LSR A
     8F40   08         PHP
     8F41   8D 7F A4   STA &A47F
     8F44   A0 0C      LDY #&0C
.gbpb_ctlblk_loop
     8F46   B1 B4      LDA (&B4),Y
     8F48   99 60 A4   STA &A460,Y
     8F4B   88         DEY
     8F4C   10 F8      BPL &8F46
     8F4E   AD 63 A4   LDA &A463
     8F51   2D 64 A4   AND &A464
     8F54   0D D6 A4   ORA &A4D6
     8F57   18         CLC
     8F58   69 01      ADC #&01
     8F5A   F0 06      BEQ &8F62
     8F5C   20 63 8C   JSR &8C63
     8F5F   18         CLC
     8F60   A9 FF      LDA #&FF
.gbpb_nottube1
     8F62   8D 81 A4   STA &A481
     8F65   AD 7F A4   LDA &A47F
     8F68   B0 07      BCS &8F71
     8F6A   A2 61      LDX #&61
     8F6C   A0 A4      LDY #&A4
     8F6E   20 06 04   JSR &0406
.gbpb_nottube2
     8F71   28         PLP
     8F72   B0 04      BCS &8F78
     8F74   28         PLP
.gbpb_jmpsub
     8F75   6C D7 A4   JMP (&A4D7)
.gbpb_rw_seqptr
     8F78   A2 03      LDX #&03
.gbpb_seqptr_loop1
     8F7A   BD 69 A4   LDA &A469,X
     8F7D   95 B6      STA &B6,X
     8F7F   CA         DEX
     8F80   10 F8      BPL &8F7A
     8F82   A2 B6      LDX #&B6
     8F84   AC 60 A4   LDY &A460
     8F87   A9 00      LDA #&00
     8F89   28         PLP
     8F8A   B0 03      BCS &8F8F
     8F8C   20 F5 98   JSR &98F5
.gpbp_dontwriteseqptr
     8F8F   20 5A 96   JSR &965A
     8F92   A2 03      LDX #&03
.gbpb_seqptr_loop2
     8F94   B5 B6      LDA &B6,X
     8F96   9D 69 A4   STA &A469,X
     8F99   CA         DEX
     8F9A   10 F8      BPL &8F94
.gbpb_rwdata
     8F9C   20 6C 90   JSR &906C
     8F9F   30 0D      BMI &8FAE
.gbpb_data_loop
     8FA1   AC 60 A4   LDY &A460
     8FA4   20 75 8F   JSR &8F75
     8FA7   B0 0D      BCS &8FB6
     8FA9   A2 09      LDX #&09
     8FAB   20 A7 90   JSR &90A7
.gbpb_data_loopin
     8FAE   A2 05      LDX #&05
     8FB0   20 A7 90   JSR &90A7
     8FB3   D0 EC      BNE &8FA1
     8FB5   18         CLC
.gbpb_data_loopout
     8FB6   08         PHP
     8FB7   20 6C 90   JSR &906C
     8FBA   A2 05      LDX #&05
     8FBC   20 A7 90   JSR &90A7
     8FBF   20 7A 90   JSR &907A
     8FC2   A0 0C      LDY #&0C
.gbpb_restorectlblk_loop
     8FC4   B9 60 A4   LDA &A460,Y
     8FC7   91 B4      STA (&B4),Y
     8FC9   88         DEY
     8FCA   10 F8      BPL &8FC4
     8FCC   28         PLP
     8FCD   60         RTS
.gbpb8_rdfilescurdir
     8FCE   20 77 AB   JSR &AB77
     8FD1   A9 DD      LDA #&DD
     8FD3   8D D7 A4   STA &A4D7
     8FD6   A9 8F      LDA #&8F
     8FD8   8D D8 A4   STA &A4D8
     8FDB   D0 BF      BNE &8F9C
.gbpb8_getbyte
     8FDD   AC 69 A4   LDY &A469
.gbpb8_loop
     8FE0   CC 05 A3   CPY &A305
     8FE3   B0 28      BCS &900D
     8FE5   B9 0F A2   LDA &A20F,Y
     8FE8   20 39 83   JSR &8339
     8FEB   45 CC      EOR &CC
     8FED   B0 02      BCS &8FF1
     8FEF   29 DF      AND #&DF
.gbpb8_notalpha
     8FF1   29 7F      AND #&7F
     8FF3   F0 05      BEQ &8FFA
     8FF5   20 F7 87   JSR &87F7
     8FF8   D0 E6      BNE &8FE0
.gbpb8_filefound
     8FFA   A9 07      LDA #&07
     8FFC   20 93 90   JSR &9093
     8FFF   85 B0      STA &B0
.gbpb8_copyfn_loop
     9001   B9 08 A2   LDA &A208,Y
     9004   20 93 90   JSR &9093
     9007   C8         INY
     9008   C6 B0      DEC &B0
     900A   D0 F5      BNE &9001
     900C   18         CLC
.gbpb8_endofcat
     900D   8C 69 A4   STY &A469
     9010   AD 04 A3   LDA &A304
     9013   8D 60 A4   STA &A460
     9016   60         RTS
.gbpb5_getmediatitle
     9017   20 77 AB   JSR &AB77
     901A   A9 0C      LDA #&0C
     901C   20 93 90   JSR &9093
     901F   A0 00      LDY #&00
.gbpb5_titleloop
     9021   C0 08      CPY #&08
     9023   B0 05      BCS &902A
     9025   B9 00 A2   LDA &A200,Y
     9028   90 03      BCC &902D
.gbpb5_titlehi
     902A   B9 F8 A2   LDA &A2F8,Y
.gbpb5_titlelo
     902D   20 93 90   JSR &9093
     9030   C8         INY
     9031   C0 0C      CPY #&0C
     9033   D0 EC      BNE &9021
     9035   AD 06 A3   LDA &A306
     9038   20 22 82   JSR &8222
     903B   20 93 90   JSR &9093
     903E   A5 CD      LDA &CD
     9040   4C 93 90   JMP &9093
.gbpb6_rdcurdirdevice
     9043   20 8A 90   JSR &908A
     9046   AD CA A4   LDA &A4CA
     9049   20 85 90   JSR &9085
     904C   AD C9 A4   LDA &A4C9
     904F   D0 42      BNE &9093
.gbpb7_rdcurlibdevice
     9051   20 8A 90   JSR &908A
     9054   AD CC A4   LDA &A4CC
     9057   20 85 90   JSR &9085
     905A   AD CB A4   LDA &A4CB
     905D   D0 34      BNE &9093
.gpbp_B8memptr
     905F   AE 61 A4   LDX &A461
     9062   86 B8      STX &B8
     9064   AE 62 A4   LDX &A462
     9067   86 B9      STX &B9
     9069   A2 00      LDX #&00
     906B   60         RTS
.gbpb_bytesxferinvert
     906C   A2 03      LDX #&03
.gbpb_bytesxferinvert_loop
     906E   A9 FF      LDA #&FF
     9070   5D 65 A4   EOR &A465,X
     9073   9D 65 A4   STA &A465,X
     9076   CA         DEX
     9077   10 F5      BPL &906E
     9079   60         RTS
.gbpb_wordB4_word107D
     907A   AD 7D A4   LDA &A47D
     907D   85 B4      STA &B4
     907F   AD 7E A4   LDA &A47E
     9082   85 B5      STA &B5
     9084   60         RTS
.gbpb_gb_SAVEBYTE_and_gbpb_SAVE_01
     9085   09 30      ORA #&30
     9087   20 93 90   JSR &9093
.gbpb_SAVE_01
     908A   A9 01      LDA #&01
     908C   D0 05      BNE &9093
.gbpb_getbyteSAVEBYTE
     908E   20 68 97   JSR &9768
     9091   B0 1F      BCS &90B2
.gbpb_gb_SAVEBYTE
     9093   2C 81 A4   BIT &A481
     9096   10 05      BPL &909D
     9098   8D E5 FE   STA &FEE5
     909B   30 05      BMI &90A2
.gBpb_gb_fromhost
     909D   20 5F 90   JSR &905F
     90A0   81 B8      STA (&B8,X)
.gbpb_incDataPtr
     90A2   20 F6 83   JSR &83F6
     90A5   A2 01      LDX #&01
.gbpb_incdblword1060X
     90A7   A0 04      LDY #&04
.gbpb_incdblword_loop
     90A9   FE 60 A4   INC &A460,X
     90AC   D0 04      BNE &90B2
     90AE   E8         INX
     90AF   88         DEY
     90B0   D0 F7      BNE &90A9
.gbpb_incdblworkd_exit
     90B2   60         RTS
.gbpb_putbytes
     90B3   20 BB 90   JSR &90BB
     90B6   20 25 98   JSR &9825
     90B9   18         CLC
     90BA   60         RTS
.gpbp_pb_LOADBYTE
     90BB   2C 81 A4   BIT &A481
     90BE   10 06      BPL &90C6
     90C0   AD E5 FE   LDA &FEE5
     90C3   4C A2 90   JMP &90A2
.gbpb_pb_fromhost
     90C6   20 5F 90   JSR &905F
     90C9   A1 B8      LDA (&B8,X)
     90CB   4C A2 90   JMP &90A2
.fastgb
     90CE   20 7A 90   JSR &907A
     90D1   B9 D9 93   LDA &93D9,Y
     90D4   29 03      AND #&03
     90D6   4A         LSR A
     90D7   F0 4A      BEQ &9123
     90D9   8C 6D A4   STY &A46D
     90DC   A0 0C      LDY #&0C
.copyl0
     90DE   B1 B4      LDA (&B4),Y
     90E0   99 60 A4   STA &A460,Y
     90E3   88         DEY
     90E4   10 F8      BPL &90DE
     90E6   A8         TAY
     90E7   A2 03      LDX #&03
.initl
     90E9   BD 65 A4   LDA &A465,X
     90EC   9D 6E A4   STA &A46E,X
     90EF   CA         DEX
     90F0   10 F7      BPL &90E9
     90F2   AD 69 A4   LDA &A469
     90F5   90 09      BCC &9100
     90F7   98         TYA
     90F8   20 27 82   JSR &8227
     90FB   A8         TAY
     90FC   B9 10 A5   LDA &A510,Y
     90FF   18         CLC
.dcptr
     9100   49 FF      EOR #&FF
     9102   69 01      ADC #&01
     9104   A0 FC      LDY #&FC
.hdrext
     9106   99 69 A3   STA &A369,Y
     9109   A9 00      LDA #&00
     910B   C8         INY
     910C   D0 F8      BNE &9106
     910E   20 3C 92   JSR &923C
     9111   90 02      BCC &9115
     9113   D0 46      BNE &915B
.trailr
     9115   20 52 92   JSR &9252
.drain
     9118   A9 60      LDA #&60
     911A   85 B4      STA &B4
     911C   A9 A4      LDA #&A4
     911E   85 B5      STA &B5
     9120   AC 6D A4   LDY &A46D
.chain
     9123   4C 20 8F   JMP &8F20
.morfst
     9126   AD 71 A4   LDA &A471
     9129   20 4B 92   JSR &924B
     912C   D0 32      BNE &9160
     912E   8D 66 A4   STA &A466
     9131   8D 67 A4   STA &A467
     9134   AD 6E A4   LDA &A46E
     9137   D0 DC      BNE &9115
     9139   18         CLC
.fgbfin
     913A   08         PHP
     913B   20 52 92   JSR &9252
     913E   28         PLP
     913F   20 7A 90   JSR &907A
     9142   A0 0C      LDY #&0C
.retnl
     9144   B9 60 A4   LDA &A460,Y
     9147   91 B4      STA (&B4),Y
     9149   88         DEY
     914A   10 F8      BPL &9144
     914C   60         RTS
.setmax
     914D   8D 67 A4   STA &A467
     9150   0D 66 A4   ORA &A466
     9153   D0 4B      BNE &91A0
.throw
     9155   A0 FD      LDY #&FD
     9157   A9 01      LDA #&01
     9159   D0 AB      BNE &9106
.align
     915B   20 18 91   JSR &9118
     915E   B0 DA      BCS &913A
.dofast
     9160   AE 71 A4   LDX &A471
     9163   F0 02      BEQ &9167
     9165   A2 FF      LDX #&FF
.sclamp
     9167   8A         TXA
     9168   0D 70 A4   ORA &A470
     916B   8D 67 A4   STA &A467
     916E   8A         TXA
     916F   0D 6F A4   ORA &A46F
     9172   AA         TAX
     9173   AD C2 A4   LDA &A4C2
     9176   38         SEC
     9177   6D 6D A4   ADC &A46D
     917A   49 04      EOR #&04
     917C   29 E4      AND #&E4
     917E   A8         TAY
     917F   B9 15 A5   LDA &A515,Y
     9182   38         SEC
     9183   ED 6A A4   SBC &A46A
     9186   8D 66 A4   STA &A466
     9189   B9 16 A5   LDA &A516,Y
     918C   ED 6B A4   SBC &A46B
     918F   90 C4      BCC &9155
     9191   CD 67 A4   CMP &A467
     9194   90 B7      BCC &914D
     9196   D0 05      BNE &919D
     9198   EC 66 A4   CPX &A466
     919B   B0 B0      BCS &914D
.sectr0
     919D   8E 66 A4   STX &A466
.sectr1
     91A0   AC C2 A4   LDY &A4C2
     91A3   20 FF 93   JSR &93FF
     91A6   20 C3 97   JSR &97C3
     91A9   A9 3F      LDA #&3F
     91AB   99 1D A5   STA &A51D,Y
     91AE   20 BB 97   JSR &97BB
     91B1   AD 61 A4   LDA &A461
     91B4   85 BC      STA &BC
     91B6   AD 62 A4   LDA &A462
     91B9   85 BD      STA &BD
     91BB   AD 63 A4   LDA &A463
     91BE   8D 74 A4   STA &A474
     91C1   AD 64 A4   LDA &A464
     91C4   8D 75 A4   STA &A475
     91C7   B9 0F A5   LDA &A50F,Y
     91CA   18         CLC
     91CB   6D 6A A4   ADC &A46A
     91CE   85 C3      STA &C3
     91D0   B9 0D A5   LDA &A50D,Y
     91D3   6D 6B A4   ADC &A46B
     91D6   29 03      AND #&03
     91D8   85 C2      STA &C2
     91DA   A9 00      LDA #&00
     91DC   85 C0      STA &C0
     91DE   AD 66 A4   LDA &A466
     91E1   85 C1      STA &C1
     91E3   AD 67 A4   LDA &A467
     91E6   20 28 82   JSR &8228
     91E9   05 C2      ORA &C2
     91EB   85 C2      STA &C2
     91ED   AD 6D A4   LDA &A46D
     91F0   EE DD A4   INC &A4DD
     91F3   20 62 92   JSR &9262
     91F6   CE DD A4   DEC &A4DD
     91F9   20 3C 92   JSR &923C
     91FC   AC 66 A4   LDY &A466
     91FF   98         TYA
     9200   18         CLC
     9201   6D 62 A4   ADC &A462
     9204   8D 62 A4   STA &A462
     9207   AE 67 A4   LDX &A467
     920A   8A         TXA
     920B   6D 63 A4   ADC &A463
     920E   8D 63 A4   STA &A463
     9211   90 03      BCC &9216
     9213   EE 64 A4   INC &A464
.updp
     9216   98         TYA
     9217   AC C2 A4   LDY &A4C2
     921A   18         CLC
     921B   79 11 A5   ADC &A511,Y
     921E   99 11 A5   STA &A511,Y
     9221   8D 6A A4   STA &A46A
     9224   8A         TXA
     9225   79 12 A5   ADC &A512,Y
     9228   99 12 A5   STA &A512,Y
     922B   8D 6B A4   STA &A46B
     922E   98         TYA
     922F   20 68 99   JSR &9968
     9232   90 05      BCC &9239
     9234   F0 03      BEQ &9239
     9236   20 D3 98   JSR &98D3
.doneit
     9239   4C 26 91   JMP &9126
.subwk
     923C   38         SEC
     923D   A2 FC      LDX #&FC
.subwkl
     923F   BD 72 A3   LDA &A372,X
     9242   FD 69 A3   SBC &A369,X
     9245   9D 72 A3   STA &A372,X
     9248   E8         INX
     9249   D0 F4      BNE &923F
.testl
     924B   0D 70 A4   ORA &A470
     924E   0D 6F A4   ORA &A46F
     9251   60         RTS
.addtol
     9252   18         CLC
     9253   A2 FC      LDX #&FC
.addl
     9255   BD 72 A3   LDA &A372,X
     9258   7D 69 A3   ADC &A369,X
     925B   9D 69 A3   STA &A369,X
     925E   E8         INX
     925F   D0 F4      BNE &9255
     9261   60         RTS
.docmd
     9262   C9 03      CMP #&03
     9264   90 00      BCC &9266
.dowrcmd
     9266   4C 47 88   JMP &8847
.dordcmd
     9269   4C 54 88   JMP &8854
.fscv_osabouttoproccmd
     926C   2C C7 A4   BIT &A4C7
     926F   30 03      BMI &9274
     9271   CE C7 A4   DEC &A4C7
.parameter_fsp
     9274   A9 FF      LDA #&FF
     9276   8D CE A4   STA &A4CE
.param_out
     9279   8D CD A4   STA &A4CD
     927C   60         RTS
.parameter_afsp
     927D   A9 2A      LDA #&2A
     927F   8D CE A4   STA &A4CE
     9282   A9 23      LDA #&23
     9284   D0 F3      BNE &9279
.osfile5_rdcatinfo
     9286   20 40 93   JSR &9340
     9289   20 97 83   JSR &8397
     928C   A9 01      LDA #&01
     928E   60         RTS
.osfile6_delfile
     928F   20 1D 93   JSR &931D
     9292   20 97 83   JSR &8397
     9295   20 1D 83   JSR &831D
     9298   4C BF 92   JMP &92BF
.osfile1_updatecat
     929B   20 40 93   JSR &9340
     929E   20 C5 92   JSR &92C5
     92A1   20 E1 92   JSR &92E1
     92A4   50 16      BVC &92BC
.osfile3_wrexecaddr
     92A6   20 40 93   JSR &9340
     92A9   20 E1 92   JSR &92E1
     92AC   50 11      BVC &92BF
.osfile2_wrloadaddr
     92AE   20 40 93   JSR &9340
     92B1   20 C5 92   JSR &92C5
     92B4   50 09      BVC &92BF
.osfile4_wrattribs
     92B6   20 40 93   JSR &9340
     92B9   20 35 93   JSR &9335
.osfile_updatelocksavecat
     92BC   20 04 93   JSR &9304
.osfile_savecat_retA_1
     92BF   20 8C AB   JSR &AB8C
     92C2   A9 01      LDA #&01
     92C4   60         RTS
.osfile_update_loadaddr_Xoffset
     92C5   20 F6 83   JSR &83F6
     92C8   A0 02      LDY #&02
     92CA   B1 B0      LDA (&B0),Y
     92CC   9D 08 A3   STA &A308,X
     92CF   C8         INY
     92D0   B1 B0      LDA (&B0),Y
     92D2   9D 09 A3   STA &A309,X
     92D5   C8         INY
     92D6   B1 B0      LDA (&B0),Y
     92D8   0A         ASL A
     92D9   0A         ASL A
     92DA   5D 0E A3   EOR &A30E,X
     92DD   29 0C      AND #&0C
     92DF   10 1B      BPL &92FC
.osfile_update_execaddr_Xoffset
     92E1   20 F6 83   JSR &83F6
     92E4   A0 06      LDY #&06
     92E6   B1 B0      LDA (&B0),Y
     92E8   9D 0A A3   STA &A30A,X
     92EB   C8         INY
     92EC   B1 B0      LDA (&B0),Y
     92EE   9D 0B A3   STA &A30B,X
     92F1   C8         INY
     92F2   B1 B0      LDA (&B0),Y
     92F4   6A         ROR A
     92F5   6A         ROR A
     92F6   6A         ROR A
     92F7   5D 0E A3   EOR &A30E,X
     92FA   29 C0      AND #&C0
.osfile_savemixedbyte
     92FC   5D 0E A3   EOR &A30E,X
     92FF   9D 0E A3   STA &A30E,X
     9302   B8         CLV
     9303   60         RTS
.osfile_updatelock
     9304   20 F6 83   JSR &83F6
     9307   A0 0E      LDY #&0E
     9309   B1 B0      LDA (&B0),Y
     930B   29 0A      AND #&0A
     930D   F0 02      BEQ &9311
     930F   A9 80      LDA #&80
.osfile_notlocked
     9311   5D 0F A2   EOR &A20F,X
     9314   29 80      AND #&80
     9316   5D 0F A2   EOR &A20F,X
     9319   9D 0F A2   STA &A20F,X
     931C   60         RTS
.CheckFileNotLocked
     931D   20 4A 93   JSR &934A
     9320   90 23      BCC &9345
.CheckFileNotLockedY
     9322   B9 0F A2   LDA &A20F,Y
     9325   10 22      BPL &9349
.errFILELOCKED
     9327   20 5E 80   JSR &805E
     932A   C3
     932B   4C 6F 63 ...
     9331   00
.CheckFileNotLockedOrOpenY
     9332   20 22 93   JSR &9322
.CheckFileNotOpenY
     9335   20 F6 83   JSR &83F6
     9338   20 A4 95   JSR &95A4
     933B   90 21      BCC &935E
     933D   4C 08 95   JMP &9508
.CheckFileExists
     9340   20 4A 93   JSR &934A
     9343   B0 19      BCS &935E
.ExitCallingSubroutine
     9345   68         PLA
     9346   68         PLA
     9347   A9 00      LDA #&00
.chklock_exit
     9349   60         RTS
.read_fspBA_findcatentry
     934A   20 52 81   JSR &8152
     934D   20 80 82   JSR &8280
     9350   90 0C      BCC &935E
     9352   98         TYA
     9353   AA         TAX
.SetParamBlockPointerB0
     9354   AD DB A4   LDA &A4DB
     9357   85 B0      STA &B0
     9359   AD DC A4   LDA &A4DC
     935C   85 B1      STA &B1
.checkexit
     935E   60         RTS
.CalcRAM
     935F   A9 83      LDA #&83
     9361   20 F4 FF   JSR &FFF4
     9364   8C CF A4   STY &A4CF
     9367   A9 84      LDA #&84
     9369   20 F4 FF   JSR &FFF4
     936C   98         TYA
     936D   38         SEC
     936E   ED CF A4   SBC &A4CF
     9371   8D D0 A4   STA &A4D0
     9374   60         RTS
.osbyte_X0YFF
     9375   A2 00      LDX #&00
.osbyte_YFF
     9377   A0 FF      LDY #&FF
     9379   4C F4 FF   JMP &FFF4
.vectors_table
     937C   1B FF
     937E   1E FF
     9380   21 FF
     9382   24 FF
     9384   27 FF
     9386   2A FF
     9388   2D FF
.extendedvectors_table
     938A   C8 8E
     938C   00         BRK
     938D   1C 96
     938F   00         BRK
     9390   68 97
     9392   00         BRK
     9393   25 98
     9395   00         BRK
     9396   0C 8F
     9398   00         BRK
     9399   41 94
     939B   00         BRK
     939C   F9 8E
     939E   00         BRK
.fscv_table1
     939F   2C
     93A0   34
     93A1   A7
     93A2   29
     93A3   A7
     93A4   6F
     93A5   E6
     93A6   E1
     93A7   6B
     93A8   4D
     93A9   6C
     93AA   A7
.fscv_table2
     93AB   8A
     93AC   97
     93AD   88
     93AE   87
     93AF   88
     93B0   84
     93B1   93
     93B2   93
     93B3   92
     93B4   82
     93B5   82
     93B6   88
.finv_tablelo
     93B7   11
     93B8   4A
     93B9   9A
     93BA   AD
     93BB   A5
     93BC   B5
     93BD   85
     93BE   8E
.finv_tablehi
     93BF   88
     93C0   88
     93C1   92
     93C2   92
     93C3   92
     93C4   92
     93C5   92
     93C6   92
.gbpbv_table1
     93C7   CD
     93C8   B3
     93C9   B3
     93CA   8E
     93CB   8E
     93CC   17
     93CD   43
     93CE   51
     93CF   CE
.gbpbv_table2
     93D0   82
     93D1   90
     93D2   90
     93D3   90
     93D4   90
     93D5   90
     93D6   90
     93D7   90
     93D8   8F
.gbpbv_table3
     93D9   04
     93DA   02
     93DB   03
     93DC   06
     93DD   07
     93DE   04
     93DF   04
     93E0   04
     93E1   04
.fscv7_hndlrange
     93E2   A2 11      LDX #&11
     93E4   A0 15      LDY #&15
.closeallfiles_exit
     93E6   60         RTS
.fscv6_shutdownfilesys
     93E7   20 F6 83   JSR &83F6
.CloseSPOOLEXECfiles
     93EA   A9 77      LDA #&77
     93EC   4C F4 FF   JMP &FFF4
.CMD_CLOSE
.CloseAllFiles_Osbyte77
     93EF   20 EA 93   JSR &93EA
.CloseAllFiles
     93F2   A9 00      LDA #&00
.closeallfiles_loop
     93F4   18         CLC
     93F5   69 20      ADC #&20
     93F7   F0 ED      BEQ &93E6
     93F9   A8         TAY
     93FA   20 4E 94   JSR &944E
     93FD   D0 F5      BNE &93F4
.Channel_SetDirDrv_GetCatEntry_Yintch
     93FF   20 1A 94   JSR &941A
.Channel_GetCatEntry_Yintch
     9402   A2 06      LDX #&06
.chnl_getcatloop
     9404   B9 0C A5   LDA &A50C,Y
     9407   95 C5      STA &C5,X
     9409   88         DEY
     940A   88         DEY
     940B   CA         DEX
     940C   10 F6      BPL &9404
     940E   20 8B 82   JSR &828B
     9411   90 22      BCC &9435
     9413   8C C3 A4   STY &A4C3
     9416   AC C2 A4   LDY &A4C2
.chkdskchangexit
     9419   60         RTS
.Channel_SetDirDrive_Yintch
     941A   B9 0E A5   LDA &A50E,Y
     941D   29 7F      AND #&7F
     941F   85 CC      STA &CC
     9421   B9 17 A5   LDA &A517,Y
     9424   4C DF 8B   JMP &8BDF
.CheckForDiskChange
     9427   20 F6 83   JSR &83F6
     942A   AD 04 A3   LDA &A304
     942D   20 85 AB   JSR &AB85
     9430   CD 04 A3   CMP &A304
     9433   F0 E4      BEQ &9419
.errDISKCHANGED
     9435   20 49 80   JSR &8049
     9438   C8
     9439   63 68 61 ...
     9440   00
.FINDV_ENTRY
     9441   29 C0      AND #&C0
     9443   D0 59      BNE &949E
     9445   20 F6 83   JSR &83F6
.CloseFiles_Yhandle
     9448   98         TYA
     9449   F0 A4      BEQ &93EF
     944B   20 49 97   JSR &9749
.CloseFile_Yintch
     944E   48         PHA
     944F   20 D4 96   JSR &96D4
     9452   B0 45      BCS &9499
     9454   B9 1B A5   LDA &A51B,Y
     9457   49 FF      EOR #&FF
     9459   2D C0 A4   AND &A4C0
     945C   8D C0 A4   STA &A4C0
     945F   B9 17 A5   LDA &A517,Y
     9462   29 60      AND #&60
     9464   F0 33      BEQ &9499
     9466   20 FF 93   JSR &93FF
     9469   B9 17 A5   LDA &A517,Y
     946C   29 20      AND #&20
     946E   F0 26      BEQ &9496
     9470   AE C3 A4   LDX &A4C3
     9473   B9 14 A5   LDA &A514,Y
     9476   9D 0C A3   STA &A30C,X
     9479   B9 15 A5   LDA &A515,Y
     947C   9D 0D A3   STA &A30D,X
     947F   B9 16 A5   LDA &A516,Y
     9482   20 28 82   JSR &8228
     9485   5D 0E A3   EOR &A30E,X
     9488   29 30      AND #&30
     948A   5D 0E A3   EOR &A30E,X
     948D   9D 0E A3   STA &A30E,X
     9490   20 8C AB   JSR &AB8C
     9493   AC C2 A4   LDY &A4C2
.closefile_buftodisk
     9496   20 C3 97   JSR &97C3
.closefile_exit
     9499   AE C5 A4   LDX &A4C5
     949C   68         PLA
     949D   60         RTS
.findvnot0_openfile
     949E   20 1F 84   JSR &841F
     94A1   86 BA      STX &BA
     94A3   84 BB      STY &BB
     94A5   85 B4      STA &B4
     94A7   24 B4      BIT &B4
     94A9   08         PHP
     94AA   20 52 81   JSR &8152
     94AD   20 74 92   JSR &9274
     94B0   20 80 82   JSR &8280
     94B3   B0 22      BCS &94D7
     94B5   A9 00      LDA #&00
     94B7   28         PLP
     94B8   50 01      BVC &94BB
     94BA   60         RTS
.findv_createfile
     94BB   08         PHP
     94BC   A2 07      LDX #&07
.findv_loop1
     94BE   95 BC      STA &BC,X
     94C0   9D 74 A4   STA &A474,X
     94C3   CA         DEX
     94C4   10 F8      BPL &94BE
     94C6   C6 BE      DEC &BE
     94C8   C6 BF      DEC &BF
     94CA   CE 76 A4   DEC &A476
     94CD   CE 77 A4   DEC &A477
     94D0   A9 40      LDA #&40
     94D2   85 C3      STA &C3
     94D4   20 8B 8A   JSR &8A8B
.findv_filefound
     94D7   28         PLP
     94D8   08         PHP
     94D9   70 03      BVS &94DE
     94DB   20 22 93   JSR &9322
.findv_readorupdate
     94DE   20 A4 95   JSR &95A4
     94E1   90 0E      BCC &94F1
.findv_loop2
     94E3   B9 0C A5   LDA &A50C,Y
     94E6   10 20      BPL &9508
     94E8   28         PLP
     94E9   08         PHP
     94EA   30 1C      BMI &9508
     94EC   20 9F 95   JSR &959F
     94EF   B0 F2      BCS &94E3
.findv_openchannel
     94F1   AC C2 A4   LDY &A4C2
     94F4   D0 1B      BNE &9511
.errTOOMANYFILESOPEN
     94F6   20 5E 80   JSR &805E
     94F9   C0
     94FA   54 6F 6F ...
     9507   00
.errFILEOPEN
     9508   20 5E 80   JSR &805E
     950B   C2
     950C   4F 70 65 ...
     9510   00
.SetupChannelInfoBlock_Yintch
     9511   A9 08      LDA #&08
     9513   8D C4 A4   STA &A4C4
.chnlblock_loop1
     9516   BD 08 A2   LDA &A208,X
     9519   99 00 A5   STA &A500,Y
     951C   C8         INY
     951D   BD 08 A3   LDA &A308,X
     9520   99 00 A5   STA &A500,Y
     9523   C8         INY
     9524   E8         INX
     9525   CE C4 A4   DEC &A4C4
     9528   D0 EC      BNE &9516
     952A   A2 10      LDX #&10
     952C   A9 00      LDA #&00
.chnlblock_loop2
     952E   99 00 A5   STA &A500,Y
     9531   C8         INY
     9532   CA         DEX
     9533   D0 F9      BNE &952E
     9535   AD C2 A4   LDA &A4C2
     9538   A8         TAY
     9539   20 21 82   JSR &8221
     953C   69 A5      ADC #&A5
     953E   99 13 A5   STA &A513,Y
     9541   AD C1 A4   LDA &A4C1
     9544   99 1B A5   STA &A51B,Y
     9547   0D C0 A4   ORA &A4C0
     954A   8D C0 A4   STA &A4C0
     954D   B9 09 A5   LDA &A509,Y
     9550   69 FF      ADC #&FF
     9552   B9 0B A5   LDA &A50B,Y
     9555   69 00      ADC #&00
     9557   99 19 A5   STA &A519,Y
     955A   B9 0D A5   LDA &A50D,Y
     955D   09 0F      ORA #&0F
     955F   69 00      ADC #&00
     9561   20 1A 82   JSR &821A
     9564   99 1A A5   STA &A51A,Y
     9567   28         PLP
     9568   50 2E      BVC &9598
     956A   30 08      BMI &9574
     956C   A9 80      LDA #&80
     956E   19 0C A5   ORA &A50C,Y
     9571   99 0C A5   STA &A50C,Y
.chnlblock_setEXT
     9574   B9 09 A5   LDA &A509,Y
     9577   99 14 A5   STA &A514,Y
     957A   B9 0B A5   LDA &A50B,Y
     957D   99 15 A5   STA &A515,Y
     9580   B9 0D A5   LDA &A50D,Y
     9583   20 1A 82   JSR &821A
     9586   99 16 A5   STA &A516,Y
.chnlblock_cont
     9589   A5 CD      LDA &CD
     958B   19 17 A5   ORA &A517,Y
     958E   99 17 A5   STA &A517,Y
     9591   98         TYA
     9592   20 21 82   JSR &8221
     9595   09 10      ORA #&10
     9597   60         RTS
.chnlblock_setBit5
     9598   A9 20      LDA #&20
     959A   99 17 A5   STA &A517,Y
     959D   D0 EA      BNE &9589
.IsFileOpenContinue
     959F   8A         TXA
     95A0   48         PHA
     95A1   4C E3 95   JMP &95E3
.IsFileOpen_Yoffset
     95A4   A9 00      LDA #&00
     95A6   8D C2 A4   STA &A4C2
     95A9   A9 08      LDA #&08
     95AB   85 B5      STA &B5
     95AD   98         TYA
     95AE   AA         TAX
     95AF   A0 A0      LDY #&A0
.fop_main_loop
     95B1   84 B3      STY &B3
     95B3   8A         TXA
     95B4   48         PHA
     95B5   A9 08      LDA #&08
     95B7   85 B2      STA &B2
     95B9   A5 B5      LDA &B5
     95BB   2C C0 A4   BIT &A4C0
     95BE   F0 1D      BEQ &95DD
     95C0   B9 17 A5   LDA &A517,Y
     95C3   45 CD      EOR &CD
     95C5   29 03      AND #&03
     95C7   D0 1A      BNE &95E3
.fop_cmpfn_loop
     95C9   BD 08 A2   LDA &A208,X
     95CC   59 00 A5   EOR &A500,Y
     95CF   29 7F      AND #&7F
     95D1   D0 10      BNE &95E3
     95D3   E8         INX
     95D4   C8         INY
     95D5   C8         INY
     95D6   C6 B2      DEC &B2
     95D8   D0 EF      BNE &95C9
     95DA   38         SEC
     95DB   B0 10      BCS &95ED
.fop_channelnotopen
     95DD   8C C2 A4   STY &A4C2
     95E0   8D C1 A4   STA &A4C1
.fop_nothisfile
     95E3   38         SEC
     95E4   A5 B3      LDA &B3
     95E6   E9 20      SBC #&20
     95E8   85 B3      STA &B3
     95EA   06 B5      ASL &B5
     95EC   18         CLC
.fop_matchifCset
     95ED   68         PLA
     95EE   AA         TAX
     95EF   A4 B3      LDY &B3
     95F1   A5 B5      LDA &B5
     95F3   B0 02      BCS &95F7
     95F5   D0 BA      BNE &95B1
.fop_exit
     95F7   60         RTS
.ChannelBufferToDisk_Yhandle_A0
     95F8   20 0F 96   JSR &960F
.ChannelBufferToDisk_Yhandle
     95FB   AD C0 A4   LDA &A4C0
     95FE   48         PHA
     95FF   98         TYA
     9600   D0 05      BNE &9607
     9602   20 F2 93   JSR &93F2
     9605   F0 03      BEQ &960A
.chbuf1
     9607   20 48 94   JSR &9448
.chbuf2
     960A   68         PLA
     960B   8D C0 A4   STA &A4C0
     960E   60         RTS
.ReturnWithA0
     960F   48         PHA
     9610   8A         TXA
     9611   48         PHA
     9612   A9 00      LDA #&00
     9614   BA         TSX
     9615   9D 09 01   STA &0109,X
     9618   68         PLA
     9619   AA         TAX
     961A   68         PLA
     961B   60         RTS
.ARGSV_ENTRY
     961C   20 F6 83   JSR &83F6
     961F   C9 FF      CMP #&FF
     9621   F0 D5      BEQ &95F8
     9623   C0 00      CPY #&00
     9625   F0 12      BEQ &9639
     9627   C9 04      CMP #&04
     9629   B0 27      BCS &9652
     962B   20 0F 96   JSR &960F
     962E   C9 03      CMP #&03
     9630   F0 47      BEQ &9679
     9632   C9 01      CMP #&01
     9634   D0 24      BNE &965A
     9636   4C F5 98   JMP &98F5
.argsv_Y0
     9639   C9 02      CMP #&02
     963B   B0 15      BCS &9652
     963D   20 0F 96   JSR &960F
     9640   F0 11      BEQ &9653
     9642   A9 FF      LDA #&FF
     9644   95 02      STA &02,X
     9646   95 03      STA &03,X
     9648   AD D9 A4   LDA &A4D9
     964B   95 00      STA &00,X
     964D   AD DA A4   LDA &A4DA
     9650   95 01      STA &01,X
.argsv_exit
     9652   60         RTS
.argsv_filesysnumber
     9653   A9 04      LDA #&04
     9655   BA         TSX
     9656   9D 05 01   STA &0105,X
     9659   60         RTS
.argsv_rdseqptr_or_filelen
     965A   20 49 97   JSR &9749
     965D   8C C2 A4   STY &A4C2
     9660   0A         ASL A
     9661   6D C2 A4   ADC &A4C2
     9664   A8         TAY
     9665   B9 10 A5   LDA &A510,Y
     9668   95 00      STA &00,X
     966A   B9 11 A5   LDA &A511,Y
     966D   95 01      STA &01,X
     966F   B9 12 A5   LDA &A512,Y
     9672   95 02      STA &02,X
     9674   A9 00      LDA #&00
     9676   95 03      STA &03,X
     9678   60         RTS
.argsv3
     9679   20 49 97   JSR &9749
     967C   20 E5 98   JSR &98E5
     967F   B0 1E      BCS &969F
     9681   B9 10 A5   LDA &A510,Y
     9684   48         PHA
     9685   B9 11 A5   LDA &A511,Y
     9688   48         PHA
     9689   B9 12 A5   LDA &A512,Y
     968C   48         PHA
     968D   20 00 99   JSR &9900
     9690   68         PLA
     9691   99 12 A5   STA &A512,Y
     9694   68         PLA
     9695   99 11 A5   STA &A511,Y
     9698   68         PLA
     9699   99 10 A5   STA &A510,Y
     969C   20 3E 99   JSR &993E
.truncate
     969F   B9 0C A5   LDA &A50C,Y
     96A2   30 2A      BMI &96CE
     96A4   19 0E A5   ORA &A50E,Y
     96A7   30 28      BMI &96D1
     96A9   A9 20      LDA #&20
     96AB   20 B4 97   JSR &97B4
     96AE   B5 00      LDA &00,X
     96B0   99 14 A5   STA &A514,Y
     96B3   B5 01      LDA &01,X
     96B5   99 15 A5   STA &A515,Y
     96B8   B5 02      LDA &02,X
     96BA   99 16 A5   STA &A516,Y
     96BD   8A         TXA
     96BE   48         PHA
     96BF   20 67 99   JSR &9967
     96C2   68         PLA
     96C3   AA         TAX
     96C4   90 03      BCC &96C9
     96C6   20 2F 99   JSR &992F
.dontchangeptr
     96C9   A9 EF      LDA #&EF
     96CB   4C BB 97   JMP &97BB
.filereadonly
     96CE   4C 11 98   JMP &9811
.filelocked
     96D1   4C 27 93   JMP &9327
.IsHndlinUse_Yintch
     96D4   48         PHA
     96D5   8E C5 A4   STX &A4C5
     96D8   98         TYA
     96D9   29 E0      AND #&E0
     96DB   8D C2 A4   STA &A4C2
     96DE   F0 13      BEQ &96F3
     96E0   20 21 82   JSR &8221
     96E3   A8         TAY
     96E4   A9 00      LDA #&00
     96E6   38         SEC
.hndlinsue_loop
     96E7   6A         ROR A
     96E8   88         DEY
     96E9   D0 FC      BNE &96E7
     96EB   AC C2 A4   LDY &A4C2
     96EE   2C C0 A4   BIT &A4C0
     96F1   D0 01      BNE &96F4
.hndlinuse_notused_C1
     96F3   38         SEC
.hndlinuse_used_C0
     96F4   68         PLA
     96F5   60         RTS
.conv_Yhndl_intch_exYintch
     96F6   48         PHA
     96F7   98         TYA
.conv_hndl_X_entry
     96F8   C9 10      CMP #&10
     96FA   90 04      BCC &9700
     96FC   C9 18      CMP #&18
     96FE   90 02      BCC &9702
.conv_hndl10
     9700   A9 08      LDA #&08
.conv_hndl18
     9702   20 27 82   JSR &8227
     9705   A8         TAY
     9706   68         PLA
     9707   60         RTS
.ClearEXECSPOOLFileHandle
     9708   A9 C6      LDA #&C6
     970A   20 75 93   JSR &9375
     970D   8A         TXA
     970E   F0 09      BEQ &9719
     9710   20 2C 97   JSR &972C
     9713   D0 04      BNE &9719
     9715   A9 C6      LDA #&C6
     9717   D0 0C      BNE &9725
.ClearSpoolhandle
     9719   A9 C7      LDA #&C7
     971B   20 75 93   JSR &9375
     971E   20 2C 97   JSR &972C
     9721   D0 11      BNE &9734
     9723   A9 C7      LDA #&C7
.osbyte_X0Y0
     9725   A2 00      LDX #&00
     9727   A0 00      LDY #&00
     9729   4C F4 FF   JMP &FFF4
.ConvertXhndl_exYintch
     972C   8A         TXA
     972D   A8         TAY
     972E   20 F6 96   JSR &96F6
     9731   CC C2 A4   CPY &A4C2
.clrsplhndl_exit
     9734   60         RTS
.fscv1_EOF_Yhndl
     9735   48         PHA
     9736   98         TYA
     9737   48         PHA
     9738   8A         TXA
     9739   A8         TAY
     973A   20 64 99   JSR &9964
     973D   D0 04      BNE &9743
     973F   A2 FF      LDX #&FF
     9741   D0 02      BNE &9745
.eof_NOTEND
     9743   A2 00      LDX #&00
.eof_exit
     9745   68         PLA
     9746   A8         TAY
     9747   68         PLA
.checkchannel_okexit
     9748   60         RTS
.CheckChannel_Yhndl_exYintch
     9749   20 F6 96   JSR &96F6
     974C   20 D4 96   JSR &96D4
     974F   90 F7      BCC &9748
     9751   20 08 97   JSR &9708
.errCHANNEL
     9754   20 5E 80   JSR &805E
     9757   DE
     9758   43 68 61 ...
     975F   00
.errEOF
     9760   20 5E 80   JSR &805E
     9763   DF
     9764   45 4F 46 
     9767   00
.BGETV_ENTRY
     9768   20 1F 84   JSR &841F
     976B   20 64 99   JSR &9964
     976E   D0 13      BNE &9783
     9770   B9 17 A5   LDA &A517,Y
     9773   29 10      AND #&10
     9775   D0 E9      BNE &9760
     9777   A9 10      LDA #&10
     9779   20 B4 97   JSR &97B4
     977C   AE C5 A4   LDX &A4C5
     977F   A9 FE      LDA #&FE
     9781   38         SEC
     9782   60         RTS
.bg_notEOF
     9783   B9 17 A5   LDA &A517,Y
     9786   30 0A      BMI &9792
     9788   20 1A 94   JSR &941A
     978B   20 C3 97   JSR &97C3
     978E   38         SEC
     978F   20 CB 97   JSR &97CB
.bg_samesector1
     9792   20 80 99   JSR &9980
     9795   A1 BA      LDA (&BA,X)
     9797   18         CLC
     9798   60         RTS
.CalcBufferSectorForPTR
     9799   18         CLC
     979A   B9 0F A5   LDA &A50F,Y
     979D   79 11 A5   ADC &A511,Y
     97A0   85 C3      STA &C3
     97A2   99 1C A5   STA &A51C,Y
     97A5   B9 0D A5   LDA &A50D,Y
     97A8   29 03      AND #&03
     97AA   79 12 A5   ADC &A512,Y
     97AD   85 C2      STA &C2
     97AF   99 1D A5   STA &A51D,Y
.ChannelFlags_SetBit7
     97B2   A9 80      LDA #&80
.ChannelFlags_SetBits
     97B4   19 17 A5   ORA &A517,Y
     97B7   D0 05      BNE &97BE
.ChannelFlags_ClearBit7
     97B9   A9 7F      LDA #&7F
.ChannelFlags_ClearBits
     97BB   39 17 A5   AND &A517,Y
.chnflg_save
     97BE   99 17 A5   STA &A517,Y
     97C1   18         CLC
     97C2   60         RTS
.ChannelBufferToDisk_Yintch
     97C3   B9 17 A5   LDA &A517,Y
     97C6   29 40      AND #&40
     97C8   F0 43      BEQ &980D
     97CA   18         CLC
.ChannelBufferRW_Yintch_C1read
     97CB   EE DD A4   INC &A4DD
     97CE   AC C2 A4   LDY &A4C2
     97D1   B9 13 A5   LDA &A513,Y
     97D4   85 BD      STA &BD
     97D6   A9 FF      LDA #&FF
     97D8   8D 74 A4   STA &A474
     97DB   8D 75 A4   STA &A475
     97DE   A9 00      LDA #&00
     97E0   85 BC      STA &BC
     97E2   85 C0      STA &C0
     97E4   A9 01      LDA #&01
     97E6   85 C1      STA &C1
     97E8   B0 17      BCS &9801
     97EA   B9 1C A5   LDA &A51C,Y
     97ED   85 C3      STA &C3
     97EF   B9 1D A5   LDA &A51D,Y
     97F2   85 C2      STA &C2
     97F4   20 54 88   JSR &8854
     97F7   AC C2 A4   LDY &A4C2
     97FA   A9 BF      LDA #&BF
     97FC   20 BB 97   JSR &97BB
     97FF   90 06      BCC &9807
.chnbuf_read
     9801   20 99 97   JSR &9799
     9804   20 47 88   JSR &8847
.chnbuf_exit
     9807   CE DD A4   DEC &A4DD
     980A   AC C2 A4   LDY &A4C2
.chnbuf_exit2
     980D   60         RTS
.errFILELOCKED2
     980E   4C 27 93   JMP &9327
.errFILEREADONLY
     9811   20 5E 80   JSR &805E
     9814   C1
     9815   52 65 61 ...
     981E   00
.bput_Yintchan
     981F   20 F6 83   JSR &83F6
     9822   4C 2B 98   JMP &982B
.BPUTV_ENTRY
     9825   20 F6 83   JSR &83F6
     9828   20 49 97   JSR &9749
.bp_entry
     982B   48         PHA
     982C   B9 0C A5   LDA &A50C,Y
     982F   30 E0      BMI &9811
     9831   B9 0E A5   LDA &A50E,Y
     9834   30 D8      BMI &980E
     9836   20 1A 94   JSR &941A
     9839   98         TYA
     983A   18         CLC
     983B   69 04      ADC #&04
     983D   20 68 99   JSR &9968
     9840   D0 66      BNE &98A8
     9842   20 02 94   JSR &9402
     9845   AE C3 A4   LDX &A4C3
     9848   38         SEC
     9849   BD 07 A3   LDA &A307,X
     984C   FD 0F A3   SBC &A30F,X
     984F   48         PHA
     9850   BD 06 A3   LDA &A306,X
     9853   FD 0E A3   SBC &A30E,X
     9856   29 03      AND #&03
     9858   D9 1A A5   CMP &A51A,Y
     985B   D0 1F      BNE &987C
     985D   68         PLA
     985E   D9 19 A5   CMP &A519,Y
     9861   D0 34      BNE &9897
     9863   84 B4      STY &B4
     9865   8C C2 A4   STY &A4C2
     9868   20 08 97   JSR &9708
.errCANTEXTEND
     986B   20 5E 80   JSR &805E
     986E   BF
     986F   43 61 6E ...
     987B   00
.bp_extendby100
     987C   B9 1A A5   LDA &A51A,Y
     987F   18         CLC
     9880   69 01      ADC #&01
     9882   99 1A A5   STA &A51A,Y
     9885   0A         ASL A
     9886   0A         ASL A
     9887   0A         ASL A
     9888   0A         ASL A
     9889   5D 0E A3   EOR &A30E,X
     988C   29 30      AND #&30
     988E   5D 0E A3   EOR &A30E,X
     9891   9D 0E A3   STA &A30E,X
     9894   68         PLA
     9895   A9 00      LDA #&00
.bp_extendtogap
     9897   9D 0D A3   STA &A30D,X
     989A   99 19 A5   STA &A519,Y
     989D   A9 00      LDA #&00
     989F   9D 0C A3   STA &A30C,X
     98A2   20 8C AB   JSR &AB8C
     98A5   AC C2 A4   LDY &A4C2
.bp_noextend
     98A8   B9 17 A5   LDA &A517,Y
     98AB   30 16      BMI &98C3
     98AD   20 C3 97   JSR &97C3
     98B0   B9 14 A5   LDA &A514,Y
     98B3   D0 0A      BNE &98BF
     98B5   20 67 99   JSR &9967
     98B8   D0 05      BNE &98BF
     98BA   20 99 97   JSR &9799
     98BD   D0 04      BNE &98C3
.bp_loadbuf
     98BF   38         SEC
     98C0   20 CB 97   JSR &97CB
.bp_savebyte
     98C3   A9 40      LDA #&40
     98C5   20 B4 97   JSR &97B4
     98C8   20 80 99   JSR &9980
     98CB   68         PLA
     98CC   81 BA      STA (&BA,X)
     98CE   20 67 99   JSR &9967
     98D1   90 11      BCC &98E4
.updext
     98D3   A9 20      LDA #&20
     98D5   20 B4 97   JSR &97B4
     98D8   A2 02      LDX #&02
.bp_setextloop
     98DA   B9 10 A5   LDA &A510,Y
     98DD   99 14 A5   STA &A514,Y
     98E0   C8         INY
     98E1   CA         DEX
     98E2   10 F6      BPL &98DA
.bp_exit
     98E4   60         RTS
.cmptoEXT
     98E5   B9 14 A5   LDA &A514,Y
     98E8   D5 00      CMP &00,X
     98EA   B9 15 A5   LDA &A515,Y
     98ED   F5 01      SBC &01,X
     98EF   B9 16 A5   LDA &A516,Y
     98F2   F5 02      SBC &02,X
     98F4   60         RTS
.argsv_WriteSeqPointer
     98F5   20 F6 83   JSR &83F6
     98F8   20 49 97   JSR &9749
.wsploop
     98FB   20 E5 98   JSR &98E5
     98FE   B0 2F      BCS &992F
.argsextendloop
     9900   B9 14 A5   LDA &A514,Y
     9903   99 10 A5   STA &A510,Y
     9906   B9 15 A5   LDA &A515,Y
     9909   99 11 A5   STA &A511,Y
     990C   B9 16 A5   LDA &A516,Y
     990F   99 12 A5   STA &A512,Y
     9912   20 3E 99   JSR &993E
     9915   A5 B6      LDA &B6
     9917   48         PHA
     9918   A5 B7      LDA &B7
     991A   48         PHA
     991B   A5 B8      LDA &B8
     991D   48         PHA
     991E   A9 00      LDA #&00
     9920   20 1F 98   JSR &981F
     9923   68         PLA
     9924   85 B8      STA &B8
     9926   68         PLA
     9927   85 B7      STA &B7
     9929   68         PLA
     992A   85 B6      STA &B6
     992C   4C FB 98   JMP &98FB
.SetSeqPointer_Yintch
     992F   B5 00      LDA &00,X
     9931   99 10 A5   STA &A510,Y
     9934   B5 01      LDA &01,X
     9936   99 11 A5   STA &A511,Y
     9939   B5 02      LDA &02,X
     993B   99 12 A5   STA &A512,Y
.IsSeqPointerInBuffer_Yintch
     993E   A9 6F      LDA #&6F
     9940   20 BB 97   JSR &97BB
     9943   B9 0F A5   LDA &A50F,Y
     9946   79 11 A5   ADC &A511,Y
     9949   8D C4 A4   STA &A4C4
     994C   B9 0D A5   LDA &A50D,Y
     994F   29 03      AND #&03
     9951   79 12 A5   ADC &A512,Y
     9954   D9 1D A5   CMP &A51D,Y
     9957   D0 8B      BNE &98E4
     9959   AD C4 A4   LDA &A4C4
     995C   D9 1C A5   CMP &A51C,Y
     995F   D0 83      BNE &98E4
     9961   4C B2 97   JMP &97B2
.CheckChannel_Yhndl_exYintch_TYA_CmpPTR
     9964   20 49 97   JSR &9749
.TYA_CmpPTR
     9967   98         TYA
.CmpPTR
     9968   AA         TAX
     9969   B9 12 A5   LDA &A512,Y
     996C   DD 16 A5   CMP &A516,X
     996F   D0 0E      BNE &997F
     9971   B9 11 A5   LDA &A511,Y
     9974   DD 15 A5   CMP &A515,X
     9977   D0 06      BNE &997F
     9979   B9 10 A5   LDA &A510,Y
     997C   DD 14 A5   CMP &A514,X
.cmpPE_exit
     997F   60         RTS
.load_then_incSeqPtr_Yintch
     9980   B9 10 A5   LDA &A510,Y
     9983   85 BA      STA &BA
     9985   B9 13 A5   LDA &A513,Y
     9988   85 BB      STA &BB
     998A   98         TYA
     998B   AA         TAX
     998C   FE 10 A5   INC &A510,X
     998F   D0 0B      BNE &999C
     9991   20 B9 97   JSR &97B9
     9994   FE 11 A5   INC &A511,X
     9997   D0 03      BNE &999C
     9999   FE 12 A5   INC &A512,X
.samesector
     999C   A2 00      LDX #&00
     999E   60         RTS
.CMD_MMFS
     999F   98         TYA
     99A0   A2 00      LDX #&00
     99A2   A0 14      LDY #&14
.Prthelp_Xtable
     99A4   48         PHA
     99A5   20 9B 80   JSR &809B
     99A8   0D
Macro SYSTEM_NAME:
     99A9   4D 4D 46 ...
End macro SYSTEM_NAME
     99AE   20
     99AF   86 BF      STX &BF
     99B1   84 B7      STY &B7
     99B3   A2 00      LDX #&00
.verloop
     99B5   BD 20 80   LDA &8020,X
     99B8   F0 06      BEQ &99C0
     99BA   20 DE 80   JSR &80DE
     99BD   E8         INX
     99BE   D0 F5      BNE &99B5
.verex
     99C0   A9 0D      LDA #&0D
     99C2   20 DE 80   JSR &80DE
.help_dfs_loop
     99C5   A9 00      LDA #&00
     99C7   85 B9      STA &B9
     99C9   A0 01      LDY #&01
     99CB   20 7D 9A   JSR &9A7D
     99CE   20 18 9A   JSR &9A18
     99D1   20 7D 83   JSR &837D
     99D4   C6 B7      DEC &B7
     99D6   D0 ED      BNE &99C5
     99D8   68         PLA
     99D9   A8         TAY
.morehelp
     99DA   A2 A8      LDX #&A8
     99DC   4C 2F 87   JMP &872F
.CMD_DUTILS
     99DF   98         TYA
     99E0   A2 BC      LDX #&BC
     99E2   A0 09      LDY #&09
     99E4   D0 BE      BNE &99A4
.CMD_UTILS
     99E6   98         TYA
     99E7   A2 76      LDX #&76
     99E9   A0 05      LDY #&05
     99EB   D0 B7      BNE &99A4
.CMD_NOTHELPTBL
     99ED   20 C3 81   JSR &81C3
     99F0   F0 78      BEQ &9A6A
.cmd_nothelptlb_loop
     99F2   20 A8 81   JSR &81A8
     99F5   90 FB      BCC &99F2
     99F7   B0 E1      BCS &99DA
.Param_SyntaxErrorIfNull
     99F9   20 C3 81   JSR &81C3
     99FC   F0 01      BEQ &99FF
     99FE   60         RTS
.errSYNTAX
     99FF   20 6E 80   JSR &806E
     9A02   DC
     9A03   53 79 6E ...
     9A0B   86 B9      STX &B9
     9A0D   20 18 9A   JSR &9A18
     9A10   A9 00      LDA #&00
     9A12   20 6B 9A   JSR &9A6B
     9A15   4C 00 01   JMP &0100
.prtcmdAtBCadd1
     9A18   A9 07      LDA #&07
     9A1A   85 B8      STA &B8
     9A1C   A6 BF      LDX &BF
     9A1E   E0 BC      CPX #&BC
     9A20   90 05      BCC &9A27
     9A22   A9 44      LDA #&44
     9A24   20 6B 9A   JSR &9A6B
.prtcmdloop
     9A27   E8         INX
     9A28   BD CA 85   LDA &85CA,X
     9A2B   30 06      BMI &9A33
     9A2D   20 6B 9A   JSR &9A6B
     9A30   4C 27 9A   JMP &9A27
.prtcmdloop_exit
     9A33   A4 B8      LDY &B8
     9A35   30 03      BMI &9A3A
     9A37   20 7D 9A   JSR &9A7D
.prtcmdnospcs
     9A3A   86 BF      STX &BF
     9A3C   BD CA 85   LDA &85CA,X
     9A3F   29 7F      AND #&7F
     9A41   20 47 9A   JSR &9A47
     9A44   20 22 82   JSR &8222
.prtcmdparam
     9A47   20 F6 83   JSR &83F6
     9A4A   29 0F      AND #&0F
     9A4C   F0 1C      BEQ &9A6A
     9A4E   A8         TAY
     9A4F   A9 20      LDA #&20
     9A51   20 6B 9A   JSR &9A6B
     9A54   A2 FF      LDX #&FF
.prtcmdparam_findloop
     9A56   E8         INX
     9A57   BD 8A 9A   LDA &9A8A,X
     9A5A   10 FA      BPL &9A56
     9A5C   88         DEY
     9A5D   D0 F7      BNE &9A56
     9A5F   29 7F      AND #&7F
.prtcmdparam_loop
     9A61   20 6B 9A   JSR &9A6B
     9A64   E8         INX
     9A65   BD 8A 9A   LDA &9A8A,X
     9A68   10 F7      BPL &9A61
.prtcmdparamexit
     9A6A   60         RTS
.prtcmd_prtchr
     9A6B   20 F6 83   JSR &83F6
     9A6E   A6 B9      LDX &B9
     9A70   F0 06      BEQ &9A78
     9A72   E6 B9      INC &B9
     9A74   9D 00 01   STA &0100,X
     9A77   60         RTS
.prtcmdparam_prtchr
     9A78   C6 B8      DEC &B8
     9A7A   4C DE 80   JMP &80DE
.prtcmd_Print_Y_Spaces_IfNotErr
     9A7D   A5 B9      LDA &B9
     9A7F   D0 08      BNE &9A89
     9A81   A9 20      LDA #&20
.prtcmd_yspc_loop
     9A83   20 6B 9A   JSR &9A6B
     9A86   88         DEY
     9A87   10 FA      BPL &9A83
.prtcmd_yspc_exit
     9A89   60         RTS
.parametertable
     9A8A   BC
     9A8B   64 72 69 ...
     9A91   BC
     9A92   61 66 73 ...
     9A97   A8
     9A98   4C 29 
     9A9A   A8
     9A9B   3C 64 72 ...
     9AA3   A8
     9AA4   3C 64 72 ...
     9AAF   A8
     9AB0   3C 64 69 ...
     9AB6   BC
     9AB7   64 6F 73 ...
     9AC0   BC
     9AC1   66 73 70 ...
     9AC5   A8
     9AC6   3C 64 6F ...
     9AD1   BC
     9AD2   74 69 74 ...
     9AD8   A8
     9AD9   3C 6E 75 ...
     9ADF   BC
     9AE0   73 6F 75 ...
     9AEF   BC
     9AF0   6F 6C 64 ...
     9B02   BC
     9B03   66 69 6C ...
     9B0A   B4
     9B0B   30 2F 38 ...
     9B0F   FF
.CMD_COMPACT
     9B10   20 E4 8B   JSR &8BE4
     9B13   20 9B 80   JSR &809B
     9B16   43 6F 6D ...
     9B22   8D D1 A4   STA &A4D1
     9B25   8D D2 A4   STA &A4D2
     9B28   20 05 81   JSR &8105
     9B2B   20 7D 83   JSR &837D
     9B2E   A0 00      LDY #&00
     9B30   20 48 94   JSR &9448
     9B33   20 5F 93   JSR &935F
     9B36   20 85 AB   JSR &AB85
     9B39   AC 05 A3   LDY &A305
     9B3C   84 CA      STY &CA
     9B3E   A9 02      LDA #&02
     9B40   85 C8      STA &C8
     9B42   A9 00      LDA #&00
     9B44   85 C9      STA &C9
.compact_loop
     9B46   A4 CA      LDY &CA
     9B48   20 C5 82   JSR &82C5
     9B4B   C0 F8      CPY #&F8
     9B4D   D0 28      BNE &9B77
     9B4F   AD 07 A3   LDA &A307
     9B52   38         SEC
     9B53   E5 C8      SBC &C8
     9B55   48         PHA
     9B56   AD 06 A3   LDA &A306
     9B59   29 03      AND #&03
     9B5B   E5 C9      SBC &C9
     9B5D   20 05 81   JSR &8105
     9B60   68         PLA
     9B61   20 FD 80   JSR &80FD
     9B64   20 9B 80   JSR &809B
     9B67   20 66 72 ...
     9B74   0D
     9B75   EA         NOP
     9B76   60         RTS
.compact_checkfile
     9B77   84 CA      STY &CA
     9B79   20 47 83   JSR &8347
     9B7C   A4 CA      LDY &CA
     9B7E   B9 0C A3   LDA &A30C,Y
     9B81   C9 01      CMP #&01
     9B83   A9 00      LDA #&00
     9B85   85 BC      STA &BC
     9B87   85 C0      STA &C0
     9B89   79 0D A3   ADC &A30D,Y
     9B8C   85 C4      STA &C4
     9B8E   B9 0E A3   LDA &A30E,Y
     9B91   08         PHP
     9B92   20 1A 82   JSR &821A
     9B95   28         PLP
     9B96   69 00      ADC #&00
     9B98   85 C5      STA &C5
     9B9A   B9 0F A3   LDA &A30F,Y
     9B9D   85 C6      STA &C6
     9B9F   B9 0E A3   LDA &A30E,Y
     9BA2   29 03      AND #&03
     9BA4   85 C7      STA &C7
     9BA6   C5 C9      CMP &C9
     9BA8   D0 14      BNE &9BBE
     9BAA   A5 C6      LDA &C6
     9BAC   C5 C8      CMP &C8
     9BAE   D0 0E      BNE &9BBE
     9BB0   18         CLC
     9BB1   65 C4      ADC &C4
     9BB3   85 C8      STA &C8
     9BB5   A5 C9      LDA &C9
     9BB7   65 C5      ADC &C5
     9BB9   85 C9      STA &C9
     9BBB   4C D6 9B   JMP &9BD6
.compact_movefile
     9BBE   A5 C8      LDA &C8
     9BC0   99 0F A3   STA &A30F,Y
     9BC3   B9 0E A3   LDA &A30E,Y
     9BC6   29 FC      AND #&FC
     9BC8   05 C9      ORA &C9
     9BCA   99 0E A3   STA &A30E,Y
     9BCD   20 8C AB   JSR &AB8C
     9BD0   20 5D 9D   JSR &9D5D
     9BD3   20 7A AB   JSR &AB7A
.compact_fileinfo
     9BD6   A4 CA      LDY &CA
     9BD8   20 4C 83   JSR &834C
     9BDB   4C 46 9B   JMP &9B46
.IsEnabledOrGo
     9BDE   2C C7 A4   BIT &A4C7
     9BE1   10 07      BPL &9BEA
     9BE3   20 35 9C   JSR &9C35
     9BE6   F0 02      BEQ &9BEA
     9BE8   68         PLA
     9BE9   68         PLA
.isgo
.isgoalready
     9BEA   60         RTS
.Get_CopyDATA_Drives
     9BEB   20 E9 8B   JSR &8BE9
     9BEE   8D D1 A4   STA &A4D1
     9BF1   20 E9 8B   JSR &8BE9
     9BF4   8D D2 A4   STA &A4D2
     9BF7   CD D1 A4   CMP &A4D1
     9BFA   F0 2E      BEQ &9C2A
     9BFC   98         TYA
     9BFD   48         PHA
     9BFE   20 5F 93   JSR &935F
     9C01   20 9B 80   JSR &809B
     9C04   43 6F 70 ...
     9C12   AD D1 A4   LDA &A4D1
     9C15   20 98 80   JSR &8098
     9C18   20 74 6F ...
     9C1D   AD D2 A4   LDA &A4D2
     9C20   20 05 81   JSR &8105
     9C23   20 7D 83   JSR &837D
     9C26   68         PLA
     9C27   A8         TAY
     9C28   18         CLC
     9C29   60         RTS
.baddrv
     9C2A   4C FC 8B   JMP &8BFC
.ConfirmYNcolon
     9C2D   20 9B 80   JSR &809B
     9C30   20 3A 20 
     9C33   90 0F      BCC &9C44
.GoYN
     9C35   20 9B 80   JSR &809B
     9C38   47 6F 20 ...
     9C43   EA         NOP
.ConfirmYN
     9C44   20 5D 9C   JSR &9C5D
     9C47   20 E0 FF   JSR &FFE0
     9C4A   B0 1D      BCS &9C69
     9C4C   29 5F      AND #&5F
     9C4E   C9 59      CMP #&59
     9C50   08         PHP
     9C51   F0 02      BEQ &9C55
     9C53   A9 4E      LDA #&4E
.confYN
     9C55   20 DE 80   JSR &80DE
     9C58   20 7D 83   JSR &837D
     9C5B   28         PLP
     9C5C   60         RTS
.osbyte0F_flushinbuf2
     9C5D   20 F6 83   JSR &83F6
     9C60   A9 0F      LDA #&0F
     9C62   A2 01      LDX #&01
     9C64   A0 00      LDY #&00
     9C66   4C F4 FF   JMP &FFF4
.err_ESCAPE
     9C69   4C 7E 8C   JMP &8C7E
.err_DISKFULL2
     9C6C   4C 82 8A   JMP &8A82
.CMD_BACKUP
     9C6F   20 EB 9B   JSR &9BEB
     9C72   20 DE 9B   JSR &9BDE
     9C75   A9 00      LDA #&00
     9C77   85 C7      STA &C7
     9C79   85 C9      STA &C9
     9C7B   85 C8      STA &C8
     9C7D   85 C6      STA &C6
     9C7F   AD D1 A4   LDA &A4D1
     9C82   85 CD      STA &CD
     9C84   20 88 AB   JSR &AB88
     9C87   AD 07 A3   LDA &A307
     9C8A   85 C4      STA &C4
     9C8C   AD 06 A3   LDA &A306
     9C8F   29 03      AND #&03
     9C91   85 C5      STA &C5
     9C93   AD D2 A4   LDA &A4D2
     9C96   85 CD      STA &CD
     9C98   20 88 AB   JSR &AB88
     9C9B   AD 06 A3   LDA &A306
     9C9E   29 03      AND #&03
     9CA0   C5 C5      CMP &C5
     9CA2   90 C8      BCC &9C6C
     9CA4   D0 07      BNE &9CAD
     9CA6   AD 07 A3   LDA &A307
     9CA9   C5 C4      CMP &C4
     9CAB   90 BF      BCC &9C6C
.backup_copy
     9CAD   20 5D 9D   JSR &9D5D
     9CB0   20 88 AB   JSR &AB88
     9CB3   A2 0A      LDX #&0A
.tloop
     9CB5   E0 08      CPX #&08
     9CB7   90 05      BCC &9CBE
     9CB9   BD F8 A2   LDA &A2F8,X
     9CBC   B0 03      BCS &9CC1
.tskip1
     9CBE   BD 00 A2   LDA &A200,X
.tskip2
     9CC1   9D 00 A4   STA &A400,X
     9CC4   CA         DEX
     9CC5   10 EE      BPL &9CB5
     9CC7   60         RTS
.CMD_COPY
     9CC8   20 7D 92   JSR &927D
     9CCB   20 EB 9B   JSR &9BEB
     9CCE   20 F9 99   JSR &99F9
     9CD1   20 4C 81   JSR &814C
     9CD4   AD D1 A4   LDA &A4D1
     9CD7   85 CD      STA &CD
     9CD9   20 3B 82   JSR &823B
.copy_loop1
     9CDC   A5 CC      LDA &CC
     9CDE   48         PHA
     9CDF   A5 B6      LDA &B6
     9CE1   48         PHA
     9CE2   20 4C 83   JSR &834C
     9CE5   A2 00      LDX #&00
.copy_loop2
     9CE7   B9 08 A2   LDA &A208,Y
     9CEA   95 C5      STA &C5,X
     9CEC   9D 50 A4   STA &A450,X
     9CEF   B9 08 A3   LDA &A308,Y
     9CF2   95 BB      STA &BB,X
     9CF4   9D 47 A4   STA &A447,X
     9CF7   E8         INX
     9CF8   C8         INY
     9CF9   E0 08      CPX #&08
     9CFB   D0 EA      BNE &9CE7
     9CFD   20 4D 9D   JSR &9D4D
     9D00   AD D2 A4   LDA &A4D2
     9D03   20 C5 8A   JSR &8AC5
     9D06   A5 C2      LDA &C2
     9D08   29 03      AND #&03
     9D0A   48         PHA
     9D0B   A5 C3      LDA &C3
     9D0D   48         PHA
     9D0E   20 4D 9D   JSR &9D4D
     9D11   68         PLA
     9D12   85 C8      STA &C8
     9D14   68         PLA
     9D15   85 C9      STA &C9
     9D17   A5 C1      LDA &C1
     9D19   20 1A 82   JSR &821A
     9D1C   AA         TAX
     9D1D   A5 BF      LDA &BF
     9D1F   C9 01      CMP #&01
     9D21   A5 C0      LDA &C0
     9D23   69 00      ADC #&00
     9D25   85 C4      STA &C4
     9D27   8A         TXA
     9D28   69 00      ADC #&00
     9D2A   85 C5      STA &C5
     9D2C   A5 C2      LDA &C2
     9D2E   85 C6      STA &C6
     9D30   A5 C1      LDA &C1
     9D32   29 03      AND #&03
     9D34   85 C7      STA &C7
     9D36   20 5D 9D   JSR &9D5D
     9D39   AD D1 A4   LDA &A4D1
     9D3C   85 CD      STA &CD
     9D3E   20 85 AB   JSR &AB85
     9D41   68         PLA
     9D42   85 B6      STA &B6
     9D44   68         PLA
     9D45   85 CC      STA &CC
     9D47   20 87 82   JSR &8287
     9D4A   B0 90      BCS &9CDC
     9D4C   60         RTS
.cd_swapvars
     9D4D   A2 11      LDX #&11
.cd_swapvars_loop
     9D4F   BC 45 A4   LDY &A445,X
     9D52   B5 BA      LDA &BA,X
     9D54   94 BA      STY &BA,X
     9D56   9D 45 A4   STA &A445,X
     9D59   CA         DEX
     9D5A   10 F3      BPL &9D4F
     9D5C   60         RTS
.CopyDATABLOCK
     9D5D   A9 00      LDA #&00
     9D5F   85 BC      STA &BC
     9D61   85 C0      STA &C0
     9D63   AD CF A4   LDA &A4CF
     9D66   85 BD      STA &BD
     9D68   F0 57      BEQ &9DC1
.cd_loop
     9D6A   A4 C4      LDY &C4
     9D6C   CC D0 A4   CPY &A4D0
     9D6F   A5 C5      LDA &C5
     9D71   E9 00      SBC #&00
     9D73   90 03      BCC &9D78
     9D75   AC D0 A4   LDY &A4D0
.cd_part
     9D78   84 C1      STY &C1
     9D7A   A5 C6      LDA &C6
     9D7C   85 C3      STA &C3
     9D7E   A5 C7      LDA &C7
     9D80   85 C2      STA &C2
     9D82   AD D1 A4   LDA &A4D1
     9D85   85 CD      STA &CD
     9D87   20 B4 8B   JSR &8BB4
     9D8A   20 47 88   JSR &8847
     9D8D   AD D2 A4   LDA &A4D2
     9D90   85 CD      STA &CD
     9D92   A5 C8      LDA &C8
     9D94   85 C3      STA &C3
     9D96   A5 C9      LDA &C9
     9D98   85 C2      STA &C2
     9D9A   20 B4 8B   JSR &8BB4
     9D9D   20 54 88   JSR &8854
     9DA0   A5 C1      LDA &C1
     9DA2   18         CLC
     9DA3   65 C8      ADC &C8
     9DA5   85 C8      STA &C8
     9DA7   90 02      BCC &9DAB
     9DA9   E6 C9      INC &C9
.cd_inc1
     9DAB   A5 C1      LDA &C1
     9DAD   18         CLC
     9DAE   65 C6      ADC &C6
     9DB0   85 C6      STA &C6
     9DB2   90 02      BCC &9DB6
     9DB4   E6 C7      INC &C7
.cd_inc2
     9DB6   38         SEC
     9DB7   A5 C4      LDA &C4
     9DB9   E5 C1      SBC &C1
     9DBB   85 C4      STA &C4
     9DBD   B0 02      BCS &9DC1
     9DBF   C6 C5      DEC &C5
.cd_loopentry
     9DC1   A5 C4      LDA &C4
     9DC3   05 C5      ORA &C5
     9DC5   D0 A3      BNE &9D6A
     9DC7   60         RTS
.CMD_VERIFY
     9DC8   A9 00      LDA #&00
     9DCA   F0 02      BEQ &9DCE
.CMD_FORM
     9DCC   A9 FF      LDA #&FF
.vform1
     9DCE   85 C9      STA &C9
     9DD0   85 B2      STA &B2
     9DD2   10 15      BPL &9DE9
     9DD4   20 F9 99   JSR &99F9
     9DD7   20 3F 84   JSR &843F
     9DDA   B0 0A      BCS &9DE6
     9DDC   86 B5      STX &B5
     9DDE   E0 28      CPX #&28
     9DE0   F0 07      BEQ &9DE9
     9DE2   E0 50      CPX #&50
     9DE4   F0 03      BEQ &9DE9
.vform2_syntax
     9DE6   4C FF 99   JMP &99FF
.vform3_ok
     9DE9   20 C3 81   JSR &81C3
     9DEC   84 CA      STY &CA
     9DEE   D0 49      BNE &9E39
     9DF0   24 C9      BIT &C9
     9DF2   30 0B      BMI &9DFF
     9DF4   20 9B 80   JSR &809B
     9DF7   56 65 72 ...
     9DFD   90 0A      BCC &9E09
.vform4_form
     9DFF   20 9B 80   JSR &809B
     9E02   46 6F 72 ...
     9E08   EA         NOP
.vform4_askdrive
     9E09   20 9B 80   JSR &809B
     9E0C   20 77 68 ...
     9E1B   EA         NOP
     9E1C   20 E0 FF   JSR &FFE0
     9E1F   B0 31      BCS &9E52
     9E21   C9 20      CMP #&20
     9E23   90 30      BCC &9E55
     9E25   20 DE 80   JSR &80DE
     9E28   38         SEC
     9E29   E9 30      SBC #&30
     9E2B   C9 04      CMP #&04
     9E2D   B0 26      BCS &9E55
     9E2F   85 CD      STA &CD
     9E31   20 7D 83   JSR &837D
     9E34   A4 CA      LDY &CA
     9E36   4C 3C 9E   JMP &9E3C
.vform5_driveloop
     9E39   20 EC 8B   JSR &8BEC
.vform6_drivein
     9E3C   84 CA      STY &CA
     9E3E   24 B2      BIT &B2
     9E40   10 05      BPL &9E47
     9E42   46 B2      LSR &B2
     9E44   20 DE 9B   JSR &9BDE
.vform7_go
     9E47   20 58 9E   JSR &9E58
     9E4A   A4 CA      LDY &CA
     9E4C   20 C3 81   JSR &81C3
     9E4F   D0 E8      BNE &9E39
     9E51   60         RTS
.jmp_reportEscape
     9E52   4C 7E 8C   JMP &8C7E
.jmp_errBadDrive
     9E55   4C FC 8B   JMP &8BFC
.VFCurDrv
     9E58   24 C9      BIT &C9
     9E5A   30 0E      BMI &9E6A
     9E5C   20 9B 80   JSR &809B
     9E5F   56 65 72 ...
     9E68   90 12      BCC &9E7C
.vf1
     9E6A   20 9B 80   JSR &809B
     9E6D   46 6F 72 ...
     9E77   A6 CD      LDX &CD
     9E79   8E B0 A4   STX &A4B0
.vf2
     9E7C   20 9B 80   JSR &809B
     9E7F   20 64 72 ...
     9E86   A5 CD      LDA &CD
     9E88   20 98 80   JSR &8098
     9E8B   20 74 72 ...
     9E94   EA         NOP
     9E95   A9 63      LDA #&63
     9E97   A2 05      LDX #&05
     9E99   24 C9      BIT &C9
     9E9B   30 2D      BMI &9ECA
     9E9D   20 88 AB   JSR &AB88
     9EA0   AD 06 A3   LDA &A306
     9EA3   29 03      AND #&03
     9EA5   AA         TAX
     9EA6   AD 07 A3   LDA &A307
     9EA9   A0 0A      LDY #&0A
     9EAB   84 B0      STY &B0
     9EAD   A0 FF      LDY #&FF
.trkloop1
     9EAF   38         SEC
.trkloop2
     9EB0   C8         INY
     9EB1   E5 B0      SBC &B0
     9EB3   B0 FB      BCS &9EB0
     9EB5   CA         DEX
     9EB6   10 F7      BPL &9EAF
     9EB8   65 B0      ADC &B0
     9EBA   48         PHA
     9EBB   98         TYA
     9EBC   AA         TAX
     9EBD   68         PLA
     9EBE   F0 01      BEQ &9EC1
     9EC0   E8         INX
.trkex
     9EC1   8A         TXA
     9EC2   F0 41      BEQ &9F05
     9EC4   85 B5      STA &B5
     9EC6   A9 5F      LDA #&5F
     9EC8   A2 03      LDX #&03
.vf4
     9ECA   8D B6 A4   STA &A4B6
     9ECD   8E B5 A4   STX &A4B5
     9ED0   A9 00      LDA #&00
     9ED2   85 B4      STA &B4
.vf5_trackloop
     9ED4   A9 08      LDA #&08
     9ED6   20 DE 80   JSR &80DE
     9ED9   20 DE 80   JSR &80DE
     9EDC   A5 B4      LDA &B4
     9EDE   8D B7 A4   STA &A4B7
     9EE1   20 FD 80   JSR &80FD
     9EE4   20 BF AB   JSR &ABBF
     9EE7   F0 0A      BEQ &9EF3
     9EE9   48         PHA
     9EEA   A9 3F      LDA #&3F
     9EEC   20 DE 80   JSR &80DE
     9EEF   68         PLA
     9EF0   4C E0 AB   JMP &ABE0
.vfx1
     9EF3   E6 B4      INC &B4
     9EF5   A5 B4      LDA &B4
     9EF7   C5 B5      CMP &B5
     9EF9   D0 D9      BNE &9ED4
     9EFB   24 C9      BIT &C9
     9EFD   10 06      BPL &9F05
     9EFF   20 08 9F   JSR &9F08
     9F02   20 8C AB   JSR &AB8C
.vf6_exit
     9F05   4C 7D 83   JMP &837D
.ClearCatalogue
     9F08   A0 00      LDY #&00
     9F0A   98         TYA
.ccatloop
     9F0B   99 00 A2   STA &A200,Y
     9F0E   99 00 A3   STA &A300,Y
     9F11   C8         INY
     9F12   D0 F7      BNE &9F0B
     9F14   A4 B5      LDY &B5
.loop2
     9F16   A9 0A      LDA #&0A
     9F18   18         CLC
     9F19   6D 07 A3   ADC &A307
     9F1C   8D 07 A3   STA &A307
     9F1F   90 03      BCC &9F24
     9F21   EE 06 A3   INC &A306
.label3
     9F24   88         DEY
     9F25   D0 EF      BNE &9F16
     9F27   60         RTS
.CMD_FREE
     9F28   38         SEC
     9F29   B0 01      BCS &9F2C
.CMD_MAP
     9F2B   18         CLC
.Label_A7F7
     9F2C   66 C6      ROR &C6
     9F2E   20 E4 8B   JSR &8BE4
     9F31   20 85 AB   JSR &AB85
     9F34   24 C6      BIT &C6
     9F36   30 15      BMI &9F4D
     9F38   20 BB 80   JSR &80BB
     9F3B   41 64 64 ...
     9F4C   0D
.Label_A818_free
     9F4D   AD 06 A3   LDA &A306
     9F50   29 03      AND #&03
     9F52   85 C5      STA &C5
     9F54   85 C2      STA &C2
     9F56   AD 07 A3   LDA &A307
     9F59   85 C4      STA &C4
     9F5B   38         SEC
     9F5C   E9 02      SBC #&02
     9F5E   85 C1      STA &C1
     9F60   B0 02      BCS &9F64
     9F62   C6 C2      DEC &C2
.Label_A82F
     9F64   A9 02      LDA #&02
     9F66   85 BB      STA &BB
     9F68   A9 00      LDA #&00
     9F6A   85 BC      STA &BC
     9F6C   85 BF      STA &BF
     9F6E   85 C0      STA &C0
     9F70   AD 05 A3   LDA &A305
     9F73   29 F8      AND #&F8
     9F75   A8         TAY
     9F76   F0 26      BEQ &9F9E
     9F78   D0 11      BNE &9F8B
.Label_A845_fileloop
     9F7A   20 0D A0   JSR &A00D
     9F7D   20 C5 82   JSR &82C5
     9F80   A5 C4      LDA &C4
     9F82   38         SEC
     9F83   E5 BB      SBC &BB
     9F85   A5 C5      LDA &C5
     9F87   E5 BC      SBC &BC
     9F89   90 13      BCC &9F9E
.Label_A856_fileloop_entry
     9F8B   B9 07 A3   LDA &A307,Y
     9F8E   38         SEC
     9F8F   E5 BB      SBC &BB
     9F91   85 C1      STA &C1
     9F93   B9 06 A3   LDA &A306,Y
     9F96   29 03      AND #&03
     9F98   E5 BC      SBC &BC
     9F9A   85 C2      STA &C2
     9F9C   90 DC      BCC &9F7A
.Label_A86B_nofiles
     9F9E   84 BD      STY &BD
     9FA0   24 C6      BIT &C6
     9FA2   30 2B      BMI &9FCF
     9FA4   A5 C1      LDA &C1
     9FA6   05 C2      ORA &C2
     9FA8   F0 25      BEQ &9FCF
     9FAA   A5 BC      LDA &BC
     9FAC   20 15 81   JSR &8115
     9FAF   A5 BB      LDA &BB
     9FB1   20 0D 81   JSR &810D
     9FB4   20 BB 80   JSR &80BB
     9FB7   20 20 20 ...
     9FBF   A5 C2      LDA &C2
     9FC1   20 15 81   JSR &8115
     9FC4   A5 C1      LDA &C1
     9FC6   20 0D 81   JSR &810D
     9FC9   20 E7 FF   JSR &FFE7
     9FCC   20 0D A0   JSR &A00D
.Label_A87A_free
     9FCF   A5 C1      LDA &C1
     9FD1   18         CLC
     9FD2   65 BF      ADC &BF
     9FD4   85 BF      STA &BF
     9FD6   A5 C2      LDA &C2
     9FD8   65 C0      ADC &C0
     9FDA   85 C0      STA &C0
     9FDC   A4 BD      LDY &BD
     9FDE   D0 9A      BNE &9F7A
     9FE0   24 C6      BIT &C6
     9FE2   10 28      BPL &A00C
     9FE4   A8         TAY
     9FE5   A6 BF      LDX &BF
     9FE7   A9 F8      LDA #&F8
     9FE9   38         SEC
     9FEA   ED 05 A3   SBC &A305
     9FED   20 37 A0   JSR &A037
     9FF0   46 72 65 ...
     9FF4   0D
     9FF5   A5 C4      LDA &C4
     9FF7   38         SEC
     9FF8   E5 BF      SBC &BF
     9FFA   AA         TAX
     9FFB   A5 C5      LDA &C5
     9FFD   E5 C0      SBC &C0
     9FFF   A8         TAY
     A000   AD 05 A3   LDA &A305
     A003   20 37 A0   JSR &A037
     A006   55 73 65 ...
     A00A   0D
     A00B   EA         NOP
.Label_A8BD_rst
     A00C   60         RTS
.Sub_A8E2_nextblock
     A00D   B9 06 A3   LDA &A306,Y
     A010   48         PHA
     A011   20 1A 82   JSR &821A
     A014   85 BC      STA &BC
     A016   68         PLA
     A017   29 03      AND #&03
     A019   18         CLC
     A01A   65 BC      ADC &BC
     A01C   85 BC      STA &BC
     A01E   B9 04 A3   LDA &A304,Y
     A021   C9 01      CMP #&01
     A023   A9 00      LDA #&00
     A025   79 05 A3   ADC &A305,Y
     A028   90 02      BCC &A02C
     A02A   E6 BC      INC &BC
.Label_A902
     A02C   18         CLC
     A02D   79 07 A3   ADC &A307,Y
     A030   85 BB      STA &BB
     A032   90 02      BCC &A036
     A034   E6 BC      INC &BC
.Label_A90C
     A036   60         RTS
.Sub_A90D_freeinfo
     A037   4A         LSR A
     A038   4A         LSR A
     A039   4A         LSR A
     A03A   20 0A 81   JSR &810A
     A03D   20 BB 80   JSR &80BB
     A040   20 46 69 ...
     A047   86 BC      STX &BC
     A049   84 BD      STY &BD
     A04B   98         TYA
     A04C   20 15 81   JSR &8115
     A04F   8A         TXA
     A050   20 0D 81   JSR &810D
     A053   20 BB 80   JSR &80BB
     A056   20 53 65 ...
     A05F   A9 00      LDA #&00
     A061   85 BB      STA &BB
     A063   85 BE      STA &BE
     A065   A2 1F      LDX #&1F
     A067   86 C1      STX &C1
     A069   A2 09      LDX #&09
.Label_A941_loop1
     A06B   9D 00 A4   STA &A400,X
     A06E   CA         DEX
     A06F   10 FA      BPL &A06B
.Label_A947_loop2
     A071   06 BB      ASL &BB
     A073   26 BC      ROL &BC
     A075   26 BD      ROL &BD
     A077   26 BE      ROL &BE
     A079   A2 00      LDX #&00
     A07B   A0 09      LDY #&09
.Label_A953_loop3
     A07D   BD 00 A4   LDA &A400,X
     A080   2A         ROL A
     A081   C9 0A      CMP #&0A
     A083   90 02      BCC &A087
     A085   E9 0A      SBC #&0A
.Label_A95D
     A087   9D 00 A4   STA &A400,X
     A08A   E8         INX
     A08B   88         DEY
     A08C   10 EF      BPL &A07D
     A08E   C6 C1      DEC &C1
     A090   10 DF      BPL &A071
     A092   A0 20      LDY #&20
     A094   A2 05      LDX #&05
.Label_A96C_loop4
     A096   D0 02      BNE &A09A
     A098   A0 2C      LDY #&2C
.Label_A970
     A09A   BD 00 A4   LDA &A400,X
     A09D   D0 07      BNE &A0A6
     A09F   C0 2C      CPY #&2C
     A0A1   F0 03      BEQ &A0A6
     A0A3   98         TYA
     A0A4   D0 04      BNE &A0AA
.Label_A97D
     A0A6   A0 2C      LDY #&2C
     A0A8   09 30      ORA #&30
.Label_A982
     A0AA   20 EE FF   JSR &FFEE
     A0AD   E0 03      CPX #&03
     A0AF   D0 04      BNE &A0B5
     A0B1   98         TYA
     A0B2   20 EE FF   JSR &FFEE
.Label_A98D
     A0B5   CA         DEX
     A0B6   10 DE      BPL &A096
     A0B8   20 BB 80   JSR &80BB
     A0BB   20 42 79 ...
     A0C2   EA         NOP
     A0C3   4C BB 80   JMP &80BB
Including file TubeHost230.asm
.TUBE_CODE_500
     A200   37 05
     A202   96 05
     A204   F2 05
     A206   07 06
     A208   27 06
     A20A   68 06
     A20C   5E 05
     A20E   2D 05
     A210   20 05
     A212   42 05
     A214   A9 05
     A216   D1 05
     A218   86
     A219   88
     A21A   96
     A21B   98
     A21C   18
     A21D   18
     A21E   82
     A21F   18
     A220   20 C5 06   JSR &06C5
     A223   A8         TAY
     A224   20 C5 06   JSR &06C5
     A227   20 D4 FF   JSR &FFD4
     A22A   4C 9C 05   JMP &059C
     A22D   20 C5 06   JSR &06C5
     A230   A8         TAY
     A231   20 D7 FF   JSR &FFD7
     A234   4C 3A 05   JMP &053A
     A237   20 E0 FF   JSR &FFE0
     A23A   6A         ROR A
     A23B   20 95 06   JSR &0695
     A23E   2A         ROL A
     A23F   4C 9E 05   JMP &059E
     A242   20 C5 06   JSR &06C5
     A245   F0 0B      BEQ &A252
     A247   48         PHA
     A248   20 82 05   JSR &0582
     A24B   68         PLA
     A24C   20 CE FF   JSR &FFCE
     A24F   4C 9E 05   JMP &059E
.Label_AD2D
     A252   20 C5 06   JSR &06C5
     A255   A8         TAY
     A256   A9 00      LDA #&00
     A258   20 CE FF   JSR &FFCE
     A25B   4C 9C 05   JMP &059C
     A25E   20 C5 06   JSR &06C5
     A261   A8         TAY
     A262   A2 04      LDX #&04
.Label_AD3F
     A264   20 C5 06   JSR &06C5
     A267   95 FF      STA &FF,X
     A269   CA         DEX
     A26A   D0 F8      BNE &A264
     A26C   20 C5 06   JSR &06C5
     A26F   20 DA FF   JSR &FFDA
     A272   20 95 06   JSR &0695
     A275   A2 03      LDX #&03
.Label_AD52
     A277   B5 00      LDA &00,X
     A279   20 95 06   JSR &0695
     A27C   CA         DEX
     A27D   10 F8      BPL &A277
     A27F   4C 36 00   JMP &0036
     A282   A2 00      LDX #&00
     A284   A0 00      LDY #&00
.Label_AD61
     A286   20 C5 06   JSR &06C5
     A289   99 00 07   STA &0700,Y
     A28C   C8         INY
     A28D   F0 04      BEQ &A293
     A28F   C9 0D      CMP #&0D
     A291   D0 F3      BNE &A286
.Label_AD6E
     A293   A0 07      LDY #&07
     A295   60         RTS
     A296   20 82 05   JSR &0582
     A299   20 F7 FF   JSR &FFF7
     A29C   A9 7F      LDA #&7F
.Label_AD79
     A29E   2C E2 FE   BIT &FEE2
     A2A1   50 FB      BVC &A29E
     A2A3   8D E3 FE   STA &FEE3
.Label_AD81
     A2A6   4C 36 00   JMP &0036
     A2A9   A2 10      LDX #&10
.Label_AD86
     A2AB   20 C5 06   JSR &06C5
     A2AE   95 01      STA &01,X
     A2B0   CA         DEX
     A2B1   D0 F8      BNE &A2AB
     A2B3   20 82 05   JSR &0582
     A2B6   86 00      STX &00
     A2B8   84 01      STY &01
     A2BA   A0 00      LDY #&00
     A2BC   20 C5 06   JSR &06C5
     A2BF   20 DD FF   JSR &FFDD
     A2C2   20 95 06   JSR &0695
     A2C5   A2 10      LDX #&10
.Label_ADA2
     A2C7   B5 01      LDA &01,X
     A2C9   20 95 06   JSR &0695
     A2CC   CA         DEX
     A2CD   D0 F8      BNE &A2C7
     A2CF   F0 D5      BEQ &A2A6
     A2D1   A2 0D      LDX #&0D
.Label_ADAE
     A2D3   20 C5 06   JSR &06C5
     A2D6   95 FF      STA &FF,X
     A2D8   CA         DEX
     A2D9   D0 F8      BNE &A2D3
     A2DB   20 C5 06   JSR &06C5
     A2DE   A0 00      LDY #&00
     A2E0   20 D1 FF   JSR &FFD1
     A2E3   48         PHA
     A2E4   A2 0C      LDX #&0C
.Label_ADC1
     A2E6   B5 00      LDA &00,X
     A2E8   20 95 06   JSR &0695
     A2EB   CA         DEX
     A2EC   10 F8      BPL &A2E6
     A2EE   68         PLA
     A2EF   4C 3A 05   JMP &053A
     A2F2   20 C5 06   JSR &06C5
     A2F5   AA         TAX
     A2F6   20 C5 06   JSR &06C5
     A2F9   20 F4 FF   JSR &FFF4
.Label_ADD7
     A2FC   2C E2 FE   BIT &FEE2
     A2FF   50 FB      BVC &A2FC
     A301   8E E3 FE   STX &FEE3
.Label_ADDF
     A304   4C 36 00   JMP &0036
     A307   20 C5 06   JSR &06C5
     A30A   AA         TAX
     A30B   20 C5 06   JSR &06C5
     A30E   A8         TAY
     A30F   20 C5 06   JSR &06C5
     A312   20 F4 FF   JSR &FFF4
     A315   49 9D      EOR #&9D
     A317   F0 EB      BEQ &A304
     A319   6A         ROR A
     A31A   20 95 06   JSR &0695
.Label_ADF8
     A31D   2C E2 FE   BIT &FEE2
     A320   50 FB      BVC &A31D
     A322   8C E3 FE   STY &FEE3
     A325   70 D5      BVS &A2FC
     A327   20 C5 06   JSR &06C5
     A32A   A8         TAY
.Label_AE06
     A32B   2C E2 FE   BIT &FEE2
     A32E   10 FB      BPL &A32B
     A330   AE E3 FE   LDX &FEE3
     A333   CA         DEX
     A334   30 0F      BMI &A345
.Label_AE11
     A336   2C E2 FE   BIT &FEE2
     A339   10 FB      BPL &A336
     A33B   AD E3 FE   LDA &FEE3
     A33E   9D 28 01   STA &0128,X
     A341   CA         DEX
     A342   10 F2      BPL &A336
     A344   98         TYA
.Label_AE20
     A345   A2 28      LDX #&28
     A347   A0 01      LDY #&01
     A349   20 F1 FF   JSR &FFF1
.Label_AE27
     A34C   2C E2 FE   BIT &FEE2
     A34F   10 FB      BPL &A34C
     A351   AE E3 FE   LDX &FEE3
     A354   CA         DEX
     A355   30 0E      BMI &A365
.Label_AE32
     A357   BC 28 01   LDY &0128,X
.Label_AE35
     A35A   2C E2 FE   BIT &FEE2
     A35D   50 FB      BVC &A35A
     A35F   8C E3 FE   STY &FEE3
     A362   CA         DEX
     A363   10 F2      BPL &A357
.Label_AE40
     A365   4C 36 00   JMP &0036
     A368   A2 04      LDX #&04
.Label_AE45
     A36A   20 C5 06   JSR &06C5
     A36D   95 00      STA &00,X
     A36F   CA         DEX
     A370   10 F8      BPL &A36A
     A372   E8         INX
     A373   A0 00      LDY #&00
     A375   8A         TXA
     A376   20 F1 FF   JSR &FFF1
     A379   90 05      BCC &A380
     A37B   A9 FF      LDA #&FF
     A37D   4C 9E 05   JMP &059E
.Label_AE5B
     A380   A2 00      LDX #&00
     A382   A9 7F      LDA #&7F
     A384   20 95 06   JSR &0695
.Label_AE62
     A387   BD 00 07   LDA &0700,X
     A38A   20 95 06   JSR &0695
     A38D   E8         INX
     A38E   C9 0D      CMP #&0D
     A390   D0 F5      BNE &A387
     A392   4C 36 00   JMP &0036
.Label_AE70
     A395   2C E2 FE   BIT &FEE2
     A398   50 FB      BVC &A395
     A39A   8D E3 FE   STA &FEE3
     A39D   60         RTS
.Label_AE79
     A39E   2C E6 FE   BIT &FEE6
     A3A1   50 FB      BVC &A39E
     A3A3   8D E7 FE   STA &FEE7
     A3A6   60         RTS
     A3A7   A5 FF      LDA &FF
     A3A9   38         SEC
     A3AA   6A         ROR A
     A3AB   30 0F      BMI &A3BC
     A3AD   48         PHA
     A3AE   A9 00      LDA #&00
     A3B0   20 BC 06   JSR &06BC
     A3B3   98         TYA
     A3B4   20 BC 06   JSR &06BC
     A3B7   8A         TXA
     A3B8   20 BC 06   JSR &06BC
     A3BB   68         PLA
.Label_AE97
     A3BC   2C E0 FE   BIT &FEE0
     A3BF   50 FB      BVC &A3BC
     A3C1   8D E1 FE   STA &FEE1
     A3C4   60         RTS
.Label_AEA0
     A3C5   2C E2 FE   BIT &FEE2
     A3C8   10 FB      BPL &A3C5
     A3CA   AD E3 FE   LDA &FEE3
     A3CD   60         RTS
.SERVICE09_TUBEHelp
     A3CE   C9 09      CMP #&09
     A3D0   D0 2A      BNE &A3FC
     A3D2   98         TYA
     A3D3   48         PHA
     A3D4   B1 F2      LDA (&F2),Y
     A3D6   C9 0D      CMP #&0D
     A3D8   D0 1E      BNE &A3F8
     A3DA   A9 E9      LDA #&E9
     A3DC   20 75 93   JSR &9375
     A3DF   A6 F4      LDX &F4
     A3E1   98         TYA
     A3E2   F0 14      BEQ &A3F8
     A3E4   20 9B 80   JSR &809B
     A3E7   0D
     A3E8   54 55 42 ...
     A3F6   0D
     A3F7   EA         NOP
.Label_AED3
     A3F8   68         PLA
     A3F9   A8         TAY
     A3FA   A9 09      LDA #&09
.SERVICEFE_TUBEPostInit
     A3FC   C9 FE      CMP #&FE
     A3FE   90 5C      BCC &A45C
     A400   D0 1B      BNE &A41D
     A402   C0 00      CPY #&00
     A404   F0 56      BEQ &A45C
     A406   A2 06      LDX #&06
     A408   A9 14      LDA #&14
     A40A   20 F4 FF   JSR &FFF4
.servFE_tubemsg_loop
     A40D   2C E0 FE   BIT &FEE0
     A410   10 FB      BPL &A40D
     A412   AD E1 FE   LDA &FEE1
     A415   F0 43      BEQ &A45A
     A417   20 EE FF   JSR &FFEE
     A41A   4C 0D A4   JMP &A40D
.SERVICEFF_TUBEInit
     A41D   A9 AD      LDA #&AD
     A41F   8D 20 02   STA &0220
     A422   A9 06      LDA #&06
     A424   8D 21 02   STA &0221
     A427   A9 16      LDA #&16
     A429   8D 02 02   STA &0202
     A42C   A9 00      LDA #&00
     A42E   8D 03 02   STA &0203
     A431   A9 8E      LDA #&8E
     A433   8D E0 FE   STA &FEE0
     A436   A0 00      LDY #&00
.servFF_copytubecode_loop
     A438   B9 9E A4   LDA &A49E,Y
     A43B   99 00 04   STA &0400,Y
     A43E   B9 00 A2   LDA &A200,Y
     A441   99 00 05   STA &0500,Y
     A444   B9 00 A3   LDA &A300,Y
     A447   99 00 06   STA &0600,Y
     A44A   88         DEY
     A44B   D0 EB      BNE &A438
     A44D   20 21 04   JSR &0421
     A450   A2 41      LDX #&41
.servFF_copytubezpcode_loop
     A452   BD 5D A4   LDA &A45D,X
     A455   95 16      STA &16,X
     A457   CA         DEX
     A458   10 F8      BPL &A452
.servFE_exitA_0
     A45A   A9 00      LDA #&00
.servFE_exit
     A45C   60         RTS
.TUBE_ZP_CODE_0016
     A45D   A9 FF      LDA #&FF
     A45F   20 9E 06   JSR &069E
     A462   AD E3 FE   LDA &FEE3
     A465   A9 00      LDA #&00
     A467   20 95 06   JSR &0695
     A46A   A8         TAY
     A46B   B1 FD      LDA (&FD),Y
     A46D   20 95 06   JSR &0695
.Label_AF4B
     A470   C8         INY
     A471   B1 FD      LDA (&FD),Y
     A473   20 95 06   JSR &0695
     A476   AA         TAX
     A477   D0 F7      BNE &A470
     A479   A2 FF      LDX #&FF
     A47B   9A         TXS
     A47C   58         CLI
.Label_AF58
     A47D   2C E0 FE   BIT &FEE0
     A480   10 06      BPL &A488
.Label_AF5D
     A482   AD E1 FE   LDA &FEE1
     A485   20 EE FF   JSR &FFEE
.Label_AF63
     A488   2C E2 FE   BIT &FEE2
     A48B   10 F0      BPL &A47D
     A48D   2C E0 FE   BIT &FEE0
     A490   30 F0      BMI &A482
     A492   AE E3 FE   LDX &FEE3
     A495   86 51      STX &51
     A497   6C 00 05   JMP (&0500)
     A49A   00 80
     A49C   00 00
.TUBE_CODE_400
     A49E   4C 84 04   JMP &0484
     A4A1   4C A7 06   JMP &06A7
     A4A4   C9 80      CMP #&80
     A4A6   90 2B      BCC &A4D3
     A4A8   C9 C0      CMP #&C0
     A4AA   B0 1A      BCS &A4C6
     A4AC   09 40      ORA #&40
     A4AE   C5 15      CMP &15
     A4B0   D0 20      BNE &A4D2
     A4B2   08         PHP
     A4B3   78         SEI
     A4B4   A9 05      LDA #&05
     A4B6   20 9E 06   JSR &069E
     A4B9   A5 15      LDA &15
     A4BB   20 9E 06   JSR &069E
     A4BE   28         PLP
     A4BF   A9 80      LDA #&80
     A4C1   85 15      STA &15
     A4C3   85 14      STA &14
     A4C5   60         RTS
.Label_AFA1
     A4C6   06 14      ASL &14
     A4C8   B0 06      BCS &A4D0
     A4CA   C5 15      CMP &15
     A4CC   F0 04      BEQ &A4D2
     A4CE   18         CLC
     A4CF   60         RTS
.Label_AFAB
     A4D0   85 15      STA &15
.Label_AFAD
     A4D2   60         RTS
.Label_AFAE
     A4D3   08         PHP
     A4D4   78         SEI
     A4D5   84 13      STY &13
     A4D7   86 12      STX &12
     A4D9   20 9E 06   JSR &069E
     A4DC   AA         TAX
     A4DD   A0 03      LDY #&03
     A4DF   A5 15      LDA &15
     A4E1   20 9E 06   JSR &069E
.Label_AFBF
     A4E4   B1 12      LDA (&12),Y
     A4E6   20 9E 06   JSR &069E
     A4E9   88         DEY
     A4EA   10 F8      BPL &A4E4
     A4EC   A0 18      LDY #&18
     A4EE   8C E0 FE   STY &FEE0
     A4F1   BD 18 05   LDA &0518,X
     A4F4   8D E0 FE   STA &FEE0
     A4F7   4A         LSR A
     A4F8   4A         LSR A
     A4F9   90 06      BCC &A501
     A4FB   2C E5 FE   BIT &FEE5
     A4FE   2C E5 FE   BIT &FEE5
.Label_AFDC
     A501   20 9E 06   JSR &069E
.Label_AFDF
     A504   2C E6 FE   BIT &FEE6
     A507   50 FB      BVC &A504
     A509   B0 0D      BCS &A518
     A50B   E0 04      CPX #&04
     A50D   D0 11      BNE &A520
.Label_AFEA
     A50F   20 14 04   JSR &0414
     A512   20 95 06   JSR &0695
     A515   4C 32 00   JMP &0032
.Label_AFF3
     A518   4A         LSR A
     A519   90 05      BCC &A520
     A51B   A0 88      LDY #&88
     A51D   8C E0 FE   STY &FEE0
.Label_AFFB
     A520   28         PLP
     A521   60         RTS
     A522   58         CLI
     A523   B0 0A      BCS &A52F
     A525   D0 03      BNE &A52A
     A527   4C 9C 05   JMP &059C
.Label_B005
     A52A   AE 8D 02   LDX &028D
     A52D   F0 E0      BEQ &A50F
.Label_B00A
     A52F   A9 FF      LDA #&FF
     A531   20 06 04   JSR &0406
     A534   90 F9      BCC &A52F
     A536   20 CE 04   JSR &04CE
.Label_B014
     A539   08         PHP
     A53A   78         SEI
     A53B   A9 07      LDA #&07
     A53D   20 C7 04   JSR &04C7
     A540   A0 00      LDY #&00
     A542   84 00      STY &00
.Label_B01F
     A544   B1 00      LDA (&00),Y
     A546   8D E5 FE   STA &FEE5
     A549   EA         NOP
     A54A   EA         NOP
     A54B   EA         NOP
     A54C   C8         INY
     A54D   D0 F5      BNE &A544
     A54F   28         PLP
     A550   E6 54      INC &54
     A552   D0 06      BNE &A55A
     A554   E6 55      INC &55
     A556   D0 02      BNE &A55A
     A558   E6 56      INC &56
.Label_B035
     A55A   E6 01      INC &01
     A55C   24 01      BIT &01
     A55E   50 D9      BVC &A539
     A560   20 CE 04   JSR &04CE
     A563   A9 04      LDA #&04
     A565   A0 00      LDY #&00
     A567   A2 53      LDX #&53
     A569   4C 06 04   JMP &0406
     A56C   A9 80      LDA #&80
     A56E   85 54      STA &54
     A570   85 01      STA &01
     A572   A9 20      LDA #&20
     A574   2D 06 80   AND &8006
     A577   A8         TAY
     A578   84 53      STY &53
     A57A   F0 19      BEQ &A595
     A57C   AE 07 80   LDX &8007
.Label_B05A
     A57F   E8         INX
     A580   BD 00 80   LDA &8000,X
     A583   D0 FA      BNE &A57F
     A585   BD 01 80   LDA &8001,X
     A588   85 53      STA &53
     A58A   BD 02 80   LDA &8002,X
     A58D   85 54      STA &54
     A58F   BC 03 80   LDY &8003,X
     A592   BD 04 80   LDA &8004,X
.Label_B070
     A595   85 56      STA &56
     A597   84 55      STY &55
     A599   60         RTS
Processed file 'TubeHost230.asm' ok
.CalculateCRC7
     AB00   A0 0F      LDY #&0F
     AB02   A9 00      LDA #&00
.c7loop1
     AB04   59 E0 A4   EOR &A4E0,Y
     AB07   0A         ASL A
     AB08   A2 07      LDX #&07
.c7loop2
     AB0A   90 02      BCC &AB0E
     AB0C   49 12      EOR #&12
.c7b7z1
     AB0E   0A         ASL A
     AB0F   CA         DEX
     AB10   D0 F8      BNE &AB0A
     AB12   90 02      BCC &AB16
     AB14   49 12      EOR #&12
.c7b7z2
     AB16   88         DEY
     AB17   10 EB      BPL &AB04
     AB19   09 01      ORA #&01
     AB1B   60         RTS
.CheckCRC7
     AB1C   20 F6 83   JSR &83F6
     AB1F   20 00 AB   JSR &AB00
     AB22   CD F0 A4   CMP &A4F0
     AB25   D0 01      BNE &AB28
     AB27   60         RTS
.errBadSum
     AB28   20 54 80   JSR &8054
     AB2B   FF
     AB2C   53 75 6D 
     AB2F   00
.ResetCRC7
     AB30   20 F6 83   JSR &83F6
     AB33   20 00 AB   JSR &AB00
     AB36   8D F0 A4   STA &A4F0
     AB39   18         CLC
     AB3A   60         RTS
.CheckForException
     AB3B   AD 74 A4   LDA &A474
     AB3E   2D 75 A4   AND &A475
     AB41   0D D6 A4   ORA &A4D6
     AB44   49 FF      EOR #&FF
     AB46   D0 1E      BNE &AB66
     AB48   A5 C2      LDA &C2
     AB4A   29 30      AND #&30
     AB4C   D0 19      BNE &AB67
     AB4E   A5 C1      LDA &C1
     AB50   30 15      BMI &AB67
     AB52   18         CLC
     AB53   A5 BC      LDA &BC
     AB55   65 C0      ADC &C0
     AB57   AA         TAX
     AB58   A5 BD      LDA &BD
     AB5A   30 0B      BMI &AB67
     AB5C   65 C1      ADC &C1
     AB5E   10 06      BPL &AB66
     AB60   0A         ASL A
     AB61   D0 04      BNE &AB67
     AB63   8A         TXA
     AB64   D0 01      BNE &AB67
.noexception
     AB66   60         RTS
.errException
     AB67   20 6E 80   JSR &806E
     AB6A   FF
     AB6B   4E 6F 74 ...
     AB76   00
.Set_CurDirDrv_ToDefaults_CheckCurDrvCat
     AB77   20 D7 8B   JSR &8BD7
.CheckCurDrvCat
     AB7A   AD 82 A4   LDA &A482
     AB7D   C5 CD      CMP &CD
     AB7F   D0 07      BNE &AB88
     AB81   60         RTS
.Set_CurDirDrv_ToDefaults_and_load
     AB82   20 D7 8B   JSR &8BD7
.LoadCurDrvCat2
     AB85   20 F6 83   JSR &83F6
.LoadCurDrvCat
     AB88   A9 53      LDA #&53
     AB8A   D0 0D      BNE &AB99
.SaveCatToDisk
     AB8C   AD 04 A3   LDA &A304
     AB8F   18         CLC
     AB90   F8         SED
     AB91   69 01      ADC #&01
     AB93   8D 04 A3   STA &A304
     AB96   D8         CLD
     AB97   A9 4B      LDA #&4B
.exec_cat_rw
     AB99   48         PHA
     AB9A   A5 CD      LDA &CD
     AB9C   A2 00      LDX #&00
.loop
     AB9E   9D B0 A4   STA &A4B0,X
     ABA1   BD B6 AB   LDA &ABB6,X
     ABA4   E8         INX
     ABA5   E0 0A      CPX #&0A
     ABA7   D0 F5      BNE &AB9E
     ABA9   68         PLA
     ABAA   8D B6 A4   STA &A4B6
     ABAD   20 DD AB   JSR &ABDD
     ABB0   A5 CD      LDA &CD
     ABB2   8D 82 A4   STA &A482
     ABB5   60         RTS
.datax
     ABB6   00
     ABB7   A2
     ABB8   FF
     ABB9   FF
     ABBA   03
     ABBB   53
     ABBC   00
     ABBD   00
     ABBE   22
.OW7F_Execute
     ABBF   A5 B0      LDA &B0
     ABC1   48         PHA
     ABC2   A5 B1      LDA &B1
     ABC4   48         PHA
     ABC5   A9 B0      LDA #&B0
     ABC7   85 B0      STA &B0
     ABC9   A9 A4      LDA #&A4
     ABCB   85 B1      STA &B1
     ABCD   20 A5 BA   JSR &BAA5
     ABD0   68         PLA
     ABD1   85 B1      STA &B1
     ABD3   68         PLA
     ABD4   85 B0      STA &B0
     ABD6   AE B5 A4   LDX &A4B5
     ABD9   BD B7 A4   LDA &A4B7,X
     ABDC   60         RTS
.OW7F_Execute_and_ReportIfDiskFault
     ABDD   20 BF AB   JSR &ABBF
.ReportIfDiskFault
     ABE0   D0 01      BNE &ABE3
     ABE2   60         RTS
.l0
     ABE3   C9 10      CMP #&10
     ABE5   D0 10      BNE &ABF7
     ABE7   20 5E 80   JSR &805E
     ABEA   C7
     ABEB   44 72 69 ...
     ABF6   00
.l1
     ABF7   C9 12      CMP #&12
     ABF9   D0 0E      BNE &AC09
     ABFB   20 49 80   JSR &8049
     ABFE   C9
     ABFF   72 65 61 ...
     AC08   00
.l2
     AC09   A5 CD      LDA &CD
     AC0B   8D B0 A4   STA &A4B0
     AC0E   A2 06      LDX #&06
.loop1
     AC10   BD 6C AC   LDA &AC6C,X
     AC13   9D B1 A4   STA &A4B1,X
     AC16   CA         DEX
     AC17   10 F7      BPL &AC10
     AC19   20 BF AB   JSR &ABBF
     AC1C   48         PHA
     AC1D   A5 CD      LDA &CD
     AC1F   29 02      AND #&02
     AC21   0A         ASL A
     AC22   0A         ASL A
     AC23   69 12      ADC #&12
     AC25   8D B7 A4   STA &A4B7
     AC28   20 BF AB   JSR &ABBF
     AC2B   48         PHA
     AC2C   20 49 80   JSR &8049
     AC2F   00         BRK
     AC30   EA         NOP
     AC31   20 75 80   JSR &8075
     AC34   C7
     AC35   73 65 63 ...
     AC49   EA         NOP
     AC4A   A9 3A      LDA #&3A
     AC4C   20 A0 BA   JSR &BAA0
     AC4F   A5 CD      LDA &CD
     AC51   20 96 8C   JSR &8C96
     AC54   A9 20      LDA #&20
     AC56   20 A0 BA   JSR &BAA0
     AC59   68         PLA
     AC5A   20 8E 8C   JSR &8C8E
     AC5D   A9 2F      LDA #&2F
     AC5F   20 A0 BA   JSR &BAA0
     AC62   68         PLA
     AC63   20 8E 8C   JSR &8C8E
     AC66   20 75 80   JSR &8075
     AC69   C7
     AC6A   00
     AC6B   EA         NOP
.spec
     AC6C   00
     AC6D   00
     AC6E   00
     AC6F   00
     AC70   01
     AC71   7D
     AC72   06
.bcd_inc16_zp_x_A8
     AC73   A2 A8      LDX #&A8
.bcd_inc16_zp_x
     AC75   F8         SED
     AC76   18         CLC
     AC77   B5 00      LDA &00,X
     AC79   69 01      ADC #&01
     AC7B   95 00      STA &00,X
     AC7D   B5 01      LDA &01,X
     AC7F   69 00      ADC #&00
     AC81   95 01      STA &01,X
     AC83   D8         CLD
     AC84   60         RTS
Including file MMC_Compact.asm
.MMC_GetByte
.P1_ReadByte
     AC85   A9 FF      LDA #&FF
     AC87   A2 BF      LDX #&BF
     AC89   38         SEC
Macro READ_BIT:
     AC8A   8E 60 FE   STX &FE60
     AC8D   2E 60 FE   ROL &FE60
     AC90   2A         ROL A
End macro READ_BIT
.P1_ReadBits7
Macro READ_BIT:
     AC91   8E 60 FE   STX &FE60
     AC94   2E 60 FE   ROL &FE60
     AC97   2A         ROL A
End macro READ_BIT
Macro READ_BIT:
     AC98   8E 60 FE   STX &FE60
     AC9B   2E 60 FE   ROL &FE60
     AC9E   2A         ROL A
End macro READ_BIT
Macro READ_BIT:
     AC9F   8E 60 FE   STX &FE60
     ACA2   2E 60 FE   ROL &FE60
     ACA5   2A         ROL A
End macro READ_BIT
Macro READ_BIT:
     ACA6   8E 60 FE   STX &FE60
     ACA9   2E 60 FE   ROL &FE60
     ACAC   2A         ROL A
End macro READ_BIT
Macro READ_BIT:
     ACAD   8E 60 FE   STX &FE60
     ACB0   2E 60 FE   ROL &FE60
     ACB3   2A         ROL A
End macro READ_BIT
Macro READ_BIT:
     ACB4   8E 60 FE   STX &FE60
     ACB7   2E 60 FE   ROL &FE60
     ACBA   2A         ROL A
End macro READ_BIT
Macro READ_BIT:
     ACBB   8E 60 FE   STX &FE60
     ACBE   2E 60 FE   ROL &FE60
     ACC1   2A         ROL A
End macro READ_BIT
     ACC2   60         RTS
.P1_WaitResp
     ACC3   A9 FF      LDA #&FF
     ACC5   A2 BF      LDX #&BF
     ACC7   A0 00      LDY #&00
.loop
     ACC9   88         DEY
     ACCA   F0 08      BEQ &ACD4
     ACCC   8E 60 FE   STX &FE60
     ACCF   2E 60 FE   ROL &FE60
     ACD2   B0 F5      BCS &ACC9
.timeout
     ACD4   2A         ROL A
     ACD5   60         RTS
.P1_WriteByte
     ACD6   48         PHA
     ACD7   AD 62 FE   LDA &FE62
     ACDA   09 20      ORA #&20
     ACDC   8D 62 FE   STA &FE62
     ACDF   68         PLA
     ACE0   6A         ROR A
     ACE1   6A         ROR A
     ACE2   29 BF      AND #&BF
     ACE4   8D 60 FE   STA &FE60
     ACE7   09 40      ORA #&40
     ACE9   8D 60 FE   STA &FE60
     ACEC   2A         ROL A
     ACED   29 BF      AND #&BF
     ACEF   8D 60 FE   STA &FE60
     ACF2   09 40      ORA #&40
     ACF4   8D 60 FE   STA &FE60
     ACF7   2A         ROL A
     ACF8   29 BF      AND #&BF
     ACFA   8D 60 FE   STA &FE60
     ACFD   09 40      ORA #&40
     ACFF   8D 60 FE   STA &FE60
     AD02   2A         ROL A
     AD03   29 BF      AND #&BF
     AD05   8D 60 FE   STA &FE60
     AD08   09 40      ORA #&40
     AD0A   8D 60 FE   STA &FE60
     AD0D   2A         ROL A
     AD0E   29 BF      AND #&BF
     AD10   8D 60 FE   STA &FE60
     AD13   09 40      ORA #&40
     AD15   8D 60 FE   STA &FE60
     AD18   2A         ROL A
     AD19   29 BF      AND #&BF
     AD1B   8D 60 FE   STA &FE60
     AD1E   09 40      ORA #&40
     AD20   8D 60 FE   STA &FE60
     AD23   2A         ROL A
     AD24   29 BF      AND #&BF
     AD26   8D 60 FE   STA &FE60
     AD29   09 40      ORA #&40
     AD2B   8D 60 FE   STA &FE60
     AD2E   2A         ROL A
     AD2F   29 BF      AND #&BF
     AD31   8D 60 FE   STA &FE60
     AD34   09 40      ORA #&40
     AD36   8D 60 FE   STA &FE60
     AD39   2A         ROL A
     AD3A   48         PHA
     AD3B   AD 62 FE   LDA &FE62
     AD3E   29 DF      AND #&DF
     AD40   8D 62 FE   STA &FE62
     AD43   68         PLA
     AD44   60         RTS
.MMC_DEVICE_RESET
     AD45   AD 62 FE   LDA &FE62
     AD48   09 40      ORA #&40
     AD4A   29 5F      AND #&5F
     AD4C   8D 62 FE   STA &FE62
     AD4F   60         RTS
.MMC_SlowClocks
     AD50   4C 55 AD   JMP &AD55
Including file MMC_PrinterCommon.asm
.MMC_16Clocks
     AD53   A0 02      LDY #&02
.MMC_Clocks
.loop
     AD55   20 85 AC   JSR &AC85
     AD58   88         DEY
     AD59   D0 FA      BNE &AD55
     AD5B   60         RTS
.MMC_DoCommand
     AD5C   A2 00      LDX #&00
     AD5E   A0 07      LDY #&07
.loop1
     AD60   BD 87 A4   LDA &A487,X
     AD63   20 D6 AC   JSR &ACD6
     AD66   E8         INX
     AD67   88         DEY
     AD68   D0 F6      BNE &AD60
     AD6A   20 C3 AC   JSR &ACC3
     AD6D   4C 91 AC   JMP &AC91
.MMC_WaitForData
.loop
     AD70   20 85 AC   JSR &AC85
     AD73   C9 FE      CMP #&FE
     AD75   D0 F9      BNE &AD70
     AD77   60         RTS
.MMC_Read256
     AD78   A2 00      LDX #&00
     AD7A   F0 02      BEQ &AD7E
.MMC_ReadBLS
     AD7C   A6 C6      LDX &C6
.MMC_ReadX
     AD7E   A0 00      LDY #&00
     AD80   AD AE A4   LDA &A4AE
     AD83   D0 0E      BNE &AD93
.MMC_ReadToMemory
     AD85   8A         TXA
     AD86   48         PHA
     AD87   20 85 AC   JSR &AC85
     AD8A   91 BC      STA (&BC),Y
     AD8C   68         PLA
     AD8D   AA         TAX
     AD8E   C8         INY
     AD8F   CA         DEX
     AD90   D0 F3      BNE &AD85
     AD92   60         RTS
.MMC_ReadToTube
     AD93   8A         TXA
     AD94   48         PHA
     AD95   20 85 AC   JSR &AC85
     AD98   8D E5 FE   STA &FEE5
     AD9B   68         PLA
     AD9C   AA         TAX
     AD9D   C8         INY
     AD9E   CA         DEX
     AD9F   D0 F2      BNE &AD93
     ADA1   60         RTS
.MMC_ReadBuffer
     ADA2   A0 FF      LDY #&FF
     ADA4   8C 82 A4   STY &A482
     ADA7   C8         INY
.loop
     ADA8   20 85 AC   JSR &AC85
     ADAB   99 00 A2   STA &A200,Y
     ADAE   C8         INY
     ADAF   D0 F7      BNE &ADA8
     ADB1   60         RTS
.MMC_SendingData
     ADB2   20 53 AD   JSR &AD53
     ADB5   A9 FE      LDA #&FE
     ADB7   4C D6 AC   JMP &ACD6
.MMC_EndWrite
     ADBA   20 53 AD   JSR &AD53
.ewu1
     ADBD   20 85 AC   JSR &AC85
     ADC0   A8         TAY
     ADC1   29 1F      AND #&1F
     ADC3   C9 1F      CMP #&1F
     ADC5   F0 F6      BEQ &ADBD
     ADC7   C9 05      CMP #&05
     ADC9   D0 2E      BNE &ADF9
.ewu2
     ADCB   20 85 AC   JSR &AC85
     ADCE   C9 FF      CMP #&FF
     ADD0   D0 F9      BNE &ADCB
     ADD2   60         RTS
.MMC_Write256
     ADD3   AC AE A4   LDY &A4AE
     ADD6   D0 09      BNE &ADE1
.loop1
     ADD8   B1 BC      LDA (&BC),Y
     ADDA   20 D6 AC   JSR &ACD6
     ADDD   C8         INY
     ADDE   D0 F8      BNE &ADD8
     ADE0   60         RTS
.tube
     ADE1   A0 00      LDY #&00
.loop2
     ADE3   AD E5 FE   LDA &FEE5
     ADE6   20 D6 AC   JSR &ACD6
     ADE9   C8         INY
     ADEA   D0 F7      BNE &ADE3
     ADEC   60         RTS
.MMC_WriteBuffer
     ADED   A0 00      LDY #&00
.loop
     ADEF   B9 00 A2   LDA &A200,Y
     ADF2   20 D6 AC   JSR &ACD6
     ADF5   C8         INY
     ADF6   D0 F7      BNE &ADEF
     ADF8   60         RTS
Processed file 'MMC_PrinterCommon.asm' ok
Processed file 'MMC_Compact.asm' ok
.errWrite2
     ADF9   98         TYA
     ADFA   20 62 BA   JSR &BA62
     ADFD   57 72 69 ...
     AE12   00
Including file MMC.asm
.MMC_SetCommand
     AE13   8D 88 A4   STA &A488
     AE16   A9 00      LDA #&00
     AE18   8D 89 A4   STA &A489
     AE1B   8D 8A A4   STA &A48A
     AE1E   8D 8B A4   STA &A48B
     AE21   8D 8C A4   STA &A48C
     AE24   A9 FF      LDA #&FF
     AE26   8D 87 A4   STA &A487
     AE29   8D 8D A4   STA &A48D
     AE2C   8D 8E A4   STA &A48E
     AE2F   60         RTS
.MMC_INIT
     AE30   20 37 80   JSR &8037
     AE33   A9 00      LDA #&00
     AE35   8D AF A4   STA &A4AF
     AE38   A9 32      LDA #&32
     AE3A   85 C1      STA &C1
.iloop
     AE3C   A0 0A      LDY #&0A
     AE3E   20 50 AD   JSR &AD50
     AE41   A9 40      LDA #&40
     AE43   20 13 AE   JSR &AE13
     AE46   A9 95      LDA #&95
     AE48   8D 8D A4   STA &A48D
     AE4B   20 5C AD   JSR &AD5C
     AE4E   29 81      AND #&81
     AE50   C9 01      CMP #&01
     AE52   D0 2F      BNE &AE83
     AE54   8D DE A4   STA &A4DE
     AE57   A9 48      LDA #&48
     AE59   20 13 AE   JSR &AE13
     AE5C   A9 01      LDA #&01
     AE5E   8D 8B A4   STA &A48B
     AE61   A9 AA      LDA #&AA
     AE63   8D 8C A4   STA &A48C
     AE66   A9 87      LDA #&87
     AE68   8D 8D A4   STA &A48D
     AE6B   20 5C AD   JSR &AD5C
     AE6E   C9 01      CMP #&01
     AE70   F0 24      BEQ &AE96
     AE72   A9 00      LDA #&00
     AE74   8D DE A4   STA &A4DE
.il1
     AE77   A9 41      LDA #&41
     AE79   20 13 AE   JSR &AE13
     AE7C   20 5C AD   JSR &AD5C
     AE7F   C9 02      CMP #&02
     AE81   90 09      BCC &AE8C
.ifail
     AE83   C6 C1      DEC &C1
     AE85   D0 B5      BNE &AE3C
.ifaildone
     AE87   20 41 80   JSR &8041
     AE8A   38         SEC
     AE8B   60         RTS
.il11
     AE8C   24 FF      BIT &FF
     AE8E   30 F3      BMI &AE83
     AE90   C9 00      CMP #&00
     AE92   D0 E3      BNE &AE77
     AE94   F0 42      BEQ &AED8
.isdhc
     AE96   20 85 AC   JSR &AC85
     AE99   20 85 AC   JSR &AC85
     AE9C   20 85 AC   JSR &AC85
     AE9F   20 85 AC   JSR &AC85
.isdhc2
     AEA2   A9 77      LDA #&77
     AEA4   20 13 AE   JSR &AE13
     AEA7   20 5C AD   JSR &AD5C
     AEAA   A9 69      LDA #&69
     AEAC   20 13 AE   JSR &AE13
     AEAF   A9 40      LDA #&40
     AEB1   8D 89 A4   STA &A489
     AEB4   20 5C AD   JSR &AD5C
     AEB7   D0 E9      BNE &AEA2
     AEB9   A9 7A      LDA #&7A
     AEBB   20 13 AE   JSR &AE13
     AEBE   20 5C AD   JSR &AD5C
     AEC1   D0 C0      BNE &AE83
     AEC3   20 85 AC   JSR &AC85
     AEC6   29 40      AND #&40
     AEC8   48         PHA
     AEC9   20 85 AC   JSR &AC85
     AECC   20 85 AC   JSR &AC85
     AECF   20 85 AC   JSR &AC85
     AED2   68         PLA
     AED3   D0 03      BNE &AED8
     AED5   8D DE A4   STA &A4DE
.iok
     AED8   A9 50      LDA #&50
     AEDA   20 13 AE   JSR &AE13
     AEDD   A9 02      LDA #&02
     AEDF   8D 8B A4   STA &A48B
     AEE2   20 5C AD   JSR &AD5C
     AEE5   D0 0A      BNE &AEF1
     AEE7   A9 40      LDA #&40
     AEE9   8D AF A4   STA &A4AF
     AEEC   20 41 80   JSR &8041
     AEEF   18         CLC
     AEF0   60         RTS
.blkerr
     AEF1   20 62 BA   JSR &BA62
     AEF4   53 65 74 ...
     AF08   00
.MMC_GetCIDCRC
     AF09   A9 4A      LDA #&4A
     AF0B   20 13 AE   JSR &AE13
     AF0E   20 56 AF   JSR &AF56
     AF11   A0 10      LDY #&10
     AF13   20 55 AD   JSR &AD55
     AF16   20 85 AC   JSR &AC85
     AF19   A8         TAY
     AF1A   4C 85 AC   JMP &AC85
.MMC_SetupWrite
     AF1D   A9 58      LDA #&58
     AF1F   D0 02      BNE &AF23
.MMC_SetupRead
     AF21   A9 51      LDA #&51
.setuprw
     AF23   20 13 AE   JSR &AE13
.setCommandAddress
     AF26   AD DE A4   LDA &A4DE
     AF29   D0 13      BNE &AF3E
     AF2B   8D 8C A4   STA &A48C
     AF2E   A5 C0      LDA &C0
     AF30   8D 89 A4   STA &A489
     AF33   A5 BF      LDA &BF
     AF35   8D 8A A4   STA &A48A
     AF38   A5 BE      LDA &BE
     AF3A   8D 8B A4   STA &A48B
     AF3D   60         RTS
.setCommandAddressSDHC
     AF3E   A9 00      LDA #&00
     AF40   8D 89 A4   STA &A489
     AF43   A5 C0      LDA &C0
     AF45   4A         LSR A
     AF46   8D 8A A4   STA &A48A
     AF49   A5 BF      LDA &BF
     AF4B   6A         ROR A
     AF4C   8D 8B A4   STA &A48B
     AF4F   A5 BE      LDA &BE
     AF51   6A         ROR A
     AF52   8D 8C A4   STA &A48C
     AF55   60         RTS
.MMC_StartRead
     AF56   20 5C AD   JSR &AD5C
     AF59   D0 03      BNE &AF5E
     AF5B   4C 70 AD   JMP &AD70
.errRead
     AF5E   20 62 BA   JSR &BA62
     AF61   52 65 61 ...
     AF6C   00
.MMC_StartWrite
     AF6D   20 5C AD   JSR &AD5C
     AF70   D0 03      BNE &AF75
     AF72   4C B2 AD   JMP &ADB2
.errWrite
     AF75   20 62 BA   JSR &BA62
     AF78   57 72 69 ...
     AF84   00
.SetupCatRW
     AF85   20 37 80   JSR &8037
     AF88   A9 00      LDA #&00
     AF8A   8D AE A4   STA &A4AE
     AF8D   85 BC      STA &BC
     AF8F   A9 A2      LDA #&A2
     AF91   85 BD      STA &BD
     AF93   60         RTS
.MMC_ReadCatalogue
     AF94   20 85 AF   JSR &AF85
     AF97   20 21 AF   JSR &AF21
     AF9A   20 56 AF   JSR &AF56
     AF9D   20 78 AD   JSR &AD78
     AFA0   E6 BD      INC &BD
     AFA2   20 78 AD   JSR &AD78
     AFA5   20 53 AD   JSR &AD53
     AFA8   4C 41 80   JMP &8041
.MMC_WriteCatalogue
     AFAB   20 85 AF   JSR &AF85
     AFAE   20 1D AF   JSR &AF1D
     AFB1   20 6D AF   JSR &AF6D
     AFB4   20 D3 AD   JSR &ADD3
     AFB7   E6 BD      INC &BD
     AFB9   20 D3 AD   JSR &ADD3
     AFBC   20 BA AD   JSR &ADBA
     AFBF   4C 41 80   JMP &8041
.MMC_RWBlock_CheckIfToTube
     AFC2   48         PHA
     AFC3   AD AC A4   LDA &A4AC
     AFC6   2D AD A4   AND &A4AD
     AFC9   0D D6 A4   ORA &A4D6
     AFCC   49 FF      EOR #&FF
     AFCE   8D AE A4   STA &A4AE
     AFD1   38         SEC
     AFD2   F0 0D      BEQ &AFE1
     AFD4   20 63 8C   JSR &8C63
     AFD7   A2 AA      LDX #&AA
     AFD9   A0 A4      LDY #&A4
     AFDB   68         PLA
     AFDC   48         PHA
     AFDD   20 06 04   JSR &0406
     AFE0   18         CLC
.notTube
     AFE1   68         PLA
     AFE2   60         RTS
.MMC_ReadBlock
     AFE3   4E A6 A4   LSR &A4A6
     AFE6   20 37 80   JSR &8037
     AFE9   20 F3 AF   JSR &AFF3
     AFEC   4C 41 80   JMP &8041
.rb_err
     AFEF   6E A6 A4   ROR &A4A6
.rb1_exit
     AFF2   60         RTS
.rdblk
     AFF3   A6 C4      LDX &C4
     AFF5   D0 04      BNE &AFFB
     AFF7   A5 C5      LDA &C5
     AFF9   F0 F7      BEQ &AFF2
.rb1
     AFFB   A9 01      LDA #&01
     AFFD   20 C2 AF   JSR &AFC2
     B000   A6 C4      LDX &C4
     B002   66 BE      ROR &BE
     B004   66 C1      ROR &C1
     B006   10 07      BPL &B00F
     B008   E8         INX
     B009   86 C4      STX &C4
     B00B   D0 02      BNE &B00F
     B00D   E6 C5      INC &C5
.rb2
     B00F   06 BE      ASL &BE
     B011   20 21 AF   JSR &AF21
     B014   A5 C5      LDA &C5
     B016   D0 0E      BNE &B026
     B018   A6 C4      LDX &C4
     B01A   E0 03      CPX #&03
     B01C   B0 08      BCS &B026
.rb4_loop
     B01E   A5 C6      LDA &C6
     B020   D0 47      BNE &B069
     B022   E0 01      CPX #&01
     B024   F0 3A      BEQ &B060
.rb3
     B026   24 C1      BIT &C1
     B028   10 0D      BPL &B037
     B02A   20 56 AF   JSR &AF56
     B02D   A0 00      LDY #&00
     B02F   84 C1      STY &C1
     B031   20 55 AD   JSR &AD55
     B034   4C 3F B0   JMP &B03F
.rb6_loop
     B037   20 56 AF   JSR &AF56
     B03A   20 78 AD   JSR &AD78
     B03D   E6 BD      INC &BD
.rb7
     B03F   20 78 AD   JSR &AD78
     B042   E6 BD      INC &BD
     B044   20 53 AD   JSR &AD53
     B047   20 42 B1   JSR &B142
     B04A   F0 A6      BEQ &AFF2
     B04C   20 F6 B9   JSR &B9F6
     B04F   B0 9E      BCS &AFEF
     B051   20 21 AF   JSR &AF21
     B054   A6 C4      LDX &C4
     B056   A5 C5      LDA &C5
     B058   D0 DD      BNE &B037
     B05A   E0 03      CPX #&03
     B05C   B0 D9      BCS &B037
     B05E   90 BE      BCC &B01E
.rb9
     B060   20 56 AF   JSR &AF56
     B063   20 78 AD   JSR &AD78
     B066   4C 90 B0   JMP &B090
.rb5
     B069   20 56 AF   JSR &AF56
     B06C   24 C1      BIT &C1
     B06E   10 08      BPL &B078
     B070   A0 00      LDY #&00
     B072   20 55 AD   JSR &AD55
     B075   4C 81 B0   JMP &B081
.rbx1
     B078   C6 C4      DEC &C4
     B07A   F0 05      BEQ &B081
     B07C   20 78 AD   JSR &AD78
     B07F   E6 BD      INC &BD
.rbx2
     B081   20 7C AD   JSR &AD7C
     B084   98         TYA
     B085   49 FF      EOR #&FF
     B087   A8         TAY
     B088   C8         INY
     B089   20 55 AD   JSR &AD55
     B08C   A5 C4      LDA &C4
     B08E   D0 05      BNE &B095
.rbx4
     B090   A0 00      LDY #&00
     B092   20 55 AD   JSR &AD55
.rbx3
     B095   4C 53 AD   JMP &AD53
.wb1_exit
     B098   60         RTS
.MMC_WriteBlock
     B099   4E A6 A4   LSR &A4A6
     B09C   20 37 80   JSR &8037
     B09F   20 A5 B0   JSR &B0A5
     B0A2   4C 41 80   JMP &8041
.wrblk
     B0A5   A6 C4      LDX &C4
     B0A7   D0 04      BNE &B0AD
     B0A9   A5 C5      LDA &C5
     B0AB   F0 EB      BEQ &B098
.wb1
     B0AD   A9 00      LDA #&00
     B0AF   20 C2 AF   JSR &AFC2
     B0B2   A6 C4      LDX &C4
     B0B4   66 BE      ROR &BE
     B0B6   6A         ROR A
     B0B7   06 BE      ASL &BE
     B0B9   48         PHA
     B0BA   20 1D AF   JSR &AF1D
     B0BD   68         PLA
     B0BE   10 37      BPL &B0F7
     B0C0   A9 51      LDA #&51
     B0C2   8D 88 A4   STA &A488
     B0C5   20 56 AF   JSR &AF56
     B0C8   20 A2 AD   JSR &ADA2
     B0CB   A0 00      LDY #&00
     B0CD   20 55 AD   JSR &AD55
     B0D0   A0 02      LDY #&02
     B0D2   20 55 AD   JSR &AD55
     B0D5   A9 58      LDA #&58
     B0D7   8D 88 A4   STA &A488
     B0DA   20 6D AF   JSR &AF6D
     B0DD   20 ED AD   JSR &ADED
     B0E0   20 D3 AD   JSR &ADD3
     B0E3   20 BA AD   JSR &ADBA
     B0E6   A9 FF      LDA #&FF
     B0E8   20 44 B1   JSR &B144
     B0EB   F0 AB      BEQ &B098
     B0ED   E6 BD      INC &BD
.wb4
     B0EF   20 F6 B9   JSR &B9F6
     B0F2   B0 4A      BCS &B13E
     B0F4   20 1D AF   JSR &AF1D
.wb2
     B0F7   A5 C5      LDA &C5
     B0F9   D0 2D      BNE &B128
     B0FB   A6 C4      LDX &C4
     B0FD   F0 3E      BEQ &B13D
     B0FF   CA         DEX
     B100   D0 26      BNE &B128
     B102   A9 51      LDA #&51
     B104   8D 88 A4   STA &A488
     B107   20 56 AF   JSR &AF56
     B10A   A0 00      LDY #&00
     B10C   20 55 AD   JSR &AD55
     B10F   20 A2 AD   JSR &ADA2
     B112   A0 02      LDY #&02
     B114   20 55 AD   JSR &AD55
     B117   A9 58      LDA #&58
     B119   8D 88 A4   STA &A488
     B11C   20 6D AF   JSR &AF6D
     B11F   20 D3 AD   JSR &ADD3
     B122   20 ED AD   JSR &ADED
     B125   4C BA AD   JMP &ADBA
.wb3
     B128   20 6D AF   JSR &AF6D
     B12B   20 D3 AD   JSR &ADD3
     B12E   E6 BD      INC &BD
     B130   20 D3 AD   JSR &ADD3
     B133   E6 BD      INC &BD
     B135   20 BA AD   JSR &ADBA
     B138   20 42 B1   JSR &B142
     B13B   D0 B2      BNE &B0EF
.wb5
     B13D   60         RTS
.wb_err
     B13E   6E A6 A4   ROR &A4A6
     B141   60         RTS
.dec_seccountby2
     B142   A9 FE      LDA #&FE
.dec_seccount
     B144   18         CLC
     B145   65 C4      ADC &C4
     B147   85 C4      STA &C4
     B149   AA         TAX
     B14A   A9 FF      LDA #&FF
     B14C   65 C5      ADC &C5
     B14E   85 C5      STA &C5
     B150   05 C4      ORA &C4
     B152   60         RTS
.MMC_BEGIN2
     B153   20 F6 83   JSR &83F6
     B156   20 5C B1   JSR &B15C
     B159   4C AF B1   JMP &B1AF
.MMC_BEGIN1
     B15C   A2 0F      LDX #&0F
.begloop1
     B15E   B5 BC      LDA &BC,X
     B160   9D 90 A4   STA &A490,X
     B163   CA         DEX
     B164   10 F8      BPL &B15E
     B166   20 45 AD   JSR &AD45
     B169   2C AF A4   BIT &A4AF
     B16C   50 01      BVC &B16F
     B16E   60         RTS
.begX
     B16F   20 30 AE   JSR &AE30
     B172   B0 06      BCS &B17A
     B174   20 84 B1   JSR &B184
     B177   4C 40 B2   JMP &B240
.carderr
     B17A   20 6E 80   JSR &806E
     B17D   FF
     B17E   43 61 72 ...
     B183   00
.MMC_CheckCardID
     B184   20 1C AB   JSR &AB1C
     B187   AD E4 A4   LDA &A4E4
     B18A   F0 0D      BEQ &B199
     B18C   20 09 AF   JSR &AF09
     B18F   CD EF A4   CMP &A4EF
     B192   D0 06      BNE &B19A
     B194   CC EE A4   CPY &A4EE
     B197   D0 01      BNE &B19A
.cid_x
     B199   60         RTS
.errCardChanged
     B19A   A9 00      LDA #&00
     B19C   8D AF A4   STA &A4AF
     B19F   20 6E 80   JSR &806E
     B1A2   FF
     B1A3   57 72 6F ...
     B1AE   00
.MMC_END
     B1AF   A2 0F      LDX #&0F
.eloop0
     B1B1   BD 90 A4   LDA &A490,X
     B1B4   95 BC      STA &BC,X
     B1B6   CA         DEX
     B1B7   10 F8      BPL &B1B1
     B1B9   60         RTS
Processed file 'MMC.asm' ok
.CMD_DABOUT
     B1BA   A2 00      LDX #&00
.loop
     B1BC   BD 09 80   LDA &8009,X
     B1BF   D0 02      BNE &B1C3
     B1C1   A9 0D      LDA #&0D
.print
     B1C3   20 E3 FF   JSR &FFE3
     B1C6   E8         INX
     B1C7   E0 2B      CPX #&2B
     B1C9   D0 F1      BNE &B1BC
     B1CB   60         RTS
Including file MM32.asm
.mm32_cmd_dbug
.l1
     B1CC   20 9B 80   JSR &809B
     B1CF   46 41 54 ...
     B1D8   A0 00      LDY #&00
     B1DA   20 16 B2   JSR &B216
     B1DD   20 9B 80   JSR &809B
     B1E0   44 41 54 ...
     B1E9   A0 02      LDY #&02
     B1EB   20 16 B2   JSR &B216
     B1EE   20 9B 80   JSR &809B
     B1F1   43 4C 55 ...
     B1FA   A0 04      LDY #&04
     B1FC   20 1C B2   JSR &B21C
     B1FF   A2 00      LDX #&00
.loop
     B201   8A         TXA
     B202   20 FD 80   JSR &80FD
     B205   A9 3A      LDA #&3A
     B207   20 EE FF   JSR &FFEE
     B20A   20 25 B2   JSR &B225
     B20D   20 E7 FF   JSR &FFE7
     B210   E8         INX
     B211   E0 03      CPX #&03
     B213   D0 EC      BNE &B201
     B215   60         RTS
.phex2
     B216   B9 E1 A4   LDA &A4E1,Y
     B219   20 FD 80   JSR &80FD
.phex1
     B21C   B9 E0 A4   LDA &A4E0,Y
     B21F   20 FD 80   JSR &80FD
     B222   4C E7 FF   JMP &FFE7
.mm32_pclust
     B225   BD EB A4   LDA &A4EB,X
     B228   20 FD 80   JSR &80FD
     B22B   BD E8 A4   LDA &A4E8,X
     B22E   20 FD 80   JSR &80FD
     B231   BD E5 A4   LDA &A4E5,X
     B234   20 FD 80   JSR &80FD
     B237   60         RTS
.mm32_readblock
     B238   A9 FF      LDA #&FF
     B23A   8D 82 A4   STA &A482
     B23D   4C 94 AF   JMP &AF94
.mm32_init_dos
     B240   20 1C AB   JSR &AB1C
     B243   AD E4 A4   LDA &A4E4
     B246   F0 01      BEQ &B249
     B248   60         RTS
.init
     B249   20 D0 B2   JSR &B2D0
     B24C   90 71      BCC &B2BF
     B24E   AD 0C A2   LDA &A20C
     B251   C9 02      CMP #&02
     B253   D0 6A      BNE &B2BF
     B255   4D 2C A2   EOR &A22C
     B258   0D 26 A2   ORA &A226
     B25B   D0 62      BNE &B2BF
     B25D   AD 25 A2   LDA &A225
     B260   4A         LSR A
     B261   F0 5C      BEQ &B2BF
     B263   AD 0D A2   LDA &A20D
     B266   85 CB      STA &CB
     B268   A5 C7      LDA &C7
     B26A   A4 C8      LDY &C8
     B26C   18         CLC
     B26D   6D 0E A2   ADC &A20E
     B270   AA         TAX
     B271   98         TYA
     B272   6D 0F A2   ADC &A20F
     B275   B0 48      BCS &B2BF
     B277   86 C7      STX &C7
     B279   85 C8      STA &C8
.loop1
     B27B   A8         TAY
     B27C   8A         TXA
     B27D   6D 24 A2   ADC &A224
     B280   AA         TAX
     B281   98         TYA
     B282   6D 25 A2   ADC &A225
     B285   B0 38      BCS &B2BF
     B287   CE 10 A2   DEC &A210
     B28A   D0 EF      BNE &B27B
     B28C   A8         TAY
     B28D   0E 0D A2   ASL &A20D
     B290   8A         TXA
     B291   38         SEC
     B292   ED 0D A2   SBC &A20D
     B295   85 C9      STA &C9
     B297   98         TYA
     B298   E9 00      SBC #&00
     B29A   85 CA      STA &CA
     B29C   20 1C AB   JSR &AB1C
     B29F   20 09 AF   JSR &AF09
     B2A2   8D EF A4   STA &A4EF
     B2A5   8C EE A4   STY &A4EE
     B2A8   A0 05      LDY #&05
.loop2
     B2AA   B9 C6 00   LDA &00C6,Y
     B2AD   99 DF A4   STA &A4DF,Y
     B2B0   88         DEY
     B2B1   D0 F7      BNE &B2AA
     B2B3   98         TYA
     B2B4   A0 08      LDY #&08
.loop3
     B2B6   99 E5 A4   STA &A4E5,Y
     B2B9   88         DEY
     B2BA   10 FA      BPL &B2B6
     B2BC   4C 30 AB   JMP &AB30
.faterr
     B2BF   20 6E 80   JSR &806E
     B2C2   FF
     B2C3   43 61 72 ...
     B2CF   00
.read_VBR
     B2D0   A9 00      LDA #&00
     B2D2   85 C7      STA &C7
     B2D4   85 C8      STA &C8
     B2D6   85 BE      STA &BE
     B2D8   85 BF      STA &BF
     B2DA   85 C0      STA &C0
     B2DC   20 11 B3   JSR &B311
     B2DF   90 41      BCC &B322
     B2E1   AD 00 A2   LDA &A200
     B2E4   C9 EB      CMP #&EB
     B2E6   D0 0E      BNE &B2F6
     B2E8   AD 02 A2   LDA &A202
     B2EB   C9 90      CMP #&90
     B2ED   D0 07      BNE &B2F6
     B2EF   AD 0C A2   LDA &A20C
     B2F2   C9 02      CMP #&02
     B2F4   F0 2C      BEQ &B322
.mbr
     B2F6   AD C6 A3   LDA &A3C6
     B2F9   85 C7      STA &C7
     B2FB   85 BE      STA &BE
     B2FD   AD C7 A3   LDA &A3C7
     B300   85 C8      STA &C8
     B302   85 BF      STA &BF
     B304   AD C8 A3   LDA &A3C8
     B307   0D C9 A3   ORA &A3C9
     B30A   D0 17      BNE &B323
     B30C   85 C0      STA &C0
     B30E   20 5B BA   JSR &BA5B
.isfat
     B311   20 38 B2   JSR &B238
     B314   AD FE A3   LDA &A3FE
     B317   C9 55      CMP #&55
     B319   D0 08      BNE &B323
     B31B   AD FF A3   LDA &A3FF
     B31E   C9 AA      CMP #&AA
     B320   D0 01      BNE &B323
.ifx
     B322   60         RTS
.bad
     B323   18         CLC
     B324   60         RTS
.mm32_SECT_X_First
     B325   B9 E5 A4   LDA &A4E5,Y
     B328   85 C8      STA &C8
     B32A   B9 E8 A4   LDA &A4E8,Y
     B32D   85 C9      STA &C9
     B32F   B9 EB A4   LDA &A4EB,Y
     B332   85 C2      STA &C2
     B334   29 3F      AND #&3F
     B336   85 CA      STA &CA
     B338   05 C8      ORA &C8
     B33A   05 C9      ORA &C9
     B33C   D0 0C      BNE &B34A
     B33E   C0 02      CPY #&02
     B340   F0 04      BEQ &B346
     B342   24 C2      BIT &C2
     B344   10 0F      BPL &B355
.l1
     B346   A9 02      LDA #&02
     B348   85 C8      STA &C8
.l2
     B34A   AD E4 A4   LDA &A4E4
     B34D   85 CB      STA &CB
     B34F   A9 00      LDA #&00
     B351   85 CE      STA &CE
     B353   B8         CLV
     B354   60         RTS
.l3
     B355   2C 58 B3   BIT &B358
.l4
     B358   60         RTS
.mm32_SECT_X_Next
     B359   C6 CB      DEC &CB
     B35B   F0 02      BEQ &B35F
     B35D   18         CLC
     B35E   60         RTS
.l1
     B35F   20 68 B3   JSR &B368
     B362   AD E4 A4   LDA &A4E4
     B365   85 CB      STA &CB
     B367   60         RTS
.next_cluster
     B368   20 1F 84   JSR &841F
     B36B   C6 CE      DEC &CE
     B36D   10 1D      BPL &B38C
     B36F   AD AE A4   LDA &A4AE
     B372   48         PHA
     B373   A5 BC      LDA &BC
     B375   48         PHA
     B376   A5 BD      LDA &BD
     B378   48         PHA
     B379   A5 C6      LDA &C6
     B37B   48         PHA
     B37C   20 AF B3   JSR &B3AF
     B37F   68         PLA
     B380   85 C6      STA &C6
     B382   68         PLA
     B383   85 BD      STA &BD
     B385   68         PLA
     B386   85 BC      STA &BC
     B388   68         PLA
     B389   8D AE A4   STA &A4AE
.l1
     B38C   18         CLC
     B38D   A5 CE      LDA &CE
     B38F   F0 12      BEQ &B3A3
     B391   E6 C8      INC &C8
     B393   D0 0D      BNE &B3A2
     B395   E6 C9      INC &C9
     B397   D0 09      BNE &B3A2
     B399   E6 CA      INC &CA
.l2
     B39B   A5 CA      LDA &CA
     B39D   29 C0      AND #&C0
     B39F   F0 01      BEQ &B3A2
     B3A1   38         SEC
.l3
     B3A2   60         RTS
.l4
     B3A3   A2 02      LDX #&02
.loop1
     B3A5   BD A0 A4   LDA &A4A0,X
     B3A8   95 C8      STA &C8,X
     B3AA   CA         DEX
     B3AB   10 F8      BPL &B3A5
     B3AD   30 EC      BMI &B39B
.read_fat
     B3AF   A5 C8      LDA &C8
     B3B1   0A         ASL A
     B3B2   85 CB      STA &CB
     B3B4   A5 C9      LDA &C9
     B3B6   2A         ROL A
     B3B7   A8         TAY
     B3B8   A5 CA      LDA &CA
     B3BA   2A         ROL A
     B3BB   AA         TAX
     B3BC   98         TYA
     B3BD   6D E0 A4   ADC &A4E0
     B3C0   85 BE      STA &BE
     B3C2   8A         TXA
     B3C3   6D E1 A4   ADC &A4E1
     B3C6   85 BF      STA &BF
     B3C8   A9 00      LDA #&00
     B3CA   8D AE A4   STA &A4AE
     B3CD   85 C0      STA &C0
     B3CF   20 5B BA   JSR &BA5B
     B3D2   20 37 80   JSR &8037
     B3D5   20 21 AF   JSR &AF21
     B3D8   20 56 AF   JSR &AF56
     B3DB   A9 A0      LDA #&A0
     B3DD   85 BC      STA &BC
     B3DF   A9 A4      LDA #&A4
     B3E1   85 BD      STA &BD
     B3E3   A5 CB      LDA &CB
     B3E5   20 2E B4   JSR &B42E
.loop1
     B3E8   E6 CE      INC &CE
     B3EA   A9 04      LDA #&04
     B3EC   85 C6      STA &C6
     B3EE   20 7C AD   JSR &AD7C
     B3F1   E6 CB      INC &CB
     B3F3   E6 CB      INC &CB
     B3F5   F0 31      BEQ &B428
     B3F7   38         SEC
     B3F8   AD A2 A4   LDA &A4A2
     B3FB   29 C0      AND #&C0
     B3FD   0D A3 A4   ORA &A4A3
     B400   D0 1B      BNE &B41D
     B402   AD A0 A4   LDA &A4A0
     B405   E5 C8      SBC &C8
     B407   A8         TAY
     B408   AD A1 A4   LDA &A4A1
     B40B   E5 C9      SBC &C9
     B40D   D0 11      BNE &B420
     B40F   AD A2 A4   LDA &A4A2
     B412   E5 CA      SBC &CA
     B414   D0 0A      BNE &B420
     B416   88         DEY
     B417   C4 CE      CPY &CE
     B419   F0 CD      BEQ &B3E8
     B41B   D0 03      BNE &B420
.l2
     B41D   6E A2 A4   ROR &A4A2
.l3
     B420   38         SEC
     B421   A9 00      LDA #&00
     B423   E5 CB      SBC &CB
     B425   20 2E B4   JSR &B42E
.l4
     B428   20 53 AD   JSR &AD53
     B42B   4C 41 80   JMP &8041
.clocks
     B42E   0A         ASL A
     B42F   48         PHA
     B430   90 05      BCC &B437
     B432   A0 00      LDY #&00
     B434   20 55 AD   JSR &AD55
.l1
     B437   68         PLA
     B438   F0 04      BEQ &B43E
     B43A   A8         TAY
     B43B   4C 55 AD   JMP &AD55
.l2
     B43E   60         RTS
.mm32_Scan_Dir
     B43F   A0 02      LDY #&02
     B441   20 25 B3   JSR &B325
.loop1
     B444   20 1D BA   JSR &BA1D
     B447   B0 0F      BCS &B458
     B449   20 38 B2   JSR &B238
     B44C   20 59 B4   JSR &B459
     B44F   90 07      BCC &B458
     B451   F0 05      BEQ &B458
     B453   20 59 B3   JSR &B359
     B456   90 EC      BCC &B444
.exit
     B458   60         RTS
.scan_block
     B459   A9 00      LDA #&00
     B45B   85 AB      STA &AB
     B45D   85 B0      STA &B0
     B45F   A9 A2      LDA #&A2
.loop1
     B461   85 B1      STA &B1
.loop2
     B463   A0 00      LDY #&00
     B465   B1 B0      LDA (&B0),Y
     B467   F0 75      BEQ &B4DE
     B469   30 5F      BMI &B4CA
     B46B   C9 21      CMP #&21
     B46D   90 5B      BCC &B4CA
     B46F   A0 15      LDY #&15
     B471   B1 B0      LDA (&B0),Y
     B473   29 0F      AND #&0F
     B475   D0 53      BNE &B4CA
     B477   88         DEY
     B478   B1 B0      LDA (&B0),Y
     B47A   29 F0      AND #&F0
     B47C   D0 4C      BNE &B4CA
     B47E   A0 0B      LDY #&0B
     B480   B1 B0      LDA (&B0),Y
     B482   29 0E      AND #&0E
     B484   D0 44      BNE &B4CA
     B486   B1 B0      LDA (&B0),Y
     B488   4A         LSR A
     B489   29 08      AND #&08
     B48B   85 B8      STA &B8
     B48D   F0 04      BEQ &B493
     B48F   A9 80      LDA #&80
     B491   D0 0C      BNE &B49F
.l1
     B493   24 B2      BIT &B2
     B495   30 33      BMI &B4CA
     B497   6A         ROR A
     B498   85 B9      STA &B9
     B49A   20 B7 B5   JSR &B5B7
     B49D   05 B9      ORA &B9
.l2
     B49F   85 B9      STA &B9
     B4A1   20 47 B5   JSR &B547
     B4A4   20 E4 B5   JSR &B5E4
     B4A7   B0 21      BCS &B4CA
     B4A9   A5 AA      LDA &AA
     B4AB   F0 14      BEQ &B4C1
     B4AD   C9 03      CMP #&03
     B4AF   D0 03      BNE &B4B4
     B4B1   4C 13 B5   JMP &B513
.lock_or_unlock
     B4B4   C9 02      CMP #&02
     B4B6   F0 06      BEQ &B4BE
     B4B8   20 02 B5   JSR &B502
     B4BB   4C C1 B4   JMP &B4C1
.lock
     B4BE   20 F1 B4   JSR &B4F1
.s1
     B4C1   24 B7      BIT &B7
     B4C3   30 02      BMI &B4C7
     B4C5   18         CLC
     B4C6   60         RTS
.logging
     B4C7   20 72 B5   JSR &B572
.skip
     B4CA   20 7A 8C   JSR &8C7A
     B4CD   18         CLC
     B4CE   A5 B0      LDA &B0
     B4D0   69 20      ADC #&20
     B4D2   85 B0      STA &B0
     B4D4   90 8D      BCC &B463
     B4D6   A5 B1      LDA &B1
     B4D8   69 00      ADC #&00
     B4DA   C9 A3      CMP #&A3
     B4DC   F0 83      BEQ &B461
.exit
     B4DE   08         PHP
     B4DF   48         PHA
     B4E0   A5 AB      LDA &AB
     B4E2   C9 FF      CMP #&FF
     B4E4   D0 03      BNE &B4E9
     B4E6   20 AB AF   JSR &AFAB
.nowrite
     B4E9   A0 00      LDY #&00
     B4EB   84 AB      STY &AB
     B4ED   68         PLA
     B4EE   28         PLP
     B4EF   38         SEC
     B4F0   60         RTS
.lock_fat_file
     B4F1   A9 80      LDA #&80
     B4F3   85 B9      STA &B9
     B4F5   A0 0B      LDY #&0B
     B4F7   B1 B0      LDA (&B0),Y
     B4F9   09 01      ORA #&01
     B4FB   91 B0      STA (&B0),Y
     B4FD   A9 FF      LDA #&FF
     B4FF   85 AB      STA &AB
     B501   60         RTS
.unlock_fat_file
     B502   A9 00      LDA #&00
     B504   85 B9      STA &B9
     B506   A0 0B      LDY #&0B
     B508   B1 B0      LDA (&B0),Y
     B50A   29 FE      AND #&FE
     B50C   91 B0      STA (&B0),Y
     B50E   A9 FF      LDA #&FF
     B510   85 AB      STA &AB
     B512   60         RTS
.rename_fat_file
     B513   A2 21      LDX #&21
     B515   A0 00      LDY #&00
     B517   A9 2E      LDA #&2E
     B519   85 BA      STA &BA
     B51B   A9 08      LDA #&08
     B51D   20 26 B5   JSR &B526
     B520   A9 02      LDA #&02
     B522   85 BA      STA &BA
     B524   A9 0B      LDA #&0B
.copy_and_pad_with_spaces
     B526   85 BB      STA &BB
.loop
     B528   BD 00 A4   LDA &A400,X
     B52B   E8         INX
     B52C   C5 BA      CMP &BA
     B52E   F0 0E      BEQ &B53E
     B530   C4 BB      CPY &BB
     B532   F0 F4      BEQ &B528
     B534   91 B0      STA (&B0),Y
     B536   C8         INY
     B537   D0 EF      BNE &B528
.padloop
     B539   A9 20      LDA #&20
     B53B   91 B0      STA (&B0),Y
     B53D   C8         INY
.pad
     B53E   C4 BB      CPY &BB
     B540   D0 F7      BNE &B539
     B542   20 AB AF   JSR &AFAB
     B545   18         CLC
     B546   60         RTS
.copy_name
     B547   A2 01      LDX #&01
     B549   A0 00      LDY #&00
.loop1
     B54B   B1 B0      LDA (&B0),Y
     B54D   C9 21      CMP #&21
     B54F   90 04      BCC &B555
     B551   9D 00 A4   STA &A400,X
     B554   E8         INX
.l1
     B555   C8         INY
     B556   C0 08      CPY #&08
     B558   D0 06      BNE &B560
.l11
     B55A   A9 2E      LDA #&2E
     B55C   9D 00 A4   STA &A400,X
     B55F   E8         INX
.l2
     B560   C0 0B      CPY #&0B
     B562   D0 E7      BNE &B54B
.l3
     B564   A9 02      LDA #&02
     B566   8D 00 A4   STA &A400
     B569   9D 00 A4   STA &A400,X
     B56C   A9 00      LDA #&00
     B56E   9D 01 A4   STA &A401,X
     B571   60         RTS
.print_dir_entry
     B572   A2 03      LDX #&03
     B574   20 B0 B5   JSR &B5B0
     B577   A2 20      LDX #&20
     B579   A5 B8      LDA &B8
     B57B   F0 02      BEQ &B57F
     B57D   A2 2F      LDX #&2F
.l99
     B57F   8A         TXA
     B580   A0 01      LDY #&01
     B582   A2 0E      LDX #&0E
.loop1
     B584   20 DE 80   JSR &80DE
     B587   B9 00 A4   LDA &A400,Y
     B58A   C9 20      CMP #&20
     B58C   90 11      BCC &B59F
     B58E   C9 2E      CMP #&2E
     B590   F0 04      BEQ &B596
.l0
     B592   CA         DEX
     B593   C8         INY
     B594   D0 EE      BNE &B584
.l1
     B596   B9 01 A4   LDA &A401,Y
     B599   C9 20      CMP #&20
     B59B   A9 2E      LDA #&2E
     B59D   B0 F3      BCS &B592
.lx
     B59F   20 B0 B5   JSR &B5B0
     B5A2   A9 4C      LDA #&4C
     B5A4   24 B9      BIT &B9
     B5A6   30 02      BMI &B5AA
     B5A8   A9 20      LDA #&20
.l00
     B5AA   20 DE 80   JSR &80DE
     B5AD   4C D5 80   JMP &80D5
.lspc
     B5B0   20 D5 80   JSR &80D5
     B5B3   CA         DEX
     B5B4   D0 FA      BNE &B5B0
     B5B6   60         RTS
.is_XSD
     B5B7   A0 0B      LDY #&0B
     B5B9   B1 B0      LDA (&B0),Y
     B5BB   29 10      AND #&10
     B5BD   D0 19      BNE &B5D8
     B5BF   A2 FF      LDX #&FF
.loop1
     B5C1   A0 08      LDY #&08
     B5C3   18         CLC
.loop2
     B5C4   E8         INX
     B5C5   BD DB B5   LDA &B5DB,X
     B5C8   30 0A      BMI &B5D4
     B5CA   F0 0C      BEQ &B5D8
     B5CC   51 B0      EOR (&B0),Y
     B5CE   F0 01      BEQ &B5D1
     B5D0   38         SEC
.x1
     B5D1   C8         INY
     B5D2   D0 F0      BNE &B5C4
.x2
     B5D4   B0 EB      BCS &B5C1
     B5D6   0A         ASL A
     B5D7   60         RTS
.l2
     B5D8   A9 80      LDA #&80
     B5DA   60         RTS
.ext_table
     B5DB   53 53 44 
     B5DE   80
     B5DF   44 53 44 
     B5E2   A0
     B5E3   00         BRK
.dir_match
     B5E4   A2 0F      LDX #&0F
     B5E6   A0 00      LDY #&00
.l00
     B5E8   E8         INX
     B5E9   86 BA      STX &BA
.l0
     B5EB   84 BB      STY &BB
.l1
     B5ED   BD 00 A4   LDA &A400,X
     B5F0   F0 19      BEQ &B60B
     B5F2   C9 01      CMP #&01
     B5F4   F0 F2      BEQ &B5E8
     B5F6   B9 00 A4   LDA &A400,Y
     B5F9   F0 11      BEQ &B60C
     B5FB   DD 00 A4   CMP &A400,X
     B5FE   D0 04      BNE &B604
     B600   C8         INY
     B601   E8         INX
     B602   D0 E9      BNE &B5ED
.l2
     B604   A6 BA      LDX &BA
     B606   A4 BB      LDY &BB
     B608   C8         INY
     B609   D0 E0      BNE &B5EB
.ex1
     B60B   18         CLC
.ex2
     B60C   60         RTS
.mm32_param_count
     B60D   A9 00      LDA #&00
.mm32_param_count_a
     B60F   48         PHA
     B610   98         TYA
     B611   48         PHA
     B612   A2 00      LDX #&00
.loop1
     B614   20 C3 81   JSR &81C3
     B617   F0 08      BEQ &B621
     B619   E8         INX
.loop2
     B61A   20 A8 81   JSR &81A8
     B61D   90 FB      BCC &B61A
     B61F   B0 F3      BCS &B614
.l1
     B621   68         PLA
     B622   A8         TAY
     B623   68         PLA
     B624   10 03      BPL &B629
     B626   CA         DEX
     B627   30 0A      BMI &B633
.l2
     B629   E0 01      CPX #&01
     B62B   F0 05      BEQ &B632
     B62D   B0 04      BCS &B633
     B62F   6A         ROR A
     B630   B0 01      BCS &B633
.l3
     B632   60         RTS
.err
     B633   4C FF 99   JMP &99FF
.mm32_param_drive
     B636   90 10      BCC &B648
     B638   20 C3 81   JSR &81C3
     B63B   20 EC 8B   JSR &8BEC
     B63E   20 A8 81   JSR &81A8
     B641   A5 CD      LDA &CD
     B643   B0 06      BCS &B64B
     B645   4C FC 8B   JMP &8BFC
.l1
     B648   AD CA A4   LDA &A4CA
.l2
     B64B   29 01      AND #&01
     B64D   85 CD      STA &CD
     B64F   60         RTS
.mm32_param_filename
     B650   66 B7      ROR &B7
     B652   A2 01      LDX #&01
     B654   86 B2      STX &B2
     B656   86 B3      STX &B3
     B658   86 B4      STX &B4
     B65A   86 B5      STX &B5
     B65C   20 C3 81   JSR &81C3
     B65F   F0 48      BEQ &B6A9
.loop1
     B661   20 A8 81   JSR &81A8
     B664   B0 43      BCS &B6A9
     B666   C9 2F      CMP #&2F
     B668   D0 09      BNE &B673
     B66A   66 B2      ROR &B2
     B66C   D0 F3      BNE &B661
.loop2
     B66E   20 A8 81   JSR &81A8
     B671   B0 36      BCS &B6A9
.l0
     B673   24 B7      BIT &B7
     B675   10 0E      BPL &B685
     B677   C9 2A      CMP #&2A
     B679   D0 0A      BNE &B685
     B67B   24 B3      BIT &B3
     B67D   30 EF      BMI &B66E
     B67F   66 B3      ROR &B3
     B681   A9 01      LDA #&01
     B683   D0 1B      BNE &B6A0
.l1
     B685   46 B3      LSR &B3
     B687   C9 2E      CMP #&2E
     B689   D0 08      BNE &B693
     B68B   24 B5      BIT &B5
     B68D   10 11      BPL &B6A0
     B68F   66 B4      ROR &B4
     B691   30 0D      BMI &B6A0
.l2
     B693   38         SEC
     B694   66 B5      ROR &B5
     B696   C9 61      CMP #&61
     B698   90 06      BCC &B6A0
     B69A   C9 7B      CMP #&7B
     B69C   B0 02      BCS &B6A0
     B69E   49 20      EOR #&20
.l3
     B6A0   9D 10 A4   STA &A410,X
     B6A3   E8         INX
     B6A4   E0 10      CPX #&10
     B6A6   D0 C6      BNE &B66E
     B6A8   60         RTS
.exloop
     B6A9   CA         DEX
     B6AA   F0 18      BEQ &B6C4
     B6AC   24 B7      BIT &B7
     B6AE   30 0A      BMI &B6BA
     B6B0   24 B4      BIT &B4
     B6B2   30 06      BMI &B6BA
     B6B4   A9 2E      LDA #&2E
     B6B6   9D 11 A4   STA &A411,X
     B6B9   E8         INX
.lx1
     B6BA   A9 02      LDA #&02
     B6BC   8D 10 A4   STA &A410
     B6BF   E8         INX
     B6C0   9D 10 A4   STA &A410,X
     B6C3   E8         INX
.lx2
     B6C4   A9 00      LDA #&00
     B6C6   9D 10 A4   STA &A410,X
     B6C9   AD 10 A4   LDA &A410
     B6CC   18         CLC
     B6CD   60         RTS
.mm32_swap_str_16_32
     B6CE   A2 10      LDX #&10
.loop
     B6D0   BD 0F A4   LDA &A40F,X
     B6D3   48         PHA
     B6D4   BD 1F A4   LDA &A41F,X
     B6D7   9D 0F A4   STA &A40F,X
     B6DA   68         PLA
     B6DB   9D 1F A4   STA &A41F,X
     B6DE   CA         DEX
     B6DF   D0 EF      BNE &B6D0
     B6E1   60         RTS
.mm32_cmd_dcat
     B6E2   20 0D B6   JSR &B60D
     B6E5   38         SEC
     B6E6   20 50 B6   JSR &B650
     B6E9   A9 00      LDA #&00
     B6EB   85 AA      STA &AA
     B6ED   20 3F B4   JSR &B43F
     B6F0   A9 86      LDA #&86
     B6F2   20 F4 FF   JSR &FFF4
     B6F5   E0 00      CPX #&00
     B6F7   F0 03      BEQ &B6FC
     B6F9   20 7D 83   JSR &837D
.dcEven
     B6FC   60         RTS
.mm32_cmd_dboot
     B6FD   A9 00      LDA #&00
     B6FF   85 CD      STA &CD
     B701   20 0D B6   JSR &B60D
     B704   B0 11      BCS &B717
     B706   A2 00      LDX #&00
.loop
     B708   BD 24 B7   LDA &B724,X
     B70B   9D 10 A4   STA &A410,X
     B70E   F0 03      BEQ &B713
     B710   E8         INX
     B711   D0 F5      BNE &B708
.l1
     B713   85 B7      STA &B7
     B715   85 B2      STA &B2
.l2
     B717   A9 00      LDA #&00
     B719   20 9D B7   JSR &B79D
     B71C   90 01      BCC &B71F
     B71E   60         RTS
.l3
     B71F   A9 00      LDA #&00
     B721   4C DC 8C   JMP &8CDC
.bootdisk
     B724   02
     B725   42 4F 4F ...
     B72A   02
     B72B   00
.mm32_cmd_din
     B72C   A9 80      LDA #&80
     B72E   20 0F B6   JSR &B60F
     B731   20 36 B6   JSR &B636
     B734   A9 00      LDA #&00
     B736   4C 9C B7   JMP &B79C
.mm32_cmd_autoload
     B739   A2 00      LDX #&00
     B73B   86 CD      STX &CD
.loop
     B73D   BD 53 B7   LDA &B753,X
     B740   9D 10 A4   STA &A410,X
     B743   F0 03      BEQ &B748
     B745   E8         INX
     B746   D0 F5      BNE &B73D
.l1
     B748   85 B7      STA &B7
     B74A   85 B2      STA &B2
     B74C   18         CLC
     B74D   A9 02      LDA #&02
     B74F   4C 9D B7   JMP &B79D
     B752   60         RTS
.bootdisk
     B753   02
     B754   42 4F 4F ...
     B759   02
     B75A   00
.mm32_add_ssd_ext
     B75B   A0 01      LDY #&01
.l0
     B75D   B9 10 A4   LDA &A410,Y
     B760   C8         INY
     B761   C9 2E      CMP #&2E
     B763   D0 F8      BNE &B75D
.s1
     B765   A9 53      LDA #&53
     B767   99 10 A4   STA &A410,Y
     B76A   99 11 A4   STA &A411,Y
     B76D   A9 44      LDA #&44
     B76F   99 12 A4   STA &A412,Y
     B772   A9 02      LDA #&02
     B774   99 13 A4   STA &A413,Y
     B777   A9 00      LDA #&00
     B779   99 14 A4   STA &A414,Y
     B77C   60         RTS
.mm32_upd_dsktbl
     B77D   A2 00      LDX #&00
     B77F   A5 CD      LDA &CD
     B781   0A         ASL A
     B782   0A         ASL A
     B783   0A         ASL A
     B784   0A         ASL A
     B785   A8         TAY
.l0
     B786   BD 10 A4   LDA &A410,X
     B789   99 C0 A5   STA &A5C0,Y
     B78C   E8         INX
     B78D   C8         INY
     B78E   E0 10      CPX #&10
     B790   D0 F4      BNE &B786
     B792   60         RTS
.mm32_cmd_ddir
     B793   20 0D B6   JSR &B60D
     B796   A9 02      LDA #&02
     B798   85 CD      STA &CD
     B79A   A9 01      LDA #&01
.mm32_chain_open
     B79C   38         SEC
.mm32_chain_open2
     B79D   48         PHA
     B79E   90 08      BCC &B7A8
     B7A0   18         CLC
     B7A1   20 50 B6   JSR &B650
     B7A4   B0 33      BCS &B7D9
     B7A6   F0 65      BEQ &B80D
.l0
     B7A8   A5 CD      LDA &CD
     B7AA   C9 02      CMP #&02
     B7AC   66 B2      ROR &B2
     B7AE   A9 00      LDA #&00
     B7B0   85 AA      STA &AA
     B7B2   20 3F B4   JSR &B43F
     B7B5   90 2C      BCC &B7E3
     B7B7   68         PLA
     B7B8   48         PHA
     B7B9   29 01      AND #&01
     B7BB   D0 1C      BNE &B7D9
     B7BD   20 5B B7   JSR &B75B
     B7C0   20 3F B4   JSR &B43F
     B7C3   90 1E      BCC &B7E3
.mm32_change_ext_dsd
     B7C5   A0 01      LDY #&01
.l0
     B7C7   B9 10 A4   LDA &A410,Y
     B7CA   C8         INY
     B7CB   C9 2E      CMP #&2E
     B7CD   D0 F8      BNE &B7C7
.s1
     B7CF   A9 44      LDA #&44
     B7D1   99 10 A4   STA &A410,Y
     B7D4   20 3F B4   JSR &B43F
     B7D7   90 0A      BCC &B7E3
.notfound
     B7D9   68         PLA
     B7DA   29 02      AND #&02
     B7DC   F0 02      BEQ &B7E0
     B7DE   38         SEC
     B7DF   60         RTS
.notautoload
     B7E0   4C 40 82   JMP &8240
.found
     B7E3   68         PLA
     B7E4   48         PHA
     B7E5   29 01      AND #&01
     B7E7   F0 06      BEQ &B7EF
     B7E9   68         PLA
     B7EA   A5 B8      LDA &B8
     B7EC   D0 28      BNE &B816
     B7EE   60         RTS
.file
     B7EF   68         PLA
     B7F0   A6 B8      LDX &B8
     B7F2   F0 22      BEQ &B816
     B7F4   29 02      AND #&02
     B7F6   F0 02      BEQ &B7FA
     B7F8   38         SEC
     B7F9   60         RTS
.notautoload2
     B7FA   20 6E 80   JSR &806E
     B7FD   D6
     B7FE   49 73 20 ...
     B80A   00
     B80B   EA         NOP
     B80C   60         RTS
.zerolen
     B80D   68         PLA
     B80E   A5 B2      LDA &B2
     B810   29 80      AND #&80
     B812   A8         TAY
     B813   4C 82 B8   JMP &B882
.okay
     B816   20 7D B7   JSR &B77D
     B819   A0 1A      LDY #&1A
     B81B   B1 B0      LDA (&B0),Y
     B81D   85 B7      STA &B7
     B81F   C8         INY
     B820   B1 B0      LDA (&B0),Y
     B822   85 B8      STA &B8
     B824   A0 14      LDY #&14
     B826   B1 B0      LDA (&B0),Y
     B828   05 B9      ORA &B9
     B82A   85 B9      STA &B9
     B82C   A5 CD      LDA &CD
     B82E   C9 02      CMP #&02
     B830   F0 1D      BEQ &B84F
     B832   49 01      EOR #&01
     B834   AA         TAX
     B835   A5 B7      LDA &B7
     B837   DD E5 A4   CMP &A4E5,X
     B83A   D0 13      BNE &B84F
     B83C   A5 B8      LDA &B8
     B83E   DD E8 A4   CMP &A4E8,X
     B841   D0 0C      BNE &B84F
     B843   A5 B9      LDA &B9
     B845   DD EB A4   CMP &A4EB,X
     B848   D0 05      BNE &B84F
     B84A   A0 00      LDY #&00
     B84C   20 84 B8   JSR &B884
.l1
     B84F   20 1C AB   JSR &AB1C
     B852   A6 CD      LDX &CD
     B854   A5 B7      LDA &B7
     B856   9D E5 A4   STA &A4E5,X
     B859   A5 B8      LDA &B8
     B85B   9D E8 A4   STA &A4E8,X
     B85E   A5 B9      LDA &B9
     B860   9D EB A4   STA &A4EB,X
     B863   4C 30 AB   JMP &AB30
.mm32_cmd_dout
     B866   20 0D B6   JSR &B60D
     B869   20 36 B6   JSR &B636
     B86C   A2 00      LDX #&00
     B86E   A5 CD      LDA &CD
     B870   0A         ASL A
     B871   0A         ASL A
     B872   0A         ASL A
     B873   0A         ASL A
     B874   A8         TAY
     B875   A9 20      LDA #&20
.s0
     B877   99 C0 A5   STA &A5C0,Y
     B87A   E8         INX
     B87B   C8         INY
     B87C   E0 10      CPX #&10
     B87E   D0 F7      BNE &B877
     B880   A0 00      LDY #&00
.mm32_clear_cluster_index
     B882   A6 CD      LDX &CD
.mm32_clear_cluster_index_x
     B884   20 1C AB   JSR &AB1C
     B887   A9 00      LDA #&00
     B889   9D E5 A4   STA &A4E5,X
     B88C   9D E8 A4   STA &A4E8,X
     B88F   98         TYA
     B890   9D EB A4   STA &A4EB,X
     B893   4C 30 AB   JMP &AB30
.mm32_cmd_ddrive
     B896   A0 00      LDY #&00
.l1
     B898   98         TYA
     B899   48         PHA
     B89A   A9 3A      LDA #&3A
     B89C   20 EE FF   JSR &FFEE
     B89F   68         PLA
     B8A0   48         PHA
     B8A1   18         CLC
     B8A2   69 30      ADC #&30
     B8A4   20 EE FF   JSR &FFEE
     B8A7   A9 20      LDA #&20
     B8A9   20 EE FF   JSR &FFEE
     B8AC   68         PLA
     B8AD   48         PHA
     B8AE   0A         ASL A
     B8AF   0A         ASL A
     B8B0   0A         ASL A
     B8B1   0A         ASL A
     B8B2   AA         TAX
     B8B3   A0 00      LDY #&00
     B8B5   BD C0 A5   LDA &A5C0,X
     B8B8   C9 02      CMP #&02
     B8BA   D0 1C      BNE &B8D8
     B8BC   E8         INX
.l2
     B8BD   BD C0 A5   LDA &A5C0,X
     B8C0   C9 02      CMP #&02
     B8C2   F0 09      BEQ &B8CD
     B8C4   20 EE FF   JSR &FFEE
     B8C7   E8         INX
     B8C8   C8         INY
     B8C9   C0 10      CPY #&10
     B8CB   D0 F0      BNE &B8BD
.s1
     B8CD   20 7D 83   JSR &837D
     B8D0   68         PLA
     B8D1   A8         TAY
     B8D2   C8         INY
     B8D3   C0 02      CPY #&02
     B8D5   D0 C1      BNE &B898
     B8D7   60         RTS
.empty
     B8D8   20 9B 80   JSR &809B
     B8DB   3C 45 6D ...
     B8E2   EA         NOP
     B8E3   4C CD B8   JMP &B8CD
.mm32_cmd_daccess
     B8E6   A9 80      LDA #&80
     B8E8   20 0F B6   JSR &B60F
     B8EB   38         SEC
     B8EC   20 50 B6   JSR &B650
     B8EF   A2 01      LDX #&01
     B8F1   20 C3 81   JSR &81C3
     B8F4   D0 14      BNE &B90A
.gotflag
     B8F6   86 AA      STX &AA
     B8F8   20 3F B4   JSR &B43F
     B8FB   A9 86      LDA #&86
     B8FD   20 F4 FF   JSR &FFF4
     B900   E0 00      CPX #&00
     B902   F0 03      BEQ &B907
     B904   20 7D 83   JSR &837D
.dcEven
     B907   60         RTS
.parmloop
     B908   A2 02      LDX #&02
.getparm
     B90A   20 A8 81   JSR &81A8
     B90D   B0 E7      BCS &B8F6
     B90F   29 5F      AND #&5F
     B911   C9 4C      CMP #&4C
     B913   F0 F3      BEQ &B908
.errbadparm
     B915   20 54 80   JSR &8054
     B918   CF
     B919   61 74 74 ...
     B922   00
.mm32_cmd_drename
     B923   A9 81      LDA #&81
     B925   20 0F B6   JSR &B60F
     B928   18         CLC
     B929   20 50 B6   JSR &B650
     B92C   20 CE B6   JSR &B6CE
     B92F   18         CLC
     B930   20 50 B6   JSR &B650
     B933   20 5F B9   JSR &B95F
     B936   90 16      BCC &B94E
     B938   A9 00      LDA #&00
     B93A   85 AA      STA &AA
     B93C   20 3F B4   JSR &B43F
     B93F   90 10      BCC &B951
     B941   20 CE B6   JSR &B6CE
     B944   A9 03      LDA #&03
     B946   85 AA      STA &AA
     B948   20 3F B4   JSR &B43F
     B94B   B0 0F      BCS &B95C
     B94D   60         RTS
.badname
     B94E   4C 84 81   JMP &8184
.destexists
     B951   20 5E 80   JSR &805E
     B954   C4
     B955   45 78 69 ...
     B95B   00
.notfound
     B95C   4C 40 82   JMP &8240
.mm32_check_filename
     B95F   AD 10 A4   LDA &A410
     B962   C9 02      CMP #&02
     B964   D0 2B      BNE &B991
     B966   AD 11 A4   LDA &A411
     B969   C9 2E      CMP #&2E
     B96B   F0 24      BEQ &B991
     B96D   A2 01      LDX #&01
     B96F   86 BA      STX &BA
.checknameloop
     B971   BD 10 A4   LDA &A410,X
     B974   E8         INX
     B975   E0 11      CPX #&11
     B977   F0 18      BEQ &B991
     B979   C9 02      CMP #&02
     B97B   F0 15      BEQ &B992
     B97D   C9 2E      CMP #&2E
     B97F   D0 04      BNE &B985
     B981   C6 BA      DEC &BA
     B983   30 0C      BMI &B991
.notdot
     B985   A0 0E      LDY #&0E
.checkcharloop
     B987   D9 92 B9   CMP &B992,Y
     B98A   F0 05      BEQ &B991
     B98C   88         DEY
     B98D   D0 F8      BNE &B987
     B98F   F0 E0      BEQ &B971
.badname
     B991   18         CLC
.checknameend
     B992   60         RTS
.invalid_chars
     B993   22
     B994   2A
     B995   2B
     B996   2C
     B997   2F
     B998   3A
     B999   3B
     B99A   3C
     B99B   3D
     B99C   3E
     B99D   3F
     B99E   5B
     B99F   5C
     B9A0   5D
.invalid_chars_end
.mm32_disk_seek_sector
     B9A1   8C A5 A4   STY &A4A5
     B9A4   8D A4 A4   STA &A4A4
     B9A7   A5 CD      LDA &CD
     B9A9   29 01      AND #&01
     B9AB   A8         TAY
     B9AC   20 25 B3   JSR &B325
     B9AF   70 0B      BVS &B9BC
     B9B1   24 C2      BIT &C2
     B9B3   A5 CD      LDA &CD
     B9B5   6A         ROR A
     B9B6   6A         ROR A
     B9B7   90 04      BCC &B9BD
     B9B9   70 02      BVS &B9BD
.l1
     B9BB   B8         CLV
.l2
     B9BC   60         RTS
.l3
     B9BD   50 05      BVC &B9C4
     B9BF   2E A5 A4   ROL &A4A5
     B9C2   B0 F7      BCS &B9BB
.l4
     B9C4   AC A5 A4   LDY &A4A5
     B9C7   F0 04      BEQ &B9CD
.loop1
     B9C9   A2 04      LDX #&04
     B9CB   D0 08      BNE &B9D5
.l5
     B9CD   AD A4 A4   LDA &A4A4
     B9D0   4A         LSR A
     B9D1   F0 11      BEQ &B9E4
     B9D3   AA         TAX
     B9D4   CA         DEX
.loop2
     B9D5   20 59 B3   JSR &B359
     B9D8   B0 E1      BCS &B9BB
     B9DA   CA         DEX
     B9DB   10 F8      BPL &B9D5
     B9DD   88         DEY
     B9DE   F0 ED      BEQ &B9CD
     B9E0   C0 FF      CPY #&FF
     B9E2   D0 E5      BNE &B9C9
.l6
     B9E4   20 1D BA   JSR &BA1D
     B9E7   B0 D2      BCS &B9BB
     B9E9   6E A4 A4   ROR &A4A4
     B9EC   90 02      BCC &B9F0
     B9EE   E6 BE      INC &BE
.l7
     B9F0   0E A4 A4   ASL &A4A4
     B9F3   B8         CLV
     B9F4   18         CLC
     B9F5   60         RTS
.mm32_disk_next_sector
     B9F6   20 1F 84   JSR &841F
     B9F9   A0 01      LDY #&01
     B9FB   AE A4 A4   LDX &A4A4
     B9FE   E8         INX
     B9FF   E8         INX
     BA00   E0 0A      CPX #&0A
     BA02   D0 0E      BNE &BA12
     BA04   A2 00      LDX #&00
     BA06   EE A5 A4   INC &A4A5
     BA09   24 C2      BIT &C2
     BA0B   50 05      BVC &BA12
     BA0D   A0 06      LDY #&06
     BA0F   EE A5 A4   INC &A4A5
.l1
     BA12   8E A4 A4   STX &A4A4
.loop1
     BA15   20 59 B3   JSR &B359
     BA18   B0 47      BCS &BA61
     BA1A   88         DEY
     BA1B   D0 F8      BNE &BA15
.mm32_SECT_X_Address
     BA1D   A2 02      LDX #&02
.loop1
     BA1F   B5 C8      LDA &C8,X
     BA21   95 BE      STA &BE,X
     BA23   CA         DEX
     BA24   10 F9      BPL &BA1F
     BA26   AD E4 A4   LDA &A4E4
.loop2
     BA29   4A         LSR A
     BA2A   B0 09      BCS &BA35
     BA2C   06 BE      ASL &BE
     BA2E   26 BF      ROL &BF
     BA30   26 C0      ROL &C0
     BA32   90 F5      BCC &BA29
     BA34   60         RTS
.l3
     BA35   18         CLC
     BA36   A5 BE      LDA &BE
     BA38   6D E2 A4   ADC &A4E2
     BA3B   85 BE      STA &BE
     BA3D   A5 BF      LDA &BF
     BA3F   6D E3 A4   ADC &A4E3
     BA42   85 BF      STA &BF
     BA44   90 02      BCC &BA48
     BA46   E6 C0      INC &C0
.l4
     BA48   38         SEC
     BA49   AD E4 A4   LDA &A4E4
     BA4C   E5 CB      SBC &CB
     BA4E   18         CLC
     BA4F   65 BE      ADC &BE
     BA51   85 BE      STA &BE
     BA53   90 06      BCC &BA5B
     BA55   E6 BF      INC &BF
     BA57   D0 02      BNE &BA5B
     BA59   E6 C0      INC &C0
.l5
.mm32_lba_to_256
     BA5B   06 BE      ASL &BE
     BA5D   26 BF      ROL &BF
     BA5F   26 C0      ROL &C0
.l2rts
     BA61   60         RTS
.mm32_MMC_error
     BA62   85 B0      STA &B0
     BA64   20 5E 80   JSR &805E
     BA67   C5
     BA68   4D 4D 43 ...
     BA6C   EA         NOP
     BA6D   68         PLA
     BA6E   85 B8      STA &B8
     BA70   68         PLA
     BA71   85 B9      STA &B9
     BA73   A0 00      LDY #&00
     BA75   8C AF A4   STY &A4AF
.loop1
     BA78   C8         INY
     BA79   B1 B8      LDA (&B8),Y
     BA7B   F0 05      BEQ &BA82
     BA7D   20 A0 BA   JSR &BAA0
     BA80   D0 F6      BNE &BA78
.l1
     BA82   A8         TAY
     BA83   A5 B0      LDA &B0
     BA85   20 8E 8C   JSR &8C8E
     BA88   A9 2F      LDA #&2F
     BA8A   20 A0 BA   JSR &BAA0
.loop2
     BA8D   B9 89 A4   LDA &A489,Y
     BA90   20 8E 8C   JSR &8C8E
     BA93   C8         INY
     BA94   C0 04      CPY #&04
     BA96   D0 F5      BNE &BA8D
     BA98   A9 00      LDA #&00
     BA9A   9D 00 01   STA &0100,X
     BA9D   4C 00 01   JMP &0100
.mm32_PrintChr100
     BAA0   9D 00 01   STA &0100,X
     BAA3   E8         INX
     BAA4   60         RTS
.Osword7F_8271_Emulation
     BAA5   A0 06      LDY #&06
     BAA7   B1 B0      LDA (&B0),Y
     BAA9   A2 10      LDX #&10
.loop1
     BAAB   DD 0A BC   CMP &BC0A,X
     BAAE   F0 05      BEQ &BAB5
     BAB0   CA         DEX
     BAB1   10 F8      BPL &BAAB
     BAB3   30 0F      BMI &BAC4
.l2
     BAB5   20 E7 BA   JSR &BAE7
     BAB8   48         PHA
     BAB9   A0 05      LDY #&05
     BABB   B1 B0      LDA (&B0),Y
     BABD   18         CLC
     BABE   69 07      ADC #&07
     BAC0   A8         TAY
     BAC1   68         PLA
     BAC2   91 B0      STA (&B0),Y
.l3
     BAC4   A9 00      LDA #&00
     BAC6   60         RTS
.spec_reg
     BAC7   A0 07      LDY #&07
     BAC9   B1 B0      LDA (&B0),Y
     BACB   C9 06      CMP #&06
     BACD   D0 04      BNE &BAD3
     BACF   AD A4 A4   LDA &A4A4
     BAD2   60         RTS
.l1
     BAD3   C9 12      CMP #&12
     BAD5   D0 09      BNE &BAE0
.l2
     BAD7   AD A5 A4   LDA &A4A5
     BADA   24 C2      BIT &C2
     BADC   50 01      BVC &BADF
     BADE   4A         LSR A
.l3
     BADF   60         RTS
.l4
     BAE0   C9 1A      CMP #&1A
     BAE2   F0 F3      BEQ &BAD7
     BAE4   A9 00      LDA #&00
     BAE6   60         RTS
.ow7f_1
     BAE7   BD 1A BC   LDA &BC1A,X
     BAEA   F0 DB      BEQ &BAC7
     BAEC   48         PHA
     BAED   88         DEY
     BAEE   29 0F      AND #&0F
     BAF0   D1 B0      CMP (&B0),Y
     BAF2   D0 27      BNE &BB1B
     BAF4   20 5C B1   JSR &B15C
     BAF7   68         PLA
     BAF8   85 C7      STA &C7
     BAFA   A0 0B      LDY #&0B
.loop1
     BAFC   B1 B0      LDA (&B0),Y
     BAFE   99 BB 00   STA &00BB,Y
     BB01   C0 05      CPY #&05
     BB03   B0 03      BCS &BB08
     BB05   99 A9 A4   STA &A4A9,Y
.l0
     BB08   88         DEY
     BB09   D0 F1      BNE &BAFC
     BB0B   B1 B0      LDA (&B0),Y
     BB0D   30 03      BMI &BB12
     BB0F   20 DF 8B   JSR &8BDF
.l1
     BB12   20 25 BB   JSR &BB25
     BB15   48         PHA
     BB16   20 AF B1   JSR &B1AF
     BB19   68         PLA
     BB1A   60         RTS
.owfault
     BB1B   68         PLA
     BB1C   A9 FF      LDA #&FF
     BB1E   60         RTS
.owdrvnotrdy
     BB1F   A9 10      LDA #&10
     BB21   60         RTS
.ownosector
     BB22   A9 1E      LDA #&1E
     BB24   60         RTS
.ow7f_2
     BB25   A9 10      LDA #&10
     BB27   24 C7      BIT &C7
     BB29   D0 04      BNE &BB2F
     BB2B   10 33      BPL &BB60
     BB2D   30 23      BMI &BB52
.l10
     BB2F   A5 C2      LDA &C2
     BB31   0A         ASL A
     BB32   85 BE      STA &BE
     BB34   A5 C3      LDA &C3
     BB36   2A         ROL A
     BB37   85 BF      STA &BF
     BB39   A5 C4      LDA &C4
     BB3B   30 E5      BMI &BB22
     BB3D   2A         ROL A
     BB3E   85 C0      STA &C0
     BB40   A5 C5      LDA &C5
     BB42   0A         ASL A
     BB43   85 C4      STA &C4
     BB45   B0 DB      BCS &BB22
     BB47   A9 00      LDA #&00
     BB49   85 C5      STA &C5
     BB4B   85 C6      STA &C6
     BB4D   26 C7      ROL &C7
     BB4F   4C C0 BB   JMP &BBC0
.l11
     BB52   A5 C6      LDA &C6
     BB54   F0 27      BEQ &BB7D
     BB56   E6 C4      INC &C4
     BB58   D0 23      BNE &BB7D
     BB5A   E6 C5      INC &C5
     BB5C   D0 1F      BNE &BB7D
     BB5E   F0 C2      BEQ &BB22
.l0
     BB60   A5 C4      LDA &C4
     BB62   50 02      BVC &BB66
     BB64   A9 0A      LDA #&0A
.l1
     BB66   29 1F      AND #&1F
     BB68   85 C4      STA &C4
     BB6A   70 07      BVS &BB73
     BB6C   18         CLC
     BB6D   65 C3      ADC &C3
     BB6F   C9 0B      CMP #&0B
     BB71   B0 AF      BCS &BB22
.l2
     BB73   A9 00      LDA #&00
     BB75   85 C5      STA &C5
     BB77   85 C6      STA &C6
     BB79   50 02      BVC &BB7D
     BB7B   85 C3      STA &C3
.l3
     BB7D   A5 C3      LDA &C3
     BB7F   C9 0A      CMP #&0A
     BB81   B0 9F      BCS &BB22
.l4
     BB83   A4 C2      LDY &C2
     BB85   20 A1 B9   JSR &B9A1
     BB88   70 95      BVS &BB1F
     BB8A   B0 96      BCS &BB22
     BB8C   26 C7      ROL &C7
     BB8E   24 C7      BIT &C7
     BB90   50 07      BVC &BB99
     BB92   24 C2      BIT &C2
     BB94   10 03      BPL &BB99
     BB96   A9 12      LDA #&12
     BB98   60         RTS
.l5
     BB99   24 C7      BIT &C7
     BB9B   30 40      BMI &BBDD
     BB9D   66 C3      ROR &C3
     BB9F   B0 1F      BCS &BBC0
     BBA1   A5 C4      LDA &C4
     BBA3   C9 02      CMP #&02
     BBA5   D0 19      BNE &BBC0
     BBA7   A5 BD      LDA &BD
     BBA9   C9 A2      CMP #&A2
     BBAB   D0 13      BNE &BBC0
     BBAD   AD AC A4   LDA &A4AC
     BBB0   2D AD A4   AND &A4AD
     BBB3   0D D6 A4   ORA &A4D6
     BBB6   49 FF      EOR #&FF
     BBB8   05 BC      ORA &BC
     BBBA   05 C5      ORA &C5
     BBBC   05 C6      ORA &C6
     BBBE   F0 2F      BEQ &BBEF
.l6
     BBC0   24 C7      BIT &C7
     BBC2   70 13      BVS &BBD7
     BBC4   20 E3 AF   JSR &AFE3
.l7
     BBC7   AD AE A4   LDA &A4AE
     BBCA   F0 03      BEQ &BBCF
     BBCC   20 72 8C   JSR &8C72
.l8
     BBCF   2C A6 A4   BIT &A4A6
     BBD2   30 33      BMI &BC07
.OK
     BBD4   A9 00      LDA #&00
     BBD6   60         RTS
.l9
     BBD7   20 99 B0   JSR &B099
     BBDA   4C C7 BB   JMP &BBC7
.vform
     BBDD   A0 FF      LDY #&FF
     BBDF   8C 82 A4   STY &A482
     BBE2   50 0B      BVC &BBEF
     BBE4   C8         INY
     BBE5   98         TYA
.floop
     BBE6   99 00 A2   STA &A200,Y
     BBE9   99 00 A3   STA &A300,Y
     BBEC   C8         INY
     BBED   D0 F7      BNE &BBE6
.cat
.loop
     BBEF   24 C7      BIT &C7
     BBF1   70 06      BVS &BBF9
     BBF3   20 94 AF   JSR &AF94
     BBF6   4C FC BB   JMP &BBFC
.k1
     BBF9   20 AB AF   JSR &AFAB
.k2
     BBFC   C6 C4      DEC &C4
     BBFE   C6 C4      DEC &C4
     BC00   F0 D2      BEQ &BBD4
     BC02   20 F6 B9   JSR &B9F6
     BC05   90 E8      BCC &BBEF
.ownosector2
     BC07   A9 1E      LDA #&1E
     BC09   60         RTS
.owtable1
     BC0A   7D
     BC0B   4A
     BC0C   4B
     BC0D   4C
     BC0E   4E
     BC0F   4F
     BC10   52
     BC11   53
     BC12   54
     BC13   56
     BC14   57
     BC15   5E
     BC16   5F
     BC17   63
     BC18   A5
     BC19   85
.owtable2
     BC1A   00
     BC1B   23
     BC1C   23
     BC1D   34
     BC1E   23
     BC1F   23
     BC20   03
     BC21   03
     BC22   14
     BC23   03
     BC24   03
     BC25   45
     BC26   43
     BC27   65
     BC28   A5
     BC29   85
Processed file 'MM32.asm' ok
Including file ROMS.asm
.CMD_ROMS
     BC2A   20 42 BD   JSR &BD42
     BC2D   85 A8      STA &A8
     BC2F   A9 0F      LDA #&0F
     BC31   85 AA      STA &AA
     BC33   20 35 BD   JSR &BD35
     BC36   38         SEC
     BC37   20 C2 FF   JSR &FFC2
     BC3A   84 AB      STY &AB
     BC3C   18         CLC
     BC3D   F0 1B      BEQ &BC5A
.loopROMnumbers
     BC3F   20 3F 84   JSR &843F
     BC42   B0 16      BCS &BC5A
     BC44   E0 10      CPX #&10
     BC46   B0 F7      BCS &BC3F
     BC48   8A         TXA
     BC49   84 AB      STY &AB
     BC4B   85 AA      STA &AA
     BC4D   20 AE BC   JSR &BCAE
     BC50   A4 AB      LDY &AB
     BC52   20 C3 81   JSR &81C3
     BC55   84 AB      STY &AB
     BC57   D0 E6      BNE &BC3F
     BC59   60         RTS
.Label_A9FF_notnum
     BC5A   66 A8      ROR &A8
.Label_AA01_loop
     BC5C   24 A8      BIT &A8
     BC5E   10 05      BPL &BC65
     BC60   20 6D BC   JSR &BC6D
     BC63   90 03      BCC &BC68
.Label_AA0A
     BC65   20 AE BC   JSR &BCAE
.Label_AA0D_nomatch
     BC68   C6 AA      DEC &AA
     BC6A   10 F0      BPL &BC5C
     BC6C   60         RTS
.Sub_AA12_titlecmp
     BC6D   A9 09      LDA #&09
     BC6F   85 F6      STA &F6
     BC71   A9 80      LDA #&80
     BC73   85 F7      STA &F7
     BC75   A4 AB      LDY &AB
.Label_AA1C_loop
     BC77   B1 F2      LDA (&F2),Y
     BC79   C9 0D      CMP #&0D
     BC7B   F0 22      BEQ &BC9F
     BC7D   C9 22      CMP #&22
     BC7F   F0 1E      BEQ &BC9F
     BC81   C8         INY
     BC82   C9 2A      CMP #&2A
     BC84   F0 26      BEQ &BCAC
     BC86   20 11 83   JSR &8311
     BC89   85 AE      STA &AE
     BC8B   20 27 BD   JSR &BD27
     BC8E   F0 0D      BEQ &BC9D
     BC90   A6 AE      LDX &AE
     BC92   E0 23      CPX #&23
     BC94   F0 E1      BEQ &BC77
     BC96   20 11 83   JSR &8311
     BC99   C5 AE      CMP &AE
     BC9B   F0 DA      BEQ &BC77
.Label_AA42_nomatch
     BC9D   18         CLC
     BC9E   60         RTS
.Label_AA44
     BC9F   20 27 BD   JSR &BD27
     BCA2   F0 08      BEQ &BCAC
     BCA4   C9 20      CMP #&20
     BCA6   F0 F7      BEQ &BC9F
     BCA8   C9 0D      CMP #&0D
     BCAA   D0 F1      BNE &BC9D
.Label_AA51_match
     BCAC   38         SEC
     BCAD   60         RTS
.Label_AA53_RomInfo
     BCAE   A4 AA      LDY &AA
     BCB0   B1 AC      LDA (&AC),Y
     BCB2   F0 E9      BEQ &BC9D
     BCB4   48         PHA
     BCB5   20 9B 80   JSR &809B
     BCB8   52 6F 6D ...
     BCBC   98         TYA
     BCBD   20 FA 80   JSR &80FA
     BCC0   20 9B 80   JSR &809B
     BCC3   20 3A 20 
     BCC6   A9 28      LDA #&28
     BCC8   20 DE 80   JSR &80DE
     BCCB   68         PLA
     BCCC   48         PHA
     BCCD   30 04      BMI &BCD3
     BCCF   A0 20      LDY #&20
     BCD1   D0 02      BNE &BCD5
.Label_AA78
     BCD3   A0 53      LDY #&53
.Label_AA7A
     BCD5   98         TYA
     BCD6   20 DE 80   JSR &80DE
     BCD9   68         PLA
     BCDA   A0 20      LDY #&20
     BCDC   0A         ASL A
     BCDD   10 02      BPL &BCE1
     BCDF   A0 4C      LDY #&4C
.Label_AA86
     BCE1   98         TYA
     BCE2   20 DE 80   JSR &80DE
     BCE5   A9 29      LDA #&29
     BCE7   20 DE 80   JSR &80DE
     BCEA   20 1E 81   JSR &811E
     BCED   20 F5 BC   JSR &BCF5
     BCF0   20 7D 83   JSR &837D
     BCF3   38         SEC
     BCF4   60         RTS
.Label_AA9A_PrtRomTitle
     BCF5   A9 07      LDA #&07
     BCF7   85 F6      STA &F6
     BCF9   A9 80      LDA #&80
     BCFB   85 F7      STA &F7
     BCFD   20 27 BD   JSR &BD27
     BD00   85 AE      STA &AE
     BD02   E6 F6      INC &F6
     BD04   A0 1E      LDY #&1E
     BD06   20 1A BD   JSR &BD1A
     BD09   B0 1B      BCS &BD26
     BD0B   20 1E 81   JSR &811E
     BD0E   90 09      BCC &BD19
.Label_AAB8_loop
     BD10   C9 20      CMP #&20
     BD12   B0 02      BCS &BD16
     BD14   A9 20      LDA #&20
.Label_AABE
     BD16   20 DE 80   JSR &80DE
.DEY_Sub_AAC2_PrintRomStr
     BD19   88         DEY
.Sub_AAC2_PrintRomStr
     BD1A   A5 F6      LDA &F6
     BD1C   C5 AE      CMP &AE
     BD1E   B0 06      BCS &BD26
     BD20   20 27 BD   JSR &BD27
     BD23   D0 EB      BNE &BD10
     BD25   18         CLC
.Label_AACE_rts
     BD26   60         RTS
.Sub_AACF_ReadRom
     BD27   98         TYA
     BD28   48         PHA
     BD29   A4 AA      LDY &AA
     BD2B   20 B9 FF   JSR &FFB9
     BD2E   E6 F6      INC &F6
     BD30   AA         TAX
     BD31   68         PLA
     BD32   A8         TAY
     BD33   8A         TXA
     BD34   60         RTS
.Sub_AADD_RomTablePtrBA
     BD35   20 1F 84   JSR &841F
     BD38   A9 AA      LDA #&AA
     BD3A   20 75 93   JSR &9375
     BD3D   86 AC      STX &AC
     BD3F   84 AD      STY &AD
     BD41   60         RTS
.Sub_AAEA_StackAZero
     BD42   BA         TSX
     BD43   A9 00      LDA #&00
     BD45   9D 07 01   STA &0107,X
     BD48   60         RTS
Processed file 'ROMS.asm' ok
Including file Utilities.asm
.CMD_DUMP
     BD49   A9 40      LDA #&40
     BD4B   20 48 BE   JSR &BE48
     BD4E   A9 00      LDA #&00
     BD50   48         PHA
     BD51   AA         TAX
     BD52   F0 06      BEQ &BD5A
.dump_inc_address
     BD54   69 08      ADC #&08
     BD56   48         PHA
     BD57   90 01      BCC &BD5A
     BD59   E8         INX
.dump_loop
     BD5A   8A         TXA
     BD5B   20 0D 81   JSR &810D
     BD5E   68         PLA
     BD5F   48         PHA
     BD60   20 0D 81   JSR &810D
     BD63   8A         TXA
     BD64   48         PHA
     BD65   20 1E 81   JSR &811E
     BD68   A2 07      LDX #&07
.dump_getbytes_loop
     BD6A   20 D7 FF   JSR &FFD7
     BD6D   B0 0B      BCS &BD7A
     BD6F   95 A8      STA &A8,X
     BD71   20 0D 81   JSR &810D
     BD74   20 1E 81   JSR &811E
     BD77   CA         DEX
     BD78   10 F0      BPL &BD6A
.dump_eof
     BD7A   08         PHP
     BD7B   90 12      BCC &BD8F
.dump_padnum_loop
     BD7D   A9 2A      LDA #&2A
     BD7F   20 EE FF   JSR &FFEE
     BD82   20 EE FF   JSR &FFEE
     BD85   20 1E 81   JSR &811E
     BD88   A9 00      LDA #&00
     BD8A   95 A8      STA &A8,X
     BD8C   CA         DEX
     BD8D   10 EE      BPL &BD7D
.dump_noteof
     BD8F   A2 07      LDX #&07
.dump_chr_loop
     BD91   B5 A8      LDA &A8,X
     BD93   29 7F      AND #&7F
     BD95   C9 7F      CMP #&7F
     BD97   F0 04      BEQ &BD9D
     BD99   C9 20      CMP #&20
     BD9B   B0 02      BCS &BD9F
.showchrdot
     BD9D   A9 2E      LDA #&2E
.showchrexit
     BD9F   20 EE FF   JSR &FFEE
     BDA2   CA         DEX
     BDA3   10 EC      BPL &BD91
     BDA5   20 E7 FF   JSR &FFE7
     BDA8   28         PLP
     BDA9   68         PLA
     BDAA   AA         TAX
     BDAB   68         PLA
     BDAC   24 FF      BIT &FF
     BDAE   30 3A      BMI &BDEA
     BDB0   90 A2      BCC &BD54
     BDB2   B0 31      BCS &BDE5
.CMD_TYPE
     BDB4   A9 00      LDA #&00
     BDB6   F0 02      BEQ &BDBA
.CMD_LIST
     BDB8   A9 FF      LDA #&FF
.type
     BDBA   85 AA      STA &AA
     BDBC   A9 40      LDA #&40
     BDBE   20 48 BE   JSR &BE48
     BDC1   A9 0D      LDA #&0D
.list_loop_entry
     BDC3   25 AA      AND &AA
     BDC5   49 0D      EOR #&0D
     BDC7   AA         TAX
.list_loop
     BDC8   20 D7 FF   JSR &FFD7
     BDCB   B0 15      BCS &BDE2
     BDCD   C9 0A      CMP #&0A
     BDCF   F0 F7      BEQ &BDC8
     BDD1   48         PHA
     BDD2   8A         TXA
     BDD3   D0 03      BNE &BDD8
     BDD5   20 79 BE   JSR &BE79
.list_skiplineno
     BDD8   68         PLA
     BDD9   20 E3 FF   JSR &FFE3
     BDDC   24 FF      BIT &FF
     BDDE   30 0A      BMI &BDEA
     BDE0   10 E1      BPL &BDC3
.list_eof
     BDE2   20 E7 FF   JSR &FFE7
.Utils_CloseFile_Yhandle
     BDE5   A9 00      LDA #&00
     BDE7   4C CE FF   JMP &FFCE
.Utils_ESCAPE_CloseFileY
     BDEA   20 E5 BD   JSR &BDE5
     BDED   4C 7E 8C   JMP &8C7E
.CMD_BUILD
     BDF0   A9 80      LDA #&80
     BDF2   20 48 BE   JSR &BE48
.loop_newline
     BDF5   20 79 BE   JSR &BE79
     BDF8   A2 00      LDX #&00
.loop_line
     BDFA   20 E0 FF   JSR &FFE0
     BDFD   B0 EB      BCS &BDEA
     BDFF   C9 15      CMP #&15
     BE01   F0 11      BEQ &BE14
     BE03   C9 7F      CMP #&7F
     BE05   F0 14      BEQ &BE1B
     BE07   20 E3 FF   JSR &FFE3
     BE0A   20 D4 FF   JSR &FFD4
     BE0D   E8         INX
     BE0E   C9 0D      CMP #&0D
     BE10   D0 E8      BNE &BDFA
     BE12   F0 E1      BEQ &BDF5
.clearline
     BE14   20 21 BE   JSR &BE21
     BE17   D0 FB      BNE &BE14
     BE19   F0 DF      BEQ &BDFA
.subpointer
     BE1B   20 21 BE   JSR &BE21
     BE1E   4C FA BD   JMP &BDFA
.fpdec
     BE21   8A         TXA
     BE22   F0 23      BEQ &BE47
     BE24   48         PHA
     BE25   A9 7F      LDA #&7F
     BE27   20 EE FF   JSR &FFEE
     BE2A   A9 00      LDA #&00
     BE2C   A2 AA      LDX #&AA
     BE2E   20 DA FF   JSR &FFDA
     BE31   A5 AA      LDA &AA
     BE33   D0 08      BNE &BE3D
     BE35   A5 AB      LDA &AB
     BE37   D0 02      BNE &BE3B
     BE39   C6 AC      DEC &AC
.decmsb
     BE3B   C6 AB      DEC &AB
.declsb
     BE3D   C6 AA      DEC &AA
.fpdecdone
     BE3F   A9 03      LDA #&03
     BE41   20 DA FF   JSR &FFDA
     BE44   68         PLA
     BE45   AA         TAX
     BE46   CA         DEX
.fpdecrts
     BE47   60         RTS
.Utils_FilenameAtXY
     BE48   85 AF      STA &AF
     BE4A   BA         TSX
     BE4B   A9 00      LDA #&00
     BE4D   9D 07 01   STA &0107,X
     BE50   85 A8      STA &A8
     BE52   85 A9      STA &A9
     BE54   88         DEY
.utils_skipspcloop
     BE55   C8         INY
     BE56   B1 F2      LDA (&F2),Y
     BE58   C9 20      CMP #&20
     BE5A   F0 F9      BEQ &BE55
     BE5C   C9 0D      CMP #&0D
     BE5E   D0 03      BNE &BE63
     BE60   4C FF 99   JMP &99FF
.utils_notnullstr
     BE63   98         TYA
     BE64   18         CLC
     BE65   65 F2      ADC &F2
     BE67   AA         TAX
     BE68   A5 F3      LDA &F3
     BE6A   69 00      ADC #&00
     BE6C   A8         TAY
     BE6D   A5 AF      LDA &AF
     BE6F   20 CE FF   JSR &FFCE
     BE72   F0 02      BEQ &BE76
     BE74   A8         TAY
     BE75   60         RTS
.utils_filenotfound
     BE76   4C 40 82   JMP &8240
.Utils_PrintLineNoA8
     BE79   20 73 AC   JSR &AC73
     BE7C   20 0D 81   JSR &810D
     BE7F   A5 A8      LDA &A8
     BE81   20 0D 81   JSR &810D
     BE84   4C 1E 81   JMP &811E
Processed file 'Utilities.asm' ok
.Init12K
     BE87   08         PHP
     BE88   48         PHA
     BE89   8A         TXA
     BE8A   48         PHA
     BE8B   98         TYA
     BE8C   48         PHA
     BE8D   A9 00      LDA #&00
     BE8F   85 B0      STA &B0
     BE91   A9 7F      LDA #&7F
     BE93   85 B1      STA &B1
     BE95   A5 F4      LDA &F4
     BE97   09 80      ORA #&80
     BE99   AA         TAX
     BE9A   A0 FF      LDY #&FF
     BE9C   D0 09      BNE &BEA7
.loop
     BE9E   B1 B0      LDA (&B0),Y
     BEA0   86 F4      STX &F4
     BEA2   8E 30 FE   STX &FE30
     BEA5   91 B0      STA (&B0),Y
.start_loop
     BEA7   8A         TXA
     BEA8   29 7F      AND #&7F
     BEAA   85 F4      STA &F4
     BEAC   8D 30 FE   STA &FE30
     BEAF   C8         INY
     BEB0   D0 EC      BNE &BE9E
     BEB2   E6 B1      INC &B1
     BEB4   A5 B1      LDA &B1
     BEB6   C9 B0      CMP #&B0
     BEB8   F0 0A      BEQ &BEC4
     BEBA   C9 A2      CMP #&A2
     BEBC   D0 E0      BNE &BE9E
     BEBE   A9 AB      LDA #&AB
     BEC0   85 B1      STA &B1
     BEC2   D0 DA      BNE &BE9E
.done
     BEC4   68         PLA
     BEC5   A8         TAY
     BEC6   68         PLA
     BEC7   AA         TAX
     BEC8   68         PLA
     BEC9   28         PLP
     BECA   60         RTS
.PageIn12K
     BECB   08         PHP
     BECC   48         PHA
     BECD   A5 F4      LDA &F4
     BECF   09 80      ORA #&80
     BED1   85 F4      STA &F4
     BED3   8D 30 FE   STA &FE30
     BED6   68         PLA
     BED7   28         PLP
     BED8   60         RTS
.PageOut12K
     BED9   08         PHP
     BEDA   48         PHA
     BEDB   A5 F4      LDA &F4
     BEDD   29 7F      AND #&7F
     BEDF   85 F4      STA &F4
     BEE1   8D 30 FE   STA &FE30
     BEE4   68         PLA
     BEE5   28         PLP
     BEE6   60         RTS
    code ends at&BEE7  (595 bytes free )
Saving file 'build/C/SWMMFS+'
Processed file 'mmfs100.asm' ok
Processed file 'top_SWMMFS+.asm' ok
