Including file DEVICE.asm
Processed file 'DEVICE.asm' ok
Including file mmfs100.asm
Including file VERSION.asm
Processed file 'VERSION.asm' ok
Including file SYSVARS.asm
Processed file 'SYSVARS.asm' ok
.langentry
     8000   00         BRK
     8001   00         BRK
     8002   00         BRK
.serventry
     8003   4C 1E 8E   JMP &8E1E
.romtype
     8006   82
.copywoffset
     8007   1F
.binversion
     8008   7B
.title
Macro BUILD_NAME:
Macro BASE_NAME:
     8009   4D 61 73 ...
Macro SYSTEM_NAME:
     8010   4D 4D 46 ...
End macro SYSTEM_NAME
End macro BASE_NAME
Macro DEVICE_NAME:
     8014   20 54 75 ...
End macro DEVICE_NAME
Macro DFS_EMUL_NAME:
End macro DFS_EMUL_NAME
     801A   00
End macro BUILD_NAME
.version
Macro BUILD_VERSION:
     801B   31 2E 35 ...
     801F   00
End macro BUILD_VERSION
.copyright
Macro BUILD_COPYRIGHT:
     8020   28 43 29 ...
     802E   00
End macro BUILD_COPYRIGHT
.header_end
.Go_FSCV
     802F   6C 1E 02   JMP (&021E)
.SetLEDS
     8032   A2 06      LDX #&06
     8034   8E 40 FE   STX &FE40
     8037   E8         INX
     8038   8E 40 FE   STX &FE40
     803B   60         RTS
.ResetLEDS
     803C   20 EA 83   JSR &83EA
     803F   A9 76      LDA #&76
     8041   4C F4 FF   JMP &FFF4
.errDISK
     8044   20 59 80   JSR &8059
     8047   00         BRK
     8048   44 69 73 ...
     804D   90 21      BCC &8070
.errBAD
     804F   20 59 80   JSR &8059
     8052   00         BRK
     8053   42 61 64 ...
     8057   90 17      BCC &8070
.ReportErrorCB
     8059   AD DD C2   LDA &C2DD
     805C   D0 03      BNE &8061
     805E   20 2D 98   JSR &982D
.brk100_notbuf
     8061   A9 FF      LDA #&FF
     8063   8D 82 C2   STA &C282
     8066   8D DD C2   STA &C2DD
.ReportError
     8069   A2 02      LDX #&02
     806B   A9 00      LDA #&00
     806D   8D 00 01   STA &0100
.ErrCONTINUE
     8070   20 3C 80   JSR &803C
.ReportError2
     8073   68         PLA
     8074   85 AE      STA &AE
     8076   68         PLA
     8077   85 AF      STA &AF
     8079   A0 00      LDY #&00
     807B   20 E1 83   JSR &83E1
     807E   8D 01 01   STA &0101
     8081   CA         DEX
.errstr_loop
     8082   E8         INX
     8083   20 E1 83   JSR &83E1
     8086   9D 00 01   STA &0100,X
     8089   30 27      BMI &80B2
     808B   D0 F5      BNE &8082
     808D   20 E2 8C   JSR &8CE2
     8090   4C 00 01   JMP &0100
.PrintNibble_PrintString
     8093   20 F9 80   JSR &80F9
.PrintString
     8096   85 B3      STA &B3
     8098   68         PLA
     8099   85 AE      STA &AE
     809B   68         PLA
     809C   85 AF      STA &AF
     809E   A5 B3      LDA &B3
     80A0   48         PHA
     80A1   98         TYA
     80A2   48         PHA
     80A3   A0 00      LDY #&00
.prtstr_loop
     80A5   20 E1 83   JSR &83E1
     80A8   30 05      BMI &80AF
     80AA   20 D5 80   JSR &80D5
     80AD   10 F6      BPL &80A5
.prtstr_return1
     80AF   68         PLA
     80B0   A8         TAY
     80B1   68         PLA
.prtstr_return2
     80B2   18         CLC
     80B3   6C AE 00   JMP (&00AE)
.PrintStringSPL
     80B6   85 B3      STA &B3
     80B8   68         PLA
     80B9   85 AE      STA &AE
     80BB   68         PLA
     80BC   85 AF      STA &AF
     80BE   A5 B3      LDA &B3
     80C0   48         PHA
     80C1   98         TYA
     80C2   48         PHA
     80C3   A0 00      LDY #&00
.pstr_loop
     80C5   20 E1 83   JSR &83E1
     80C8   30 E5      BMI &80AF
     80CA   20 E3 FF   JSR &FFE3
     80CD   4C C5 80   JMP &80C5
.PrintNibFullStop
     80D0   20 F9 80   JSR &80F9
.PrintFullStop
     80D3   A9 2E      LDA #&2E
.PrintChrA
     80D5   20 EA 83   JSR &83EA
     80D8   48         PHA
     80D9   A9 EC      LDA #&EC
     80DB   20 93 94   JSR &9493
     80DE   8A         TXA
     80DF   48         PHA
     80E0   09 10      ORA #&10
     80E2   AA         TAX
     80E3   20 EC 80   JSR &80EC
     80E6   68         PLA
     80E7   AA         TAX
     80E8   68         PLA
     80E9   20 E3 FF   JSR &FFE3
.osbyte03_Xoutstream
     80EC   A9 03      LDA #&03
     80EE   4C F4 FF   JMP &FFF4
.PrintHex
     80F1   48         PHA
     80F2   20 16 82   JSR &8216
     80F5   20 F9 80   JSR &80F9
     80F8   68         PLA
.PrintNibble
     80F9   20 1B 81   JSR &811B
     80FC   D0 D7      BNE &80D5
.PrintBCDSPL
     80FE   20 46 84   JSR &8446
.PrintHexSPL
     8101   48         PHA
     8102   20 16 82   JSR &8216
     8105   20 09 81   JSR &8109
     8108   68         PLA
.PrintNibbleSPL
     8109   20 1B 81   JSR &811B
     810C   4C EE FF   JMP &FFEE
.Print2SpacesSPL
     810F   20 12 81   JSR &8112
.PrintSpaceSPL
     8112   48         PHA
     8113   A9 20      LDA #&20
     8115   20 EE FF   JSR &FFEE
     8118   68         PLA
     8119   18         CLC
     811A   60         RTS
.NibToASC
     811B   29 0F      AND #&0F
     811D   C9 0A      CMP #&0A
     811F   90 02      BCC &8123
     8121   69 06      ADC #&06
.nibasc
     8123   69 30      ADC #&30
     8125   60         RTS
.CopyVarsB0BA
     8126   20 36 81   JSR &8136
     8129   CA         DEX
     812A   CA         DEX
     812B   20 2E 81   JSR &812E
.cpybyte1
     812E   B1 B0      LDA (&B0),Y
     8130   9D 72 C2   STA &C272,X
     8133   E8         INX
     8134   C8         INY
     8135   60         RTS
.CopyWordB0BA
     8136   20 39 81   JSR &8139
.cpybyte2
     8139   B1 B0      LDA (&B0),Y
     813B   95 BA      STA &BA,X
     813D   E8         INX
     813E   C8         INY
     813F   60         RTS
.read_fspTextPointer
     8140   20 D1 8B   JSR &8BD1
     8143   4C 56 81   JMP &8156
.read_fspBA_reset
     8146   20 D1 8B   JSR &8BD1
.read_fspBA
     8149   A5 BA      LDA &BA
     814B   85 F2      STA &F2
     814D   A5 BB      LDA &BB
     814F   85 F3      STA &F3
     8151   A0 00      LDY #&00
     8153   20 B7 81   JSR &81B7
.rdafsp_entry
     8156   A2 20      LDX #&20
     8158   20 9C 81   JSR &819C
     815B   B0 1B      BCS &8178
     815D   8D 00 C2   STA &C200
     8160   C9 2E      CMP #&2E
     8162   D0 04      BNE &8168
.rdafsp_setdrv
     8164   86 CC      STX &CC
     8166   F0 EE      BEQ &8156
.rdafsp_notdot
     8168   C9 3A      CMP #&3A
     816A   D0 15      BNE &8181
     816C   20 E6 8B   JSR &8BE6
     816F   20 9C 81   JSR &819C
     8172   B0 04      BCS &8178
     8174   C9 2E      CMP #&2E
     8176   F0 DE      BEQ &8156
.errBadName
     8178   20 4F 80   JSR &804F
     817B   CC
     817C   6E 61 6D ...
     8180   00
.rdafsp_notcolon
     8181   AA         TAX
     8182   20 9C 81   JSR &819C
     8185   B0 34      BCS &81BB
     8187   C9 2E      CMP #&2E
     8189   F0 D9      BEQ &8164
     818B   A2 01      LDX #&01
.rdafsp_rdfnloop
     818D   9D 00 C2   STA &C200,X
     8190   E8         INX
     8191   20 9C 81   JSR &819C
     8194   B0 27      BCS &81BD
     8196   E0 07      CPX #&07
     8198   D0 F3      BNE &818D
     819A   F0 DC      BEQ &8178
.GSREAD_A
     819C   20 C5 FF   JSR &FFC5
     819F   08         PHP
     81A0   29 7F      AND #&7F
     81A2   C9 0D      CMP #&0D
     81A4   F0 08      BEQ &81AE
     81A6   C9 20      CMP #&20
     81A8   90 CE      BCC &8178
     81AA   C9 7F      CMP #&7F
     81AC   F0 CA      BEQ &8178
.dogsrd_exit
     81AE   28         PLP
     81AF   60         RTS
.SetTextPointerYX
     81B0   86 F2      STX &F2
     81B2   84 F3      STY &F3
     81B4   A0 00      LDY #&00
     81B6   60         RTS
.GSINIT_A
     81B7   18         CLC
     81B8   4C C2 FF   JMP &FFC2
.Rdafsp_padall
     81BB   A2 01      LDX #&01
.rdafsp_padX
     81BD   A9 20      LDA #&20
.rdafsp_padloop
     81BF   9D 00 C2   STA &C200,X
     81C2   E8         INX
     81C3   E0 40      CPX #&40
     81C5   D0 F8      BNE &81BF
     81C7   A2 06      LDX #&06
.rdafsp_cpyfnloop
     81C9   BD 00 C2   LDA &C200,X
     81CC   95 C5      STA &C5,X
     81CE   CA         DEX
     81CF   10 F8      BPL &81C9
     81D1   60         RTS
.prt_filename_Yoffset
     81D2   20 EA 83   JSR &83EA
     81D5   B9 0F C0   LDA &C00F,Y
     81D8   08         PHP
     81D9   29 7F      AND #&7F
     81DB   D0 05      BNE &81E2
     81DD   20 0F 81   JSR &810F
     81E0   F0 06      BEQ &81E8
.prt_filename_prtchr
     81E2   20 D5 80   JSR &80D5
     81E5   20 D3 80   JSR &80D3
.prt_filename_nodir
     81E8   A2 06      LDX #&06
.prt_filename_loop
     81EA   B9 08 C0   LDA &C008,Y
     81ED   29 7F      AND #&7F
     81EF   20 D5 80   JSR &80D5
     81F2   C8         INY
     81F3   CA         DEX
     81F4   10 F4      BPL &81EA
     81F6   20 0F 81   JSR &810F
     81F9   A9 20      LDA #&20
     81FB   28         PLP
     81FC   10 02      BPL &8200
     81FE   A9 4C      LDA #&4C
.prt_filename_notlocked
     8200   20 D5 80   JSR &80D5
     8203   A0 01      LDY #&01
.prt_Yspaces
     8205   20 12 81   JSR &8112
     8208   88         DEY
     8209   D0 FA      BNE &8205
     820B   60         RTS
.A_rorx6and3
     820C   4A         LSR A
     820D   4A         LSR A
.A_rorx4and3
     820E   4A         LSR A
     820F   4A         LSR A
.A_rorx2and3
     8210   4A         LSR A
     8211   4A         LSR A
     8212   29 03      AND #&03
     8214   60         RTS
.A_rorx5
     8215   4A         LSR A
.A_rorx4
     8216   4A         LSR A
     8217   4A         LSR A
     8218   4A         LSR A
     8219   4A         LSR A
     821A   60         RTS
.A_rolx5
     821B   0A         ASL A
.A_rolx4
     821C   0A         ASL A
     821D   0A         ASL A
     821E   0A         ASL A
     821F   0A         ASL A
.getcat_exit
     8220   60         RTS
.parameter_afsp_Param_SyntaxErrorIfNull_getcatentry_fspTxtP
     8221   20 78 93   JSR &9378
.Param_SyntaxErrorIfNull_getcatentry_fspTxtP
     8224   20 16 9B   JSR &9B16
.getcatentry_fspTxtP
     8227   20 40 81   JSR &8140
     822A   30 03      BMI &822F
.getcatentry_fspBA
     822C   20 46 81   JSR &8146
.getcatentry
     822F   20 74 82   JSR &8274
     8232   B0 EC      BCS &8220
.err_FILENOTFOUND
     8234   20 69 80   JSR &8069
     8237   D6
     8238   4E 6F 74 ...
     8241   00
.fscv9_starEX
     8242   20 B0 81   JSR &81B0
.CMD_EX
     8245   20 D1 8B   JSR &8BD1
     8248   20 B7 81   JSR &81B7
     824B   F0 03      BEQ &8250
     824D   20 97 89   JSR &8997
.cmd_ex_nullstr
     8250   A9 2A      LDA #&2A
     8252   8D 00 C2   STA &C200
     8255   20 BB 81   JSR &81BB
     8258   20 78 93   JSR &9378
     825B   20 2F 82   JSR &822F
     825E   4C 6B 82   JMP &826B
.fscv10_starINFO
     8261   20 B0 81   JSR &81B0
     8264   A9 4E      LDA #&4E
     8266   85 BF      STA &BF
.CMD_INFO
     8268   20 21 82   JSR &8221
.cmd_info_loop
     826B   20 40 83   JSR &8340
     826E   20 7B 82   JSR &827B
     8271   B0 F8      BCS &826B
     8273   60         RTS
.get_cat_firstentry80
.get_cat_firstentry81
     8274   20 DC A5   JSR &A5DC
     8277   A2 00      LDX #&00
     8279   F0 18      BEQ &8293
.get_cat_nextentry
     827B   A2 00      LDX #&00
     827D   F0 18      BEQ &8297
.get_cat_firstentry80fname
     827F   A2 06      LDX #&06
.getcatloop1
     8281   B5 C5      LDA &C5,X
     8283   9D 58 C2   STA &C258,X
     8286   CA         DEX
     8287   10 F8      BPL &8281
     8289   A9 20      LDA #&20
     828B   8D 5F C2   STA &C25F
     828E   20 DC A5   JSR &A5DC
     8291   A2 58      LDX #&58
.getcatentry2
     8293   A9 00      LDA #&00
     8295   85 B6      STA &B6
.getcatsetupB7
     8297   A9 C0      LDA #&C0
     8299   85 B7      STA &B7
.getcatloop2
     829B   A0 00      LDY #&00
     829D   A5 B6      LDA &B6
     829F   CD 05 C1   CMP &C105
     82A2   B0 49      BCS &82ED
     82A4   69 08      ADC #&08
     82A6   85 B6      STA &B6
     82A8   20 C2 82   JSR &82C2
     82AB   90 EE      BCC &829B
     82AD   A5 CC      LDA &CC
     82AF   A0 07      LDY #&07
     82B1   20 EF 82   JSR &82EF
     82B4   D0 E5      BNE &829B
     82B6   A4 B6      LDY &B6
     82B8   38         SEC
.Y_sub8
     82B9   88         DEY
     82BA   88         DEY
     82BB   88         DEY
     82BC   88         DEY
     82BD   88         DEY
     82BE   88         DEY
     82BF   88         DEY
     82C0   88         DEY
.NotCmdTable2
     82C1   60         RTS
.MatchFilename
     82C2   20 EA 83   JSR &83EA
.matfn_loop1
     82C5   BD 00 C2   LDA &C200,X
     82C8   CD CE C2   CMP &C2CE
     82CB   D0 13      BNE &82E0
     82CD   E8         INX
.matfn_loop2
     82CE   20 C2 82   JSR &82C2
     82D1   B0 1B      BCS &82EE
     82D3   C8         INY
     82D4   C0 07      CPY #&07
     82D6   90 F6      BCC &82CE
.matfn_loop3
     82D8   BD 00 C2   LDA &C200,X
     82DB   C9 20      CMP #&20
     82DD   D0 0E      BNE &82ED
     82DF   60         RTS
.matfn_nomatch
     82E0   C0 07      CPY #&07
     82E2   B0 F4      BCS &82D8
     82E4   20 EF 82   JSR &82EF
     82E7   D0 04      BNE &82ED
     82E9   E8         INX
     82EA   C8         INY
     82EB   D0 D8      BNE &82C5
.matfn_exitC0
     82ED   18         CLC
.matfn_exit
     82EE   60         RTS
.MatchChr
     82EF   CD CE C2   CMP &C2CE
     82F2   F0 10      BEQ &8304
     82F4   CD CD C2   CMP &C2CD
     82F7   F0 0B      BEQ &8304
     82F9   20 2D 83   JSR &832D
     82FC   51 B6      EOR (&B6),Y
     82FE   B0 02      BCS &8302
     8300   29 5F      AND #&5F
.matchr_notalpha
     8302   29 7F      AND #&7F
.matchr_exit
     8304   60         RTS
.UcaseA2
     8305   08         PHP
     8306   20 2D 83   JSR &832D
     8309   B0 02      BCS &830D
     830B   29 5F      AND #&5F
.ucasea
     830D   29 7F      AND #&7F
     830F   28         PLP
     8310   60         RTS
.DeleteCatEntry_YFileOffset
     8311   20 2D 94   JSR &942D
.delcatloop
     8314   B9 10 C0   LDA &C010,Y
     8317   99 08 C0   STA &C008,Y
     831A   B9 10 C1   LDA &C110,Y
     831D   99 08 C1   STA &C108,Y
     8320   C8         INY
     8321   CC 05 C1   CPY &C105
     8324   90 EE      BCC &8314
     8326   98         TYA
     8327   E9 08      SBC #&08
     8329   8D 05 C1   STA &C105
.print_infoline_exit
     832C   60         RTS
.IsAlphaChar
     832D   48         PHA
     832E   29 5F      AND #&5F
     8330   C9 41      CMP #&41
     8332   90 04      BCC &8338
     8334   C9 5B      CMP #&5B
     8336   90 01      BCC &8339
.isalpha1
     8338   38         SEC
.isalpha2
     8339   68         PLA
     833A   60         RTS
.prt_InfoMsg_Yoffset
     833B   2C C6 C2   BIT &C2C6
     833E   30 EC      BMI &832C
.prt_InfoLine_Yoffset
     8340   20 EA 83   JSR &83EA
     8343   20 D2 81   JSR &81D2
     8346   98         TYA
     8347   48         PHA
     8348   A9 60      LDA #&60
     834A   85 B0      STA &B0
     834C   A9 C2      LDA #&C2
     834E   85 B1      STA &B1
     8350   20 8B 83   JSR &838B
     8353   A0 02      LDY #&02
     8355   20 12 81   JSR &8112
     8358   20 79 83   JSR &8379
     835B   20 79 83   JSR &8379
     835E   20 79 83   JSR &8379
     8361   68         PLA
     8362   A8         TAY
     8363   B9 0E C1   LDA &C10E,Y
     8366   29 03      AND #&03
     8368   20 F9 80   JSR &80F9
     836B   B9 0F C1   LDA &C10F,Y
     836E   20 F1 80   JSR &80F1
.PrintNewLine
     8371   48         PHA
     8372   A9 0D      LDA #&0D
     8374   20 D5 80   JSR &80D5
     8377   68         PLA
     8378   60         RTS
.PrintHex3Byte
     8379   A2 03      LDX #&03
.printhex3byte_loop
     837B   B9 62 C2   LDA &C262,Y
     837E   20 F1 80   JSR &80F1
     8381   88         DEY
     8382   CA         DEX
     8383   D0 F6      BNE &837B
     8385   20 13 88   JSR &8813
     8388   4C 12 81   JMP &8112
.ReadFileAttribsToB0_Yoffset
     838B   20 EA 83   JSR &83EA
     838E   98         TYA
     838F   48         PHA
     8390   AA         TAX
     8391   A0 12      LDY #&12
     8393   A9 00      LDA #&00
.readfileattribs_clearloop
     8395   88         DEY
     8396   91 B0      STA (&B0),Y
     8398   C0 02      CPY #&02
     839A   D0 F9      BNE &8395
.readfileattribs_copyloop
     839C   20 D6 83   JSR &83D6
     839F   C8         INY
     83A0   C8         INY
     83A1   C0 0E      CPY #&0E
     83A3   D0 F7      BNE &839C
     83A5   68         PLA
     83A6   AA         TAX
     83A7   BD 0F C0   LDA &C00F,X
     83AA   10 04      BPL &83B0
     83AC   A9 08      LDA #&08
     83AE   91 B0      STA (&B0),Y
.readfileattribs_notlocked
     83B0   BD 0E C1   LDA &C10E,X
     83B3   A0 04      LDY #&04
     83B5   20 C4 83   JSR &83C4
     83B8   A0 0C      LDY #&0C
     83BA   4A         LSR A
     83BB   4A         LSR A
     83BC   48         PHA
     83BD   29 03      AND #&03
     83BF   91 B0      STA (&B0),Y
     83C1   68         PLA
     83C2   A0 08      LDY #&08
.readfileattribs_addrHiBytes
     83C4   4A         LSR A
     83C5   4A         LSR A
     83C6   48         PHA
     83C7   29 03      AND #&03
     83C9   C9 03      CMP #&03
     83CB   D0 05      BNE &83D2
     83CD   A9 FF      LDA #&FF
     83CF   91 B0      STA (&B0),Y
     83D1   C8         INY
.readfileattribs_nothost
     83D2   91 B0      STA (&B0),Y
.readfileattribs_exits
     83D4   68         PLA
     83D5   60         RTS
.readfileattribs_copy2bytes
     83D6   20 D9 83   JSR &83D9
.readfileattribs_copy1byte
     83D9   BD 08 C1   LDA &C108,X
     83DC   91 B0      STA (&B0),Y
     83DE   E8         INX
     83DF   C8         INY
     83E0   60         RTS
.inc_word_AE_and_load
     83E1   E6 AE      INC &AE
     83E3   D0 02      BNE &83E7
     83E5   E6 AF      INC &AF
.inc_word_AE_exit
     83E7   B1 AE      LDA (&AE),Y
     83E9   60         RTS
.RememberAXY
     83EA   48         PHA
     83EB   8A         TXA
     83EC   48         PHA
     83ED   98         TYA
     83EE   48         PHA
     83EF   A9 84      LDA #&84
     83F1   48         PHA
     83F2   A9 0C      LDA #&0C
     83F4   48         PHA
.rAXY_loop_init
     83F5   A0 05      LDY #&05
.rAXY_loop
     83F7   BA         TSX
     83F8   BD 07 01   LDA &0107,X
     83FB   48         PHA
     83FC   88         DEY
     83FD   D0 F8      BNE &83F7
     83FF   A0 0A      LDY #&0A
.rAXY_loop2
     8401   BD 09 01   LDA &0109,X
     8404   9D 0B 01   STA &010B,X
     8407   CA         DEX
     8408   88         DEY
     8409   D0 F6      BNE &8401
     840B   68         PLA
     840C   68         PLA
.rAXY_restore
     840D   68         PLA
     840E   A8         TAY
     840F   68         PLA
     8410   AA         TAX
     8411   68         PLA
     8412   60         RTS
.RememberXYonly
     8413   48         PHA
     8414   8A         TXA
     8415   48         PHA
     8416   98         TYA
     8417   48         PHA
     8418   20 F5 83   JSR &83F5
.axyret1
     841B   BA         TSX
     841C   9D 03 01   STA &0103,X
     841F   4C 0D 84   JMP &840D
.DecNo_BIN2BCD
     8422   F8         SED
     8423   A9 00      LDA #&00
     8425   85 B5      STA &B5
     8427   85 B6      STA &B6
     8429   A2 10      LDX #&10
.loop
     842B   26 B8      ROL &B8
     842D   26 B9      ROL &B9
     842F   08         PHP
     8430   A5 B5      LDA &B5
     8432   65 B5      ADC &B5
     8434   85 B5      STA &B5
     8436   A5 B6      LDA &B6
     8438   65 B6      ADC &B6
     843A   85 B6      STA &B6
     843C   28         PLP
     843D   CA         DEX
     843E   D0 EB      BNE &842B
     8440   26 B8      ROL &B8
     8442   26 B9      ROL &B9
     8444   D8         CLD
     8445   60         RTS
.BinaryToBCD
     8446   20 13 84   JSR &8413
     8449   A8         TAY
     844A   F0 0A      BEQ &8456
     844C   18         CLC
     844D   F8         SED
     844E   A9 00      LDA #&00
.bbcd_loop
     8450   69 01      ADC #&01
     8452   88         DEY
     8453   D0 FB      BNE &8450
     8455   D8         CLD
.bbcd_exit
     8456   60         RTS
.Param_ReadNum
     8457   98         TYA
     8458   48         PHA
     8459   A9 00      LDA #&00
     845B   85 B0      STA &B0
     845D   85 B1      STA &B1
     845F   20 B7 81   JSR &81B7
     8462   F0 4B      BEQ &84AF
     8464   C9 22      CMP #&22
     8466   F0 47      BEQ &84AF
     8468   20 C5 FF   JSR &FFC5
     846B   B0 42      BCS &84AF
.rnloop
     846D   E9 2F      SBC #&2F
     846F   30 3E      BMI &84AF
     8471   C9 0A      CMP #&0A
     8473   B0 3A      BCS &84AF
     8475   48         PHA
     8476   A5 B0      LDA &B0
     8478   0A         ASL A
     8479   48         PHA
     847A   26 B1      ROL &B1
     847C   A6 B1      LDX &B1
     847E   0A         ASL A
     847F   26 B1      ROL &B1
     8481   0A         ASL A
     8482   26 B1      ROL &B1
     8484   85 B0      STA &B0
     8486   68         PLA
     8487   65 B0      ADC &B0
     8489   85 B0      STA &B0
     848B   8A         TXA
     848C   65 B1      ADC &B1
     848E   AA         TAX
     848F   68         PLA
     8490   65 B0      ADC &B0
     8492   85 B0      STA &B0
     8494   8A         TXA
     8495   69 00      ADC #&00
     8497   85 B1      STA &B1
     8499   C9 20      CMP #&20
     849B   B0 12      BCS &84AF
     849D   20 C5 FF   JSR &FFC5
     84A0   90 CB      BCC &846D
     84A2   A2 B0      LDX #&B0
     84A4   20 04 A5   JSR &A504
     84A7   B0 06      BCS &84AF
     84A9   A6 B0      LDX &B0
     84AB   68         PLA
     84AC   A5 B1      LDA &B1
     84AE   60         RTS
.rnnotval
     84AF   68         PLA
     84B0   A8         TAY
     84B1   A9 00      LDA #&00
     84B3   AA         TAX
     84B4   38         SEC
     84B5   60         RTS
.fscv5_starCAT
     84B6   20 B0 81   JSR &81B0
     84B9   20 DE 8B   JSR &8BDE
     84BC   20 EA A5   JSR &A5EA
     84BF   A0 FF      LDY #&FF
     84C1   84 A8      STY &A8
     84C3   C8         INY
     84C4   84 AA      STY &AA
.cat_titleloop
     84C6   B9 00 C0   LDA &C000,Y
     84C9   C0 08      CPY #&08
     84CB   90 03      BCC &84D0
     84CD   B9 F8 C0   LDA &C0F8,Y
.cat_titlelo
     84D0   20 D5 80   JSR &80D5
     84D3   C8         INY
     84D4   C0 0C      CPY #&0C
     84D6   D0 EE      BNE &84C6
     84D8   20 96 80   JSR &8096
     84DB   20 28 
     84DD   A6 CD      LDX &CD
     84DF   20 D9 AE   JSR &AED9
     84E2   20 96 80   JSR &8096
     84E5   29 
     84E6   0D
     84E7   44 72 69 ...
     84ED   A5 CD      LDA &CD
     84EF   20 F9 80   JSR &80F9
     84F2   A0 0D      LDY #&0D
     84F4   20 05 82   JSR &8205
     84F7   20 96 80   JSR &8096
     84FA   4F 70 74 ...
     8501   AD 06 C1   LDA &C106
     8504   20 16 82   JSR &8216
     8507   48         PHA
     8508   20 93 80   JSR &8093
     850B   20 28 
     850D   A0 03      LDY #&03
     850F   68         PLA
     8510   0A         ASL A
     8511   0A         ASL A
     8512   AA         TAX
.cat_printoptionnameloop
     8513   BD FF 85   LDA &85FF,X
     8516   20 D5 80   JSR &80D5
     8519   E8         INX
     851A   88         DEY
     851B   10 F6      BPL &8513
     851D   20 96 80   JSR &8096
     8520   29 
     8521   0D
     8522   44 69 72 ...
     8528   AD CA C2   LDA &C2CA
     852B   20 D0 80   JSR &80D0
     852E   AD C9 C2   LDA &C2C9
     8531   20 D5 80   JSR &80D5
     8534   A0 0B      LDY #&0B
     8536   20 05 82   JSR &8205
     8539   20 96 80   JSR &8096
     853C   4C 69 62 ...
     8542   AD CC C2   LDA &C2CC
     8545   20 D0 80   JSR &80D0
     8548   AD CB C2   LDA &C2CB
     854B   20 D5 80   JSR &80D5
     854E   20 71 83   JSR &8371
     8551   A0 00      LDY #&00
.cat_curdirloop
     8553   CC 05 C1   CPY &C105
     8556   B0 17      BCS &856F
     8558   B9 0F C0   LDA &C00F,Y
     855B   4D C9 C2   EOR &C2C9
     855E   29 5F      AND #&5F
     8560   D0 08      BNE &856A
     8562   B9 0F C0   LDA &C00F,Y
     8565   29 80      AND #&80
     8567   99 0F C0   STA &C00F,Y
.cat_curdirnext
     856A   20 12 88   JSR &8812
     856D   90 E4      BCC &8553
.cat_sortloop1
     856F   A0 00      LDY #&00
     8571   20 81 85   JSR &8581
     8574   90 16      BCC &858C
     8576   A9 FF      LDA #&FF
     8578   8D 82 C2   STA &C282
     857B   4C 71 83   JMP &8371
.cat_getnextunmarkedfile_loop
     857E   20 12 88   JSR &8812
.cat_getnextunmarkedfileY
     8581   CC 05 C1   CPY &C105
     8584   B0 05      BCS &858B
     8586   B9 08 C0   LDA &C008,Y
     8589   30 F3      BMI &857E
.cat_exit
     858B   60         RTS
.cat_printfilename
     858C   84 AB      STY &AB
     858E   A2 00      LDX #&00
.cat_copyfnloop
     8590   B9 08 C0   LDA &C008,Y
     8593   20 05 83   JSR &8305
     8596   9D 60 C2   STA &C260,X
     8599   C8         INY
     859A   E8         INX
     859B   E0 08      CPX #&08
     859D   D0 F1      BNE &8590
.cat_comparefnloop1
     859F   20 81 85   JSR &8581
     85A2   B0 23      BCS &85C7
     85A4   38         SEC
     85A5   A2 06      LDX #&06
.cat_comparefnloop2
     85A7   B9 0E C0   LDA &C00E,Y
     85AA   20 05 83   JSR &8305
     85AD   FD 60 C2   SBC &C260,X
     85B0   88         DEY
     85B1   CA         DEX
     85B2   10 F3      BPL &85A7
     85B4   20 13 88   JSR &8813
     85B7   B9 0F C0   LDA &C00F,Y
     85BA   20 05 83   JSR &8305
     85BD   ED 67 C2   SBC &C267
     85C0   90 CA      BCC &858C
     85C2   20 12 88   JSR &8812
     85C5   B0 D8      BCS &859F
.cat_printfn
     85C7   A4 AB      LDY &AB
     85C9   B9 08 C0   LDA &C008,Y
     85CC   09 80      ORA #&80
     85CE   99 08 C0   STA &C008,Y
     85D1   AD 67 C2   LDA &C267
     85D4   C5 AA      CMP &AA
     85D6   F0 10      BEQ &85E8
     85D8   A6 AA      LDX &AA
     85DA   85 AA      STA &AA
     85DC   D0 0A      BNE &85E8
     85DE   20 71 83   JSR &8371
.cat_newline
     85E1   20 71 83   JSR &8371
     85E4   A0 FF      LDY #&FF
     85E6   D0 09      BNE &85F1
.cat_samedir
     85E8   A4 A8      LDY &A8
     85EA   D0 F5      BNE &85E1
     85EC   A0 05      LDY #&05
     85EE   20 05 82   JSR &8205
.cat_skipspaces
     85F1   C8         INY
     85F2   84 A8      STY &A8
     85F4   A4 AB      LDY &AB
     85F6   20 0F 81   JSR &810F
     85F9   20 D2 81   JSR &81D2
     85FC   4C 6F 85   JMP &856F
.diskoptions_table
     85FF   6F 66 66 
     8602   00
     8603   4C 4F 41 ...
     8607   52 55 4E 
     860A   00
     860B   45 58 45 ...
.cmdtable1
     860F   FF
     8610   41 43 43 ...
     8616   B2
     8617   42 41 43 ...
     861D   8C
     861E   43 4C 4F ...
     8623   80
     8624   43 4F 4D ...
     862B   85
     862C   43 4F 50 ...
     8630   AC
     8631   44 45 4C ...
     8637   88
     8638   44 45 53 ...
     863F   82
     8640   44 49 52 
     8643   86
     8644   44 52 49 ...
     8649   81
     864A   45 4E 41 ...
     8650   80
     8651   45 58 
     8653   86
     8654   46 4F 52 ...
     8658   DF
     8659   46 52 45 ...
     865D   84
.info_cmd_index
     865E   49 4E 46 ...
     8662   82
     8663   4C 49 42 
     8666   86
     8667   4D 41 50 
     866A   84
     866B   52 45 4E ...
     8671   8D
     8672   54 49 54 ...
     8677   8A
     8678   56 45 52 ...
     867E   85
     867F   57 49 50 ...
     8683   82
     8684   00         BRK
.cmdtable2
.cmdtable22
     8685   14
     8686   44 49 53 ...
     868A   80
     868B   44 49 53 ...
     868F   80
     8690   4D 4D 46 ...
     8694   80
     8695   43 41 52 ...
     8699   80
     869A   00         BRK
.cmdtable3
     869B   19
     869C   44 55 54 ...
     86A2   80
     86A3   4D 4D 46 ...
     86A7   80
     86A8   00         BRK
.cmdtable4
     86A9   1C
     86AA   42 41 53 ...
     86AE   8B
     86AF   42 4F 4F ...
     86B3   87
     86B4   43 41 54 
     86B7   8E
     86B8   44 52 49 ...
     86BD   84
     86BE   46 52 45 ...
     86C2   80
     86C3   49 4E 
     86C5   F4
     86C6   4F 4E 42 ...
     86CC   F4
     86CD   4F 50 
     86CF   C9
     86D0   4F 55 54 
     86D3   84
     86D4   52 45 43 ...
     86D9   80
     86DA   41 42 4F ...
     86DF   80
     86E0   00         BRK
.cmdaddr1
     86E1   F2 89
     86E3   A3 9D
     86E5   13 95
     86E7   44 9C
     86E9   0B 9E
     86EB   C6 87
     86ED   D5 87
     86EF   4D 89
     86F1   25 88
     86F3   99 8B
     86F5   44 82
     86F7   0F 1F
     86F9   66 A0
     86FB   67 82
     86FD   51 89
     86FF   69 A0
     8701   7A 8C
     8703   C0 89
     8705   0B 1F
     8707   9D 87
     8709   32 87
.cmdaddr2
.cmdaddr22
     870B   3A 8D
     870D   3A 8D
     870F   3A 8D
     8711   3A 8D
     8713   E9 8E
.cmdaddr3
     8715   02 9B
     8717   C3 9A
     8719   09 9B
.cmdaddr4
     871B   2A 2F
     871D   82 2F
     871F   A6 2F
     8721   99 30
     8723   38 30
     8725   94 2F
     8727   84 30
     8729   8F 31
     872B   9A 2F
     872D   B1 2D
     872F   18 AF
     8731   8A 88
.cmdaddrX
.NotCmdTable1
     8733   A2 9A      LDX #&9A
     8735   20 B7 81   JSR &81B7
     8738   B1 F2      LDA (&F2),Y
     873A   C8         INY
     873B   09 20      ORA #&20
     873D   C9 64      CMP #&64
     873F   F0 09      BEQ &874A
     8741   88         DEY
     8742   4C 8B 88   JMP &888B
.fscv3_unreccommand
     8745   20 B0 81   JSR &81B0
     8748   A2 00      LDX #&00
.UnrecCommandTextPointer
     874A   BD 0F 86   LDA &860F,X
     874D   85 BE      STA &BE
     874F   98         TYA
     8750   48         PHA
.unrecloop1
     8751   E6 BE      INC &BE
     8753   68         PLA
     8754   48         PHA
     8755   A8         TAY
     8756   20 B7 81   JSR &81B7
     8759   E8         INX
     875A   BD 0F 86   LDA &860F,X
     875D   F0 28      BEQ &8787
     875F   CA         DEX
     8760   88         DEY
     8761   86 BF      STX &BF
.unrecloop2
     8763   E8         INX
     8764   C8         INY
     8765   BD 0F 86   LDA &860F,X
     8768   30 16      BMI &8780
.unrecloop2in
     876A   51 F2      EOR (&F2),Y
     876C   29 5F      AND #&5F
     876E   F0 F3      BEQ &8763
     8770   CA         DEX
.unrecloop3
     8771   E8         INX
     8772   BD 0F 86   LDA &860F,X
     8775   10 FA      BPL &8771
     8777   B1 F2      LDA (&F2),Y
     8779   C9 2E      CMP #&2E
     877B   D0 D4      BNE &8751
     877D   C8         INY
     877E   B0 07      BCS &8787
.endofcmd_oncmdline
     8780   B1 F2      LDA (&F2),Y
     8782   20 2D 83   JSR &832D
     8785   90 CA      BCC &8751
.gocmdcode
     8787   68         PLA
     8788   A5 BE      LDA &BE
     878A   0A         ASL A
     878B   AA         TAX
     878C   BD E2 86   LDA &86E2,X
     878F   10 06      BPL &8797
.gocmdcode2
     8791   48         PHA
     8792   BD E1 86   LDA &86E1,X
     8795   48         PHA
     8796   60         RTS
.dommcinit
     8797   20 FF AC   JSR &ACFF
     879A   09 80      ORA #&80
     879C   D0 F3      BNE &8791
.CMD_WIPE
     879E   20 21 82   JSR &8221
.wipeloop
     87A1   B9 0F C0   LDA &C00F,Y
     87A4   30 1B      BMI &87C1
     87A6   20 D2 81   JSR &81D2
     87A9   20 62 9D   JSR &9D62
     87AC   D0 13      BNE &87C1
     87AE   A6 B6      LDX &B6
     87B0   20 4C 95   JSR &954C
     87B3   86 B6      STX &B6
     87B5   20 1B 88   JSR &881B
     87B8   84 AB      STY &AB
     87BA   20 F8 A5   JSR &A5F8
     87BD   A5 AB      LDA &AB
     87BF   85 B6      STA &B6
.wipenext
     87C1   20 7B 82   JSR &827B
     87C4   B0 DB      BCS &87A1
     87C6   60         RTS
.CMD_DELETE
     87C7   20 6F 93   JSR &936F
     87CA   20 24 82   JSR &8224
     87CD   20 3B 83   JSR &833B
     87D0   20 11 83   JSR &8311
     87D3   4C F8 A5   JMP &A5F8
.CMD_DESTROY
     87D6   20 13 9D   JSR &9D13
     87D9   20 21 82   JSR &8221
.destroyloop1
     87DC   B9 0F C0   LDA &C00F,Y
     87DF   30 06      BMI &87E7
     87E1   20 D2 81   JSR &81D2
     87E4   20 71 83   JSR &8371
.destroylocked1
     87E7   20 7B 82   JSR &827B
     87EA   B0 F0      BCS &87DC
     87EC   20 6A 9D   JSR &9D6A
     87EF   D0 29      BNE &881A
     87F1   20 4C 95   JSR &954C
     87F4   20 74 82   JSR &8274
.destroyloop2
     87F7   B9 0F C0   LDA &C00F,Y
     87FA   30 03      BMI &87FF
     87FC   20 1B 88   JSR &881B
.destroylocked2
     87FF   20 7B 82   JSR &827B
     8802   B0 F3      BCS &87F7
     8804   20 F8 A5   JSR &A5F8
.msgDELETED
     8807   20 96 80   JSR &8096
     880A   44 65 6C ...
     8811   0D
.Y_add8
     8812   C8         INY
.Y_add7
     8813   C8         INY
     8814   C8         INY
     8815   C8         INY
     8816   C8         INY
     8817   C8         INY
     8818   C8         INY
     8819   C8         INY
.Y_rts
     881A   60         RTS
.DeleteCatEntry_AdjustPtr
     881B   20 11 83   JSR &8311
     881E   A4 B6      LDY &B6
     8820   20 B9 82   JSR &82B9
     8823   84 B6      STY &B6
     8825   60         RTS
.CMD_DRIVE
     8826   20 E3 8B   JSR &8BE3
     8829   8D CA C2   STA &C2CA
     882C   60         RTS
.osfileFF_loadfiletoaddr
     882D   20 2C 82   JSR &822C
     8830   20 4F 94   JSR &944F
     8833   20 8B 83   JSR &838B
.LoadFile_Ycatoffset
     8836   84 BA      STY &BA
     8838   A2 00      LDX #&00
     883A   A5 BE      LDA &BE
     883C   D0 06      BNE &8844
     883E   C8         INY
     883F   C8         INY
     8840   A2 02      LDX #&02
     8842   D0 08      BNE &884C
.loadAtLoadAddr
     8844   B9 0E C1   LDA &C10E,Y
     8847   85 C2      STA &C2
     8849   20 A0 8B   JSR &8BA0
.load_copyfileinfo_loop
     884C   B9 08 C1   LDA &C108,Y
     884F   95 BC      STA &BC,X
     8851   C8         INY
     8852   E8         INX
     8853   E0 08      CPX #&08
     8855   D0 F5      BNE &884C
     8857   20 BA 8B   JSR &8BBA
     885A   A4 BA      LDY &BA
     885C   20 3B 83   JSR &833B
.LoadMemBlockEX
.LoadMemBlock
     885F   20 81 A5   JSR &A581
.readblock
     8862   20 6C AB   JSR &AB6C
.rwblkexit
     8865   AD 9E C2   LDA &C29E
     8868   F0 03      BEQ &886D
     886A   20 E7 8C   JSR &8CE7
.rwblknottube
     886D   20 8B AD   JSR &AD8B
     8870   A9 01      LDA #&01
     8872   60         RTS
.osfile0_savememblock
     8873   20 85 8A   JSR &8A85
     8876   20 4F 94   JSR &944F
     8879   20 8B 83   JSR &838B
.SaveMemBlock
     887C   20 81 A5   JSR &A581
     887F   20 A7 A4   JSR &A4A7
     8882   20 15 AC   JSR &AC15
     8885   4C 65 88   JMP &8865
.fscv2_4_11_starRUN
     8888   20 B0 81   JSR &81B0
.NotCmdTable4
.SetWordBA_txtptr
     888B   A9 FF      LDA #&FF
     888D   85 BE      STA &BE
     888F   A5 F2      LDA &F2
     8891   85 BA      STA &BA
     8893   A5 F3      LDA &F3
     8895   85 BB      STA &BB
     8897   8C DA C2   STY &C2DA
     889A   20 46 81   JSR &8146
     889D   8C D9 C2   STY &C2D9
     88A0   20 74 82   JSR &8274
     88A3   B0 21      BCS &88C6
     88A5   AC DA C2   LDY &C2DA
     88A8   AD CB C2   LDA &C2CB
     88AB   85 CC      STA &CC
     88AD   AD CC C2   LDA &C2CC
     88B0   85 CD      STA &CD
     88B2   20 49 81   JSR &8149
     88B5   20 74 82   JSR &8274
     88B8   B0 0C      BCS &88C6
.errBADCOMMAND
     88BA   20 4F 80   JSR &804F
     88BD   FE
     88BE   63 6F 6D ...
     88C5   00
.runfile_found
     88C6   B9 0E C1   LDA &C10E,Y
     88C9   20 0C 82   JSR &820C
     88CC   C9 03      CMP #&03
     88CE   D0 42      BNE &8912
     88D0   B9 0A C1   LDA &C10A,Y
     88D3   39 0B C1   AND &C10B,Y
     88D6   C9 FF      CMP #&FF
     88D8   D0 38      BNE &8912
     88DA   A2 06      LDX #&06
.runfile_exec_loop
     88DC   BD 00 C2   LDA &C200,X
     88DF   9D 07 C2   STA &C207,X
     88E2   CA         DEX
     88E3   10 F7      BPL &88DC
     88E5   A9 0D      LDA #&0D
     88E7   8D 0E C2   STA &C20E
     88EA   A9 45      LDA #&45
     88EC   8D 00 C2   STA &C200
     88EF   A9 3A      LDA #&3A
     88F1   8D 02 C2   STA &C202
     88F4   A5 CD      LDA &CD
     88F6   09 30      ORA #&30
     88F8   8D 03 C2   STA &C203
     88FB   A9 2E      LDA #&2E
     88FD   8D 01 C2   STA &C201
     8900   8D 04 C2   STA &C204
     8903   8D 06 C2   STA &C206
     8906   A5 CC      LDA &CC
     8908   8D 05 C2   STA &C205
     890B   A2 00      LDX #&00
     890D   A0 C2      LDY #&C2
     890F   4C F7 FF   JMP &FFF7
.runfile_run
     8912   20 36 88   JSR &8836
     8915   18         CLC
     8916   AD D9 C2   LDA &C2D9
     8919   A8         TAY
     891A   65 F2      ADC &F2
     891C   8D D9 C2   STA &C2D9
     891F   A5 F3      LDA &F3
     8921   69 00      ADC #&00
     8923   8D DA C2   STA &C2DA
     8926   AD 76 C2   LDA &C276
     8929   2D 77 C2   AND &C277
     892C   0D D6 C2   ORA &C2D6
     892F   C9 FF      CMP #&FF
     8931   F0 16      BEQ &8949
     8933   A5 BE      LDA &BE
     8935   8D 74 C2   STA &C274
     8938   A5 BF      LDA &BF
     893A   8D 75 C2   STA &C275
     893D   20 D8 8C   JSR &8CD8
     8940   A2 74      LDX #&74
     8942   A0 C2      LDY #&C2
     8944   A9 04      LDA #&04
     8946   4C 06 04   JMP &0406
.runfile_inhost
     8949   A9 01      LDA #&01
     894B   6C BE 00   JMP (&00BE)
.CMD_DIR
     894E   A2 00      LDX #&00
     8950   F0 02      BEQ &8954
.CMD_LIB
     8952   A2 02      LDX #&02
.setdirlib
     8954   20 88 89   JSR &8988
     8957   9D CA C2   STA &C2CA,X
     895A   A5 CC      LDA &CC
     895C   9D C9 C2   STA &C2C9,X
     895F   60         RTS
.SaveStaticToPrivateWorkspace
     8960   20 EA 83   JSR &83EA
     8963   A5 B0      LDA &B0
     8965   48         PHA
     8966   A5 B1      LDA &B1
     8968   48         PHA
     8969   20 87 94   JSR &9487
     896C   A0 00      LDY #&00
.stat_loop1
     896E   C0 C0      CPY #&C0
     8970   90 05      BCC &8977
     8972   B9 00 C2   LDA &C200,Y
     8975   B0 03      BCS &897A
.stat_Y_lessC0
     8977   B9 00 C3   LDA &C300,Y
.stat_Y_gtreqC0
     897A   91 B0      STA (&B0),Y
     897C   C8         INY
     897D   C0 F0      CPY #&F0
     897F   D0 ED      BNE &896E
     8981   68         PLA
     8982   85 B1      STA &B1
     8984   68         PLA
     8985   85 B0      STA &B0
     8987   60         RTS
.ReadDirDrvParameters
     8988   AD C9 C2   LDA &C2C9
     898B   85 CC      STA &CC
     898D   20 B7 81   JSR &81B7
     8990   D0 05      BNE &8997
     8992   A9 00      LDA #&00
     8994   85 CD      STA &CD
     8996   60         RTS
.ReadDirDrvParameters2
     8997   20 D6 8B   JSR &8BD6
.rdd_loop
     899A   20 9C 81   JSR &819C
     899D   B0 10      BCS &89AF
     899F   C9 3A      CMP #&3A
     89A1   D0 14      BNE &89B7
     89A3   20 E6 8B   JSR &8BE6
     89A6   20 9C 81   JSR &819C
     89A9   B0 13      BCS &89BE
     89AB   C9 2E      CMP #&2E
     89AD   F0 EB      BEQ &899A
.errBADDIRECTORY
     89AF   20 4F 80   JSR &804F
     89B2   CE
     89B3   64 69 72 
     89B6   00
.rdd_exit2
     89B7   85 CC      STA &CC
     89B9   20 9C 81   JSR &819C
     89BC   90 F1      BCC &89AF
.rdd_exit1
     89BE   A5 CD      LDA &CD
     89C0   60         RTS
.CMD_TITLE
     89C1   20 16 9B   JSR &9B16
     89C4   20 E4 A5   JSR &A5E4
     89C7   A2 0B      LDX #&0B
     89C9   A9 00      LDA #&00
.cmdtit_loop1
     89CB   20 E4 89   JSR &89E4
     89CE   CA         DEX
     89CF   10 FA      BPL &89CB
.cmdtit_loop2
     89D1   E8         INX
     89D2   20 9C 81   JSR &819C
     89D5   B0 07      BCS &89DE
     89D7   20 E4 89   JSR &89E4
     89DA   E0 0B      CPX #&0B
     89DC   90 F3      BCC &89D1
.cmdtit_savecat
     89DE   20 F8 A5   JSR &A5F8
     89E1   4C FC 9D   JMP &9DFC
.SetDiskTitleChr_Xpos
     89E4   9D 00 C2   STA &C200,X
     89E7   E0 08      CPX #&08
     89E9   90 04      BCC &89EF
     89EB   9D F8 C0   STA &C0F8,X
     89EE   60         RTS
.setdisttit_page
     89EF   9D 00 C0   STA &C000,X
     89F2   60         RTS
.CMD_ACCESS
     89F3   20 78 93   JSR &9378
     89F6   20 16 9B   JSR &9B16
     89F9   20 40 81   JSR &8140
     89FC   A2 00      LDX #&00
     89FE   20 B7 81   JSR &81B7
     8A01   D0 1F      BNE &8A22
.cmdac_flag
     8A03   86 AA      STX &AA
     8A05   20 2F 82   JSR &822F
.cmdac_filefound
     8A08   20 30 94   JSR &9430
     8A0B   B9 0F C0   LDA &C00F,Y
     8A0E   29 7F      AND #&7F
     8A10   05 AA      ORA &AA
     8A12   99 0F C0   STA &C00F,Y
     8A15   20 3B 83   JSR &833B
     8A18   20 7B 82   JSR &827B
     8A1B   B0 EB      BCS &8A08
.jmp_savecattodisk
     8A1D   4C F8 A5   JMP &A5F8
.cmdac_paramloop
     8A20   A2 80      LDX #&80
.cmdac_getparam
     8A22   20 9C 81   JSR &819C
     8A25   B0 DC      BCS &8A03
     8A27   29 5F      AND #&5F
     8A29   C9 4C      CMP #&4C
     8A2B   F0 F3      BEQ &8A20
.errBADATTRIBUTE
     8A2D   20 4F 80   JSR &804F
     8A30   CF
     8A31   61 74 74 ...
     8A3A   00
.fscv0_starOPT
     8A3B   20 EA 83   JSR &83EA
     8A3E   8A         TXA
     8A3F   C9 04      CMP #&04
     8A41   F0 1E      BEQ &8A61
     8A43   C9 05      CMP #&05
     8A45   F0 34      BEQ &8A7B
     8A47   C9 02      CMP #&02
     8A49   90 0B      BCC &8A56
.errBADOPTION
     8A4B   20 4F 80   JSR &804F
     8A4E   CB
     8A4F   6F 70 74 ...
     8A55   00
.opts0_1
     8A56   A2 FF      LDX #&FF
     8A58   98         TYA
     8A59   F0 02      BEQ &8A5D
     8A5B   A2 00      LDX #&00
.opts0_1_Y0
     8A5D   8E C6 C2   STX &C2C6
     8A60   60         RTS
.SetBootOption_Yoption
     8A61   98         TYA
     8A62   48         PHA
     8A63   20 D1 8B   JSR &8BD1
     8A66   20 EA A5   JSR &A5EA
     8A69   68         PLA
     8A6A   20 1C 82   JSR &821C
     8A6D   4D 06 C1   EOR &C106
     8A70   29 30      AND #&30
     8A72   4D 06 C1   EOR &C106
     8A75   8D 06 C1   STA &C106
     8A78   4C F8 A5   JMP &A5F8
.DiskTrapOption
     8A7B   60         RTS
.errDISKFULL
     8A7C   20 44 80   JSR &8044
     8A7F   C6
     8A80   66 75 6C ...
     8A84   00
.CreateFile_FSP
     8A85   20 46 81   JSR &8146
     8A88   20 74 82   JSR &8274
     8A8B   90 03      BCC &8A90
     8A8D   20 11 83   JSR &8311
.createfile_nodel
     8A90   A5 C0      LDA &C0
     8A92   48         PHA
     8A93   A5 C1      LDA &C1
     8A95   48         PHA
     8A96   38         SEC
     8A97   A5 C2      LDA &C2
     8A99   E5 C0      SBC &C0
     8A9B   85 C0      STA &C0
     8A9D   A5 C3      LDA &C3
     8A9F   E5 C1      SBC &C1
     8AA1   85 C1      STA &C1
     8AA3   AD 7A C2   LDA &C27A
     8AA6   ED 78 C2   SBC &C278
     8AA9   20 DA 8A   JSR &8ADA
     8AAC   AD 79 C2   LDA &C279
     8AAF   8D 75 C2   STA &C275
     8AB2   AD 78 C2   LDA &C278
     8AB5   8D 74 C2   STA &C274
     8AB8   68         PLA
     8AB9   85 BD      STA &BD
     8ABB   68         PLA
     8ABC   85 BC      STA &BC
     8ABE   60         RTS
.CreateFile_3
     8ABF   85 CD      STA &CD
     8AC1   A5 CC      LDA &CC
     8AC3   48         PHA
     8AC4   20 E7 A5   JSR &A5E7
     8AC7   20 7F 82   JSR &827F
     8ACA   90 03      BCC &8ACF
     8ACC   20 11 83   JSR &8311
.cd_writedest_cat_nodel
     8ACF   68         PLA
     8AD0   85 CC      STA &CC
     8AD2   20 B7 8B   JSR &8BB7
     8AD5   A5 C2      LDA &C2
     8AD7   20 0E 82   JSR &820E
.CreateFile_2
     8ADA   85 C4      STA &C4
     8ADC   A9 00      LDA #&00
     8ADE   85 C2      STA &C2
     8AE0   A9 02      LDA #&02
     8AE2   85 C3      STA &C3
     8AE4   AC 05 C1   LDY &C105
     8AE7   C0 F8      CPY #&F8
     8AE9   90 31      BCC &8B1C
.errCATALOGUEFULL
     8AEB   20 59 80   JSR &8059
     8AEE   BE
     8AEF   43 61 74 ...
     8AF7   00
.cfile_loop
     8AF8   F0 82      BEQ &8A7C
     8AFA   20 B9 82   JSR &82B9
     8AFD   B9 0E C1   LDA &C10E,Y
     8B00   20 0E 82   JSR &820E
     8B03   85 C2      STA &C2
     8B05   18         CLC
     8B06   A9 FF      LDA #&FF
     8B08   79 0C C1   ADC &C10C,Y
     8B0B   B9 0F C1   LDA &C10F,Y
     8B0E   79 0D C1   ADC &C10D,Y
     8B11   85 C3      STA &C3
     8B13   B9 0E C1   LDA &C10E,Y
     8B16   29 03      AND #&03
     8B18   65 C2      ADC &C2
     8B1A   85 C2      STA &C2
.Getfirstblock_Yoffset
     8B1C   38         SEC
     8B1D   B9 07 C1   LDA &C107,Y
     8B20   E5 C3      SBC &C3
     8B22   48         PHA
     8B23   B9 06 C1   LDA &C106,Y
     8B26   29 03      AND #&03
     8B28   E5 C2      SBC &C2
     8B2A   AA         TAX
     8B2B   A9 00      LDA #&00
     8B2D   C5 C0      CMP &C0
     8B2F   68         PLA
     8B30   E5 C1      SBC &C1
     8B32   8A         TXA
     8B33   E5 C4      SBC &C4
     8B35   98         TYA
     8B36   90 C0      BCC &8AF8
     8B38   84 B0      STY &B0
     8B3A   AC 05 C1   LDY &C105
.cfile_insertfileloop
     8B3D   C4 B0      CPY &B0
     8B3F   F0 0F      BEQ &8B50
     8B41   B9 07 C0   LDA &C007,Y
     8B44   99 0F C0   STA &C00F,Y
     8B47   B9 07 C1   LDA &C107,Y
     8B4A   99 0F C1   STA &C10F,Y
     8B4D   88         DEY
     8B4E   B0 ED      BCS &8B3D
.cfile_atcatentry
     8B50   AD 76 C2   LDA &C276
     8B53   29 03      AND #&03
     8B55   0A         ASL A
     8B56   0A         ASL A
     8B57   45 C4      EOR &C4
     8B59   29 FC      AND #&FC
     8B5B   45 C4      EOR &C4
     8B5D   0A         ASL A
     8B5E   0A         ASL A
     8B5F   4D 74 C2   EOR &C274
     8B62   29 FC      AND #&FC
     8B64   4D 74 C2   EOR &C274
     8B67   0A         ASL A
     8B68   0A         ASL A
     8B69   45 C2      EOR &C2
     8B6B   29 FC      AND #&FC
     8B6D   45 C2      EOR &C2
     8B6F   85 C2      STA &C2
     8B71   A2 00      LDX #&00
     8B73   98         TYA
     8B74   48         PHA
.cfile_copyfnloop
     8B75   B5 C5      LDA &C5,X
     8B77   99 08 C0   STA &C008,Y
     8B7A   B5 BC      LDA &BC,X
     8B7C   99 08 C1   STA &C108,Y
     8B7F   C8         INY
     8B80   E8         INX
     8B81   E0 08      CPX #&08
     8B83   D0 F0      BNE &8B75
     8B85   68         PLA
     8B86   A8         TAY
     8B87   48         PHA
     8B88   20 3B 83   JSR &833B
     8B8B   AC 05 C1   LDY &C105
     8B8E   20 12 88   JSR &8812
     8B91   8C 05 C1   STY &C105
     8B94   20 F8 A5   JSR &A5F8
     8B97   68         PLA
     8B98   A8         TAY
     8B99   60         RTS
.CMD_ENABLE
     8B9A   A9 01      LDA #&01
     8B9C   8D C7 C2   STA &C2C7
     8B9F   60         RTS
.LoadAddrHi2
     8BA0   A9 00      LDA #&00
     8BA2   8D 75 C2   STA &C275
     8BA5   A5 C2      LDA &C2
     8BA7   29 08      AND #&08
     8BA9   8D 74 C2   STA &C274
     8BAC   F0 08      BEQ &8BB6
.SetLoadAddrToHost
     8BAE   A9 FF      LDA #&FF
     8BB0   8D 75 C2   STA &C275
     8BB3   8D 74 C2   STA &C274
.ldadd_nothost
     8BB6   60         RTS
.LoadandEexeAddrHi2
     8BB7   20 A0 8B   JSR &8BA0
.ExecAddrHi2
     8BBA   A9 00      LDA #&00
     8BBC   8D 77 C2   STA &C277
     8BBF   A5 C2      LDA &C2
     8BC1   20 0C 82   JSR &820C
     8BC4   C9 03      CMP #&03
     8BC6   D0 05      BNE &8BCD
     8BC8   A9 FF      LDA #&FF
     8BCA   8D 77 C2   STA &C277
.exadd_nothost
     8BCD   8D 76 C2   STA &C276
     8BD0   60         RTS
.Set_CurDirDrv_ToDefaults
     8BD1   AD C9 C2   LDA &C2C9
     8BD4   85 CC      STA &CC
.Set_CurDrv_ToDefault
     8BD6   AD CA C2   LDA &C2CA
.SetCurrentDrive_Adrive
     8BD9   29 03      AND #&03
.SetCurrentDrive_Adrive_noand
     8BDB   85 CD      STA &CD
     8BDD   60         RTS
.Param_OptionalDriveNo
     8BDE   20 B7 81   JSR &81B7
     8BE1   F0 F3      BEQ &8BD6
.Param_DriveNo_Syntax
     8BE3   20 16 9B   JSR &9B16
.Param_DriveNo_BadDrive
     8BE6   20 9C 81   JSR &819C
     8BE9   B0 0B      BCS &8BF6
     8BEB   C9 3A      CMP #&3A
     8BED   F0 F7      BEQ &8BE6
     8BEF   38         SEC
     8BF0   E9 30      SBC #&30
     8BF2   C9 04      CMP #&04
     8BF4   90 E5      BCC &8BDB
.errBADDRIVE
     8BF6   20 4F 80   JSR &804F
     8BF9   CD
     8BFA   64 72 69 ...
     8BFF   00
.jmpSYNTAX
     8C00   4C 22 9B   JMP &9B22
.errDISKNOTFOUND
     8C03   20 44 80   JSR &8044
     8C06   D6
     8C07   6E 6F 74 ...
     8C10   00
.Param_DriveAndDisk
     8C11   20 16 9B   JSR &9B16
     8C14   C9 22      CMP #&22
     8C16   D0 01      BNE &8C19
     8C18   88         DEY
.param_nq1
     8C19   84 B4      STY &B4
     8C1B   20 9C 81   JSR &819C
     8C1E   C9 3A      CMP #&3A
     8C20   D0 05      BNE &8C27
     8C22   20 E6 8B   JSR &8BE6
     8C25   90 20      BCC &8C47
.param_dad
     8C27   A4 B4      LDY &B4
     8C29   20 D6 8B   JSR &8BD6
     8C2C   20 57 84   JSR &8457
     8C2F   B0 29      BCS &8C5A
     8C31   20 B7 81   JSR &81B7
     8C34   F0 1B      BEQ &8C51
     8C36   C9 22      CMP #&22
     8C38   D0 01      BNE &8C3B
     8C3A   88         DEY
.param_nq2
     8C3B   A5 B1      LDA &B1
     8C3D   D0 B7      BNE &8BF6
     8C3F   A5 B0      LDA &B0
     8C41   C9 04      CMP #&04
     8C43   B0 B1      BCS &8BF6
     8C45   85 CD      STA &CD
.Param_Disk
     8C47   20 57 84   JSR &8457
     8C4A   B0 0E      BCS &8C5A
     8C4C   20 B7 81   JSR &81B7
     8C4F   D0 AF      BNE &8C00
.gdnodrv
     8C51   A5 B1      LDA &B1
     8C53   85 B9      STA &B9
     8C55   A5 B0      LDA &B0
     8C57   85 B8      STA &B8
.gddfound
     8C59   60         RTS
.gddfind
     8C5A   20 05 AE   JSR &AE05
     8C5D   A2 00      LDX #&00
     8C5F   20 3D A7   JSR &A73D
     8C62   AD 0D C2   LDA &C20D
     8C65   F0 99      BEQ &8C00
     8C67   AD 0E C2   LDA &C20E
     8C6A   D0 94      BNE &8C00
.gddlp
     8C6C   A5 B9      LDA &B9
     8C6E   30 93      BMI &8C03
     8C70   20 54 AE   JSR &AE54
     8C73   90 E4      BCC &8C59
     8C75   20 7A A7   JSR &A77A
     8C78   4C 6C 8C   JMP &8C6C
.CMD_RENAME
     8C7B   20 6F 93   JSR &936F
     8C7E   20 16 9B   JSR &9B16
     8C81   20 40 81   JSR &8140
     8C84   98         TYA
     8C85   48         PHA
     8C86   20 2F 82   JSR &822F
     8C89   20 2D 94   JSR &942D
     8C8C   84 C4      STY &C4
     8C8E   68         PLA
     8C8F   A8         TAY
     8C90   20 16 9B   JSR &9B16
     8C93   A5 CD      LDA &CD
     8C95   48         PHA
     8C96   20 40 81   JSR &8140
     8C99   68         PLA
     8C9A   C5 CD      CMP &CD
     8C9C   D0 14      BNE &8CB2
     8C9E   20 74 82   JSR &8274
     8CA1   90 12      BCC &8CB5
     8CA3   C4 C4      CPY &C4
     8CA5   F0 0E      BEQ &8CB5
.errFILEEXISTS
     8CA7   20 59 80   JSR &8059
     8CAA   C4
     8CAB   45 78 69 ...
     8CB1   00
.jmpBADDRIVE
     8CB2   4C F6 8B   JMP &8BF6
.rname_ok
     8CB5   A4 C4      LDY &C4
     8CB7   20 12 88   JSR &8812
     8CBA   A2 07      LDX #&07
.rname_loop
     8CBC   B5 C5      LDA &C5,X
     8CBE   99 07 C0   STA &C007,Y
     8CC1   88         DEY
     8CC2   CA         DEX
     8CC3   10 F7      BPL &8CBC
     8CC5   4C F8 A5   JMP &A5F8
.TUBE_CheckIfPresent
     8CC8   A9 EA      LDA #&EA
     8CCA   A2 00      LDX #&00
     8CCC   A0 FF      LDY #&FF
     8CCE   20 F4 FF   JSR &FFF4
     8CD1   8A         TXA
     8CD2   49 FF      EOR #&FF
     8CD4   8D D6 C2   STA &C2D6
     8CD7   60         RTS
.TUBE_CLAIM
     8CD8   48         PHA
.tclaim_loop
     8CD9   A9 CA      LDA #&CA
     8CDB   20 06 04   JSR &0406
     8CDE   90 F9      BCC &8CD9
     8CE0   68         PLA
     8CE1   60         RTS
.TUBE_RELEASE
     8CE2   20 C8 8C   JSR &8CC8
     8CE5   30 07      BMI &8CEE
.TUBE_RELEASE_NoCheck
     8CE7   48         PHA
     8CE8   A9 8A      LDA #&8A
     8CEA   20 06 04   JSR &0406
     8CED   68         PLA
.trelease_exit
     8CEE   60         RTS
.CheckESCAPE
     8CEF   24 FF      BIT &FF
     8CF1   10 1F      BPL &8D12
.ReportESCAPE
     8CF3   A9 7E      LDA #&7E
     8CF5   20 F4 FF   JSR &FFF4
     8CF8   20 69 80   JSR &8069
     8CFB   11
     8CFC   45 73 63 ...
     8D02   00
.PrintHex100
     8D03   48         PHA
     8D04   20 16 82   JSR &8216
     8D07   20 0B 8D   JSR &8D0B
     8D0A   68         PLA
.PrintNib100
     8D0B   20 1B 81   JSR &811B
     8D0E   99 00 01   STA &0100,Y
     8D11   C8         INY
.noesc
     8D12   60         RTS
.BootOptions
     8D13   4C 2E 21 ...
     8D1A   0D
     8D1B   45 2E 21 ...
     8D22   0D
.AUTOBOOT
     8D23   A2 00      LDX #&00
.bootprloop
     8D25   BD 09 80   LDA &8009,X
     8D28   F0 06      BEQ &8D30
     8D2A   20 EE FF   JSR &FFEE
     8D2D   E8         INX
     8D2E   D0 F5      BNE &8D25
.bootprexit
     8D30   20 E7 FF   JSR &FFE7
     8D33   20 E7 FF   JSR &FFE7
     8D36   A5 B3      LDA &B3
     8D38   4C 3D 8D   JMP &8D3D
.CMD_DISC
.CMD_CARD
     8D3B   A9 FF      LDA #&FF
.initMMFS
     8D3D   20 34 97   JSR &9734
     8D40   48         PHA
     8D41   A9 06      LDA #&06
     8D43   20 2F 80   JSR &802F
     8D46   A2 0D      LDX #&0D
.vectloop
     8D48   BD 9A 94   LDA &949A,X
     8D4B   9D 12 02   STA &0212,X
     8D4E   CA         DEX
     8D4F   10 F7      BPL &8D48
     8D51   A9 A8      LDA #&A8
     8D53   20 93 94   JSR &9493
     8D56   84 B1      STY &B1
     8D58   86 B0      STX &B0
     8D5A   A2 07      LDX #&07
     8D5C   A0 1B      LDY #&1B
.extendedvec_loop
     8D5E   B9 8D 94   LDA &948D,Y
     8D61   91 B0      STA (&B0),Y
     8D63   C8         INY
     8D64   B9 8D 94   LDA &948D,Y
     8D67   91 B0      STA (&B0),Y
     8D69   C8         INY
     8D6A   A5 F4      LDA &F4
     8D6C   91 B0      STA (&B0),Y
     8D6E   C8         INY
     8D6F   CA         DEX
     8D70   D0 EC      BNE &8D5E
     8D72   8C 82 C2   STY &C282
     8D75   8C 83 C2   STY &C283
     8D78   86 CD      STX &CD
     8D7A   8E 9F C2   STX &C29F
     8D7D   A2 0F      LDX #&0F
     8D7F   A9 8F      LDA #&8F
     8D81   20 F4 FF   JSR &FFF4
     8D84   20 87 94   JSR &9487
     8D87   A0 D3      LDY #&D3
     8D89   B1 B0      LDA (&B0),Y
     8D8B   10 37      BPL &8DC4
     8D8D   A0 D4      LDY #&D4
     8D8F   B1 B0      LDA (&B0),Y
     8D91   30 56      BMI &8DE9
     8D93   20 70 94   JSR &9470
     8D96   A0 00      LDY #&00
.copyfromPWStoSWS_loop
     8D98   B1 B0      LDA (&B0),Y
     8D9A   C0 C0      CPY #&C0
     8D9C   90 05      BCC &8DA3
     8D9E   99 00 C2   STA &C200,Y
     8DA1   B0 03      BCS &8DA6
.copyfromPWS1
     8DA3   99 00 C3   STA &C300,Y
.copyfromPWS2
     8DA6   88         DEY
     8DA7   D0 EF      BNE &8D98
     8DA9   20 EA A3   JSR &A3EA
     8DAC   CD EF C2   CMP &C2EF
     8DAF   D0 16      BNE &8DC7
     8DB1   A9 A0      LDA #&A0
.setchansloop
     8DB3   A8         TAY
     8DB4   48         PHA
     8DB5   A9 3F      LDA #&3F
     8DB7   20 E0 98   JSR &98E0
     8DBA   68         PLA
     8DBB   99 1D C3   STA &C31D,Y
     8DBE   E9 1F      SBC #&1F
     8DC0   D0 F1      BNE &8DB3
     8DC2   F0 25      BEQ &8DE9
.initdfs_reset
     8DC4   20 70 94   JSR &9470
.setdefaults
     8DC7   A9 24      LDA #&24
     8DC9   8D C9 C2   STA &C2C9
     8DCC   8D CB C2   STA &C2CB
     8DCF   A9 00      LDA #&00
     8DD1   8D CC C2   STA &C2CC
     8DD4   A0 00      LDY #&00
     8DD6   8C CA C2   STY &C2CA
     8DD9   8C C0 C2   STY &C2C0
     8DDC   88         DEY
     8DDD   8C C7 C2   STY &C2C7
     8DE0   8C C6 C2   STY &C2C6
     8DE3   8C DD C2   STY &C2DD
     8DE6   20 0E 8E   JSR &8E0E
.initdfs_noreset
     8DE9   20 C8 8C   JSR &8CC8
     8DEC   68         PLA
     8DED   D0 0B      BNE &8DFA
     8DEF   20 EA A5   JSR &A5EA
     8DF2   AD 06 C1   LDA &C106
     8DF5   20 16 82   JSR &8216
     8DF8   D0 01      BNE &8DFB
.initdfs_exit
     8DFA   60         RTS
.notOPT0
     8DFB   A0 8D      LDY #&8D
     8DFD   A2 13      LDX #&13
     8DFF   C9 02      CMP #&02
     8E01   90 08      BCC &8E0B
     8E03   F0 04      BEQ &8E09
     8E05   A2 1B      LDX #&1B
     8E07   D0 02      BNE &8E0B
.oscliOPT2
     8E09   A2 1D      LDX #&1D
.jmpOSCLI
     8E0B   4C F7 FF   JMP &FFF7
.VIDRESET
     8E0E   A0 10      LDY #&10
     8E10   A9 00      LDA #&00
.loop
     8E12   99 DF C2   STA &C2DF,Y
     8E15   88         DEY
     8E16   10 FA      BPL &8E12
     8E18   A9 01      LDA #&01
     8E1A   8D EF C2   STA &C2EF
     8E1D   60         RTS
.MMFS_SERVICECALLS
     8E1E   3C F0 0D   BIT &0DF0,X
     8E21   10 03      BPL &8E26
     8E23   70 03      BVS &8E28
.lbl1
     8E25   60         RTS
.lbl2
     8E26   70 FD      BVS &8E25
.lbl3
     8E28   C9 12      CMP #&12
     8E2A   F0 49      BEQ &8E75
     8E2C   C9 0B      CMP #&0B
     8E2E   90 0A      BCC &8E3A
     8E30   C9 28      CMP #&28
     8E32   B0 1A      BCS &8E4E
     8E34   C9 21      CMP #&21
     8E36   90 16      BCC &8E4E
     8E38   E9 16      SBC #&16
.label4
     8E3A   0A         ASL A
     8E3B   AA         TAX
     8E3C   BD 52 8E   LDA &8E52,X
     8E3F   48         PHA
     8E40   BD 51 8E   LDA &8E51,X
     8E43   48         PHA
     8E44   8A         TXA
     8E45   A6 F4      LDX &F4
     8E47   4A         LSR A
     8E48   C9 0B      CMP #&0B
     8E4A   90 02      BCC &8E4E
     8E4C   69 15      ADC #&15
.label3
.SERVICE_NULL
     8E4E   60         RTS
.romdisabled
     8E4F   68         PLA
     8E50   60         RTS
.data
     8E51   4D 8E
     8E53   4D 8E
     8E55   7E 8E
     8E57   C8 8E
     8E59   E1 8E
     8E5B   4D 8E
     8E5D   4D 8E
     8E5F   4D 8E
     8E61   EA 8E
     8E63   48 8F
     8E65   59 8F
     8E67   7B 8F
     8E69   82 8F
     8E6B   4D 8E
     8E6D   8A 8F
     8E6F   8C 8F
     8E71   4D 8E
     8E73   A7 8F
.SERVICE12_init_filesystem
Macro BP12K_NEST:
End macro BP12K_NEST
     8E75   C0 04      CPY #&04
     8E77   D0 D5      BNE &8E4E
     8E79   20 EA 83   JSR &83EA
     8E7C   4C 3B 8D   JMP &8D3B
.SERVICE02_claim_privworkspace
     8E7F   BD F0 0D   LDA &0DF0,X
     8E82   C9 DC      CMP #&DC
     8E84   90 04      BCC &8E8A
     8E86   98         TYA
     8E87   9D F0 0D   STA &0DF0,X
.cont
     8E8A   5A         PHY
     8E8B   85 B1      STA &B1
     8E8D   BC F0 0D   LDY &0DF0,X
     8E90   9D F0 0D   STA &0DF0,X
     8E93   A9 00      LDA #&00
     8E95   85 B0      STA &B0
     8E97   C4 B1      CPY &B1
     8E99   F0 04      BEQ &8E9F
     8E9B   A0 D3      LDY #&D3
     8E9D   91 B0      STA (&B0),Y
.samepage
     8E9F   A9 FD      LDA #&FD
     8EA1   20 93 94   JSR &9493
     8EA4   CA         DEX
     8EA5   8A         TXA
     8EA6   A0 D3      LDY #&D3
     8EA8   31 B0      AND (&B0),Y
     8EAA   91 B0      STA (&B0),Y
     8EAC   08         PHP
     8EAD   C8         INY
     8EAE   28         PLP
     8EAF   10 07      BPL &8EB8
     8EB1   B1 B0      LDA (&B0),Y
     8EB3   10 03      BPL &8EB8
     8EB5   20 60 89   JSR &8960
.notsoft
     8EB8   A9 00      LDA #&00
     8EBA   91 B0      STA (&B0),Y
     8EBC   A6 F4      LDX &F4
     8EBE   68         PLA
     8EBF   A8         TAY
     8EC0   A9 02      LDA #&02
     8EC2   3C F0 0D   BIT &0DF0,X
     8EC5   30 01      BMI &8EC8
     8EC7   C8         INY
.srv3_exit
     8EC8   60         RTS
.SERVICE03_autoboot
Macro BP12K_NEST:
End macro BP12K_NEST
     8EC9   20 EA 83   JSR &83EA
     8ECC   84 B3      STY &B3
     8ECE   A9 7A      LDA #&7A
     8ED0   20 F4 FF   JSR &FFF4
     8ED3   8A         TXA
     8ED4   30 09      BMI &8EDF
     8ED6   C9 65      CMP #&65
     8ED8   D0 EE      BNE &8EC8
     8EDA   A9 78      LDA #&78
     8EDC   20 F4 FF   JSR &FFF4
.jmpAUTOBOOT
     8EDF   4C 23 8D   JMP &8D23
.SERVICE04_unrec_command
Macro BP12K_NEST:
End macro BP12K_NEST
     8EE2   20 EA 83   JSR &83EA
     8EE5   A2 76      LDX #&76
.jmpunreccmd
     8EE7   4C 4A 87   JMP &874A
.NotCmdTable22
     8EEA   60         RTS
.SERVICE08_unrec_OSWORD
Macro BP12K_NEST:
End macro BP12K_NEST
     8EEB   20 EA 83   JSR &83EA
     8EEE   A4 EF      LDY &EF
     8EF0   30 2F      BMI &8F21
     8EF2   C0 7D      CPY #&7D
     8EF4   90 2B      BCC &8F21
     8EF6   AD 13 02   LDA &0213
     8EF9   C9 FF      CMP #&FF
     8EFB   D0 24      BNE &8F21
     8EFD   AD 12 02   LDA &0212
     8F00   C9 1B      CMP #&1B
     8F02   D0 1D      BNE &8F21
     8F04   AD BC 0D   LDA &0DBC
     8F07   C5 F4      CMP &F4
     8F09   D0 16      BNE &8F21
     8F0B   20 34 97   JSR &9734
     8F0E   A6 F0      LDX &F0
     8F10   86 B0      STX &B0
     8F12   A6 F1      LDX &F1
     8F14   86 B1      STX &B1
     8F16   A4 EF      LDY &EF
     8F18   C8         INY
     8F19   10 07      BPL &8F22
     8F1B   08         PHP
     8F1C   58         CLI
     8F1D   20 BF B1   JSR &B1BF
     8F20   28         PLP
.notMMFS
.exit
     8F21   60         RTS
.notOSWORD7F
     8F22   20 E4 A5   JSR &A5E4
     8F25   C8         INY
     8F26   30 08      BMI &8F30
     8F28   A0 00      LDY #&00
     8F2A   AD 04 C1   LDA &C104
     8F2D   91 B0      STA (&B0),Y
     8F2F   60         RTS
.OSWORD7E
     8F30   A9 00      LDA #&00
     8F32   A8         TAY
     8F33   91 B0      STA (&B0),Y
     8F35   C8         INY
     8F36   AD 07 C1   LDA &C107
     8F39   91 B0      STA (&B0),Y
     8F3B   C8         INY
     8F3C   AD 06 C1   LDA &C106
     8F3F   29 03      AND #&03
     8F41   91 B0      STA (&B0),Y
     8F43   C8         INY
     8F44   A9 00      LDA #&00
     8F46   91 B0      STA (&B0),Y
     8F48   60         RTS
.SERVICE09_help
     8F49   20 EA 83   JSR &83EA
     8F4C   B1 F2      LDA (&F2),Y
     8F4E   A2 8C      LDX #&8C
     8F50   C9 0D      CMP #&0D
     8F52   D0 93      BNE &8EE7
     8F54   98         TYA
     8F55   A0 02      LDY #&02
     8F57   4C C9 9A   JMP &9AC9
.SERVICE0A_claim_statworkspace
     8F5A   20 EA 83   JSR &83EA
     8F5D   20 87 94   JSR &9487
     8F60   A0 D4      LDY #&D4
     8F62   B1 B0      LDA (&B0),Y
     8F64   10 15      BPL &8F7B
     8F66   A0 00      LDY #&00
     8F68   20 20 97   JSR &9720
     8F6B   20 60 89   JSR &8960
     8F6E   20 87 94   JSR &9487
     8F71   A0 D4      LDY #&D4
     8F73   A9 00      LDA #&00
     8F75   91 B0      STA (&B0),Y
     8F77   BA         TSX
     8F78   9D 05 01   STA &0105,X
.exit
     8F7B   60         RTS
.SERVICE21_ClaimHiddenSWS
     8F7C   C0 CA      CPY #&CA
     8F7E   B0 02      BCS &8F82
     8F80   A0 CA      LDY #&CA
.ok
     8F82   60         RTS
.SERVICE22_ClaimHiddenPWS
     8F83   98         TYA
     8F84   9D F0 0D   STA &0DF0,X
     8F87   A9 22      LDA #&22
     8F89   C8         INY
     8F8A   60         RTS
.SERVICE24_RequiredPWS
     8F8B   88         DEY
     8F8C   60         RTS
.SERVICE25_fs_info
     8F8D   A2 0A      LDX #&0A
.srv25_loop
     8F8F   BD 9D 8F   LDA &8F9D,X
     8F92   91 F2      STA (&F2),Y
     8F94   C8         INY
     8F95   CA         DEX
     8F96   10 F7      BPL &8F8F
     8F98   A9 25      LDA #&25
     8F9A   A6 F4      LDX &F4
     8F9C   60         RTS
.fsinfo
     8F9D   04
     8F9E   15
     8F9F   11
     8FA0   20 20 20 ...
.SERVICE27_Reset
     8FA8   48         PHA
     8FA9   8A         TXA
     8FAA   48         PHA
     8FAB   98         TYA
     8FAC   48         PHA
     8FAD   A9 FD      LDA #&FD
     8FAF   A2 00      LDX #&00
     8FB1   A0 FF      LDY #&FF
     8FB3   20 F4 FF   JSR &FFF4
     8FB6   E0 00      CPX #&00
     8FB8   F0 03      BEQ &8FBD
     8FBA   20 0E 8E   JSR &8E0E
.srv27_softbreak
     8FBD   68         PLA
     8FBE   A8         TAY
     8FBF   68         PLA
     8FC0   AA         TAX
     8FC1   68         PLA
     8FC2   60         RTS
.FILEV_ENTRY
     8FC3   20 13 84   JSR &8413
     8FC6   48         PHA
     8FC7   20 6F 93   JSR &936F
     8FCA   86 B0      STX &B0
     8FCC   8E DB C2   STX &C2DB
     8FCF   84 B1      STY &B1
     8FD1   8C DC C2   STY &C2DC
     8FD4   A2 00      LDX #&00
     8FD6   A0 00      LDY #&00
     8FD8   20 36 81   JSR &8136
.filev_copyparams_loop
     8FDB   20 26 81   JSR &8126
     8FDE   C0 12      CPY #&12
     8FE0   D0 F9      BNE &8FDB
     8FE2   68         PLA
     8FE3   AA         TAX
     8FE4   E8         INX
     8FE5   E0 08      CPX #&08
     8FE7   B0 08      BCS &8FF1
     8FE9   BD DD 94   LDA &94DD,X
     8FEC   48         PHA
     8FED   BD D5 94   LDA &94D5,X
     8FF0   48         PHA
.filev_unknownop
     8FF1   A9 00      LDA #&00
     8FF3   60         RTS
.FSCV_ENTRY
     8FF4   C9 0C      CMP #&0C
     8FF6   B0 F9      BCS &8FF1
     8FF8   86 B5      STX &B5
     8FFA   AA         TAX
     8FFB   BD C9 94   LDA &94C9,X
     8FFE   48         PHA
     8FFF   BD BD 94   LDA &94BD,X
     9002   48         PHA
     9003   8A         TXA
     9004   A6 B5      LDX &B5
     9006   60         RTS
.GBPBV_ENTRY
     9007   C9 09      CMP #&09
     9009   B0 1D      BCS &9028
     900B   20 EA 83   JSR &83EA
     900E   20 34 97   JSR &9734
     9011   8E 7D C2   STX &C27D
     9014   8C 7E C2   STY &C27E
     9017   A8         TAY
     9018   4C C9 91   JMP &91C9
.upgbpb
     901B   20 29 90   JSR &9029
     901E   08         PHP
     901F   2C 81 C2   BIT &C281
     9022   10 03      BPL &9027
     9024   20 E7 8C   JSR &8CE7
.gbpb_nottube
     9027   28         PLP
.gbpbv_unrecop
     9028   60         RTS
.gbpb_gosub
     9029   B9 E5 94   LDA &94E5,Y
     902C   8D D7 C2   STA &C2D7
     902F   B9 EE 94   LDA &94EE,Y
     9032   8D D8 C2   STA &C2D8
     9035   B9 F7 94   LDA &94F7,Y
     9038   4A         LSR A
     9039   08         PHP
     903A   4A         LSR A
     903B   08         PHP
     903C   8D 7F C2   STA &C27F
     903F   A0 0C      LDY #&0C
.gbpb_ctlblk_loop
     9041   B1 B4      LDA (&B4),Y
     9043   99 60 C2   STA &C260,Y
     9046   88         DEY
     9047   10 F8      BPL &9041
     9049   AD 63 C2   LDA &C263
     904C   2D 64 C2   AND &C264
     904F   0D D6 C2   ORA &C2D6
     9052   18         CLC
     9053   69 01      ADC #&01
     9055   F0 06      BEQ &905D
     9057   20 D8 8C   JSR &8CD8
     905A   18         CLC
     905B   A9 FF      LDA #&FF
.gbpb_nottube1
     905D   8D 81 C2   STA &C281
     9060   AD 7F C2   LDA &C27F
     9063   B0 07      BCS &906C
     9065   A2 61      LDX #&61
     9067   A0 C2      LDY #&C2
     9069   20 06 04   JSR &0406
.gbpb_nottube2
     906C   28         PLP
     906D   B0 04      BCS &9073
     906F   28         PLP
.gbpb_jmpsub
     9070   6C D7 C2   JMP (&C2D7)
.gbpb_rw_seqptr
     9073   A2 03      LDX #&03
.gbpb_seqptr_loop1
     9075   BD 69 C2   LDA &C269,X
     9078   95 B6      STA &B6,X
     907A   CA         DEX
     907B   10 F8      BPL &9075
     907D   A2 B6      LDX #&B6
     907F   AC 60 C2   LDY &C260
     9082   A9 00      LDA #&00
     9084   28         PLP
     9085   B0 03      BCS &908A
     9087   20 1A 9A   JSR &9A1A
.gpbp_dontwriteseqptr
     908A   20 7F 97   JSR &977F
     908D   A2 03      LDX #&03
.gbpb_seqptr_loop2
     908F   B5 B6      LDA &B6,X
     9091   9D 69 C2   STA &C269,X
     9094   CA         DEX
     9095   10 F8      BPL &908F
.gbpb_rwdata
     9097   20 67 91   JSR &9167
     909A   30 0D      BMI &90A9
.gbpb_data_loop
     909C   AC 60 C2   LDY &C260
     909F   20 70 90   JSR &9070
     90A2   B0 0D      BCS &90B1
     90A4   A2 09      LDX #&09
     90A6   20 A2 91   JSR &91A2
.gbpb_data_loopin
     90A9   A2 05      LDX #&05
     90AB   20 A2 91   JSR &91A2
     90AE   D0 EC      BNE &909C
     90B0   18         CLC
.gbpb_data_loopout
     90B1   08         PHP
     90B2   20 67 91   JSR &9167
     90B5   A2 05      LDX #&05
     90B7   20 A2 91   JSR &91A2
     90BA   20 75 91   JSR &9175
     90BD   A0 0C      LDY #&0C
.gbpb_restorectlblk_loop
     90BF   B9 60 C2   LDA &C260,Y
     90C2   91 B4      STA (&B4),Y
     90C4   88         DEY
     90C5   10 F8      BPL &90BF
     90C7   28         PLP
     90C8   60         RTS
.gbpb8_rdfilescurdir
     90C9   20 D9 A5   JSR &A5D9
     90CC   A9 D8      LDA #&D8
     90CE   8D D7 C2   STA &C2D7
     90D1   A9 90      LDA #&90
     90D3   8D D8 C2   STA &C2D8
     90D6   D0 BF      BNE &9097
.gbpb8_getbyte
     90D8   AC 69 C2   LDY &C269
.gbpb8_loop
     90DB   CC 05 C1   CPY &C105
     90DE   B0 28      BCS &9108
     90E0   B9 0F C0   LDA &C00F,Y
     90E3   20 2D 83   JSR &832D
     90E6   45 CC      EOR &CC
     90E8   B0 02      BCS &90EC
     90EA   29 DF      AND #&DF
.gbpb8_notalpha
     90EC   29 7F      AND #&7F
     90EE   F0 05      BEQ &90F5
     90F0   20 12 88   JSR &8812
     90F3   D0 E6      BNE &90DB
.gbpb8_filefound
     90F5   A9 07      LDA #&07
     90F7   20 8E 91   JSR &918E
     90FA   85 B0      STA &B0
.gbpb8_copyfn_loop
     90FC   B9 08 C0   LDA &C008,Y
     90FF   20 8E 91   JSR &918E
     9102   C8         INY
     9103   C6 B0      DEC &B0
     9105   D0 F5      BNE &90FC
     9107   18         CLC
.gbpb8_endofcat
     9108   8C 69 C2   STY &C269
     910B   AD 04 C1   LDA &C104
     910E   8D 60 C2   STA &C260
     9111   60         RTS
.gbpb5_getmediatitle
     9112   20 D9 A5   JSR &A5D9
     9115   A9 0C      LDA #&0C
     9117   20 8E 91   JSR &918E
     911A   A0 00      LDY #&00
.gbpb5_titleloop
     911C   C0 08      CPY #&08
     911E   B0 05      BCS &9125
     9120   B9 00 C0   LDA &C000,Y
     9123   90 03      BCC &9128
.gbpb5_titlehi
     9125   B9 F8 C0   LDA &C0F8,Y
.gbpb5_titlelo
     9128   20 8E 91   JSR &918E
     912B   C8         INY
     912C   C0 0C      CPY #&0C
     912E   D0 EC      BNE &911C
     9130   AD 06 C1   LDA &C106
     9133   20 16 82   JSR &8216
     9136   20 8E 91   JSR &918E
     9139   A5 CD      LDA &CD
     913B   4C 8E 91   JMP &918E
.gbpb6_rdcurdirdevice
     913E   20 85 91   JSR &9185
     9141   AD CA C2   LDA &C2CA
     9144   20 80 91   JSR &9180
     9147   AD C9 C2   LDA &C2C9
     914A   D0 42      BNE &918E
.gbpb7_rdcurlibdevice
     914C   20 85 91   JSR &9185
     914F   AD CC C2   LDA &C2CC
     9152   20 80 91   JSR &9180
     9155   AD CB C2   LDA &C2CB
     9158   D0 34      BNE &918E
.gpbp_B8memptr
     915A   AE 61 C2   LDX &C261
     915D   86 B8      STX &B8
     915F   AE 62 C2   LDX &C262
     9162   86 B9      STX &B9
     9164   A2 00      LDX #&00
     9166   60         RTS
.gbpb_bytesxferinvert
     9167   A2 03      LDX #&03
.gbpb_bytesxferinvert_loop
     9169   A9 FF      LDA #&FF
     916B   5D 65 C2   EOR &C265,X
     916E   9D 65 C2   STA &C265,X
     9171   CA         DEX
     9172   10 F5      BPL &9169
     9174   60         RTS
.gbpb_wordB4_word107D
     9175   AD 7D C2   LDA &C27D
     9178   85 B4      STA &B4
     917A   AD 7E C2   LDA &C27E
     917D   85 B5      STA &B5
     917F   60         RTS
.gbpb_gb_SAVEBYTE_and_gbpb_SAVE_01
     9180   09 30      ORA #&30
     9182   20 8E 91   JSR &918E
.gbpb_SAVE_01
     9185   A9 01      LDA #&01
     9187   D0 05      BNE &918E
.gbpb_getbyteSAVEBYTE
     9189   20 8D 98   JSR &988D
     918C   B0 1F      BCS &91AD
.gbpb_gb_SAVEBYTE
     918E   2C 81 C2   BIT &C281
     9191   10 05      BPL &9198
     9193   8D E5 FE   STA &FEE5
     9196   30 05      BMI &919D
.gBpb_gb_fromhost
     9198   20 5A 91   JSR &915A
     919B   81 B8      STA (&B8,X)
.gbpb_incDataPtr
     919D   20 EA 83   JSR &83EA
     91A0   A2 01      LDX #&01
.gbpb_incdblword1060X
     91A2   A0 04      LDY #&04
.gbpb_incdblword_loop
     91A4   FE 60 C2   INC &C260,X
     91A7   D0 04      BNE &91AD
     91A9   E8         INX
     91AA   88         DEY
     91AB   D0 F7      BNE &91A4
.gbpb_incdblworkd_exit
     91AD   60         RTS
.gbpb_putbytes
     91AE   20 B6 91   JSR &91B6
     91B1   20 4A 99   JSR &994A
     91B4   18         CLC
     91B5   60         RTS
.gpbp_pb_LOADBYTE
     91B6   2C 81 C2   BIT &C281
     91B9   10 06      BPL &91C1
     91BB   AD E5 FE   LDA &FEE5
     91BE   4C 9D 91   JMP &919D
.gbpb_pb_fromhost
     91C1   20 5A 91   JSR &915A
     91C4   A1 B8      LDA (&B8,X)
     91C6   4C 9D 91   JMP &919D
.fastgb
     91C9   20 75 91   JSR &9175
     91CC   B9 F7 94   LDA &94F7,Y
     91CF   29 03      AND #&03
     91D1   4A         LSR A
     91D2   F0 4A      BEQ &921E
     91D4   8C 6D C2   STY &C26D
     91D7   A0 0C      LDY #&0C
.copyl0
     91D9   B1 B4      LDA (&B4),Y
     91DB   99 60 C2   STA &C260,Y
     91DE   88         DEY
     91DF   10 F8      BPL &91D9
     91E1   A8         TAY
     91E2   A2 03      LDX #&03
.initl
     91E4   BD 65 C2   LDA &C265,X
     91E7   9D 6E C2   STA &C26E,X
     91EA   CA         DEX
     91EB   10 F7      BPL &91E4
     91ED   AD 69 C2   LDA &C269
     91F0   90 09      BCC &91FB
     91F2   98         TYA
     91F3   20 1B 82   JSR &821B
     91F6   A8         TAY
     91F7   B9 10 C3   LDA &C310,Y
     91FA   18         CLC
.dcptr
     91FB   49 FF      EOR #&FF
     91FD   69 01      ADC #&01
     91FF   A0 FC      LDY #&FC
.hdrext
     9201   99 69 C1   STA &C169,Y
     9204   A9 00      LDA #&00
     9206   C8         INY
     9207   D0 F8      BNE &9201
     9209   20 37 93   JSR &9337
     920C   90 02      BCC &9210
     920E   D0 46      BNE &9256
.trailr
     9210   20 4D 93   JSR &934D
.drain
     9213   A9 60      LDA #&60
     9215   85 B4      STA &B4
     9217   A9 C2      LDA #&C2
     9219   85 B5      STA &B5
     921B   AC 6D C2   LDY &C26D
.chain
     921E   4C 1B 90   JMP &901B
.morfst
     9221   AD 71 C2   LDA &C271
     9224   20 46 93   JSR &9346
     9227   D0 32      BNE &925B
     9229   8D 66 C2   STA &C266
     922C   8D 67 C2   STA &C267
     922F   AD 6E C2   LDA &C26E
     9232   D0 DC      BNE &9210
     9234   18         CLC
.fgbfin
     9235   08         PHP
     9236   20 4D 93   JSR &934D
     9239   28         PLP
     923A   20 75 91   JSR &9175
     923D   A0 0C      LDY #&0C
.retnl
     923F   B9 60 C2   LDA &C260,Y
     9242   91 B4      STA (&B4),Y
     9244   88         DEY
     9245   10 F8      BPL &923F
     9247   60         RTS
.setmax
     9248   8D 67 C2   STA &C267
     924B   0D 66 C2   ORA &C266
     924E   D0 4B      BNE &929B
.throw
     9250   A0 FD      LDY #&FD
     9252   A9 01      LDA #&01
     9254   D0 AB      BNE &9201
.align
     9256   20 13 92   JSR &9213
     9259   B0 DA      BCS &9235
.dofast
     925B   AE 71 C2   LDX &C271
     925E   F0 02      BEQ &9262
     9260   A2 FF      LDX #&FF
.sclamp
     9262   8A         TXA
     9263   0D 70 C2   ORA &C270
     9266   8D 67 C2   STA &C267
     9269   8A         TXA
     926A   0D 6F C2   ORA &C26F
     926D   AA         TAX
     926E   AD C2 C2   LDA &C2C2
     9271   38         SEC
     9272   6D 6D C2   ADC &C26D
     9275   49 04      EOR #&04
     9277   29 E4      AND #&E4
     9279   A8         TAY
     927A   B9 15 C3   LDA &C315,Y
     927D   38         SEC
     927E   ED 6A C2   SBC &C26A
     9281   8D 66 C2   STA &C266
     9284   B9 16 C3   LDA &C316,Y
     9287   ED 6B C2   SBC &C26B
     928A   90 C4      BCC &9250
     928C   CD 67 C2   CMP &C267
     928F   90 B7      BCC &9248
     9291   D0 05      BNE &9298
     9293   EC 66 C2   CPX &C266
     9296   B0 B0      BCS &9248
.sectr0
     9298   8E 66 C2   STX &C266
.sectr1
     929B   AC C2 C2   LDY &C2C2
     929E   20 24 95   JSR &9524
     92A1   20 E8 98   JSR &98E8
     92A4   A9 3F      LDA #&3F
     92A6   99 1D C3   STA &C31D,Y
     92A9   20 E0 98   JSR &98E0
     92AC   AD 61 C2   LDA &C261
     92AF   85 BC      STA &BC
     92B1   AD 62 C2   LDA &C262
     92B4   85 BD      STA &BD
     92B6   AD 63 C2   LDA &C263
     92B9   8D 74 C2   STA &C274
     92BC   AD 64 C2   LDA &C264
     92BF   8D 75 C2   STA &C275
     92C2   B9 0F C3   LDA &C30F,Y
     92C5   18         CLC
     92C6   6D 6A C2   ADC &C26A
     92C9   85 C3      STA &C3
     92CB   B9 0D C3   LDA &C30D,Y
     92CE   6D 6B C2   ADC &C26B
     92D1   29 03      AND #&03
     92D3   85 C2      STA &C2
     92D5   A9 00      LDA #&00
     92D7   85 C0      STA &C0
     92D9   AD 66 C2   LDA &C266
     92DC   85 C1      STA &C1
     92DE   AD 67 C2   LDA &C267
     92E1   20 1C 82   JSR &821C
     92E4   05 C2      ORA &C2
     92E6   85 C2      STA &C2
     92E8   AD 6D C2   LDA &C26D
     92EB   EE DD C2   INC &C2DD
     92EE   20 5D 93   JSR &935D
     92F1   CE DD C2   DEC &C2DD
     92F4   20 37 93   JSR &9337
     92F7   AC 66 C2   LDY &C266
     92FA   98         TYA
     92FB   18         CLC
     92FC   6D 62 C2   ADC &C262
     92FF   8D 62 C2   STA &C262
     9302   AE 67 C2   LDX &C267
     9305   8A         TXA
     9306   6D 63 C2   ADC &C263
     9309   8D 63 C2   STA &C263
     930C   90 03      BCC &9311
     930E   EE 64 C2   INC &C264
.updp
     9311   98         TYA
     9312   AC C2 C2   LDY &C2C2
     9315   18         CLC
     9316   79 11 C3   ADC &C311,Y
     9319   99 11 C3   STA &C311,Y
     931C   8D 6A C2   STA &C26A
     931F   8A         TXA
     9320   79 12 C3   ADC &C312,Y
     9323   99 12 C3   STA &C312,Y
     9326   8D 6B C2   STA &C26B
     9329   98         TYA
     932A   20 8D 9A   JSR &9A8D
     932D   90 05      BCC &9334
     932F   F0 03      BEQ &9334
     9331   20 F8 99   JSR &99F8
.doneit
     9334   4C 21 92   JMP &9221
.subwk
     9337   38         SEC
     9338   A2 FC      LDX #&FC
.subwkl
     933A   BD 72 C1   LDA &C172,X
     933D   FD 69 C1   SBC &C169,X
     9340   9D 72 C1   STA &C172,X
     9343   E8         INX
     9344   D0 F4      BNE &933A
.testl
     9346   0D 70 C2   ORA &C270
     9349   0D 6F C2   ORA &C26F
     934C   60         RTS
.addtol
     934D   18         CLC
     934E   A2 FC      LDX #&FC
.addl
     9350   BD 72 C1   LDA &C172,X
     9353   7D 69 C1   ADC &C169,X
     9356   9D 69 C1   STA &C169,X
     9359   E8         INX
     935A   D0 F4      BNE &9350
     935C   60         RTS
.docmd
     935D   C9 03      CMP #&03
     935F   90 00      BCC &9361
.dowrcmd
     9361   4C 5F 88   JMP &885F
.dordcmd
     9364   4C 7C 88   JMP &887C
.fscv_osabouttoproccmd
     9367   2C C7 C2   BIT &C2C7
     936A   30 03      BMI &936F
     936C   CE C7 C2   DEC &C2C7
.parameter_fsp
     936F   A9 FF      LDA #&FF
     9371   8D CE C2   STA &C2CE
.param_out
     9374   8D CD C2   STA &C2CD
     9377   60         RTS
.parameter_afsp
     9378   A9 2A      LDA #&2A
     937A   8D CE C2   STA &C2CE
     937D   A9 23      LDA #&23
     937F   D0 F3      BNE &9374
.osfile5_rdcatinfo
     9381   20 3B 94   JSR &943B
     9384   20 8B 83   JSR &838B
     9387   A9 01      LDA #&01
     9389   60         RTS
.osfile6_delfile
     938A   20 18 94   JSR &9418
     938D   20 8B 83   JSR &838B
     9390   20 11 83   JSR &8311
     9393   4C BA 93   JMP &93BA
.osfile1_updatecat
     9396   20 3B 94   JSR &943B
     9399   20 C0 93   JSR &93C0
     939C   20 DC 93   JSR &93DC
     939F   50 16      BVC &93B7
.osfile3_wrexecaddr
     93A1   20 3B 94   JSR &943B
     93A4   20 DC 93   JSR &93DC
     93A7   50 11      BVC &93BA
.osfile2_wrloadaddr
     93A9   20 3B 94   JSR &943B
     93AC   20 C0 93   JSR &93C0
     93AF   50 09      BVC &93BA
.osfile4_wrattribs
     93B1   20 3B 94   JSR &943B
     93B4   20 30 94   JSR &9430
.osfile_updatelocksavecat
     93B7   20 FF 93   JSR &93FF
.osfile_savecat_retA_1
     93BA   20 F8 A5   JSR &A5F8
     93BD   A9 01      LDA #&01
     93BF   60         RTS
.osfile_update_loadaddr_Xoffset
     93C0   20 EA 83   JSR &83EA
     93C3   A0 02      LDY #&02
     93C5   B1 B0      LDA (&B0),Y
     93C7   9D 08 C1   STA &C108,X
     93CA   C8         INY
     93CB   B1 B0      LDA (&B0),Y
     93CD   9D 09 C1   STA &C109,X
     93D0   C8         INY
     93D1   B1 B0      LDA (&B0),Y
     93D3   0A         ASL A
     93D4   0A         ASL A
     93D5   5D 0E C1   EOR &C10E,X
     93D8   29 0C      AND #&0C
     93DA   10 1B      BPL &93F7
.osfile_update_execaddr_Xoffset
     93DC   20 EA 83   JSR &83EA
     93DF   A0 06      LDY #&06
     93E1   B1 B0      LDA (&B0),Y
     93E3   9D 0A C1   STA &C10A,X
     93E6   C8         INY
     93E7   B1 B0      LDA (&B0),Y
     93E9   9D 0B C1   STA &C10B,X
     93EC   C8         INY
     93ED   B1 B0      LDA (&B0),Y
     93EF   6A         ROR A
     93F0   6A         ROR A
     93F1   6A         ROR A
     93F2   5D 0E C1   EOR &C10E,X
     93F5   29 C0      AND #&C0
.osfile_savemixedbyte
     93F7   5D 0E C1   EOR &C10E,X
     93FA   9D 0E C1   STA &C10E,X
     93FD   B8         CLV
     93FE   60         RTS
.osfile_updatelock
     93FF   20 EA 83   JSR &83EA
     9402   A0 0E      LDY #&0E
     9404   B1 B0      LDA (&B0),Y
     9406   29 0A      AND #&0A
     9408   F0 02      BEQ &940C
     940A   A9 80      LDA #&80
.osfile_notlocked
     940C   5D 0F C0   EOR &C00F,X
     940F   29 80      AND #&80
     9411   5D 0F C0   EOR &C00F,X
     9414   9D 0F C0   STA &C00F,X
     9417   60         RTS
.CheckFileNotLocked
     9418   20 45 94   JSR &9445
     941B   90 23      BCC &9440
.CheckFileNotLockedY
     941D   B9 0F C0   LDA &C00F,Y
     9420   10 22      BPL &9444
.errFILELOCKED
     9422   20 59 80   JSR &8059
     9425   C3
     9426   4C 6F 63 ...
     942C   00
.CheckFileNotLockedOrOpenY
     942D   20 1D 94   JSR &941D
.CheckFileNotOpenY
     9430   20 EA 83   JSR &83EA
     9433   20 C9 96   JSR &96C9
     9436   90 21      BCC &9459
     9438   4C 2D 96   JMP &962D
.CheckFileExists
     943B   20 45 94   JSR &9445
     943E   B0 19      BCS &9459
.ExitCallingSubroutine
     9440   68         PLA
     9441   68         PLA
     9442   A9 00      LDA #&00
.chklock_exit
     9444   60         RTS
.read_fspBA_findcatentry
     9445   20 46 81   JSR &8146
     9448   20 74 82   JSR &8274
     944B   90 0C      BCC &9459
     944D   98         TYA
     944E   AA         TAX
.SetParamBlockPointerB0
     944F   AD DB C2   LDA &C2DB
     9452   85 B0      STA &B0
     9454   AD DC C2   LDA &C2DC
     9457   85 B1      STA &B1
.checkexit
     9459   60         RTS
.CalcRAM
     945A   A9 83      LDA #&83
     945C   20 F4 FF   JSR &FFF4
     945F   8C CF C2   STY &C2CF
     9462   A9 84      LDA #&84
     9464   20 F4 FF   JSR &FFF4
     9467   98         TYA
     9468   38         SEC
     9469   ED CF C2   SBC &C2CF
     946C   8D D0 C2   STA &C2D0
     946F   60         RTS
.ClaimStaticWorkspace
     9470   A2 0A      LDX #&0A
     9472   A9 8F      LDA #&8F
     9474   20 F4 FF   JSR &FFF4
     9477   20 87 94   JSR &9487
     947A   A0 D3      LDY #&D3
     947C   A9 FF      LDA #&FF
     947E   91 B0      STA (&B0),Y
     9480   8D D3 C2   STA &C2D3
     9483   C8         INY
     9484   91 B0      STA (&B0),Y
     9486   60         RTS
.SetPrivateWorkspacePointerB0
     9487   A9 00      LDA #&00
     9489   85 B0      STA &B0
     948B   A6 F4      LDX &F4
     948D   BD F0 0D   LDA &0DF0,X
     9490   85 B1      STA &B1
     9492   60         RTS
.osbyte_X0YFF
     9493   A2 00      LDX #&00
.osbyte_YFF
     9495   A0 FF      LDY #&FF
     9497   4C F4 FF   JMP &FFF4
.vectors_table
     949A   1B FF
     949C   1E FF
     949E   21 FF
     94A0   24 FF
     94A2   27 FF
     94A4   2A FF
     94A6   2D FF
.extendedvectors_table
     94A8   C3 8F
     94AA   00         BRK
     94AB   41 97
     94AD   00         BRK
     94AE   8D 98
     94B0   00         BRK
     94B1   4A 99
     94B3   00         BRK
     94B4   07 90
     94B6   00         BRK
     94B7   66 95
     94B9   00         BRK
     94BA   F4 8F
     94BC   00         BRK
.fscv_table1
     94BD   3A
     94BE   59
     94BF   87
     94C0   44
     94C1   87
     94C2   B5
     94C3   04
     94C4   FF
     94C5   66
     94C6   41
     94C7   60
     94C8   87
.fscv_table2
     94C9   8A
     94CA   98
     94CB   88
     94CC   87
     94CD   88
     94CE   84
     94CF   95
     94D0   94
     94D1   93
     94D2   82
     94D3   82
     94D4   88
.finv_tablelo
     94D5   2C
     94D6   72
     94D7   95
     94D8   A8
     94D9   A0
     94DA   B0
     94DB   80
     94DC   89
.finv_tablehi
     94DD   88
     94DE   88
     94DF   93
     94E0   93
     94E1   93
     94E2   93
     94E3   93
     94E4   93
.gbpbv_table1
     94E5   C1
     94E6   AE
     94E7   AE
     94E8   89
     94E9   89
     94EA   12
     94EB   3E
     94EC   4C
     94ED   C9
.gbpbv_table2
     94EE   82
     94EF   91
     94F0   91
     94F1   91
     94F2   91
     94F3   91
     94F4   91
     94F5   91
     94F6   90
.gbpbv_table3
     94F7   04
     94F8   02
     94F9   03
     94FA   06
     94FB   07
     94FC   04
     94FD   04
     94FE   04
     94FF   04
.fscv7_hndlrange
     9500   A2 11      LDX #&11
     9502   A0 15      LDY #&15
.closeallfiles_exit
     9504   60         RTS
.fscv6_shutdownfilesys
     9505   20 EA 83   JSR &83EA
     9508   EA         NOP
     9509   20 0F 95   JSR &950F
     950C   4C 5A 8F   JMP &8F5A
.CloseSPOOLEXECfiles
     950F   A9 77      LDA #&77
     9511   4C F4 FF   JMP &FFF4
.CMD_CLOSE
.CloseAllFiles_Osbyte77
     9514   20 0F 95   JSR &950F
.CloseAllFiles
     9517   A9 00      LDA #&00
.closeallfiles_loop
     9519   18         CLC
     951A   69 20      ADC #&20
     951C   F0 E6      BEQ &9504
     951E   A8         TAY
     951F   20 73 95   JSR &9573
     9522   D0 F5      BNE &9519
.Channel_SetDirDrv_GetCatEntry_Yintch
     9524   20 3F 95   JSR &953F
.Channel_GetCatEntry_Yintch
     9527   A2 06      LDX #&06
.chnl_getcatloop
     9529   B9 0C C3   LDA &C30C,Y
     952C   95 C5      STA &C5,X
     952E   88         DEY
     952F   88         DEY
     9530   CA         DEX
     9531   10 F6      BPL &9529
     9533   20 7F 82   JSR &827F
     9536   90 22      BCC &955A
     9538   8C C3 C2   STY &C2C3
     953B   AC C2 C2   LDY &C2C2
.chkdskchangexit
     953E   60         RTS
.Channel_SetDirDrive_Yintch
     953F   B9 0E C3   LDA &C30E,Y
     9542   29 7F      AND #&7F
     9544   85 CC      STA &CC
     9546   B9 17 C3   LDA &C317,Y
     9549   4C D9 8B   JMP &8BD9
.CheckForDiskChange
     954C   20 EA 83   JSR &83EA
     954F   AD 04 C1   LDA &C104
     9552   20 E7 A5   JSR &A5E7
     9555   CD 04 C1   CMP &C104
     9558   F0 E4      BEQ &953E
.errDISKCHANGED
     955A   20 44 80   JSR &8044
     955D   C8
     955E   63 68 61 ...
     9565   00
.FINDV_ENTRY
     9566   29 C0      AND #&C0
     9568   D0 59      BNE &95C3
     956A   20 EA 83   JSR &83EA
.CloseFiles_Yhandle
     956D   98         TYA
     956E   F0 A4      BEQ &9514
     9570   20 6E 98   JSR &986E
.CloseFile_Yintch
     9573   48         PHA
     9574   20 F9 97   JSR &97F9
     9577   B0 45      BCS &95BE
     9579   B9 1B C3   LDA &C31B,Y
     957C   49 FF      EOR #&FF
     957E   2D C0 C2   AND &C2C0
     9581   8D C0 C2   STA &C2C0
     9584   B9 17 C3   LDA &C317,Y
     9587   29 60      AND #&60
     9589   F0 33      BEQ &95BE
     958B   20 24 95   JSR &9524
     958E   B9 17 C3   LDA &C317,Y
     9591   29 20      AND #&20
     9593   F0 26      BEQ &95BB
     9595   AE C3 C2   LDX &C2C3
     9598   B9 14 C3   LDA &C314,Y
     959B   9D 0C C1   STA &C10C,X
     959E   B9 15 C3   LDA &C315,Y
     95A1   9D 0D C1   STA &C10D,X
     95A4   B9 16 C3   LDA &C316,Y
     95A7   20 1C 82   JSR &821C
     95AA   5D 0E C1   EOR &C10E,X
     95AD   29 30      AND #&30
     95AF   5D 0E C1   EOR &C10E,X
     95B2   9D 0E C1   STA &C10E,X
     95B5   20 F8 A5   JSR &A5F8
     95B8   AC C2 C2   LDY &C2C2
.closefile_buftodisk
     95BB   20 E8 98   JSR &98E8
.closefile_exit
     95BE   AE C5 C2   LDX &C2C5
     95C1   68         PLA
     95C2   60         RTS
.findvnot0_openfile
     95C3   20 13 84   JSR &8413
     95C6   86 BA      STX &BA
     95C8   84 BB      STY &BB
     95CA   85 B4      STA &B4
     95CC   24 B4      BIT &B4
     95CE   08         PHP
     95CF   20 46 81   JSR &8146
     95D2   20 6F 93   JSR &936F
     95D5   20 74 82   JSR &8274
     95D8   B0 22      BCS &95FC
     95DA   A9 00      LDA #&00
     95DC   28         PLP
     95DD   50 01      BVC &95E0
     95DF   60         RTS
.findv_createfile
     95E0   08         PHP
     95E1   A2 07      LDX #&07
.findv_loop1
     95E3   95 BC      STA &BC,X
     95E5   9D 74 C2   STA &C274,X
     95E8   CA         DEX
     95E9   10 F8      BPL &95E3
     95EB   C6 BE      DEC &BE
     95ED   C6 BF      DEC &BF
     95EF   CE 76 C2   DEC &C276
     95F2   CE 77 C2   DEC &C277
     95F5   A9 40      LDA #&40
     95F7   85 C3      STA &C3
     95F9   20 85 8A   JSR &8A85
.findv_filefound
     95FC   28         PLP
     95FD   08         PHP
     95FE   70 03      BVS &9603
     9600   20 1D 94   JSR &941D
.findv_readorupdate
     9603   20 C9 96   JSR &96C9
     9606   90 0E      BCC &9616
.findv_loop2
     9608   B9 0C C3   LDA &C30C,Y
     960B   10 20      BPL &962D
     960D   28         PLP
     960E   08         PHP
     960F   30 1C      BMI &962D
     9611   20 C4 96   JSR &96C4
     9614   B0 F2      BCS &9608
.findv_openchannel
     9616   AC C2 C2   LDY &C2C2
     9619   D0 1B      BNE &9636
.errTOOMANYFILESOPEN
     961B   20 59 80   JSR &8059
     961E   C0
     961F   54 6F 6F ...
     962C   00
.errFILEOPEN
     962D   20 59 80   JSR &8059
     9630   C2
     9631   4F 70 65 ...
     9635   00
.SetupChannelInfoBlock_Yintch
     9636   A9 08      LDA #&08
     9638   8D C4 C2   STA &C2C4
.chnlblock_loop1
     963B   BD 08 C0   LDA &C008,X
     963E   99 00 C3   STA &C300,Y
     9641   C8         INY
     9642   BD 08 C1   LDA &C108,X
     9645   99 00 C3   STA &C300,Y
     9648   C8         INY
     9649   E8         INX
     964A   CE C4 C2   DEC &C2C4
     964D   D0 EC      BNE &963B
     964F   A2 10      LDX #&10
     9651   A9 00      LDA #&00
.chnlblock_loop2
     9653   99 00 C3   STA &C300,Y
     9656   C8         INY
     9657   CA         DEX
     9658   D0 F9      BNE &9653
     965A   AD C2 C2   LDA &C2C2
     965D   A8         TAY
     965E   20 15 82   JSR &8215
     9661   69 C3      ADC #&C3
     9663   99 13 C3   STA &C313,Y
     9666   AD C1 C2   LDA &C2C1
     9669   99 1B C3   STA &C31B,Y
     966C   0D C0 C2   ORA &C2C0
     966F   8D C0 C2   STA &C2C0
     9672   B9 09 C3   LDA &C309,Y
     9675   69 FF      ADC #&FF
     9677   B9 0B C3   LDA &C30B,Y
     967A   69 00      ADC #&00
     967C   99 19 C3   STA &C319,Y
     967F   B9 0D C3   LDA &C30D,Y
     9682   09 0F      ORA #&0F
     9684   69 00      ADC #&00
     9686   20 0E 82   JSR &820E
     9689   99 1A C3   STA &C31A,Y
     968C   28         PLP
     968D   50 2E      BVC &96BD
     968F   30 08      BMI &9699
     9691   A9 80      LDA #&80
     9693   19 0C C3   ORA &C30C,Y
     9696   99 0C C3   STA &C30C,Y
.chnlblock_setEXT
     9699   B9 09 C3   LDA &C309,Y
     969C   99 14 C3   STA &C314,Y
     969F   B9 0B C3   LDA &C30B,Y
     96A2   99 15 C3   STA &C315,Y
     96A5   B9 0D C3   LDA &C30D,Y
     96A8   20 0E 82   JSR &820E
     96AB   99 16 C3   STA &C316,Y
.chnlblock_cont
     96AE   A5 CD      LDA &CD
     96B0   19 17 C3   ORA &C317,Y
     96B3   99 17 C3   STA &C317,Y
     96B6   98         TYA
     96B7   20 15 82   JSR &8215
     96BA   09 10      ORA #&10
     96BC   60         RTS
.chnlblock_setBit5
     96BD   A9 20      LDA #&20
     96BF   99 17 C3   STA &C317,Y
     96C2   D0 EA      BNE &96AE
.IsFileOpenContinue
     96C4   8A         TXA
     96C5   48         PHA
     96C6   4C 08 97   JMP &9708
.IsFileOpen_Yoffset
     96C9   A9 00      LDA #&00
     96CB   8D C2 C2   STA &C2C2
     96CE   A9 08      LDA #&08
     96D0   85 B5      STA &B5
     96D2   98         TYA
     96D3   AA         TAX
     96D4   A0 A0      LDY #&A0
.fop_main_loop
     96D6   84 B3      STY &B3
     96D8   8A         TXA
     96D9   48         PHA
     96DA   A9 08      LDA #&08
     96DC   85 B2      STA &B2
     96DE   A5 B5      LDA &B5
     96E0   2C C0 C2   BIT &C2C0
     96E3   F0 1D      BEQ &9702
     96E5   B9 17 C3   LDA &C317,Y
     96E8   45 CD      EOR &CD
     96EA   29 03      AND #&03
     96EC   D0 1A      BNE &9708
.fop_cmpfn_loop
     96EE   BD 08 C0   LDA &C008,X
     96F1   59 00 C3   EOR &C300,Y
     96F4   29 7F      AND #&7F
     96F6   D0 10      BNE &9708
     96F8   E8         INX
     96F9   C8         INY
     96FA   C8         INY
     96FB   C6 B2      DEC &B2
     96FD   D0 EF      BNE &96EE
     96FF   38         SEC
     9700   B0 10      BCS &9712
.fop_channelnotopen
     9702   8C C2 C2   STY &C2C2
     9705   8D C1 C2   STA &C2C1
.fop_nothisfile
     9708   38         SEC
     9709   A5 B3      LDA &B3
     970B   E9 20      SBC #&20
     970D   85 B3      STA &B3
     970F   06 B5      ASL &B5
     9711   18         CLC
.fop_matchifCset
     9712   68         PLA
     9713   AA         TAX
     9714   A4 B3      LDY &B3
     9716   A5 B5      LDA &B5
     9718   B0 02      BCS &971C
     971A   D0 BA      BNE &96D6
.fop_exit
     971C   60         RTS
.ChannelBufferToDisk_Yhandle_A0
     971D   20 34 97   JSR &9734
.ChannelBufferToDisk_Yhandle
     9720   AD C0 C2   LDA &C2C0
     9723   48         PHA
     9724   98         TYA
     9725   D0 05      BNE &972C
     9727   20 17 95   JSR &9517
     972A   F0 03      BEQ &972F
.chbuf1
     972C   20 6D 95   JSR &956D
.chbuf2
     972F   68         PLA
     9730   8D C0 C2   STA &C2C0
     9733   60         RTS
.ReturnWithA0
     9734   48         PHA
     9735   8A         TXA
     9736   48         PHA
     9737   A9 00      LDA #&00
     9739   BA         TSX
     973A   9D 09 01   STA &0109,X
     973D   68         PLA
     973E   AA         TAX
     973F   68         PLA
     9740   60         RTS
.ARGSV_ENTRY
     9741   20 EA 83   JSR &83EA
     9744   C9 FF      CMP #&FF
     9746   F0 D5      BEQ &971D
     9748   C0 00      CPY #&00
     974A   F0 12      BEQ &975E
     974C   C9 04      CMP #&04
     974E   B0 27      BCS &9777
     9750   20 34 97   JSR &9734
     9753   C9 03      CMP #&03
     9755   F0 47      BEQ &979E
     9757   C9 01      CMP #&01
     9759   D0 24      BNE &977F
     975B   4C 1A 9A   JMP &9A1A
.argsv_Y0
     975E   C9 02      CMP #&02
     9760   B0 15      BCS &9777
     9762   20 34 97   JSR &9734
     9765   F0 11      BEQ &9778
     9767   A9 FF      LDA #&FF
     9769   95 02      STA &02,X
     976B   95 03      STA &03,X
     976D   AD D9 C2   LDA &C2D9
     9770   95 00      STA &00,X
     9772   AD DA C2   LDA &C2DA
     9775   95 01      STA &01,X
.argsv_exit
     9777   60         RTS
.argsv_filesysnumber
     9778   A9 04      LDA #&04
     977A   BA         TSX
     977B   9D 05 01   STA &0105,X
     977E   60         RTS
.argsv_rdseqptr_or_filelen
     977F   20 6E 98   JSR &986E
     9782   8C C2 C2   STY &C2C2
     9785   0A         ASL A
     9786   6D C2 C2   ADC &C2C2
     9789   A8         TAY
     978A   B9 10 C3   LDA &C310,Y
     978D   95 00      STA &00,X
     978F   B9 11 C3   LDA &C311,Y
     9792   95 01      STA &01,X
     9794   B9 12 C3   LDA &C312,Y
     9797   95 02      STA &02,X
     9799   A9 00      LDA #&00
     979B   95 03      STA &03,X
     979D   60         RTS
.argsv3
     979E   20 6E 98   JSR &986E
     97A1   20 0A 9A   JSR &9A0A
     97A4   B0 1E      BCS &97C4
     97A6   B9 10 C3   LDA &C310,Y
     97A9   48         PHA
     97AA   B9 11 C3   LDA &C311,Y
     97AD   48         PHA
     97AE   B9 12 C3   LDA &C312,Y
     97B1   48         PHA
     97B2   20 25 9A   JSR &9A25
     97B5   68         PLA
     97B6   99 12 C3   STA &C312,Y
     97B9   68         PLA
     97BA   99 11 C3   STA &C311,Y
     97BD   68         PLA
     97BE   99 10 C3   STA &C310,Y
     97C1   20 63 9A   JSR &9A63
.truncate
     97C4   B9 0C C3   LDA &C30C,Y
     97C7   30 2A      BMI &97F3
     97C9   19 0E C3   ORA &C30E,Y
     97CC   30 28      BMI &97F6
     97CE   A9 20      LDA #&20
     97D0   20 D9 98   JSR &98D9
     97D3   B5 00      LDA &00,X
     97D5   99 14 C3   STA &C314,Y
     97D8   B5 01      LDA &01,X
     97DA   99 15 C3   STA &C315,Y
     97DD   B5 02      LDA &02,X
     97DF   99 16 C3   STA &C316,Y
     97E2   8A         TXA
     97E3   48         PHA
     97E4   20 8C 9A   JSR &9A8C
     97E7   68         PLA
     97E8   AA         TAX
     97E9   90 03      BCC &97EE
     97EB   20 54 9A   JSR &9A54
.dontchangeptr
     97EE   A9 EF      LDA #&EF
     97F0   4C E0 98   JMP &98E0
.filereadonly
     97F3   4C 36 99   JMP &9936
.filelocked
     97F6   4C 22 94   JMP &9422
.IsHndlinUse_Yintch
     97F9   48         PHA
     97FA   8E C5 C2   STX &C2C5
     97FD   98         TYA
     97FE   29 E0      AND #&E0
     9800   8D C2 C2   STA &C2C2
     9803   F0 13      BEQ &9818
     9805   20 15 82   JSR &8215
     9808   A8         TAY
     9809   A9 00      LDA #&00
     980B   38         SEC
.hndlinsue_loop
     980C   6A         ROR A
     980D   88         DEY
     980E   D0 FC      BNE &980C
     9810   AC C2 C2   LDY &C2C2
     9813   2C C0 C2   BIT &C2C0
     9816   D0 01      BNE &9819
.hndlinuse_notused_C1
     9818   38         SEC
.hndlinuse_used_C0
     9819   68         PLA
     981A   60         RTS
.conv_Yhndl_intch_exYintch
     981B   48         PHA
     981C   98         TYA
.conv_hndl_X_entry
     981D   C9 10      CMP #&10
     981F   90 04      BCC &9825
     9821   C9 18      CMP #&18
     9823   90 02      BCC &9827
.conv_hndl10
     9825   A9 08      LDA #&08
.conv_hndl18
     9827   20 1B 82   JSR &821B
     982A   A8         TAY
     982B   68         PLA
     982C   60         RTS
.ClearEXECSPOOLFileHandle
     982D   A9 C6      LDA #&C6
     982F   20 93 94   JSR &9493
     9832   8A         TXA
     9833   F0 09      BEQ &983E
     9835   20 51 98   JSR &9851
     9838   D0 04      BNE &983E
     983A   A9 C6      LDA #&C6
     983C   D0 0C      BNE &984A
.ClearSpoolhandle
     983E   A9 C7      LDA #&C7
     9840   20 93 94   JSR &9493
     9843   20 51 98   JSR &9851
     9846   D0 11      BNE &9859
     9848   A9 C7      LDA #&C7
.osbyte_X0Y0
     984A   A2 00      LDX #&00
     984C   A0 00      LDY #&00
     984E   4C F4 FF   JMP &FFF4
.ConvertXhndl_exYintch
     9851   8A         TXA
     9852   A8         TAY
     9853   20 1B 98   JSR &981B
     9856   CC C2 C2   CPY &C2C2
.clrsplhndl_exit
     9859   60         RTS
.fscv1_EOF_Yhndl
     985A   48         PHA
     985B   98         TYA
     985C   48         PHA
     985D   8A         TXA
     985E   A8         TAY
     985F   20 89 9A   JSR &9A89
     9862   D0 04      BNE &9868
     9864   A2 FF      LDX #&FF
     9866   D0 02      BNE &986A
.eof_NOTEND
     9868   A2 00      LDX #&00
.eof_exit
     986A   68         PLA
     986B   A8         TAY
     986C   68         PLA
.checkchannel_okexit
     986D   60         RTS
.CheckChannel_Yhndl_exYintch
     986E   20 1B 98   JSR &981B
     9871   20 F9 97   JSR &97F9
     9874   90 F7      BCC &986D
     9876   20 2D 98   JSR &982D
.errCHANNEL
     9879   20 59 80   JSR &8059
     987C   DE
     987D   43 68 61 ...
     9884   00
.errEOF
     9885   20 59 80   JSR &8059
     9888   DF
     9889   45 4F 46 
     988C   00
.BGETV_ENTRY
     988D   20 13 84   JSR &8413
     9890   20 89 9A   JSR &9A89
     9893   D0 13      BNE &98A8
     9895   B9 17 C3   LDA &C317,Y
     9898   29 10      AND #&10
     989A   D0 E9      BNE &9885
     989C   A9 10      LDA #&10
     989E   20 D9 98   JSR &98D9
     98A1   AE C5 C2   LDX &C2C5
     98A4   A9 FE      LDA #&FE
     98A6   38         SEC
     98A7   60         RTS
.bg_notEOF
     98A8   B9 17 C3   LDA &C317,Y
     98AB   30 0A      BMI &98B7
     98AD   20 3F 95   JSR &953F
     98B0   20 E8 98   JSR &98E8
     98B3   38         SEC
     98B4   20 F0 98   JSR &98F0
.bg_samesector1
     98B7   20 A5 9A   JSR &9AA5
     98BA   A1 BA      LDA (&BA,X)
     98BC   18         CLC
     98BD   60         RTS
.CalcBufferSectorForPTR
     98BE   18         CLC
     98BF   B9 0F C3   LDA &C30F,Y
     98C2   79 11 C3   ADC &C311,Y
     98C5   85 C3      STA &C3
     98C7   99 1C C3   STA &C31C,Y
     98CA   B9 0D C3   LDA &C30D,Y
     98CD   29 03      AND #&03
     98CF   79 12 C3   ADC &C312,Y
     98D2   85 C2      STA &C2
     98D4   99 1D C3   STA &C31D,Y
.ChannelFlags_SetBit7
     98D7   A9 80      LDA #&80
.ChannelFlags_SetBits
     98D9   19 17 C3   ORA &C317,Y
     98DC   D0 05      BNE &98E3
.ChannelFlags_ClearBit7
     98DE   A9 7F      LDA #&7F
.ChannelFlags_ClearBits
     98E0   39 17 C3   AND &C317,Y
.chnflg_save
     98E3   99 17 C3   STA &C317,Y
     98E6   18         CLC
     98E7   60         RTS
.ChannelBufferToDisk_Yintch
     98E8   B9 17 C3   LDA &C317,Y
     98EB   29 40      AND #&40
     98ED   F0 43      BEQ &9932
     98EF   18         CLC
.ChannelBufferRW_Yintch_C1read
     98F0   EE DD C2   INC &C2DD
     98F3   AC C2 C2   LDY &C2C2
     98F6   B9 13 C3   LDA &C313,Y
     98F9   85 BD      STA &BD
     98FB   A9 FF      LDA #&FF
     98FD   8D 74 C2   STA &C274
     9900   8D 75 C2   STA &C275
     9903   A9 00      LDA #&00
     9905   85 BC      STA &BC
     9907   85 C0      STA &C0
     9909   A9 01      LDA #&01
     990B   85 C1      STA &C1
     990D   B0 17      BCS &9926
     990F   B9 1C C3   LDA &C31C,Y
     9912   85 C3      STA &C3
     9914   B9 1D C3   LDA &C31D,Y
     9917   85 C2      STA &C2
     9919   20 7C 88   JSR &887C
     991C   AC C2 C2   LDY &C2C2
     991F   A9 BF      LDA #&BF
     9921   20 E0 98   JSR &98E0
     9924   90 06      BCC &992C
.chnbuf_read
     9926   20 BE 98   JSR &98BE
     9929   20 5F 88   JSR &885F
.chnbuf_exit
     992C   CE DD C2   DEC &C2DD
     992F   AC C2 C2   LDY &C2C2
.chnbuf_exit2
     9932   60         RTS
.errFILELOCKED2
     9933   4C 22 94   JMP &9422
.errFILEREADONLY
     9936   20 59 80   JSR &8059
     9939   C1
     993A   52 65 61 ...
     9943   00
.bput_Yintchan
     9944   20 EA 83   JSR &83EA
     9947   4C 50 99   JMP &9950
.BPUTV_ENTRY
     994A   20 EA 83   JSR &83EA
     994D   20 6E 98   JSR &986E
.bp_entry
     9950   48         PHA
     9951   B9 0C C3   LDA &C30C,Y
     9954   30 E0      BMI &9936
     9956   B9 0E C3   LDA &C30E,Y
     9959   30 D8      BMI &9933
     995B   20 3F 95   JSR &953F
     995E   98         TYA
     995F   18         CLC
     9960   69 04      ADC #&04
     9962   20 8D 9A   JSR &9A8D
     9965   D0 66      BNE &99CD
     9967   20 27 95   JSR &9527
     996A   AE C3 C2   LDX &C2C3
     996D   38         SEC
     996E   BD 07 C1   LDA &C107,X
     9971   FD 0F C1   SBC &C10F,X
     9974   48         PHA
     9975   BD 06 C1   LDA &C106,X
     9978   FD 0E C1   SBC &C10E,X
     997B   29 03      AND #&03
     997D   D9 1A C3   CMP &C31A,Y
     9980   D0 1F      BNE &99A1
     9982   68         PLA
     9983   D9 19 C3   CMP &C319,Y
     9986   D0 34      BNE &99BC
     9988   84 B4      STY &B4
     998A   8C C2 C2   STY &C2C2
     998D   20 2D 98   JSR &982D
.errCANTEXTEND
     9990   20 59 80   JSR &8059
     9993   BF
     9994   43 61 6E ...
     99A0   00
.bp_extendby100
     99A1   B9 1A C3   LDA &C31A,Y
     99A4   18         CLC
     99A5   69 01      ADC #&01
     99A7   99 1A C3   STA &C31A,Y
     99AA   0A         ASL A
     99AB   0A         ASL A
     99AC   0A         ASL A
     99AD   0A         ASL A
     99AE   5D 0E C1   EOR &C10E,X
     99B1   29 30      AND #&30
     99B3   5D 0E C1   EOR &C10E,X
     99B6   9D 0E C1   STA &C10E,X
     99B9   68         PLA
     99BA   A9 00      LDA #&00
.bp_extendtogap
     99BC   9D 0D C1   STA &C10D,X
     99BF   99 19 C3   STA &C319,Y
     99C2   A9 00      LDA #&00
     99C4   9D 0C C1   STA &C10C,X
     99C7   20 F8 A5   JSR &A5F8
     99CA   AC C2 C2   LDY &C2C2
.bp_noextend
     99CD   B9 17 C3   LDA &C317,Y
     99D0   30 16      BMI &99E8
     99D2   20 E8 98   JSR &98E8
     99D5   B9 14 C3   LDA &C314,Y
     99D8   D0 0A      BNE &99E4
     99DA   20 8C 9A   JSR &9A8C
     99DD   D0 05      BNE &99E4
     99DF   20 BE 98   JSR &98BE
     99E2   D0 04      BNE &99E8
.bp_loadbuf
     99E4   38         SEC
     99E5   20 F0 98   JSR &98F0
.bp_savebyte
     99E8   A9 40      LDA #&40
     99EA   20 D9 98   JSR &98D9
     99ED   20 A5 9A   JSR &9AA5
     99F0   68         PLA
     99F1   81 BA      STA (&BA,X)
     99F3   20 8C 9A   JSR &9A8C
     99F6   90 11      BCC &9A09
.updext
     99F8   A9 20      LDA #&20
     99FA   20 D9 98   JSR &98D9
     99FD   A2 02      LDX #&02
.bp_setextloop
     99FF   B9 10 C3   LDA &C310,Y
     9A02   99 14 C3   STA &C314,Y
     9A05   C8         INY
     9A06   CA         DEX
     9A07   10 F6      BPL &99FF
.bp_exit
     9A09   60         RTS
.cmptoEXT
     9A0A   B9 14 C3   LDA &C314,Y
     9A0D   D5 00      CMP &00,X
     9A0F   B9 15 C3   LDA &C315,Y
     9A12   F5 01      SBC &01,X
     9A14   B9 16 C3   LDA &C316,Y
     9A17   F5 02      SBC &02,X
     9A19   60         RTS
.argsv_WriteSeqPointer
     9A1A   20 EA 83   JSR &83EA
     9A1D   20 6E 98   JSR &986E
.wsploop
     9A20   20 0A 9A   JSR &9A0A
     9A23   B0 2F      BCS &9A54
.argsextendloop
     9A25   B9 14 C3   LDA &C314,Y
     9A28   99 10 C3   STA &C310,Y
     9A2B   B9 15 C3   LDA &C315,Y
     9A2E   99 11 C3   STA &C311,Y
     9A31   B9 16 C3   LDA &C316,Y
     9A34   99 12 C3   STA &C312,Y
     9A37   20 63 9A   JSR &9A63
     9A3A   A5 B6      LDA &B6
     9A3C   48         PHA
     9A3D   A5 B7      LDA &B7
     9A3F   48         PHA
     9A40   A5 B8      LDA &B8
     9A42   48         PHA
     9A43   A9 00      LDA #&00
     9A45   20 44 99   JSR &9944
     9A48   68         PLA
     9A49   85 B8      STA &B8
     9A4B   68         PLA
     9A4C   85 B7      STA &B7
     9A4E   68         PLA
     9A4F   85 B6      STA &B6
     9A51   4C 20 9A   JMP &9A20
.SetSeqPointer_Yintch
     9A54   B5 00      LDA &00,X
     9A56   99 10 C3   STA &C310,Y
     9A59   B5 01      LDA &01,X
     9A5B   99 11 C3   STA &C311,Y
     9A5E   B5 02      LDA &02,X
     9A60   99 12 C3   STA &C312,Y
.IsSeqPointerInBuffer_Yintch
     9A63   A9 6F      LDA #&6F
     9A65   20 E0 98   JSR &98E0
     9A68   B9 0F C3   LDA &C30F,Y
     9A6B   79 11 C3   ADC &C311,Y
     9A6E   8D C4 C2   STA &C2C4
     9A71   B9 0D C3   LDA &C30D,Y
     9A74   29 03      AND #&03
     9A76   79 12 C3   ADC &C312,Y
     9A79   D9 1D C3   CMP &C31D,Y
     9A7C   D0 8B      BNE &9A09
     9A7E   AD C4 C2   LDA &C2C4
     9A81   D9 1C C3   CMP &C31C,Y
     9A84   D0 83      BNE &9A09
     9A86   4C D7 98   JMP &98D7
.CheckChannel_Yhndl_exYintch_TYA_CmpPTR
     9A89   20 6E 98   JSR &986E
.TYA_CmpPTR
     9A8C   98         TYA
.CmpPTR
     9A8D   AA         TAX
     9A8E   B9 12 C3   LDA &C312,Y
     9A91   DD 16 C3   CMP &C316,X
     9A94   D0 0E      BNE &9AA4
     9A96   B9 11 C3   LDA &C311,Y
     9A99   DD 15 C3   CMP &C315,X
     9A9C   D0 06      BNE &9AA4
     9A9E   B9 10 C3   LDA &C310,Y
     9AA1   DD 14 C3   CMP &C314,X
.cmpPE_exit
     9AA4   60         RTS
.load_then_incSeqPtr_Yintch
     9AA5   B9 10 C3   LDA &C310,Y
     9AA8   85 BA      STA &BA
     9AAA   B9 13 C3   LDA &C313,Y
     9AAD   85 BB      STA &BB
     9AAF   98         TYA
     9AB0   AA         TAX
     9AB1   FE 10 C3   INC &C310,X
     9AB4   D0 0B      BNE &9AC1
     9AB6   20 DE 98   JSR &98DE
     9AB9   FE 11 C3   INC &C311,X
     9ABC   D0 03      BNE &9AC1
     9ABE   FE 12 C3   INC &C312,X
.samesector
     9AC1   A2 00      LDX #&00
     9AC3   60         RTS
.CMD_MMFS
     9AC4   98         TYA
     9AC5   A2 00      LDX #&00
     9AC7   A0 14      LDY #&14
.Prthelp_Xtable
     9AC9   48         PHA
     9ACA   20 96 80   JSR &8096
     9ACD   0D
Macro SYSTEM_NAME:
     9ACE   4D 4D 46 ...
End macro SYSTEM_NAME
     9AD2   20
     9AD3   86 BF      STX &BF
     9AD5   84 B7      STY &B7
     9AD7   A2 00      LDX #&00
.verloop
     9AD9   BD 1B 80   LDA &801B,X
     9ADC   F0 06      BEQ &9AE4
     9ADE   20 D5 80   JSR &80D5
     9AE1   E8         INX
     9AE2   D0 F5      BNE &9AD9
.verex
     9AE4   A9 0D      LDA #&0D
     9AE6   20 D5 80   JSR &80D5
.help_dfs_loop
     9AE9   A9 00      LDA #&00
     9AEB   85 B9      STA &B9
     9AED   A0 01      LDY #&01
     9AEF   20 A0 9B   JSR &9BA0
     9AF2   20 3B 9B   JSR &9B3B
     9AF5   20 71 83   JSR &8371
     9AF8   C6 B7      DEC &B7
     9AFA   D0 ED      BNE &9AE9
     9AFC   68         PLA
     9AFD   A8         TAY
.morehelp
     9AFE   A2 8C      LDX #&8C
     9B00   4C 4A 87   JMP &874A
.CMD_DUTILS
     9B03   98         TYA
     9B04   A2 9A      LDX #&9A
     9B06   A0 0A      LDY #&0A
     9B08   D0 BF      BNE &9AC9
.CMD_NOTHELPTBL
     9B0A   20 B7 81   JSR &81B7
     9B0D   F0 7E      BEQ &9B8D
.cmd_nothelptlb_loop
     9B0F   20 9C 81   JSR &819C
     9B12   90 FB      BCC &9B0F
     9B14   B0 E8      BCS &9AFE
.Param_SyntaxErrorIfNull
     9B16   20 B7 81   JSR &81B7
     9B19   F0 07      BEQ &9B22
     9B1B   60         RTS
.Param_SyntaxErrorIfNotNull
     9B1C   20 B7 81   JSR &81B7
     9B1F   D0 01      BNE &9B22
     9B21   60         RTS
.errSYNTAX
     9B22   20 69 80   JSR &8069
     9B25   DC
     9B26   53 79 6E ...
     9B2E   86 B9      STX &B9
     9B30   20 3B 9B   JSR &9B3B
     9B33   A9 00      LDA #&00
     9B35   20 8E 9B   JSR &9B8E
     9B38   4C 00 01   JMP &0100
.prtcmdAtBCadd1
     9B3B   A9 07      LDA #&07
     9B3D   85 B8      STA &B8
     9B3F   A6 BF      LDX &BF
     9B41   E0 9A      CPX #&9A
     9B43   90 05      BCC &9B4A
     9B45   A9 44      LDA #&44
     9B47   20 8E 9B   JSR &9B8E
.prtcmdloop
     9B4A   E8         INX
     9B4B   BD 0F 86   LDA &860F,X
     9B4E   30 06      BMI &9B56
     9B50   20 8E 9B   JSR &9B8E
     9B53   4C 4A 9B   JMP &9B4A
.prtcmdloop_exit
     9B56   A4 B8      LDY &B8
     9B58   30 03      BMI &9B5D
     9B5A   20 A0 9B   JSR &9BA0
.prtcmdnospcs
     9B5D   86 BF      STX &BF
     9B5F   BD 0F 86   LDA &860F,X
     9B62   29 7F      AND #&7F
     9B64   20 6A 9B   JSR &9B6A
     9B67   20 16 82   JSR &8216
.prtcmdparam
     9B6A   20 EA 83   JSR &83EA
     9B6D   29 0F      AND #&0F
     9B6F   F0 1C      BEQ &9B8D
     9B71   A8         TAY
     9B72   A9 20      LDA #&20
     9B74   20 8E 9B   JSR &9B8E
     9B77   A2 FF      LDX #&FF
.prtcmdparam_findloop
     9B79   E8         INX
     9B7A   BD AD 9B   LDA &9BAD,X
     9B7D   10 FA      BPL &9B79
     9B7F   88         DEY
     9B80   D0 F7      BNE &9B79
     9B82   29 7F      AND #&7F
.prtcmdparam_loop
     9B84   20 8E 9B   JSR &9B8E
     9B87   E8         INX
     9B88   BD AD 9B   LDA &9BAD,X
     9B8B   10 F7      BPL &9B84
.prtcmdparamexit
     9B8D   60         RTS
.prtcmd_prtchr
     9B8E   20 EA 83   JSR &83EA
     9B91   A6 B9      LDX &B9
     9B93   F0 06      BEQ &9B9B
     9B95   E6 B9      INC &B9
     9B97   9D 00 01   STA &0100,X
     9B9A   60         RTS
.prtcmdparam_prtchr
     9B9B   C6 B8      DEC &B8
     9B9D   4C D5 80   JMP &80D5
.prtcmd_Print_Y_Spaces_IfNotErr
     9BA0   A5 B9      LDA &B9
     9BA2   D0 08      BNE &9BAC
     9BA4   A9 20      LDA #&20
.prtcmd_yspc_loop
     9BA6   20 8E 9B   JSR &9B8E
     9BA9   88         DEY
     9BAA   10 FA      BPL &9BA6
.prtcmd_yspc_exit
     9BAC   60         RTS
.parametertable
     9BAD   BC
     9BAE   64 72 69 ...
     9BB4   BC
     9BB5   61 66 73 ...
     9BBA   A8
     9BBB   4C 29 
     9BBD   A8
     9BBE   3C 64 72 ...
     9BC6   A8
     9BC7   3C 64 72 ...
     9BD2   A8
     9BD3   3C 64 69 ...
     9BD9   BC
     9BDA   64 6E 6F ...
     9BE4   BC
     9BE5   66 73 70 ...
     9BE9   D0
     9BEA   2F 55 2F ...
     9BF2   BC
     9BF3   74 69 74 ...
     9BF9   A8
     9BFA   3C 6E 75 ...
     9C00   BC
     9C01   73 6F 75 ...
     9C10   BC
     9C11   6F 6C 64 ...
     9C23   A8
     9C24   28 3C 66 ...
     9C3F   B4
     9C40   30 2F 38 ...
     9C44   FF
.CMD_COMPACT
     9C45   20 DE 8B   JSR &8BDE
     9C48   20 96 80   JSR &8096
     9C4B   43 6F 6D ...
     9C57   8D D1 C2   STA &C2D1
     9C5A   8D D2 C2   STA &C2D2
     9C5D   20 F9 80   JSR &80F9
     9C60   20 71 83   JSR &8371
     9C63   A0 00      LDY #&00
     9C65   20 6D 95   JSR &956D
     9C68   20 5A 94   JSR &945A
     9C6B   20 E7 A5   JSR &A5E7
     9C6E   AC 05 C1   LDY &C105
     9C71   84 CA      STY &CA
     9C73   A9 02      LDA #&02
     9C75   85 C8      STA &C8
     9C77   A9 00      LDA #&00
     9C79   85 C9      STA &C9
.compact_loop
     9C7B   A4 CA      LDY &CA
     9C7D   20 B9 82   JSR &82B9
     9C80   C0 F8      CPY #&F8
     9C82   D0 28      BNE &9CAC
     9C84   AD 07 C1   LDA &C107
     9C87   38         SEC
     9C88   E5 C8      SBC &C8
     9C8A   48         PHA
     9C8B   AD 06 C1   LDA &C106
     9C8E   29 03      AND #&03
     9C90   E5 C9      SBC &C9
     9C92   20 F9 80   JSR &80F9
     9C95   68         PLA
     9C96   20 F1 80   JSR &80F1
     9C99   20 96 80   JSR &8096
     9C9C   20 66 72 ...
     9CA9   0D
     9CAA   EA         NOP
     9CAB   60         RTS
.compact_checkfile
     9CAC   84 CA      STY &CA
     9CAE   20 3B 83   JSR &833B
     9CB1   A4 CA      LDY &CA
     9CB3   B9 0C C1   LDA &C10C,Y
     9CB6   C9 01      CMP #&01
     9CB8   A9 00      LDA #&00
     9CBA   85 BC      STA &BC
     9CBC   85 C0      STA &C0
     9CBE   79 0D C1   ADC &C10D,Y
     9CC1   85 C4      STA &C4
     9CC3   B9 0E C1   LDA &C10E,Y
     9CC6   08         PHP
     9CC7   20 0E 82   JSR &820E
     9CCA   28         PLP
     9CCB   69 00      ADC #&00
     9CCD   85 C5      STA &C5
     9CCF   B9 0F C1   LDA &C10F,Y
     9CD2   85 C6      STA &C6
     9CD4   B9 0E C1   LDA &C10E,Y
     9CD7   29 03      AND #&03
     9CD9   85 C7      STA &C7
     9CDB   C5 C9      CMP &C9
     9CDD   D0 14      BNE &9CF3
     9CDF   A5 C6      LDA &C6
     9CE1   C5 C8      CMP &C8
     9CE3   D0 0E      BNE &9CF3
     9CE5   18         CLC
     9CE6   65 C4      ADC &C4
     9CE8   85 C8      STA &C8
     9CEA   A5 C9      LDA &C9
     9CEC   65 C5      ADC &C5
     9CEE   85 C9      STA &C9
     9CF0   4C 0B 9D   JMP &9D0B
.compact_movefile
     9CF3   A5 C8      LDA &C8
     9CF5   99 0F C1   STA &C10F,Y
     9CF8   B9 0E C1   LDA &C10E,Y
     9CFB   29 FC      AND #&FC
     9CFD   05 C9      ORA &C9
     9CFF   99 0E C1   STA &C10E,Y
     9D02   20 F8 A5   JSR &A5F8
     9D05   20 A1 9E   JSR &9EA1
     9D08   20 DC A5   JSR &A5DC
.compact_fileinfo
     9D0B   A4 CA      LDY &CA
     9D0D   20 40 83   JSR &8340
     9D10   4C 7B 9C   JMP &9C7B
.IsEnabledOrGo
     9D13   2C C7 C2   BIT &C2C7
     9D16   10 07      BPL &9D1F
     9D18   20 6A 9D   JSR &9D6A
     9D1B   F0 02      BEQ &9D1F
     9D1D   68         PLA
     9D1E   68         PLA
.isgo
.isgoalready
     9D1F   60         RTS
.Get_CopyDATA_Drives
     9D20   20 E3 8B   JSR &8BE3
     9D23   8D D1 C2   STA &C2D1
     9D26   20 E3 8B   JSR &8BE3
     9D29   8D D2 C2   STA &C2D2
     9D2C   CD D1 C2   CMP &C2D1
     9D2F   F0 2E      BEQ &9D5F
     9D31   98         TYA
     9D32   48         PHA
     9D33   20 5A 94   JSR &945A
     9D36   20 96 80   JSR &8096
     9D39   43 6F 70 ...
     9D47   AD D1 C2   LDA &C2D1
     9D4A   20 93 80   JSR &8093
     9D4D   20 74 6F ...
     9D52   AD D2 C2   LDA &C2D2
     9D55   20 F9 80   JSR &80F9
     9D58   20 71 83   JSR &8371
     9D5B   68         PLA
     9D5C   A8         TAY
     9D5D   18         CLC
     9D5E   60         RTS
.baddrv
     9D5F   4C F6 8B   JMP &8BF6
.ConfirmYNcolon
     9D62   20 96 80   JSR &8096
     9D65   20 3A 20 
     9D68   90 0F      BCC &9D79
.GoYN
     9D6A   20 96 80   JSR &8096
     9D6D   47 6F 20 ...
     9D78   EA         NOP
.ConfirmYN
     9D79   20 92 9D   JSR &9D92
     9D7C   20 E0 FF   JSR &FFE0
     9D7F   B0 1D      BCS &9D9E
     9D81   29 5F      AND #&5F
     9D83   C9 59      CMP #&59
     9D85   08         PHP
     9D86   F0 02      BEQ &9D8A
     9D88   A9 4E      LDA #&4E
.confYN
     9D8A   20 D5 80   JSR &80D5
     9D8D   20 71 83   JSR &8371
     9D90   28         PLP
     9D91   60         RTS
.osbyte0F_flushinbuf2
     9D92   20 EA 83   JSR &83EA
     9D95   A9 0F      LDA #&0F
     9D97   A2 01      LDX #&01
     9D99   A0 00      LDY #&00
     9D9B   4C F4 FF   JMP &FFF4
.err_ESCAPE
     9D9E   4C F3 8C   JMP &8CF3
.err_DISKFULL2
     9DA1   4C 7C 8A   JMP &8A7C
.CMD_BACKUP
     9DA4   20 20 9D   JSR &9D20
     9DA7   20 13 9D   JSR &9D13
     9DAA   A9 00      LDA #&00
     9DAC   85 C7      STA &C7
     9DAE   85 C9      STA &C9
     9DB0   85 C8      STA &C8
     9DB2   85 C6      STA &C6
     9DB4   AD D1 C2   LDA &C2D1
     9DB7   85 CD      STA &CD
     9DB9   20 EA A5   JSR &A5EA
     9DBC   AD 07 C1   LDA &C107
     9DBF   85 C4      STA &C4
     9DC1   AD 06 C1   LDA &C106
     9DC4   29 03      AND #&03
     9DC6   85 C5      STA &C5
     9DC8   AD D2 C2   LDA &C2D2
     9DCB   85 CD      STA &CD
     9DCD   20 EA A5   JSR &A5EA
     9DD0   AD 06 C1   LDA &C106
     9DD3   29 03      AND #&03
     9DD5   C5 C5      CMP &C5
     9DD7   90 C8      BCC &9DA1
     9DD9   D0 07      BNE &9DE2
     9DDB   AD 07 C1   LDA &C107
     9DDE   C5 C4      CMP &C4
     9DE0   90 BF      BCC &9DA1
.backup_copy
     9DE2   20 A1 9E   JSR &9EA1
     9DE5   20 EA A5   JSR &A5EA
     9DE8   A2 0A      LDX #&0A
.tloop
     9DEA   E0 08      CPX #&08
     9DEC   90 05      BCC &9DF3
     9DEE   BD F8 C0   LDA &C0F8,X
     9DF1   B0 03      BCS &9DF6
.tskip1
     9DF3   BD 00 C0   LDA &C000,X
.tskip2
     9DF6   9D 00 C2   STA &C200,X
     9DF9   CA         DEX
     9DFA   10 EE      BPL &9DEA
.UpdateDiskTableTitle
     9DFC   20 65 A6   JSR &A665
     9DFF   A0 0B      LDY #&0B
.loop
     9E01   B9 00 C2   LDA &C200,Y
     9E04   91 B0      STA (&B0),Y
     9E06   88         DEY
     9E07   10 F8      BPL &9E01
     9E09   4C 37 A7   JMP &A737
.CMD_COPY
     9E0C   20 78 93   JSR &9378
     9E0F   20 20 9D   JSR &9D20
     9E12   20 16 9B   JSR &9B16
     9E15   20 40 81   JSR &8140
     9E18   AD D1 C2   LDA &C2D1
     9E1B   85 CD      STA &CD
     9E1D   20 2F 82   JSR &822F
.copy_loop1
     9E20   A5 CC      LDA &CC
     9E22   48         PHA
     9E23   A5 B6      LDA &B6
     9E25   48         PHA
     9E26   20 40 83   JSR &8340
     9E29   A2 00      LDX #&00
.copy_loop2
     9E2B   B9 08 C0   LDA &C008,Y
     9E2E   95 C5      STA &C5,X
     9E30   9D 50 C2   STA &C250,X
     9E33   B9 08 C1   LDA &C108,Y
     9E36   95 BB      STA &BB,X
     9E38   9D 47 C2   STA &C247,X
     9E3B   E8         INX
     9E3C   C8         INY
     9E3D   E0 08      CPX #&08
     9E3F   D0 EA      BNE &9E2B
     9E41   20 91 9E   JSR &9E91
     9E44   AD D2 C2   LDA &C2D2
     9E47   20 BF 8A   JSR &8ABF
     9E4A   A5 C2      LDA &C2
     9E4C   29 03      AND #&03
     9E4E   48         PHA
     9E4F   A5 C3      LDA &C3
     9E51   48         PHA
     9E52   20 91 9E   JSR &9E91
     9E55   68         PLA
     9E56   85 C8      STA &C8
     9E58   68         PLA
     9E59   85 C9      STA &C9
     9E5B   A5 C1      LDA &C1
     9E5D   20 0E 82   JSR &820E
     9E60   AA         TAX
     9E61   A5 BF      LDA &BF
     9E63   C9 01      CMP #&01
     9E65   A5 C0      LDA &C0
     9E67   69 00      ADC #&00
     9E69   85 C4      STA &C4
     9E6B   8A         TXA
     9E6C   69 00      ADC #&00
     9E6E   85 C5      STA &C5
     9E70   A5 C2      LDA &C2
     9E72   85 C6      STA &C6
     9E74   A5 C1      LDA &C1
     9E76   29 03      AND #&03
     9E78   85 C7      STA &C7
     9E7A   20 A1 9E   JSR &9EA1
     9E7D   AD D1 C2   LDA &C2D1
     9E80   85 CD      STA &CD
     9E82   20 E7 A5   JSR &A5E7
     9E85   68         PLA
     9E86   85 B6      STA &B6
     9E88   68         PLA
     9E89   85 CC      STA &CC
     9E8B   20 7B 82   JSR &827B
     9E8E   B0 90      BCS &9E20
     9E90   60         RTS
.cd_swapvars
     9E91   A2 11      LDX #&11
.cd_swapvars_loop
     9E93   BC 45 C2   LDY &C245,X
     9E96   B5 BA      LDA &BA,X
     9E98   94 BA      STY &BA,X
     9E9A   9D 45 C2   STA &C245,X
     9E9D   CA         DEX
     9E9E   10 F3      BPL &9E93
     9EA0   60         RTS
.CopyDATABLOCK
     9EA1   A9 00      LDA #&00
     9EA3   85 BC      STA &BC
     9EA5   85 C0      STA &C0
     9EA7   AD CF C2   LDA &C2CF
     9EAA   85 BD      STA &BD
     9EAC   F0 57      BEQ &9F05
.cd_loop
     9EAE   A4 C4      LDY &C4
     9EB0   CC D0 C2   CPY &C2D0
     9EB3   A5 C5      LDA &C5
     9EB5   E9 00      SBC #&00
     9EB7   90 03      BCC &9EBC
     9EB9   AC D0 C2   LDY &C2D0
.cd_part
     9EBC   84 C1      STY &C1
     9EBE   A5 C6      LDA &C6
     9EC0   85 C3      STA &C3
     9EC2   A5 C7      LDA &C7
     9EC4   85 C2      STA &C2
     9EC6   AD D1 C2   LDA &C2D1
     9EC9   85 CD      STA &CD
     9ECB   20 AE 8B   JSR &8BAE
     9ECE   20 5F 88   JSR &885F
     9ED1   AD D2 C2   LDA &C2D2
     9ED4   85 CD      STA &CD
     9ED6   A5 C8      LDA &C8
     9ED8   85 C3      STA &C3
     9EDA   A5 C9      LDA &C9
     9EDC   85 C2      STA &C2
     9EDE   20 AE 8B   JSR &8BAE
     9EE1   20 7C 88   JSR &887C
     9EE4   A5 C1      LDA &C1
     9EE6   18         CLC
     9EE7   65 C8      ADC &C8
     9EE9   85 C8      STA &C8
     9EEB   90 02      BCC &9EEF
     9EED   E6 C9      INC &C9
.cd_inc1
     9EEF   A5 C1      LDA &C1
     9EF1   18         CLC
     9EF2   65 C6      ADC &C6
     9EF4   85 C6      STA &C6
     9EF6   90 02      BCC &9EFA
     9EF8   E6 C7      INC &C7
.cd_inc2
     9EFA   38         SEC
     9EFB   A5 C4      LDA &C4
     9EFD   E5 C1      SBC &C1
     9EFF   85 C4      STA &C4
     9F01   B0 02      BCS &9F05
     9F03   C6 C5      DEC &C5
.cd_loopentry
     9F05   A5 C4      LDA &C4
     9F07   05 C5      ORA &C5
     9F09   D0 A3      BNE &9EAE
     9F0B   60         RTS
.CMD_VERIFY
     9F0C   A9 00      LDA #&00
     9F0E   F0 02      BEQ &9F12
.CMD_FORM
     9F10   A9 FF      LDA #&FF
.vform1
     9F12   85 C9      STA &C9
     9F14   85 B2      STA &B2
     9F16   10 18      BPL &9F30
     9F18   20 16 9B   JSR &9B16
     9F1B   20 57 84   JSR &8457
     9F1E   B0 0D      BCS &9F2D
     9F20   0A         ASL A
     9F21   D0 0A      BNE &9F2D
     9F23   86 B5      STX &B5
     9F25   E0 28      CPX #&28
     9F27   F0 07      BEQ &9F30
     9F29   E0 50      CPX #&50
     9F2B   F0 03      BEQ &9F30
.vform2_syntax
     9F2D   4C 22 9B   JMP &9B22
.vform3_ok
     9F30   20 B7 81   JSR &81B7
     9F33   84 CA      STY &CA
     9F35   D0 49      BNE &9F80
     9F37   24 C9      BIT &C9
     9F39   30 0B      BMI &9F46
     9F3B   20 96 80   JSR &8096
     9F3E   56 65 72 ...
     9F44   90 0A      BCC &9F50
.vform4_form
     9F46   20 96 80   JSR &8096
     9F49   46 6F 72 ...
     9F4F   EA         NOP
.vform4_askdrive
     9F50   20 96 80   JSR &8096
     9F53   20 77 68 ...
     9F62   EA         NOP
     9F63   20 E0 FF   JSR &FFE0
     9F66   B0 2F      BCS &9F97
     9F68   C9 20      CMP #&20
     9F6A   90 2E      BCC &9F9A
     9F6C   20 D5 80   JSR &80D5
     9F6F   38         SEC
     9F70   E9 30      SBC #&30
     9F72   C9 04      CMP #&04
     9F74   B0 24      BCS &9F9A
     9F76   85 CD      STA &CD
     9F78   20 71 83   JSR &8371
     9F7B   A4 CA      LDY &CA
     9F7D   4C 83 9F   JMP &9F83
.vform5_driveloop
     9F80   20 E6 8B   JSR &8BE6
.vform6_drivein
     9F83   84 CA      STY &CA
     9F85   24 B2      BIT &B2
     9F87   10 03      BPL &9F8C
     9F89   20 13 9D   JSR &9D13
.vform7_go
     9F8C   20 9D 9F   JSR &9F9D
     9F8F   A4 CA      LDY &CA
     9F91   20 B7 81   JSR &81B7
     9F94   D0 EA      BNE &9F80
     9F96   60         RTS
.jmp_reportEscape
     9F97   4C F3 8C   JMP &8CF3
.jmp_errBadDrive
     9F9A   4C F6 8B   JMP &8BF6
.VFCurDrv
     9F9D   24 C9      BIT &C9
     9F9F   30 11      BMI &9FB2
     9FA1   20 B0 A4   JSR &A4B0
     9FA4   20 96 80   JSR &8096
     9FA7   56 65 72 ...
     9FB0   90 18      BCC &9FCA
.vf1
     9FB2   38         SEC
     9FB3   20 B1 A4   JSR &A4B1
     9FB6   20 56 A0   JSR &A056
     9FB9   20 96 80   JSR &8096
     9FBC   46 6F 72 ...
     9FC6   A6 CD      LDX &CD
     9FC8   86 B2      STX &B2
.vf2
     9FCA   20 96 80   JSR &8096
     9FCD   20 64 72 ...
     9FD4   A5 CD      LDA &CD
     9FD6   20 93 80   JSR &8093
     9FD9   20 74 72 ...
     9FE2   EA         NOP
     9FE3   24 C9      BIT &C9
     9FE5   30 29      BMI &A010
     9FE7   20 EA A5   JSR &A5EA
     9FEA   AD 06 C1   LDA &C106
     9FED   29 03      AND #&03
     9FEF   AA         TAX
     9FF0   AD 07 C1   LDA &C107
     9FF3   A0 0A      LDY #&0A
     9FF5   84 B0      STY &B0
     9FF7   A0 FF      LDY #&FF
.trkloop1
     9FF9   38         SEC
.trkloop2
     9FFA   C8         INY
     9FFB   E5 B0      SBC &B0
     9FFD   B0 FB      BCS &9FFA
     9FFF   CA         DEX
     A000   10 F7      BPL &9FF9
     A002   65 B0      ADC &B0
     A004   48         PHA
     A005   98         TYA
     A006   AA         TAX
     A007   68         PLA
     A008   F0 01      BEQ &A00B
     A00A   E8         INX
.trkex
     A00B   8A         TXA
     A00C   F0 45      BEQ &A053
     A00E   85 B5      STA &B5
.vf4
     A010   A2 FF      LDX #&FF
     A012   8E 82 C2   STX &C282
     A015   E8         INX
     A016   86 B4      STX &B4
.vf5_trackloop
     A018   A9 08      LDA #&08
     A01A   20 D5 80   JSR &80D5
     A01D   20 D5 80   JSR &80D5
     A020   A5 B4      LDA &B4
     A022   20 F1 80   JSR &80F1
     A025   20 0F A6   JSR &A60F
     A028   E6 B4      INC &B4
     A02A   A5 B4      LDA &B4
     A02C   C5 B5      CMP &B5
     A02E   D0 E8      BNE &A018
     A030   24 C9      BIT &C9
     A032   10 1F      BPL &A053
     A034   20 E4 B0   JSR &B0E4
     A037   20 56 A0   JSR &A056
     A03A   A5 B5      LDA &B5
     A03C   C9 28      CMP #&28
     A03E   D0 06      BNE &A046
     A040   A0 01      LDY #&01
     A042   A2 90      LDX #&90
     A044   D0 04      BNE &A04A
.vf7
     A046   A0 03      LDY #&03
     A048   A2 20      LDX #&20
.vf8
     A04A   8E 07 C1   STX &C107
     A04D   8C 06 C1   STY &C106
     A050   20 F8 A5   JSR &A5F8
.vf6_exit
     A053   4C 71 83   JMP &8371
.ClearCatalogue
     A056   A0 FF      LDY #&FF
     A058   8C 82 C2   STY &C282
     A05B   C8         INY
     A05C   98         TYA
.ccatloop
     A05D   99 00 C0   STA &C000,Y
     A060   99 00 C1   STA &C100,Y
     A063   C8         INY
     A064   D0 F7      BNE &A05D
     A066   60         RTS
.CMD_FREE
     A067   38         SEC
     A068   B0 01      BCS &A06B
.CMD_MAP
     A06A   18         CLC
.Label_A7F7
     A06B   66 C6      ROR &C6
     A06D   20 DE 8B   JSR &8BDE
     A070   20 E7 A5   JSR &A5E7
     A073   24 C6      BIT &C6
     A075   30 15      BMI &A08C
     A077   20 B6 80   JSR &80B6
     A07A   41 64 64 ...
     A08B   0D
.Label_A818_free
     A08C   AD 06 C1   LDA &C106
     A08F   29 03      AND #&03
     A091   85 C5      STA &C5
     A093   85 C2      STA &C2
     A095   AD 07 C1   LDA &C107
     A098   85 C4      STA &C4
     A09A   38         SEC
     A09B   E9 02      SBC #&02
     A09D   85 C1      STA &C1
     A09F   B0 02      BCS &A0A3
     A0A1   C6 C2      DEC &C2
.Label_A82F
     A0A3   A9 02      LDA #&02
     A0A5   85 BB      STA &BB
     A0A7   A9 00      LDA #&00
     A0A9   85 BC      STA &BC
     A0AB   85 BF      STA &BF
     A0AD   85 C0      STA &C0
     A0AF   AD 05 C1   LDA &C105
     A0B2   29 F8      AND #&F8
     A0B4   A8         TAY
     A0B5   F0 26      BEQ &A0DD
     A0B7   D0 11      BNE &A0CA
.Label_A845_fileloop
     A0B9   20 4C A1   JSR &A14C
     A0BC   20 B9 82   JSR &82B9
     A0BF   A5 C4      LDA &C4
     A0C1   38         SEC
     A0C2   E5 BB      SBC &BB
     A0C4   A5 C5      LDA &C5
     A0C6   E5 BC      SBC &BC
     A0C8   90 13      BCC &A0DD
.Label_A856_fileloop_entry
     A0CA   B9 07 C1   LDA &C107,Y
     A0CD   38         SEC
     A0CE   E5 BB      SBC &BB
     A0D0   85 C1      STA &C1
     A0D2   B9 06 C1   LDA &C106,Y
     A0D5   29 03      AND #&03
     A0D7   E5 BC      SBC &BC
     A0D9   85 C2      STA &C2
     A0DB   90 DC      BCC &A0B9
.Label_A86B_nofiles
     A0DD   84 BD      STY &BD
     A0DF   24 C6      BIT &C6
     A0E1   30 2B      BMI &A10E
     A0E3   A5 C1      LDA &C1
     A0E5   05 C2      ORA &C2
     A0E7   F0 25      BEQ &A10E
     A0E9   A5 BC      LDA &BC
     A0EB   20 09 81   JSR &8109
     A0EE   A5 BB      LDA &BB
     A0F0   20 01 81   JSR &8101
     A0F3   20 B6 80   JSR &80B6
     A0F6   20 20 20 ...
     A0FE   A5 C2      LDA &C2
     A100   20 09 81   JSR &8109
     A103   A5 C1      LDA &C1
     A105   20 01 81   JSR &8101
     A108   20 E7 FF   JSR &FFE7
     A10B   20 4C A1   JSR &A14C
.Label_A87A_free
     A10E   A5 C1      LDA &C1
     A110   18         CLC
     A111   65 BF      ADC &BF
     A113   85 BF      STA &BF
     A115   A5 C2      LDA &C2
     A117   65 C0      ADC &C0
     A119   85 C0      STA &C0
     A11B   A4 BD      LDY &BD
     A11D   D0 9A      BNE &A0B9
     A11F   24 C6      BIT &C6
     A121   10 28      BPL &A14B
     A123   A8         TAY
     A124   A6 BF      LDX &BF
     A126   A9 F8      LDA #&F8
     A128   38         SEC
     A129   ED 05 C1   SBC &C105
     A12C   20 76 A1   JSR &A176
     A12F   46 72 65 ...
     A133   0D
     A134   A5 C4      LDA &C4
     A136   38         SEC
     A137   E5 BF      SBC &BF
     A139   AA         TAX
     A13A   A5 C5      LDA &C5
     A13C   E5 C0      SBC &C0
     A13E   A8         TAY
     A13F   AD 05 C1   LDA &C105
     A142   20 76 A1   JSR &A176
     A145   55 73 65 ...
     A149   0D
     A14A   EA         NOP
.Label_A8BD_rst
     A14B   60         RTS
.Sub_A8E2_nextblock
     A14C   B9 06 C1   LDA &C106,Y
     A14F   48         PHA
     A150   20 0E 82   JSR &820E
     A153   85 BC      STA &BC
     A155   68         PLA
     A156   29 03      AND #&03
     A158   18         CLC
     A159   65 BC      ADC &BC
     A15B   85 BC      STA &BC
     A15D   B9 04 C1   LDA &C104,Y
     A160   C9 01      CMP #&01
     A162   A9 00      LDA #&00
     A164   79 05 C1   ADC &C105,Y
     A167   90 02      BCC &A16B
     A169   E6 BC      INC &BC
.Label_A902
     A16B   18         CLC
     A16C   79 07 C1   ADC &C107,Y
     A16F   85 BB      STA &BB
     A171   90 02      BCC &A175
     A173   E6 BC      INC &BC
.Label_A90C
     A175   60         RTS
.Sub_A90D_freeinfo
     A176   4A         LSR A
     A177   4A         LSR A
     A178   4A         LSR A
     A179   20 FE 80   JSR &80FE
     A17C   20 B6 80   JSR &80B6
     A17F   20 46 69 ...
     A186   86 BC      STX &BC
     A188   84 BD      STY &BD
     A18A   98         TYA
     A18B   20 09 81   JSR &8109
     A18E   8A         TXA
     A18F   20 01 81   JSR &8101
     A192   20 B6 80   JSR &80B6
     A195   20 53 65 ...
     A19E   A9 00      LDA #&00
     A1A0   85 BB      STA &BB
     A1A2   85 BE      STA &BE
     A1A4   A2 1F      LDX #&1F
     A1A6   86 C1      STX &C1
     A1A8   A2 09      LDX #&09
.Label_A941_loop1
     A1AA   9D 00 C2   STA &C200,X
     A1AD   CA         DEX
     A1AE   10 FA      BPL &A1AA
.Label_A947_loop2
     A1B0   06 BB      ASL &BB
     A1B2   26 BC      ROL &BC
     A1B4   26 BD      ROL &BD
     A1B6   26 BE      ROL &BE
     A1B8   A2 00      LDX #&00
     A1BA   A0 09      LDY #&09
.Label_A953_loop3
     A1BC   BD 00 C2   LDA &C200,X
     A1BF   2A         ROL A
     A1C0   C9 0A      CMP #&0A
     A1C2   90 02      BCC &A1C6
     A1C4   E9 0A      SBC #&0A
.Label_A95D
     A1C6   9D 00 C2   STA &C200,X
     A1C9   E8         INX
     A1CA   88         DEY
     A1CB   10 EF      BPL &A1BC
     A1CD   C6 C1      DEC &C1
     A1CF   10 DF      BPL &A1B0
     A1D1   A0 20      LDY #&20
     A1D3   A2 05      LDX #&05
.Label_A96C_loop4
     A1D5   D0 02      BNE &A1D9
     A1D7   A0 2C      LDY #&2C
.Label_A970
     A1D9   BD 00 C2   LDA &C200,X
     A1DC   D0 07      BNE &A1E5
     A1DE   C0 2C      CPY #&2C
     A1E0   F0 03      BEQ &A1E5
     A1E2   98         TYA
     A1E3   D0 04      BNE &A1E9
.Label_A97D
     A1E5   A0 2C      LDY #&2C
     A1E7   09 30      ORA #&30
.Label_A982
     A1E9   20 EE FF   JSR &FFEE
     A1EC   E0 03      CPX #&03
     A1EE   D0 04      BNE &A1F4
     A1F0   98         TYA
     A1F1   20 EE FF   JSR &FFEE
.Label_A98D
     A1F4   CA         DEX
     A1F5   10 DE      BPL &A1D5
     A1F7   20 B6 80   JSR &80B6
     A1FA   20 42 79 ...
     A201   EA         NOP
     A202   4C B6 80   JMP &80B6
.ReportMMCErrS
     A205   A2 FF      LDX #&FF
     A207   D0 02      BNE &A20B
.ReportMMCErr
     A209   A2 00      LDX #&00
.rmmc
     A20B   A0 FF      LDY #&FF
     A20D   8C 82 C2   STY &C282
     A210   85 B0      STA &B0
     A212   86 B1      STX &B1
     A214   20 3C 80   JSR &803C
     A217   68         PLA
     A218   85 B8      STA &B8
     A21A   68         PLA
     A21B   85 B9      STA &B9
     A21D   A0 00      LDY #&00
     A21F   8C 9F C2   STY &C29F
     A222   8C 00 01   STY &0100
.rmmc_loop
     A225   C8         INY
     A226   F0 07      BEQ &A22F
     A228   B1 B8      LDA (&B8),Y
     A22A   99 00 01   STA &0100,Y
     A22D   D0 F6      BNE &A225
.rmmc_cont
     A22F   A5 B0      LDA &B0
     A231   20 03 8D   JSR &8D03
     A234   A5 B1      LDA &B1
     A236   F0 18      BEQ &A250
     A238   A9 2F      LDA #&2F
     A23A   99 00 01   STA &0100,Y
     A23D   C8         INY
     A23E   AD 89 C2   LDA &C289
     A241   20 03 8D   JSR &8D03
     A244   AD 8A C2   LDA &C28A
     A247   20 03 8D   JSR &8D03
     A24A   AD 8B C2   LDA &C28B
     A24D   20 03 8D   JSR &8D03
.rmmc_j100
     A250   A9 00      LDA #&00
     A252   99 00 01   STA &0100,Y
     A255   4C 00 01   JMP &0100
Including file FAT.asm
.FATLoadRootDirectory
     A258   A9 DD      LDA #&DD
     A25A   8D 82 C2   STA &C282
     A25D   A9 00      LDA #&00
     A25F   85 BE      STA &BE
     A261   85 BF      STA &BF
     A263   85 C0      STA &C0
     A265   20 6C A2   JSR &A26C
     A268   F0 12      BEQ &A27C
     A26A   18         CLC
     A26B   60         RTS
.isfat
     A26C   20 11 AB   JSR &AB11
     A26F   AD FE C1   LDA &C1FE
     A272   C9 55      CMP #&55
     A274   D0 05      BNE &A27B
     A276   AD FF C1   LDA &C1FF
     A279   C9 AA      CMP #&AA
.ifx
     A27B   60         RTS
.fat
     A27C   AD 00 C0   LDA &C000
     A27F   C9 EB      CMP #&EB
     A281   D0 0E      BNE &A291
     A283   AD 02 C0   LDA &C002
     A286   C9 90      CMP #&90
     A288   D0 07      BNE &A291
     A28A   AD 0C C0   LDA &C00C
     A28D   C9 02      CMP #&02
     A28F   F0 2F      BEQ &A2C0
.mbr
     A291   AD C6 C1   LDA &C1C6
     A294   0A         ASL A
     A295   85 BE      STA &BE
     A297   AD C7 C1   LDA &C1C7
     A29A   2A         ROL A
     A29B   85 BF      STA &BF
     A29D   AD C8 C1   LDA &C1C8
     A2A0   2A         ROL A
     A2A1   B0 0C      BCS &A2AF
     A2A3   85 C0      STA &C0
     A2A5   AD C9 C1   LDA &C1C9
     A2A8   D0 05      BNE &A2AF
     A2AA   20 6C A2   JSR &A26C
     A2AD   F0 11      BEQ &A2C0
.faterr1
     A2AF   20 69 80   JSR &8069
     A2B2   FF
     A2B3   43 61 72 ...
     A2BF   00
.nombr
     A2C0   AD 0B C0   LDA &C00B
     A2C3   D0 EA      BNE &A2AF
     A2C5   AD 0C C0   LDA &C00C
     A2C8   C9 02      CMP #&02
     A2CA   D0 E3      BNE &A2AF
     A2CC   AD 11 C0   LDA &C011
     A2CF   85 C1      STA &C1
     A2D1   AD 12 C0   LDA &C012
     A2D4   4A         LSR A
     A2D5   66 C1      ROR &C1
     A2D7   4A         LSR A
     A2D8   66 C1      ROR &C1
     A2DA   4A         LSR A
     A2DB   66 C1      ROR &C1
     A2DD   85 C2      STA &C2
     A2DF   AD 0D C0   LDA &C00D
     A2E2   85 C3      STA &C3
     A2E4   AD 0E C0   LDA &C00E
     A2E7   0A         ASL A
     A2E8   2E 0F C0   ROL &C00F
     A2EB   B0 C2      BCS &A2AF
     A2ED   65 BE      ADC &BE
     A2EF   85 BE      STA &BE
     A2F1   AD 0F C0   LDA &C00F
     A2F4   65 BF      ADC &BF
     A2F6   85 BF      STA &BF
     A2F8   90 02      BCC &A2FC
     A2FA   E6 C0      INC &C0
.skipinc1
     A2FC   AD 11 C0   LDA &C011
     A2FF   0D 12 C0   ORA &C012
     A302   F0 14      BEQ &A318
     A304   AD 16 C0   LDA &C016
     A307   8D 24 C0   STA &C024
     A30A   AD 17 C0   LDA &C017
     A30D   8D 25 C0   STA &C025
     A310   A9 00      LDA #&00
     A312   8D 26 C0   STA &C026
     A315   8D 27 C0   STA &C027
.fat32
     A318   0E 24 C0   ASL &C024
     A31B   2E 25 C0   ROL &C025
     A31E   2E 26 C0   ROL &C026
     A321   2E 27 C0   ROL &C027
     A324   B0 89      BCS &A2AF
     A326   AE 10 C0   LDX &C010
.loop
     A329   18         CLC
     A32A   A5 BE      LDA &BE
     A32C   6D 24 C0   ADC &C024
     A32F   85 BE      STA &BE
     A331   A5 BF      LDA &BF
     A333   6D 25 C0   ADC &C025
     A336   85 BF      STA &BF
     A338   A5 C0      LDA &C0
     A33A   6D 26 C0   ADC &C026
     A33D   85 C0      STA &C0
     A33F   CA         DEX
     A340   D0 E7      BNE &A329
     A342   20 11 AB   JSR &AB11
     A345   38         SEC
     A346   60         RTS
.FATSearchRootDirectory
     A347   A5 C0      LDA &C0
     A349   48         PHA
     A34A   A5 BF      LDA &BF
     A34C   48         PHA
     A34D   A5 BE      LDA &BE
     A34F   48         PHA
.FATSearchRootDirectoryloop
     A350   A2 00      LDX #&00
     A352   86 C4      STX &C4
     A354   A9 C0      LDA #&C0
     A356   85 C5      STA &C5
     A358   E8         INX
.dirloop
     A359   A0 0B      LDY #&0B
     A35B   B1 C4      LDA (&C4),Y
     A35D   29 0F      AND #&0F
     A35F   D0 0F      BNE &A370
     A361   88         DEY
.comploop
     A362   B1 C4      LDA (&C4),Y
     A364   F0 2D      BEQ &A393
     A366   D9 F0 C2   CMP &C2F0,Y
     A369   D0 05      BNE &A370
     A36B   88         DEY
     A36C   10 F4      BPL &A362
     A36E   30 28      BMI &A398
.nextfile
     A370   18         CLC
     A371   A5 C4      LDA &C4
     A373   69 20      ADC #&20
     A375   85 C4      STA &C4
     A377   D0 E0      BNE &A359
     A379   E6 C5      INC &C5
     A37B   CA         DEX
     A37C   10 DB      BPL &A359
.incfatsector
     A37E   A5 BE      LDA &BE
     A380   18         CLC
     A381   69 02      ADC #&02
     A383   85 BE      STA &BE
     A385   90 06      BCC &A38D
     A387   E6 BF      INC &BF
     A389   D0 02      BNE &A38D
     A38B   E6 C0      INC &C0
.readnextfatsector
     A38D   20 11 AB   JSR &AB11
     A390   4C 50 A3   JMP &A350
.filenotfound
     A393   68         PLA
     A394   68         PLA
     A395   68         PLA
     A396   38         SEC
     A397   60         RTS
.filefound
     A398   18         CLC
     A399   68         PLA
     A39A   65 C1      ADC &C1
     A39C   85 BE      STA &BE
     A39E   68         PLA
     A39F   65 C2      ADC &C2
     A3A1   85 BF      STA &BF
     A3A3   68         PLA
     A3A4   69 00      ADC #&00
     A3A6   85 C0      STA &C0
     A3A8   A6 C3      LDX &C3
     A3AA   A0 14      LDY #&14
     A3AC   B1 C4      LDA (&C4),Y
     A3AE   48         PHA
     A3AF   A0 1B      LDY #&1B
     A3B1   B1 C4      LDA (&C4),Y
     A3B3   48         PHA
     A3B4   88         DEY
     A3B5   B1 C4      LDA (&C4),Y
     A3B7   38         SEC
     A3B8   E9 02      SBC #&02
     A3BA   85 C3      STA &C3
     A3BC   68         PLA
     A3BD   E9 00      SBC #&00
     A3BF   85 C4      STA &C4
     A3C1   68         PLA
     A3C2   E9 00      SBC #&00
     A3C4   85 C5      STA &C5
     A3C6   05 C4      ORA &C4
     A3C8   05 C3      ORA &C3
     A3CA   F0 1C      BEQ &A3E8
     A3CC   06 C3      ASL &C3
     A3CE   26 C4      ROL &C4
     A3D0   26 C5      ROL &C5
.clustloop
     A3D2   18         CLC
     A3D3   A5 BE      LDA &BE
     A3D5   65 C3      ADC &C3
     A3D7   85 BE      STA &BE
     A3D9   A5 BF      LDA &BF
     A3DB   65 C4      ADC &C4
     A3DD   85 BF      STA &BF
     A3DF   A5 C0      LDA &C0
     A3E1   65 C5      ADC &C5
     A3E3   85 C0      STA &C0
     A3E5   CA         DEX
     A3E6   D0 EA      BNE &A3D2
.exit
     A3E8   18         CLC
     A3E9   60         RTS
Processed file 'FAT.asm' ok
.CalculateCRC7
     A3EA   A0 0F      LDY #&0F
     A3EC   A9 00      LDA #&00
.c7loop1
     A3EE   59 DF C2   EOR &C2DF,Y
     A3F1   0A         ASL A
     A3F2   A2 07      LDX #&07
.c7loop2
     A3F4   90 02      BCC &A3F8
     A3F6   49 12      EOR #&12
.c7b7z1
     A3F8   0A         ASL A
     A3F9   CA         DEX
     A3FA   D0 F8      BNE &A3F4
     A3FC   90 02      BCC &A400
     A3FE   49 12      EOR #&12
.c7b7z2
     A400   88         DEY
     A401   10 EB      BPL &A3EE
     A403   09 01      ORA #&01
     A405   60         RTS
.CheckCRC7
     A406   20 EA 83   JSR &83EA
     A409   20 EA A3   JSR &A3EA
     A40C   CD EF C2   CMP &C2EF
     A40F   D0 01      BNE &A412
     A411   60         RTS
.errBadSum
     A412   20 4F 80   JSR &804F
     A415   FF
     A416   53 75 6D 
     A419   00
.storeDRIVE_INDEX4_ResetCRC7
     A41A   9D E3 C2   STA &C2E3,X
.ResetCRC7
     A41D   20 EA 83   JSR &83EA
     A420   20 EA A3   JSR &A3EA
     A423   8D EF C2   STA &C2EF
     A426   60         RTS
.MMC_Sector_Reset
     A427   A0 0A      LDY #&0A
.loop
     A429   B9 9C A4   LDA &A49C,Y
     A42C   99 F0 C2   STA &C2F0,Y
     A42F   88         DEY
     A430   10 F7      BPL &A429
     A432   20 7C AA   JSR &AA7C
     A435   8D EC C2   STA &C2EC
     A438   8C EB C2   STY &C2EB
     A43B   A9 00      LDA #&00
     A43D   8D EA C2   STA &C2EA
     A440   20 1D A4   JSR &A41D
     A443   20 58 A2   JSR &A258
     A446   90 05      BCC &A44D
     A448   20 47 A3   JSR &A347
     A44B   B0 3A      BCS &A487
.nofat
     A44D   A5 BE      LDA &BE
     A44F   8D E7 C2   STA &C2E7
     A452   A5 BF      LDA &BF
     A454   8D E8 C2   STA &C2E8
     A457   A5 C0      LDA &C0
     A459   8D E9 C2   STA &C2E9
     A45C   A9 FF      LDA #&FF
     A45E   8D EA C2   STA &C2EA
     A461   A9 00      LDA #&00
     A463   20 29 A7   JSR &A729
     A466   A2 00      LDX #&00
     A468   AD 08 C0   LDA &C008
     A46B   49 A0      EOR #&A0
     A46D   C9 10      CMP #&10
     A46F   B0 01      BCS &A472
     A471   AA         TAX
.skip
     A472   E8         INX
     A473   8E EE C2   STX &C2EE
     A476   A2 00      LDX #&00
     A478   AD 09 C0   LDA &C009
     A47B   CD EE C2   CMP &C2EE
     A47E   B0 01      BCS &A481
     A480   AA         TAX
.skip2
     A481   8E ED C2   STX &C2ED
     A484   4C 1D A4   JMP &A41D
.fileerr
     A487   20 69 80   JSR &8069
     A48A   FF
     A48B   49 6D 61 ...
     A49B   00
.filemmb
     A49C   42 45 45 ...
.CheckWriteProtect
     A4A7   A6 CD      LDX &CD
     A4A9   BD E3 C2   LDA &C2E3,X
     A4AC   0A         ASL A
     A4AD   30 13      BMI &A4C2
     A4AF   60         RTS
.CheckCurDrvFormatted
     A4B0   18         CLC
.CheckCurDrvUnformatted
.chkdrv1
     A4B1   A6 CD      LDX &CD
     A4B3   BD E3 C2   LDA &C2E3,X
     A4B6   10 18      BPL &A4D0
     A4B8   29 20      AND #&20
     A4BA   B0 03      BCS &A4BF
     A4BC   D0 1E      BNE &A4DC
     A4BE   60         RTS
.chkdrv2
     A4BF   F0 2D      BEQ &A4EE
     A4C1   60         RTS
.errReadOnly
     A4C2   20 44 80   JSR &8044
     A4C5   C9
     A4C6   72 65 61 ...
     A4CF   00
.errNoDisk
     A4D0   20 69 80   JSR &8069
     A4D3   C7
     A4D4   4E 6F 20 ...
     A4DB   00
.errNotFormatted
     A4DC   20 44 80   JSR &8044
     A4DF   C7
     A4E0   6E 6F 74 ...
     A4ED   00
.errFormatted
     A4EE   20 44 80   JSR &8044
     A4F1   C7
     A4F2   61 6C 72 ...
     A503   00
.calculate_div_mod_511_zp_x
     A504   B5 01      LDA &01,X
     A506   4A         LSR A
     A507   48         PHA
     A508   90 06      BCC &A510
     A50A   75 00      ADC &00,X
     A50C   68         PLA
     A50D   69 00      ADC #&00
     A50F   48         PHA
.done
     A510   75 00      ADC &00,X
     A512   85 B2      STA &B2
     A514   B5 01      LDA &01,X
     A516   69 00      ADC #&00
     A518   29 01      AND #&01
     A51A   85 B3      STA &B3
     A51C   68         PLA
     A51D   18         CLC
     A51E   6D ED C2   ADC &C2ED
     A521   CD EE C2   CMP &C2EE
     A524   60         RTS
.DiskStart
     A525   20 08 AD   JSR &AD08
     A528   20 B0 A4   JSR &A4B0
.DiskStartX
     A52B   A0 00      LDY #&00
     A52D   84 BE      STY &BE
     A52F   84 BF      STY &BF
     A531   84 C0      STY &C0
     A533   8A         TXA
     A534   30 0C      BMI &A542
     A536   BD DF C2   LDA &C2DF,X
     A539   85 BE      STA &BE
     A53B   BD E3 C2   LDA &C2E3,X
Macro MASK_DISKNO:
     A53E   29 1F      AND #&1F
End macro MASK_DISKNO
     A540   85 BF      STA &BF
.skip_drive
     A542   A2 BE      LDX #&BE
     A544   20 04 A5   JSR &A504
     A547   48         PHA
     A548   A5 B3      LDA &B3
     A54A   85 BF      STA &BF
     A54C   A5 B2      LDA &B2
     A54E   A0 05      LDY #&05
.dsxloop1
     A550   0A         ASL A
     A551   26 BF      ROL &BF
     A553   26 C0      ROL &C0
     A555   88         DEY
     A556   D0 F8      BNE &A550
     A558   85 BE      STA &BE
     A55A   A0 03      LDY #&03
.dsxloop2
     A55C   A5 B2      LDA &B2
     A55E   18         CLC
     A55F   65 BF      ADC &BF
     A561   85 BF      STA &BF
     A563   A5 B3      LDA &B3
     A565   65 C0      ADC &C0
     A567   85 C0      STA &C0
     A569   88         DEY
     A56A   D0 F0      BNE &A55C
     A56C   68         PLA
     A56D   A8         TAY
     A56E   20 F3 A6   JSR &A6F3
     A571   A9 20      LDA #&20
     A573   18         CLC
     A574   65 BE      ADC &BE
     A576   85 BE      STA &BE
     A578   90 06      BCC &A580
     A57A   E6 BF      INC &BF
     A57C   D0 02      BNE &A580
     A57E   E6 C0      INC &C0
.done
     A580   60         RTS
.CalcRWVars
     A581   20 25 A5   JSR &A525
     A584   18         CLC
     A585   AD 97 C2   LDA &C297
     A588   65 BE      ADC &BE
     A58A   85 BE      STA &BE
     A58C   AD 96 C2   LDA &C296
     A58F   29 03      AND #&03
     A591   48         PHA
     A592   65 BF      ADC &BF
     A594   85 BF      STA &BF
     A596   90 02      BCC &A59A
     A598   E6 C0      INC &C0
.cvskip
     A59A   AD 95 C2   LDA &C295
     A59D   85 CE      STA &CE
     A59F   AD 96 C2   LDA &C296
     A5A2   4A         LSR A
     A5A3   4A         LSR A
     A5A4   4A         LSR A
     A5A5   4A         LSR A
     A5A6   29 03      AND #&03
     A5A8   85 CF      STA &CF
     A5AA   AD 94 C2   LDA &C294
     A5AD   85 C3      STA &C3
     A5AF   F0 06      BEQ &A5B7
     A5B1   E6 CE      INC &CE
     A5B3   D0 02      BNE &A5B7
     A5B5   E6 CF      INC &CF
.cvskip2
     A5B7   18         CLC
     A5B8   AD 97 C2   LDA &C297
     A5BB   65 CE      ADC &CE
     A5BD   AA         TAX
     A5BE   68         PLA
     A5BF   65 CF      ADC &CF
     A5C1   C9 03      CMP #&03
     A5C3   90 06      BCC &A5CB
     A5C5   D0 05      BNE &A5CC
     A5C7   E0 21      CPX #&21
     A5C9   B0 01      BCS &A5CC
.cvnoof
     A5CB   60         RTS
.errOverflow
     A5CC   20 44 80   JSR &8044
     A5CF   FF
     A5D0   6F 76 65 ...
     A5D8   00
.Set_CurDirDrv_ToDefaults_CheckCurDrvCat
     A5D9   20 D1 8B   JSR &8BD1
.CheckCurDrvCat
     A5DC   AD 82 C2   LDA &C282
     A5DF   C5 CD      CMP &CD
     A5E1   D0 07      BNE &A5EA
     A5E3   60         RTS
.Set_CurDirDrv_ToDefaults_and_load
     A5E4   20 D1 8B   JSR &8BD1
.LoadCurDrvCat2
     A5E7   20 EA 83   JSR &83EA
.LoadCurDrvCat
     A5EA   20 25 A5   JSR &A525
     A5ED   20 11 AB   JSR &AB11
.rwcatexit
     A5F0   A5 CD      LDA &CD
     A5F2   8D 82 C2   STA &C282
     A5F5   4C 8B AD   JMP &AD8B
.SaveCatToDisk
     A5F8   AD 04 C1   LDA &C104
     A5FB   18         CLC
     A5FC   F8         SED
     A5FD   69 01      ADC #&01
     A5FF   8D 04 C1   STA &C104
     A602   D8         CLD
     A603   20 25 A5   JSR &A525
     A606   20 A7 A4   JSR &A4A7
     A609   20 28 AB   JSR &AB28
     A60C   4C F0 A5   JMP &A5F0
.RW_Track
     A60F   A5 B4      LDA &B4
     A611   D0 05      BNE &A618
     A613   A6 CD      LDX &CD
     A615   20 2B A5   JSR &A52B
.rwtrk1
     A618   A9 05      LDA #&05
     A61A   85 B6      STA &B6
.rwtrk2_loop
     A61C   24 C9      BIT &C9
     A61E   30 06      BMI &A626
     A620   20 11 AB   JSR &AB11
     A623   4C 29 A6   JMP &A629
.rwtrk3
     A626   20 28 AB   JSR &AB28
.rwtrk4
     A629   E6 BE      INC &BE
     A62B   E6 BE      INC &BE
     A62D   D0 06      BNE &A635
     A62F   E6 BF      INC &BF
     A631   D0 02      BNE &A635
     A633   E6 C0      INC &C0
.rwtrk5
     A635   C6 B6      DEC &B6
     A637   D0 E3      BNE &A61C
     A639   60         RTS
.GetIndex
     A63A   A2 B8      LDX #&B8
     A63C   20 04 A5   JSR &A504
Macro DO_ASLA_X4:
     A63F   0A         ASL A
     A640   0A         ASL A
     A641   0A         ASL A
     A642   0A         ASL A
End macro DO_ASLA_X4
     A643   A4 B2      LDY &B2
     A645   C8         INY
     A646   85 B0      STA &B0
     A648   66 B3      ROR &B3
     A64A   98         TYA
     A64B   D0 01      BNE &A64E
     A64D   38         SEC
.skip
     A64E   2A         ROL A
     A64F   2A         ROL A
     A650   2A         ROL A
     A651   2A         ROL A
     A652   48         PHA
     A653   29 0F      AND #&0F
     A655   05 B0      ORA &B0
     A657   A8         TAY
     A658   68         PLA
     A659   29 F0      AND #&F0
     A65B   85 B0      STA &B0
     A65D   A9 00      LDA #&00
     A65F   69 C0      ADC #&C0
     A661   85 B1      STA &B1
     A663   98         TYA
     A664   60         RTS
.GetDriveStatus
     A665   18         CLC
.GetDriveStatusC
     A666   20 B1 A4   JSR &A4B1
     A669   BD DF C2   LDA &C2DF,X
     A66C   85 B8      STA &B8
     A66E   BD E3 C2   LDA &C2E3,X
Macro MASK_DISKNO:
     A671   29 1F      AND #&1F
End macro MASK_DISKNO
     A673   85 B9      STA &B9
.GetDiskStatus
     A675   20 3A A6   JSR &A63A
     A678   20 1D A7   JSR &A71D
     A67B   A0 0F      LDY #&0F
     A67D   B1 B0      LDA (&B0),Y
     A67F   C9 FF      CMP #&FF
     A681   F0 02      BEQ &A685
     A683   AA         TAX
     A684   60         RTS
.ErrNotValid
     A685   20 44 80   JSR &8044
     A688   C7
     A689   6E 75 6D ...
     A699   00
.LoadDrive
     A69A   A6 CD      LDX &CD
.LoadDriveX
     A69C   8A         TXA
     A69D   48         PHA
     A69E   A9 C0      LDA #&C0
     A6A0   85 B7      STA &B7
     A6A2   20 75 A6   JSR &A675
     A6A5   F0 0A      BEQ &A6B1
     A6A7   10 04      BPL &A6AD
     A6A9   A9 E0      LDA #&E0
     A6AB   D0 02      BNE &A6AF
.ldiskrw
     A6AD   A9 80      LDA #&80
.ldisknf
     A6AF   85 B7      STA &B7
.ldiskro
     A6B1   20 06 A4   JSR &A406
     A6B4   8A         TXA
     A6B5   48         PHA
     A6B6   A2 03      LDX #&03
.uldloop
     A6B8   BD DF C2   LDA &C2DF,X
     A6BB   C5 B8      CMP &B8
     A6BD   D0 0C      BNE &A6CB
     A6BF   BD E3 C2   LDA &C2E3,X
Macro MASK_DISKNO:
     A6C2   29 1F      AND #&1F
End macro MASK_DISKNO
     A6C4   C5 B9      CMP &B9
     A6C6   D0 03      BNE &A6CB
     A6C8   9D E3 C2   STA &C2E3,X
.uldskip
     A6CB   CA         DEX
     A6CC   10 EA      BPL &A6B8
     A6CE   68         PLA
     A6CF   AA         TAX
     A6D0   68         PLA
     A6D1   AA         TAX
     A6D2   A5 B8      LDA &B8
     A6D4   9D DF C2   STA &C2DF,X
     A6D7   A5 B9      LDA &B9
     A6D9   05 B7      ORA &B7
     A6DB   4C 1A A4   JMP &A41A
.DiskTableSec
     A6DE   AD D4 C2   LDA &C2D4
     A6E1   48         PHA
     A6E2   4A         LSR A
     A6E3   4A         LSR A
     A6E4   4A         LSR A
     A6E5   4A         LSR A
     A6E6   A8         TAY
     A6E7   68         PLA
     A6E8   29 0F      AND #&0F
     A6EA   0A         ASL A
     A6EB   85 BE      STA &BE
     A6ED   A9 00      LDA #&00
     A6EF   85 BF      STA &BF
     A6F1   85 C0      STA &C0
.add_chunk_sector
     A6F3   98         TYA
     A6F4   F0 10      BEQ &A706
     A6F6   18         CLC
.loop
     A6F7   A9 3D      LDA #&3D
     A6F9   65 BF      ADC &BF
     A6FB   85 BF      STA &BF
     A6FD   A9 06      LDA #&06
     A6FF   65 C0      ADC &C0
     A701   85 C0      STA &C0
     A703   88         DEY
     A704   D0 F1      BNE &A6F7
.done
.add_mmc_sector
     A706   AD E7 C2   LDA &C2E7
     A709   18         CLC
     A70A   65 BE      ADC &BE
     A70C   85 BE      STA &BE
     A70E   AD E8 C2   LDA &C2E8
     A711   65 BF      ADC &BF
     A713   85 BF      STA &BF
     A715   AD E9 C2   LDA &C2E9
     A718   65 C0      ADC &C0
     A71A   85 C0      STA &C0
.ldtloaded
     A71C   60         RTS
.CheckDiskTable
     A71D   2C 82 C2   BIT &C282
     A720   10 07      BPL &A729
     A722   70 05      BVS &A729
     A724   CD D4 C2   CMP &C2D4
     A727   F0 F3      BEQ &A71C
.LoadDiskTable
     A729   8D D4 C2   STA &C2D4
     A72C   A9 80      LDA #&80
     A72E   8D 82 C2   STA &C282
     A731   20 DE A6   JSR &A6DE
     A734   4C 11 AB   JMP &AB11
.SaveDiskTable
     A737   20 DE A6   JSR &A6DE
     A73A   4C 28 AB   JMP &AB28
.GetDiskFirstAllX
     A73D   86 B7      STX &B7
.GetDiskFirstAll
     A73F   A9 00      LDA #&00
     A741   85 B8      STA &B8
     A743   85 B9      STA &B9
.GetDiskFirst
     A745   20 3A A6   JSR &A63A
     A748   85 B2      STA &B2
     A74A   20 1D A7   JSR &A71D
     A74D   4C B2 A7   JMP &A7B2
.print_pluralized_disks
     A750   98         TYA
     A751   48         PHA
     A752   A2 00      LDX #&00
     A754   20 EF AE   JSR &AEEF
     A757   20 96 80   JSR &8096
     A75A   20 64 69 ...
     A75F   EA         NOP
     A760   68         PLA
     A761   AA         TAX
     A762   B5 01      LDA &01,X
     A764   D0 04      BNE &A76A
     A766   D6 00      DEC &00,X
     A768   F0 05      BEQ &A76F
.NotOne
     A76A   A9 73      LDA #&73
     A76C   20 D5 80   JSR &80D5
.nos
     A76F   4C 96 80   JMP &8096
.gdnextloop
     A772   C9 FF      CMP #&FF
     A774   F0 44      BEQ &A7BA
     A776   24 B7      BIT &B7
     A778   30 3E      BMI &A7B8
.GetDiskNext
     A77A   20 EF 8C   JSR &8CEF
     A77D   18         CLC
     A77E   A5 B0      LDA &B0
     A780   69 10      ADC #&10
     A782   85 B0      STA &B0
     A784   D0 26      BNE &A7AC
     A786   A5 B1      LDA &B1
     A788   49 01      EOR #&01
     A78A   85 B1      STA &B1
     A78C   6A         ROR A
     A78D   B0 1D      BCS &A7AC
     A78F   AD EE C2   LDA &C2EE
Macro DO_ASLA_X4:
     A792   0A         ASL A
     A793   0A         ASL A
     A794   0A         ASL A
     A795   0A         ASL A
End macro DO_ASLA_X4
     A796   18         CLC
     A797   E5 B2      SBC &B2
     A799   F0 1F      BEQ &A7BA
     A79B   E6 B2      INC &B2
     A79D   A5 B2      LDA &B2
     A79F   20 1D A7   JSR &A71D
     A7A2   A5 B2      LDA &B2
     A7A4   29 0F      AND #&0F
     A7A6   D0 04      BNE &A7AC
     A7A8   A9 10      LDA #&10
     A7AA   85 B0      STA &B0
.gdx1
     A7AC   E6 B8      INC &B8
     A7AE   D0 02      BNE &A7B2
     A7B0   E6 B9      INC &B9
.gdx50
.gdfirst
     A7B2   A0 0F      LDY #&0F
     A7B4   B1 B0      LDA (&B0),Y
     A7B6   30 BA      BMI &A772
.gdfrmt
     A7B8   18         CLC
     A7B9   60         RTS
.gdfin
     A7BA   A9 FF      LDA #&FF
     A7BC   85 B9      STA &B9
     A7BE   38         SEC
     A7BF   60         RTS
.bcd_inc16_zp_x_A8
     A7C0   A2 A8      LDX #&A8
.bcd_inc16_zp_x
     A7C2   F8         SED
     A7C3   18         CLC
     A7C4   B5 00      LDA &00,X
     A7C6   69 01      ADC #&01
     A7C8   95 00      STA &00,X
     A7CA   B5 01      LDA &01,X
     A7CC   69 00      ADC #&00
     A7CE   95 01      STA &01,X
     A7D0   D8         CLD
     A7D1   60         RTS
Including file MMC_UserPort.asm
.MMC_SendingData
     A7D2   20 E9 A7   JSR &A7E9
     A7D5   A9 FE      LDA #&FE
.UP_WriteByte
     A7D7   48         PHA
     A7D8   20 EA A8   JSR &A8EA
     A7DB   68         PLA
     A7DC   8D 6A FE   STA &FE6A
     A7DF   A9 04      LDA #&04
.wait
     A7E1   2C 6D FE   BIT &FE6D
     A7E4   F0 FB      BEQ &A7E1
     A7E6   4C 5D A9   JMP &A95D
.MMC_16Clocks
     A7E9   A0 02      LDY #&02
.MMC_Clocks
.MMC_SlowClocks
.clku1
     A7EB   20 8C A8   JSR &A88C
     A7EE   88         DEY
     A7EF   D0 FA      BNE &A7EB
     A7F1   60         RTS
.MMC_DoCommand
     A7F2   A2 00      LDX #&00
     A7F4   A0 07      LDY #&07
.dcmdu1
     A7F6   BD 87 C2   LDA &C287,X
     A7F9   20 D7 A7   JSR &A7D7
     A7FC   E8         INX
     A7FD   88         DEY
     A7FE   D0 F6      BNE &A7F6
.waitresp_up
     A800   A2 09      LDX #&09
     A802   A0 00      LDY #&00
.wrup
     A804   88         DEY
     A805   F0 0F      BEQ &A816
     A807   A9 0B      LDA #&0B
     A809   8E 60 FE   STX &FE60
     A80C   8D 60 FE   STA &FE60
     A80F   AD 6A FE   LDA &FE6A
     A812   29 01      AND #&01
     A814   D0 EE      BNE &A804
.wrup_timeout
     A816   A9 0B      LDA #&0B
.UP_ReadBits7
     A818   8E 60 FE   STX &FE60
     A81B   8D 60 FE   STA &FE60
     A81E   8E 60 FE   STX &FE60
     A821   8D 60 FE   STA &FE60
     A824   8E 60 FE   STX &FE60
     A827   8D 60 FE   STA &FE60
     A82A   8E 60 FE   STX &FE60
     A82D   8D 60 FE   STA &FE60
     A830   8E 60 FE   STX &FE60
     A833   8D 60 FE   STA &FE60
     A836   8E 60 FE   STX &FE60
     A839   8D 60 FE   STA &FE60
     A83C   8E 60 FE   STX &FE60
     A83F   8D 60 FE   STA &FE60
     A842   AD 6A FE   LDA &FE6A
     A845   60         RTS
.MMC_WaitForData
.wlu1
     A846   20 8C A8   JSR &A88C
     A849   C9 FE      CMP #&FE
     A84B   D0 F9      BNE &A846
     A84D   60         RTS
.MMC_Read256
     A84E   A2 00      LDX #&00
     A850   F0 02      BEQ &A854
.MMC_ReadBLS
     A852   A6 C3      LDX &C3
.MMC_ReadX
     A854   20 D4 A8   JSR &A8D4
     A857   A0 00      LDY #&00
     A859   AD 9E C2   LDA &C29E
     A85C   D0 0A      BNE &A868
.MMC_ReadToMemory
     A85E   20 A2 A8   JSR &A8A2
     A861   91 BC      STA (&BC),Y
     A863   C8         INY
     A864   CA         DEX
     A865   D0 F7      BNE &A85E
     A867   60         RTS
.MMC_ReadToTube
     A868   20 A2 A8   JSR &A8A2
     A86B   8D E5 FE   STA &FEE5
     A86E   EA         NOP
     A86F   EA         NOP
     A870   EA         NOP
     A871   C8         INY
     A872   CA         DEX
     A873   D0 F3      BNE &A868
.tube_delay
     A875   60         RTS
.MMC_ReadBuffer
     A876   A2 FF      LDX #&FF
     A878   8E 82 C2   STX &C282
     A87B   E8         INX
     A87C   20 D4 A8   JSR &A8D4
     A87F   A0 00      LDY #&00
.rdbuf2
     A881   20 A2 A8   JSR &A8A2
     A884   99 00 C0   STA &C000,Y
     A887   C8         INY
     A888   CA         DEX
     A889   D0 F6      BNE &A881
     A88B   60         RTS
.MMC_GetByte
.UP_ReadByteX
     A88C   A9 0B      LDA #&0B
     A88E   8D 60 FE   STA &FE60
     A891   20 D4 A8   JSR &A8D4
     A894   A9 04      LDA #&04
.lastByte
     A896   2C 6D FE   BIT &FE6D
     A899   F0 FB      BEQ &A896
     A89B   20 C3 A8   JSR &A8C3
     A89E   AD 6A FE   LDA &FE6A
     A8A1   60         RTS
.WaitForShiftDone
     A8A2   A9 04      LDA #&04
     A8A4   E0 01      CPX #&01
     A8A6   F0 EE      BEQ &A896
.notLastByte
     A8A8   2C 6D FE   BIT &FE6D
     A8AB   F0 FB      BEQ &A8A8
     A8AD   AD 6A FE   LDA &FE6A
     A8B0   60         RTS
.MMC_DEVICE_RESET
     A8B1   A9 0B      LDA #&0B
     A8B3   8D 60 FE   STA &FE60
     A8B6   AD 62 FE   LDA &FE62
     A8B9   09 1F      ORA #&1F
     A8BB   8D 62 FE   STA &FE62
     A8BE   A9 1C      LDA #&1C
     A8C0   8D 6E FE   STA &FE6E
.ShiftRegMode0
     A8C3   AD 6B FE   LDA &FE6B
     A8C6   29 E3      AND #&E3
     A8C8   8D 6B FE   STA &FE6B
     A8CB   AD 62 FE   LDA &FE62
     A8CE   09 02      ORA #&02
     A8D0   8D 62 FE   STA &FE62
     A8D3   60         RTS
.ShiftRegMode2
     A8D4   AD 62 FE   LDA &FE62
     A8D7   29 FD      AND #&FD
     A8D9   8D 62 FE   STA &FE62
     A8DC   AD 6B FE   LDA &FE6B
     A8DF   29 E3      AND #&E3
     A8E1   09 08      ORA #&08
     A8E3   8D 6B FE   STA &FE6B
     A8E6   AD 6A FE   LDA &FE6A
     A8E9   60         RTS
.ShiftRegMode6
     A8EA   A9 17      LDA #&17
     A8EC   8D 60 FE   STA &FE60
     A8EF   AD 62 FE   LDA &FE62
     A8F2   29 FD      AND #&FD
     A8F4   8D 62 FE   STA &FE62
     A8F7   AD 6B FE   LDA &FE6B
     A8FA   29 E3      AND #&E3
     A8FC   09 18      ORA #&18
     A8FE   8D 6B FE   STA &FE6B
     A901   60         RTS
.MMC_EndWrite
     A902   20 E9 A7   JSR &A7E9
.ewu1
     A905   20 8C A8   JSR &A88C
     A908   A8         TAY
     A909   29 1F      AND #&1F
     A90B   C9 1F      CMP #&1F
     A90D   F0 F6      BEQ &A905
     A90F   C9 05      CMP #&05
     A911   D0 53      BNE &A966
.ewu2
     A913   20 8C A8   JSR &A88C
     A916   C9 FF      CMP #&FF
     A918   D0 F9      BNE &A913
     A91A   60         RTS
.MMC_Write256
     A91B   20 EA A8   JSR &A8EA
     A91E   AC 9E C2   LDY &C29E
     A921   D0 11      BNE &A934
.wru1
     A923   B1 BC      LDA (&BC),Y
     A925   8D 6A FE   STA &FE6A
     A928   A9 04      LDA #&04
.wait
     A92A   2C 6D FE   BIT &FE6D
     A92D   F0 FB      BEQ &A92A
     A92F   C8         INY
     A930   D0 F1      BNE &A923
     A932   F0 29      BEQ &A95D
.wruT1
     A934   A0 00      LDY #&00
.wruT2
     A936   AD E5 FE   LDA &FEE5
     A939   8D 6A FE   STA &FE6A
     A93C   A9 04      LDA #&04
.wait
     A93E   2C 6D FE   BIT &FE6D
     A941   F0 FB      BEQ &A93E
     A943   C8         INY
     A944   D0 F0      BNE &A936
     A946   F0 15      BEQ &A95D
.MMC_WriteBuffer
     A948   A0 00      LDY #&00
     A94A   20 EA A8   JSR &A8EA
.wbu1
     A94D   B9 00 C0   LDA &C000,Y
     A950   8D 6A FE   STA &FE6A
     A953   A9 04      LDA #&04
.wait
     A955   2C 6D FE   BIT &FE6D
     A958   F0 FB      BEQ &A955
     A95A   C8         INY
     A95B   D0 F0      BNE &A94D
.ShiftRegMode6Exit
     A95D   20 C3 A8   JSR &A8C3
     A960   A9 0B      LDA #&0B
     A962   8D 60 FE   STA &FE60
     A965   60         RTS
Processed file 'MMC_UserPort.asm' ok
.errWrite2
     A966   98         TYA
     A967   20 05 A2   JSR &A205
     A96A   C5
     A96B   4D 4D 43 ...
     A984   00         BRK
Including file MMC.asm
.MMC_SetCommand
     A985   8D 88 C2   STA &C288
     A988   A9 00      LDA #&00
     A98A   8D 89 C2   STA &C289
     A98D   8D 8A C2   STA &C28A
     A990   8D 8B C2   STA &C28B
     A993   8D 8C C2   STA &C28C
     A996   A9 FF      LDA #&FF
     A998   8D 87 C2   STA &C287
     A99B   8D 8D C2   STA &C28D
     A99E   8D 8E C2   STA &C28E
     A9A1   60         RTS
.MMC_INIT
     A9A2   20 32 80   JSR &8032
     A9A5   A9 00      LDA #&00
     A9A7   8D 9F C2   STA &C29F
     A9AA   A9 32      LDA #&32
     A9AC   85 C2      STA &C2
.iloop
     A9AE   A0 0A      LDY #&0A
     A9B0   20 EB A7   JSR &A7EB
     A9B3   A9 40      LDA #&40
     A9B5   20 85 A9   JSR &A985
     A9B8   A9 95      LDA #&95
     A9BA   8D 8D C2   STA &C28D
     A9BD   20 F2 A7   JSR &A7F2
     A9C0   29 81      AND #&81
     A9C2   C9 01      CMP #&01
     A9C4   D0 2F      BNE &A9F5
     A9C6   8D DE C2   STA &C2DE
     A9C9   A9 48      LDA #&48
     A9CB   20 85 A9   JSR &A985
     A9CE   A9 01      LDA #&01
     A9D0   8D 8B C2   STA &C28B
     A9D3   A9 AA      LDA #&AA
     A9D5   8D 8C C2   STA &C28C
     A9D8   A9 87      LDA #&87
     A9DA   8D 8D C2   STA &C28D
     A9DD   20 F2 A7   JSR &A7F2
     A9E0   C9 01      CMP #&01
     A9E2   F0 24      BEQ &AA08
     A9E4   A9 00      LDA #&00
     A9E6   8D DE C2   STA &C2DE
.il1
     A9E9   A9 41      LDA #&41
     A9EB   20 85 A9   JSR &A985
     A9EE   20 F2 A7   JSR &A7F2
     A9F1   C9 02      CMP #&02
     A9F3   90 09      BCC &A9FE
.ifail
     A9F5   C6 C2      DEC &C2
     A9F7   D0 B5      BNE &A9AE
.ifaildone
     A9F9   20 3C 80   JSR &803C
     A9FC   38         SEC
     A9FD   60         RTS
.il11
     A9FE   24 FF      BIT &FF
     AA00   30 F3      BMI &A9F5
     AA02   C9 00      CMP #&00
     AA04   D0 E3      BNE &A9E9
     AA06   F0 42      BEQ &AA4A
.isdhc
     AA08   20 8C A8   JSR &A88C
     AA0B   20 8C A8   JSR &A88C
     AA0E   20 8C A8   JSR &A88C
     AA11   20 8C A8   JSR &A88C
.isdhc2
     AA14   A9 77      LDA #&77
     AA16   20 85 A9   JSR &A985
     AA19   20 F2 A7   JSR &A7F2
     AA1C   A9 69      LDA #&69
     AA1E   20 85 A9   JSR &A985
     AA21   A9 40      LDA #&40
     AA23   8D 89 C2   STA &C289
     AA26   20 F2 A7   JSR &A7F2
     AA29   D0 E9      BNE &AA14
     AA2B   A9 7A      LDA #&7A
     AA2D   20 85 A9   JSR &A985
     AA30   20 F2 A7   JSR &A7F2
     AA33   D0 C0      BNE &A9F5
     AA35   20 8C A8   JSR &A88C
     AA38   29 40      AND #&40
     AA3A   48         PHA
     AA3B   20 8C A8   JSR &A88C
     AA3E   20 8C A8   JSR &A88C
     AA41   20 8C A8   JSR &A88C
     AA44   68         PLA
     AA45   D0 03      BNE &AA4A
     AA47   8D DE C2   STA &C2DE
.iok
     AA4A   A9 50      LDA #&50
     AA4C   20 85 A9   JSR &A985
     AA4F   A9 02      LDA #&02
     AA51   8D 8B C2   STA &C28B
     AA54   20 F2 A7   JSR &A7F2
     AA57   D0 0A      BNE &AA63
     AA59   A9 40      LDA #&40
     AA5B   8D 9F C2   STA &C29F
     AA5E   20 3C 80   JSR &803C
     AA61   18         CLC
     AA62   60         RTS
.blkerr
     AA63   20 05 A2   JSR &A205
     AA66   FF
     AA67   53 65 74 ...
     AA7B   00
.MMC_GetCIDCRC
     AA7C   A9 4A      LDA #&4A
     AA7E   20 85 A9   JSR &A985
     AA81   20 C9 AA   JSR &AAC9
     AA84   A0 10      LDY #&10
     AA86   20 EB A7   JSR &A7EB
     AA89   20 8C A8   JSR &A88C
     AA8C   A8         TAY
     AA8D   4C 8C A8   JMP &A88C
.MMC_SetupWrite
     AA90   A9 58      LDA #&58
     AA92   D0 02      BNE &AA96
.MMC_SetupRead
     AA94   A9 51      LDA #&51
.setuprw
     AA96   20 85 A9   JSR &A985
.setCommandAddress
     AA99   AD DE C2   LDA &C2DE
     AA9C   D0 13      BNE &AAB1
     AA9E   8D 8C C2   STA &C28C
     AAA1   A5 C0      LDA &C0
     AAA3   8D 89 C2   STA &C289
     AAA6   A5 BF      LDA &BF
     AAA8   8D 8A C2   STA &C28A
     AAAB   A5 BE      LDA &BE
     AAAD   8D 8B C2   STA &C28B
     AAB0   60         RTS
.setCommandAddressSDHC
     AAB1   A9 00      LDA #&00
     AAB3   8D 89 C2   STA &C289
     AAB6   A5 C0      LDA &C0
     AAB8   4A         LSR A
     AAB9   8D 8A C2   STA &C28A
     AABC   A5 BF      LDA &BF
     AABE   6A         ROR A
     AABF   8D 8B C2   STA &C28B
     AAC2   A5 BE      LDA &BE
     AAC4   6A         ROR A
     AAC5   8D 8C C2   STA &C28C
     AAC8   60         RTS
.MMC_StartRead
     AAC9   20 F2 A7   JSR &A7F2
     AACC   D0 03      BNE &AAD1
     AACE   4C 46 A8   JMP &A846
.errRead
     AAD1   20 05 A2   JSR &A205
     AAD4   C5
     AAD5   4D 4D 43 ...
     AAE4   00
.MMC_StartWrite
     AAE5   20 F2 A7   JSR &A7F2
     AAE8   D0 03      BNE &AAED
     AAEA   4C D2 A7   JMP &A7D2
.errWrite
     AAED   20 05 A2   JSR &A205
     AAF0   C5
     AAF1   4D 4D 43 ...
     AB01   00
.SetupCatRW
     AB02   20 32 80   JSR &8032
     AB05   A9 00      LDA #&00
     AB07   8D 9E C2   STA &C29E
     AB0A   85 BC      STA &BC
     AB0C   A9 C0      LDA #&C0
     AB0E   85 BD      STA &BD
     AB10   60         RTS
.MMC_ReadCatalogue
     AB11   20 02 AB   JSR &AB02
     AB14   20 94 AA   JSR &AA94
     AB17   20 C9 AA   JSR &AAC9
     AB1A   20 4E A8   JSR &A84E
     AB1D   E6 BD      INC &BD
     AB1F   20 4E A8   JSR &A84E
     AB22   20 E9 A7   JSR &A7E9
     AB25   4C 3C 80   JMP &803C
.MMC_WriteCatalogue
     AB28   20 02 AB   JSR &AB02
     AB2B   20 90 AA   JSR &AA90
     AB2E   20 E5 AA   JSR &AAE5
     AB31   20 1B A9   JSR &A91B
     AB34   E6 BD      INC &BD
     AB36   20 1B A9   JSR &A91B
     AB39   20 02 A9   JSR &A902
     AB3C   4C 3C 80   JMP &803C
.MMC_RWBlock_CheckIfToTube
     AB3F   48         PHA
     AB40   AD 90 C2   LDA &C290
     AB43   8D 72 C2   STA &C272
     AB46   AD 91 C2   LDA &C291
     AB49   8D 73 C2   STA &C273
     AB4C   AD 74 C2   LDA &C274
     AB4F   2D 75 C2   AND &C275
     AB52   0D D6 C2   ORA &C2D6
     AB55   49 FF      EOR #&FF
     AB57   8D 9E C2   STA &C29E
     AB5A   38         SEC
     AB5B   F0 0D      BEQ &AB6A
     AB5D   20 D8 8C   JSR &8CD8
     AB60   A2 72      LDX #&72
     AB62   A0 C2      LDY #&C2
     AB64   68         PLA
     AB65   48         PHA
     AB66   20 06 04   JSR &0406
     AB69   18         CLC
.notTube
     AB6A   68         PLA
     AB6B   60         RTS
.MMC_ReadBlock
     AB6C   20 32 80   JSR &8032
     AB6F   20 76 AB   JSR &AB76
     AB72   4C 3C 80   JMP &803C
.rb1_exit
     AB75   60         RTS
.rdblk
     AB76   A6 CE      LDX &CE
     AB78   D0 04      BNE &AB7E
     AB7A   A5 CF      LDA &CF
     AB7C   F0 F7      BEQ &AB75
.rb1
     AB7E   A9 01      LDA #&01
     AB80   20 3F AB   JSR &AB3F
     AB83   A6 CE      LDX &CE
     AB85   66 BE      ROR &BE
     AB87   66 C2      ROR &C2
     AB89   10 07      BPL &AB92
     AB8B   E8         INX
     AB8C   86 CE      STX &CE
     AB8E   D0 02      BNE &AB92
     AB90   E6 CF      INC &CF
.rb2
     AB92   06 BE      ASL &BE
     AB94   20 94 AA   JSR &AA94
     AB97   A5 CF      LDA &CF
     AB99   D0 0E      BNE &ABA9
     AB9B   A6 CE      LDX &CE
     AB9D   E0 03      CPX #&03
     AB9F   B0 08      BCS &ABA9
.rb4_loop
     ABA1   A5 C3      LDA &C3
     ABA3   D0 40      BNE &ABE5
     ABA5   E0 01      CPX #&01
     ABA7   F0 33      BEQ &ABDC
.rb3
     ABA9   24 C2      BIT &C2
     ABAB   10 0D      BPL &ABBA
     ABAD   20 C9 AA   JSR &AAC9
     ABB0   A0 00      LDY #&00
     ABB2   84 C2      STY &C2
     ABB4   20 EB A7   JSR &A7EB
     ABB7   4C C2 AB   JMP &ABC2
.rb6_loop
     ABBA   20 C9 AA   JSR &AAC9
     ABBD   20 4E A8   JSR &A84E
     ABC0   E6 BD      INC &BD
.rb7
     ABC2   20 4E A8   JSR &A84E
     ABC5   E6 BD      INC &BD
     ABC7   20 E9 A7   JSR &A7E9
     ABCA   20 96 AD   JSR &AD96
     ABCD   20 B2 AC   JSR &ACB2
     ABD0   F0 A3      BEQ &AB75
     ABD2   A5 CF      LDA &CF
     ABD4   D0 E4      BNE &ABBA
     ABD6   E0 03      CPX #&03
     ABD8   B0 E0      BCS &ABBA
     ABDA   90 C5      BCC &ABA1
.rb9
     ABDC   20 C9 AA   JSR &AAC9
     ABDF   20 4E A8   JSR &A84E
     ABE2   4C 0C AC   JMP &AC0C
.rb5
     ABE5   20 C9 AA   JSR &AAC9
     ABE8   24 C2      BIT &C2
     ABEA   10 08      BPL &ABF4
     ABEC   A0 00      LDY #&00
     ABEE   20 EB A7   JSR &A7EB
     ABF1   4C FD AB   JMP &ABFD
.rbx1
     ABF4   C6 CE      DEC &CE
     ABF6   F0 05      BEQ &ABFD
     ABF8   20 4E A8   JSR &A84E
     ABFB   E6 BD      INC &BD
.rbx2
     ABFD   20 52 A8   JSR &A852
     AC00   98         TYA
     AC01   49 FF      EOR #&FF
     AC03   A8         TAY
     AC04   C8         INY
     AC05   20 EB A7   JSR &A7EB
     AC08   A5 CE      LDA &CE
     AC0A   D0 05      BNE &AC11
.rbx4
     AC0C   A0 00      LDY #&00
     AC0E   20 EB A7   JSR &A7EB
.rbx3
     AC11   4C E9 A7   JMP &A7E9
.wb1_exit
     AC14   60         RTS
.MMC_WriteBlock
     AC15   20 32 80   JSR &8032
     AC18   20 1E AC   JSR &AC1E
     AC1B   4C 3C 80   JMP &803C
.wrblk
     AC1E   A6 CE      LDX &CE
     AC20   D0 04      BNE &AC26
     AC22   A5 CF      LDA &CF
     AC24   F0 EE      BEQ &AC14
.wb1
     AC26   A9 00      LDA #&00
     AC28   20 3F AB   JSR &AB3F
     AC2B   A6 CE      LDX &CE
     AC2D   66 BE      ROR &BE
     AC2F   6A         ROR A
     AC30   06 BE      ASL &BE
     AC32   48         PHA
     AC33   20 90 AA   JSR &AA90
     AC36   68         PLA
     AC37   10 32      BPL &AC6B
     AC39   A9 51      LDA #&51
     AC3B   8D 88 C2   STA &C288
     AC3E   20 C9 AA   JSR &AAC9
     AC41   20 76 A8   JSR &A876
     AC44   A0 00      LDY #&00
     AC46   20 EB A7   JSR &A7EB
     AC49   A0 02      LDY #&02
     AC4B   20 EB A7   JSR &A7EB
     AC4E   A9 58      LDA #&58
     AC50   8D 88 C2   STA &C288
     AC53   20 E5 AA   JSR &AAE5
     AC56   20 48 A9   JSR &A948
     AC59   20 1B A9   JSR &A91B
     AC5C   20 02 A9   JSR &A902
     AC5F   A9 FF      LDA #&FF
     AC61   20 B4 AC   JSR &ACB4
     AC64   F0 AE      BEQ &AC14
     AC66   E6 BD      INC &BD
.wb4
     AC68   20 96 AD   JSR &AD96
.wb2
     AC6B   A5 CF      LDA &CF
     AC6D   D0 2D      BNE &AC9C
     AC6F   A6 CE      LDX &CE
     AC71   F0 3E      BEQ &ACB1
     AC73   CA         DEX
     AC74   D0 26      BNE &AC9C
     AC76   A9 51      LDA #&51
     AC78   8D 88 C2   STA &C288
     AC7B   20 C9 AA   JSR &AAC9
     AC7E   A0 00      LDY #&00
     AC80   20 EB A7   JSR &A7EB
     AC83   20 76 A8   JSR &A876
     AC86   A0 02      LDY #&02
     AC88   20 EB A7   JSR &A7EB
     AC8B   A9 58      LDA #&58
     AC8D   8D 88 C2   STA &C288
     AC90   20 E5 AA   JSR &AAE5
     AC93   20 1B A9   JSR &A91B
     AC96   20 48 A9   JSR &A948
     AC99   4C 02 A9   JMP &A902
.wb3
     AC9C   20 E5 AA   JSR &AAE5
     AC9F   20 1B A9   JSR &A91B
     ACA2   E6 BD      INC &BD
     ACA4   20 1B A9   JSR &A91B
     ACA7   E6 BD      INC &BD
     ACA9   20 02 A9   JSR &A902
     ACAC   20 B2 AC   JSR &ACB2
     ACAF   D0 B7      BNE &AC68
.wb5
     ACB1   60         RTS
.dec_seccountby2
     ACB2   A9 FE      LDA #&FE
.dec_seccount
     ACB4   18         CLC
     ACB5   65 CE      ADC &CE
     ACB7   85 CE      STA &CE
     ACB9   AA         TAX
     ACBA   A9 FF      LDA #&FF
     ACBC   65 CF      ADC &CF
     ACBE   85 CF      STA &CF
     ACC0   05 CE      ORA &CE
     ACC2   60         RTS
.MMC_ReadDiscTitle
     ACC3   20 32 80   JSR &8032
     ACC6   A9 00      LDA #&00
     ACC8   8D 9E C2   STA &C29E
     ACCB   A2 02      LDX #&02
.loop
     ACCD   B5 B4      LDA &B4,X
     ACCF   95 BE      STA &BE,X
     ACD1   CA         DEX
     ACD2   10 F9      BPL &ACCD
     ACD4   20 94 AA   JSR &AA94
     ACD7   20 C9 AA   JSR &AAC9
     ACDA   A9 00      LDA #&00
     ACDC   85 BC      STA &BC
     ACDE   A9 C2      LDA #&C2
     ACE0   85 BD      STA &BD
     ACE2   A9 08      LDA #&08
     ACE4   85 C3      STA &C3
     ACE6   20 52 A8   JSR &A852
     ACE9   A0 F8      LDY #&F8
     ACEB   20 EB A7   JSR &A7EB
     ACEE   A9 08      LDA #&08
     ACF0   85 BC      STA &BC
     ACF2   85 C3      STA &C3
     ACF4   20 52 A8   JSR &A852
     ACF7   A0 FA      LDY #&FA
     ACF9   20 EB A7   JSR &A7EB
     ACFC   4C 3C 80   JMP &803C
.MMC_BEGIN2
     ACFF   20 EA 83   JSR &83EA
     AD02   20 08 AD   JSR &AD08
     AD05   4C 8B AD   JMP &AD8B
.MMC_BEGIN1
     AD08   A2 09      LDX #&09
.begloop1
     AD0A   B5 BC      LDA &BC,X
     AD0C   9D 90 C2   STA &C290,X
     AD0F   CA         DEX
     AD10   10 F8      BPL &AD0A
     AD12   20 B1 A8   JSR &A8B1
     AD15   2C 9F C2   BIT &C29F
     AD18   70 08      BVS &AD22
     AD1A   20 A2 A9   JSR &A9A2
     AD1D   B0 12      BCS &AD31
     AD1F   20 60 AD   JSR &AD60
.beg2
     AD22   20 06 A4   JSR &A406
     AD25   AD EA C2   LDA &C2EA
     AD28   F0 01      BEQ &AD2B
     AD2A   60         RTS
.beg3
     AD2B   20 27 A4   JSR &A427
     AD2E   4C 3B AD   JMP &AD3B
.carderr
     AD31   20 69 80   JSR &8069
     AD34   FF
     AD35   43 61 72 ...
     AD3A   00
.MMC_LoadDisks
     AD3B   A2 03      LDX #&03
.loop
     AD3D   20 51 AD   JSR &AD51
     AD40   BD 00 C0   LDA &C000,X
     AD43   85 B8      STA &B8
     AD45   BD 04 C0   LDA &C004,X
     AD48   85 B9      STA &B9
     AD4A   20 9C A6   JSR &A69C
     AD4D   CA         DEX
     AD4E   10 ED      BPL &AD3D
     AD50   60         RTS
.LoadBaseSector
     AD51   8A         TXA
     AD52   48         PHA
     AD53   AD ED C2   LDA &C2ED
Macro DO_ASLA_X4:
     AD56   0A         ASL A
     AD57   0A         ASL A
     AD58   0A         ASL A
     AD59   0A         ASL A
End macro DO_ASLA_X4
     AD5A   20 29 A7   JSR &A729
     AD5D   68         PLA
     AD5E   AA         TAX
     AD5F   60         RTS
.MMC_CheckCardID
     AD60   20 06 A4   JSR &A406
     AD63   AD EA C2   LDA &C2EA
     AD66   F0 0D      BEQ &AD75
     AD68   20 7C AA   JSR &AA7C
     AD6B   CD EC C2   CMP &C2EC
     AD6E   D0 06      BNE &AD76
     AD70   CC EB C2   CPY &C2EB
     AD73   D0 01      BNE &AD76
.cid_x
     AD75   60         RTS
.errCardChanged
     AD76   A9 00      LDA #&00
     AD78   8D 9F C2   STA &C29F
     AD7B   20 69 80   JSR &8069
     AD7E   FF
     AD7F   57 72 6F ...
     AD8A   00
.MMC_END
     AD8B   A2 09      LDX #&09
.eloop0
     AD8D   BD 90 C2   LDA &C290,X
     AD90   95 BC      STA &BC,X
     AD92   CA         DEX
     AD93   10 F8      BPL &AD8D
     AD95   60         RTS
.incCommandAddress
     AD96   AD DE C2   LDA &C2DE
     AD99   D0 11      BNE &ADAC
     AD9B   EE 8B C2   INC &C28B
.incMS
     AD9E   EE 8B C2   INC &C28B
     ADA1   D0 08      BNE &ADAB
     ADA3   EE 8A C2   INC &C28A
     ADA6   D0 03      BNE &ADAB
     ADA8   EE 89 C2   INC &C289
.incDone
     ADAB   60         RTS
.incCommandAddressSDHC
     ADAC   EE 8C C2   INC &C28C
     ADAF   F0 ED      BEQ &AD9E
     ADB1   60         RTS
Processed file 'MMC.asm' ok
.CMD_DRECAT
     ADB2   20 1C 9B   JSR &9B1C
     ADB5   A2 FF      LDX #&FF
     ADB7   20 2B A5   JSR &A52B
     ADBA   A2 02      LDX #&02
.drc_loop1
     ADBC   B5 BE      LDA &BE,X
     ADBE   95 B4      STA &B4,X
     ADC0   CA         DEX
     ADC1   10 F9      BPL &ADBC
     ADC3   20 3D A7   JSR &A73D
.drc_loop2
     ADC6   20 C3 AC   JSR &ACC3
     ADC9   A0 0B      LDY #&0B
.drc_loop4
     ADCB   B9 00 C2   LDA &C200,Y
     ADCE   91 B0      STA (&B0),Y
     ADD0   88         DEY
     ADD1   10 F8      BPL &ADCB
     ADD3   A5 B1      LDA &B1
     ADD5   C9 C1      CMP #&C1
     ADD7   90 14      BCC &ADED
     ADD9   A5 B0      LDA &B0
     ADDB   C9 F0      CMP #&F0
     ADDD   90 0E      BCC &ADED
     ADDF   20 37 A7   JSR &A737
     ADE2   A5 B2      LDA &B2
     ADE4   29 0F      AND #&0F
     ADE6   C9 0F      CMP #&0F
     ADE8   90 03      BCC &ADED
     ADEA   A9 3F      LDA #&3F
     ADEC   2C
.skipsave
     ADED   A9 20      LDA #&20
     ADEF   65 B4      ADC &B4
     ADF1   85 B4      STA &B4
     ADF3   A9 03      LDA #&03
     ADF5   65 B5      ADC &B5
     ADF7   85 B5      STA &B5
     ADF9   90 02      BCC &ADFD
     ADFB   E6 B6      INC &B6
.drc_label3
     ADFD   20 7A A7   JSR &A77A
     AE00   90 C4      BCC &ADC6
     AE02   4C 37 A7   JMP &A737
.DMatchInit
     AE05   A2 00      LDX #&00
     AE07   8E 0E C2   STX &C20E
     AE0A   18         CLC
     AE0B   20 C2 FF   JSR &FFC2
     AE0E   F0 20      BEQ &AE30
.dmiLoop
     AE10   20 C5 FF   JSR &FFC5
     AE13   B0 1B      BCS &AE30
     AE15   C9 2A      CMP #&2A
     AE17   F0 24      BEQ &AE3D
     AE19   C9 61      CMP #&61
     AE1B   90 06      BCC &AE23
     AE1D   C9 7B      CMP #&7B
     AE1F   B0 02      BCS &AE23
     AE21   49 20      EOR #&20
.dmiUcase
     AE23   9D 00 C2   STA &C200,X
     AE26   E8         INX
     AE27   E0 0C      CPX #&0C
     AE29   D0 E5      BNE &AE10
.dmiEnd
     AE2B   20 C5 FF   JSR &FFC5
     AE2E   90 12      BCC &AE42
.dmiExit
     AE30   C9 0D      CMP #&0D
     AE32   D0 1D      BNE &AE51
     AE34   A9 00      LDA #&00
     AE36   9D 00 C2   STA &C200,X
     AE39   8E 0D C2   STX &C20D
     AE3C   60         RTS
.dmiStar
     AE3D   8D 0E C2   STA &C20E
     AE40   F0 E9      BEQ &AE2B
.ErrBadString
     AE42   20 69 80   JSR &8069
     AE45   FF
     AE46   42 61 64 ...
     AE50   00
.dmiSyntax
     AE51   4C 22 9B   JMP &9B22
.DMatch
     AE54   A0 00      LDY #&00
     AE56   AE 0D C2   LDX &C20D
     AE59   F0 17      BEQ &AE72
.dmatlp
     AE5B   B1 B0      LDA (&B0),Y
     AE5D   F0 25      BEQ &AE84
     AE5F   C9 61      CMP #&61
     AE61   90 06      BCC &AE69
     AE63   C9 7B      CMP #&7B
     AE65   B0 02      BCS &AE69
     AE67   49 20      EOR #&20
.dmnotlc
     AE69   D9 00 C2   CMP &C200,Y
     AE6C   D0 16      BNE &AE84
     AE6E   C8         INY
     AE6F   CA         DEX
     AE70   D0 E9      BNE &AE5B
.dmatend
     AE72   B1 B0      LDA (&B0),Y
     AE74   F0 0C      BEQ &AE82
     AE76   AD 0D C2   LDA &C20D
     AE79   C9 0C      CMP #&0C
     AE7B   F0 05      BEQ &AE82
     AE7D   AD 0E C2   LDA &C20E
     AE80   F0 02      BEQ &AE84
.dmmatyes
     AE82   18         CLC
     AE83   60         RTS
.dmatnomatch
     AE84   38         SEC
     AE85   60         RTS
.PrintDCat
     AE86   B0 05      BCS &AE8D
     AE88   A9 20      LDA #&20
     AE8A   20 D5 80   JSR &80D5
.pdcnospc
     AE8D   20 22 84   JSR &8422
     AE90   A2 20      LDX #&20
     AE92   20 ED AE   JSR &AEED
     AE95   A9 20      LDA #&20
     AE97   20 D5 80   JSR &80D5
     AE9A   A0 0F      LDY #&0F
     AE9C   B1 B0      LDA (&B0),Y
     AE9E   30 2F      BMI &AECF
     AEA0   A0 00      LDY #&00
.pdcloop
     AEA2   B1 B0      LDA (&B0),Y
     AEA4   F0 12      BEQ &AEB8
     AEA6   C9 20      CMP #&20
     AEA8   90 04      BCC &AEAE
     AEAA   C9 7F      CMP #&7F
     AEAC   D0 02      BNE &AEB0
.pdcdot
     AEAE   A9 2E      LDA #&2E
.pdcprint
     AEB0   20 D5 80   JSR &80D5
     AEB3   C8         INY
     AEB4   C0 0C      CPY #&0C
     AEB6   D0 EA      BNE &AEA2
.pdcspc
     AEB8   A9 20      LDA #&20
.pdcspclp
     AEBA   20 D5 80   JSR &80D5
     AEBD   C8         INY
     AEBE   C0 0D      CPY #&0D
     AEC0   D0 F8      BNE &AEBA
     AEC2   AA         TAX
     AEC3   A0 0F      LDY #&0F
     AEC5   B1 B0      LDA (&B0),Y
     AEC7   D0 02      BNE &AECB
     AEC9   A2 50      LDX #&50
.pdcnoprot
     AECB   8A         TXA
     AECC   4C D5 80   JMP &80D5
.pdcnotform
     AECF   A0 0D      LDY #&0D
     AED1   20 05 82   JSR &8205
     AED4   A9 55      LDA #&55
     AED6   4C D5 80   JMP &80D5
.PrtDiskNo
     AED9   20 13 84   JSR &8413
     AEDC   BD DF C2   LDA &C2DF,X
     AEDF   85 B8      STA &B8
     AEE1   BD E3 C2   LDA &C2E3,X
Macro MASK_DISKNO:
     AEE4   29 1F      AND #&1F
End macro MASK_DISKNO
     AEE6   85 B9      STA &B9
     AEE8   20 22 84   JSR &8422
     AEEB   A2 00      LDX #&00
.DecNo_Print
     AEED   A0 B5      LDY #&B5
.DecNo_Print_zp_y
     AEEF   B9 00 00   LDA &0000,Y
     AEF2   48         PHA
     AEF3   B9 01 00   LDA &0001,Y
     AEF6   A0 04      LDY #&04
     AEF8   20 FC AE   JSR &AEFC
     AEFB   68         PLA
.PrintDec
     AEFC   48         PHA
     AEFD   4A         LSR A
     AEFE   4A         LSR A
     AEFF   4A         LSR A
     AF00   4A         LSR A
     AF01   20 05 AF   JSR &AF05
     AF04   68         PLA
.pdec1
     AF05   29 0F      AND #&0F
     AF07   F0 07      BEQ &AF10
     AF09   A2 30      LDX #&30
     AF0B   09 30      ORA #&30
     AF0D   4C D5 80   JMP &80D5
.pdec2
     AF10   88         DEY
     AF11   D0 02      BNE &AF15
     AF13   A2 30      LDX #&30
.pdec3
     AF15   8A         TXA
     AF16   4C D5 80   JMP &80D5
.CMD_DABOUT
     AF19   A2 00      LDX #&00
.loop
     AF1B   BD 09 80   LDA &8009,X
     AF1E   D0 02      BNE &AF22
     AF20   A9 0D      LDA #&0D
.print
     AF22   20 E3 FF   JSR &FFE3
     AF25   E8         INX
     AF26   E0 26      CPX #&26
     AF28   D0 F1      BNE &AF1B
     AF2A   60         RTS
.CMD_DBASE
     AF2B   20 B7 81   JSR &81B7
     AF2E   F0 20      BEQ &AF50
     AF30   20 57 84   JSR &8457
     AF33   B0 4B      BCS &AF80
     AF35   D0 49      BNE &AF80
     AF37   EC EE C2   CPX &C2EE
     AF3A   B0 44      BCS &AF80
     AF3C   8E ED C2   STX &C2ED
     AF3F   20 1D A4   JSR &A41D
     AF42   A9 00      LDA #&00
     AF44   20 29 A7   JSR &A729
     AF47   AD ED C2   LDA &C2ED
     AF4A   8D 09 C0   STA &C009
     AF4D   4C 37 A7   JMP &A737
.info
     AF50   20 96 80   JSR &8096
     AF53   4D 4D 42 ...
     AF5D   AD ED C2   LDA &C2ED
     AF60   20 73 AF   JSR &AF73
     AF63   20 96 80   JSR &8096
     AF66   4D 4D 42 ...
     AF70   AD EE C2   LDA &C2EE
.printdec
     AF73   20 46 84   JSR &8446
     AF76   A2 00      LDX #&00
     AF78   A0 02      LDY #&02
     AF7A   20 FC AE   JSR &AEFC
     AF7D   4C 71 83   JMP &8371
.invalid
     AF80   4C 4B 8A   JMP &8A4B
.CMD_DBOOT
     AF83   20 16 9B   JSR &9B16
     AF86   A9 00      LDA #&00
     AF88   85 CD      STA &CD
     AF8A   20 47 8C   JSR &8C47
     AF8D   20 9A A6   JSR &A69A
     AF90   A9 00      LDA #&00
     AF92   4C 3D 8D   JMP &8D3D
.CMD_DIN
     AF95   20 11 8C   JSR &8C11
     AF98   4C 9A A6   JMP &A69A
.CMD_DOUT
     AF9B   20 DE 8B   JSR &8BDE
.unloaddrive
     AF9E   20 06 A4   JSR &A406
     AFA1   A6 CD      LDX &CD
     AFA3   8A         TXA
     AFA4   4C 1A A4   JMP &A41A
.CMD_DCAT
     AFA7   A9 00      LDA #&00
     AFA9   85 B7      STA &B7
     AFAB   85 A8      STA &A8
     AFAD   85 A9      STA &A9
     AFAF   20 57 84   JSR &8457
     AFB2   B0 25      BCS &AFD9
     AFB4   86 AA      STX &AA
     AFB6   86 B8      STX &B8
     AFB8   85 AB      STA &AB
     AFBA   85 B9      STA &B9
     AFBC   20 57 84   JSR &8457
     AFBF   B0 1F      BCS &AFE0
     AFC1   86 AA      STX &AA
     AFC3   85 AB      STA &AB
     AFC5   E4 B8      CPX &B8
     AFC7   E5 B9      SBC &B9
     AFC9   10 1B      BPL &AFE6
.badrange
     AFCB   20 69 80   JSR &8069
     AFCE   FF
     AFCF   42 61 64 ...
     AFD8   00
.dc_1
     AFD9   A2 FE      LDX #&FE
     AFDB   86 AA      STX &AA
     AFDD   E8         INX
     AFDE   86 AB      STX &AB
.dc_2
     AFE0   A9 00      LDA #&00
     AFE2   85 B8      STA &B8
     AFE4   85 B9      STA &B9
.dc_3
     AFE6   E6 AA      INC &AA
     AFE8   D0 02      BNE &AFEC
     AFEA   E6 AB      INC &AB
.dc_4
     AFEC   20 05 AE   JSR &AE05
     AFEF   20 45 A7   JSR &A745
     AFF2   A2 00      LDX #&00
     AFF4   AD 0D C2   LDA &C20D
     AFF7   D0 04      BNE &AFFD
     AFF9   CA         DEX
     AFFA   8E 0E C2   STX &C20E
.dclp
     AFFD   A5 B9      LDA &B9
     AFFF   30 1D      BMI &B01E
     B001   A5 B8      LDA &B8
     B003   C5 AA      CMP &AA
     B005   A5 B9      LDA &B9
     B007   E5 AB      SBC &AB
     B009   B0 13      BCS &B01E
     B00B   20 54 AE   JSR &AE54
     B00E   B0 08      BCS &B018
     B010   20 86 AE   JSR &AE86
     B013   A2 A8      LDX #&A8
     B015   20 C0 A7   JSR &A7C0
.dcnxt
     B018   20 7A A7   JSR &A77A
     B01B   4C FD AF   JMP &AFFD
.dcfin
     B01E   A9 86      LDA #&86
     B020   20 F4 FF   JSR &FFF4
     B023   E0 00      CPX #&00
     B025   F0 03      BEQ &B02A
     B027   20 71 83   JSR &8371
.dcEven
     B02A   A0 A8      LDY #&A8
     B02C   20 50 A7   JSR &A750
     B02F   20 66 6F ...
     B035   EA         NOP
     B036   4C 71 83   JMP &8371
.CMD_DFREE
     B039   20 1C 9B   JSR &9B1C
     B03C   A2 00      LDX #&00
     B03E   86 A8      STX &A8
     B040   86 A9      STX &A9
     B042   86 AA      STX &AA
     B044   86 AB      STX &AB
     B046   CA         DEX
     B047   20 3D A7   JSR &A73D
.dfreelp
     B04A   10 05      BPL &B051
     B04C   A2 A8      LDX #&A8
     B04E   20 C0 A7   JSR &A7C0
.dffmted
     B051   A2 AA      LDX #&AA
     B053   20 C2 A7   JSR &A7C2
     B056   20 7A A7   JSR &A77A
     B059   90 EF      BCC &B04A
.dffin
     B05B   A2 00      LDX #&00
     B05D   A0 A8      LDY #&A8
     B05F   20 EF AE   JSR &AEEF
     B062   20 96 80   JSR &8096
     B065   20 6F 66 ...
     B069   A0 AA      LDY #&AA
     B06B   20 50 A7   JSR &A750
     B06E   20 66 72 ...
     B081   EA         NOP
     B082   4C 71 83   JMP &8371
.CMD_DONBOOT
     B085   20 11 8C   JSR &8C11
     B088   20 51 AD   JSR &AD51
     B08B   A6 CD      LDX &CD
     B08D   A5 B8      LDA &B8
     B08F   9D 00 C0   STA &C000,X
     B092   A5 B9      LDA &B9
     B094   9D 04 C0   STA &C004,X
     B097   4C 37 A7   JMP &A737
.CMD_DDRIVE
     B09A   84 B3      STY &B3
     B09C   A9 FF      LDA #&FF
     B09E   85 B7      STA &B7
     B0A0   A9 03      LDA #&03
     B0A2   85 CD      STA &CD
     B0A4   A4 B3      LDY &B3
     B0A6   20 B7 81   JSR &81B7
     B0A9   F0 05      BEQ &B0B0
     B0AB   20 E6 8B   JSR &8BE6
     B0AE   90 02      BCC &B0B2
.ddsknoparam
     B0B0   A9 00      LDA #&00
.ddskloop
     B0B2   48         PHA
     B0B3   AA         TAX
     B0B4   A9 3A      LDA #&3A
     B0B6   20 EE FF   JSR &FFEE
     B0B9   8A         TXA
     B0BA   09 30      ORA #&30
     B0BC   20 EE FF   JSR &FFEE
     B0BF   BD E3 C2   LDA &C2E3,X
     B0C2   10 13      BPL &B0D7
Macro MASK_DISKNO:
     B0C4   29 1F      AND #&1F
End macro MASK_DISKNO
     B0C6   85 B9      STA &B9
     B0C8   BD DF C2   LDA &C2DF,X
     B0CB   85 B8      STA &B8
     B0CD   20 45 A7   JSR &A745
     B0D0   C9 FF      CMP #&FF
     B0D2   F0 03      BEQ &B0D7
     B0D4   20 86 AE   JSR &AE86
.ddcont
     B0D7   20 E7 FF   JSR &FFE7
     B0DA   68         PLA
     B0DB   C5 CD      CMP &CD
     B0DD   F0 04      BEQ &B0E3
     B0DF   69 01      ADC #&01
     B0E1   90 CF      BCC &B0B2
.ddskexit
     B0E3   60         RTS
.MarkDriveAsFormatted
     B0E4   38         SEC
     B0E5   20 66 A6   JSR &A666
     B0E8   10 26      BPL &B110
     B0EA   A9 00      LDA #&00
     B0EC   A8         TAY
.masf_loop
     B0ED   91 B0      STA (&B0),Y
     B0EF   C8         INY
     B0F0   C0 0F      CPY #&0F
     B0F2   D0 F9      BNE &B0ED
     B0F4   98         TYA
     B0F5   D0 0E      BNE &B105
.dop_Protect
     B0F7   A9 00      LDA #&00
     B0F9   2C
.dop_Unprotect
     B0FA   A9 0F      LDA #&0F
.dlul
     B0FC   48         PHA
.dkconfirmed
     B0FD   20 65 A6   JSR &A665
     B100   30 0B      BMI &B10D
.drestore
     B102   68         PLA
     B103   A0 0F      LDY #&0F
.masf_status
     B105   91 B0      STA (&B0),Y
     B107   20 37 A7   JSR &A737
     B10A   4C 9A A6   JMP &A69A
.jmpErrNotFormatted
     B10D   4C DC A4   JMP &A4DC
.jmpErrFormatted
     B110   4C EE A4   JMP &A4EE
.dop_Kill
     B113   20 13 9D   JSR &9D13
     B116   20 65 A6   JSR &A665
     B119   20 A7 A4   JSR &A4A7
     B11C   20 45 A7   JSR &A745
     B11F   20 96 80   JSR &8096
     B122   4B 69 6C ...
     B126   EA         NOP
     B127   18         CLC
     B128   20 86 AE   JSR &AE86
     B12B   20 96 80   JSR &8096
     B12E   20 3A 20 
     B131   EA         NOP
     B132   20 79 9D   JSR &9D79
     B135   D0 05      BNE &B13C
     B137   A9 F0      LDA #&F0
     B139   48         PHA
     B13A   D0 C1      BNE &B0FD
.dkcancel
     B13C   60         RTS
.dop_Restore
     B13D   A9 0F      LDA #&0F
     B13F   48         PHA
     B140   38         SEC
     B141   20 66 A6   JSR &A666
     B144   30 BC      BMI &B102
     B146   10 C8      BPL &B110
.dop_New
     B148   A2 FF      LDX #&FF
     B14A   20 3D A7   JSR &A73D
.fdkloop
     B14D   B0 2F      BCS &B17E
     B14F   C9 F0      CMP #&F0
     B151   F0 06      BEQ &B159
     B153   20 7A A7   JSR &A77A
     B156   4C 4D B1   JMP &B14D
.fdkfound
     B159   20 22 84   JSR &8422
     B15C   20 9A A6   JSR &A69A
     B15F   20 96 80   JSR &8096
     B162   44 69 73 ...
     B167   A2 00      LDX #&00
     B169   20 ED AE   JSR &AEED
     B16C   20 96 80   JSR &8096
     B16F   20 69 6E ...
     B174   A5 CD      LDA &CD
     B176   09 30      ORA #&30
     B178   20 EE FF   JSR &FFEE
     B17B   4C E7 FF   JMP &FFE7
.ErrNoFreeDisks
     B17E   20 69 80   JSR &8069
     B181   FF
     B182   4E 6F 20 ...
     B18F   00
.CMD_DOP
     B190   20 B7 81   JSR &81B7
     B193   F0 0C      BEQ &B1A1
     B195   29 DF      AND #&DF
     B197   A2 05      LDX #&05
.optloop
     B199   DD B0 B1   CMP &B1B0,X
     B19C   F0 06      BEQ &B1A4
     B19E   CA         DEX
     B19F   10 F8      BPL &B199
.opterr
     B1A1   4C 4B 8A   JMP &8A4B
.optok
     B1A4   BD B5 B1   LDA &B1B5,X
     B1A7   48         PHA
     B1A8   BD BA B1   LDA &B1BA,X
     B1AB   48         PHA
     B1AC   C8         INY
     B1AD   4C DE 8B   JMP &8BDE
.dop
     B1B0   52 4B 4E ...
.dopexhi
     B1B5   B1
     B1B6   B1
     B1B7   B1
     B1B8   B0
     B1B9   B0
.dopexlo
     B1BA   3C
     B1BB   12
     B1BC   47
     B1BD   F9
     B1BE   F6
Including file OSWORD7F.asm
.Osword7F_8271_Emulation
     B1BF   A0 01      LDY #&01
     B1C1   A2 02      LDX #&02
     B1C3   20 26 81   JSR &8126
     B1C6   A0 00      LDY #&00
     B1C8   84 C3      STY &C3
     B1CA   84 CF      STY &CF
     B1CC   B1 B0      LDA (&B0),Y
     B1CE   30 03      BMI &B1D3
     B1D0   20 D9 8B   JSR &8BD9
.ownoreset
     B1D3   20 FF AC   JSR &ACFF
     B1D6   A6 CD      LDX &CD
     B1D8   20 2B A5   JSR &A52B
     B1DB   A0 05      LDY #&05
     B1DD   B1 B0      LDA (&B0),Y
     B1DF   18         CLC
     B1E0   69 07      ADC #&07
     B1E2   85 B2      STA &B2
     B1E4   20 EE B1   JSR &B1EE
     B1E7   A4 B2      LDY &B2
     B1E9   91 B0      STA (&B0),Y
.owuknown
     B1EB   A9 00      LDA #&00
     B1ED   60         RTS
.ow7F
     B1EE   A6 CD      LDX &CD
     B1F0   BD E3 C2   LDA &C2E3,X
     B1F3   10 21      BPL &B216
     B1F5   29 20      AND #&20
     B1F7   D0 1A      BNE &B213
     B1F9   C8         INY
     B1FA   B1 B0      LDA (&B0),Y
     B1FC   85 B3      STA &B3
     B1FE   C9 53      CMP #&53
     B200   F0 1A      BEQ &B21C
     B202   C9 57      CMP #&57
     B204   F0 16      BEQ &B21C
     B206   C9 4B      CMP #&4B
     B208   D0 E1      BNE &B1EB
     B20A   BD E3 C2   LDA &C2E3,X
     B20D   0A         ASL A
     B20E   10 0C      BPL &B21C
     B210   A9 12      LDA #&12
     B212   60         RTS
.ownosector
     B213   A9 1E      LDA #&1E
     B215   60         RTS
.owdrvnotrdy
     B216   A9 10      LDA #&10
     B218   60         RTS
.owfault
     B219   A9 FF      LDA #&FF
     B21B   60         RTS
.owrw
     B21C   A5 B2      LDA &B2
     B21E   C9 0A      CMP #&0A
     B220   D0 F7      BNE &B219
     B222   A9 00      LDA #&00
     B224   85 B5      STA &B5
     B226   C8         INY
     B227   B1 B0      LDA (&B0),Y
     B229   C9 50      CMP #&50
     B22B   B0 E6      BCS &B213
     B22D   0A         ASL A
     B22E   85 B4      STA &B4
     B230   0A         ASL A
     B231   26 B5      ROL &B5
     B233   0A         ASL A
     B234   26 B5      ROL &B5
     B236   65 B4      ADC &B4
     B238   85 B4      STA &B4
     B23A   90 02      BCC &B23E
     B23C   E6 B5      INC &B5
.owsk1
     B23E   C8         INY
     B23F   B1 B0      LDA (&B0),Y
     B241   C9 0A      CMP #&0A
     B243   B0 CE      BCS &B213
     B245   65 B4      ADC &B4
     B247   85 B4      STA &B4
     B249   90 02      BCC &B24D
     B24B   E6 B5      INC &B5
.owsk2
     B24D   C8         INY
     B24E   B1 B0      LDA (&B0),Y
     B250   29 1F      AND #&1F
     B252   F0 2C      BEQ &B280
     B254   85 CE      STA &CE
     B256   18         CLC
     B257   88         DEY
     B258   71 B0      ADC (&B0),Y
     B25A   C9 0B      CMP #&0B
     B25C   B0 B5      BCS &B213
     B25E   18         CLC
     B25F   A5 BE      LDA &BE
     B261   65 B4      ADC &B4
     B263   85 BE      STA &BE
     B265   A5 BF      LDA &BF
     B267   65 B5      ADC &B5
     B269   85 BF      STA &BF
     B26B   90 02      BCC &B26F
     B26D   E6 C0      INC &C0
.owsk4
     B26F   A5 B3      LDA &B3
     B271   C9 4B      CMP #&4B
     B273   F0 0E      BEQ &B283
     B275   20 6C AB   JSR &AB6C
.owexit
     B278   AD 9E C2   LDA &C29E
     B27B   F0 03      BEQ &B280
     B27D   20 E7 8C   JSR &8CE7
.owretok
     B280   A9 00      LDA #&00
     B282   60         RTS
.owwrite
     B283   20 15 AC   JSR &AC15
     B286   4C 78 B2   JMP &B278
Processed file 'OSWORD7F.asm' ok
    code ends at&B289  (3447 bytes free )
Saving file 'build/T/MAMMFS'
Processed file 'mmfs100.asm' ok
Processed file 'top_MAMMFS.asm' ok
