Including file DEVICE.asm
Processed file 'DEVICE.asm' ok
Including file mmfs100.asm
Including file VERSION.asm
Processed file 'VERSION.asm' ok
Including file SYSVARS.asm
Processed file 'SYSVARS.asm' ok
.langentry
     8000   00         BRK
     8001   00         BRK
     8002   00         BRK
.serventry
     8003   4C E9 8D   JMP &8DE9
.romtype
     8006   82
.copywoffset
     8007   23
.binversion
     8008   7B
.title
Macro BUILD_NAME:
Macro BASE_NAME:
     8009   45 6C 65 ...
Macro SYSTEM_NAME:
     8012   4D 4D 46 ...
End macro SYSTEM_NAME
End macro BASE_NAME
Macro DEVICE_NAME:
     8017   20 50 69 ...
End macro DEVICE_NAME
Macro DFS_EMUL_NAME:
End macro DFS_EMUL_NAME
     801E   00
End macro BUILD_NAME
.version
Macro BUILD_VERSION:
     801F   31 2E 36 ...
     8023   00
End macro BUILD_VERSION
.copyright
Macro BUILD_COPYRIGHT:
     8024   28 43 29 ...
     8032   00
End macro BUILD_COPYRIGHT
.header_end
.Go_FSCV
     8033   6C 1E 02   JMP (&021E)
.SetLEDS
     8036   AD 82 02   LDA &0282
     8039   49 80      EOR #&80
     803B   8D 82 02   STA &0282
     803E   8D 07 FE   STA &FE07
     8041   60         RTS
.ResetLEDS
     8042   20 F4 83   JSR &83F4
     8045   A9 76      LDA #&76
     8047   4C F4 FF   JMP &FFF4
.errDISK
     804A   20 5F 80   JSR &805F
     804D   00         BRK
     804E   44 69 73 ...
     8053   90 21      BCC &8076
.errBAD
     8055   20 5F 80   JSR &805F
     8058   00         BRK
     8059   42 61 64 ...
     805D   90 17      BCC &8076
.ReportErrorCB
     805F   AD DD 10   LDA &10DD
     8062   D0 03      BNE &8067
     8064   20 95 97   JSR &9795
.brk100_notbuf
     8067   A9 FF      LDA #&FF
     8069   8D 82 10   STA &1082
     806C   8D DD 10   STA &10DD
.ReportError
     806F   A2 02      LDX #&02
     8071   A9 00      LDA #&00
     8073   8D 00 01   STA &0100
.ErrCONTINUE
     8076   20 42 80   JSR &8042
.ReportError2
     8079   68         PLA
     807A   85 AE      STA &AE
     807C   68         PLA
     807D   85 AF      STA &AF
     807F   A0 00      LDY #&00
     8081   20 EB 83   JSR &83EB
     8084   8D 01 01   STA &0101
     8087   CA         DEX
.errstr_loop
     8088   E8         INX
     8089   20 EB 83   JSR &83EB
     808C   9D 00 01   STA &0100,X
     808F   30 27      BMI &80B8
     8091   D0 F5      BNE &8088
     8093   20 86 8C   JSR &8C86
     8096   4C 00 01   JMP &0100
.PrintNibble_PrintString
     8099   20 03 81   JSR &8103
.PrintString
     809C   85 B3      STA &B3
     809E   68         PLA
     809F   85 AE      STA &AE
     80A1   68         PLA
     80A2   85 AF      STA &AF
     80A4   A5 B3      LDA &B3
     80A6   48         PHA
     80A7   98         TYA
     80A8   48         PHA
     80A9   A0 00      LDY #&00
.prtstr_loop
     80AB   20 EB 83   JSR &83EB
     80AE   30 05      BMI &80B5
     80B0   20 DF 80   JSR &80DF
     80B3   10 F6      BPL &80AB
.prtstr_return1
     80B5   68         PLA
     80B6   A8         TAY
     80B7   68         PLA
.prtstr_return2
     80B8   18         CLC
     80B9   6C AE 00   JMP (&00AE)
.PrintStringSPL
     80BC   85 B3      STA &B3
     80BE   68         PLA
     80BF   85 AE      STA &AE
     80C1   68         PLA
     80C2   85 AF      STA &AF
     80C4   A5 B3      LDA &B3
     80C6   48         PHA
     80C7   98         TYA
     80C8   48         PHA
     80C9   A0 00      LDY #&00
.pstr_loop
     80CB   20 EB 83   JSR &83EB
     80CE   30 E5      BMI &80B5
     80D0   20 E3 FF   JSR &FFE3
     80D3   4C CB 80   JMP &80CB
.PrintSpace
     80D6   A9 20      LDA #&20
     80D8   D0 05      BNE &80DF
.PrintNibFullStop
     80DA   20 03 81   JSR &8103
.PrintFullStop
     80DD   A9 2E      LDA #&2E
.PrintChrA
     80DF   20 F4 83   JSR &83F4
     80E2   48         PHA
     80E3   A9 EC      LDA #&EC
     80E5   20 02 94   JSR &9402
     80E8   8A         TXA
     80E9   48         PHA
     80EA   09 10      ORA #&10
     80EC   AA         TAX
     80ED   20 F6 80   JSR &80F6
     80F0   68         PLA
     80F1   AA         TAX
     80F2   68         PLA
     80F3   20 E3 FF   JSR &FFE3
.osbyte03_Xoutstream
     80F6   A9 03      LDA #&03
     80F8   4C F4 FF   JMP &FFF4
.PrintHex
     80FB   48         PHA
     80FC   20 20 82   JSR &8220
     80FF   20 03 81   JSR &8103
     8102   68         PLA
.PrintNibble
     8103   20 25 81   JSR &8125
     8106   D0 D7      BNE &80DF
.PrintBCDSPL
     8108   20 2C 84   JSR &842C
.PrintHexSPL
     810B   48         PHA
     810C   20 20 82   JSR &8220
     810F   20 13 81   JSR &8113
     8112   68         PLA
.PrintNibbleSPL
     8113   20 25 81   JSR &8125
     8116   4C EE FF   JMP &FFEE
.Print2SpacesSPL
     8119   20 1C 81   JSR &811C
.PrintSpaceSPL
     811C   48         PHA
     811D   A9 20      LDA #&20
     811F   20 EE FF   JSR &FFEE
     8122   68         PLA
     8123   18         CLC
     8124   60         RTS
.NibToASC
     8125   29 0F      AND #&0F
     8127   C9 0A      CMP #&0A
     8129   90 02      BCC &812D
     812B   69 06      ADC #&06
.nibasc
     812D   69 30      ADC #&30
     812F   60         RTS
.CopyVarsB0BA
     8130   20 40 81   JSR &8140
     8133   CA         DEX
     8134   CA         DEX
     8135   20 38 81   JSR &8138
.cpybyte1
     8138   B1 B0      LDA (&B0),Y
     813A   9D 72 10   STA &1072,X
     813D   E8         INX
     813E   C8         INY
     813F   60         RTS
.CopyWordB0BA
     8140   20 43 81   JSR &8143
.cpybyte2
     8143   B1 B0      LDA (&B0),Y
     8145   95 BA      STA &BA,X
     8147   E8         INX
     8148   C8         INY
     8149   60         RTS
.read_fspTextPointer
     814A   20 F0 8B   JSR &8BF0
     814D   4C 60 81   JMP &8160
.read_fspBA_reset
     8150   20 F0 8B   JSR &8BF0
.read_fspBA
     8153   A5 BA      LDA &BA
     8155   85 F2      STA &F2
     8157   A5 BB      LDA &BB
     8159   85 F3      STA &F3
     815B   A0 00      LDY #&00
     815D   20 C1 81   JSR &81C1
.rdafsp_entry
     8160   A2 20      LDX #&20
     8162   20 A6 81   JSR &81A6
     8165   B0 1B      BCS &8182
     8167   8D 00 10   STA &1000
     816A   C9 2E      CMP #&2E
     816C   D0 04      BNE &8172
.rdafsp_setdrv
     816E   86 CC      STX &CC
     8170   F0 EE      BEQ &8160
.rdafsp_notdot
     8172   C9 3A      CMP #&3A
     8174   D0 15      BNE &818B
     8176   20 05 8C   JSR &8C05
     8179   20 A6 81   JSR &81A6
     817C   B0 04      BCS &8182
     817E   C9 2E      CMP #&2E
     8180   F0 DE      BEQ &8160
.errBadName
     8182   20 55 80   JSR &8055
     8185   CC
     8186   6E 61 6D ...
     818A   00
.rdafsp_notcolon
     818B   AA         TAX
     818C   20 A6 81   JSR &81A6
     818F   B0 34      BCS &81C5
     8191   C9 2E      CMP #&2E
     8193   F0 D9      BEQ &816E
     8195   A2 01      LDX #&01
.rdafsp_rdfnloop
     8197   9D 00 10   STA &1000,X
     819A   E8         INX
     819B   20 A6 81   JSR &81A6
     819E   B0 27      BCS &81C7
     81A0   E0 07      CPX #&07
     81A2   D0 F3      BNE &8197
     81A4   F0 DC      BEQ &8182
.GSREAD_A
     81A6   20 C5 FF   JSR &FFC5
     81A9   08         PHP
     81AA   29 7F      AND #&7F
     81AC   C9 0D      CMP #&0D
     81AE   F0 08      BEQ &81B8
     81B0   C9 20      CMP #&20
     81B2   90 CE      BCC &8182
     81B4   C9 7F      CMP #&7F
     81B6   F0 CA      BEQ &8182
.dogsrd_exit
     81B8   28         PLP
     81B9   60         RTS
.SetTextPointerYX
     81BA   86 F2      STX &F2
     81BC   84 F3      STY &F3
     81BE   A0 00      LDY #&00
     81C0   60         RTS
.GSINIT_A
     81C1   18         CLC
     81C2   4C C2 FF   JMP &FFC2
.Rdafsp_padall
     81C5   A2 01      LDX #&01
.rdafsp_padX
     81C7   A9 20      LDA #&20
.rdafsp_padloop
     81C9   9D 00 10   STA &1000,X
     81CC   E8         INX
     81CD   E0 40      CPX #&40
     81CF   D0 F8      BNE &81C9
     81D1   A2 06      LDX #&06
.rdafsp_cpyfnloop
     81D3   BD 00 10   LDA &1000,X
     81D6   95 C5      STA &C5,X
     81D8   CA         DEX
     81D9   10 F8      BPL &81D3
     81DB   60         RTS
.prt_filename_Yoffset
     81DC   20 F4 83   JSR &83F4
     81DF   B9 0F 0E   LDA &0E0F,Y
     81E2   08         PHP
     81E3   29 7F      AND #&7F
     81E5   D0 05      BNE &81EC
     81E7   20 19 81   JSR &8119
     81EA   F0 06      BEQ &81F2
.prt_filename_prtchr
     81EC   20 DF 80   JSR &80DF
     81EF   20 DD 80   JSR &80DD
.prt_filename_nodir
     81F2   A2 06      LDX #&06
.prt_filename_loop
     81F4   B9 08 0E   LDA &0E08,Y
     81F7   29 7F      AND #&7F
     81F9   20 DF 80   JSR &80DF
     81FC   C8         INY
     81FD   CA         DEX
     81FE   10 F4      BPL &81F4
     8200   20 19 81   JSR &8119
     8203   A9 20      LDA #&20
     8205   28         PLP
     8206   10 02      BPL &820A
     8208   A9 4C      LDA #&4C
.prt_filename_notlocked
     820A   20 DF 80   JSR &80DF
     820D   A0 01      LDY #&01
.prt_Yspaces
     820F   20 1C 81   JSR &811C
     8212   88         DEY
     8213   D0 FA      BNE &820F
     8215   60         RTS
.A_rorx6and3
     8216   4A         LSR A
     8217   4A         LSR A
.A_rorx4and3
     8218   4A         LSR A
     8219   4A         LSR A
.A_rorx2and3
     821A   4A         LSR A
     821B   4A         LSR A
     821C   29 03      AND #&03
     821E   60         RTS
.A_rorx5
     821F   4A         LSR A
.A_rorx4
     8220   4A         LSR A
     8221   4A         LSR A
     8222   4A         LSR A
     8223   4A         LSR A
     8224   60         RTS
.A_rolx5
     8225   0A         ASL A
.A_rolx4
     8226   0A         ASL A
     8227   0A         ASL A
     8228   0A         ASL A
     8229   0A         ASL A
.getcat_exit
     822A   60         RTS
.parameter_afsp_Param_SyntaxErrorIfNull_getcatentry_fspTxtP
     822B   20 E5 92   JSR &92E5
.Param_SyntaxErrorIfNull_getcatentry_fspTxtP
     822E   20 86 9A   JSR &9A86
.getcatentry_fspTxtP
     8231   20 4A 81   JSR &814A
     8234   30 03      BMI &8239
.getcatentry_fspBA
     8236   20 50 81   JSR &8150
.getcatentry
     8239   20 7E 82   JSR &827E
     823C   B0 EC      BCS &822A
.err_FILENOTFOUND
     823E   20 6F 80   JSR &806F
     8241   D6
     8242   4E 6F 74 ...
     824B   00
.fscv9_starEX
     824C   20 BA 81   JSR &81BA
.CMD_EX
     824F   20 F0 8B   JSR &8BF0
     8252   20 C1 81   JSR &81C1
     8255   F0 03      BEQ &825A
     8257   20 AB 89   JSR &89AB
.cmd_ex_nullstr
     825A   A9 2A      LDA #&2A
     825C   8D 00 10   STA &1000
     825F   20 C5 81   JSR &81C5
     8262   20 E5 92   JSR &92E5
     8265   20 39 82   JSR &8239
     8268   4C 75 82   JMP &8275
.fscv10_starINFO
     826B   20 BA 81   JSR &81BA
     826E   A9 4E      LDA #&4E
     8270   85 BF      STA &BF
.CMD_INFO
     8272   20 2B 82   JSR &822B
.cmd_info_loop
     8275   20 4A 83   JSR &834A
     8278   20 85 82   JSR &8285
     827B   B0 F8      BCS &8275
     827D   60         RTS
.get_cat_firstentry80
.get_cat_firstentry81
     827E   20 91 A1   JSR &A191
     8281   A2 00      LDX #&00
     8283   F0 18      BEQ &829D
.get_cat_nextentry
     8285   A2 00      LDX #&00
     8287   F0 18      BEQ &82A1
.get_cat_firstentry80fname
     8289   A2 06      LDX #&06
.getcatloop1
     828B   B5 C5      LDA &C5,X
     828D   9D 58 10   STA &1058,X
     8290   CA         DEX
     8291   10 F8      BPL &828B
     8293   A9 20      LDA #&20
     8295   8D 5F 10   STA &105F
     8298   20 91 A1   JSR &A191
     829B   A2 58      LDX #&58
.getcatentry2
     829D   A9 00      LDA #&00
     829F   85 B6      STA &B6
.getcatsetupB7
     82A1   A9 0E      LDA #&0E
     82A3   85 B7      STA &B7
.getcatloop2
     82A5   A0 00      LDY #&00
     82A7   A5 B6      LDA &B6
     82A9   CD 05 0F   CMP &0F05
     82AC   B0 49      BCS &82F7
     82AE   69 08      ADC #&08
     82B0   85 B6      STA &B6
     82B2   20 CC 82   JSR &82CC
     82B5   90 EE      BCC &82A5
     82B7   A5 CC      LDA &CC
     82B9   A0 07      LDY #&07
     82BB   20 F9 82   JSR &82F9
     82BE   D0 E5      BNE &82A5
     82C0   A4 B6      LDY &B6
     82C2   38         SEC
.Y_sub8
     82C3   88         DEY
     82C4   88         DEY
     82C5   88         DEY
     82C6   88         DEY
     82C7   88         DEY
     82C8   88         DEY
     82C9   88         DEY
     82CA   88         DEY
.NotCmdTable2
     82CB   60         RTS
.MatchFilename
     82CC   20 F4 83   JSR &83F4
.matfn_loop1
     82CF   BD 00 10   LDA &1000,X
     82D2   CD CE 10   CMP &10CE
     82D5   D0 13      BNE &82EA
     82D7   E8         INX
.matfn_loop2
     82D8   20 CC 82   JSR &82CC
     82DB   B0 1B      BCS &82F8
     82DD   C8         INY
     82DE   C0 07      CPY #&07
     82E0   90 F6      BCC &82D8
.matfn_loop3
     82E2   BD 00 10   LDA &1000,X
     82E5   C9 20      CMP #&20
     82E7   D0 0E      BNE &82F7
     82E9   60         RTS
.matfn_nomatch
     82EA   C0 07      CPY #&07
     82EC   B0 F4      BCS &82E2
     82EE   20 F9 82   JSR &82F9
     82F1   D0 04      BNE &82F7
     82F3   E8         INX
     82F4   C8         INY
     82F5   D0 D8      BNE &82CF
.matfn_exitC0
     82F7   18         CLC
.matfn_exit
     82F8   60         RTS
.MatchChr
     82F9   CD CE 10   CMP &10CE
     82FC   F0 10      BEQ &830E
     82FE   CD CD 10   CMP &10CD
     8301   F0 0B      BEQ &830E
     8303   20 37 83   JSR &8337
     8306   51 B6      EOR (&B6),Y
     8308   B0 02      BCS &830C
     830A   29 5F      AND #&5F
.matchr_notalpha
     830C   29 7F      AND #&7F
.matchr_exit
     830E   60         RTS
.UcaseA2
     830F   08         PHP
     8310   20 37 83   JSR &8337
     8313   B0 02      BCS &8317
     8315   29 5F      AND #&5F
.ucasea
     8317   29 7F      AND #&7F
     8319   28         PLP
     831A   60         RTS
.DeleteCatEntry_YFileOffset
     831B   20 9A 93   JSR &939A
.delcatloop
     831E   B9 10 0E   LDA &0E10,Y
     8321   99 08 0E   STA &0E08,Y
     8324   B9 10 0F   LDA &0F10,Y
     8327   99 08 0F   STA &0F08,Y
     832A   C8         INY
     832B   CC 05 0F   CPY &0F05
     832E   90 EE      BCC &831E
     8330   98         TYA
     8331   E9 08      SBC #&08
     8333   8D 05 0F   STA &0F05
.print_infoline_exit
     8336   60         RTS
.IsAlphaChar
     8337   48         PHA
     8338   29 5F      AND #&5F
     833A   C9 41      CMP #&41
     833C   90 04      BCC &8342
     833E   C9 5B      CMP #&5B
     8340   90 01      BCC &8343
.isalpha1
     8342   38         SEC
.isalpha2
     8343   68         PLA
     8344   60         RTS
.prt_InfoMsg_Yoffset
     8345   2C C6 10   BIT &10C6
     8348   30 EC      BMI &8336
.prt_InfoLine_Yoffset
     834A   20 F4 83   JSR &83F4
     834D   20 DC 81   JSR &81DC
     8350   98         TYA
     8351   48         PHA
     8352   A9 60      LDA #&60
     8354   85 B0      STA &B0
     8356   A9 10      LDA #&10
     8358   85 B1      STA &B1
     835A   20 95 83   JSR &8395
     835D   A0 02      LDY #&02
     835F   20 1C 81   JSR &811C
     8362   20 83 83   JSR &8383
     8365   20 83 83   JSR &8383
     8368   20 83 83   JSR &8383
     836B   68         PLA
     836C   A8         TAY
     836D   B9 0E 0F   LDA &0F0E,Y
     8370   29 03      AND #&03
     8372   20 03 81   JSR &8103
     8375   B9 0F 0F   LDA &0F0F,Y
     8378   20 FB 80   JSR &80FB
.PrintNewLine
     837B   48         PHA
     837C   A9 0D      LDA #&0D
     837E   20 DF 80   JSR &80DF
     8381   68         PLA
     8382   60         RTS
.PrintHex3Byte
     8383   A2 03      LDX #&03
.printhex3byte_loop
     8385   B9 62 10   LDA &1062,Y
     8388   20 FB 80   JSR &80FB
     838B   88         DEY
     838C   CA         DEX
     838D   D0 F6      BNE &8385
     838F   20 EF 87   JSR &87EF
     8392   4C 1C 81   JMP &811C
.ReadFileAttribsToB0_Yoffset
     8395   20 F4 83   JSR &83F4
     8398   98         TYA
     8399   48         PHA
     839A   AA         TAX
     839B   A0 12      LDY #&12
     839D   A9 00      LDA #&00
.readfileattribs_clearloop
     839F   88         DEY
     83A0   91 B0      STA (&B0),Y
     83A2   C0 02      CPY #&02
     83A4   D0 F9      BNE &839F
.readfileattribs_copyloop
     83A6   20 E0 83   JSR &83E0
     83A9   C8         INY
     83AA   C8         INY
     83AB   C0 0E      CPY #&0E
     83AD   D0 F7      BNE &83A6
     83AF   68         PLA
     83B0   AA         TAX
     83B1   BD 0F 0E   LDA &0E0F,X
     83B4   10 04      BPL &83BA
     83B6   A9 08      LDA #&08
     83B8   91 B0      STA (&B0),Y
.readfileattribs_notlocked
     83BA   BD 0E 0F   LDA &0F0E,X
     83BD   A0 04      LDY #&04
     83BF   20 CE 83   JSR &83CE
     83C2   A0 0C      LDY #&0C
     83C4   4A         LSR A
     83C5   4A         LSR A
     83C6   48         PHA
     83C7   29 03      AND #&03
     83C9   91 B0      STA (&B0),Y
     83CB   68         PLA
     83CC   A0 08      LDY #&08
.readfileattribs_addrHiBytes
     83CE   4A         LSR A
     83CF   4A         LSR A
     83D0   48         PHA
     83D1   29 03      AND #&03
     83D3   C9 03      CMP #&03
     83D5   D0 05      BNE &83DC
     83D7   A9 FF      LDA #&FF
     83D9   91 B0      STA (&B0),Y
     83DB   C8         INY
.readfileattribs_nothost
     83DC   91 B0      STA (&B0),Y
.readfileattribs_exits
     83DE   68         PLA
     83DF   60         RTS
.readfileattribs_copy2bytes
     83E0   20 E3 83   JSR &83E3
.readfileattribs_copy1byte
     83E3   BD 08 0F   LDA &0F08,X
     83E6   91 B0      STA (&B0),Y
     83E8   E8         INX
     83E9   C8         INY
     83EA   60         RTS
.inc_word_AE_and_load
     83EB   E6 AE      INC &AE
     83ED   D0 02      BNE &83F1
     83EF   E6 AF      INC &AF
.inc_word_AE_exit
     83F1   B1 AE      LDA (&AE),Y
     83F3   60         RTS
.RememberAXY
     83F4   48         PHA
     83F5   8A         TXA
     83F6   48         PHA
     83F7   98         TYA
     83F8   48         PHA
     83F9   A9 84      LDA #&84
     83FB   48         PHA
     83FC   A9 16      LDA #&16
     83FE   48         PHA
.rAXY_loop_init
     83FF   A0 05      LDY #&05
.rAXY_loop
     8401   BA         TSX
     8402   BD 07 01   LDA &0107,X
     8405   48         PHA
     8406   88         DEY
     8407   D0 F8      BNE &8401
     8409   A0 0A      LDY #&0A
.rAXY_loop2
     840B   BD 09 01   LDA &0109,X
     840E   9D 0B 01   STA &010B,X
     8411   CA         DEX
     8412   88         DEY
     8413   D0 F6      BNE &840B
     8415   68         PLA
     8416   68         PLA
.rAXY_restore
     8417   68         PLA
     8418   A8         TAY
     8419   68         PLA
     841A   AA         TAX
     841B   68         PLA
     841C   60         RTS
.RememberXYonly
     841D   48         PHA
     841E   8A         TXA
     841F   48         PHA
     8420   98         TYA
     8421   48         PHA
     8422   20 FF 83   JSR &83FF
.axyret1
     8425   BA         TSX
     8426   9D 03 01   STA &0103,X
     8429   4C 17 84   JMP &8417
.BinaryToBCD
     842C   20 1D 84   JSR &841D
     842F   A8         TAY
     8430   F0 0A      BEQ &843C
     8432   18         CLC
     8433   F8         SED
     8434   A9 00      LDA #&00
.bbcd_loop
     8436   69 01      ADC #&01
     8438   88         DEY
     8439   D0 FB      BNE &8436
     843B   D8         CLD
.bbcd_exit
     843C   60         RTS
.Param_ReadNum
     843D   20 C1 81   JSR &81C1
     8440   38         SEC
     8441   F0 2A      BEQ &846D
     8443   08         PHP
     8444   A9 00      LDA #&00
     8446   85 B9      STA &B9
     8448   F0 18      BEQ &8462
.L1
     844A   38         SEC
     844B   E9 30      SBC #&30
     844D   90 1D      BCC &846C
     844F   C9 0A      CMP #&0A
     8451   B0 19      BCS &846C
     8453   85 B8      STA &B8
     8455   A5 B9      LDA &B9
     8457   0A         ASL A
     8458   85 B9      STA &B9
     845A   0A         ASL A
     845B   0A         ASL A
     845C   65 B9      ADC &B9
     845E   65 B8      ADC &B8
     8460   85 B9      STA &B9
.L2
     8462   20 C5 FF   JSR &FFC5
     8465   90 E3      BCC &844A
     8467   A6 B9      LDX &B9
     8469   28         PLP
     846A   18         CLC
     846B   60         RTS
.L3
     846C   28         PLP
.L4
     846D   60         RTS
.fscv5_starCAT
     846E   20 BA 81   JSR &81BA
     8471   20 FD 8B   JSR &8BFD
     8474   20 9F A1   JSR &A19F
     8477   A0 FF      LDY #&FF
     8479   84 A8      STY &A8
     847B   C8         INY
     847C   84 AA      STY &AA
.cat_titleloop
     847E   B9 00 0E   LDA &0E00,Y
     8481   C0 08      CPY #&08
     8483   90 03      BCC &8488
     8485   B9 F8 0E   LDA &0EF8,Y
.cat_titlelo
     8488   20 DF 80   JSR &80DF
     848B   C8         INY
     848C   C0 0C      CPY #&0C
     848E   D0 EE      BNE &847E
     8490   20 9C 80   JSR &809C
     8493   20 28 
     8495   AD 04 0F   LDA &0F04
     8498   20 FB 80   JSR &80FB
     849B   20 9C 80   JSR &809C
     849E   29 
     849F   0D
     84A0   44 72 69 ...
     84A6   A5 CD      LDA &CD
     84A8   20 03 81   JSR &8103
     84AB   A0 0D      LDY #&0D
     84AD   20 0F 82   JSR &820F
     84B0   20 9C 80   JSR &809C
     84B3   4F 70 74 ...
     84BA   AD 06 0F   LDA &0F06
     84BD   20 20 82   JSR &8220
     84C0   48         PHA
     84C1   20 99 80   JSR &8099
     84C4   20 28 
     84C6   A0 03      LDY #&03
     84C8   68         PLA
     84C9   0A         ASL A
     84CA   0A         ASL A
     84CB   AA         TAX
.cat_printoptionnameloop
     84CC   BD B8 85   LDA &85B8,X
     84CF   20 DF 80   JSR &80DF
     84D2   E8         INX
     84D3   88         DEY
     84D4   10 F6      BPL &84CC
     84D6   20 9C 80   JSR &809C
     84D9   29 
     84DA   0D
     84DB   44 69 72 ...
     84E1   AD CA 10   LDA &10CA
     84E4   20 DA 80   JSR &80DA
     84E7   AD C9 10   LDA &10C9
     84EA   20 DF 80   JSR &80DF
     84ED   A0 0B      LDY #&0B
     84EF   20 0F 82   JSR &820F
     84F2   20 9C 80   JSR &809C
     84F5   4C 69 62 ...
     84FB   AD CC 10   LDA &10CC
     84FE   20 DA 80   JSR &80DA
     8501   AD CB 10   LDA &10CB
     8504   20 DF 80   JSR &80DF
     8507   20 7B 83   JSR &837B
     850A   A0 00      LDY #&00
.cat_curdirloop
     850C   CC 05 0F   CPY &0F05
     850F   B0 17      BCS &8528
     8511   B9 0F 0E   LDA &0E0F,Y
     8514   4D C9 10   EOR &10C9
     8517   29 5F      AND #&5F
     8519   D0 08      BNE &8523
     851B   B9 0F 0E   LDA &0E0F,Y
     851E   29 80      AND #&80
     8520   99 0F 0E   STA &0E0F,Y
.cat_curdirnext
     8523   20 EE 87   JSR &87EE
     8526   90 E4      BCC &850C
.cat_sortloop1
     8528   A0 00      LDY #&00
     852A   20 3A 85   JSR &853A
     852D   90 16      BCC &8545
     852F   A9 FF      LDA #&FF
     8531   8D 82 10   STA &1082
     8534   4C 7B 83   JMP &837B
.cat_getnextunmarkedfile_loop
     8537   20 EE 87   JSR &87EE
.cat_getnextunmarkedfileY
     853A   CC 05 0F   CPY &0F05
     853D   B0 05      BCS &8544
     853F   B9 08 0E   LDA &0E08,Y
     8542   30 F3      BMI &8537
.cat_exit
     8544   60         RTS
.cat_printfilename
     8545   84 AB      STY &AB
     8547   A2 00      LDX #&00
.cat_copyfnloop
     8549   B9 08 0E   LDA &0E08,Y
     854C   20 0F 83   JSR &830F
     854F   9D 60 10   STA &1060,X
     8552   C8         INY
     8553   E8         INX
     8554   E0 08      CPX #&08
     8556   D0 F1      BNE &8549
.cat_comparefnloop1
     8558   20 3A 85   JSR &853A
     855B   B0 23      BCS &8580
     855D   38         SEC
     855E   A2 06      LDX #&06
.cat_comparefnloop2
     8560   B9 0E 0E   LDA &0E0E,Y
     8563   20 0F 83   JSR &830F
     8566   FD 60 10   SBC &1060,X
     8569   88         DEY
     856A   CA         DEX
     856B   10 F3      BPL &8560
     856D   20 EF 87   JSR &87EF
     8570   B9 0F 0E   LDA &0E0F,Y
     8573   20 0F 83   JSR &830F
     8576   ED 67 10   SBC &1067
     8579   90 CA      BCC &8545
     857B   20 EE 87   JSR &87EE
     857E   B0 D8      BCS &8558
.cat_printfn
     8580   A4 AB      LDY &AB
     8582   B9 08 0E   LDA &0E08,Y
     8585   09 80      ORA #&80
     8587   99 08 0E   STA &0E08,Y
     858A   AD 67 10   LDA &1067
     858D   C5 AA      CMP &AA
     858F   F0 10      BEQ &85A1
     8591   A6 AA      LDX &AA
     8593   85 AA      STA &AA
     8595   D0 0A      BNE &85A1
     8597   20 7B 83   JSR &837B
.cat_newline
     859A   20 7B 83   JSR &837B
     859D   A0 FF      LDY #&FF
     859F   D0 09      BNE &85AA
.cat_samedir
     85A1   A4 A8      LDY &A8
     85A3   D0 F5      BNE &859A
     85A5   A0 05      LDY #&05
     85A7   20 0F 82   JSR &820F
.cat_skipspaces
     85AA   C8         INY
     85AB   84 A8      STY &A8
     85AD   A4 AB      LDY &AB
     85AF   20 19 81   JSR &8119
     85B2   20 DC 81   JSR &81DC
     85B5   4C 28 85   JMP &8528
.diskoptions_table
     85B8   6F 66 66 
     85BB   00
     85BC   4C 4F 41 ...
     85C0   52 55 4E 
     85C3   00
     85C4   45 58 45 ...
.cmdtable1
     85C8   FF
     85C9   41 43 43 ...
     85CF   B2
     85D0   42 41 43 ...
     85D6   8C
     85D7   43 4C 4F ...
     85DC   80
     85DD   43 4F 4D ...
     85E4   85
     85E5   43 4F 50 ...
     85E9   AC
     85EA   44 45 4C ...
     85F0   88
     85F1   44 45 53 ...
     85F8   82
     85F9   44 49 52 
     85FC   86
     85FD   44 52 49 ...
     8602   81
     8603   45 4E 41 ...
     8609   80
     860A   45 58 
     860C   86
     860D   46 4F 52 ...
     8611   DF
     8612   46 52 45 ...
     8616   84
.info_cmd_index
     8617   49 4E 46 ...
     861B   82
     861C   4C 49 42 
     861F   86
     8620   4D 41 50 
     8623   84
     8624   52 45 4E ...
     862A   8D
     862B   54 49 54 ...
     8630   8A
     8631   56 45 52 ...
     8637   85
     8638   57 49 50 ...
     863C   82
     863D   00         BRK
.cmdtable2
     863E   14
     863F   42 55 49 ...
     8644   88
     8645   44 55 4D ...
     8649   88
     864A   4C 49 53 ...
     864E   88
     864F   54 59 50 ...
     8653   88
     8654   00         BRK
.cmdtable22
     8655   19
     8656   44 49 53 ...
     865A   80
     865B   44 49 53 ...
     865F   80
     8660   4D 4D 46 ...
     8664   80
     8665   43 41 52 ...
     8669   80
     866A   00         BRK
.cmdtable3
     866B   1E
     866C   44 55 54 ...
     8672   80
     8673   4D 4D 46 ...
     8677   80
     8678   55 54 49 ...
     867D   80
     867E   00         BRK
.cmdtable4
     867F   22
     8680   41 43 43 ...
     8686   BE
     8687   42 4F 4F ...
     868B   89
     868C   42 55 47 
     868F   80
     8690   43 41 54 
     8693   8E
     8694   44 49 52 
     8697   89
     8698   44 52 49 ...
     869D   80
     869E   49 4E 
     86A0   F4
     86A1   4F 55 54 
     86A4   84
     86A5   52 45 4E ...
     86AB   F7
     86AC   41 42 4F ...
     86B1   80
     86B2   00         BRK
.cmdaddr1
     86B3   00 8A
     86B5   FB 9C
     86B7   7B 94
     86B9   9C 9B
     86BB   54 9D
     86BD   A2 87
     86BF   B1 87
     86C1   61 89
     86C3   01 88
     86C5   B8 8B
     86C7   4E 82
     86C9   58 1E
     86CB   B4 9F
     86CD   71 82
     86CF   65 89
     86D1   B7 9F
     86D3   1E 8C
     86D5   D4 89
     86D7   54 1E
     86D9   79 87
     86DB   0E 87
.cmdaddr2
     86DD   6E B1
     86DF   C7 B0
     86E1   36 B1
     86E3   32 B1
     86E5   CA 82
.cmdaddr22
     86E7   E4 8C
     86E9   E4 8C
     86EB   EE 8C
     86ED   EE 8C
     86EF   9A 8E
.cmdaddr3
     86F1   6B 9A
     86F3   2B 9A
     86F5   72 9A
     86F7   79 9A
.cmdaddr4
     86F9   83 2D
     86FB   9A 2B
     86FD   69 26
     86FF   7F 2B
     8701   30 2C
     8703   33 2D
     8705   C9 2B
     8707   03 2D
     8709   C0 2D
     870B   57 A6
     870D   9E 88
.cmdaddrX
.NotCmdTable1
     870F   A2 B7      LDX #&B7
     8711   20 C1 81   JSR &81C1
     8714   B1 F2      LDA (&F2),Y
     8716   C8         INY
     8717   09 20      ORA #&20
     8719   C9 64      CMP #&64
     871B   F0 09      BEQ &8726
     871D   88         DEY
     871E   4C 9F 88   JMP &889F
.fscv3_unreccommand
     8721   20 BA 81   JSR &81BA
     8724   A2 00      LDX #&00
.UnrecCommandTextPointer
     8726   BD C8 85   LDA &85C8,X
     8729   85 BE      STA &BE
     872B   98         TYA
     872C   48         PHA
.unrecloop1
     872D   E6 BE      INC &BE
     872F   68         PLA
     8730   48         PHA
     8731   A8         TAY
     8732   20 C1 81   JSR &81C1
     8735   E8         INX
     8736   BD C8 85   LDA &85C8,X
     8739   F0 28      BEQ &8763
     873B   CA         DEX
     873C   88         DEY
     873D   86 BF      STX &BF
.unrecloop2
     873F   E8         INX
     8740   C8         INY
     8741   BD C8 85   LDA &85C8,X
     8744   30 16      BMI &875C
.unrecloop2in
     8746   51 F2      EOR (&F2),Y
     8748   29 5F      AND #&5F
     874A   F0 F3      BEQ &873F
     874C   CA         DEX
.unrecloop3
     874D   E8         INX
     874E   BD C8 85   LDA &85C8,X
     8751   10 FA      BPL &874D
     8753   B1 F2      LDA (&F2),Y
     8755   C9 2E      CMP #&2E
     8757   D0 D4      BNE &872D
     8759   C8         INY
     875A   B0 07      BCS &8763
.endofcmd_oncmdline
     875C   B1 F2      LDA (&F2),Y
     875E   20 37 83   JSR &8337
     8761   90 CA      BCC &872D
.gocmdcode
     8763   68         PLA
     8764   A5 BE      LDA &BE
     8766   0A         ASL A
     8767   AA         TAX
     8768   BD B4 86   LDA &86B4,X
     876B   10 06      BPL &8773
.gocmdcode2
     876D   48         PHA
     876E   BD B3 86   LDA &86B3,X
     8771   48         PHA
     8772   60         RTS
.dommcinit
     8773   20 F1 A5   JSR &A5F1
     8776   09 80      ORA #&80
     8778   D0 F3      BNE &876D
.CMD_WIPE
     877A   20 2B 82   JSR &822B
.wipeloop
     877D   B9 0F 0E   LDA &0E0F,Y
     8780   30 1B      BMI &879D
     8782   20 DC 81   JSR &81DC
     8785   20 BA 9C   JSR &9CBA
     8788   D0 13      BNE &879D
     878A   A6 B6      LDX &B6
     878C   20 B4 94   JSR &94B4
     878F   86 B6      STX &B6
     8791   20 F7 87   JSR &87F7
     8794   84 AB      STY &AB
     8796   20 A3 A1   JSR &A1A3
     8799   A5 AB      LDA &AB
     879B   85 B6      STA &B6
.wipenext
     879D   20 85 82   JSR &8285
     87A0   B0 DB      BCS &877D
     87A2   60         RTS
.CMD_DELETE
     87A3   20 DC 92   JSR &92DC
     87A6   20 2E 82   JSR &822E
     87A9   20 45 83   JSR &8345
     87AC   20 1B 83   JSR &831B
     87AF   4C A3 A1   JMP &A1A3
.CMD_DESTROY
     87B2   20 6B 9C   JSR &9C6B
     87B5   20 2B 82   JSR &822B
.destroyloop1
     87B8   B9 0F 0E   LDA &0E0F,Y
     87BB   30 06      BMI &87C3
     87BD   20 DC 81   JSR &81DC
     87C0   20 7B 83   JSR &837B
.destroylocked1
     87C3   20 85 82   JSR &8285
     87C6   B0 F0      BCS &87B8
     87C8   20 C2 9C   JSR &9CC2
     87CB   D0 29      BNE &87F6
     87CD   20 B4 94   JSR &94B4
     87D0   20 7E 82   JSR &827E
.destroyloop2
     87D3   B9 0F 0E   LDA &0E0F,Y
     87D6   30 03      BMI &87DB
     87D8   20 F7 87   JSR &87F7
.destroylocked2
     87DB   20 85 82   JSR &8285
     87DE   B0 F3      BCS &87D3
     87E0   20 A3 A1   JSR &A1A3
.msgDELETED
     87E3   20 9C 80   JSR &809C
     87E6   44 65 6C ...
     87ED   0D
.Y_add8
     87EE   C8         INY
.Y_add7
     87EF   C8         INY
     87F0   C8         INY
     87F1   C8         INY
     87F2   C8         INY
     87F3   C8         INY
     87F4   C8         INY
     87F5   C8         INY
.Y_rts
     87F6   60         RTS
.DeleteCatEntry_AdjustPtr
     87F7   20 1B 83   JSR &831B
     87FA   A4 B6      LDY &B6
     87FC   20 C3 82   JSR &82C3
     87FF   84 B6      STY &B6
     8801   60         RTS
.CMD_DRIVE
     8802   20 02 8C   JSR &8C02
     8805   8D CA 10   STA &10CA
     8808   60         RTS
.osfileFF_loadfiletoaddr
     8809   20 36 82   JSR &8236
     880C   20 BC 93   JSR &93BC
     880F   20 95 83   JSR &8395
.LoadFile_Ycatoffset
     8812   84 BA      STY &BA
     8814   A2 00      LDX #&00
     8816   A5 BE      LDA &BE
     8818   D0 06      BNE &8820
     881A   C8         INY
     881B   C8         INY
     881C   A2 02      LDX #&02
     881E   D0 08      BNE &8828
.loadAtLoadAddr
     8820   B9 0E 0F   LDA &0F0E,Y
     8823   85 C2      STA &C2
     8825   20 BF 8B   JSR &8BBF
.load_copyfileinfo_loop
     8828   B9 08 0F   LDA &0F08,Y
     882B   95 BC      STA &BC,X
     882D   C8         INY
     882E   E8         INX
     882F   E0 08      CPX #&08
     8831   D0 F5      BNE &8828
     8833   20 D9 8B   JSR &8BD9
     8836   A4 BA      LDY &BA
     8838   20 45 83   JSR &8345
.LoadMemBlockEX
.LoadMemBlock
     883B   A9 85      LDA #&85
     883D   D0 0B      BNE &884A
.osfile0_savememblock
     883F   20 A4 8A   JSR &8AA4
     8842   20 BC 93   JSR &93BC
     8845   20 95 83   JSR &8395
.SaveMemBlock
     8848   A9 A5      LDA #&A5
.exec_block_rw
     884A   8D B6 10   STA &10B6
     884D   A9 05      LDA #&05
     884F   8D B5 10   STA &10B5
     8852   A5 CD      LDA &CD
     8854   8D B0 10   STA &10B0
     8857   A2 02      LDX #&02
.loop0
     8859   B5 BB      LDA &BB,X
     885B   9D B0 10   STA &10B0,X
     885E   BD 73 10   LDA &1073,X
     8861   9D B2 10   STA &10B2,X
     8864   CA         DEX
     8865   D0 F2      BNE &8859
     8867   A5 C2      LDA &C2
     8869   29 03      AND #&03
     886B   AA         TAX
     886C   A5 C3      LDA &C3
     886E   A0 FF      LDY #&FF
.loop1
     8870   38         SEC
.loop2
     8871   C8         INY
     8872   E9 0A      SBC #&0A
     8874   B0 FB      BCS &8871
     8876   CA         DEX
     8877   10 F7      BPL &8870
     8879   69 0A      ADC #&0A
     887B   8C B7 10   STY &10B7
     887E   8D B8 10   STA &10B8
     8881   A5 C1      LDA &C1
     8883   8D B9 10   STA &10B9
     8886   A5 C2      LDA &C2
     8888   4A         LSR A
     8889   4A         LSR A
     888A   4A         LSR A
     888B   4A         LSR A
     888C   29 03      AND #&03
     888E   8D BA 10   STA &10BA
     8891   A5 C0      LDA &C0
     8893   8D BB 10   STA &10BB
     8896   20 F4 A1   JSR &A1F4
     8899   A9 01      LDA #&01
     889B   60         RTS
.fscv2_4_11_starRUN
     889C   20 BA 81   JSR &81BA
.NotCmdTable4
.SetWordBA_txtptr
     889F   A9 FF      LDA #&FF
     88A1   85 BE      STA &BE
     88A3   A5 F2      LDA &F2
     88A5   85 BA      STA &BA
     88A7   A5 F3      LDA &F3
     88A9   85 BB      STA &BB
     88AB   8C DA 10   STY &10DA
     88AE   20 50 81   JSR &8150
     88B1   8C D9 10   STY &10D9
     88B4   20 7E 82   JSR &827E
     88B7   B0 21      BCS &88DA
     88B9   AC DA 10   LDY &10DA
     88BC   AD CB 10   LDA &10CB
     88BF   85 CC      STA &CC
     88C1   AD CC 10   LDA &10CC
     88C4   85 CD      STA &CD
     88C6   20 53 81   JSR &8153
     88C9   20 7E 82   JSR &827E
     88CC   B0 0C      BCS &88DA
.errBADCOMMAND
     88CE   20 55 80   JSR &8055
     88D1   FE
     88D2   63 6F 6D ...
     88D9   00
.runfile_found
     88DA   B9 0E 0F   LDA &0F0E,Y
     88DD   20 16 82   JSR &8216
     88E0   C9 03      CMP #&03
     88E2   D0 42      BNE &8926
     88E4   B9 0A 0F   LDA &0F0A,Y
     88E7   39 0B 0F   AND &0F0B,Y
     88EA   C9 FF      CMP #&FF
     88EC   D0 38      BNE &8926
     88EE   A2 06      LDX #&06
.runfile_exec_loop
     88F0   BD 00 10   LDA &1000,X
     88F3   9D 07 10   STA &1007,X
     88F6   CA         DEX
     88F7   10 F7      BPL &88F0
     88F9   A9 0D      LDA #&0D
     88FB   8D 0E 10   STA &100E
     88FE   A9 45      LDA #&45
     8900   8D 00 10   STA &1000
     8903   A9 3A      LDA #&3A
     8905   8D 02 10   STA &1002
     8908   A5 CD      LDA &CD
     890A   09 30      ORA #&30
     890C   8D 03 10   STA &1003
     890F   A9 2E      LDA #&2E
     8911   8D 01 10   STA &1001
     8914   8D 04 10   STA &1004
     8917   8D 06 10   STA &1006
     891A   A5 CC      LDA &CC
     891C   8D 05 10   STA &1005
     891F   A2 00      LDX #&00
     8921   A0 10      LDY #&10
     8923   4C F7 FF   JMP &FFF7
.runfile_run
     8926   20 12 88   JSR &8812
     8929   18         CLC
     892A   AD D9 10   LDA &10D9
     892D   A8         TAY
     892E   65 F2      ADC &F2
     8930   8D D9 10   STA &10D9
     8933   A5 F3      LDA &F3
     8935   69 00      ADC #&00
     8937   8D DA 10   STA &10DA
     893A   AD 76 10   LDA &1076
     893D   2D 77 10   AND &1077
     8940   0D D6 10   ORA &10D6
     8943   C9 FF      CMP #&FF
     8945   F0 16      BEQ &895D
     8947   A5 BE      LDA &BE
     8949   8D 74 10   STA &1074
     894C   A5 BF      LDA &BF
     894E   8D 75 10   STA &1075
     8951   20 7C 8C   JSR &8C7C
     8954   A2 74      LDX #&74
     8956   A0 10      LDY #&10
     8958   A9 04      LDA #&04
     895A   4C 06 04   JMP &0406
.runfile_inhost
     895D   A9 01      LDA #&01
     895F   6C BE 00   JMP (&00BE)
.CMD_DIR
     8962   A2 00      LDX #&00
     8964   F0 02      BEQ &8968
.CMD_LIB
     8966   A2 02      LDX #&02
.setdirlib
     8968   20 9C 89   JSR &899C
     896B   9D CA 10   STA &10CA,X
     896E   A5 CC      LDA &CC
     8970   9D C9 10   STA &10C9,X
     8973   60         RTS
.SaveStaticToPrivateWorkspace
     8974   20 F4 83   JSR &83F4
     8977   A5 B0      LDA &B0
     8979   48         PHA
     897A   A5 B1      LDA &B1
     897C   48         PHA
     897D   20 F4 93   JSR &93F4
     8980   A0 00      LDY #&00
.stat_loop1
     8982   C0 C0      CPY #&C0
     8984   90 05      BCC &898B
     8986   B9 00 10   LDA &1000,Y
     8989   B0 03      BCS &898E
.stat_Y_lessC0
     898B   B9 00 11   LDA &1100,Y
.stat_Y_gtreqC0
     898E   91 B0      STA (&B0),Y
     8990   C8         INY
     8991   C0 F1      CPY #&F1
     8993   D0 ED      BNE &8982
     8995   68         PLA
     8996   85 B1      STA &B1
     8998   68         PLA
     8999   85 B0      STA &B0
     899B   60         RTS
.ReadDirDrvParameters
     899C   AD C9 10   LDA &10C9
     899F   85 CC      STA &CC
     89A1   20 C1 81   JSR &81C1
     89A4   D0 05      BNE &89AB
     89A6   A9 00      LDA #&00
     89A8   85 CD      STA &CD
     89AA   60         RTS
.ReadDirDrvParameters2
     89AB   20 F5 8B   JSR &8BF5
.rdd_loop
     89AE   20 A6 81   JSR &81A6
     89B1   B0 10      BCS &89C3
     89B3   C9 3A      CMP #&3A
     89B5   D0 14      BNE &89CB
     89B7   20 05 8C   JSR &8C05
     89BA   20 A6 81   JSR &81A6
     89BD   B0 13      BCS &89D2
     89BF   C9 2E      CMP #&2E
     89C1   F0 EB      BEQ &89AE
.errBADDIRECTORY
     89C3   20 55 80   JSR &8055
     89C6   CE
     89C7   64 69 72 
     89CA   00
.rdd_exit2
     89CB   85 CC      STA &CC
     89CD   20 A6 81   JSR &81A6
     89D0   90 F1      BCC &89C3
.rdd_exit1
     89D2   A5 CD      LDA &CD
     89D4   60         RTS
.CMD_TITLE
     89D5   20 86 9A   JSR &9A86
     89D8   20 99 A1   JSR &A199
     89DB   A2 0B      LDX #&0B
     89DD   A9 00      LDA #&00
.cmdtit_loop1
     89DF   20 F5 89   JSR &89F5
     89E2   CA         DEX
     89E3   10 FA      BPL &89DF
.cmdtit_loop2
     89E5   E8         INX
     89E6   20 A6 81   JSR &81A6
     89E9   B0 07      BCS &89F2
     89EB   20 F5 89   JSR &89F5
     89EE   E0 0B      CPX #&0B
     89F0   90 F3      BCC &89E5
.cmdtit_savecat
     89F2   4C A3 A1   JMP &A1A3
.SetDiskTitleChr_Xpos
     89F5   E0 08      CPX #&08
     89F7   90 04      BCC &89FD
     89F9   9D F8 0E   STA &0EF8,X
     89FC   60         RTS
.setdisttit_page
     89FD   9D 00 0E   STA &0E00,X
     8A00   60         RTS
.CMD_ACCESS
     8A01   20 E5 92   JSR &92E5
     8A04   20 86 9A   JSR &9A86
     8A07   20 4A 81   JSR &814A
     8A0A   A2 00      LDX #&00
     8A0C   20 C1 81   JSR &81C1
     8A0F   D0 1F      BNE &8A30
.cmdac_flag
     8A11   86 AA      STX &AA
     8A13   20 39 82   JSR &8239
.cmdac_filefound
     8A16   20 9D 93   JSR &939D
     8A19   B9 0F 0E   LDA &0E0F,Y
     8A1C   29 7F      AND #&7F
     8A1E   05 AA      ORA &AA
     8A20   99 0F 0E   STA &0E0F,Y
     8A23   20 45 83   JSR &8345
     8A26   20 85 82   JSR &8285
     8A29   B0 EB      BCS &8A16
.jmp_savecattodisk
     8A2B   4C A3 A1   JMP &A1A3
.cmdac_paramloop
     8A2E   A2 80      LDX #&80
.cmdac_getparam
     8A30   20 A6 81   JSR &81A6
     8A33   B0 DC      BCS &8A11
     8A35   29 5F      AND #&5F
     8A37   C9 4C      CMP #&4C
     8A39   F0 F3      BEQ &8A2E
.errBADATTRIBUTE
     8A3B   20 55 80   JSR &8055
     8A3E   CF
     8A3F   61 74 74 ...
     8A48   00
.fscv0_starOPT
     8A49   20 F4 83   JSR &83F4
     8A4C   8A         TXA
     8A4D   C9 04      CMP #&04
     8A4F   F0 1E      BEQ &8A6F
     8A51   C9 05      CMP #&05
     8A53   F0 34      BEQ &8A89
     8A55   C9 02      CMP #&02
     8A57   90 0B      BCC &8A64
.errBADOPTION
     8A59   20 55 80   JSR &8055
     8A5C   CB
     8A5D   6F 70 74 ...
     8A63   00
.opts0_1
     8A64   A2 FF      LDX #&FF
     8A66   98         TYA
     8A67   F0 02      BEQ &8A6B
     8A69   A2 00      LDX #&00
.opts0_1_Y0
     8A6B   8E C6 10   STX &10C6
     8A6E   60         RTS
.SetBootOption_Yoption
     8A6F   98         TYA
     8A70   48         PHA
     8A71   20 F0 8B   JSR &8BF0
     8A74   20 9F A1   JSR &A19F
     8A77   68         PLA
     8A78   20 26 82   JSR &8226
     8A7B   4D 06 0F   EOR &0F06
     8A7E   29 30      AND #&30
     8A80   4D 06 0F   EOR &0F06
     8A83   8D 06 0F   STA &0F06
     8A86   4C A3 A1   JMP &A1A3
.DiskTrapOption
     8A89   98         TYA
     8A8A   08         PHP
     8A8B   A6 F4      LDX &F4
     8A8D   BD F0 0D   LDA &0DF0,X
     8A90   29 BF      AND #&BF
     8A92   28         PLP
     8A93   F0 02      BEQ &8A97
     8A95   09 40      ORA #&40
.skip
     8A97   9D F0 0D   STA &0DF0,X
     8A9A   60         RTS
.errDISKFULL
     8A9B   20 4A 80   JSR &804A
     8A9E   C6
     8A9F   66 75 6C ...
     8AA3   00
.CreateFile_FSP
     8AA4   20 50 81   JSR &8150
     8AA7   20 7E 82   JSR &827E
     8AAA   90 03      BCC &8AAF
     8AAC   20 1B 83   JSR &831B
.createfile_nodel
     8AAF   A5 C0      LDA &C0
     8AB1   48         PHA
     8AB2   A5 C1      LDA &C1
     8AB4   48         PHA
     8AB5   38         SEC
     8AB6   A5 C2      LDA &C2
     8AB8   E5 C0      SBC &C0
     8ABA   85 C0      STA &C0
     8ABC   A5 C3      LDA &C3
     8ABE   E5 C1      SBC &C1
     8AC0   85 C1      STA &C1
     8AC2   AD 7A 10   LDA &107A
     8AC5   ED 78 10   SBC &1078
     8AC8   20 F9 8A   JSR &8AF9
     8ACB   AD 79 10   LDA &1079
     8ACE   8D 75 10   STA &1075
     8AD1   AD 78 10   LDA &1078
     8AD4   8D 74 10   STA &1074
     8AD7   68         PLA
     8AD8   85 BD      STA &BD
     8ADA   68         PLA
     8ADB   85 BC      STA &BC
     8ADD   60         RTS
.CreateFile_3
     8ADE   85 CD      STA &CD
     8AE0   A5 CC      LDA &CC
     8AE2   48         PHA
     8AE3   20 9C A1   JSR &A19C
     8AE6   20 89 82   JSR &8289
     8AE9   90 03      BCC &8AEE
     8AEB   20 1B 83   JSR &831B
.cd_writedest_cat_nodel
     8AEE   68         PLA
     8AEF   85 CC      STA &CC
     8AF1   20 D6 8B   JSR &8BD6
     8AF4   A5 C2      LDA &C2
     8AF6   20 18 82   JSR &8218
.CreateFile_2
     8AF9   85 C4      STA &C4
     8AFB   A9 00      LDA #&00
     8AFD   85 C2      STA &C2
     8AFF   A9 02      LDA #&02
     8B01   85 C3      STA &C3
     8B03   AC 05 0F   LDY &0F05
     8B06   C0 F8      CPY #&F8
     8B08   90 31      BCC &8B3B
.errCATALOGUEFULL
     8B0A   20 5F 80   JSR &805F
     8B0D   BE
     8B0E   43 61 74 ...
     8B16   00
.cfile_loop
     8B17   F0 82      BEQ &8A9B
     8B19   20 C3 82   JSR &82C3
     8B1C   B9 0E 0F   LDA &0F0E,Y
     8B1F   20 18 82   JSR &8218
     8B22   85 C2      STA &C2
     8B24   18         CLC
     8B25   A9 FF      LDA #&FF
     8B27   79 0C 0F   ADC &0F0C,Y
     8B2A   B9 0F 0F   LDA &0F0F,Y
     8B2D   79 0D 0F   ADC &0F0D,Y
     8B30   85 C3      STA &C3
     8B32   B9 0E 0F   LDA &0F0E,Y
     8B35   29 03      AND #&03
     8B37   65 C2      ADC &C2
     8B39   85 C2      STA &C2
.Getfirstblock_Yoffset
     8B3B   38         SEC
     8B3C   B9 07 0F   LDA &0F07,Y
     8B3F   E5 C3      SBC &C3
     8B41   48         PHA
     8B42   B9 06 0F   LDA &0F06,Y
     8B45   29 03      AND #&03
     8B47   E5 C2      SBC &C2
     8B49   AA         TAX
     8B4A   A9 00      LDA #&00
     8B4C   C5 C0      CMP &C0
     8B4E   68         PLA
     8B4F   E5 C1      SBC &C1
     8B51   8A         TXA
     8B52   E5 C4      SBC &C4
     8B54   98         TYA
     8B55   90 C0      BCC &8B17
     8B57   84 B0      STY &B0
     8B59   AC 05 0F   LDY &0F05
.cfile_insertfileloop
     8B5C   C4 B0      CPY &B0
     8B5E   F0 0F      BEQ &8B6F
     8B60   B9 07 0E   LDA &0E07,Y
     8B63   99 0F 0E   STA &0E0F,Y
     8B66   B9 07 0F   LDA &0F07,Y
     8B69   99 0F 0F   STA &0F0F,Y
     8B6C   88         DEY
     8B6D   B0 ED      BCS &8B5C
.cfile_atcatentry
     8B6F   AD 76 10   LDA &1076
     8B72   29 03      AND #&03
     8B74   0A         ASL A
     8B75   0A         ASL A
     8B76   45 C4      EOR &C4
     8B78   29 FC      AND #&FC
     8B7A   45 C4      EOR &C4
     8B7C   0A         ASL A
     8B7D   0A         ASL A
     8B7E   4D 74 10   EOR &1074
     8B81   29 FC      AND #&FC
     8B83   4D 74 10   EOR &1074
     8B86   0A         ASL A
     8B87   0A         ASL A
     8B88   45 C2      EOR &C2
     8B8A   29 FC      AND #&FC
     8B8C   45 C2      EOR &C2
     8B8E   85 C2      STA &C2
     8B90   A2 00      LDX #&00
     8B92   98         TYA
     8B93   48         PHA
.cfile_copyfnloop
     8B94   B5 C5      LDA &C5,X
     8B96   99 08 0E   STA &0E08,Y
     8B99   B5 BC      LDA &BC,X
     8B9B   99 08 0F   STA &0F08,Y
     8B9E   C8         INY
     8B9F   E8         INX
     8BA0   E0 08      CPX #&08
     8BA2   D0 F0      BNE &8B94
     8BA4   68         PLA
     8BA5   A8         TAY
     8BA6   48         PHA
     8BA7   20 45 83   JSR &8345
     8BAA   AC 05 0F   LDY &0F05
     8BAD   20 EE 87   JSR &87EE
     8BB0   8C 05 0F   STY &0F05
     8BB3   20 A3 A1   JSR &A1A3
     8BB6   68         PLA
     8BB7   A8         TAY
     8BB8   60         RTS
.CMD_ENABLE
     8BB9   A9 01      LDA #&01
     8BBB   8D C7 10   STA &10C7
     8BBE   60         RTS
.LoadAddrHi2
     8BBF   A9 00      LDA #&00
     8BC1   8D 75 10   STA &1075
     8BC4   A5 C2      LDA &C2
     8BC6   29 08      AND #&08
     8BC8   8D 74 10   STA &1074
     8BCB   F0 08      BEQ &8BD5
.SetLoadAddrToHost
     8BCD   A9 FF      LDA #&FF
     8BCF   8D 75 10   STA &1075
     8BD2   8D 74 10   STA &1074
.ldadd_nothost
     8BD5   60         RTS
.LoadandEexeAddrHi2
     8BD6   20 BF 8B   JSR &8BBF
.ExecAddrHi2
     8BD9   A9 00      LDA #&00
     8BDB   8D 77 10   STA &1077
     8BDE   A5 C2      LDA &C2
     8BE0   20 16 82   JSR &8216
     8BE3   C9 03      CMP #&03
     8BE5   D0 05      BNE &8BEC
     8BE7   A9 FF      LDA #&FF
     8BE9   8D 77 10   STA &1077
.exadd_nothost
     8BEC   8D 76 10   STA &1076
     8BEF   60         RTS
.Set_CurDirDrv_ToDefaults
     8BF0   AD C9 10   LDA &10C9
     8BF3   85 CC      STA &CC
.Set_CurDrv_ToDefault
     8BF5   AD CA 10   LDA &10CA
.SetCurrentDrive_Adrive
     8BF8   29 03      AND #&03
.SetCurrentDrive_Adrive_noand
     8BFA   85 CD      STA &CD
     8BFC   60         RTS
.Param_OptionalDriveNo
     8BFD   20 C1 81   JSR &81C1
     8C00   F0 F3      BEQ &8BF5
.Param_DriveNo_Syntax
     8C02   20 86 9A   JSR &9A86
.Param_DriveNo_BadDrive
     8C05   20 A6 81   JSR &81A6
     8C08   B0 0B      BCS &8C15
     8C0A   C9 3A      CMP #&3A
     8C0C   F0 F7      BEQ &8C05
     8C0E   38         SEC
     8C0F   E9 30      SBC #&30
     8C11   C9 04      CMP #&04
     8C13   90 E5      BCC &8BFA
.errBADDRIVE
     8C15   20 55 80   JSR &8055
     8C18   CD
     8C19   64 72 69 ...
     8C1E   00
.CMD_RENAME
     8C1F   20 DC 92   JSR &92DC
     8C22   20 86 9A   JSR &9A86
     8C25   20 4A 81   JSR &814A
     8C28   98         TYA
     8C29   48         PHA
     8C2A   20 39 82   JSR &8239
     8C2D   20 9A 93   JSR &939A
     8C30   84 C4      STY &C4
     8C32   68         PLA
     8C33   A8         TAY
     8C34   20 86 9A   JSR &9A86
     8C37   A5 CD      LDA &CD
     8C39   48         PHA
     8C3A   20 4A 81   JSR &814A
     8C3D   68         PLA
     8C3E   C5 CD      CMP &CD
     8C40   D0 14      BNE &8C56
     8C42   20 7E 82   JSR &827E
     8C45   90 12      BCC &8C59
     8C47   C4 C4      CPY &C4
     8C49   F0 0E      BEQ &8C59
.errFILEEXISTS
     8C4B   20 5F 80   JSR &805F
     8C4E   C4
     8C4F   45 78 69 ...
     8C55   00
.jmpBADDRIVE
     8C56   4C 15 8C   JMP &8C15
.rname_ok
     8C59   A4 C4      LDY &C4
     8C5B   20 EE 87   JSR &87EE
     8C5E   A2 07      LDX #&07
.rname_loop
     8C60   B5 C5      LDA &C5,X
     8C62   99 07 0E   STA &0E07,Y
     8C65   88         DEY
     8C66   CA         DEX
     8C67   10 F7      BPL &8C60
     8C69   4C A3 A1   JMP &A1A3
.TUBE_CheckIfPresent
     8C6C   A9 EA      LDA #&EA
     8C6E   A2 00      LDX #&00
     8C70   A0 FF      LDY #&FF
     8C72   20 F4 FF   JSR &FFF4
     8C75   8A         TXA
     8C76   49 FF      EOR #&FF
     8C78   8D D6 10   STA &10D6
     8C7B   60         RTS
.TUBE_CLAIM
     8C7C   48         PHA
.tclaim_loop
     8C7D   A9 CA      LDA #&CA
     8C7F   20 06 04   JSR &0406
     8C82   90 F9      BCC &8C7D
     8C84   68         PLA
     8C85   60         RTS
.TUBE_RELEASE
     8C86   20 6C 8C   JSR &8C6C
     8C89   30 07      BMI &8C92
.TUBE_RELEASE_NoCheck
     8C8B   48         PHA
     8C8C   A9 8A      LDA #&8A
     8C8E   20 06 04   JSR &0406
     8C91   68         PLA
.trelease_exit
     8C92   60         RTS
.CheckESCAPE
     8C93   24 FF      BIT &FF
     8C95   10 1F      BPL &8CB6
.ReportESCAPE
     8C97   A9 7E      LDA #&7E
     8C99   20 F4 FF   JSR &FFF4
     8C9C   20 6F 80   JSR &806F
     8C9F   11
     8CA0   45 73 63 ...
     8CA6   00
.PrintHex100
     8CA7   48         PHA
     8CA8   20 20 82   JSR &8220
     8CAB   20 AF 8C   JSR &8CAF
     8CAE   68         PLA
.PrintNib100
     8CAF   20 25 81   JSR &8125
     8CB2   9D 00 01   STA &0100,X
     8CB5   E8         INX
.noesc
     8CB6   60         RTS
.BootOptions
     8CB7   4C 2E 21 ...
     8CBE   0D
     8CBF   45 2E 21 ...
     8CC6   0D
.AUTOBOOT
     8CC7   A5 B3      LDA &B3
     8CC9   20 9C 80   JSR &809C
Macro BOOT_NAME:
Macro BASE_NAME:
     8CCC   45 6C 65 ...
Macro SYSTEM_NAME:
     8CD5   4D 4D 46 ...
End macro SYSTEM_NAME
End macro BASE_NAME
Macro DEVICE_NAME:
     8CDA   20 50 69 ...
End macro DEVICE_NAME
Macro DFS_EMUL_NAME:
End macro DFS_EMUL_NAME
     8CE1   0D
     8CE2   0D
End macro BOOT_NAME
     8CE3   90 0C      BCC &8CF1
.CMD_DISC
     8CE5   A6 F4      LDX &F4
     8CE7   BD F0 0D   LDA &0DF0,X
     8CEA   29 40      AND #&40
     8CEC   F0 01      BEQ &8CEF
     8CEE   60         RTS
.CMD_CARD
     8CEF   A9 FF      LDA #&FF
.initMMFS
     8CF1   20 9C 96   JSR &969C
     8CF4   48         PHA
     8CF5   A9 06      LDA #&06
     8CF7   20 33 80   JSR &8033
     8CFA   A2 0D      LDX #&0D
.vectloop
     8CFC   BD 09 94   LDA &9409,X
     8CFF   9D 12 02   STA &0212,X
     8D02   CA         DEX
     8D03   10 F7      BPL &8CFC
     8D05   A9 A8      LDA #&A8
     8D07   20 02 94   JSR &9402
     8D0A   84 B1      STY &B1
     8D0C   86 B0      STX &B0
     8D0E   A2 07      LDX #&07
     8D10   A0 1B      LDY #&1B
.extendedvec_loop
     8D12   B9 FC 93   LDA &93FC,Y
     8D15   91 B0      STA (&B0),Y
     8D17   C8         INY
     8D18   B9 FC 93   LDA &93FC,Y
     8D1B   91 B0      STA (&B0),Y
     8D1D   C8         INY
     8D1E   A5 F4      LDA &F4
     8D20   91 B0      STA (&B0),Y
     8D22   C8         INY
     8D23   CA         DEX
     8D24   D0 EC      BNE &8D12
     8D26   8C 82 10   STY &1082
     8D29   8C 83 10   STY &1083
     8D2C   86 CD      STX &CD
     8D2E   8E AF 10   STX &10AF
     8D31   A2 0F      LDX #&0F
     8D33   A9 8F      LDA #&8F
     8D35   20 F4 FF   JSR &FFF4
     8D38   20 F4 93   JSR &93F4
     8D3B   A0 D3      LDY #&D3
     8D3D   B1 B0      LDA (&B0),Y
     8D3F   10 37      BPL &8D78
     8D41   A0 D4      LDY #&D4
     8D43   B1 B0      LDA (&B0),Y
     8D45   30 5E      BMI &8DA5
     8D47   20 DD 93   JSR &93DD
     8D4A   A0 00      LDY #&00
.copyfromPWStoSWS_loop
     8D4C   B1 B0      LDA (&B0),Y
     8D4E   C0 C0      CPY #&C0
     8D50   90 05      BCC &8D57
     8D52   99 00 10   STA &1000,Y
     8D55   B0 03      BCS &8D5A
.copyfromPWS1
     8D57   99 00 11   STA &1100,Y
.copyfromPWS2
     8D5A   88         DEY
     8D5B   D0 EF      BNE &8D4C
     8D5D   20 53 A1   JSR &A153
     8D60   CD F0 10   CMP &10F0
     8D63   D0 16      BNE &8D7B
     8D65   A9 A0      LDA #&A0
.setchansloop
     8D67   A8         TAY
     8D68   48         PHA
     8D69   A9 3F      LDA #&3F
     8D6B   20 48 98   JSR &9848
     8D6E   68         PLA
     8D6F   99 1D 11   STA &111D,Y
     8D72   E9 1F      SBC #&1F
     8D74   D0 F1      BNE &8D67
     8D76   F0 2D      BEQ &8DA5
.initdfs_reset
     8D78   20 DD 93   JSR &93DD
.setdefaults
     8D7B   A9 20      LDA #&20
     8D7D   8D C0 11   STA &11C0
     8D80   8D D0 11   STA &11D0
     8D83   A9 24      LDA #&24
     8D85   8D C9 10   STA &10C9
     8D88   8D CB 10   STA &10CB
     8D8B   A9 00      LDA #&00
     8D8D   8D CC 10   STA &10CC
     8D90   A0 00      LDY #&00
     8D92   8C CA 10   STY &10CA
     8D95   8C C0 10   STY &10C0
     8D98   88         DEY
     8D99   8C C7 10   STY &10C7
     8D9C   8C C6 10   STY &10C6
     8D9F   8C DD 10   STY &10DD
     8DA2   20 D9 8D   JSR &8DD9
.initdfs_noreset
     8DA5   20 6C 8C   JSR &8C6C
     8DA8   A9 FD      LDA #&FD
     8DAA   20 02 94   JSR &9402
     8DAD   E0 00      CPX #&00
     8DAF   F0 06      BEQ &8DB7
     8DB1   20 F1 A5   JSR &A5F1
     8DB4   20 D7 AB   JSR &ABD7
.skipautoload
     8DB7   68         PLA
     8DB8   D0 0B      BNE &8DC5
     8DBA   20 9F A1   JSR &A19F
     8DBD   AD 06 0F   LDA &0F06
     8DC0   20 20 82   JSR &8220
     8DC3   D0 01      BNE &8DC6
.initdfs_exit
     8DC5   60         RTS
.notOPT0
     8DC6   A0 8C      LDY #&8C
     8DC8   A2 B7      LDX #&B7
     8DCA   C9 02      CMP #&02
     8DCC   90 08      BCC &8DD6
     8DCE   F0 04      BEQ &8DD4
     8DD0   A2 BF      LDX #&BF
     8DD2   D0 02      BNE &8DD6
.oscliOPT2
     8DD4   A2 C1      LDX #&C1
.jmpOSCLI
     8DD6   4C F7 FF   JMP &FFF7
.VIDRESET
     8DD9   A0 0F      LDY #&0F
     8DDB   A9 00      LDA #&00
.loop
     8DDD   99 E0 10   STA &10E0,Y
     8DE0   88         DEY
     8DE1   10 FA      BPL &8DDD
     8DE3   A9 01      LDA #&01
     8DE5   8D F0 10   STA &10F0
     8DE8   60         RTS
.MMFS_SERVICECALLS
     8DE9   20 C5 B3   JSR &B3C5
     8DEC   48         PHA
     8DED   BD F0 0D   LDA &0DF0,X
     8DF0   30 1E      BMI &8E10
.lbl1
     8DF2   68         PLA
     8DF3   C9 12      CMP #&12
     8DF5   F0 31      BEQ &8E28
     8DF7   C9 0B      CMP #&0B
     8DF9   B0 14      BCS &8E0F
.label4
     8DFB   0A         ASL A
     8DFC   AA         TAX
     8DFD   BD 13 8E   LDA &8E13,X
     8E00   48         PHA
     8E01   BD 12 8E   LDA &8E12,X
     8E04   48         PHA
     8E05   8A         TXA
     8E06   A6 F4      LDX &F4
     8E08   4A         LSR A
     8E09   C9 0B      CMP #&0B
     8E0B   90 02      BCC &8E0F
     8E0D   69 15      ADC #&15
.label3
.SERVICE_NULL
     8E0F   60         RTS
.romdisabled
     8E10   68         PLA
     8E11   60         RTS
.data
     8E12   0E 8E
     8E14   31 8E
     8E16   38 8E
     8E18   79 8E
     8E1A   92 8E
     8E1C   0E 8E
     8E1E   0E 8E
     8E20   0E 8E
     8E22   9E 8E
     8E24   FC 8E
     8E26   0D 8F
.SERVICE12_init_filesystem
Macro BP12K_NEST:
End macro BP12K_NEST
     8E28   C0 04      CPY #&04
     8E2A   D0 E3      BNE &8E0F
     8E2C   20 F4 83   JSR &83F4
     8E2F   4C EF 8C   JMP &8CEF
.SERVICE01_claim_absworkspace
     8E32   C0 17      CPY #&17
     8E34   B0 02      BCS &8E38
     8E36   A0 17      LDY #&17
.exit
     8E38   60         RTS
.SERVICE02_claim_privworkspace
     8E39   98         TYA
     8E3A   48         PHA
     8E3B   85 B1      STA &B1
     8E3D   BC F0 0D   LDY &0DF0,X
     8E40   98         TYA
     8E41   29 40      AND #&40
     8E43   05 B1      ORA &B1
     8E45   9D F0 0D   STA &0DF0,X
     8E48   A9 00      LDA #&00
     8E4A   85 B0      STA &B0
     8E4C   C4 B1      CPY &B1
     8E4E   F0 04      BEQ &8E54
     8E50   A0 D3      LDY #&D3
     8E52   91 B0      STA (&B0),Y
.samepage
     8E54   A9 FD      LDA #&FD
     8E56   20 02 94   JSR &9402
     8E59   CA         DEX
     8E5A   8A         TXA
     8E5B   A0 D3      LDY #&D3
     8E5D   31 B0      AND (&B0),Y
     8E5F   91 B0      STA (&B0),Y
     8E61   08         PHP
     8E62   C8         INY
     8E63   28         PLP
     8E64   10 07      BPL &8E6D
     8E66   B1 B0      LDA (&B0),Y
     8E68   10 03      BPL &8E6D
     8E6A   20 74 89   JSR &8974
.notsoft
     8E6D   A9 00      LDA #&00
     8E6F   91 B0      STA (&B0),Y
     8E71   A6 F4      LDX &F4
     8E73   68         PLA
     8E74   A8         TAY
     8E75   A9 02      LDA #&02
     8E77   C8         INY
     8E78   C8         INY
.srv3_exit
     8E79   60         RTS
.SERVICE03_autoboot
Macro BP12K_NEST:
End macro BP12K_NEST
     8E7A   20 F4 83   JSR &83F4
     8E7D   84 B3      STY &B3
     8E7F   A9 7A      LDA #&7A
     8E81   20 F4 FF   JSR &FFF4
     8E84   8A         TXA
     8E85   30 09      BMI &8E90
     8E87   C9 65      CMP #&65
     8E89   D0 EE      BNE &8E79
     8E8B   A9 78      LDA #&78
     8E8D   20 F4 FF   JSR &FFF4
.jmpAUTOBOOT
     8E90   4C C7 8C   JMP &8CC7
.SERVICE04_unrec_command
Macro BP12K_NEST:
End macro BP12K_NEST
     8E93   20 F4 83   JSR &83F4
     8E96   A2 8D      LDX #&8D
.jmpunreccmd
     8E98   4C 26 87   JMP &8726
.NotCmdTable22
     8E9B   A2 76      LDX #&76
     8E9D   D0 F9      BNE &8E98
.SERVICE08_unrec_OSWORD
Macro BP12K_NEST:
End macro BP12K_NEST
     8E9F   20 F4 83   JSR &83F4
     8EA2   A4 EF      LDY &EF
     8EA4   30 2F      BMI &8ED5
     8EA6   C0 7D      CPY #&7D
     8EA8   90 2B      BCC &8ED5
     8EAA   AD 13 02   LDA &0213
     8EAD   C9 FF      CMP #&FF
     8EAF   D0 24      BNE &8ED5
     8EB1   AD 12 02   LDA &0212
     8EB4   C9 1B      CMP #&1B
     8EB6   D0 1D      BNE &8ED5
     8EB8   AD BC 0D   LDA &0DBC
     8EBB   C5 F4      CMP &F4
     8EBD   D0 16      BNE &8ED5
     8EBF   20 9C 96   JSR &969C
     8EC2   A6 F0      LDX &F0
     8EC4   86 B0      STX &B0
     8EC6   A6 F1      LDX &F1
     8EC8   86 B1      STX &B1
     8ECA   A4 EF      LDY &EF
     8ECC   C8         INY
     8ECD   10 07      BPL &8ED6
     8ECF   08         PHP
     8ED0   58         CLI
     8ED1   20 43 AF   JSR &AF43
     8ED4   28         PLP
.notMMFS
.exit
     8ED5   60         RTS
.notOSWORD7F
     8ED6   20 99 A1   JSR &A199
     8ED9   C8         INY
     8EDA   30 08      BMI &8EE4
     8EDC   A0 00      LDY #&00
     8EDE   AD 04 0F   LDA &0F04
     8EE1   91 B0      STA (&B0),Y
     8EE3   60         RTS
.OSWORD7E
     8EE4   A9 00      LDA #&00
     8EE6   A8         TAY
     8EE7   91 B0      STA (&B0),Y
     8EE9   C8         INY
     8EEA   AD 07 0F   LDA &0F07
     8EED   91 B0      STA (&B0),Y
     8EEF   C8         INY
     8EF0   AD 06 0F   LDA &0F06
     8EF3   29 03      AND #&03
     8EF5   91 B0      STA (&B0),Y
     8EF7   C8         INY
     8EF8   A9 00      LDA #&00
     8EFA   91 B0      STA (&B0),Y
     8EFC   60         RTS
.SERVICE09_help
     8EFD   20 F4 83   JSR &83F4
     8F00   B1 F2      LDA (&F2),Y
     8F02   A2 A3      LDX #&A3
     8F04   C9 0D      CMP #&0D
     8F06   D0 90      BNE &8E98
     8F08   98         TYA
     8F09   A0 03      LDY #&03
     8F0B   4C 31 9A   JMP &9A31
.SERVICE0A_claim_statworkspace
     8F0E   20 F4 83   JSR &83F4
     8F11   20 F4 93   JSR &93F4
     8F14   A0 D4      LDY #&D4
     8F16   B1 B0      LDA (&B0),Y
     8F18   10 15      BPL &8F2F
     8F1A   A0 00      LDY #&00
     8F1C   20 88 96   JSR &9688
     8F1F   20 74 89   JSR &8974
     8F22   20 F4 93   JSR &93F4
     8F25   A0 D4      LDY #&D4
     8F27   A9 00      LDA #&00
     8F29   91 B0      STA (&B0),Y
     8F2B   BA         TSX
     8F2C   9D 05 01   STA &0105,X
.exit
     8F2F   60         RTS
.FILEV_ENTRY
     8F30   20 1D 84   JSR &841D
     8F33   48         PHA
     8F34   20 DC 92   JSR &92DC
     8F37   86 B0      STX &B0
     8F39   8E DB 10   STX &10DB
     8F3C   84 B1      STY &B1
     8F3E   8C DC 10   STY &10DC
     8F41   A2 00      LDX #&00
     8F43   A0 00      LDY #&00
     8F45   20 40 81   JSR &8140
.filev_copyparams_loop
     8F48   20 30 81   JSR &8130
     8F4B   C0 12      CPY #&12
     8F4D   D0 F9      BNE &8F48
     8F4F   68         PLA
     8F50   AA         TAX
     8F51   E8         INX
     8F52   E0 08      CPX #&08
     8F54   B0 08      BCS &8F5E
     8F56   BD 4C 94   LDA &944C,X
     8F59   48         PHA
     8F5A   BD 44 94   LDA &9444,X
     8F5D   48         PHA
.filev_unknownop
     8F5E   A9 00      LDA #&00
     8F60   60         RTS
.FSCV_ENTRY
     8F61   C9 0C      CMP #&0C
     8F63   B0 F9      BCS &8F5E
     8F65   86 B5      STX &B5
     8F67   AA         TAX
     8F68   BD 38 94   LDA &9438,X
     8F6B   48         PHA
     8F6C   BD 2C 94   LDA &942C,X
     8F6F   48         PHA
     8F70   8A         TXA
     8F71   A6 B5      LDX &B5
     8F73   60         RTS
.GBPBV_ENTRY
     8F74   C9 09      CMP #&09
     8F76   B0 1D      BCS &8F95
     8F78   20 F4 83   JSR &83F4
     8F7B   20 9C 96   JSR &969C
     8F7E   8E 7D 10   STX &107D
     8F81   8C 7E 10   STY &107E
     8F84   A8         TAY
     8F85   4C 36 91   JMP &9136
.upgbpb
     8F88   20 96 8F   JSR &8F96
     8F8B   08         PHP
     8F8C   2C 81 10   BIT &1081
     8F8F   10 03      BPL &8F94
     8F91   20 8B 8C   JSR &8C8B
.gbpb_nottube
     8F94   28         PLP
.gbpbv_unrecop
     8F95   60         RTS
.gbpb_gosub
     8F96   B9 54 94   LDA &9454,Y
     8F99   8D D7 10   STA &10D7
     8F9C   B9 5D 94   LDA &945D,Y
     8F9F   8D D8 10   STA &10D8
     8FA2   B9 66 94   LDA &9466,Y
     8FA5   4A         LSR A
     8FA6   08         PHP
     8FA7   4A         LSR A
     8FA8   08         PHP
     8FA9   8D 7F 10   STA &107F
     8FAC   A0 0C      LDY #&0C
.gbpb_ctlblk_loop
     8FAE   B1 B4      LDA (&B4),Y
     8FB0   99 60 10   STA &1060,Y
     8FB3   88         DEY
     8FB4   10 F8      BPL &8FAE
     8FB6   AD 63 10   LDA &1063
     8FB9   2D 64 10   AND &1064
     8FBC   0D D6 10   ORA &10D6
     8FBF   18         CLC
     8FC0   69 01      ADC #&01
     8FC2   F0 06      BEQ &8FCA
     8FC4   20 7C 8C   JSR &8C7C
     8FC7   18         CLC
     8FC8   A9 FF      LDA #&FF
.gbpb_nottube1
     8FCA   8D 81 10   STA &1081
     8FCD   AD 7F 10   LDA &107F
     8FD0   B0 07      BCS &8FD9
     8FD2   A2 61      LDX #&61
     8FD4   A0 10      LDY #&10
     8FD6   20 06 04   JSR &0406
.gbpb_nottube2
     8FD9   28         PLP
     8FDA   B0 04      BCS &8FE0
     8FDC   28         PLP
.gbpb_jmpsub
     8FDD   6C D7 10   JMP (&10D7)
.gbpb_rw_seqptr
     8FE0   A2 03      LDX #&03
.gbpb_seqptr_loop1
     8FE2   BD 69 10   LDA &1069,X
     8FE5   95 B6      STA &B6,X
     8FE7   CA         DEX
     8FE8   10 F8      BPL &8FE2
     8FEA   A2 B6      LDX #&B6
     8FEC   AC 60 10   LDY &1060
     8FEF   A9 00      LDA #&00
     8FF1   28         PLP
     8FF2   B0 03      BCS &8FF7
     8FF4   20 82 99   JSR &9982
.gpbp_dontwriteseqptr
     8FF7   20 E7 96   JSR &96E7
     8FFA   A2 03      LDX #&03
.gbpb_seqptr_loop2
     8FFC   B5 B6      LDA &B6,X
     8FFE   9D 69 10   STA &1069,X
     9001   CA         DEX
     9002   10 F8      BPL &8FFC
.gbpb_rwdata
     9004   20 D4 90   JSR &90D4
     9007   30 0D      BMI &9016
.gbpb_data_loop
     9009   AC 60 10   LDY &1060
     900C   20 DD 8F   JSR &8FDD
     900F   B0 0D      BCS &901E
     9011   A2 09      LDX #&09
     9013   20 0F 91   JSR &910F
.gbpb_data_loopin
     9016   A2 05      LDX #&05
     9018   20 0F 91   JSR &910F
     901B   D0 EC      BNE &9009
     901D   18         CLC
.gbpb_data_loopout
     901E   08         PHP
     901F   20 D4 90   JSR &90D4
     9022   A2 05      LDX #&05
     9024   20 0F 91   JSR &910F
     9027   20 E2 90   JSR &90E2
     902A   A0 0C      LDY #&0C
.gbpb_restorectlblk_loop
     902C   B9 60 10   LDA &1060,Y
     902F   91 B4      STA (&B4),Y
     9031   88         DEY
     9032   10 F8      BPL &902C
     9034   28         PLP
     9035   60         RTS
.gbpb8_rdfilescurdir
     9036   20 8E A1   JSR &A18E
     9039   A9 45      LDA #&45
     903B   8D D7 10   STA &10D7
     903E   A9 90      LDA #&90
     9040   8D D8 10   STA &10D8
     9043   D0 BF      BNE &9004
.gbpb8_getbyte
     9045   AC 69 10   LDY &1069
.gbpb8_loop
     9048   CC 05 0F   CPY &0F05
     904B   B0 28      BCS &9075
     904D   B9 0F 0E   LDA &0E0F,Y
     9050   20 37 83   JSR &8337
     9053   45 CC      EOR &CC
     9055   B0 02      BCS &9059
     9057   29 DF      AND #&DF
.gbpb8_notalpha
     9059   29 7F      AND #&7F
     905B   F0 05      BEQ &9062
     905D   20 EE 87   JSR &87EE
     9060   D0 E6      BNE &9048
.gbpb8_filefound
     9062   A9 07      LDA #&07
     9064   20 FB 90   JSR &90FB
     9067   85 B0      STA &B0
.gbpb8_copyfn_loop
     9069   B9 08 0E   LDA &0E08,Y
     906C   20 FB 90   JSR &90FB
     906F   C8         INY
     9070   C6 B0      DEC &B0
     9072   D0 F5      BNE &9069
     9074   18         CLC
.gbpb8_endofcat
     9075   8C 69 10   STY &1069
     9078   AD 04 0F   LDA &0F04
     907B   8D 60 10   STA &1060
     907E   60         RTS
.gbpb5_getmediatitle
     907F   20 8E A1   JSR &A18E
     9082   A9 0C      LDA #&0C
     9084   20 FB 90   JSR &90FB
     9087   A0 00      LDY #&00
.gbpb5_titleloop
     9089   C0 08      CPY #&08
     908B   B0 05      BCS &9092
     908D   B9 00 0E   LDA &0E00,Y
     9090   90 03      BCC &9095
.gbpb5_titlehi
     9092   B9 F8 0E   LDA &0EF8,Y
.gbpb5_titlelo
     9095   20 FB 90   JSR &90FB
     9098   C8         INY
     9099   C0 0C      CPY #&0C
     909B   D0 EC      BNE &9089
     909D   AD 06 0F   LDA &0F06
     90A0   20 20 82   JSR &8220
     90A3   20 FB 90   JSR &90FB
     90A6   A5 CD      LDA &CD
     90A8   4C FB 90   JMP &90FB
.gbpb6_rdcurdirdevice
     90AB   20 F2 90   JSR &90F2
     90AE   AD CA 10   LDA &10CA
     90B1   20 ED 90   JSR &90ED
     90B4   AD C9 10   LDA &10C9
     90B7   D0 42      BNE &90FB
.gbpb7_rdcurlibdevice
     90B9   20 F2 90   JSR &90F2
     90BC   AD CC 10   LDA &10CC
     90BF   20 ED 90   JSR &90ED
     90C2   AD CB 10   LDA &10CB
     90C5   D0 34      BNE &90FB
.gpbp_B8memptr
     90C7   AE 61 10   LDX &1061
     90CA   86 B8      STX &B8
     90CC   AE 62 10   LDX &1062
     90CF   86 B9      STX &B9
     90D1   A2 00      LDX #&00
     90D3   60         RTS
.gbpb_bytesxferinvert
     90D4   A2 03      LDX #&03
.gbpb_bytesxferinvert_loop
     90D6   A9 FF      LDA #&FF
     90D8   5D 65 10   EOR &1065,X
     90DB   9D 65 10   STA &1065,X
     90DE   CA         DEX
     90DF   10 F5      BPL &90D6
     90E1   60         RTS
.gbpb_wordB4_word107D
     90E2   AD 7D 10   LDA &107D
     90E5   85 B4      STA &B4
     90E7   AD 7E 10   LDA &107E
     90EA   85 B5      STA &B5
     90EC   60         RTS
.gbpb_gb_SAVEBYTE_and_gbpb_SAVE_01
     90ED   09 30      ORA #&30
     90EF   20 FB 90   JSR &90FB
.gbpb_SAVE_01
     90F2   A9 01      LDA #&01
     90F4   D0 05      BNE &90FB
.gbpb_getbyteSAVEBYTE
     90F6   20 F5 97   JSR &97F5
     90F9   B0 1F      BCS &911A
.gbpb_gb_SAVEBYTE
     90FB   2C 81 10   BIT &1081
     90FE   10 05      BPL &9105
     9100   8D E5 FC   STA &FCE5
     9103   30 05      BMI &910A
.gBpb_gb_fromhost
     9105   20 C7 90   JSR &90C7
     9108   81 B8      STA (&B8,X)
.gbpb_incDataPtr
     910A   20 F4 83   JSR &83F4
     910D   A2 01      LDX #&01
.gbpb_incdblword1060X
     910F   A0 04      LDY #&04
.gbpb_incdblword_loop
     9111   FE 60 10   INC &1060,X
     9114   D0 04      BNE &911A
     9116   E8         INX
     9117   88         DEY
     9118   D0 F7      BNE &9111
.gbpb_incdblworkd_exit
     911A   60         RTS
.gbpb_putbytes
     911B   20 23 91   JSR &9123
     911E   20 B2 98   JSR &98B2
     9121   18         CLC
     9122   60         RTS
.gpbp_pb_LOADBYTE
     9123   2C 81 10   BIT &1081
     9126   10 06      BPL &912E
     9128   AD E5 FC   LDA &FCE5
     912B   4C 0A 91   JMP &910A
.gbpb_pb_fromhost
     912E   20 C7 90   JSR &90C7
     9131   A1 B8      LDA (&B8,X)
     9133   4C 0A 91   JMP &910A
.fastgb
     9136   20 E2 90   JSR &90E2
     9139   B9 66 94   LDA &9466,Y
     913C   29 03      AND #&03
     913E   4A         LSR A
     913F   F0 4A      BEQ &918B
     9141   8C 6D 10   STY &106D
     9144   A0 0C      LDY #&0C
.copyl0
     9146   B1 B4      LDA (&B4),Y
     9148   99 60 10   STA &1060,Y
     914B   88         DEY
     914C   10 F8      BPL &9146
     914E   A8         TAY
     914F   A2 03      LDX #&03
.initl
     9151   BD 65 10   LDA &1065,X
     9154   9D 6E 10   STA &106E,X
     9157   CA         DEX
     9158   10 F7      BPL &9151
     915A   AD 69 10   LDA &1069
     915D   90 09      BCC &9168
     915F   98         TYA
     9160   20 25 82   JSR &8225
     9163   A8         TAY
     9164   B9 10 11   LDA &1110,Y
     9167   18         CLC
.dcptr
     9168   49 FF      EOR #&FF
     916A   69 01      ADC #&01
     916C   A0 FC      LDY #&FC
.hdrext
     916E   99 69 0F   STA &0F69,Y
     9171   A9 00      LDA #&00
     9173   C8         INY
     9174   D0 F8      BNE &916E
     9176   20 A4 92   JSR &92A4
     9179   90 02      BCC &917D
     917B   D0 46      BNE &91C3
.trailr
     917D   20 BA 92   JSR &92BA
.drain
     9180   A9 60      LDA #&60
     9182   85 B4      STA &B4
     9184   A9 10      LDA #&10
     9186   85 B5      STA &B5
     9188   AC 6D 10   LDY &106D
.chain
     918B   4C 88 8F   JMP &8F88
.morfst
     918E   AD 71 10   LDA &1071
     9191   20 B3 92   JSR &92B3
     9194   D0 32      BNE &91C8
     9196   8D 66 10   STA &1066
     9199   8D 67 10   STA &1067
     919C   AD 6E 10   LDA &106E
     919F   D0 DC      BNE &917D
     91A1   18         CLC
.fgbfin
     91A2   08         PHP
     91A3   20 BA 92   JSR &92BA
     91A6   28         PLP
     91A7   20 E2 90   JSR &90E2
     91AA   A0 0C      LDY #&0C
.retnl
     91AC   B9 60 10   LDA &1060,Y
     91AF   91 B4      STA (&B4),Y
     91B1   88         DEY
     91B2   10 F8      BPL &91AC
     91B4   60         RTS
.setmax
     91B5   8D 67 10   STA &1067
     91B8   0D 66 10   ORA &1066
     91BB   D0 4B      BNE &9208
.throw
     91BD   A0 FD      LDY #&FD
     91BF   A9 01      LDA #&01
     91C1   D0 AB      BNE &916E
.align
     91C3   20 80 91   JSR &9180
     91C6   B0 DA      BCS &91A2
.dofast
     91C8   AE 71 10   LDX &1071
     91CB   F0 02      BEQ &91CF
     91CD   A2 FF      LDX #&FF
.sclamp
     91CF   8A         TXA
     91D0   0D 70 10   ORA &1070
     91D3   8D 67 10   STA &1067
     91D6   8A         TXA
     91D7   0D 6F 10   ORA &106F
     91DA   AA         TAX
     91DB   AD C2 10   LDA &10C2
     91DE   38         SEC
     91DF   6D 6D 10   ADC &106D
     91E2   49 04      EOR #&04
     91E4   29 E4      AND #&E4
     91E6   A8         TAY
     91E7   B9 15 11   LDA &1115,Y
     91EA   38         SEC
     91EB   ED 6A 10   SBC &106A
     91EE   8D 66 10   STA &1066
     91F1   B9 16 11   LDA &1116,Y
     91F4   ED 6B 10   SBC &106B
     91F7   90 C4      BCC &91BD
     91F9   CD 67 10   CMP &1067
     91FC   90 B7      BCC &91B5
     91FE   D0 05      BNE &9205
     9200   EC 66 10   CPX &1066
     9203   B0 B0      BCS &91B5
.sectr0
     9205   8E 66 10   STX &1066
.sectr1
     9208   AC C2 10   LDY &10C2
     920B   20 8C 94   JSR &948C
     920E   20 50 98   JSR &9850
     9211   A9 3F      LDA #&3F
     9213   99 1D 11   STA &111D,Y
     9216   20 48 98   JSR &9848
     9219   AD 61 10   LDA &1061
     921C   85 BC      STA &BC
     921E   AD 62 10   LDA &1062
     9221   85 BD      STA &BD
     9223   AD 63 10   LDA &1063
     9226   8D 74 10   STA &1074
     9229   AD 64 10   LDA &1064
     922C   8D 75 10   STA &1075
     922F   B9 0F 11   LDA &110F,Y
     9232   18         CLC
     9233   6D 6A 10   ADC &106A
     9236   85 C3      STA &C3
     9238   B9 0D 11   LDA &110D,Y
     923B   6D 6B 10   ADC &106B
     923E   29 03      AND #&03
     9240   85 C2      STA &C2
     9242   A9 00      LDA #&00
     9244   85 C0      STA &C0
     9246   AD 66 10   LDA &1066
     9249   85 C1      STA &C1
     924B   AD 67 10   LDA &1067
     924E   20 26 82   JSR &8226
     9251   05 C2      ORA &C2
     9253   85 C2      STA &C2
     9255   AD 6D 10   LDA &106D
     9258   EE DD 10   INC &10DD
     925B   20 CA 92   JSR &92CA
     925E   CE DD 10   DEC &10DD
     9261   20 A4 92   JSR &92A4
     9264   AC 66 10   LDY &1066
     9267   98         TYA
     9268   18         CLC
     9269   6D 62 10   ADC &1062
     926C   8D 62 10   STA &1062
     926F   AE 67 10   LDX &1067
     9272   8A         TXA
     9273   6D 63 10   ADC &1063
     9276   8D 63 10   STA &1063
     9279   90 03      BCC &927E
     927B   EE 64 10   INC &1064
.updp
     927E   98         TYA
     927F   AC C2 10   LDY &10C2
     9282   18         CLC
     9283   79 11 11   ADC &1111,Y
     9286   99 11 11   STA &1111,Y
     9289   8D 6A 10   STA &106A
     928C   8A         TXA
     928D   79 12 11   ADC &1112,Y
     9290   99 12 11   STA &1112,Y
     9293   8D 6B 10   STA &106B
     9296   98         TYA
     9297   20 F5 99   JSR &99F5
     929A   90 05      BCC &92A1
     929C   F0 03      BEQ &92A1
     929E   20 60 99   JSR &9960
.doneit
     92A1   4C 8E 91   JMP &918E
.subwk
     92A4   38         SEC
     92A5   A2 FC      LDX #&FC
.subwkl
     92A7   BD 72 0F   LDA &0F72,X
     92AA   FD 69 0F   SBC &0F69,X
     92AD   9D 72 0F   STA &0F72,X
     92B0   E8         INX
     92B1   D0 F4      BNE &92A7
.testl
     92B3   0D 70 10   ORA &1070
     92B6   0D 6F 10   ORA &106F
     92B9   60         RTS
.addtol
     92BA   18         CLC
     92BB   A2 FC      LDX #&FC
.addl
     92BD   BD 72 0F   LDA &0F72,X
     92C0   7D 69 0F   ADC &0F69,X
     92C3   9D 69 0F   STA &0F69,X
     92C6   E8         INX
     92C7   D0 F4      BNE &92BD
     92C9   60         RTS
.docmd
     92CA   C9 03      CMP #&03
     92CC   90 03      BCC &92D1
.dordcmd
     92CE   4C 3B 88   JMP &883B
.dowrcmd
     92D1   4C 48 88   JMP &8848
.fscv_osabouttoproccmd
     92D4   2C C7 10   BIT &10C7
     92D7   30 03      BMI &92DC
     92D9   CE C7 10   DEC &10C7
.parameter_fsp
     92DC   A9 FF      LDA #&FF
     92DE   8D CE 10   STA &10CE
.param_out
     92E1   8D CD 10   STA &10CD
     92E4   60         RTS
.parameter_afsp
     92E5   A9 2A      LDA #&2A
     92E7   8D CE 10   STA &10CE
     92EA   A9 23      LDA #&23
     92EC   D0 F3      BNE &92E1
.osfile5_rdcatinfo
     92EE   20 A8 93   JSR &93A8
     92F1   20 95 83   JSR &8395
     92F4   A9 01      LDA #&01
     92F6   60         RTS
.osfile6_delfile
     92F7   20 85 93   JSR &9385
     92FA   20 95 83   JSR &8395
     92FD   20 1B 83   JSR &831B
     9300   4C 27 93   JMP &9327
.osfile1_updatecat
     9303   20 A8 93   JSR &93A8
     9306   20 2D 93   JSR &932D
     9309   20 49 93   JSR &9349
     930C   50 16      BVC &9324
.osfile3_wrexecaddr
     930E   20 A8 93   JSR &93A8
     9311   20 49 93   JSR &9349
     9314   50 11      BVC &9327
.osfile2_wrloadaddr
     9316   20 A8 93   JSR &93A8
     9319   20 2D 93   JSR &932D
     931C   50 09      BVC &9327
.osfile4_wrattribs
     931E   20 A8 93   JSR &93A8
     9321   20 9D 93   JSR &939D
.osfile_updatelocksavecat
     9324   20 6C 93   JSR &936C
.osfile_savecat_retA_1
     9327   20 A3 A1   JSR &A1A3
     932A   A9 01      LDA #&01
     932C   60         RTS
.osfile_update_loadaddr_Xoffset
     932D   20 F4 83   JSR &83F4
     9330   A0 02      LDY #&02
     9332   B1 B0      LDA (&B0),Y
     9334   9D 08 0F   STA &0F08,X
     9337   C8         INY
     9338   B1 B0      LDA (&B0),Y
     933A   9D 09 0F   STA &0F09,X
     933D   C8         INY
     933E   B1 B0      LDA (&B0),Y
     9340   0A         ASL A
     9341   0A         ASL A
     9342   5D 0E 0F   EOR &0F0E,X
     9345   29 0C      AND #&0C
     9347   10 1B      BPL &9364
.osfile_update_execaddr_Xoffset
     9349   20 F4 83   JSR &83F4
     934C   A0 06      LDY #&06
     934E   B1 B0      LDA (&B0),Y
     9350   9D 0A 0F   STA &0F0A,X
     9353   C8         INY
     9354   B1 B0      LDA (&B0),Y
     9356   9D 0B 0F   STA &0F0B,X
     9359   C8         INY
     935A   B1 B0      LDA (&B0),Y
     935C   6A         ROR A
     935D   6A         ROR A
     935E   6A         ROR A
     935F   5D 0E 0F   EOR &0F0E,X
     9362   29 C0      AND #&C0
.osfile_savemixedbyte
     9364   5D 0E 0F   EOR &0F0E,X
     9367   9D 0E 0F   STA &0F0E,X
     936A   B8         CLV
     936B   60         RTS
.osfile_updatelock
     936C   20 F4 83   JSR &83F4
     936F   A0 0E      LDY #&0E
     9371   B1 B0      LDA (&B0),Y
     9373   29 0A      AND #&0A
     9375   F0 02      BEQ &9379
     9377   A9 80      LDA #&80
.osfile_notlocked
     9379   5D 0F 0E   EOR &0E0F,X
     937C   29 80      AND #&80
     937E   5D 0F 0E   EOR &0E0F,X
     9381   9D 0F 0E   STA &0E0F,X
     9384   60         RTS
.CheckFileNotLocked
     9385   20 B2 93   JSR &93B2
     9388   90 23      BCC &93AD
.CheckFileNotLockedY
     938A   B9 0F 0E   LDA &0E0F,Y
     938D   10 22      BPL &93B1
.errFILELOCKED
     938F   20 5F 80   JSR &805F
     9392   C3
     9393   4C 6F 63 ...
     9399   00
.CheckFileNotLockedOrOpenY
     939A   20 8A 93   JSR &938A
.CheckFileNotOpenY
     939D   20 F4 83   JSR &83F4
     93A0   20 31 96   JSR &9631
     93A3   90 21      BCC &93C6
     93A5   4C 95 95   JMP &9595
.CheckFileExists
     93A8   20 B2 93   JSR &93B2
     93AB   B0 19      BCS &93C6
.ExitCallingSubroutine
     93AD   68         PLA
     93AE   68         PLA
     93AF   A9 00      LDA #&00
.chklock_exit
     93B1   60         RTS
.read_fspBA_findcatentry
     93B2   20 50 81   JSR &8150
     93B5   20 7E 82   JSR &827E
     93B8   90 0C      BCC &93C6
     93BA   98         TYA
     93BB   AA         TAX
.SetParamBlockPointerB0
     93BC   AD DB 10   LDA &10DB
     93BF   85 B0      STA &B0
     93C1   AD DC 10   LDA &10DC
     93C4   85 B1      STA &B1
.checkexit
     93C6   60         RTS
.CalcRAM
     93C7   A9 83      LDA #&83
     93C9   20 F4 FF   JSR &FFF4
     93CC   8C CF 10   STY &10CF
     93CF   A9 84      LDA #&84
     93D1   20 F4 FF   JSR &FFF4
     93D4   98         TYA
     93D5   38         SEC
     93D6   ED CF 10   SBC &10CF
     93D9   8D D0 10   STA &10D0
     93DC   60         RTS
.ClaimStaticWorkspace
     93DD   A2 0A      LDX #&0A
     93DF   A9 8F      LDA #&8F
     93E1   20 F4 FF   JSR &FFF4
     93E4   20 F4 93   JSR &93F4
     93E7   A0 D3      LDY #&D3
     93E9   A9 FF      LDA #&FF
     93EB   91 B0      STA (&B0),Y
     93ED   8D D3 10   STA &10D3
     93F0   C8         INY
     93F1   91 B0      STA (&B0),Y
     93F3   60         RTS
.SetPrivateWorkspacePointerB0
     93F4   A9 00      LDA #&00
     93F6   85 B0      STA &B0
     93F8   A6 F4      LDX &F4
     93FA   BD F0 0D   LDA &0DF0,X
     93FD   29 3F      AND #&3F
     93FF   85 B1      STA &B1
     9401   60         RTS
.osbyte_X0YFF
     9402   A2 00      LDX #&00
.osbyte_YFF
     9404   A0 FF      LDY #&FF
     9406   4C F4 FF   JMP &FFF4
.vectors_table
     9409   1B FF
     940B   1E FF
     940D   21 FF
     940F   24 FF
     9411   27 FF
     9413   2A FF
     9415   2D FF
.extendedvectors_table
     9417   30 8F
     9419   00         BRK
     941A   A9 96
     941C   00         BRK
     941D   F5 97
     941F   00         BRK
     9420   B2 98
     9422   00         BRK
     9423   74 8F
     9425   00         BRK
     9426   CE 94
     9428   00         BRK
     9429   61 8F
     942B   00         BRK
.fscv_table1
     942C   48
     942D   C1
     942E   9B
     942F   20
     9430   9B
     9431   6D
     9432   73
     9433   6E
     9434   D3
     9435   4B
     9436   6A
     9437   9B
.fscv_table2
     9438   8A
     9439   97
     943A   88
     943B   87
     943C   88
     943D   84
     943E   94
     943F   94
     9440   92
     9441   82
     9442   82
     9443   88
.finv_tablelo
     9444   08
     9445   3E
     9446   02
     9447   15
     9448   0D
     9449   1D
     944A   ED
     944B   F6
.finv_tablehi
     944C   88
     944D   88
     944E   93
     944F   93
     9450   93
     9451   93
     9452   92
     9453   92
.gbpbv_table1
     9454   CB
     9455   1B
     9456   1B
     9457   F6
     9458   F6
     9459   7F
     945A   AB
     945B   B9
     945C   36
.gbpbv_table2
     945D   82
     945E   91
     945F   91
     9460   90
     9461   90
     9462   90
     9463   90
     9464   90
     9465   90
.gbpbv_table3
     9466   04
     9467   02
     9468   03
     9469   06
     946A   07
     946B   04
     946C   04
     946D   04
     946E   04
.fscv7_hndlrange
     946F   A2 11      LDX #&11
     9471   A0 15      LDY #&15
.closeallfiles_exit
     9473   60         RTS
.fscv6_shutdownfilesys
     9474   20 F4 83   JSR &83F4
.CloseSPOOLEXECfiles
     9477   A9 77      LDA #&77
     9479   4C F4 FF   JMP &FFF4
.CMD_CLOSE
.CloseAllFiles_Osbyte77
     947C   20 77 94   JSR &9477
.CloseAllFiles
     947F   A9 00      LDA #&00
.closeallfiles_loop
     9481   18         CLC
     9482   69 20      ADC #&20
     9484   F0 ED      BEQ &9473
     9486   A8         TAY
     9487   20 DB 94   JSR &94DB
     948A   D0 F5      BNE &9481
.Channel_SetDirDrv_GetCatEntry_Yintch
     948C   20 A7 94   JSR &94A7
.Channel_GetCatEntry_Yintch
     948F   A2 06      LDX #&06
.chnl_getcatloop
     9491   B9 0C 11   LDA &110C,Y
     9494   95 C5      STA &C5,X
     9496   88         DEY
     9497   88         DEY
     9498   CA         DEX
     9499   10 F6      BPL &9491
     949B   20 89 82   JSR &8289
     949E   90 22      BCC &94C2
     94A0   8C C3 10   STY &10C3
     94A3   AC C2 10   LDY &10C2
.chkdskchangexit
     94A6   60         RTS
.Channel_SetDirDrive_Yintch
     94A7   B9 0E 11   LDA &110E,Y
     94AA   29 7F      AND #&7F
     94AC   85 CC      STA &CC
     94AE   B9 17 11   LDA &1117,Y
     94B1   4C F8 8B   JMP &8BF8
.CheckForDiskChange
     94B4   20 F4 83   JSR &83F4
     94B7   AD 04 0F   LDA &0F04
     94BA   20 9C A1   JSR &A19C
     94BD   CD 04 0F   CMP &0F04
     94C0   F0 E4      BEQ &94A6
.errDISKCHANGED
     94C2   20 4A 80   JSR &804A
     94C5   C8
     94C6   63 68 61 ...
     94CD   00
.FINDV_ENTRY
     94CE   29 C0      AND #&C0
     94D0   D0 59      BNE &952B
     94D2   20 F4 83   JSR &83F4
.CloseFiles_Yhandle
     94D5   98         TYA
     94D6   F0 A4      BEQ &947C
     94D8   20 D6 97   JSR &97D6
.CloseFile_Yintch
     94DB   48         PHA
     94DC   20 61 97   JSR &9761
     94DF   B0 45      BCS &9526
     94E1   B9 1B 11   LDA &111B,Y
     94E4   49 FF      EOR #&FF
     94E6   2D C0 10   AND &10C0
     94E9   8D C0 10   STA &10C0
     94EC   B9 17 11   LDA &1117,Y
     94EF   29 60      AND #&60
     94F1   F0 33      BEQ &9526
     94F3   20 8C 94   JSR &948C
     94F6   B9 17 11   LDA &1117,Y
     94F9   29 20      AND #&20
     94FB   F0 26      BEQ &9523
     94FD   AE C3 10   LDX &10C3
     9500   B9 14 11   LDA &1114,Y
     9503   9D 0C 0F   STA &0F0C,X
     9506   B9 15 11   LDA &1115,Y
     9509   9D 0D 0F   STA &0F0D,X
     950C   B9 16 11   LDA &1116,Y
     950F   20 26 82   JSR &8226
     9512   5D 0E 0F   EOR &0F0E,X
     9515   29 30      AND #&30
     9517   5D 0E 0F   EOR &0F0E,X
     951A   9D 0E 0F   STA &0F0E,X
     951D   20 A3 A1   JSR &A1A3
     9520   AC C2 10   LDY &10C2
.closefile_buftodisk
     9523   20 50 98   JSR &9850
.closefile_exit
     9526   AE C5 10   LDX &10C5
     9529   68         PLA
     952A   60         RTS
.findvnot0_openfile
     952B   20 1D 84   JSR &841D
     952E   86 BA      STX &BA
     9530   84 BB      STY &BB
     9532   85 B4      STA &B4
     9534   24 B4      BIT &B4
     9536   08         PHP
     9537   20 50 81   JSR &8150
     953A   20 DC 92   JSR &92DC
     953D   20 7E 82   JSR &827E
     9540   B0 22      BCS &9564
     9542   A9 00      LDA #&00
     9544   28         PLP
     9545   50 01      BVC &9548
     9547   60         RTS
.findv_createfile
     9548   08         PHP
     9549   A2 07      LDX #&07
.findv_loop1
     954B   95 BC      STA &BC,X
     954D   9D 74 10   STA &1074,X
     9550   CA         DEX
     9551   10 F8      BPL &954B
     9553   C6 BE      DEC &BE
     9555   C6 BF      DEC &BF
     9557   CE 76 10   DEC &1076
     955A   CE 77 10   DEC &1077
     955D   A9 40      LDA #&40
     955F   85 C3      STA &C3
     9561   20 A4 8A   JSR &8AA4
.findv_filefound
     9564   28         PLP
     9565   08         PHP
     9566   70 03      BVS &956B
     9568   20 8A 93   JSR &938A
.findv_readorupdate
     956B   20 31 96   JSR &9631
     956E   90 0E      BCC &957E
.findv_loop2
     9570   B9 0C 11   LDA &110C,Y
     9573   10 20      BPL &9595
     9575   28         PLP
     9576   08         PHP
     9577   30 1C      BMI &9595
     9579   20 2C 96   JSR &962C
     957C   B0 F2      BCS &9570
.findv_openchannel
     957E   AC C2 10   LDY &10C2
     9581   D0 1B      BNE &959E
.errTOOMANYFILESOPEN
     9583   20 5F 80   JSR &805F
     9586   C0
     9587   54 6F 6F ...
     9594   00
.errFILEOPEN
     9595   20 5F 80   JSR &805F
     9598   C2
     9599   4F 70 65 ...
     959D   00
.SetupChannelInfoBlock_Yintch
     959E   A9 08      LDA #&08
     95A0   8D C4 10   STA &10C4
.chnlblock_loop1
     95A3   BD 08 0E   LDA &0E08,X
     95A6   99 00 11   STA &1100,Y
     95A9   C8         INY
     95AA   BD 08 0F   LDA &0F08,X
     95AD   99 00 11   STA &1100,Y
     95B0   C8         INY
     95B1   E8         INX
     95B2   CE C4 10   DEC &10C4
     95B5   D0 EC      BNE &95A3
     95B7   A2 10      LDX #&10
     95B9   A9 00      LDA #&00
.chnlblock_loop2
     95BB   99 00 11   STA &1100,Y
     95BE   C8         INY
     95BF   CA         DEX
     95C0   D0 F9      BNE &95BB
     95C2   AD C2 10   LDA &10C2
     95C5   A8         TAY
     95C6   20 1F 82   JSR &821F
     95C9   69 11      ADC #&11
     95CB   99 13 11   STA &1113,Y
     95CE   AD C1 10   LDA &10C1
     95D1   99 1B 11   STA &111B,Y
     95D4   0D C0 10   ORA &10C0
     95D7   8D C0 10   STA &10C0
     95DA   B9 09 11   LDA &1109,Y
     95DD   69 FF      ADC #&FF
     95DF   B9 0B 11   LDA &110B,Y
     95E2   69 00      ADC #&00
     95E4   99 19 11   STA &1119,Y
     95E7   B9 0D 11   LDA &110D,Y
     95EA   09 0F      ORA #&0F
     95EC   69 00      ADC #&00
     95EE   20 18 82   JSR &8218
     95F1   99 1A 11   STA &111A,Y
     95F4   28         PLP
     95F5   50 2E      BVC &9625
     95F7   30 08      BMI &9601
     95F9   A9 80      LDA #&80
     95FB   19 0C 11   ORA &110C,Y
     95FE   99 0C 11   STA &110C,Y
.chnlblock_setEXT
     9601   B9 09 11   LDA &1109,Y
     9604   99 14 11   STA &1114,Y
     9607   B9 0B 11   LDA &110B,Y
     960A   99 15 11   STA &1115,Y
     960D   B9 0D 11   LDA &110D,Y
     9610   20 18 82   JSR &8218
     9613   99 16 11   STA &1116,Y
.chnlblock_cont
     9616   A5 CD      LDA &CD
     9618   19 17 11   ORA &1117,Y
     961B   99 17 11   STA &1117,Y
     961E   98         TYA
     961F   20 1F 82   JSR &821F
     9622   09 10      ORA #&10
     9624   60         RTS
.chnlblock_setBit5
     9625   A9 20      LDA #&20
     9627   99 17 11   STA &1117,Y
     962A   D0 EA      BNE &9616
.IsFileOpenContinue
     962C   8A         TXA
     962D   48         PHA
     962E   4C 70 96   JMP &9670
.IsFileOpen_Yoffset
     9631   A9 00      LDA #&00
     9633   8D C2 10   STA &10C2
     9636   A9 08      LDA #&08
     9638   85 B5      STA &B5
     963A   98         TYA
     963B   AA         TAX
     963C   A0 A0      LDY #&A0
.fop_main_loop
     963E   84 B3      STY &B3
     9640   8A         TXA
     9641   48         PHA
     9642   A9 08      LDA #&08
     9644   85 B2      STA &B2
     9646   A5 B5      LDA &B5
     9648   2C C0 10   BIT &10C0
     964B   F0 1D      BEQ &966A
     964D   B9 17 11   LDA &1117,Y
     9650   45 CD      EOR &CD
     9652   29 03      AND #&03
     9654   D0 1A      BNE &9670
.fop_cmpfn_loop
     9656   BD 08 0E   LDA &0E08,X
     9659   59 00 11   EOR &1100,Y
     965C   29 7F      AND #&7F
     965E   D0 10      BNE &9670
     9660   E8         INX
     9661   C8         INY
     9662   C8         INY
     9663   C6 B2      DEC &B2
     9665   D0 EF      BNE &9656
     9667   38         SEC
     9668   B0 10      BCS &967A
.fop_channelnotopen
     966A   8C C2 10   STY &10C2
     966D   8D C1 10   STA &10C1
.fop_nothisfile
     9670   38         SEC
     9671   A5 B3      LDA &B3
     9673   E9 20      SBC #&20
     9675   85 B3      STA &B3
     9677   06 B5      ASL &B5
     9679   18         CLC
.fop_matchifCset
     967A   68         PLA
     967B   AA         TAX
     967C   A4 B3      LDY &B3
     967E   A5 B5      LDA &B5
     9680   B0 02      BCS &9684
     9682   D0 BA      BNE &963E
.fop_exit
     9684   60         RTS
.ChannelBufferToDisk_Yhandle_A0
     9685   20 9C 96   JSR &969C
.ChannelBufferToDisk_Yhandle
     9688   AD C0 10   LDA &10C0
     968B   48         PHA
     968C   98         TYA
     968D   D0 05      BNE &9694
     968F   20 7F 94   JSR &947F
     9692   F0 03      BEQ &9697
.chbuf1
     9694   20 D5 94   JSR &94D5
.chbuf2
     9697   68         PLA
     9698   8D C0 10   STA &10C0
     969B   60         RTS
.ReturnWithA0
     969C   48         PHA
     969D   8A         TXA
     969E   48         PHA
     969F   A9 00      LDA #&00
     96A1   BA         TSX
     96A2   9D 09 01   STA &0109,X
     96A5   68         PLA
     96A6   AA         TAX
     96A7   68         PLA
     96A8   60         RTS
.ARGSV_ENTRY
     96A9   20 F4 83   JSR &83F4
     96AC   C9 FF      CMP #&FF
     96AE   F0 D5      BEQ &9685
     96B0   C0 00      CPY #&00
     96B2   F0 12      BEQ &96C6
     96B4   C9 04      CMP #&04
     96B6   B0 27      BCS &96DF
     96B8   20 9C 96   JSR &969C
     96BB   C9 03      CMP #&03
     96BD   F0 47      BEQ &9706
     96BF   C9 01      CMP #&01
     96C1   D0 24      BNE &96E7
     96C3   4C 82 99   JMP &9982
.argsv_Y0
     96C6   C9 02      CMP #&02
     96C8   B0 15      BCS &96DF
     96CA   20 9C 96   JSR &969C
     96CD   F0 11      BEQ &96E0
     96CF   A9 FF      LDA #&FF
     96D1   95 02      STA &02,X
     96D3   95 03      STA &03,X
     96D5   AD D9 10   LDA &10D9
     96D8   95 00      STA &00,X
     96DA   AD DA 10   LDA &10DA
     96DD   95 01      STA &01,X
.argsv_exit
     96DF   60         RTS
.argsv_filesysnumber
     96E0   A9 04      LDA #&04
     96E2   BA         TSX
     96E3   9D 05 01   STA &0105,X
     96E6   60         RTS
.argsv_rdseqptr_or_filelen
     96E7   20 D6 97   JSR &97D6
     96EA   8C C2 10   STY &10C2
     96ED   0A         ASL A
     96EE   6D C2 10   ADC &10C2
     96F1   A8         TAY
     96F2   B9 10 11   LDA &1110,Y
     96F5   95 00      STA &00,X
     96F7   B9 11 11   LDA &1111,Y
     96FA   95 01      STA &01,X
     96FC   B9 12 11   LDA &1112,Y
     96FF   95 02      STA &02,X
     9701   A9 00      LDA #&00
     9703   95 03      STA &03,X
     9705   60         RTS
.argsv3
     9706   20 D6 97   JSR &97D6
     9709   20 72 99   JSR &9972
     970C   B0 1E      BCS &972C
     970E   B9 10 11   LDA &1110,Y
     9711   48         PHA
     9712   B9 11 11   LDA &1111,Y
     9715   48         PHA
     9716   B9 12 11   LDA &1112,Y
     9719   48         PHA
     971A   20 8D 99   JSR &998D
     971D   68         PLA
     971E   99 12 11   STA &1112,Y
     9721   68         PLA
     9722   99 11 11   STA &1111,Y
     9725   68         PLA
     9726   99 10 11   STA &1110,Y
     9729   20 CB 99   JSR &99CB
.truncate
     972C   B9 0C 11   LDA &110C,Y
     972F   30 2A      BMI &975B
     9731   19 0E 11   ORA &110E,Y
     9734   30 28      BMI &975E
     9736   A9 20      LDA #&20
     9738   20 41 98   JSR &9841
     973B   B5 00      LDA &00,X
     973D   99 14 11   STA &1114,Y
     9740   B5 01      LDA &01,X
     9742   99 15 11   STA &1115,Y
     9745   B5 02      LDA &02,X
     9747   99 16 11   STA &1116,Y
     974A   8A         TXA
     974B   48         PHA
     974C   20 F4 99   JSR &99F4
     974F   68         PLA
     9750   AA         TAX
     9751   90 03      BCC &9756
     9753   20 BC 99   JSR &99BC
.dontchangeptr
     9756   A9 EF      LDA #&EF
     9758   4C 48 98   JMP &9848
.filereadonly
     975B   4C 9E 98   JMP &989E
.filelocked
     975E   4C 8F 93   JMP &938F
.IsHndlinUse_Yintch
     9761   48         PHA
     9762   8E C5 10   STX &10C5
     9765   98         TYA
     9766   29 E0      AND #&E0
     9768   8D C2 10   STA &10C2
     976B   F0 13      BEQ &9780
     976D   20 1F 82   JSR &821F
     9770   A8         TAY
     9771   A9 00      LDA #&00
     9773   38         SEC
.hndlinsue_loop
     9774   6A         ROR A
     9775   88         DEY
     9776   D0 FC      BNE &9774
     9778   AC C2 10   LDY &10C2
     977B   2C C0 10   BIT &10C0
     977E   D0 01      BNE &9781
.hndlinuse_notused_C1
     9780   38         SEC
.hndlinuse_used_C0
     9781   68         PLA
     9782   60         RTS
.conv_Yhndl_intch_exYintch
     9783   48         PHA
     9784   98         TYA
.conv_hndl_X_entry
     9785   C9 10      CMP #&10
     9787   90 04      BCC &978D
     9789   C9 18      CMP #&18
     978B   90 02      BCC &978F
.conv_hndl10
     978D   A9 08      LDA #&08
.conv_hndl18
     978F   20 25 82   JSR &8225
     9792   A8         TAY
     9793   68         PLA
     9794   60         RTS
.ClearEXECSPOOLFileHandle
     9795   A9 C6      LDA #&C6
     9797   20 02 94   JSR &9402
     979A   8A         TXA
     979B   F0 09      BEQ &97A6
     979D   20 B9 97   JSR &97B9
     97A0   D0 04      BNE &97A6
     97A2   A9 C6      LDA #&C6
     97A4   D0 0C      BNE &97B2
.ClearSpoolhandle
     97A6   A9 C7      LDA #&C7
     97A8   20 02 94   JSR &9402
     97AB   20 B9 97   JSR &97B9
     97AE   D0 11      BNE &97C1
     97B0   A9 C7      LDA #&C7
.osbyte_X0Y0
     97B2   A2 00      LDX #&00
     97B4   A0 00      LDY #&00
     97B6   4C F4 FF   JMP &FFF4
.ConvertXhndl_exYintch
     97B9   8A         TXA
     97BA   A8         TAY
     97BB   20 83 97   JSR &9783
     97BE   CC C2 10   CPY &10C2
.clrsplhndl_exit
     97C1   60         RTS
.fscv1_EOF_Yhndl
     97C2   48         PHA
     97C3   98         TYA
     97C4   48         PHA
     97C5   8A         TXA
     97C6   A8         TAY
     97C7   20 F1 99   JSR &99F1
     97CA   D0 04      BNE &97D0
     97CC   A2 FF      LDX #&FF
     97CE   D0 02      BNE &97D2
.eof_NOTEND
     97D0   A2 00      LDX #&00
.eof_exit
     97D2   68         PLA
     97D3   A8         TAY
     97D4   68         PLA
.checkchannel_okexit
     97D5   60         RTS
.CheckChannel_Yhndl_exYintch
     97D6   20 83 97   JSR &9783
     97D9   20 61 97   JSR &9761
     97DC   90 F7      BCC &97D5
     97DE   20 95 97   JSR &9795
.errCHANNEL
     97E1   20 5F 80   JSR &805F
     97E4   DE
     97E5   43 68 61 ...
     97EC   00
.errEOF
     97ED   20 5F 80   JSR &805F
     97F0   DF
     97F1   45 4F 46 
     97F4   00
.BGETV_ENTRY
     97F5   20 1D 84   JSR &841D
     97F8   20 F1 99   JSR &99F1
     97FB   D0 13      BNE &9810
     97FD   B9 17 11   LDA &1117,Y
     9800   29 10      AND #&10
     9802   D0 E9      BNE &97ED
     9804   A9 10      LDA #&10
     9806   20 41 98   JSR &9841
     9809   AE C5 10   LDX &10C5
     980C   A9 FE      LDA #&FE
     980E   38         SEC
     980F   60         RTS
.bg_notEOF
     9810   B9 17 11   LDA &1117,Y
     9813   30 0A      BMI &981F
     9815   20 A7 94   JSR &94A7
     9818   20 50 98   JSR &9850
     981B   38         SEC
     981C   20 58 98   JSR &9858
.bg_samesector1
     981F   20 0D 9A   JSR &9A0D
     9822   A1 BA      LDA (&BA,X)
     9824   18         CLC
     9825   60         RTS
.CalcBufferSectorForPTR
     9826   18         CLC
     9827   B9 0F 11   LDA &110F,Y
     982A   79 11 11   ADC &1111,Y
     982D   85 C3      STA &C3
     982F   99 1C 11   STA &111C,Y
     9832   B9 0D 11   LDA &110D,Y
     9835   29 03      AND #&03
     9837   79 12 11   ADC &1112,Y
     983A   85 C2      STA &C2
     983C   99 1D 11   STA &111D,Y
.ChannelFlags_SetBit7
     983F   A9 80      LDA #&80
.ChannelFlags_SetBits
     9841   19 17 11   ORA &1117,Y
     9844   D0 05      BNE &984B
.ChannelFlags_ClearBit7
     9846   A9 7F      LDA #&7F
.ChannelFlags_ClearBits
     9848   39 17 11   AND &1117,Y
.chnflg_save
     984B   99 17 11   STA &1117,Y
     984E   18         CLC
     984F   60         RTS
.ChannelBufferToDisk_Yintch
     9850   B9 17 11   LDA &1117,Y
     9853   29 40      AND #&40
     9855   F0 43      BEQ &989A
     9857   18         CLC
.ChannelBufferRW_Yintch_C1read
     9858   EE DD 10   INC &10DD
     985B   AC C2 10   LDY &10C2
     985E   B9 13 11   LDA &1113,Y
     9861   85 BD      STA &BD
     9863   A9 FF      LDA #&FF
     9865   8D 74 10   STA &1074
     9868   8D 75 10   STA &1075
     986B   A9 00      LDA #&00
     986D   85 BC      STA &BC
     986F   85 C0      STA &C0
     9871   A9 01      LDA #&01
     9873   85 C1      STA &C1
     9875   B0 17      BCS &988E
     9877   B9 1C 11   LDA &111C,Y
     987A   85 C3      STA &C3
     987C   B9 1D 11   LDA &111D,Y
     987F   85 C2      STA &C2
     9881   20 48 88   JSR &8848
     9884   AC C2 10   LDY &10C2
     9887   A9 BF      LDA #&BF
     9889   20 48 98   JSR &9848
     988C   90 06      BCC &9894
.chnbuf_read
     988E   20 26 98   JSR &9826
     9891   20 3B 88   JSR &883B
.chnbuf_exit
     9894   CE DD 10   DEC &10DD
     9897   AC C2 10   LDY &10C2
.chnbuf_exit2
     989A   60         RTS
.errFILELOCKED2
     989B   4C 8F 93   JMP &938F
.errFILEREADONLY
     989E   20 5F 80   JSR &805F
     98A1   C1
     98A2   52 65 61 ...
     98AB   00
.bput_Yintchan
     98AC   20 F4 83   JSR &83F4
     98AF   4C B8 98   JMP &98B8
.BPUTV_ENTRY
     98B2   20 F4 83   JSR &83F4
     98B5   20 D6 97   JSR &97D6
.bp_entry
     98B8   48         PHA
     98B9   B9 0C 11   LDA &110C,Y
     98BC   30 E0      BMI &989E
     98BE   B9 0E 11   LDA &110E,Y
     98C1   30 D8      BMI &989B
     98C3   20 A7 94   JSR &94A7
     98C6   98         TYA
     98C7   18         CLC
     98C8   69 04      ADC #&04
     98CA   20 F5 99   JSR &99F5
     98CD   D0 66      BNE &9935
     98CF   20 8F 94   JSR &948F
     98D2   AE C3 10   LDX &10C3
     98D5   38         SEC
     98D6   BD 07 0F   LDA &0F07,X
     98D9   FD 0F 0F   SBC &0F0F,X
     98DC   48         PHA
     98DD   BD 06 0F   LDA &0F06,X
     98E0   FD 0E 0F   SBC &0F0E,X
     98E3   29 03      AND #&03
     98E5   D9 1A 11   CMP &111A,Y
     98E8   D0 1F      BNE &9909
     98EA   68         PLA
     98EB   D9 19 11   CMP &1119,Y
     98EE   D0 34      BNE &9924
     98F0   84 B4      STY &B4
     98F2   8C C2 10   STY &10C2
     98F5   20 95 97   JSR &9795
.errCANTEXTEND
     98F8   20 5F 80   JSR &805F
     98FB   BF
     98FC   43 61 6E ...
     9908   00
.bp_extendby100
     9909   B9 1A 11   LDA &111A,Y
     990C   18         CLC
     990D   69 01      ADC #&01
     990F   99 1A 11   STA &111A,Y
     9912   0A         ASL A
     9913   0A         ASL A
     9914   0A         ASL A
     9915   0A         ASL A
     9916   5D 0E 0F   EOR &0F0E,X
     9919   29 30      AND #&30
     991B   5D 0E 0F   EOR &0F0E,X
     991E   9D 0E 0F   STA &0F0E,X
     9921   68         PLA
     9922   A9 00      LDA #&00
.bp_extendtogap
     9924   9D 0D 0F   STA &0F0D,X
     9927   99 19 11   STA &1119,Y
     992A   A9 00      LDA #&00
     992C   9D 0C 0F   STA &0F0C,X
     992F   20 A3 A1   JSR &A1A3
     9932   AC C2 10   LDY &10C2
.bp_noextend
     9935   B9 17 11   LDA &1117,Y
     9938   30 16      BMI &9950
     993A   20 50 98   JSR &9850
     993D   B9 14 11   LDA &1114,Y
     9940   D0 0A      BNE &994C
     9942   20 F4 99   JSR &99F4
     9945   D0 05      BNE &994C
     9947   20 26 98   JSR &9826
     994A   D0 04      BNE &9950
.bp_loadbuf
     994C   38         SEC
     994D   20 58 98   JSR &9858
.bp_savebyte
     9950   A9 40      LDA #&40
     9952   20 41 98   JSR &9841
     9955   20 0D 9A   JSR &9A0D
     9958   68         PLA
     9959   81 BA      STA (&BA,X)
     995B   20 F4 99   JSR &99F4
     995E   90 11      BCC &9971
.updext
     9960   A9 20      LDA #&20
     9962   20 41 98   JSR &9841
     9965   A2 02      LDX #&02
.bp_setextloop
     9967   B9 10 11   LDA &1110,Y
     996A   99 14 11   STA &1114,Y
     996D   C8         INY
     996E   CA         DEX
     996F   10 F6      BPL &9967
.bp_exit
     9971   60         RTS
.cmptoEXT
     9972   B9 14 11   LDA &1114,Y
     9975   D5 00      CMP &00,X
     9977   B9 15 11   LDA &1115,Y
     997A   F5 01      SBC &01,X
     997C   B9 16 11   LDA &1116,Y
     997F   F5 02      SBC &02,X
     9981   60         RTS
.argsv_WriteSeqPointer
     9982   20 F4 83   JSR &83F4
     9985   20 D6 97   JSR &97D6
.wsploop
     9988   20 72 99   JSR &9972
     998B   B0 2F      BCS &99BC
.argsextendloop
     998D   B9 14 11   LDA &1114,Y
     9990   99 10 11   STA &1110,Y
     9993   B9 15 11   LDA &1115,Y
     9996   99 11 11   STA &1111,Y
     9999   B9 16 11   LDA &1116,Y
     999C   99 12 11   STA &1112,Y
     999F   20 CB 99   JSR &99CB
     99A2   A5 B6      LDA &B6
     99A4   48         PHA
     99A5   A5 B7      LDA &B7
     99A7   48         PHA
     99A8   A5 B8      LDA &B8
     99AA   48         PHA
     99AB   A9 00      LDA #&00
     99AD   20 AC 98   JSR &98AC
     99B0   68         PLA
     99B1   85 B8      STA &B8
     99B3   68         PLA
     99B4   85 B7      STA &B7
     99B6   68         PLA
     99B7   85 B6      STA &B6
     99B9   4C 88 99   JMP &9988
.SetSeqPointer_Yintch
     99BC   B5 00      LDA &00,X
     99BE   99 10 11   STA &1110,Y
     99C1   B5 01      LDA &01,X
     99C3   99 11 11   STA &1111,Y
     99C6   B5 02      LDA &02,X
     99C8   99 12 11   STA &1112,Y
.IsSeqPointerInBuffer_Yintch
     99CB   A9 6F      LDA #&6F
     99CD   20 48 98   JSR &9848
     99D0   B9 0F 11   LDA &110F,Y
     99D3   79 11 11   ADC &1111,Y
     99D6   8D C4 10   STA &10C4
     99D9   B9 0D 11   LDA &110D,Y
     99DC   29 03      AND #&03
     99DE   79 12 11   ADC &1112,Y
     99E1   D9 1D 11   CMP &111D,Y
     99E4   D0 8B      BNE &9971
     99E6   AD C4 10   LDA &10C4
     99E9   D9 1C 11   CMP &111C,Y
     99EC   D0 83      BNE &9971
     99EE   4C 3F 98   JMP &983F
.CheckChannel_Yhndl_exYintch_TYA_CmpPTR
     99F1   20 D6 97   JSR &97D6
.TYA_CmpPTR
     99F4   98         TYA
.CmpPTR
     99F5   AA         TAX
     99F6   B9 12 11   LDA &1112,Y
     99F9   DD 16 11   CMP &1116,X
     99FC   D0 0E      BNE &9A0C
     99FE   B9 11 11   LDA &1111,Y
     9A01   DD 15 11   CMP &1115,X
     9A04   D0 06      BNE &9A0C
     9A06   B9 10 11   LDA &1110,Y
     9A09   DD 14 11   CMP &1114,X
.cmpPE_exit
     9A0C   60         RTS
.load_then_incSeqPtr_Yintch
     9A0D   B9 10 11   LDA &1110,Y
     9A10   85 BA      STA &BA
     9A12   B9 13 11   LDA &1113,Y
     9A15   85 BB      STA &BB
     9A17   98         TYA
     9A18   AA         TAX
     9A19   FE 10 11   INC &1110,X
     9A1C   D0 0B      BNE &9A29
     9A1E   20 46 98   JSR &9846
     9A21   FE 11 11   INC &1111,X
     9A24   D0 03      BNE &9A29
     9A26   FE 12 11   INC &1112,X
.samesector
     9A29   A2 00      LDX #&00
     9A2B   60         RTS
.CMD_MMFS
     9A2C   98         TYA
     9A2D   A2 00      LDX #&00
     9A2F   A0 14      LDY #&14
.Prthelp_Xtable
     9A31   48         PHA
     9A32   20 9C 80   JSR &809C
     9A35   0D
Macro SYSTEM_NAME:
     9A36   4D 4D 46 ...
End macro SYSTEM_NAME
     9A3B   20
     9A3C   86 BF      STX &BF
     9A3E   84 B7      STY &B7
     9A40   A2 00      LDX #&00
.verloop
     9A42   BD 1F 80   LDA &801F,X
     9A45   F0 06      BEQ &9A4D
     9A47   20 DF 80   JSR &80DF
     9A4A   E8         INX
     9A4B   D0 F5      BNE &9A42
.verex
     9A4D   A9 0D      LDA #&0D
     9A4F   20 DF 80   JSR &80DF
.help_dfs_loop
     9A52   A9 00      LDA #&00
     9A54   85 B9      STA &B9
     9A56   A0 01      LDY #&01
     9A58   20 0A 9B   JSR &9B0A
     9A5B   20 A5 9A   JSR &9AA5
     9A5E   20 7B 83   JSR &837B
     9A61   C6 B7      DEC &B7
     9A63   D0 ED      BNE &9A52
     9A65   68         PLA
     9A66   A8         TAY
.morehelp
     9A67   A2 A3      LDX #&A3
     9A69   4C 26 87   JMP &8726
.CMD_DUTILS
     9A6C   98         TYA
     9A6D   A2 B7      LDX #&B7
     9A6F   A0 09      LDY #&09
     9A71   D0 BE      BNE &9A31
.CMD_UTILS
     9A73   98         TYA
     9A74   A2 76      LDX #&76
     9A76   A0 04      LDY #&04
     9A78   D0 B7      BNE &9A31
.CMD_NOTHELPTBL
     9A7A   20 C1 81   JSR &81C1
     9A7D   F0 78      BEQ &9AF7
.cmd_nothelptlb_loop
     9A7F   20 A6 81   JSR &81A6
     9A82   90 FB      BCC &9A7F
     9A84   B0 E1      BCS &9A67
.Param_SyntaxErrorIfNull
     9A86   20 C1 81   JSR &81C1
     9A89   F0 01      BEQ &9A8C
     9A8B   60         RTS
.errSYNTAX
     9A8C   20 6F 80   JSR &806F
     9A8F   DC
     9A90   53 79 6E ...
     9A98   86 B9      STX &B9
     9A9A   20 A5 9A   JSR &9AA5
     9A9D   A9 00      LDA #&00
     9A9F   20 F8 9A   JSR &9AF8
     9AA2   4C 00 01   JMP &0100
.prtcmdAtBCadd1
     9AA5   A9 07      LDA #&07
     9AA7   85 B8      STA &B8
     9AA9   A6 BF      LDX &BF
     9AAB   E0 B7      CPX #&B7
     9AAD   90 05      BCC &9AB4
     9AAF   A9 44      LDA #&44
     9AB1   20 F8 9A   JSR &9AF8
.prtcmdloop
     9AB4   E8         INX
     9AB5   BD C8 85   LDA &85C8,X
     9AB8   30 06      BMI &9AC0
     9ABA   20 F8 9A   JSR &9AF8
     9ABD   4C B4 9A   JMP &9AB4
.prtcmdloop_exit
     9AC0   A4 B8      LDY &B8
     9AC2   30 03      BMI &9AC7
     9AC4   20 0A 9B   JSR &9B0A
.prtcmdnospcs
     9AC7   86 BF      STX &BF
     9AC9   BD C8 85   LDA &85C8,X
     9ACC   29 7F      AND #&7F
     9ACE   20 D4 9A   JSR &9AD4
     9AD1   20 20 82   JSR &8220
.prtcmdparam
     9AD4   20 F4 83   JSR &83F4
     9AD7   29 0F      AND #&0F
     9AD9   F0 1C      BEQ &9AF7
     9ADB   A8         TAY
     9ADC   A9 20      LDA #&20
     9ADE   20 F8 9A   JSR &9AF8
     9AE1   A2 FF      LDX #&FF
.prtcmdparam_findloop
     9AE3   E8         INX
     9AE4   BD 17 9B   LDA &9B17,X
     9AE7   10 FA      BPL &9AE3
     9AE9   88         DEY
     9AEA   D0 F7      BNE &9AE3
     9AEC   29 7F      AND #&7F
.prtcmdparam_loop
     9AEE   20 F8 9A   JSR &9AF8
     9AF1   E8         INX
     9AF2   BD 17 9B   LDA &9B17,X
     9AF5   10 F7      BPL &9AEE
.prtcmdparamexit
     9AF7   60         RTS
.prtcmd_prtchr
     9AF8   20 F4 83   JSR &83F4
     9AFB   A6 B9      LDX &B9
     9AFD   F0 06      BEQ &9B05
     9AFF   E6 B9      INC &B9
     9B01   9D 00 01   STA &0100,X
     9B04   60         RTS
.prtcmdparam_prtchr
     9B05   C6 B8      DEC &B8
     9B07   4C DF 80   JMP &80DF
.prtcmd_Print_Y_Spaces_IfNotErr
     9B0A   A5 B9      LDA &B9
     9B0C   D0 08      BNE &9B16
     9B0E   A9 20      LDA #&20
.prtcmd_yspc_loop
     9B10   20 F8 9A   JSR &9AF8
     9B13   88         DEY
     9B14   10 FA      BPL &9B10
.prtcmd_yspc_exit
     9B16   60         RTS
.parametertable
     9B17   BC
     9B18   64 72 69 ...
     9B1E   BC
     9B1F   61 66 73 ...
     9B24   A8
     9B25   4C 29 
     9B27   A8
     9B28   3C 64 72 ...
     9B30   A8
     9B31   3C 64 72 ...
     9B3C   A8
     9B3D   3C 64 69 ...
     9B43   BC
     9B44   64 6F 73 ...
     9B4D   BC
     9B4E   66 73 70 ...
     9B52   A8
     9B53   3C 64 6F ...
     9B5E   BC
     9B5F   74 69 74 ...
     9B65   A8
     9B66   3C 6E 75 ...
     9B6C   BC
     9B6D   73 6F 75 ...
     9B7C   BC
     9B7D   6F 6C 64 ...
     9B8F   BC
     9B90   66 69 6C ...
     9B97   B4
     9B98   30 2F 38 ...
     9B9C   FF
.CMD_COMPACT
     9B9D   20 FD 8B   JSR &8BFD
     9BA0   20 9C 80   JSR &809C
     9BA3   43 6F 6D ...
     9BAF   8D D1 10   STA &10D1
     9BB2   8D D2 10   STA &10D2
     9BB5   20 03 81   JSR &8103
     9BB8   20 7B 83   JSR &837B
     9BBB   A0 00      LDY #&00
     9BBD   20 D5 94   JSR &94D5
     9BC0   20 C7 93   JSR &93C7
     9BC3   20 9C A1   JSR &A19C
     9BC6   AC 05 0F   LDY &0F05
     9BC9   84 CA      STY &CA
     9BCB   A9 02      LDA #&02
     9BCD   85 C8      STA &C8
     9BCF   A9 00      LDA #&00
     9BD1   85 C9      STA &C9
.compact_loop
     9BD3   A4 CA      LDY &CA
     9BD5   20 C3 82   JSR &82C3
     9BD8   C0 F8      CPY #&F8
     9BDA   D0 28      BNE &9C04
     9BDC   AD 07 0F   LDA &0F07
     9BDF   38         SEC
     9BE0   E5 C8      SBC &C8
     9BE2   48         PHA
     9BE3   AD 06 0F   LDA &0F06
     9BE6   29 03      AND #&03
     9BE8   E5 C9      SBC &C9
     9BEA   20 03 81   JSR &8103
     9BED   68         PLA
     9BEE   20 FB 80   JSR &80FB
     9BF1   20 9C 80   JSR &809C
     9BF4   20 66 72 ...
     9C01   0D
     9C02   EA         NOP
     9C03   60         RTS
.compact_checkfile
     9C04   84 CA      STY &CA
     9C06   20 45 83   JSR &8345
     9C09   A4 CA      LDY &CA
     9C0B   B9 0C 0F   LDA &0F0C,Y
     9C0E   C9 01      CMP #&01
     9C10   A9 00      LDA #&00
     9C12   85 BC      STA &BC
     9C14   85 C0      STA &C0
     9C16   79 0D 0F   ADC &0F0D,Y
     9C19   85 C4      STA &C4
     9C1B   B9 0E 0F   LDA &0F0E,Y
     9C1E   08         PHP
     9C1F   20 18 82   JSR &8218
     9C22   28         PLP
     9C23   69 00      ADC #&00
     9C25   85 C5      STA &C5
     9C27   B9 0F 0F   LDA &0F0F,Y
     9C2A   85 C6      STA &C6
     9C2C   B9 0E 0F   LDA &0F0E,Y
     9C2F   29 03      AND #&03
     9C31   85 C7      STA &C7
     9C33   C5 C9      CMP &C9
     9C35   D0 14      BNE &9C4B
     9C37   A5 C6      LDA &C6
     9C39   C5 C8      CMP &C8
     9C3B   D0 0E      BNE &9C4B
     9C3D   18         CLC
     9C3E   65 C4      ADC &C4
     9C40   85 C8      STA &C8
     9C42   A5 C9      LDA &C9
     9C44   65 C5      ADC &C5
     9C46   85 C9      STA &C9
     9C48   4C 63 9C   JMP &9C63
.compact_movefile
     9C4B   A5 C8      LDA &C8
     9C4D   99 0F 0F   STA &0F0F,Y
     9C50   B9 0E 0F   LDA &0F0E,Y
     9C53   29 FC      AND #&FC
     9C55   05 C9      ORA &C9
     9C57   99 0E 0F   STA &0F0E,Y
     9C5A   20 A3 A1   JSR &A1A3
     9C5D   20 EA 9D   JSR &9DEA
     9C60   20 91 A1   JSR &A191
.compact_fileinfo
     9C63   A4 CA      LDY &CA
     9C65   20 4A 83   JSR &834A
     9C68   4C D3 9B   JMP &9BD3
.IsEnabledOrGo
     9C6B   2C C7 10   BIT &10C7
     9C6E   10 07      BPL &9C77
     9C70   20 C2 9C   JSR &9CC2
     9C73   F0 02      BEQ &9C77
     9C75   68         PLA
     9C76   68         PLA
.isgo
.isgoalready
     9C77   60         RTS
.Get_CopyDATA_Drives
     9C78   20 02 8C   JSR &8C02
     9C7B   8D D1 10   STA &10D1
     9C7E   20 02 8C   JSR &8C02
     9C81   8D D2 10   STA &10D2
     9C84   CD D1 10   CMP &10D1
     9C87   F0 2E      BEQ &9CB7
     9C89   98         TYA
     9C8A   48         PHA
     9C8B   20 C7 93   JSR &93C7
     9C8E   20 9C 80   JSR &809C
     9C91   43 6F 70 ...
     9C9F   AD D1 10   LDA &10D1
     9CA2   20 99 80   JSR &8099
     9CA5   20 74 6F ...
     9CAA   AD D2 10   LDA &10D2
     9CAD   20 03 81   JSR &8103
     9CB0   20 7B 83   JSR &837B
     9CB3   68         PLA
     9CB4   A8         TAY
     9CB5   18         CLC
     9CB6   60         RTS
.baddrv
     9CB7   4C 15 8C   JMP &8C15
.ConfirmYNcolon
     9CBA   20 9C 80   JSR &809C
     9CBD   20 3A 20 
     9CC0   90 0F      BCC &9CD1
.GoYN
     9CC2   20 9C 80   JSR &809C
     9CC5   47 6F 20 ...
     9CD0   EA         NOP
.ConfirmYN
     9CD1   20 EA 9C   JSR &9CEA
     9CD4   20 E0 FF   JSR &FFE0
     9CD7   B0 1D      BCS &9CF6
     9CD9   29 5F      AND #&5F
     9CDB   C9 59      CMP #&59
     9CDD   08         PHP
     9CDE   F0 02      BEQ &9CE2
     9CE0   A9 4E      LDA #&4E
.confYN
     9CE2   20 DF 80   JSR &80DF
     9CE5   20 7B 83   JSR &837B
     9CE8   28         PLP
     9CE9   60         RTS
.osbyte0F_flushinbuf2
     9CEA   20 F4 83   JSR &83F4
     9CED   A9 0F      LDA #&0F
     9CEF   A2 01      LDX #&01
     9CF1   A0 00      LDY #&00
     9CF3   4C F4 FF   JMP &FFF4
.err_ESCAPE
     9CF6   4C 97 8C   JMP &8C97
.err_DISKFULL2
     9CF9   4C 9B 8A   JMP &8A9B
.CMD_BACKUP
     9CFC   20 78 9C   JSR &9C78
     9CFF   20 6B 9C   JSR &9C6B
     9D02   A9 00      LDA #&00
     9D04   85 C7      STA &C7
     9D06   85 C9      STA &C9
     9D08   85 C8      STA &C8
     9D0A   85 C6      STA &C6
     9D0C   AD D1 10   LDA &10D1
     9D0F   85 CD      STA &CD
     9D11   20 9F A1   JSR &A19F
     9D14   AD 07 0F   LDA &0F07
     9D17   85 C4      STA &C4
     9D19   AD 06 0F   LDA &0F06
     9D1C   29 03      AND #&03
     9D1E   85 C5      STA &C5
     9D20   AD D2 10   LDA &10D2
     9D23   85 CD      STA &CD
     9D25   20 9F A1   JSR &A19F
     9D28   AD 06 0F   LDA &0F06
     9D2B   29 03      AND #&03
     9D2D   C5 C5      CMP &C5
     9D2F   90 C8      BCC &9CF9
     9D31   D0 07      BNE &9D3A
     9D33   AD 07 0F   LDA &0F07
     9D36   C5 C4      CMP &C4
     9D38   90 BF      BCC &9CF9
.backup_copy
     9D3A   20 EA 9D   JSR &9DEA
     9D3D   20 9F A1   JSR &A19F
     9D40   A2 0A      LDX #&0A
.tloop
     9D42   E0 08      CPX #&08
     9D44   90 05      BCC &9D4B
     9D46   BD F8 0E   LDA &0EF8,X
     9D49   B0 03      BCS &9D4E
.tskip1
     9D4B   BD 00 0E   LDA &0E00,X
.tskip2
     9D4E   9D 00 10   STA &1000,X
     9D51   CA         DEX
     9D52   10 EE      BPL &9D42
     9D54   60         RTS
.CMD_COPY
     9D55   20 E5 92   JSR &92E5
     9D58   20 78 9C   JSR &9C78
     9D5B   20 86 9A   JSR &9A86
     9D5E   20 4A 81   JSR &814A
     9D61   AD D1 10   LDA &10D1
     9D64   85 CD      STA &CD
     9D66   20 39 82   JSR &8239
.copy_loop1
     9D69   A5 CC      LDA &CC
     9D6B   48         PHA
     9D6C   A5 B6      LDA &B6
     9D6E   48         PHA
     9D6F   20 4A 83   JSR &834A
     9D72   A2 00      LDX #&00
.copy_loop2
     9D74   B9 08 0E   LDA &0E08,Y
     9D77   95 C5      STA &C5,X
     9D79   9D 50 10   STA &1050,X
     9D7C   B9 08 0F   LDA &0F08,Y
     9D7F   95 BB      STA &BB,X
     9D81   9D 47 10   STA &1047,X
     9D84   E8         INX
     9D85   C8         INY
     9D86   E0 08      CPX #&08
     9D88   D0 EA      BNE &9D74
     9D8A   20 DA 9D   JSR &9DDA
     9D8D   AD D2 10   LDA &10D2
     9D90   20 DE 8A   JSR &8ADE
     9D93   A5 C2      LDA &C2
     9D95   29 03      AND #&03
     9D97   48         PHA
     9D98   A5 C3      LDA &C3
     9D9A   48         PHA
     9D9B   20 DA 9D   JSR &9DDA
     9D9E   68         PLA
     9D9F   85 C8      STA &C8
     9DA1   68         PLA
     9DA2   85 C9      STA &C9
     9DA4   A5 C1      LDA &C1
     9DA6   20 18 82   JSR &8218
     9DA9   AA         TAX
     9DAA   A5 BF      LDA &BF
     9DAC   C9 01      CMP #&01
     9DAE   A5 C0      LDA &C0
     9DB0   69 00      ADC #&00
     9DB2   85 C4      STA &C4
     9DB4   8A         TXA
     9DB5   69 00      ADC #&00
     9DB7   85 C5      STA &C5
     9DB9   A5 C2      LDA &C2
     9DBB   85 C6      STA &C6
     9DBD   A5 C1      LDA &C1
     9DBF   29 03      AND #&03
     9DC1   85 C7      STA &C7
     9DC3   20 EA 9D   JSR &9DEA
     9DC6   AD D1 10   LDA &10D1
     9DC9   85 CD      STA &CD
     9DCB   20 9C A1   JSR &A19C
     9DCE   68         PLA
     9DCF   85 B6      STA &B6
     9DD1   68         PLA
     9DD2   85 CC      STA &CC
     9DD4   20 85 82   JSR &8285
     9DD7   B0 90      BCS &9D69
     9DD9   60         RTS
.cd_swapvars
     9DDA   A2 11      LDX #&11
.cd_swapvars_loop
     9DDC   BC 45 10   LDY &1045,X
     9DDF   B5 BA      LDA &BA,X
     9DE1   94 BA      STY &BA,X
     9DE3   9D 45 10   STA &1045,X
     9DE6   CA         DEX
     9DE7   10 F3      BPL &9DDC
     9DE9   60         RTS
.CopyDATABLOCK
     9DEA   A9 00      LDA #&00
     9DEC   85 BC      STA &BC
     9DEE   85 C0      STA &C0
     9DF0   AD CF 10   LDA &10CF
     9DF3   85 BD      STA &BD
     9DF5   F0 57      BEQ &9E4E
.cd_loop
     9DF7   A4 C4      LDY &C4
     9DF9   CC D0 10   CPY &10D0
     9DFC   A5 C5      LDA &C5
     9DFE   E9 00      SBC #&00
     9E00   90 03      BCC &9E05
     9E02   AC D0 10   LDY &10D0
.cd_part
     9E05   84 C1      STY &C1
     9E07   A5 C6      LDA &C6
     9E09   85 C3      STA &C3
     9E0B   A5 C7      LDA &C7
     9E0D   85 C2      STA &C2
     9E0F   AD D1 10   LDA &10D1
     9E12   85 CD      STA &CD
     9E14   20 CD 8B   JSR &8BCD
     9E17   20 3B 88   JSR &883B
     9E1A   AD D2 10   LDA &10D2
     9E1D   85 CD      STA &CD
     9E1F   A5 C8      LDA &C8
     9E21   85 C3      STA &C3
     9E23   A5 C9      LDA &C9
     9E25   85 C2      STA &C2
     9E27   20 CD 8B   JSR &8BCD
     9E2A   20 48 88   JSR &8848
     9E2D   A5 C1      LDA &C1
     9E2F   18         CLC
     9E30   65 C8      ADC &C8
     9E32   85 C8      STA &C8
     9E34   90 02      BCC &9E38
     9E36   E6 C9      INC &C9
.cd_inc1
     9E38   A5 C1      LDA &C1
     9E3A   18         CLC
     9E3B   65 C6      ADC &C6
     9E3D   85 C6      STA &C6
     9E3F   90 02      BCC &9E43
     9E41   E6 C7      INC &C7
.cd_inc2
     9E43   38         SEC
     9E44   A5 C4      LDA &C4
     9E46   E5 C1      SBC &C1
     9E48   85 C4      STA &C4
     9E4A   B0 02      BCS &9E4E
     9E4C   C6 C5      DEC &C5
.cd_loopentry
     9E4E   A5 C4      LDA &C4
     9E50   05 C5      ORA &C5
     9E52   D0 A3      BNE &9DF7
     9E54   60         RTS
.CMD_VERIFY
     9E55   A9 00      LDA #&00
     9E57   F0 02      BEQ &9E5B
.CMD_FORM
     9E59   A9 FF      LDA #&FF
.vform1
     9E5B   85 C9      STA &C9
     9E5D   85 B2      STA &B2
     9E5F   10 15      BPL &9E76
     9E61   20 86 9A   JSR &9A86
     9E64   20 3D 84   JSR &843D
     9E67   B0 0A      BCS &9E73
     9E69   86 B5      STX &B5
     9E6B   E0 28      CPX #&28
     9E6D   F0 07      BEQ &9E76
     9E6F   E0 50      CPX #&50
     9E71   F0 03      BEQ &9E76
.vform2_syntax
     9E73   4C 8C 9A   JMP &9A8C
.vform3_ok
     9E76   20 C1 81   JSR &81C1
     9E79   84 CA      STY &CA
     9E7B   D0 49      BNE &9EC6
     9E7D   24 C9      BIT &C9
     9E7F   30 0B      BMI &9E8C
     9E81   20 9C 80   JSR &809C
     9E84   56 65 72 ...
     9E8A   90 0A      BCC &9E96
.vform4_form
     9E8C   20 9C 80   JSR &809C
     9E8F   46 6F 72 ...
     9E95   EA         NOP
.vform4_askdrive
     9E96   20 9C 80   JSR &809C
     9E99   20 77 68 ...
     9EA8   EA         NOP
     9EA9   20 E0 FF   JSR &FFE0
     9EAC   B0 31      BCS &9EDF
     9EAE   C9 20      CMP #&20
     9EB0   90 30      BCC &9EE2
     9EB2   20 DF 80   JSR &80DF
     9EB5   38         SEC
     9EB6   E9 30      SBC #&30
     9EB8   C9 04      CMP #&04
     9EBA   B0 26      BCS &9EE2
     9EBC   85 CD      STA &CD
     9EBE   20 7B 83   JSR &837B
     9EC1   A4 CA      LDY &CA
     9EC3   4C C9 9E   JMP &9EC9
.vform5_driveloop
     9EC6   20 05 8C   JSR &8C05
.vform6_drivein
     9EC9   84 CA      STY &CA
     9ECB   24 B2      BIT &B2
     9ECD   10 05      BPL &9ED4
     9ECF   46 B2      LSR &B2
     9ED1   20 6B 9C   JSR &9C6B
.vform7_go
     9ED4   20 E5 9E   JSR &9EE5
     9ED7   A4 CA      LDY &CA
     9ED9   20 C1 81   JSR &81C1
     9EDC   D0 E8      BNE &9EC6
     9EDE   60         RTS
.jmp_reportEscape
     9EDF   4C 97 8C   JMP &8C97
.jmp_errBadDrive
     9EE2   4C 15 8C   JMP &8C15
.VFCurDrv
     9EE5   24 C9      BIT &C9
     9EE7   30 0E      BMI &9EF7
     9EE9   20 9C 80   JSR &809C
     9EEC   56 65 72 ...
     9EF5   90 12      BCC &9F09
.vf1
     9EF7   20 9C 80   JSR &809C
     9EFA   46 6F 72 ...
     9F04   A6 CD      LDX &CD
     9F06   8E B0 10   STX &10B0
.vf2
     9F09   20 9C 80   JSR &809C
     9F0C   20 64 72 ...
     9F13   A5 CD      LDA &CD
     9F15   20 99 80   JSR &8099
     9F18   20 74 72 ...
     9F21   EA         NOP
     9F22   A9 63      LDA #&63
     9F24   A2 05      LDX #&05
     9F26   24 C9      BIT &C9
     9F28   30 2D      BMI &9F57
     9F2A   20 9F A1   JSR &A19F
     9F2D   AD 06 0F   LDA &0F06
     9F30   29 03      AND #&03
     9F32   AA         TAX
     9F33   AD 07 0F   LDA &0F07
     9F36   A0 0A      LDY #&0A
     9F38   84 B0      STY &B0
     9F3A   A0 FF      LDY #&FF
.trkloop1
     9F3C   38         SEC
.trkloop2
     9F3D   C8         INY
     9F3E   E5 B0      SBC &B0
     9F40   B0 FB      BCS &9F3D
     9F42   CA         DEX
     9F43   10 F7      BPL &9F3C
     9F45   65 B0      ADC &B0
     9F47   48         PHA
     9F48   98         TYA
     9F49   AA         TAX
     9F4A   68         PLA
     9F4B   F0 01      BEQ &9F4E
     9F4D   E8         INX
.trkex
     9F4E   8A         TXA
     9F4F   F0 41      BEQ &9F92
     9F51   85 B5      STA &B5
     9F53   A9 5F      LDA #&5F
     9F55   A2 03      LDX #&03
.vf4
     9F57   8D B6 10   STA &10B6
     9F5A   8E B5 10   STX &10B5
     9F5D   A9 00      LDA #&00
     9F5F   85 B4      STA &B4
.vf5_trackloop
     9F61   A9 08      LDA #&08
     9F63   20 DF 80   JSR &80DF
     9F66   20 DF 80   JSR &80DF
     9F69   A5 B4      LDA &B4
     9F6B   8D B7 10   STA &10B7
     9F6E   20 FB 80   JSR &80FB
     9F71   20 D6 A1   JSR &A1D6
     9F74   F0 0A      BEQ &9F80
     9F76   48         PHA
     9F77   A9 3F      LDA #&3F
     9F79   20 DF 80   JSR &80DF
     9F7C   68         PLA
     9F7D   4C F7 A1   JMP &A1F7
.vfx1
     9F80   E6 B4      INC &B4
     9F82   A5 B4      LDA &B4
     9F84   C5 B5      CMP &B5
     9F86   D0 D9      BNE &9F61
     9F88   24 C9      BIT &C9
     9F8A   10 06      BPL &9F92
     9F8C   20 95 9F   JSR &9F95
     9F8F   20 A3 A1   JSR &A1A3
.vf6_exit
     9F92   4C 7B 83   JMP &837B
.ClearCatalogue
     9F95   A0 00      LDY #&00
     9F97   98         TYA
.ccatloop
     9F98   99 00 0E   STA &0E00,Y
     9F9B   99 00 0F   STA &0F00,Y
     9F9E   C8         INY
     9F9F   D0 F7      BNE &9F98
     9FA1   A4 B5      LDY &B5
.loop2
     9FA3   A9 0A      LDA #&0A
     9FA5   18         CLC
     9FA6   6D 07 0F   ADC &0F07
     9FA9   8D 07 0F   STA &0F07
     9FAC   90 03      BCC &9FB1
     9FAE   EE 06 0F   INC &0F06
.label3
     9FB1   88         DEY
     9FB2   D0 EF      BNE &9FA3
     9FB4   60         RTS
.CMD_FREE
     9FB5   38         SEC
     9FB6   B0 01      BCS &9FB9
.CMD_MAP
     9FB8   18         CLC
.Label_A7F7
     9FB9   66 C6      ROR &C6
     9FBB   20 FD 8B   JSR &8BFD
     9FBE   20 9C A1   JSR &A19C
     9FC1   24 C6      BIT &C6
     9FC3   30 15      BMI &9FDA
     9FC5   20 BC 80   JSR &80BC
     9FC8   41 64 64 ...
     9FD9   0D
.Label_A818_free
     9FDA   AD 06 0F   LDA &0F06
     9FDD   29 03      AND #&03
     9FDF   85 C5      STA &C5
     9FE1   85 C2      STA &C2
     9FE3   AD 07 0F   LDA &0F07
     9FE6   85 C4      STA &C4
     9FE8   38         SEC
     9FE9   E9 02      SBC #&02
     9FEB   85 C1      STA &C1
     9FED   B0 02      BCS &9FF1
     9FEF   C6 C2      DEC &C2
.Label_A82F
     9FF1   A9 02      LDA #&02
     9FF3   85 BB      STA &BB
     9FF5   A9 00      LDA #&00
     9FF7   85 BC      STA &BC
     9FF9   85 BF      STA &BF
     9FFB   85 C0      STA &C0
     9FFD   AD 05 0F   LDA &0F05
     A000   29 F8      AND #&F8
     A002   A8         TAY
     A003   F0 26      BEQ &A02B
     A005   D0 11      BNE &A018
.Label_A845_fileloop
     A007   20 9A A0   JSR &A09A
     A00A   20 C3 82   JSR &82C3
     A00D   A5 C4      LDA &C4
     A00F   38         SEC
     A010   E5 BB      SBC &BB
     A012   A5 C5      LDA &C5
     A014   E5 BC      SBC &BC
     A016   90 13      BCC &A02B
.Label_A856_fileloop_entry
     A018   B9 07 0F   LDA &0F07,Y
     A01B   38         SEC
     A01C   E5 BB      SBC &BB
     A01E   85 C1      STA &C1
     A020   B9 06 0F   LDA &0F06,Y
     A023   29 03      AND #&03
     A025   E5 BC      SBC &BC
     A027   85 C2      STA &C2
     A029   90 DC      BCC &A007
.Label_A86B_nofiles
     A02B   84 BD      STY &BD
     A02D   24 C6      BIT &C6
     A02F   30 2B      BMI &A05C
     A031   A5 C1      LDA &C1
     A033   05 C2      ORA &C2
     A035   F0 25      BEQ &A05C
     A037   A5 BC      LDA &BC
     A039   20 13 81   JSR &8113
     A03C   A5 BB      LDA &BB
     A03E   20 0B 81   JSR &810B
     A041   20 BC 80   JSR &80BC
     A044   20 20 20 ...
     A04C   A5 C2      LDA &C2
     A04E   20 13 81   JSR &8113
     A051   A5 C1      LDA &C1
     A053   20 0B 81   JSR &810B
     A056   20 E7 FF   JSR &FFE7
     A059   20 9A A0   JSR &A09A
.Label_A87A_free
     A05C   A5 C1      LDA &C1
     A05E   18         CLC
     A05F   65 BF      ADC &BF
     A061   85 BF      STA &BF
     A063   A5 C2      LDA &C2
     A065   65 C0      ADC &C0
     A067   85 C0      STA &C0
     A069   A4 BD      LDY &BD
     A06B   D0 9A      BNE &A007
     A06D   24 C6      BIT &C6
     A06F   10 28      BPL &A099
     A071   A8         TAY
     A072   A6 BF      LDX &BF
     A074   A9 F8      LDA #&F8
     A076   38         SEC
     A077   ED 05 0F   SBC &0F05
     A07A   20 C4 A0   JSR &A0C4
     A07D   46 72 65 ...
     A081   0D
     A082   A5 C4      LDA &C4
     A084   38         SEC
     A085   E5 BF      SBC &BF
     A087   AA         TAX
     A088   A5 C5      LDA &C5
     A08A   E5 C0      SBC &C0
     A08C   A8         TAY
     A08D   AD 05 0F   LDA &0F05
     A090   20 C4 A0   JSR &A0C4
     A093   55 73 65 ...
     A097   0D
     A098   EA         NOP
.Label_A8BD_rst
     A099   60         RTS
.Sub_A8E2_nextblock
     A09A   B9 06 0F   LDA &0F06,Y
     A09D   48         PHA
     A09E   20 18 82   JSR &8218
     A0A1   85 BC      STA &BC
     A0A3   68         PLA
     A0A4   29 03      AND #&03
     A0A6   18         CLC
     A0A7   65 BC      ADC &BC
     A0A9   85 BC      STA &BC
     A0AB   B9 04 0F   LDA &0F04,Y
     A0AE   C9 01      CMP #&01
     A0B0   A9 00      LDA #&00
     A0B2   79 05 0F   ADC &0F05,Y
     A0B5   90 02      BCC &A0B9
     A0B7   E6 BC      INC &BC
.Label_A902
     A0B9   18         CLC
     A0BA   79 07 0F   ADC &0F07,Y
     A0BD   85 BB      STA &BB
     A0BF   90 02      BCC &A0C3
     A0C1   E6 BC      INC &BC
.Label_A90C
     A0C3   60         RTS
.Sub_A90D_freeinfo
     A0C4   4A         LSR A
     A0C5   4A         LSR A
     A0C6   4A         LSR A
     A0C7   20 08 81   JSR &8108
     A0CA   20 BC 80   JSR &80BC
     A0CD   20 46 69 ...
     A0D4   86 BC      STX &BC
     A0D6   84 BD      STY &BD
     A0D8   98         TYA
     A0D9   20 13 81   JSR &8113
     A0DC   8A         TXA
     A0DD   20 0B 81   JSR &810B
     A0E0   20 BC 80   JSR &80BC
     A0E3   20 53 65 ...
     A0EC   A9 00      LDA #&00
     A0EE   85 BB      STA &BB
     A0F0   85 BE      STA &BE
     A0F2   A2 1F      LDX #&1F
     A0F4   86 C1      STX &C1
     A0F6   A2 09      LDX #&09
.Label_A941_loop1
     A0F8   9D 00 10   STA &1000,X
     A0FB   CA         DEX
     A0FC   10 FA      BPL &A0F8
.Label_A947_loop2
     A0FE   06 BB      ASL &BB
     A100   26 BC      ROL &BC
     A102   26 BD      ROL &BD
     A104   26 BE      ROL &BE
     A106   A2 00      LDX #&00
     A108   A0 09      LDY #&09
.Label_A953_loop3
     A10A   BD 00 10   LDA &1000,X
     A10D   2A         ROL A
     A10E   C9 0A      CMP #&0A
     A110   90 02      BCC &A114
     A112   E9 0A      SBC #&0A
.Label_A95D
     A114   9D 00 10   STA &1000,X
     A117   E8         INX
     A118   88         DEY
     A119   10 EF      BPL &A10A
     A11B   C6 C1      DEC &C1
     A11D   10 DF      BPL &A0FE
     A11F   A0 20      LDY #&20
     A121   A2 05      LDX #&05
.Label_A96C_loop4
     A123   D0 02      BNE &A127
     A125   A0 2C      LDY #&2C
.Label_A970
     A127   BD 00 10   LDA &1000,X
     A12A   D0 07      BNE &A133
     A12C   C0 2C      CPY #&2C
     A12E   F0 03      BEQ &A133
     A130   98         TYA
     A131   D0 04      BNE &A137
.Label_A97D
     A133   A0 2C      LDY #&2C
     A135   09 30      ORA #&30
.Label_A982
     A137   20 EE FF   JSR &FFEE
     A13A   E0 03      CPX #&03
     A13C   D0 04      BNE &A142
     A13E   98         TYA
     A13F   20 EE FF   JSR &FFEE
.Label_A98D
     A142   CA         DEX
     A143   10 DE      BPL &A123
     A145   20 BC 80   JSR &80BC
     A148   20 42 79 ...
     A14F   EA         NOP
     A150   4C BC 80   JMP &80BC
.CalculateCRC7
     A153   A0 0F      LDY #&0F
     A155   A9 00      LDA #&00
.c7loop1
     A157   59 E0 10   EOR &10E0,Y
     A15A   0A         ASL A
     A15B   A2 07      LDX #&07
.c7loop2
     A15D   90 02      BCC &A161
     A15F   49 12      EOR #&12
.c7b7z1
     A161   0A         ASL A
     A162   CA         DEX
     A163   D0 F8      BNE &A15D
     A165   90 02      BCC &A169
     A167   49 12      EOR #&12
.c7b7z2
     A169   88         DEY
     A16A   10 EB      BPL &A157
     A16C   09 01      ORA #&01
     A16E   60         RTS
.CheckCRC7
     A16F   20 F4 83   JSR &83F4
     A172   20 53 A1   JSR &A153
     A175   CD F0 10   CMP &10F0
     A178   D0 01      BNE &A17B
     A17A   60         RTS
.errBadSum
     A17B   20 55 80   JSR &8055
     A17E   FF
     A17F   53 75 6D 
     A182   00
.ResetCRC7
     A183   20 F4 83   JSR &83F4
     A186   20 53 A1   JSR &A153
     A189   8D F0 10   STA &10F0
     A18C   18         CLC
     A18D   60         RTS
.Set_CurDirDrv_ToDefaults_CheckCurDrvCat
     A18E   20 F0 8B   JSR &8BF0
.CheckCurDrvCat
     A191   AD 82 10   LDA &1082
     A194   C5 CD      CMP &CD
     A196   D0 07      BNE &A19F
     A198   60         RTS
.Set_CurDirDrv_ToDefaults_and_load
     A199   20 F0 8B   JSR &8BF0
.LoadCurDrvCat2
     A19C   20 F4 83   JSR &83F4
.LoadCurDrvCat
     A19F   A9 53      LDA #&53
     A1A1   D0 0D      BNE &A1B0
.SaveCatToDisk
     A1A3   AD 04 0F   LDA &0F04
     A1A6   18         CLC
     A1A7   F8         SED
     A1A8   69 01      ADC #&01
     A1AA   8D 04 0F   STA &0F04
     A1AD   D8         CLD
     A1AE   A9 4B      LDA #&4B
.exec_cat_rw
     A1B0   48         PHA
     A1B1   A5 CD      LDA &CD
     A1B3   A2 00      LDX #&00
.loop
     A1B5   9D B0 10   STA &10B0,X
     A1B8   BD CD A1   LDA &A1CD,X
     A1BB   E8         INX
     A1BC   E0 0A      CPX #&0A
     A1BE   D0 F5      BNE &A1B5
     A1C0   68         PLA
     A1C1   8D B6 10   STA &10B6
     A1C4   20 F4 A1   JSR &A1F4
     A1C7   A5 CD      LDA &CD
     A1C9   8D 82 10   STA &1082
     A1CC   60         RTS
.datax
     A1CD   00
     A1CE   0E
     A1CF   FF
     A1D0   FF
     A1D1   03
     A1D2   53
     A1D3   00
     A1D4   00
     A1D5   22
.OW7F_Execute
     A1D6   A5 B0      LDA &B0
     A1D8   48         PHA
     A1D9   A5 B1      LDA &B1
     A1DB   48         PHA
     A1DC   A9 B0      LDA #&B0
     A1DE   85 B0      STA &B0
     A1E0   A9 10      LDA #&10
     A1E2   85 B1      STA &B1
     A1E4   20 43 AF   JSR &AF43
     A1E7   68         PLA
     A1E8   85 B1      STA &B1
     A1EA   68         PLA
     A1EB   85 B0      STA &B0
     A1ED   AE B5 10   LDX &10B5
     A1F0   BD B7 10   LDA &10B7,X
     A1F3   60         RTS
.OW7F_Execute_and_ReportIfDiskFault
     A1F4   20 D6 A1   JSR &A1D6
.ReportIfDiskFault
     A1F7   D0 01      BNE &A1FA
     A1F9   60         RTS
.l0
     A1FA   C9 10      CMP #&10
     A1FC   D0 10      BNE &A20E
     A1FE   20 5F 80   JSR &805F
     A201   C7
     A202   44 72 69 ...
     A20D   00
.l1
     A20E   C9 12      CMP #&12
     A210   D0 0E      BNE &A220
     A212   20 4A 80   JSR &804A
     A215   C9
     A216   72 65 61 ...
     A21F   00
.l2
     A220   A5 CD      LDA &CD
     A222   8D B0 10   STA &10B0
     A225   A2 06      LDX #&06
.loop1
     A227   BD 83 A2   LDA &A283,X
     A22A   9D B1 10   STA &10B1,X
     A22D   CA         DEX
     A22E   10 F7      BPL &A227
     A230   20 D6 A1   JSR &A1D6
     A233   48         PHA
     A234   A5 CD      LDA &CD
     A236   29 02      AND #&02
     A238   0A         ASL A
     A239   0A         ASL A
     A23A   69 12      ADC #&12
     A23C   8D B7 10   STA &10B7
     A23F   20 D6 A1   JSR &A1D6
     A242   48         PHA
     A243   20 4A 80   JSR &804A
     A246   00         BRK
     A247   EA         NOP
     A248   20 76 80   JSR &8076
     A24B   C7
     A24C   73 65 63 ...
     A260   EA         NOP
     A261   A9 3A      LDA #&3A
     A263   20 3E AF   JSR &AF3E
     A266   A5 CD      LDA &CD
     A268   20 AF 8C   JSR &8CAF
     A26B   A9 20      LDA #&20
     A26D   20 3E AF   JSR &AF3E
     A270   68         PLA
     A271   20 A7 8C   JSR &8CA7
     A274   A9 2F      LDA #&2F
     A276   20 3E AF   JSR &AF3E
     A279   68         PLA
     A27A   20 A7 8C   JSR &8CA7
     A27D   20 76 80   JSR &8076
     A280   C7
     A281   00
     A282   EA         NOP
.spec
     A283   00
     A284   00
     A285   00
     A286   00
     A287   01
     A288   7D
     A289   06
.bcd_inc16_zp_x_A8
     A28A   A2 A8      LDX #&A8
.bcd_inc16_zp_x
     A28C   F8         SED
     A28D   18         CLC
     A28E   B5 00      LDA &00,X
     A290   69 01      ADC #&01
     A292   95 00      STA &00,X
     A294   B5 01      LDA &01,X
     A296   69 00      ADC #&00
     A298   95 01      STA &01,X
     A29A   D8         CLD
     A29B   60         RTS
Including file MMC_Pi1MHz.asm
.MMC_DEVICE_RESET
     A29C   A9 00      LDA #&00
     A29E   8D A6 FC   STA &FCA6
     A2A1   A0 F0      LDY #&F0
     A2A3   8C A7 FC   STY &FCA7
     A2A6   A2 FF      LDX #&FF
     A2A8   8E A8 FC   STX &FCA8
     A2AB   8D A9 FC   STA &FCA9
     A2AE   8D A9 FC   STA &FCA9
     A2B1   8D A9 FC   STA &FCA9
     A2B4   8D A9 FC   STA &FCA9
     A2B7   8D A9 FC   STA &FCA9
     A2BA   A0 E0      LDY #&E0
     A2BC   8C A9 FC   STY &FCA9
     A2BF   8E A9 FC   STX &FCA9
     A2C2   8D A9 FC   STA &FCA9
     A2C5   A0 0C      LDY #&0C
     A2C7   8C A6 FC   STY &FCA6
     A2CA   A0 01      LDY #&01
     A2CC   8C A9 FC   STY &FCA9
     A2CF   8D A9 FC   STA &FCA9
     A2D2   8D A9 FC   STA &FCA9
     A2D5   8D A9 FC   STA &FCA9
     A2D8   60         RTS
.MMC_16Clocks
     A2D9   60         RTS
.MMC_Clocks
     A2DA   F0 07      BEQ &A2E3
.count
     A2DC   AD A9 FC   LDA &FCA9
     A2DF   88         DEY
     A2E0   D0 FA      BNE &A2DC
     A2E2   60         RTS
.skip_sector
.MMC_ReadBuffer
.MMC_WriteBuffer
     A2E3   A9 E1      LDA #&E1
     A2E5   8D A7 FC   STA &FCA7
     A2E8   60         RTS
.MMC_DoCommand
     A2E9   AD 88 10   LDA &1088
     A2EC   C9 51      CMP #&51
     A2EE   D0 43      BNE &A333
.setup_read_buffer
     A2F0   A9 00      LDA #&00
.setup_buffer
     A2F2   A2 00      LDX #&00
     A2F4   8E A6 FC   STX &FCA6
     A2F7   A0 F0      LDY #&F0
     A2F9   8C A7 FC   STY &FCA7
     A2FC   A2 FF      LDX #&FF
     A2FE   8E A8 FC   STX &FCA8
     A301   8D A9 FC   STA &FCA9
     A304   A2 08      LDX #&08
     A306   8E A6 FC   STX &FCA6
     A309   AE 8C 10   LDX &108C
     A30C   8E A9 FC   STX &FCA9
     A30F   AE 8B 10   LDX &108B
     A312   8E A9 FC   STX &FCA9
     A315   AE 8A 10   LDX &108A
     A318   8E A9 FC   STX &FCA9
     A31B   AE 89 10   LDX &1089
     A31E   8E A9 FC   STX &FCA9
     A321   90 03      BCC &A326
     A323   8C AA FC   STY &FCAA
.skip
     A326   A2 E0      LDX #&E0
     A328   8E A7 FC   STX &FCA7
     A32B   A9 00      LDA #&00
     A32D   8D A6 FC   STA &FCA6
.MMC_send_cid
.MMC_send_op
.MMC_set_blk_size
.MMC_return
     A330   A9 00      LDA #&00
.dbgMmc
     A332   60         RTS
.notareadcommand
     A333   A9 01      LDA #&01
     A335   18         CLC
     A336   90 BA      BCC &A2F2
.MMC_EndWrite
     A338   A9 F0      LDA #&F0
     A33A   8D AA FC   STA &FCAA
     A33D   EA         NOP
.MMC_WaitForData
.loop
     A33E   AD AA FC   LDA &FCAA
     A341   30 FB      BMI &A33E
     A343   A9 E0      LDA #&E0
     A345   8D A7 FC   STA &FCA7
     A348   A9 00      LDA #&00
     A34A   8D A6 FC   STA &FCA6
     A34D   60         RTS
.MMC_Read256
     A34E   AC AE 10   LDY &10AE
     A351   D0 09      BNE &A35C
.rdl1
     A353   AD A9 FC   LDA &FCA9
     A356   91 BC      STA (&BC),Y
     A358   C8         INY
     A359   D0 F8      BNE &A353
     A35B   60         RTS
.rdlT20
     A35C   A2 00      LDX #&00
     A35E   F0 11      BEQ &A371
.MMC_ReadBLS
     A360   A6 C6      LDX &C6
     A362   AC AE 10   LDY &10AE
     A365   D0 0A      BNE &A371
.rdl2
     A367   AD A9 FC   LDA &FCA9
     A36A   91 BC      STA (&BC),Y
     A36C   C8         INY
     A36D   CA         DEX
     A36E   D0 F7      BNE &A367
     A370   60         RTS
.rdlT1
.rdlT2
.rdlT3
     A371   AD A9 FC   LDA &FCA9
     A374   8D E5 FC   STA &FCE5
     A377   20 82 A3   JSR &A382
     A37A   20 82 A3   JSR &A382
     A37D   EA         NOP
     A37E   CA         DEX
     A37F   D0 F0      BNE &A371
     A381   60         RTS
.donothing16cycles
     A382   EA         NOP
.donothing14cycles
     A383   EA         NOP
.MMC_SendingData
.donothing
     A384   60         RTS
.MMC_Write256
     A385   AC AE 10   LDY &10AE
     A388   D0 09      BNE &A393
.wr1
     A38A   B1 BC      LDA (&BC),Y
     A38C   8D A9 FC   STA &FCA9
     A38F   C8         INY
     A390   D0 F8      BNE &A38A
     A392   60         RTS
.wrT1
     A393   A0 00      LDY #&00
.wrT2
     A395   AD E5 FC   LDA &FCE5
     A398   8D A9 FC   STA &FCA9
     A39B   20 82 A3   JSR &A382
     A39E   20 82 A3   JSR &A382
     A3A1   EA         NOP
     A3A2   C8         INY
     A3A3   D0 F0      BNE &A395
     A3A5   60         RTS
Processed file 'MMC_Pi1MHz.asm' ok
.errWrite2
     A3A6   98         TYA
     A3A7   20 00 AF   JSR &AF00
     A3AA   57 72 69 ...
     A3BF   00
Including file MMC.asm
.MMC_INIT
     A3C0   A9 01      LDA #&01
     A3C2   8D DE 10   STA &10DE
     A3C5   A9 40      LDA #&40
     A3C7   8D AF 10   STA &10AF
     A3CA   20 42 80   JSR &8042
     A3CD   18         CLC
     A3CE   60         RTS
.MMC_GetCIDCRC
     A3CF   A9 AA      LDA #&AA
     A3D1   A8         TAY
     A3D2   60         RTS
.MMC_SetupWrite
     A3D3   A9 58      LDA #&58
     A3D5   D0 02      BNE &A3D9
.MMC_SetupRead
     A3D7   A9 51      LDA #&51
.setuprw
     A3D9   8D 88 10   STA &1088
.setCommandAddress
.setCommandAddressSDHC
     A3DC   A9 00      LDA #&00
     A3DE   8D 89 10   STA &1089
     A3E1   A5 C0      LDA &C0
     A3E3   4A         LSR A
     A3E4   8D 8A 10   STA &108A
     A3E7   A5 BF      LDA &BF
     A3E9   6A         ROR A
     A3EA   8D 8B 10   STA &108B
     A3ED   A5 BE      LDA &BE
     A3EF   6A         ROR A
     A3F0   8D 8C 10   STA &108C
     A3F3   60         RTS
.MMC_StartRead
     A3F4   20 E9 A2   JSR &A2E9
     A3F7   D0 03      BNE &A3FC
     A3F9   4C 3E A3   JMP &A33E
.errRead
     A3FC   20 00 AF   JSR &AF00
     A3FF   52 65 61 ...
     A40A   00
.MMC_StartWrite
     A40B   20 E9 A2   JSR &A2E9
     A40E   D0 03      BNE &A413
     A410   4C 84 A3   JMP &A384
.errWrite
     A413   20 00 AF   JSR &AF00
     A416   57 72 69 ...
     A422   00
.SetupCatRW
     A423   20 36 80   JSR &8036
     A426   A9 00      LDA #&00
     A428   8D AE 10   STA &10AE
     A42B   85 BC      STA &BC
     A42D   A9 0E      LDA #&0E
     A42F   85 BD      STA &BD
     A431   60         RTS
.MMC_ReadCatalogue
     A432   20 23 A4   JSR &A423
     A435   20 D7 A3   JSR &A3D7
     A438   20 F4 A3   JSR &A3F4
     A43B   20 4E A3   JSR &A34E
     A43E   E6 BD      INC &BD
     A440   20 4E A3   JSR &A34E
     A443   20 D9 A2   JSR &A2D9
     A446   4C 42 80   JMP &8042
.MMC_WriteCatalogue
     A449   20 23 A4   JSR &A423
     A44C   20 D3 A3   JSR &A3D3
     A44F   20 0B A4   JSR &A40B
     A452   20 85 A3   JSR &A385
     A455   E6 BD      INC &BD
     A457   20 85 A3   JSR &A385
     A45A   20 38 A3   JSR &A338
     A45D   4C 42 80   JMP &8042
.MMC_RWBlock_CheckIfToTube
     A460   48         PHA
     A461   AD AC 10   LDA &10AC
     A464   2D AD 10   AND &10AD
     A467   0D D6 10   ORA &10D6
     A46A   49 FF      EOR #&FF
     A46C   8D AE 10   STA &10AE
     A46F   38         SEC
     A470   F0 0D      BEQ &A47F
     A472   20 7C 8C   JSR &8C7C
     A475   A2 AA      LDX #&AA
     A477   A0 10      LDY #&10
     A479   68         PLA
     A47A   48         PHA
     A47B   20 06 04   JSR &0406
     A47E   18         CLC
.notTube
     A47F   68         PLA
     A480   60         RTS
.MMC_ReadBlock
     A481   4E A6 10   LSR &10A6
     A484   20 36 80   JSR &8036
     A487   20 91 A4   JSR &A491
     A48A   4C 42 80   JMP &8042
.rb_err
     A48D   6E A6 10   ROR &10A6
.rb1_exit
     A490   60         RTS
.rdblk
     A491   A6 C4      LDX &C4
     A493   D0 04      BNE &A499
     A495   A5 C5      LDA &C5
     A497   F0 F7      BEQ &A490
.rb1
     A499   A9 01      LDA #&01
     A49B   20 60 A4   JSR &A460
     A49E   A6 C4      LDX &C4
     A4A0   66 BE      ROR &BE
     A4A2   66 C1      ROR &C1
     A4A4   10 07      BPL &A4AD
     A4A6   E8         INX
     A4A7   86 C4      STX &C4
     A4A9   D0 02      BNE &A4AD
     A4AB   E6 C5      INC &C5
.rb2
     A4AD   06 BE      ASL &BE
     A4AF   20 D7 A3   JSR &A3D7
     A4B2   A5 C5      LDA &C5
     A4B4   D0 0E      BNE &A4C4
     A4B6   A6 C4      LDX &C4
     A4B8   E0 03      CPX #&03
     A4BA   B0 08      BCS &A4C4
.rb4_loop
     A4BC   A5 C6      LDA &C6
     A4BE   D0 47      BNE &A507
     A4C0   E0 01      CPX #&01
     A4C2   F0 3A      BEQ &A4FE
.rb3
     A4C4   24 C1      BIT &C1
     A4C6   10 0D      BPL &A4D5
     A4C8   20 F4 A3   JSR &A3F4
     A4CB   A0 00      LDY #&00
     A4CD   84 C1      STY &C1
     A4CF   20 DA A2   JSR &A2DA
     A4D2   4C DD A4   JMP &A4DD
.rb6_loop
     A4D5   20 F4 A3   JSR &A3F4
     A4D8   20 4E A3   JSR &A34E
     A4DB   E6 BD      INC &BD
.rb7
     A4DD   20 4E A3   JSR &A34E
     A4E0   E6 BD      INC &BD
     A4E2   20 D9 A2   JSR &A2D9
     A4E5   20 E0 A5   JSR &A5E0
     A4E8   F0 A6      BEQ &A490
     A4EA   20 94 AE   JSR &AE94
     A4ED   B0 9E      BCS &A48D
     A4EF   20 D7 A3   JSR &A3D7
     A4F2   A6 C4      LDX &C4
     A4F4   A5 C5      LDA &C5
     A4F6   D0 DD      BNE &A4D5
     A4F8   E0 03      CPX #&03
     A4FA   B0 D9      BCS &A4D5
     A4FC   90 BE      BCC &A4BC
.rb9
     A4FE   20 F4 A3   JSR &A3F4
     A501   20 4E A3   JSR &A34E
     A504   4C 2E A5   JMP &A52E
.rb5
     A507   20 F4 A3   JSR &A3F4
     A50A   24 C1      BIT &C1
     A50C   10 08      BPL &A516
     A50E   A0 00      LDY #&00
     A510   20 DA A2   JSR &A2DA
     A513   4C 1F A5   JMP &A51F
.rbx1
     A516   C6 C4      DEC &C4
     A518   F0 05      BEQ &A51F
     A51A   20 4E A3   JSR &A34E
     A51D   E6 BD      INC &BD
.rbx2
     A51F   20 60 A3   JSR &A360
     A522   98         TYA
     A523   49 FF      EOR #&FF
     A525   A8         TAY
     A526   C8         INY
     A527   20 DA A2   JSR &A2DA
     A52A   A5 C4      LDA &C4
     A52C   D0 05      BNE &A533
.rbx4
     A52E   A0 00      LDY #&00
     A530   20 DA A2   JSR &A2DA
.rbx3
     A533   4C D9 A2   JMP &A2D9
.wb1_exit
     A536   60         RTS
.MMC_WriteBlock
     A537   4E A6 10   LSR &10A6
     A53A   20 36 80   JSR &8036
     A53D   20 43 A5   JSR &A543
     A540   4C 42 80   JMP &8042
.wrblk
     A543   A6 C4      LDX &C4
     A545   D0 04      BNE &A54B
     A547   A5 C5      LDA &C5
     A549   F0 EB      BEQ &A536
.wb1
     A54B   A9 00      LDA #&00
     A54D   20 60 A4   JSR &A460
     A550   A6 C4      LDX &C4
     A552   66 BE      ROR &BE
     A554   6A         ROR A
     A555   06 BE      ASL &BE
     A557   48         PHA
     A558   20 D3 A3   JSR &A3D3
     A55B   68         PLA
     A55C   10 37      BPL &A595
     A55E   A9 51      LDA #&51
     A560   8D 88 10   STA &1088
     A563   20 F4 A3   JSR &A3F4
     A566   20 E3 A2   JSR &A2E3
     A569   A0 00      LDY #&00
     A56B   20 DA A2   JSR &A2DA
     A56E   A0 02      LDY #&02
     A570   20 DA A2   JSR &A2DA
     A573   A9 58      LDA #&58
     A575   8D 88 10   STA &1088
     A578   20 0B A4   JSR &A40B
     A57B   20 E3 A2   JSR &A2E3
     A57E   20 85 A3   JSR &A385
     A581   20 38 A3   JSR &A338
     A584   A9 FF      LDA #&FF
     A586   20 E2 A5   JSR &A5E2
     A589   F0 AB      BEQ &A536
     A58B   E6 BD      INC &BD
.wb4
     A58D   20 94 AE   JSR &AE94
     A590   B0 4A      BCS &A5DC
     A592   20 D3 A3   JSR &A3D3
.wb2
     A595   A5 C5      LDA &C5
     A597   D0 2D      BNE &A5C6
     A599   A6 C4      LDX &C4
     A59B   F0 3E      BEQ &A5DB
     A59D   CA         DEX
     A59E   D0 26      BNE &A5C6
     A5A0   A9 51      LDA #&51
     A5A2   8D 88 10   STA &1088
     A5A5   20 F4 A3   JSR &A3F4
     A5A8   A0 00      LDY #&00
     A5AA   20 DA A2   JSR &A2DA
     A5AD   20 E3 A2   JSR &A2E3
     A5B0   A0 02      LDY #&02
     A5B2   20 DA A2   JSR &A2DA
     A5B5   A9 58      LDA #&58
     A5B7   8D 88 10   STA &1088
     A5BA   20 0B A4   JSR &A40B
     A5BD   20 85 A3   JSR &A385
     A5C0   20 E3 A2   JSR &A2E3
     A5C3   4C 38 A3   JMP &A338
.wb3
     A5C6   20 0B A4   JSR &A40B
     A5C9   20 85 A3   JSR &A385
     A5CC   E6 BD      INC &BD
     A5CE   20 85 A3   JSR &A385
     A5D1   E6 BD      INC &BD
     A5D3   20 38 A3   JSR &A338
     A5D6   20 E0 A5   JSR &A5E0
     A5D9   D0 B2      BNE &A58D
.wb5
     A5DB   60         RTS
.wb_err
     A5DC   6E A6 10   ROR &10A6
     A5DF   60         RTS
.dec_seccountby2
     A5E0   A9 FE      LDA #&FE
.dec_seccount
     A5E2   18         CLC
     A5E3   65 C4      ADC &C4
     A5E5   85 C4      STA &C4
     A5E7   AA         TAX
     A5E8   A9 FF      LDA #&FF
     A5EA   65 C5      ADC &C5
     A5EC   85 C5      STA &C5
     A5EE   05 C4      ORA &C4
     A5F0   60         RTS
.MMC_BEGIN2
     A5F1   20 F4 83   JSR &83F4
     A5F4   20 FA A5   JSR &A5FA
     A5F7   4C 4D A6   JMP &A64D
.MMC_BEGIN1
     A5FA   A2 0F      LDX #&0F
.begloop1
     A5FC   B5 BC      LDA &BC,X
     A5FE   9D 90 10   STA &1090,X
     A601   CA         DEX
     A602   10 F8      BPL &A5FC
     A604   20 9C A2   JSR &A29C
     A607   2C AF 10   BIT &10AF
     A60A   50 01      BVC &A60D
     A60C   60         RTS
.begX
     A60D   20 C0 A3   JSR &A3C0
     A610   B0 06      BCS &A618
     A612   20 22 A6   JSR &A622
     A615   4C DE A6   JMP &A6DE
.carderr
     A618   20 6F 80   JSR &806F
     A61B   FF
     A61C   43 61 72 ...
     A621   00
.MMC_CheckCardID
     A622   20 6F A1   JSR &A16F
     A625   AD E4 10   LDA &10E4
     A628   F0 0D      BEQ &A637
     A62A   20 CF A3   JSR &A3CF
     A62D   CD EF 10   CMP &10EF
     A630   D0 06      BNE &A638
     A632   CC EE 10   CPY &10EE
     A635   D0 01      BNE &A638
.cid_x
     A637   60         RTS
.errCardChanged
     A638   A9 00      LDA #&00
     A63A   8D AF 10   STA &10AF
     A63D   20 6F 80   JSR &806F
     A640   FF
     A641   57 72 6F ...
     A64C   00
.MMC_END
     A64D   A2 0F      LDX #&0F
.eloop0
     A64F   BD 90 10   LDA &1090,X
     A652   95 BC      STA &BC,X
     A654   CA         DEX
     A655   10 F8      BPL &A64F
     A657   60         RTS
Processed file 'MMC.asm' ok
.CMD_DABOUT
     A658   A2 00      LDX #&00
.loop
     A65A   BD 09 80   LDA &8009,X
     A65D   D0 02      BNE &A661
     A65F   A9 0D      LDA #&0D
.print
     A661   20 E3 FF   JSR &FFE3
     A664   E8         INX
     A665   E0 2A      CPX #&2A
     A667   D0 F1      BNE &A65A
     A669   60         RTS
Including file MM32.asm
.mm32_cmd_dbug
.l1
     A66A   20 9C 80   JSR &809C
     A66D   46 41 54 ...
     A676   A0 00      LDY #&00
     A678   20 B4 A6   JSR &A6B4
     A67B   20 9C 80   JSR &809C
     A67E   44 41 54 ...
     A687   A0 02      LDY #&02
     A689   20 B4 A6   JSR &A6B4
     A68C   20 9C 80   JSR &809C
     A68F   43 4C 55 ...
     A698   A0 04      LDY #&04
     A69A   20 BA A6   JSR &A6BA
     A69D   A2 00      LDX #&00
.loop
     A69F   8A         TXA
     A6A0   20 FB 80   JSR &80FB
     A6A3   A9 3A      LDA #&3A
     A6A5   20 EE FF   JSR &FFEE
     A6A8   20 C3 A6   JSR &A6C3
     A6AB   20 E7 FF   JSR &FFE7
     A6AE   E8         INX
     A6AF   E0 03      CPX #&03
     A6B1   D0 EC      BNE &A69F
     A6B3   60         RTS
.phex2
     A6B4   B9 E1 10   LDA &10E1,Y
     A6B7   20 FB 80   JSR &80FB
.phex1
     A6BA   B9 E0 10   LDA &10E0,Y
     A6BD   20 FB 80   JSR &80FB
     A6C0   4C E7 FF   JMP &FFE7
.mm32_pclust
     A6C3   BD EB 10   LDA &10EB,X
     A6C6   20 FB 80   JSR &80FB
     A6C9   BD E8 10   LDA &10E8,X
     A6CC   20 FB 80   JSR &80FB
     A6CF   BD E5 10   LDA &10E5,X
     A6D2   20 FB 80   JSR &80FB
     A6D5   60         RTS
.mm32_readblock
     A6D6   A9 FF      LDA #&FF
     A6D8   8D 82 10   STA &1082
     A6DB   4C 32 A4   JMP &A432
.mm32_init_dos
     A6DE   20 6F A1   JSR &A16F
     A6E1   AD E4 10   LDA &10E4
     A6E4   F0 01      BEQ &A6E7
     A6E6   60         RTS
.init
     A6E7   20 6E A7   JSR &A76E
     A6EA   90 71      BCC &A75D
     A6EC   AD 0C 0E   LDA &0E0C
     A6EF   C9 02      CMP #&02
     A6F1   D0 6A      BNE &A75D
     A6F3   4D 2C 0E   EOR &0E2C
     A6F6   0D 26 0E   ORA &0E26
     A6F9   D0 62      BNE &A75D
     A6FB   AD 25 0E   LDA &0E25
     A6FE   4A         LSR A
     A6FF   F0 5C      BEQ &A75D
     A701   AD 0D 0E   LDA &0E0D
     A704   85 CB      STA &CB
     A706   A5 C7      LDA &C7
     A708   A4 C8      LDY &C8
     A70A   18         CLC
     A70B   6D 0E 0E   ADC &0E0E
     A70E   AA         TAX
     A70F   98         TYA
     A710   6D 0F 0E   ADC &0E0F
     A713   B0 48      BCS &A75D
     A715   86 C7      STX &C7
     A717   85 C8      STA &C8
.loop1
     A719   A8         TAY
     A71A   8A         TXA
     A71B   6D 24 0E   ADC &0E24
     A71E   AA         TAX
     A71F   98         TYA
     A720   6D 25 0E   ADC &0E25
     A723   B0 38      BCS &A75D
     A725   CE 10 0E   DEC &0E10
     A728   D0 EF      BNE &A719
     A72A   A8         TAY
     A72B   0E 0D 0E   ASL &0E0D
     A72E   8A         TXA
     A72F   38         SEC
     A730   ED 0D 0E   SBC &0E0D
     A733   85 C9      STA &C9
     A735   98         TYA
     A736   E9 00      SBC #&00
     A738   85 CA      STA &CA
     A73A   20 6F A1   JSR &A16F
     A73D   20 CF A3   JSR &A3CF
     A740   8D EF 10   STA &10EF
     A743   8C EE 10   STY &10EE
     A746   A0 05      LDY #&05
.loop2
     A748   B9 C6 00   LDA &00C6,Y
     A74B   99 DF 10   STA &10DF,Y
     A74E   88         DEY
     A74F   D0 F7      BNE &A748
     A751   98         TYA
     A752   A0 08      LDY #&08
.loop3
     A754   99 E5 10   STA &10E5,Y
     A757   88         DEY
     A758   10 FA      BPL &A754
     A75A   4C 83 A1   JMP &A183
.faterr
     A75D   20 6F 80   JSR &806F
     A760   FF
     A761   43 61 72 ...
     A76D   00
.read_VBR
     A76E   A9 00      LDA #&00
     A770   85 C7      STA &C7
     A772   85 C8      STA &C8
     A774   85 BE      STA &BE
     A776   85 BF      STA &BF
     A778   85 C0      STA &C0
     A77A   20 AF A7   JSR &A7AF
     A77D   90 41      BCC &A7C0
     A77F   AD 00 0E   LDA &0E00
     A782   C9 EB      CMP #&EB
     A784   D0 0E      BNE &A794
     A786   AD 02 0E   LDA &0E02
     A789   C9 90      CMP #&90
     A78B   D0 07      BNE &A794
     A78D   AD 0C 0E   LDA &0E0C
     A790   C9 02      CMP #&02
     A792   F0 2C      BEQ &A7C0
.mbr
     A794   AD C6 0F   LDA &0FC6
     A797   85 C7      STA &C7
     A799   85 BE      STA &BE
     A79B   AD C7 0F   LDA &0FC7
     A79E   85 C8      STA &C8
     A7A0   85 BF      STA &BF
     A7A2   AD C8 0F   LDA &0FC8
     A7A5   0D C9 0F   ORA &0FC9
     A7A8   D0 17      BNE &A7C1
     A7AA   85 C0      STA &C0
     A7AC   20 F9 AE   JSR &AEF9
.isfat
     A7AF   20 D6 A6   JSR &A6D6
     A7B2   AD FE 0F   LDA &0FFE
     A7B5   C9 55      CMP #&55
     A7B7   D0 08      BNE &A7C1
     A7B9   AD FF 0F   LDA &0FFF
     A7BC   C9 AA      CMP #&AA
     A7BE   D0 01      BNE &A7C1
.ifx
     A7C0   60         RTS
.bad
     A7C1   18         CLC
     A7C2   60         RTS
.mm32_SECT_X_First
     A7C3   B9 E5 10   LDA &10E5,Y
     A7C6   85 C8      STA &C8
     A7C8   B9 E8 10   LDA &10E8,Y
     A7CB   85 C9      STA &C9
     A7CD   B9 EB 10   LDA &10EB,Y
     A7D0   85 C2      STA &C2
     A7D2   29 3F      AND #&3F
     A7D4   85 CA      STA &CA
     A7D6   05 C8      ORA &C8
     A7D8   05 C9      ORA &C9
     A7DA   D0 0C      BNE &A7E8
     A7DC   C0 02      CPY #&02
     A7DE   F0 04      BEQ &A7E4
     A7E0   24 C2      BIT &C2
     A7E2   10 0F      BPL &A7F3
.l1
     A7E4   A9 02      LDA #&02
     A7E6   85 C8      STA &C8
.l2
     A7E8   AD E4 10   LDA &10E4
     A7EB   85 CB      STA &CB
     A7ED   A9 00      LDA #&00
     A7EF   85 CE      STA &CE
     A7F1   B8         CLV
     A7F2   60         RTS
.l3
     A7F3   2C F6 A7   BIT &A7F6
.l4
     A7F6   60         RTS
.mm32_SECT_X_Next
     A7F7   C6 CB      DEC &CB
     A7F9   F0 02      BEQ &A7FD
     A7FB   18         CLC
     A7FC   60         RTS
.l1
     A7FD   20 06 A8   JSR &A806
     A800   AD E4 10   LDA &10E4
     A803   85 CB      STA &CB
     A805   60         RTS
.next_cluster
     A806   20 1D 84   JSR &841D
     A809   C6 CE      DEC &CE
     A80B   10 1D      BPL &A82A
     A80D   AD AE 10   LDA &10AE
     A810   48         PHA
     A811   A5 BC      LDA &BC
     A813   48         PHA
     A814   A5 BD      LDA &BD
     A816   48         PHA
     A817   A5 C6      LDA &C6
     A819   48         PHA
     A81A   20 4D A8   JSR &A84D
     A81D   68         PLA
     A81E   85 C6      STA &C6
     A820   68         PLA
     A821   85 BD      STA &BD
     A823   68         PLA
     A824   85 BC      STA &BC
     A826   68         PLA
     A827   8D AE 10   STA &10AE
.l1
     A82A   18         CLC
     A82B   A5 CE      LDA &CE
     A82D   F0 12      BEQ &A841
     A82F   E6 C8      INC &C8
     A831   D0 0D      BNE &A840
     A833   E6 C9      INC &C9
     A835   D0 09      BNE &A840
     A837   E6 CA      INC &CA
.l2
     A839   A5 CA      LDA &CA
     A83B   29 C0      AND #&C0
     A83D   F0 01      BEQ &A840
     A83F   38         SEC
.l3
     A840   60         RTS
.l4
     A841   A2 02      LDX #&02
.loop1
     A843   BD A0 10   LDA &10A0,X
     A846   95 C8      STA &C8,X
     A848   CA         DEX
     A849   10 F8      BPL &A843
     A84B   30 EC      BMI &A839
.read_fat
     A84D   A5 C8      LDA &C8
     A84F   0A         ASL A
     A850   85 CB      STA &CB
     A852   A5 C9      LDA &C9
     A854   2A         ROL A
     A855   A8         TAY
     A856   A5 CA      LDA &CA
     A858   2A         ROL A
     A859   AA         TAX
     A85A   98         TYA
     A85B   6D E0 10   ADC &10E0
     A85E   85 BE      STA &BE
     A860   8A         TXA
     A861   6D E1 10   ADC &10E1
     A864   85 BF      STA &BF
     A866   A9 00      LDA #&00
     A868   8D AE 10   STA &10AE
     A86B   85 C0      STA &C0
     A86D   20 F9 AE   JSR &AEF9
     A870   20 36 80   JSR &8036
     A873   20 D7 A3   JSR &A3D7
     A876   20 F4 A3   JSR &A3F4
     A879   A9 A0      LDA #&A0
     A87B   85 BC      STA &BC
     A87D   A9 10      LDA #&10
     A87F   85 BD      STA &BD
     A881   A5 CB      LDA &CB
     A883   20 CC A8   JSR &A8CC
.loop1
     A886   E6 CE      INC &CE
     A888   A9 04      LDA #&04
     A88A   85 C6      STA &C6
     A88C   20 60 A3   JSR &A360
     A88F   E6 CB      INC &CB
     A891   E6 CB      INC &CB
     A893   F0 31      BEQ &A8C6
     A895   38         SEC
     A896   AD A2 10   LDA &10A2
     A899   29 C0      AND #&C0
     A89B   0D A3 10   ORA &10A3
     A89E   D0 1B      BNE &A8BB
     A8A0   AD A0 10   LDA &10A0
     A8A3   E5 C8      SBC &C8
     A8A5   A8         TAY
     A8A6   AD A1 10   LDA &10A1
     A8A9   E5 C9      SBC &C9
     A8AB   D0 11      BNE &A8BE
     A8AD   AD A2 10   LDA &10A2
     A8B0   E5 CA      SBC &CA
     A8B2   D0 0A      BNE &A8BE
     A8B4   88         DEY
     A8B5   C4 CE      CPY &CE
     A8B7   F0 CD      BEQ &A886
     A8B9   D0 03      BNE &A8BE
.l2
     A8BB   6E A2 10   ROR &10A2
.l3
     A8BE   38         SEC
     A8BF   A9 00      LDA #&00
     A8C1   E5 CB      SBC &CB
     A8C3   20 CC A8   JSR &A8CC
.l4
     A8C6   20 D9 A2   JSR &A2D9
     A8C9   4C 42 80   JMP &8042
.clocks
     A8CC   0A         ASL A
     A8CD   48         PHA
     A8CE   90 05      BCC &A8D5
     A8D0   A0 00      LDY #&00
     A8D2   20 DA A2   JSR &A2DA
.l1
     A8D5   68         PLA
     A8D6   F0 04      BEQ &A8DC
     A8D8   A8         TAY
     A8D9   4C DA A2   JMP &A2DA
.l2
     A8DC   60         RTS
.mm32_Scan_Dir
     A8DD   A0 02      LDY #&02
     A8DF   20 C3 A7   JSR &A7C3
.loop1
     A8E2   20 BB AE   JSR &AEBB
     A8E5   B0 0F      BCS &A8F6
     A8E7   20 D6 A6   JSR &A6D6
     A8EA   20 F7 A8   JSR &A8F7
     A8ED   90 07      BCC &A8F6
     A8EF   F0 05      BEQ &A8F6
     A8F1   20 F7 A7   JSR &A7F7
     A8F4   90 EC      BCC &A8E2
.exit
     A8F6   60         RTS
.scan_block
     A8F7   A9 00      LDA #&00
     A8F9   85 AB      STA &AB
     A8FB   85 B0      STA &B0
     A8FD   A9 0E      LDA #&0E
.loop1
     A8FF   85 B1      STA &B1
.loop2
     A901   A0 00      LDY #&00
     A903   B1 B0      LDA (&B0),Y
     A905   F0 75      BEQ &A97C
     A907   30 5F      BMI &A968
     A909   C9 21      CMP #&21
     A90B   90 5B      BCC &A968
     A90D   A0 15      LDY #&15
     A90F   B1 B0      LDA (&B0),Y
     A911   29 0F      AND #&0F
     A913   D0 53      BNE &A968
     A915   88         DEY
     A916   B1 B0      LDA (&B0),Y
     A918   29 F0      AND #&F0
     A91A   D0 4C      BNE &A968
     A91C   A0 0B      LDY #&0B
     A91E   B1 B0      LDA (&B0),Y
     A920   29 0E      AND #&0E
     A922   D0 44      BNE &A968
     A924   B1 B0      LDA (&B0),Y
     A926   4A         LSR A
     A927   29 08      AND #&08
     A929   85 B8      STA &B8
     A92B   F0 04      BEQ &A931
     A92D   A9 80      LDA #&80
     A92F   D0 0C      BNE &A93D
.l1
     A931   24 B2      BIT &B2
     A933   30 33      BMI &A968
     A935   6A         ROR A
     A936   85 B9      STA &B9
     A938   20 55 AA   JSR &AA55
     A93B   05 B9      ORA &B9
.l2
     A93D   85 B9      STA &B9
     A93F   20 E5 A9   JSR &A9E5
     A942   20 82 AA   JSR &AA82
     A945   B0 21      BCS &A968
     A947   A5 AA      LDA &AA
     A949   F0 14      BEQ &A95F
     A94B   C9 03      CMP #&03
     A94D   D0 03      BNE &A952
     A94F   4C B1 A9   JMP &A9B1
.lock_or_unlock
     A952   C9 02      CMP #&02
     A954   F0 06      BEQ &A95C
     A956   20 A0 A9   JSR &A9A0
     A959   4C 5F A9   JMP &A95F
.lock
     A95C   20 8F A9   JSR &A98F
.s1
     A95F   24 B7      BIT &B7
     A961   30 02      BMI &A965
     A963   18         CLC
     A964   60         RTS
.logging
     A965   20 10 AA   JSR &AA10
.skip
     A968   20 93 8C   JSR &8C93
     A96B   18         CLC
     A96C   A5 B0      LDA &B0
     A96E   69 20      ADC #&20
     A970   85 B0      STA &B0
     A972   90 8D      BCC &A901
     A974   A5 B1      LDA &B1
     A976   69 00      ADC #&00
     A978   C9 0F      CMP #&0F
     A97A   F0 83      BEQ &A8FF
.exit
     A97C   08         PHP
     A97D   48         PHA
     A97E   A5 AB      LDA &AB
     A980   C9 FF      CMP #&FF
     A982   D0 03      BNE &A987
     A984   20 49 A4   JSR &A449
.nowrite
     A987   A0 00      LDY #&00
     A989   84 AB      STY &AB
     A98B   68         PLA
     A98C   28         PLP
     A98D   38         SEC
     A98E   60         RTS
.lock_fat_file
     A98F   A9 80      LDA #&80
     A991   85 B9      STA &B9
     A993   A0 0B      LDY #&0B
     A995   B1 B0      LDA (&B0),Y
     A997   09 01      ORA #&01
     A999   91 B0      STA (&B0),Y
     A99B   A9 FF      LDA #&FF
     A99D   85 AB      STA &AB
     A99F   60         RTS
.unlock_fat_file
     A9A0   A9 00      LDA #&00
     A9A2   85 B9      STA &B9
     A9A4   A0 0B      LDY #&0B
     A9A6   B1 B0      LDA (&B0),Y
     A9A8   29 FE      AND #&FE
     A9AA   91 B0      STA (&B0),Y
     A9AC   A9 FF      LDA #&FF
     A9AE   85 AB      STA &AB
     A9B0   60         RTS
.rename_fat_file
     A9B1   A2 21      LDX #&21
     A9B3   A0 00      LDY #&00
     A9B5   A9 2E      LDA #&2E
     A9B7   85 BA      STA &BA
     A9B9   A9 08      LDA #&08
     A9BB   20 C4 A9   JSR &A9C4
     A9BE   A9 02      LDA #&02
     A9C0   85 BA      STA &BA
     A9C2   A9 0B      LDA #&0B
.copy_and_pad_with_spaces
     A9C4   85 BB      STA &BB
.loop
     A9C6   BD 00 10   LDA &1000,X
     A9C9   E8         INX
     A9CA   C5 BA      CMP &BA
     A9CC   F0 0E      BEQ &A9DC
     A9CE   C4 BB      CPY &BB
     A9D0   F0 F4      BEQ &A9C6
     A9D2   91 B0      STA (&B0),Y
     A9D4   C8         INY
     A9D5   D0 EF      BNE &A9C6
.padloop
     A9D7   A9 20      LDA #&20
     A9D9   91 B0      STA (&B0),Y
     A9DB   C8         INY
.pad
     A9DC   C4 BB      CPY &BB
     A9DE   D0 F7      BNE &A9D7
     A9E0   20 49 A4   JSR &A449
     A9E3   18         CLC
     A9E4   60         RTS
.copy_name
     A9E5   A2 01      LDX #&01
     A9E7   A0 00      LDY #&00
.loop1
     A9E9   B1 B0      LDA (&B0),Y
     A9EB   C9 21      CMP #&21
     A9ED   90 04      BCC &A9F3
     A9EF   9D 00 10   STA &1000,X
     A9F2   E8         INX
.l1
     A9F3   C8         INY
     A9F4   C0 08      CPY #&08
     A9F6   D0 06      BNE &A9FE
.l11
     A9F8   A9 2E      LDA #&2E
     A9FA   9D 00 10   STA &1000,X
     A9FD   E8         INX
.l2
     A9FE   C0 0B      CPY #&0B
     AA00   D0 E7      BNE &A9E9
.l3
     AA02   A9 02      LDA #&02
     AA04   8D 00 10   STA &1000
     AA07   9D 00 10   STA &1000,X
     AA0A   A9 00      LDA #&00
     AA0C   9D 01 10   STA &1001,X
     AA0F   60         RTS
.print_dir_entry
     AA10   A2 03      LDX #&03
     AA12   20 4E AA   JSR &AA4E
     AA15   A2 20      LDX #&20
     AA17   A5 B8      LDA &B8
     AA19   F0 02      BEQ &AA1D
     AA1B   A2 2F      LDX #&2F
.l99
     AA1D   8A         TXA
     AA1E   A0 01      LDY #&01
     AA20   A2 0E      LDX #&0E
.loop1
     AA22   20 DF 80   JSR &80DF
     AA25   B9 00 10   LDA &1000,Y
     AA28   C9 20      CMP #&20
     AA2A   90 11      BCC &AA3D
     AA2C   C9 2E      CMP #&2E
     AA2E   F0 04      BEQ &AA34
.l0
     AA30   CA         DEX
     AA31   C8         INY
     AA32   D0 EE      BNE &AA22
.l1
     AA34   B9 01 10   LDA &1001,Y
     AA37   C9 20      CMP #&20
     AA39   A9 2E      LDA #&2E
     AA3B   B0 F3      BCS &AA30
.lx
     AA3D   20 4E AA   JSR &AA4E
     AA40   A9 4C      LDA #&4C
     AA42   24 B9      BIT &B9
     AA44   30 02      BMI &AA48
     AA46   A9 20      LDA #&20
.l00
     AA48   20 DF 80   JSR &80DF
     AA4B   4C D6 80   JMP &80D6
.lspc
     AA4E   20 D6 80   JSR &80D6
     AA51   CA         DEX
     AA52   D0 FA      BNE &AA4E
     AA54   60         RTS
.is_XSD
     AA55   A0 0B      LDY #&0B
     AA57   B1 B0      LDA (&B0),Y
     AA59   29 10      AND #&10
     AA5B   D0 19      BNE &AA76
     AA5D   A2 FF      LDX #&FF
.loop1
     AA5F   A0 08      LDY #&08
     AA61   18         CLC
.loop2
     AA62   E8         INX
     AA63   BD 79 AA   LDA &AA79,X
     AA66   30 0A      BMI &AA72
     AA68   F0 0C      BEQ &AA76
     AA6A   51 B0      EOR (&B0),Y
     AA6C   F0 01      BEQ &AA6F
     AA6E   38         SEC
.x1
     AA6F   C8         INY
     AA70   D0 F0      BNE &AA62
.x2
     AA72   B0 EB      BCS &AA5F
     AA74   0A         ASL A
     AA75   60         RTS
.l2
     AA76   A9 80      LDA #&80
     AA78   60         RTS
.ext_table
     AA79   53 53 44 
     AA7C   80
     AA7D   44 53 44 
     AA80   A0
     AA81   00         BRK
.dir_match
     AA82   A2 0F      LDX #&0F
     AA84   A0 00      LDY #&00
.l00
     AA86   E8         INX
     AA87   86 BA      STX &BA
.l0
     AA89   84 BB      STY &BB
.l1
     AA8B   BD 00 10   LDA &1000,X
     AA8E   F0 19      BEQ &AAA9
     AA90   C9 01      CMP #&01
     AA92   F0 F2      BEQ &AA86
     AA94   B9 00 10   LDA &1000,Y
     AA97   F0 11      BEQ &AAAA
     AA99   DD 00 10   CMP &1000,X
     AA9C   D0 04      BNE &AAA2
     AA9E   C8         INY
     AA9F   E8         INX
     AAA0   D0 E9      BNE &AA8B
.l2
     AAA2   A6 BA      LDX &BA
     AAA4   A4 BB      LDY &BB
     AAA6   C8         INY
     AAA7   D0 E0      BNE &AA89
.ex1
     AAA9   18         CLC
.ex2
     AAAA   60         RTS
.mm32_param_count
     AAAB   A9 00      LDA #&00
.mm32_param_count_a
     AAAD   48         PHA
     AAAE   98         TYA
     AAAF   48         PHA
     AAB0   A2 00      LDX #&00
.loop1
     AAB2   20 C1 81   JSR &81C1
     AAB5   F0 08      BEQ &AABF
     AAB7   E8         INX
.loop2
     AAB8   20 A6 81   JSR &81A6
     AABB   90 FB      BCC &AAB8
     AABD   B0 F3      BCS &AAB2
.l1
     AABF   68         PLA
     AAC0   A8         TAY
     AAC1   68         PLA
     AAC2   10 03      BPL &AAC7
     AAC4   CA         DEX
     AAC5   30 0A      BMI &AAD1
.l2
     AAC7   E0 01      CPX #&01
     AAC9   F0 05      BEQ &AAD0
     AACB   B0 04      BCS &AAD1
     AACD   6A         ROR A
     AACE   B0 01      BCS &AAD1
.l3
     AAD0   60         RTS
.err
     AAD1   4C 8C 9A   JMP &9A8C
.mm32_param_drive
     AAD4   90 10      BCC &AAE6
     AAD6   20 C1 81   JSR &81C1
     AAD9   20 05 8C   JSR &8C05
     AADC   20 A6 81   JSR &81A6
     AADF   A5 CD      LDA &CD
     AAE1   B0 06      BCS &AAE9
     AAE3   4C 15 8C   JMP &8C15
.l1
     AAE6   AD CA 10   LDA &10CA
.l2
     AAE9   29 01      AND #&01
     AAEB   85 CD      STA &CD
     AAED   60         RTS
.mm32_param_filename
     AAEE   66 B7      ROR &B7
     AAF0   A2 01      LDX #&01
     AAF2   86 B2      STX &B2
     AAF4   86 B3      STX &B3
     AAF6   86 B4      STX &B4
     AAF8   86 B5      STX &B5
     AAFA   20 C1 81   JSR &81C1
     AAFD   F0 48      BEQ &AB47
.loop1
     AAFF   20 A6 81   JSR &81A6
     AB02   B0 43      BCS &AB47
     AB04   C9 2F      CMP #&2F
     AB06   D0 09      BNE &AB11
     AB08   66 B2      ROR &B2
     AB0A   D0 F3      BNE &AAFF
.loop2
     AB0C   20 A6 81   JSR &81A6
     AB0F   B0 36      BCS &AB47
.l0
     AB11   24 B7      BIT &B7
     AB13   10 0E      BPL &AB23
     AB15   C9 2A      CMP #&2A
     AB17   D0 0A      BNE &AB23
     AB19   24 B3      BIT &B3
     AB1B   30 EF      BMI &AB0C
     AB1D   66 B3      ROR &B3
     AB1F   A9 01      LDA #&01
     AB21   D0 1B      BNE &AB3E
.l1
     AB23   46 B3      LSR &B3
     AB25   C9 2E      CMP #&2E
     AB27   D0 08      BNE &AB31
     AB29   24 B5      BIT &B5
     AB2B   10 11      BPL &AB3E
     AB2D   66 B4      ROR &B4
     AB2F   30 0D      BMI &AB3E
.l2
     AB31   38         SEC
     AB32   66 B5      ROR &B5
     AB34   C9 61      CMP #&61
     AB36   90 06      BCC &AB3E
     AB38   C9 7B      CMP #&7B
     AB3A   B0 02      BCS &AB3E
     AB3C   49 20      EOR #&20
.l3
     AB3E   9D 10 10   STA &1010,X
     AB41   E8         INX
     AB42   E0 10      CPX #&10
     AB44   D0 C6      BNE &AB0C
     AB46   60         RTS
.exloop
     AB47   CA         DEX
     AB48   F0 18      BEQ &AB62
     AB4A   24 B7      BIT &B7
     AB4C   30 0A      BMI &AB58
     AB4E   24 B4      BIT &B4
     AB50   30 06      BMI &AB58
     AB52   A9 2E      LDA #&2E
     AB54   9D 11 10   STA &1011,X
     AB57   E8         INX
.lx1
     AB58   A9 02      LDA #&02
     AB5A   8D 10 10   STA &1010
     AB5D   E8         INX
     AB5E   9D 10 10   STA &1010,X
     AB61   E8         INX
.lx2
     AB62   A9 00      LDA #&00
     AB64   9D 10 10   STA &1010,X
     AB67   AD 10 10   LDA &1010
     AB6A   18         CLC
     AB6B   60         RTS
.mm32_swap_str_16_32
     AB6C   A2 10      LDX #&10
.loop
     AB6E   BD 0F 10   LDA &100F,X
     AB71   48         PHA
     AB72   BD 1F 10   LDA &101F,X
     AB75   9D 0F 10   STA &100F,X
     AB78   68         PLA
     AB79   9D 1F 10   STA &101F,X
     AB7C   CA         DEX
     AB7D   D0 EF      BNE &AB6E
     AB7F   60         RTS
.mm32_cmd_dcat
     AB80   20 AB AA   JSR &AAAB
     AB83   38         SEC
     AB84   20 EE AA   JSR &AAEE
     AB87   A9 00      LDA #&00
     AB89   85 AA      STA &AA
     AB8B   20 DD A8   JSR &A8DD
     AB8E   A9 86      LDA #&86
     AB90   20 F4 FF   JSR &FFF4
     AB93   E0 00      CPX #&00
     AB95   F0 03      BEQ &AB9A
     AB97   20 7B 83   JSR &837B
.dcEven
     AB9A   60         RTS
.mm32_cmd_dboot
     AB9B   A9 00      LDA #&00
     AB9D   85 CD      STA &CD
     AB9F   20 AB AA   JSR &AAAB
     ABA2   B0 11      BCS &ABB5
     ABA4   A2 00      LDX #&00
.loop
     ABA6   BD C2 AB   LDA &ABC2,X
     ABA9   9D 10 10   STA &1010,X
     ABAC   F0 03      BEQ &ABB1
     ABAE   E8         INX
     ABAF   D0 F5      BNE &ABA6
.l1
     ABB1   85 B7      STA &B7
     ABB3   85 B2      STA &B2
.l2
     ABB5   A9 00      LDA #&00
     ABB7   20 3B AC   JSR &AC3B
     ABBA   90 01      BCC &ABBD
     ABBC   60         RTS
.l3
     ABBD   A9 00      LDA #&00
     ABBF   4C F1 8C   JMP &8CF1
.bootdisk
     ABC2   02
     ABC3   42 4F 4F ...
     ABC8   02
     ABC9   00
.mm32_cmd_din
     ABCA   A9 80      LDA #&80
     ABCC   20 AD AA   JSR &AAAD
     ABCF   20 D4 AA   JSR &AAD4
     ABD2   A9 00      LDA #&00
     ABD4   4C 3A AC   JMP &AC3A
.mm32_cmd_autoload
     ABD7   A2 00      LDX #&00
     ABD9   86 CD      STX &CD
.loop
     ABDB   BD F1 AB   LDA &ABF1,X
     ABDE   9D 10 10   STA &1010,X
     ABE1   F0 03      BEQ &ABE6
     ABE3   E8         INX
     ABE4   D0 F5      BNE &ABDB
.l1
     ABE6   85 B7      STA &B7
     ABE8   85 B2      STA &B2
     ABEA   18         CLC
     ABEB   A9 02      LDA #&02
     ABED   4C 3B AC   JMP &AC3B
     ABF0   60         RTS
.bootdisk
     ABF1   02
     ABF2   42 4F 4F ...
     ABF7   02
     ABF8   00
.mm32_add_ssd_ext
     ABF9   A0 01      LDY #&01
.l0
     ABFB   B9 10 10   LDA &1010,Y
     ABFE   C8         INY
     ABFF   C9 2E      CMP #&2E
     AC01   D0 F8      BNE &ABFB
.s1
     AC03   A9 53      LDA #&53
     AC05   99 10 10   STA &1010,Y
     AC08   99 11 10   STA &1011,Y
     AC0B   A9 44      LDA #&44
     AC0D   99 12 10   STA &1012,Y
     AC10   A9 02      LDA #&02
     AC12   99 13 10   STA &1013,Y
     AC15   A9 00      LDA #&00
     AC17   99 14 10   STA &1014,Y
     AC1A   60         RTS
.mm32_upd_dsktbl
     AC1B   A2 00      LDX #&00
     AC1D   A5 CD      LDA &CD
     AC1F   0A         ASL A
     AC20   0A         ASL A
     AC21   0A         ASL A
     AC22   0A         ASL A
     AC23   A8         TAY
.l0
     AC24   BD 10 10   LDA &1010,X
     AC27   99 C0 11   STA &11C0,Y
     AC2A   E8         INX
     AC2B   C8         INY
     AC2C   E0 10      CPX #&10
     AC2E   D0 F4      BNE &AC24
     AC30   60         RTS
.mm32_cmd_ddir
     AC31   20 AB AA   JSR &AAAB
     AC34   A9 02      LDA #&02
     AC36   85 CD      STA &CD
     AC38   A9 01      LDA #&01
.mm32_chain_open
     AC3A   38         SEC
.mm32_chain_open2
     AC3B   48         PHA
     AC3C   90 08      BCC &AC46
     AC3E   18         CLC
     AC3F   20 EE AA   JSR &AAEE
     AC42   B0 33      BCS &AC77
     AC44   F0 65      BEQ &ACAB
.l0
     AC46   A5 CD      LDA &CD
     AC48   C9 02      CMP #&02
     AC4A   66 B2      ROR &B2
     AC4C   A9 00      LDA #&00
     AC4E   85 AA      STA &AA
     AC50   20 DD A8   JSR &A8DD
     AC53   90 2C      BCC &AC81
     AC55   68         PLA
     AC56   48         PHA
     AC57   29 01      AND #&01
     AC59   D0 1C      BNE &AC77
     AC5B   20 F9 AB   JSR &ABF9
     AC5E   20 DD A8   JSR &A8DD
     AC61   90 1E      BCC &AC81
.mm32_change_ext_dsd
     AC63   A0 01      LDY #&01
.l0
     AC65   B9 10 10   LDA &1010,Y
     AC68   C8         INY
     AC69   C9 2E      CMP #&2E
     AC6B   D0 F8      BNE &AC65
.s1
     AC6D   A9 44      LDA #&44
     AC6F   99 10 10   STA &1010,Y
     AC72   20 DD A8   JSR &A8DD
     AC75   90 0A      BCC &AC81
.notfound
     AC77   68         PLA
     AC78   29 02      AND #&02
     AC7A   F0 02      BEQ &AC7E
     AC7C   38         SEC
     AC7D   60         RTS
.notautoload
     AC7E   4C 3E 82   JMP &823E
.found
     AC81   68         PLA
     AC82   48         PHA
     AC83   29 01      AND #&01
     AC85   F0 06      BEQ &AC8D
     AC87   68         PLA
     AC88   A5 B8      LDA &B8
     AC8A   D0 28      BNE &ACB4
     AC8C   60         RTS
.file
     AC8D   68         PLA
     AC8E   A6 B8      LDX &B8
     AC90   F0 22      BEQ &ACB4
     AC92   29 02      AND #&02
     AC94   F0 02      BEQ &AC98
     AC96   38         SEC
     AC97   60         RTS
.notautoload2
     AC98   20 6F 80   JSR &806F
     AC9B   D6
     AC9C   49 73 20 ...
     ACA8   00
     ACA9   EA         NOP
     ACAA   60         RTS
.zerolen
     ACAB   68         PLA
     ACAC   A5 B2      LDA &B2
     ACAE   29 80      AND #&80
     ACB0   A8         TAY
     ACB1   4C 20 AD   JMP &AD20
.okay
     ACB4   20 1B AC   JSR &AC1B
     ACB7   A0 1A      LDY #&1A
     ACB9   B1 B0      LDA (&B0),Y
     ACBB   85 B7      STA &B7
     ACBD   C8         INY
     ACBE   B1 B0      LDA (&B0),Y
     ACC0   85 B8      STA &B8
     ACC2   A0 14      LDY #&14
     ACC4   B1 B0      LDA (&B0),Y
     ACC6   05 B9      ORA &B9
     ACC8   85 B9      STA &B9
     ACCA   A5 CD      LDA &CD
     ACCC   C9 02      CMP #&02
     ACCE   F0 1D      BEQ &ACED
     ACD0   49 01      EOR #&01
     ACD2   AA         TAX
     ACD3   A5 B7      LDA &B7
     ACD5   DD E5 10   CMP &10E5,X
     ACD8   D0 13      BNE &ACED
     ACDA   A5 B8      LDA &B8
     ACDC   DD E8 10   CMP &10E8,X
     ACDF   D0 0C      BNE &ACED
     ACE1   A5 B9      LDA &B9
     ACE3   DD EB 10   CMP &10EB,X
     ACE6   D0 05      BNE &ACED
     ACE8   A0 00      LDY #&00
     ACEA   20 22 AD   JSR &AD22
.l1
     ACED   20 6F A1   JSR &A16F
     ACF0   A6 CD      LDX &CD
     ACF2   A5 B7      LDA &B7
     ACF4   9D E5 10   STA &10E5,X
     ACF7   A5 B8      LDA &B8
     ACF9   9D E8 10   STA &10E8,X
     ACFC   A5 B9      LDA &B9
     ACFE   9D EB 10   STA &10EB,X
     AD01   4C 83 A1   JMP &A183
.mm32_cmd_dout
     AD04   20 AB AA   JSR &AAAB
     AD07   20 D4 AA   JSR &AAD4
     AD0A   A2 00      LDX #&00
     AD0C   A5 CD      LDA &CD
     AD0E   0A         ASL A
     AD0F   0A         ASL A
     AD10   0A         ASL A
     AD11   0A         ASL A
     AD12   A8         TAY
     AD13   A9 20      LDA #&20
.s0
     AD15   99 C0 11   STA &11C0,Y
     AD18   E8         INX
     AD19   C8         INY
     AD1A   E0 10      CPX #&10
     AD1C   D0 F7      BNE &AD15
     AD1E   A0 00      LDY #&00
.mm32_clear_cluster_index
     AD20   A6 CD      LDX &CD
.mm32_clear_cluster_index_x
     AD22   20 6F A1   JSR &A16F
     AD25   A9 00      LDA #&00
     AD27   9D E5 10   STA &10E5,X
     AD2A   9D E8 10   STA &10E8,X
     AD2D   98         TYA
     AD2E   9D EB 10   STA &10EB,X
     AD31   4C 83 A1   JMP &A183
.mm32_cmd_ddrive
     AD34   A0 00      LDY #&00
.l1
     AD36   98         TYA
     AD37   48         PHA
     AD38   A9 3A      LDA #&3A
     AD3A   20 EE FF   JSR &FFEE
     AD3D   68         PLA
     AD3E   48         PHA
     AD3F   18         CLC
     AD40   69 30      ADC #&30
     AD42   20 EE FF   JSR &FFEE
     AD45   A9 20      LDA #&20
     AD47   20 EE FF   JSR &FFEE
     AD4A   68         PLA
     AD4B   48         PHA
     AD4C   0A         ASL A
     AD4D   0A         ASL A
     AD4E   0A         ASL A
     AD4F   0A         ASL A
     AD50   AA         TAX
     AD51   A0 00      LDY #&00
     AD53   BD C0 11   LDA &11C0,X
     AD56   C9 02      CMP #&02
     AD58   D0 1C      BNE &AD76
     AD5A   E8         INX
.l2
     AD5B   BD C0 11   LDA &11C0,X
     AD5E   C9 02      CMP #&02
     AD60   F0 09      BEQ &AD6B
     AD62   20 EE FF   JSR &FFEE
     AD65   E8         INX
     AD66   C8         INY
     AD67   C0 10      CPY #&10
     AD69   D0 F0      BNE &AD5B
.s1
     AD6B   20 7B 83   JSR &837B
     AD6E   68         PLA
     AD6F   A8         TAY
     AD70   C8         INY
     AD71   C0 02      CPY #&02
     AD73   D0 C1      BNE &AD36
     AD75   60         RTS
.empty
     AD76   20 9C 80   JSR &809C
     AD79   3C 45 6D ...
     AD80   EA         NOP
     AD81   4C 6B AD   JMP &AD6B
.mm32_cmd_daccess
     AD84   A9 80      LDA #&80
     AD86   20 AD AA   JSR &AAAD
     AD89   38         SEC
     AD8A   20 EE AA   JSR &AAEE
     AD8D   A2 01      LDX #&01
     AD8F   20 C1 81   JSR &81C1
     AD92   D0 14      BNE &ADA8
.gotflag
     AD94   86 AA      STX &AA
     AD96   20 DD A8   JSR &A8DD
     AD99   A9 86      LDA #&86
     AD9B   20 F4 FF   JSR &FFF4
     AD9E   E0 00      CPX #&00
     ADA0   F0 03      BEQ &ADA5
     ADA2   20 7B 83   JSR &837B
.dcEven
     ADA5   60         RTS
.parmloop
     ADA6   A2 02      LDX #&02
.getparm
     ADA8   20 A6 81   JSR &81A6
     ADAB   B0 E7      BCS &AD94
     ADAD   29 5F      AND #&5F
     ADAF   C9 4C      CMP #&4C
     ADB1   F0 F3      BEQ &ADA6
.errbadparm
     ADB3   20 55 80   JSR &8055
     ADB6   CF
     ADB7   61 74 74 ...
     ADC0   00
.mm32_cmd_drename
     ADC1   A9 81      LDA #&81
     ADC3   20 AD AA   JSR &AAAD
     ADC6   18         CLC
     ADC7   20 EE AA   JSR &AAEE
     ADCA   20 6C AB   JSR &AB6C
     ADCD   18         CLC
     ADCE   20 EE AA   JSR &AAEE
     ADD1   20 FD AD   JSR &ADFD
     ADD4   90 16      BCC &ADEC
     ADD6   A9 00      LDA #&00
     ADD8   85 AA      STA &AA
     ADDA   20 DD A8   JSR &A8DD
     ADDD   90 10      BCC &ADEF
     ADDF   20 6C AB   JSR &AB6C
     ADE2   A9 03      LDA #&03
     ADE4   85 AA      STA &AA
     ADE6   20 DD A8   JSR &A8DD
     ADE9   B0 0F      BCS &ADFA
     ADEB   60         RTS
.badname
     ADEC   4C 82 81   JMP &8182
.destexists
     ADEF   20 5F 80   JSR &805F
     ADF2   C4
     ADF3   45 78 69 ...
     ADF9   00
.notfound
     ADFA   4C 3E 82   JMP &823E
.mm32_check_filename
     ADFD   AD 10 10   LDA &1010
     AE00   C9 02      CMP #&02
     AE02   D0 2B      BNE &AE2F
     AE04   AD 11 10   LDA &1011
     AE07   C9 2E      CMP #&2E
     AE09   F0 24      BEQ &AE2F
     AE0B   A2 01      LDX #&01
     AE0D   86 BA      STX &BA
.checknameloop
     AE0F   BD 10 10   LDA &1010,X
     AE12   E8         INX
     AE13   E0 11      CPX #&11
     AE15   F0 18      BEQ &AE2F
     AE17   C9 02      CMP #&02
     AE19   F0 15      BEQ &AE30
     AE1B   C9 2E      CMP #&2E
     AE1D   D0 04      BNE &AE23
     AE1F   C6 BA      DEC &BA
     AE21   30 0C      BMI &AE2F
.notdot
     AE23   A0 0E      LDY #&0E
.checkcharloop
     AE25   D9 30 AE   CMP &AE30,Y
     AE28   F0 05      BEQ &AE2F
     AE2A   88         DEY
     AE2B   D0 F8      BNE &AE25
     AE2D   F0 E0      BEQ &AE0F
.badname
     AE2F   18         CLC
.checknameend
     AE30   60         RTS
.invalid_chars
     AE31   22
     AE32   2A
     AE33   2B
     AE34   2C
     AE35   2F
     AE36   3A
     AE37   3B
     AE38   3C
     AE39   3D
     AE3A   3E
     AE3B   3F
     AE3C   5B
     AE3D   5C
     AE3E   5D
.invalid_chars_end
.mm32_disk_seek_sector
     AE3F   8C A5 10   STY &10A5
     AE42   8D A4 10   STA &10A4
     AE45   A5 CD      LDA &CD
     AE47   29 01      AND #&01
     AE49   A8         TAY
     AE4A   20 C3 A7   JSR &A7C3
     AE4D   70 0B      BVS &AE5A
     AE4F   24 C2      BIT &C2
     AE51   A5 CD      LDA &CD
     AE53   6A         ROR A
     AE54   6A         ROR A
     AE55   90 04      BCC &AE5B
     AE57   70 02      BVS &AE5B
.l1
     AE59   B8         CLV
.l2
     AE5A   60         RTS
.l3
     AE5B   50 05      BVC &AE62
     AE5D   2E A5 10   ROL &10A5
     AE60   B0 F7      BCS &AE59
.l4
     AE62   AC A5 10   LDY &10A5
     AE65   F0 04      BEQ &AE6B
.loop1
     AE67   A2 04      LDX #&04
     AE69   D0 08      BNE &AE73
.l5
     AE6B   AD A4 10   LDA &10A4
     AE6E   4A         LSR A
     AE6F   F0 11      BEQ &AE82
     AE71   AA         TAX
     AE72   CA         DEX
.loop2
     AE73   20 F7 A7   JSR &A7F7
     AE76   B0 E1      BCS &AE59
     AE78   CA         DEX
     AE79   10 F8      BPL &AE73
     AE7B   88         DEY
     AE7C   F0 ED      BEQ &AE6B
     AE7E   C0 FF      CPY #&FF
     AE80   D0 E5      BNE &AE67
.l6
     AE82   20 BB AE   JSR &AEBB
     AE85   B0 D2      BCS &AE59
     AE87   6E A4 10   ROR &10A4
     AE8A   90 02      BCC &AE8E
     AE8C   E6 BE      INC &BE
.l7
     AE8E   0E A4 10   ASL &10A4
     AE91   B8         CLV
     AE92   18         CLC
     AE93   60         RTS
.mm32_disk_next_sector
     AE94   20 1D 84   JSR &841D
     AE97   A0 01      LDY #&01
     AE99   AE A4 10   LDX &10A4
     AE9C   E8         INX
     AE9D   E8         INX
     AE9E   E0 0A      CPX #&0A
     AEA0   D0 0E      BNE &AEB0
     AEA2   A2 00      LDX #&00
     AEA4   EE A5 10   INC &10A5
     AEA7   24 C2      BIT &C2
     AEA9   50 05      BVC &AEB0
     AEAB   A0 06      LDY #&06
     AEAD   EE A5 10   INC &10A5
.l1
     AEB0   8E A4 10   STX &10A4
.loop1
     AEB3   20 F7 A7   JSR &A7F7
     AEB6   B0 47      BCS &AEFF
     AEB8   88         DEY
     AEB9   D0 F8      BNE &AEB3
.mm32_SECT_X_Address
     AEBB   A2 02      LDX #&02
.loop1
     AEBD   B5 C8      LDA &C8,X
     AEBF   95 BE      STA &BE,X
     AEC1   CA         DEX
     AEC2   10 F9      BPL &AEBD
     AEC4   AD E4 10   LDA &10E4
.loop2
     AEC7   4A         LSR A
     AEC8   B0 09      BCS &AED3
     AECA   06 BE      ASL &BE
     AECC   26 BF      ROL &BF
     AECE   26 C0      ROL &C0
     AED0   90 F5      BCC &AEC7
     AED2   60         RTS
.l3
     AED3   18         CLC
     AED4   A5 BE      LDA &BE
     AED6   6D E2 10   ADC &10E2
     AED9   85 BE      STA &BE
     AEDB   A5 BF      LDA &BF
     AEDD   6D E3 10   ADC &10E3
     AEE0   85 BF      STA &BF
     AEE2   90 02      BCC &AEE6
     AEE4   E6 C0      INC &C0
.l4
     AEE6   38         SEC
     AEE7   AD E4 10   LDA &10E4
     AEEA   E5 CB      SBC &CB
     AEEC   18         CLC
     AEED   65 BE      ADC &BE
     AEEF   85 BE      STA &BE
     AEF1   90 06      BCC &AEF9
     AEF3   E6 BF      INC &BF
     AEF5   D0 02      BNE &AEF9
     AEF7   E6 C0      INC &C0
.l5
.mm32_lba_to_256
     AEF9   06 BE      ASL &BE
     AEFB   26 BF      ROL &BF
     AEFD   26 C0      ROL &C0
.l2rts
     AEFF   60         RTS
.mm32_MMC_error
     AF00   85 B0      STA &B0
     AF02   20 5F 80   JSR &805F
     AF05   C5
     AF06   4D 4D 43 ...
     AF0A   EA         NOP
     AF0B   68         PLA
     AF0C   85 B8      STA &B8
     AF0E   68         PLA
     AF0F   85 B9      STA &B9
     AF11   A0 00      LDY #&00
     AF13   8C AF 10   STY &10AF
.loop1
     AF16   C8         INY
     AF17   B1 B8      LDA (&B8),Y
     AF19   F0 05      BEQ &AF20
     AF1B   20 3E AF   JSR &AF3E
     AF1E   D0 F6      BNE &AF16
.l1
     AF20   A8         TAY
     AF21   A5 B0      LDA &B0
     AF23   20 A7 8C   JSR &8CA7
     AF26   A9 2F      LDA #&2F
     AF28   20 3E AF   JSR &AF3E
.loop2
     AF2B   B9 89 10   LDA &1089,Y
     AF2E   20 A7 8C   JSR &8CA7
     AF31   C8         INY
     AF32   C0 04      CPY #&04
     AF34   D0 F5      BNE &AF2B
     AF36   A9 00      LDA #&00
     AF38   9D 00 01   STA &0100,X
     AF3B   4C 00 01   JMP &0100
.mm32_PrintChr100
     AF3E   9D 00 01   STA &0100,X
     AF41   E8         INX
     AF42   60         RTS
.Osword7F_8271_Emulation
     AF43   A0 06      LDY #&06
     AF45   B1 B0      LDA (&B0),Y
     AF47   A2 10      LDX #&10
.loop1
     AF49   DD A8 B0   CMP &B0A8,X
     AF4C   F0 05      BEQ &AF53
     AF4E   CA         DEX
     AF4F   10 F8      BPL &AF49
     AF51   30 0F      BMI &AF62
.l2
     AF53   20 85 AF   JSR &AF85
     AF56   48         PHA
     AF57   A0 05      LDY #&05
     AF59   B1 B0      LDA (&B0),Y
     AF5B   18         CLC
     AF5C   69 07      ADC #&07
     AF5E   A8         TAY
     AF5F   68         PLA
     AF60   91 B0      STA (&B0),Y
.l3
     AF62   A9 00      LDA #&00
     AF64   60         RTS
.spec_reg
     AF65   A0 07      LDY #&07
     AF67   B1 B0      LDA (&B0),Y
     AF69   C9 06      CMP #&06
     AF6B   D0 04      BNE &AF71
     AF6D   AD A4 10   LDA &10A4
     AF70   60         RTS
.l1
     AF71   C9 12      CMP #&12
     AF73   D0 09      BNE &AF7E
.l2
     AF75   AD A5 10   LDA &10A5
     AF78   24 C2      BIT &C2
     AF7A   50 01      BVC &AF7D
     AF7C   4A         LSR A
.l3
     AF7D   60         RTS
.l4
     AF7E   C9 1A      CMP #&1A
     AF80   F0 F3      BEQ &AF75
     AF82   A9 00      LDA #&00
     AF84   60         RTS
.ow7f_1
     AF85   BD B8 B0   LDA &B0B8,X
     AF88   F0 DB      BEQ &AF65
     AF8A   48         PHA
     AF8B   88         DEY
     AF8C   29 0F      AND #&0F
     AF8E   D1 B0      CMP (&B0),Y
     AF90   D0 27      BNE &AFB9
     AF92   20 FA A5   JSR &A5FA
     AF95   68         PLA
     AF96   85 C7      STA &C7
     AF98   A0 0B      LDY #&0B
.loop1
     AF9A   B1 B0      LDA (&B0),Y
     AF9C   99 BB 00   STA &00BB,Y
     AF9F   C0 05      CPY #&05
     AFA1   B0 03      BCS &AFA6
     AFA3   99 A9 10   STA &10A9,Y
.l0
     AFA6   88         DEY
     AFA7   D0 F1      BNE &AF9A
     AFA9   B1 B0      LDA (&B0),Y
     AFAB   30 03      BMI &AFB0
     AFAD   20 F8 8B   JSR &8BF8
.l1
     AFB0   20 C3 AF   JSR &AFC3
     AFB3   48         PHA
     AFB4   20 4D A6   JSR &A64D
     AFB7   68         PLA
     AFB8   60         RTS
.owfault
     AFB9   68         PLA
     AFBA   A9 FF      LDA #&FF
     AFBC   60         RTS
.owdrvnotrdy
     AFBD   A9 10      LDA #&10
     AFBF   60         RTS
.ownosector
     AFC0   A9 1E      LDA #&1E
     AFC2   60         RTS
.ow7f_2
     AFC3   A9 10      LDA #&10
     AFC5   24 C7      BIT &C7
     AFC7   D0 04      BNE &AFCD
     AFC9   10 33      BPL &AFFE
     AFCB   30 23      BMI &AFF0
.l10
     AFCD   A5 C2      LDA &C2
     AFCF   0A         ASL A
     AFD0   85 BE      STA &BE
     AFD2   A5 C3      LDA &C3
     AFD4   2A         ROL A
     AFD5   85 BF      STA &BF
     AFD7   A5 C4      LDA &C4
     AFD9   30 E5      BMI &AFC0
     AFDB   2A         ROL A
     AFDC   85 C0      STA &C0
     AFDE   A5 C5      LDA &C5
     AFE0   0A         ASL A
     AFE1   85 C4      STA &C4
     AFE3   B0 DB      BCS &AFC0
     AFE5   A9 00      LDA #&00
     AFE7   85 C5      STA &C5
     AFE9   85 C6      STA &C6
     AFEB   26 C7      ROL &C7
     AFED   4C 5E B0   JMP &B05E
.l11
     AFF0   A5 C6      LDA &C6
     AFF2   F0 27      BEQ &B01B
     AFF4   E6 C4      INC &C4
     AFF6   D0 23      BNE &B01B
     AFF8   E6 C5      INC &C5
     AFFA   D0 1F      BNE &B01B
     AFFC   F0 C2      BEQ &AFC0
.l0
     AFFE   A5 C4      LDA &C4
     B000   50 02      BVC &B004
     B002   A9 0A      LDA #&0A
.l1
     B004   29 1F      AND #&1F
     B006   85 C4      STA &C4
     B008   70 07      BVS &B011
     B00A   18         CLC
     B00B   65 C3      ADC &C3
     B00D   C9 0B      CMP #&0B
     B00F   B0 AF      BCS &AFC0
.l2
     B011   A9 00      LDA #&00
     B013   85 C5      STA &C5
     B015   85 C6      STA &C6
     B017   50 02      BVC &B01B
     B019   85 C3      STA &C3
.l3
     B01B   A5 C3      LDA &C3
     B01D   C9 0A      CMP #&0A
     B01F   B0 9F      BCS &AFC0
.l4
     B021   A4 C2      LDY &C2
     B023   20 3F AE   JSR &AE3F
     B026   70 95      BVS &AFBD
     B028   B0 96      BCS &AFC0
     B02A   26 C7      ROL &C7
     B02C   24 C7      BIT &C7
     B02E   50 07      BVC &B037
     B030   24 C2      BIT &C2
     B032   10 03      BPL &B037
     B034   A9 12      LDA #&12
     B036   60         RTS
.l5
     B037   24 C7      BIT &C7
     B039   30 40      BMI &B07B
     B03B   66 C3      ROR &C3
     B03D   B0 1F      BCS &B05E
     B03F   A5 C4      LDA &C4
     B041   C9 02      CMP #&02
     B043   D0 19      BNE &B05E
     B045   A5 BD      LDA &BD
     B047   C9 0E      CMP #&0E
     B049   D0 13      BNE &B05E
     B04B   AD AC 10   LDA &10AC
     B04E   2D AD 10   AND &10AD
     B051   0D D6 10   ORA &10D6
     B054   49 FF      EOR #&FF
     B056   05 BC      ORA &BC
     B058   05 C5      ORA &C5
     B05A   05 C6      ORA &C6
     B05C   F0 2F      BEQ &B08D
.l6
     B05E   24 C7      BIT &C7
     B060   70 13      BVS &B075
     B062   20 81 A4   JSR &A481
.l7
     B065   AD AE 10   LDA &10AE
     B068   F0 03      BEQ &B06D
     B06A   20 8B 8C   JSR &8C8B
.l8
     B06D   2C A6 10   BIT &10A6
     B070   30 33      BMI &B0A5
.OK
     B072   A9 00      LDA #&00
     B074   60         RTS
.l9
     B075   20 37 A5   JSR &A537
     B078   4C 65 B0   JMP &B065
.vform
     B07B   A0 FF      LDY #&FF
     B07D   8C 82 10   STY &1082
     B080   50 0B      BVC &B08D
     B082   C8         INY
     B083   98         TYA
.floop
     B084   99 00 0E   STA &0E00,Y
     B087   99 00 0F   STA &0F00,Y
     B08A   C8         INY
     B08B   D0 F7      BNE &B084
.cat
.loop
     B08D   24 C7      BIT &C7
     B08F   70 06      BVS &B097
     B091   20 32 A4   JSR &A432
     B094   4C 9A B0   JMP &B09A
.k1
     B097   20 49 A4   JSR &A449
.k2
     B09A   C6 C4      DEC &C4
     B09C   C6 C4      DEC &C4
     B09E   F0 D2      BEQ &B072
     B0A0   20 94 AE   JSR &AE94
     B0A3   90 E8      BCC &B08D
.ownosector2
     B0A5   A9 1E      LDA #&1E
     B0A7   60         RTS
.owtable1
     B0A8   7D
     B0A9   4A
     B0AA   4B
     B0AB   4C
     B0AC   4E
     B0AD   4F
     B0AE   52
     B0AF   53
     B0B0   54
     B0B1   56
     B0B2   57
     B0B3   5E
     B0B4   5F
     B0B5   63
     B0B6   A5
     B0B7   85
.owtable2
     B0B8   00
     B0B9   23
     B0BA   23
     B0BB   34
     B0BC   23
     B0BD   23
     B0BE   03
     B0BF   03
     B0C0   14
     B0C1   03
     B0C2   03
     B0C3   45
     B0C4   43
     B0C5   65
     B0C6   A5
     B0C7   85
Processed file 'MM32.asm' ok
Including file Utilities.asm
.CMD_DUMP
     B0C8   A9 40      LDA #&40
     B0CA   20 B8 B1   JSR &B1B8
     B0CD   A9 00      LDA #&00
     B0CF   48         PHA
     B0D0   AA         TAX
     B0D1   F0 06      BEQ &B0D9
.dump_inc_address
     B0D3   69 08      ADC #&08
     B0D5   48         PHA
     B0D6   90 01      BCC &B0D9
     B0D8   E8         INX
.dump_loop
     B0D9   8A         TXA
     B0DA   20 0B 81   JSR &810B
     B0DD   68         PLA
     B0DE   48         PHA
     B0DF   20 0B 81   JSR &810B
     B0E2   8A         TXA
     B0E3   48         PHA
     B0E4   20 1C 81   JSR &811C
     B0E7   A2 07      LDX #&07
.dump_getbytes_loop
     B0E9   20 D7 FF   JSR &FFD7
     B0EC   B0 0B      BCS &B0F9
     B0EE   95 A8      STA &A8,X
     B0F0   20 0B 81   JSR &810B
     B0F3   20 1C 81   JSR &811C
     B0F6   CA         DEX
     B0F7   10 F0      BPL &B0E9
.dump_eof
     B0F9   08         PHP
     B0FA   90 12      BCC &B10E
.dump_padnum_loop
     B0FC   A9 2A      LDA #&2A
     B0FE   20 EE FF   JSR &FFEE
     B101   20 EE FF   JSR &FFEE
     B104   20 1C 81   JSR &811C
     B107   A9 00      LDA #&00
     B109   95 A8      STA &A8,X
     B10B   CA         DEX
     B10C   10 EE      BPL &B0FC
.dump_noteof
     B10E   A2 07      LDX #&07
.dump_chr_loop
     B110   B5 A8      LDA &A8,X
     B112   29 7F      AND #&7F
     B114   C9 7F      CMP #&7F
     B116   F0 04      BEQ &B11C
     B118   C9 20      CMP #&20
     B11A   B0 02      BCS &B11E
.showchrdot
     B11C   A9 2E      LDA #&2E
.showchrexit
     B11E   20 EE FF   JSR &FFEE
     B121   CA         DEX
     B122   10 EC      BPL &B110
     B124   20 E7 FF   JSR &FFE7
     B127   28         PLP
     B128   68         PLA
     B129   AA         TAX
     B12A   68         PLA
     B12B   24 FF      BIT &FF
     B12D   30 3A      BMI &B169
     B12F   90 A2      BCC &B0D3
     B131   B0 31      BCS &B164
.CMD_TYPE
     B133   A9 00      LDA #&00
     B135   F0 02      BEQ &B139
.CMD_LIST
     B137   A9 FF      LDA #&FF
.type
     B139   85 AA      STA &AA
     B13B   A9 40      LDA #&40
     B13D   20 B8 B1   JSR &B1B8
     B140   A9 0D      LDA #&0D
.list_loop_entry
     B142   25 AA      AND &AA
     B144   49 0D      EOR #&0D
     B146   AA         TAX
.list_loop
     B147   20 D7 FF   JSR &FFD7
     B14A   B0 15      BCS &B161
     B14C   C9 0A      CMP #&0A
     B14E   F0 F7      BEQ &B147
     B150   48         PHA
     B151   8A         TXA
     B152   D0 03      BNE &B157
     B154   20 E9 B1   JSR &B1E9
.list_skiplineno
     B157   68         PLA
     B158   20 E3 FF   JSR &FFE3
     B15B   24 FF      BIT &FF
     B15D   30 0A      BMI &B169
     B15F   10 E1      BPL &B142
.list_eof
     B161   20 E7 FF   JSR &FFE7
.Utils_CloseFile_Yhandle
     B164   A9 00      LDA #&00
     B166   4C CE FF   JMP &FFCE
.Utils_ESCAPE_CloseFileY
     B169   20 64 B1   JSR &B164
     B16C   4C 97 8C   JMP &8C97
.CMD_BUILD
     B16F   A9 80      LDA #&80
     B171   20 B8 B1   JSR &B1B8
     B174   85 AA      STA &AA
     B176   A6 F4      LDX &F4
     B178   BD F0 0D   LDA &0DF0,X
     B17B   29 3F      AND #&3F
     B17D   85 AC      STA &AC
     B17F   E6 AC      INC &AC
     B181   A9 20      LDA #&20
     B183   85 AE      STA &AE
.build_loop1
     B185   20 E9 B1   JSR &B1E9
     B188   A0 FF      LDY #&FF
     B18A   84 AD      STY &AD
     B18C   84 AF      STY &AF
     B18E   C8         INY
     B18F   84 AB      STY &AB
     B191   98         TYA
     B192   A2 AB      LDX #&AB
     B194   20 F1 FF   JSR &FFF1
     B197   08         PHP
     B198   84 AF      STY &AF
     B19A   A4 AA      LDY &AA
     B19C   A2 00      LDX #&00
     B19E   F0 07      BEQ &B1A7
.build_loop2
     B1A0   A1 AB      LDA (&AB,X)
     B1A2   20 D4 FF   JSR &FFD4
     B1A5   E6 AB      INC &AB
.build_loop2entry
     B1A7   A5 AB      LDA &AB
     B1A9   C5 AF      CMP &AF
     B1AB   D0 F3      BNE &B1A0
     B1AD   28         PLP
     B1AE   B0 B9      BCS &B169
     B1B0   A9 0D      LDA #&0D
     B1B2   20 D4 FF   JSR &FFD4
     B1B5   4C 85 B1   JMP &B185
.Utils_FilenameAtXY
     B1B8   85 AF      STA &AF
     B1BA   BA         TSX
     B1BB   A9 00      LDA #&00
     B1BD   9D 07 01   STA &0107,X
     B1C0   85 A8      STA &A8
     B1C2   85 A9      STA &A9
     B1C4   88         DEY
.utils_skipspcloop
     B1C5   C8         INY
     B1C6   B1 F2      LDA (&F2),Y
     B1C8   C9 20      CMP #&20
     B1CA   F0 F9      BEQ &B1C5
     B1CC   C9 0D      CMP #&0D
     B1CE   D0 03      BNE &B1D3
     B1D0   4C 8C 9A   JMP &9A8C
.utils_notnullstr
     B1D3   98         TYA
     B1D4   18         CLC
     B1D5   65 F2      ADC &F2
     B1D7   AA         TAX
     B1D8   A5 F3      LDA &F3
     B1DA   69 00      ADC #&00
     B1DC   A8         TAY
     B1DD   A5 AF      LDA &AF
     B1DF   20 CE FF   JSR &FFCE
     B1E2   F0 02      BEQ &B1E6
     B1E4   A8         TAY
     B1E5   60         RTS
.utils_filenotfound
     B1E6   4C 3E 82   JMP &823E
.Utils_PrintLineNoA8
     B1E9   20 8A A2   JSR &A28A
     B1EC   20 0B 81   JSR &810B
     B1EF   A5 A8      LDA &A8
     B1F1   20 0B 81   JSR &810B
     B1F4   4C 1C 81   JMP &811C
Processed file 'Utilities.asm' ok
Including file TubeHost230.asm
.TUBE_CODE_500
     B1F7   37 05
     B1F9   96 05
     B1FB   F2 05
     B1FD   07 06
     B1FF   27 06
     B201   68 06
     B203   5E 05
     B205   2D 05
     B207   20 05
     B209   42 05
     B20B   A9 05
     B20D   D1 05
     B20F   86
     B210   88
     B211   96
     B212   98
     B213   18
     B214   18
     B215   82
     B216   18
     B217   20 C5 06   JSR &06C5
     B21A   A8         TAY
     B21B   20 C5 06   JSR &06C5
     B21E   20 D4 FF   JSR &FFD4
     B221   4C 9C 05   JMP &059C
     B224   20 C5 06   JSR &06C5
     B227   A8         TAY
     B228   20 D7 FF   JSR &FFD7
     B22B   4C 3A 05   JMP &053A
     B22E   20 E0 FF   JSR &FFE0
     B231   6A         ROR A
     B232   20 95 06   JSR &0695
     B235   2A         ROL A
     B236   4C 9E 05   JMP &059E
     B239   20 C5 06   JSR &06C5
     B23C   F0 0B      BEQ &B249
     B23E   48         PHA
     B23F   20 82 05   JSR &0582
     B242   68         PLA
     B243   20 CE FF   JSR &FFCE
     B246   4C 9E 05   JMP &059E
.Label_AD2D
     B249   20 C5 06   JSR &06C5
     B24C   A8         TAY
     B24D   A9 00      LDA #&00
     B24F   20 CE FF   JSR &FFCE
     B252   4C 9C 05   JMP &059C
     B255   20 C5 06   JSR &06C5
     B258   A8         TAY
     B259   A2 04      LDX #&04
.Label_AD3F
     B25B   20 C5 06   JSR &06C5
     B25E   95 FF      STA &FF,X
     B260   CA         DEX
     B261   D0 F8      BNE &B25B
     B263   20 C5 06   JSR &06C5
     B266   20 DA FF   JSR &FFDA
     B269   20 95 06   JSR &0695
     B26C   A2 03      LDX #&03
.Label_AD52
     B26E   B5 00      LDA &00,X
     B270   20 95 06   JSR &0695
     B273   CA         DEX
     B274   10 F8      BPL &B26E
     B276   4C 36 00   JMP &0036
     B279   A2 00      LDX #&00
     B27B   A0 00      LDY #&00
.Label_AD61
     B27D   20 C5 06   JSR &06C5
     B280   99 00 07   STA &0700,Y
     B283   C8         INY
     B284   F0 04      BEQ &B28A
     B286   C9 0D      CMP #&0D
     B288   D0 F3      BNE &B27D
.Label_AD6E
     B28A   A0 07      LDY #&07
     B28C   60         RTS
     B28D   20 82 05   JSR &0582
     B290   20 F7 FF   JSR &FFF7
     B293   A9 7F      LDA #&7F
.Label_AD79
     B295   2C E2 FC   BIT &FCE2
     B298   50 FB      BVC &B295
     B29A   8D E3 FC   STA &FCE3
.Label_AD81
     B29D   4C 36 00   JMP &0036
     B2A0   A2 10      LDX #&10
.Label_AD86
     B2A2   20 C5 06   JSR &06C5
     B2A5   95 01      STA &01,X
     B2A7   CA         DEX
     B2A8   D0 F8      BNE &B2A2
     B2AA   20 82 05   JSR &0582
     B2AD   86 00      STX &00
     B2AF   84 01      STY &01
     B2B1   A0 00      LDY #&00
     B2B3   20 C5 06   JSR &06C5
     B2B6   20 DD FF   JSR &FFDD
     B2B9   20 95 06   JSR &0695
     B2BC   A2 10      LDX #&10
.Label_ADA2
     B2BE   B5 01      LDA &01,X
     B2C0   20 95 06   JSR &0695
     B2C3   CA         DEX
     B2C4   D0 F8      BNE &B2BE
     B2C6   F0 D5      BEQ &B29D
     B2C8   A2 0D      LDX #&0D
.Label_ADAE
     B2CA   20 C5 06   JSR &06C5
     B2CD   95 FF      STA &FF,X
     B2CF   CA         DEX
     B2D0   D0 F8      BNE &B2CA
     B2D2   20 C5 06   JSR &06C5
     B2D5   A0 00      LDY #&00
     B2D7   20 D1 FF   JSR &FFD1
     B2DA   48         PHA
     B2DB   A2 0C      LDX #&0C
.Label_ADC1
     B2DD   B5 00      LDA &00,X
     B2DF   20 95 06   JSR &0695
     B2E2   CA         DEX
     B2E3   10 F8      BPL &B2DD
     B2E5   68         PLA
     B2E6   4C 3A 05   JMP &053A
     B2E9   20 C5 06   JSR &06C5
     B2EC   AA         TAX
     B2ED   20 C5 06   JSR &06C5
     B2F0   20 F4 FF   JSR &FFF4
.Label_ADD7
     B2F3   2C E2 FC   BIT &FCE2
     B2F6   50 FB      BVC &B2F3
     B2F8   8E E3 FC   STX &FCE3
.Label_ADDF
     B2FB   4C 36 00   JMP &0036
     B2FE   20 C5 06   JSR &06C5
     B301   AA         TAX
     B302   20 C5 06   JSR &06C5
     B305   A8         TAY
     B306   20 C5 06   JSR &06C5
     B309   20 F4 FF   JSR &FFF4
     B30C   49 9D      EOR #&9D
     B30E   F0 EB      BEQ &B2FB
     B310   6A         ROR A
     B311   20 95 06   JSR &0695
.Label_ADF8
     B314   2C E2 FC   BIT &FCE2
     B317   50 FB      BVC &B314
     B319   8C E3 FC   STY &FCE3
     B31C   70 D5      BVS &B2F3
     B31E   20 C5 06   JSR &06C5
     B321   A8         TAY
.Label_AE06
     B322   2C E2 FC   BIT &FCE2
     B325   10 FB      BPL &B322
     B327   AE E3 FC   LDX &FCE3
     B32A   CA         DEX
     B32B   30 0F      BMI &B33C
.Label_AE11
     B32D   2C E2 FC   BIT &FCE2
     B330   10 FB      BPL &B32D
     B332   AD E3 FC   LDA &FCE3
     B335   9D 28 01   STA &0128,X
     B338   CA         DEX
     B339   10 F2      BPL &B32D
     B33B   98         TYA
.Label_AE20
     B33C   A2 28      LDX #&28
     B33E   A0 01      LDY #&01
     B340   20 F1 FF   JSR &FFF1
.Label_AE27
     B343   2C E2 FC   BIT &FCE2
     B346   10 FB      BPL &B343
     B348   AE E3 FC   LDX &FCE3
     B34B   CA         DEX
     B34C   30 0E      BMI &B35C
.Label_AE32
     B34E   BC 28 01   LDY &0128,X
.Label_AE35
     B351   2C E2 FC   BIT &FCE2
     B354   50 FB      BVC &B351
     B356   8C E3 FC   STY &FCE3
     B359   CA         DEX
     B35A   10 F2      BPL &B34E
.Label_AE40
     B35C   4C 36 00   JMP &0036
     B35F   A2 04      LDX #&04
.Label_AE45
     B361   20 C5 06   JSR &06C5
     B364   95 00      STA &00,X
     B366   CA         DEX
     B367   10 F8      BPL &B361
     B369   E8         INX
     B36A   A0 00      LDY #&00
     B36C   8A         TXA
     B36D   20 F1 FF   JSR &FFF1
     B370   90 05      BCC &B377
     B372   A9 FF      LDA #&FF
     B374   4C 9E 05   JMP &059E
.Label_AE5B
     B377   A2 00      LDX #&00
     B379   A9 7F      LDA #&7F
     B37B   20 95 06   JSR &0695
.Label_AE62
     B37E   BD 00 07   LDA &0700,X
     B381   20 95 06   JSR &0695
     B384   E8         INX
     B385   C9 0D      CMP #&0D
     B387   D0 F5      BNE &B37E
     B389   4C 36 00   JMP &0036
.Label_AE70
     B38C   2C E2 FC   BIT &FCE2
     B38F   50 FB      BVC &B38C
     B391   8D E3 FC   STA &FCE3
     B394   60         RTS
.Label_AE79
     B395   2C E6 FC   BIT &FCE6
     B398   50 FB      BVC &B395
     B39A   8D E7 FC   STA &FCE7
     B39D   60         RTS
     B39E   A5 FF      LDA &FF
     B3A0   38         SEC
     B3A1   6A         ROR A
     B3A2   30 0F      BMI &B3B3
     B3A4   48         PHA
     B3A5   A9 00      LDA #&00
     B3A7   20 BC 06   JSR &06BC
     B3AA   98         TYA
     B3AB   20 BC 06   JSR &06BC
     B3AE   8A         TXA
     B3AF   20 BC 06   JSR &06BC
     B3B2   68         PLA
.Label_AE97
     B3B3   2C E0 FC   BIT &FCE0
     B3B6   50 FB      BVC &B3B3
     B3B8   8D E1 FC   STA &FCE1
     B3BB   60         RTS
.Label_AEA0
     B3BC   2C E2 FC   BIT &FCE2
     B3BF   10 FB      BPL &B3BC
     B3C1   AD E3 FC   LDA &FCE3
     B3C4   60         RTS
.SERVICE09_TUBEHelp
     B3C5   C9 09      CMP #&09
     B3C7   D0 2A      BNE &B3F3
     B3C9   98         TYA
     B3CA   48         PHA
     B3CB   B1 F2      LDA (&F2),Y
     B3CD   C9 0D      CMP #&0D
     B3CF   D0 1E      BNE &B3EF
     B3D1   A9 E9      LDA #&E9
     B3D3   20 02 94   JSR &9402
     B3D6   A6 F4      LDX &F4
     B3D8   98         TYA
     B3D9   F0 14      BEQ &B3EF
     B3DB   20 9C 80   JSR &809C
     B3DE   0D
     B3DF   54 55 42 ...
     B3ED   0D
     B3EE   EA         NOP
.Label_AED3
     B3EF   68         PLA
     B3F0   A8         TAY
     B3F1   A9 09      LDA #&09
.SERVICEFE_TUBEPostInit
     B3F3   C9 FE      CMP #&FE
     B3F5   90 5C      BCC &B453
     B3F7   D0 1B      BNE &B414
     B3F9   C0 00      CPY #&00
     B3FB   F0 56      BEQ &B453
     B3FD   A2 06      LDX #&06
     B3FF   A9 14      LDA #&14
     B401   20 F4 FF   JSR &FFF4
.servFE_tubemsg_loop
     B404   2C E0 FC   BIT &FCE0
     B407   10 FB      BPL &B404
     B409   AD E1 FC   LDA &FCE1
     B40C   F0 43      BEQ &B451
     B40E   20 EE FF   JSR &FFEE
     B411   4C 04 B4   JMP &B404
.SERVICEFF_TUBEInit
     B414   A9 AD      LDA #&AD
     B416   8D 20 02   STA &0220
     B419   A9 06      LDA #&06
     B41B   8D 21 02   STA &0221
     B41E   A9 16      LDA #&16
     B420   8D 02 02   STA &0202
     B423   A9 00      LDA #&00
     B425   8D 03 02   STA &0203
     B428   A9 8E      LDA #&8E
     B42A   8D E0 FC   STA &FCE0
     B42D   A0 00      LDY #&00
.servFF_copytubecode_loop
     B42F   B9 95 B4   LDA &B495,Y
     B432   99 00 04   STA &0400,Y
     B435   B9 F7 B1   LDA &B1F7,Y
     B438   99 00 05   STA &0500,Y
     B43B   B9 F7 B2   LDA &B2F7,Y
     B43E   99 00 06   STA &0600,Y
     B441   88         DEY
     B442   D0 EB      BNE &B42F
     B444   20 21 04   JSR &0421
     B447   A2 41      LDX #&41
.servFF_copytubezpcode_loop
     B449   BD 54 B4   LDA &B454,X
     B44C   95 16      STA &16,X
     B44E   CA         DEX
     B44F   10 F8      BPL &B449
.servFE_exitA_0
     B451   A9 00      LDA #&00
.servFE_exit
     B453   60         RTS
.TUBE_ZP_CODE_0016
     B454   A9 FF      LDA #&FF
     B456   20 9E 06   JSR &069E
     B459   AD E3 FC   LDA &FCE3
     B45C   A9 00      LDA #&00
     B45E   20 95 06   JSR &0695
     B461   A8         TAY
     B462   B1 FD      LDA (&FD),Y
     B464   20 95 06   JSR &0695
.Label_AF4B
     B467   C8         INY
     B468   B1 FD      LDA (&FD),Y
     B46A   20 95 06   JSR &0695
     B46D   AA         TAX
     B46E   D0 F7      BNE &B467
     B470   A2 FF      LDX #&FF
     B472   9A         TXS
     B473   58         CLI
.Label_AF58
     B474   2C E0 FC   BIT &FCE0
     B477   10 06      BPL &B47F
.Label_AF5D
     B479   AD E1 FC   LDA &FCE1
     B47C   20 EE FF   JSR &FFEE
.Label_AF63
     B47F   2C E2 FC   BIT &FCE2
     B482   10 F0      BPL &B474
     B484   2C E0 FC   BIT &FCE0
     B487   30 F0      BMI &B479
     B489   AE E3 FC   LDX &FCE3
     B48C   86 51      STX &51
     B48E   6C 00 05   JMP (&0500)
     B491   00 80
     B493   00 00
.TUBE_CODE_400
     B495   4C 84 04   JMP &0484
     B498   4C A7 06   JMP &06A7
     B49B   C9 80      CMP #&80
     B49D   90 2B      BCC &B4CA
     B49F   C9 C0      CMP #&C0
     B4A1   B0 1A      BCS &B4BD
     B4A3   09 40      ORA #&40
     B4A5   C5 15      CMP &15
     B4A7   D0 20      BNE &B4C9
     B4A9   08         PHP
     B4AA   78         SEI
     B4AB   A9 05      LDA #&05
     B4AD   20 9E 06   JSR &069E
     B4B0   A5 15      LDA &15
     B4B2   20 9E 06   JSR &069E
     B4B5   28         PLP
     B4B6   A9 80      LDA #&80
     B4B8   85 15      STA &15
     B4BA   85 14      STA &14
     B4BC   60         RTS
.Label_AFA1
     B4BD   06 14      ASL &14
     B4BF   B0 06      BCS &B4C7
     B4C1   C5 15      CMP &15
     B4C3   F0 04      BEQ &B4C9
     B4C5   18         CLC
     B4C6   60         RTS
.Label_AFAB
     B4C7   85 15      STA &15
.Label_AFAD
     B4C9   60         RTS
.Label_AFAE
     B4CA   08         PHP
     B4CB   78         SEI
     B4CC   84 13      STY &13
     B4CE   86 12      STX &12
     B4D0   20 9E 06   JSR &069E
     B4D3   AA         TAX
     B4D4   A0 03      LDY #&03
     B4D6   A5 15      LDA &15
     B4D8   20 9E 06   JSR &069E
.Label_AFBF
     B4DB   B1 12      LDA (&12),Y
     B4DD   20 9E 06   JSR &069E
     B4E0   88         DEY
     B4E1   10 F8      BPL &B4DB
     B4E3   A0 18      LDY #&18
     B4E5   8C E0 FC   STY &FCE0
     B4E8   BD 18 05   LDA &0518,X
     B4EB   8D E0 FC   STA &FCE0
     B4EE   4A         LSR A
     B4EF   4A         LSR A
     B4F0   90 06      BCC &B4F8
     B4F2   2C E5 FC   BIT &FCE5
     B4F5   2C E5 FC   BIT &FCE5
.Label_AFDC
     B4F8   20 9E 06   JSR &069E
.Label_AFDF
     B4FB   2C E6 FC   BIT &FCE6
     B4FE   50 FB      BVC &B4FB
     B500   B0 0D      BCS &B50F
     B502   E0 04      CPX #&04
     B504   D0 11      BNE &B517
.Label_AFEA
     B506   20 14 04   JSR &0414
     B509   20 95 06   JSR &0695
     B50C   4C 32 00   JMP &0032
.Label_AFF3
     B50F   4A         LSR A
     B510   90 05      BCC &B517
     B512   A0 88      LDY #&88
     B514   8C E0 FC   STY &FCE0
.Label_AFFB
     B517   28         PLP
     B518   60         RTS
     B519   58         CLI
     B51A   B0 0A      BCS &B526
     B51C   D0 03      BNE &B521
     B51E   4C 9C 05   JMP &059C
.Label_B005
     B521   AE 8D 02   LDX &028D
     B524   F0 E0      BEQ &B506
.Label_B00A
     B526   A9 FF      LDA #&FF
     B528   20 06 04   JSR &0406
     B52B   90 F9      BCC &B526
     B52D   20 CE 04   JSR &04CE
.Label_B014
     B530   08         PHP
     B531   78         SEI
     B532   A9 07      LDA #&07
     B534   20 C7 04   JSR &04C7
     B537   A0 00      LDY #&00
     B539   84 00      STY &00
.Label_B01F
     B53B   B1 00      LDA (&00),Y
     B53D   8D E5 FC   STA &FCE5
     B540   EA         NOP
     B541   EA         NOP
     B542   EA         NOP
     B543   C8         INY
     B544   D0 F5      BNE &B53B
     B546   28         PLP
     B547   E6 54      INC &54
     B549   D0 06      BNE &B551
     B54B   E6 55      INC &55
     B54D   D0 02      BNE &B551
     B54F   E6 56      INC &56
.Label_B035
     B551   E6 01      INC &01
     B553   24 01      BIT &01
     B555   50 D9      BVC &B530
     B557   20 CE 04   JSR &04CE
     B55A   A9 04      LDA #&04
     B55C   A0 00      LDY #&00
     B55E   A2 53      LDX #&53
     B560   4C 06 04   JMP &0406
     B563   A9 80      LDA #&80
     B565   85 54      STA &54
     B567   85 01      STA &01
     B569   A9 20      LDA #&20
     B56B   2D 06 80   AND &8006
     B56E   A8         TAY
     B56F   84 53      STY &53
     B571   F0 19      BEQ &B58C
     B573   AE 07 80   LDX &8007
.Label_B05A
     B576   E8         INX
     B577   BD 00 80   LDA &8000,X
     B57A   D0 FA      BNE &B576
     B57C   BD 01 80   LDA &8001,X
     B57F   85 53      STA &53
     B581   BD 02 80   LDA &8002,X
     B584   85 54      STA &54
     B586   BC 03 80   LDY &8003,X
     B589   BD 04 80   LDA &8004,X
.Label_B070
     B58C   85 56      STA &56
     B58E   84 55      STY &55
     B590   60         RTS
Processed file 'TubeHost230.asm' ok
    code ends at&B591  (2671 bytes free )
Saving file 'build/1/EMMFS'
Processed file 'mmfs100.asm' ok
Processed file 'top_EMMFS.asm' ok
