Including file DEVICE.asm
Processed file 'DEVICE.asm' ok
Including file mmfs100.asm
Including file VERSION.asm
Processed file 'VERSION.asm' ok
Including file SYSVARS.asm
Processed file 'SYSVARS.asm' ok
.langentry
     8000   00         BRK
     8001   00         BRK
     8002   00         BRK
.serventry
     8003   4C EF 8D   JMP &8DEF
.romtype
     8006   82
.copywoffset
     8007   22
.binversion
     8008   7B
.title
Macro BUILD_NAME:
Macro BASE_NAME:
     8009   4D 6F 64 ...
Macro SYSTEM_NAME:
     8011   4D 4D 46 ...
End macro SYSTEM_NAME
End macro BASE_NAME
Macro DEVICE_NAME:
     8016   20 50 69 ...
End macro DEVICE_NAME
Macro DFS_EMUL_NAME:
End macro DFS_EMUL_NAME
     801D   00
End macro BUILD_NAME
.version
Macro BUILD_VERSION:
     801E   31 2E 36 ...
     8022   00
End macro BUILD_VERSION
.copyright
Macro BUILD_COPYRIGHT:
     8023   28 43 29 ...
     8031   00
End macro BUILD_COPYRIGHT
.header_end
.Go_FSCV
     8032   6C 1E 02   JMP (&021E)
.SetLEDS
     8035   A2 06      LDX #&06
     8037   8E 40 FE   STX &FE40
     803A   E8         INX
     803B   8E 40 FE   STX &FE40
     803E   60         RTS
.ResetLEDS
     803F   20 F4 83   JSR &83F4
     8042   A9 76      LDA #&76
     8044   4C F4 FF   JMP &FFF4
.errDISK
     8047   20 5C 80   JSR &805C
     804A   00         BRK
     804B   44 69 73 ...
     8050   90 21      BCC &8073
.errBAD
     8052   20 5C 80   JSR &805C
     8055   00         BRK
     8056   42 61 64 ...
     805A   90 17      BCC &8073
.ReportErrorCB
     805C   AD DD 10   LDA &10DD
     805F   D0 03      BNE &8064
     8061   20 9B 97   JSR &979B
.brk100_notbuf
     8064   A9 FF      LDA #&FF
     8066   8D 82 10   STA &1082
     8069   8D DD 10   STA &10DD
.ReportError
     806C   A2 02      LDX #&02
     806E   A9 00      LDA #&00
     8070   8D 00 01   STA &0100
.ErrCONTINUE
     8073   20 3F 80   JSR &803F
.ReportError2
     8076   68         PLA
     8077   85 AE      STA &AE
     8079   68         PLA
     807A   85 AF      STA &AF
     807C   A0 00      LDY #&00
     807E   20 EB 83   JSR &83EB
     8081   8D 01 01   STA &0101
     8084   CA         DEX
.errstr_loop
     8085   E8         INX
     8086   20 EB 83   JSR &83EB
     8089   9D 00 01   STA &0100,X
     808C   30 27      BMI &80B5
     808E   D0 F5      BNE &8085
     8090   20 8D 8C   JSR &8C8D
     8093   4C 00 01   JMP &0100
.PrintNibble_PrintString
     8096   20 03 81   JSR &8103
.PrintString
     8099   85 B3      STA &B3
     809B   68         PLA
     809C   85 AE      STA &AE
     809E   68         PLA
     809F   85 AF      STA &AF
     80A1   A5 B3      LDA &B3
     80A3   48         PHA
     80A4   98         TYA
     80A5   48         PHA
     80A6   A0 00      LDY #&00
.prtstr_loop
     80A8   20 EB 83   JSR &83EB
     80AB   30 05      BMI &80B2
     80AD   20 DC 80   JSR &80DC
     80B0   10 F6      BPL &80A8
.prtstr_return1
     80B2   68         PLA
     80B3   A8         TAY
     80B4   68         PLA
.prtstr_return2
     80B5   18         CLC
     80B6   6C AE 00   JMP (&00AE)
.PrintStringSPL
     80B9   85 B3      STA &B3
     80BB   68         PLA
     80BC   85 AE      STA &AE
     80BE   68         PLA
     80BF   85 AF      STA &AF
     80C1   A5 B3      LDA &B3
     80C3   48         PHA
     80C4   98         TYA
     80C5   48         PHA
     80C6   A0 00      LDY #&00
.pstr_loop
     80C8   20 EB 83   JSR &83EB
     80CB   30 E5      BMI &80B2
     80CD   20 E3 FF   JSR &FFE3
     80D0   4C C8 80   JMP &80C8
.PrintSpace
     80D3   A9 20      LDA #&20
     80D5   D0 05      BNE &80DC
.PrintNibFullStop
     80D7   20 03 81   JSR &8103
.PrintFullStop
     80DA   A9 2E      LDA #&2E
.PrintChrA
     80DC   20 F4 83   JSR &83F4
     80DF   48         PHA
     80E0   A9 EC      LDA #&EC
     80E2   20 08 94   JSR &9408
     80E5   8A         TXA
     80E6   48         PHA
     80E7   09 10      ORA #&10
     80E9   AA         TAX
     80EA   20 F3 80   JSR &80F3
     80ED   68         PLA
     80EE   AA         TAX
     80EF   68         PLA
     80F0   20 E3 FF   JSR &FFE3
.osbyte03_Xoutstream
     80F3   A9 03      LDA #&03
     80F5   4C F4 FF   JMP &FFF4
.PrintBCD
     80F8   20 2C 84   JSR &842C
.PrintHex
     80FB   48         PHA
     80FC   20 20 82   JSR &8220
     80FF   20 03 81   JSR &8103
     8102   68         PLA
.PrintNibble
     8103   20 25 81   JSR &8125
     8106   D0 D4      BNE &80DC
.PrintBCDSPL
     8108   20 2C 84   JSR &842C
.PrintHexSPL
     810B   48         PHA
     810C   20 20 82   JSR &8220
     810F   20 13 81   JSR &8113
     8112   68         PLA
.PrintNibbleSPL
     8113   20 25 81   JSR &8125
     8116   4C EE FF   JMP &FFEE
.Print2SpacesSPL
     8119   20 1C 81   JSR &811C
.PrintSpaceSPL
     811C   48         PHA
     811D   A9 20      LDA #&20
     811F   20 EE FF   JSR &FFEE
     8122   68         PLA
     8123   18         CLC
     8124   60         RTS
.NibToASC
     8125   29 0F      AND #&0F
     8127   C9 0A      CMP #&0A
     8129   90 02      BCC &812D
     812B   69 06      ADC #&06
.nibasc
     812D   69 30      ADC #&30
     812F   60         RTS
.CopyVarsB0BA
     8130   20 40 81   JSR &8140
     8133   CA         DEX
     8134   CA         DEX
     8135   20 38 81   JSR &8138
.cpybyte1
     8138   B1 B0      LDA (&B0),Y
     813A   9D 72 10   STA &1072,X
     813D   E8         INX
     813E   C8         INY
     813F   60         RTS
.CopyWordB0BA
     8140   20 43 81   JSR &8143
.cpybyte2
     8143   B1 B0      LDA (&B0),Y
     8145   95 BA      STA &BA,X
     8147   E8         INX
     8148   C8         INY
     8149   60         RTS
.read_fspTextPointer
     814A   20 F7 8B   JSR &8BF7
     814D   4C 60 81   JMP &8160
.read_fspBA_reset
     8150   20 F7 8B   JSR &8BF7
.read_fspBA
     8153   A5 BA      LDA &BA
     8155   85 F2      STA &F2
     8157   A5 BB      LDA &BB
     8159   85 F3      STA &F3
     815B   A0 00      LDY #&00
     815D   20 C1 81   JSR &81C1
.rdafsp_entry
     8160   A2 20      LDX #&20
     8162   20 A6 81   JSR &81A6
     8165   B0 1B      BCS &8182
     8167   8D 00 10   STA &1000
     816A   C9 2E      CMP #&2E
     816C   D0 04      BNE &8172
.rdafsp_setdrv
     816E   86 CC      STX &CC
     8170   F0 EE      BEQ &8160
.rdafsp_notdot
     8172   C9 3A      CMP #&3A
     8174   D0 15      BNE &818B
     8176   20 0C 8C   JSR &8C0C
     8179   20 A6 81   JSR &81A6
     817C   B0 04      BCS &8182
     817E   C9 2E      CMP #&2E
     8180   F0 DE      BEQ &8160
.errBadName
     8182   20 52 80   JSR &8052
     8185   CC
     8186   6E 61 6D ...
     818A   00
.rdafsp_notcolon
     818B   AA         TAX
     818C   20 A6 81   JSR &81A6
     818F   B0 34      BCS &81C5
     8191   C9 2E      CMP #&2E
     8193   F0 D9      BEQ &816E
     8195   A2 01      LDX #&01
.rdafsp_rdfnloop
     8197   9D 00 10   STA &1000,X
     819A   E8         INX
     819B   20 A6 81   JSR &81A6
     819E   B0 27      BCS &81C7
     81A0   E0 07      CPX #&07
     81A2   D0 F3      BNE &8197
     81A4   F0 DC      BEQ &8182
.GSREAD_A
     81A6   20 C5 FF   JSR &FFC5
     81A9   08         PHP
     81AA   29 7F      AND #&7F
     81AC   C9 0D      CMP #&0D
     81AE   F0 08      BEQ &81B8
     81B0   C9 20      CMP #&20
     81B2   90 CE      BCC &8182
     81B4   C9 7F      CMP #&7F
     81B6   F0 CA      BEQ &8182
.dogsrd_exit
     81B8   28         PLP
     81B9   60         RTS
.SetTextPointerYX
     81BA   86 F2      STX &F2
     81BC   84 F3      STY &F3
     81BE   A0 00      LDY #&00
     81C0   60         RTS
.GSINIT_A
     81C1   18         CLC
     81C2   4C C2 FF   JMP &FFC2
.Rdafsp_padall
     81C5   A2 01      LDX #&01
.rdafsp_padX
     81C7   A9 20      LDA #&20
.rdafsp_padloop
     81C9   9D 00 10   STA &1000,X
     81CC   E8         INX
     81CD   E0 40      CPX #&40
     81CF   D0 F8      BNE &81C9
     81D1   A2 06      LDX #&06
.rdafsp_cpyfnloop
     81D3   BD 00 10   LDA &1000,X
     81D6   95 C5      STA &C5,X
     81D8   CA         DEX
     81D9   10 F8      BPL &81D3
     81DB   60         RTS
.prt_filename_Yoffset
     81DC   20 F4 83   JSR &83F4
     81DF   B9 0F 0E   LDA &0E0F,Y
     81E2   08         PHP
     81E3   29 7F      AND #&7F
     81E5   D0 05      BNE &81EC
     81E7   20 19 81   JSR &8119
     81EA   F0 06      BEQ &81F2
.prt_filename_prtchr
     81EC   20 DC 80   JSR &80DC
     81EF   20 DA 80   JSR &80DA
.prt_filename_nodir
     81F2   A2 06      LDX #&06
.prt_filename_loop
     81F4   B9 08 0E   LDA &0E08,Y
     81F7   29 7F      AND #&7F
     81F9   20 DC 80   JSR &80DC
     81FC   C8         INY
     81FD   CA         DEX
     81FE   10 F4      BPL &81F4
     8200   20 19 81   JSR &8119
     8203   A9 20      LDA #&20
     8205   28         PLP
     8206   10 02      BPL &820A
     8208   A9 4C      LDA #&4C
.prt_filename_notlocked
     820A   20 DC 80   JSR &80DC
     820D   A0 01      LDY #&01
.prt_Yspaces
     820F   20 1C 81   JSR &811C
     8212   88         DEY
     8213   D0 FA      BNE &820F
     8215   60         RTS
.A_rorx6and3
     8216   4A         LSR A
     8217   4A         LSR A
.A_rorx4and3
     8218   4A         LSR A
     8219   4A         LSR A
.A_rorx2and3
     821A   4A         LSR A
     821B   4A         LSR A
     821C   29 03      AND #&03
     821E   60         RTS
.A_rorx5
     821F   4A         LSR A
.A_rorx4
     8220   4A         LSR A
     8221   4A         LSR A
     8222   4A         LSR A
     8223   4A         LSR A
     8224   60         RTS
.A_rolx5
     8225   0A         ASL A
.A_rolx4
     8226   0A         ASL A
     8227   0A         ASL A
     8228   0A         ASL A
     8229   0A         ASL A
.getcat_exit
     822A   60         RTS
.parameter_afsp_Param_SyntaxErrorIfNull_getcatentry_fspTxtP
     822B   20 EB 92   JSR &92EB
.Param_SyntaxErrorIfNull_getcatentry_fspTxtP
     822E   20 8C 9A   JSR &9A8C
.getcatentry_fspTxtP
     8231   20 4A 81   JSR &814A
     8234   30 03      BMI &8239
.getcatentry_fspBA
     8236   20 50 81   JSR &8150
.getcatentry
     8239   20 7E 82   JSR &827E
     823C   B0 EC      BCS &822A
.err_FILENOTFOUND
     823E   20 6C 80   JSR &806C
     8241   D6
     8242   4E 6F 74 ...
     824B   00
.fscv9_starEX
     824C   20 BA 81   JSR &81BA
.CMD_EX
     824F   20 F7 8B   JSR &8BF7
     8252   20 C1 81   JSR &81C1
     8255   F0 03      BEQ &825A
     8257   20 B2 89   JSR &89B2
.cmd_ex_nullstr
     825A   A9 2A      LDA #&2A
     825C   8D 00 10   STA &1000
     825F   20 C5 81   JSR &81C5
     8262   20 EB 92   JSR &92EB
     8265   20 39 82   JSR &8239
     8268   4C 75 82   JMP &8275
.fscv10_starINFO
     826B   20 BA 81   JSR &81BA
     826E   A9 4E      LDA #&4E
     8270   85 BF      STA &BF
.CMD_INFO
     8272   20 2B 82   JSR &822B
.cmd_info_loop
     8275   20 4A 83   JSR &834A
     8278   20 85 82   JSR &8285
     827B   B0 F8      BCS &8275
     827D   60         RTS
.get_cat_firstentry80
.get_cat_firstentry81
     827E   20 97 A1   JSR &A197
     8281   A2 00      LDX #&00
     8283   F0 18      BEQ &829D
.get_cat_nextentry
     8285   A2 00      LDX #&00
     8287   F0 18      BEQ &82A1
.get_cat_firstentry80fname
     8289   A2 06      LDX #&06
.getcatloop1
     828B   B5 C5      LDA &C5,X
     828D   9D 58 10   STA &1058,X
     8290   CA         DEX
     8291   10 F8      BPL &828B
     8293   A9 20      LDA #&20
     8295   8D 5F 10   STA &105F
     8298   20 97 A1   JSR &A197
     829B   A2 58      LDX #&58
.getcatentry2
     829D   A9 00      LDA #&00
     829F   85 B6      STA &B6
.getcatsetupB7
     82A1   A9 0E      LDA #&0E
     82A3   85 B7      STA &B7
.getcatloop2
     82A5   A0 00      LDY #&00
     82A7   A5 B6      LDA &B6
     82A9   CD 05 0F   CMP &0F05
     82AC   B0 49      BCS &82F7
     82AE   69 08      ADC #&08
     82B0   85 B6      STA &B6
     82B2   20 CC 82   JSR &82CC
     82B5   90 EE      BCC &82A5
     82B7   A5 CC      LDA &CC
     82B9   A0 07      LDY #&07
     82BB   20 F9 82   JSR &82F9
     82BE   D0 E5      BNE &82A5
     82C0   A4 B6      LDY &B6
     82C2   38         SEC
.Y_sub8
     82C3   88         DEY
     82C4   88         DEY
     82C5   88         DEY
     82C6   88         DEY
     82C7   88         DEY
     82C8   88         DEY
     82C9   88         DEY
     82CA   88         DEY
.NotCmdTable2
     82CB   60         RTS
.MatchFilename
     82CC   20 F4 83   JSR &83F4
.matfn_loop1
     82CF   BD 00 10   LDA &1000,X
     82D2   CD CE 10   CMP &10CE
     82D5   D0 13      BNE &82EA
     82D7   E8         INX
.matfn_loop2
     82D8   20 CC 82   JSR &82CC
     82DB   B0 1B      BCS &82F8
     82DD   C8         INY
     82DE   C0 07      CPY #&07
     82E0   90 F6      BCC &82D8
.matfn_loop3
     82E2   BD 00 10   LDA &1000,X
     82E5   C9 20      CMP #&20
     82E7   D0 0E      BNE &82F7
     82E9   60         RTS
.matfn_nomatch
     82EA   C0 07      CPY #&07
     82EC   B0 F4      BCS &82E2
     82EE   20 F9 82   JSR &82F9
     82F1   D0 04      BNE &82F7
     82F3   E8         INX
     82F4   C8         INY
     82F5   D0 D8      BNE &82CF
.matfn_exitC0
     82F7   18         CLC
.matfn_exit
     82F8   60         RTS
.MatchChr
     82F9   CD CE 10   CMP &10CE
     82FC   F0 10      BEQ &830E
     82FE   CD CD 10   CMP &10CD
     8301   F0 0B      BEQ &830E
     8303   20 37 83   JSR &8337
     8306   51 B6      EOR (&B6),Y
     8308   B0 02      BCS &830C
     830A   29 5F      AND #&5F
.matchr_notalpha
     830C   29 7F      AND #&7F
.matchr_exit
     830E   60         RTS
.UcaseA2
     830F   08         PHP
     8310   20 37 83   JSR &8337
     8313   B0 02      BCS &8317
     8315   29 5F      AND #&5F
.ucasea
     8317   29 7F      AND #&7F
     8319   28         PLP
     831A   60         RTS
.DeleteCatEntry_YFileOffset
     831B   20 A0 93   JSR &93A0
.delcatloop
     831E   B9 10 0E   LDA &0E10,Y
     8321   99 08 0E   STA &0E08,Y
     8324   B9 10 0F   LDA &0F10,Y
     8327   99 08 0F   STA &0F08,Y
     832A   C8         INY
     832B   CC 05 0F   CPY &0F05
     832E   90 EE      BCC &831E
     8330   98         TYA
     8331   E9 08      SBC #&08
     8333   8D 05 0F   STA &0F05
.print_infoline_exit
     8336   60         RTS
.IsAlphaChar
     8337   48         PHA
     8338   29 5F      AND #&5F
     833A   C9 41      CMP #&41
     833C   90 04      BCC &8342
     833E   C9 5B      CMP #&5B
     8340   90 01      BCC &8343
.isalpha1
     8342   38         SEC
.isalpha2
     8343   68         PLA
     8344   60         RTS
.prt_InfoMsg_Yoffset
     8345   2C C6 10   BIT &10C6
     8348   30 EC      BMI &8336
.prt_InfoLine_Yoffset
     834A   20 F4 83   JSR &83F4
     834D   20 DC 81   JSR &81DC
     8350   98         TYA
     8351   48         PHA
     8352   A9 60      LDA #&60
     8354   85 B0      STA &B0
     8356   A9 10      LDA #&10
     8358   85 B1      STA &B1
     835A   20 95 83   JSR &8395
     835D   A0 02      LDY #&02
     835F   20 1C 81   JSR &811C
     8362   20 83 83   JSR &8383
     8365   20 83 83   JSR &8383
     8368   20 83 83   JSR &8383
     836B   68         PLA
     836C   A8         TAY
     836D   B9 0E 0F   LDA &0F0E,Y
     8370   29 03      AND #&03
     8372   20 03 81   JSR &8103
     8375   B9 0F 0F   LDA &0F0F,Y
     8378   20 FB 80   JSR &80FB
.PrintNewLine
     837B   48         PHA
     837C   A9 0D      LDA #&0D
     837E   20 DC 80   JSR &80DC
     8381   68         PLA
     8382   60         RTS
.PrintHex3Byte
     8383   A2 03      LDX #&03
.printhex3byte_loop
     8385   B9 62 10   LDA &1062,Y
     8388   20 FB 80   JSR &80FB
     838B   88         DEY
     838C   CA         DEX
     838D   D0 F6      BNE &8385
     838F   20 F6 87   JSR &87F6
     8392   4C 1C 81   JMP &811C
.ReadFileAttribsToB0_Yoffset
     8395   20 F4 83   JSR &83F4
     8398   98         TYA
     8399   48         PHA
     839A   AA         TAX
     839B   A0 12      LDY #&12
     839D   A9 00      LDA #&00
.readfileattribs_clearloop
     839F   88         DEY
     83A0   91 B0      STA (&B0),Y
     83A2   C0 02      CPY #&02
     83A4   D0 F9      BNE &839F
.readfileattribs_copyloop
     83A6   20 E0 83   JSR &83E0
     83A9   C8         INY
     83AA   C8         INY
     83AB   C0 0E      CPY #&0E
     83AD   D0 F7      BNE &83A6
     83AF   68         PLA
     83B0   AA         TAX
     83B1   BD 0F 0E   LDA &0E0F,X
     83B4   10 04      BPL &83BA
     83B6   A9 08      LDA #&08
     83B8   91 B0      STA (&B0),Y
.readfileattribs_notlocked
     83BA   BD 0E 0F   LDA &0F0E,X
     83BD   A0 04      LDY #&04
     83BF   20 CE 83   JSR &83CE
     83C2   A0 0C      LDY #&0C
     83C4   4A         LSR A
     83C5   4A         LSR A
     83C6   48         PHA
     83C7   29 03      AND #&03
     83C9   91 B0      STA (&B0),Y
     83CB   68         PLA
     83CC   A0 08      LDY #&08
.readfileattribs_addrHiBytes
     83CE   4A         LSR A
     83CF   4A         LSR A
     83D0   48         PHA
     83D1   29 03      AND #&03
     83D3   C9 03      CMP #&03
     83D5   D0 05      BNE &83DC
     83D7   A9 FF      LDA #&FF
     83D9   91 B0      STA (&B0),Y
     83DB   C8         INY
.readfileattribs_nothost
     83DC   91 B0      STA (&B0),Y
.readfileattribs_exits
     83DE   68         PLA
     83DF   60         RTS
.readfileattribs_copy2bytes
     83E0   20 E3 83   JSR &83E3
.readfileattribs_copy1byte
     83E3   BD 08 0F   LDA &0F08,X
     83E6   91 B0      STA (&B0),Y
     83E8   E8         INX
     83E9   C8         INY
     83EA   60         RTS
.inc_word_AE_and_load
     83EB   E6 AE      INC &AE
     83ED   D0 02      BNE &83F1
     83EF   E6 AF      INC &AF
.inc_word_AE_exit
     83F1   B1 AE      LDA (&AE),Y
     83F3   60         RTS
.RememberAXY
     83F4   48         PHA
     83F5   8A         TXA
     83F6   48         PHA
     83F7   98         TYA
     83F8   48         PHA
     83F9   A9 84      LDA #&84
     83FB   48         PHA
     83FC   A9 16      LDA #&16
     83FE   48         PHA
.rAXY_loop_init
     83FF   A0 05      LDY #&05
.rAXY_loop
     8401   BA         TSX
     8402   BD 07 01   LDA &0107,X
     8405   48         PHA
     8406   88         DEY
     8407   D0 F8      BNE &8401
     8409   A0 0A      LDY #&0A
.rAXY_loop2
     840B   BD 09 01   LDA &0109,X
     840E   9D 0B 01   STA &010B,X
     8411   CA         DEX
     8412   88         DEY
     8413   D0 F6      BNE &840B
     8415   68         PLA
     8416   68         PLA
.rAXY_restore
     8417   68         PLA
     8418   A8         TAY
     8419   68         PLA
     841A   AA         TAX
     841B   68         PLA
     841C   60         RTS
.RememberXYonly
     841D   48         PHA
     841E   8A         TXA
     841F   48         PHA
     8420   98         TYA
     8421   48         PHA
     8422   20 FF 83   JSR &83FF
.axyret1
     8425   BA         TSX
     8426   9D 03 01   STA &0103,X
     8429   4C 17 84   JMP &8417
.BinaryToBCD
     842C   20 1D 84   JSR &841D
     842F   A8         TAY
     8430   F0 0A      BEQ &843C
     8432   18         CLC
     8433   F8         SED
     8434   A9 00      LDA #&00
.bbcd_loop
     8436   69 01      ADC #&01
     8438   88         DEY
     8439   D0 FB      BNE &8436
     843B   D8         CLD
.bbcd_exit
     843C   60         RTS
.Param_ReadNum
     843D   20 C1 81   JSR &81C1
     8440   38         SEC
     8441   F0 2A      BEQ &846D
     8443   08         PHP
     8444   A9 00      LDA #&00
     8446   85 B9      STA &B9
     8448   F0 18      BEQ &8462
.L1
     844A   38         SEC
     844B   E9 30      SBC #&30
     844D   90 1D      BCC &846C
     844F   C9 0A      CMP #&0A
     8451   B0 19      BCS &846C
     8453   85 B8      STA &B8
     8455   A5 B9      LDA &B9
     8457   0A         ASL A
     8458   85 B9      STA &B9
     845A   0A         ASL A
     845B   0A         ASL A
     845C   65 B9      ADC &B9
     845E   65 B8      ADC &B8
     8460   85 B9      STA &B9
.L2
     8462   20 C5 FF   JSR &FFC5
     8465   90 E3      BCC &844A
     8467   A6 B9      LDX &B9
     8469   28         PLP
     846A   18         CLC
     846B   60         RTS
.L3
     846C   28         PLP
.L4
     846D   60         RTS
.fscv5_starCAT
     846E   20 BA 81   JSR &81BA
     8471   20 04 8C   JSR &8C04
     8474   20 A5 A1   JSR &A1A5
     8477   A0 FF      LDY #&FF
     8479   84 A8      STY &A8
     847B   C8         INY
     847C   84 AA      STY &AA
.cat_titleloop
     847E   B9 00 0E   LDA &0E00,Y
     8481   C0 08      CPY #&08
     8483   90 03      BCC &8488
     8485   B9 F8 0E   LDA &0EF8,Y
.cat_titlelo
     8488   20 DC 80   JSR &80DC
     848B   C8         INY
     848C   C0 0C      CPY #&0C
     848E   D0 EE      BNE &847E
     8490   20 99 80   JSR &8099
     8493   20 28 
     8495   AD 04 0F   LDA &0F04
     8498   20 FB 80   JSR &80FB
     849B   20 99 80   JSR &8099
     849E   29 
     849F   0D
     84A0   44 72 69 ...
     84A6   A5 CD      LDA &CD
     84A8   20 03 81   JSR &8103
     84AB   A0 0D      LDY #&0D
     84AD   20 0F 82   JSR &820F
     84B0   20 99 80   JSR &8099
     84B3   4F 70 74 ...
     84BA   AD 06 0F   LDA &0F06
     84BD   20 20 82   JSR &8220
     84C0   48         PHA
     84C1   20 96 80   JSR &8096
     84C4   20 28 
     84C6   A0 03      LDY #&03
     84C8   68         PLA
     84C9   0A         ASL A
     84CA   0A         ASL A
     84CB   AA         TAX
.cat_printoptionnameloop
     84CC   BD B8 85   LDA &85B8,X
     84CF   20 DC 80   JSR &80DC
     84D2   E8         INX
     84D3   88         DEY
     84D4   10 F6      BPL &84CC
     84D6   20 99 80   JSR &8099
     84D9   29 
     84DA   0D
     84DB   44 69 72 ...
     84E1   AD CA 10   LDA &10CA
     84E4   20 D7 80   JSR &80D7
     84E7   AD C9 10   LDA &10C9
     84EA   20 DC 80   JSR &80DC
     84ED   A0 0B      LDY #&0B
     84EF   20 0F 82   JSR &820F
     84F2   20 99 80   JSR &8099
     84F5   4C 69 62 ...
     84FB   AD CC 10   LDA &10CC
     84FE   20 D7 80   JSR &80D7
     8501   AD CB 10   LDA &10CB
     8504   20 DC 80   JSR &80DC
     8507   20 7B 83   JSR &837B
     850A   A0 00      LDY #&00
.cat_curdirloop
     850C   CC 05 0F   CPY &0F05
     850F   B0 17      BCS &8528
     8511   B9 0F 0E   LDA &0E0F,Y
     8514   4D C9 10   EOR &10C9
     8517   29 5F      AND #&5F
     8519   D0 08      BNE &8523
     851B   B9 0F 0E   LDA &0E0F,Y
     851E   29 80      AND #&80
     8520   99 0F 0E   STA &0E0F,Y
.cat_curdirnext
     8523   20 F5 87   JSR &87F5
     8526   90 E4      BCC &850C
.cat_sortloop1
     8528   A0 00      LDY #&00
     852A   20 3A 85   JSR &853A
     852D   90 16      BCC &8545
     852F   A9 FF      LDA #&FF
     8531   8D 82 10   STA &1082
     8534   4C 7B 83   JMP &837B
.cat_getnextunmarkedfile_loop
     8537   20 F5 87   JSR &87F5
.cat_getnextunmarkedfileY
     853A   CC 05 0F   CPY &0F05
     853D   B0 05      BCS &8544
     853F   B9 08 0E   LDA &0E08,Y
     8542   30 F3      BMI &8537
.cat_exit
     8544   60         RTS
.cat_printfilename
     8545   84 AB      STY &AB
     8547   A2 00      LDX #&00
.cat_copyfnloop
     8549   B9 08 0E   LDA &0E08,Y
     854C   20 0F 83   JSR &830F
     854F   9D 60 10   STA &1060,X
     8552   C8         INY
     8553   E8         INX
     8554   E0 08      CPX #&08
     8556   D0 F1      BNE &8549
.cat_comparefnloop1
     8558   20 3A 85   JSR &853A
     855B   B0 23      BCS &8580
     855D   38         SEC
     855E   A2 06      LDX #&06
.cat_comparefnloop2
     8560   B9 0E 0E   LDA &0E0E,Y
     8563   20 0F 83   JSR &830F
     8566   FD 60 10   SBC &1060,X
     8569   88         DEY
     856A   CA         DEX
     856B   10 F3      BPL &8560
     856D   20 F6 87   JSR &87F6
     8570   B9 0F 0E   LDA &0E0F,Y
     8573   20 0F 83   JSR &830F
     8576   ED 67 10   SBC &1067
     8579   90 CA      BCC &8545
     857B   20 F5 87   JSR &87F5
     857E   B0 D8      BCS &8558
.cat_printfn
     8580   A4 AB      LDY &AB
     8582   B9 08 0E   LDA &0E08,Y
     8585   09 80      ORA #&80
     8587   99 08 0E   STA &0E08,Y
     858A   AD 67 10   LDA &1067
     858D   C5 AA      CMP &AA
     858F   F0 10      BEQ &85A1
     8591   A6 AA      LDX &AA
     8593   85 AA      STA &AA
     8595   D0 0A      BNE &85A1
     8597   20 7B 83   JSR &837B
.cat_newline
     859A   20 7B 83   JSR &837B
     859D   A0 FF      LDY #&FF
     859F   D0 09      BNE &85AA
.cat_samedir
     85A1   A4 A8      LDY &A8
     85A3   D0 F5      BNE &859A
     85A5   A0 05      LDY #&05
     85A7   20 0F 82   JSR &820F
.cat_skipspaces
     85AA   C8         INY
     85AB   84 A8      STY &A8
     85AD   A4 AB      LDY &AB
     85AF   20 19 81   JSR &8119
     85B2   20 DC 81   JSR &81DC
     85B5   4C 28 85   JMP &8528
.diskoptions_table
     85B8   6F 66 66 
     85BB   00
     85BC   4C 4F 41 ...
     85C0   52 55 4E 
     85C3   00
     85C4   45 58 45 ...
.cmdtable1
     85C8   FF
     85C9   41 43 43 ...
     85CF   B2
     85D0   42 41 43 ...
     85D6   8C
     85D7   43 4C 4F ...
     85DC   80
     85DD   43 4F 4D ...
     85E4   85
     85E5   43 4F 50 ...
     85E9   AC
     85EA   44 45 4C ...
     85F0   88
     85F1   44 45 53 ...
     85F8   82
     85F9   44 49 52 
     85FC   86
     85FD   44 52 49 ...
     8602   81
     8603   45 4E 41 ...
     8609   80
     860A   45 58 
     860C   86
     860D   46 4F 52 ...
     8611   DF
     8612   46 52 45 ...
     8616   84
.info_cmd_index
     8617   49 4E 46 ...
     861B   82
     861C   4C 49 42 
     861F   86
     8620   4D 41 50 
     8623   84
     8624   52 45 4E ...
     862A   8D
     862B   54 49 54 ...
     8630   8A
     8631   56 45 52 ...
     8637   85
     8638   57 49 50 ...
     863C   82
     863D   00         BRK
.cmdtable2
     863E   14
     863F   42 55 49 ...
     8644   88
     8645   44 55 4D ...
     8649   88
     864A   4C 49 53 ...
     864E   88
     864F   52 4F 4D ...
     8653   8B
     8654   54 59 50 ...
     8658   88
     8659   00         BRK
.cmdtable22
     865A   1A
     865B   44 49 53 ...
     865F   80
     8660   44 49 53 ...
     8664   80
     8665   4D 4D 46 ...
     8669   80
     866A   43 41 52 ...
     866E   80
     866F   00         BRK
.cmdtable3
     8670   1F
     8671   44 55 54 ...
     8677   80
     8678   4D 4D 46 ...
     867C   80
     867D   55 54 49 ...
     8682   80
     8683   00         BRK
.cmdtable4
     8684   23
     8685   41 43 43 ...
     868B   BE
     868C   42 4F 4F ...
     8690   89
     8691   42 55 47 
     8694   80
     8695   43 41 54 
     8698   8E
     8699   44 49 52 
     869C   89
     869D   44 52 49 ...
     86A2   80
     86A3   49 4E 
     86A5   F4
     86A6   4F 55 54 
     86A9   84
     86AA   52 45 4E ...
     86B0   F7
     86B1   41 42 4F ...
     86B6   80
     86B7   00         BRK
.cmdaddr1
     86B8   07 8A
     86BA   01 9D
     86BC   81 94
     86BE   A2 9B
     86C0   5A 9D
     86C2   A9 87
     86C4   B8 87
     86C6   68 89
     86C8   08 88
     86CA   BF 8B
     86CC   4E 82
     86CE   5E 1E
     86D0   BA 9F
     86D2   71 82
     86D4   6C 89
     86D6   BD 9F
     86D8   25 8C
     86DA   DB 89
     86DC   5A 1E
     86DE   80 87
     86E0   15 87
.cmdaddr2
     86E2   93 B2
     86E4   EC B1
     86E6   5B B2
     86E8   CD B0
     86EA   57 B2
     86EC   CA 82
.cmdaddr22
     86EE   EA 8C
     86F0   EA 8C
     86F2   F4 8C
     86F4   F4 8C
     86F6   A0 8E
.cmdaddr3
     86F8   71 9A
     86FA   31 9A
     86FC   78 9A
     86FE   7F 9A
.cmdaddr4
     8700   89 2D
     8702   A0 2B
     8704   6F 26
     8706   85 2B
     8708   36 2C
     870A   39 2D
     870C   CF 2B
     870E   09 2D
     8710   C6 2D
     8712   5D A6
     8714   A5 88
.cmdaddrX
.NotCmdTable1
     8716   A2 BC      LDX #&BC
     8718   20 C1 81   JSR &81C1
     871B   B1 F2      LDA (&F2),Y
     871D   C8         INY
     871E   09 20      ORA #&20
     8720   C9 64      CMP #&64
     8722   F0 09      BEQ &872D
     8724   88         DEY
     8725   4C A6 88   JMP &88A6
.fscv3_unreccommand
     8728   20 BA 81   JSR &81BA
     872B   A2 00      LDX #&00
.UnrecCommandTextPointer
     872D   BD C8 85   LDA &85C8,X
     8730   85 BE      STA &BE
     8732   98         TYA
     8733   48         PHA
.unrecloop1
     8734   E6 BE      INC &BE
     8736   68         PLA
     8737   48         PHA
     8738   A8         TAY
     8739   20 C1 81   JSR &81C1
     873C   E8         INX
     873D   BD C8 85   LDA &85C8,X
     8740   F0 28      BEQ &876A
     8742   CA         DEX
     8743   88         DEY
     8744   86 BF      STX &BF
.unrecloop2
     8746   E8         INX
     8747   C8         INY
     8748   BD C8 85   LDA &85C8,X
     874B   30 16      BMI &8763
.unrecloop2in
     874D   51 F2      EOR (&F2),Y
     874F   29 5F      AND #&5F
     8751   F0 F3      BEQ &8746
     8753   CA         DEX
.unrecloop3
     8754   E8         INX
     8755   BD C8 85   LDA &85C8,X
     8758   10 FA      BPL &8754
     875A   B1 F2      LDA (&F2),Y
     875C   C9 2E      CMP #&2E
     875E   D0 D4      BNE &8734
     8760   C8         INY
     8761   B0 07      BCS &876A
.endofcmd_oncmdline
     8763   B1 F2      LDA (&F2),Y
     8765   20 37 83   JSR &8337
     8768   90 CA      BCC &8734
.gocmdcode
     876A   68         PLA
     876B   A5 BE      LDA &BE
     876D   0A         ASL A
     876E   AA         TAX
     876F   BD B9 86   LDA &86B9,X
     8772   10 06      BPL &877A
.gocmdcode2
     8774   48         PHA
     8775   BD B8 86   LDA &86B8,X
     8778   48         PHA
     8779   60         RTS
.dommcinit
     877A   20 F7 A5   JSR &A5F7
     877D   09 80      ORA #&80
     877F   D0 F3      BNE &8774
.CMD_WIPE
     8781   20 2B 82   JSR &822B
.wipeloop
     8784   B9 0F 0E   LDA &0E0F,Y
     8787   30 1B      BMI &87A4
     8789   20 DC 81   JSR &81DC
     878C   20 C0 9C   JSR &9CC0
     878F   D0 13      BNE &87A4
     8791   A6 B6      LDX &B6
     8793   20 BA 94   JSR &94BA
     8796   86 B6      STX &B6
     8798   20 FE 87   JSR &87FE
     879B   84 AB      STY &AB
     879D   20 A9 A1   JSR &A1A9
     87A0   A5 AB      LDA &AB
     87A2   85 B6      STA &B6
.wipenext
     87A4   20 85 82   JSR &8285
     87A7   B0 DB      BCS &8784
     87A9   60         RTS
.CMD_DELETE
     87AA   20 E2 92   JSR &92E2
     87AD   20 2E 82   JSR &822E
     87B0   20 45 83   JSR &8345
     87B3   20 1B 83   JSR &831B
     87B6   4C A9 A1   JMP &A1A9
.CMD_DESTROY
     87B9   20 71 9C   JSR &9C71
     87BC   20 2B 82   JSR &822B
.destroyloop1
     87BF   B9 0F 0E   LDA &0E0F,Y
     87C2   30 06      BMI &87CA
     87C4   20 DC 81   JSR &81DC
     87C7   20 7B 83   JSR &837B
.destroylocked1
     87CA   20 85 82   JSR &8285
     87CD   B0 F0      BCS &87BF
     87CF   20 C8 9C   JSR &9CC8
     87D2   D0 29      BNE &87FD
     87D4   20 BA 94   JSR &94BA
     87D7   20 7E 82   JSR &827E
.destroyloop2
     87DA   B9 0F 0E   LDA &0E0F,Y
     87DD   30 03      BMI &87E2
     87DF   20 FE 87   JSR &87FE
.destroylocked2
     87E2   20 85 82   JSR &8285
     87E5   B0 F3      BCS &87DA
     87E7   20 A9 A1   JSR &A1A9
.msgDELETED
     87EA   20 99 80   JSR &8099
     87ED   44 65 6C ...
     87F4   0D
.Y_add8
     87F5   C8         INY
.Y_add7
     87F6   C8         INY
     87F7   C8         INY
     87F8   C8         INY
     87F9   C8         INY
     87FA   C8         INY
     87FB   C8         INY
     87FC   C8         INY
.Y_rts
     87FD   60         RTS
.DeleteCatEntry_AdjustPtr
     87FE   20 1B 83   JSR &831B
     8801   A4 B6      LDY &B6
     8803   20 C3 82   JSR &82C3
     8806   84 B6      STY &B6
     8808   60         RTS
.CMD_DRIVE
     8809   20 09 8C   JSR &8C09
     880C   8D CA 10   STA &10CA
     880F   60         RTS
.osfileFF_loadfiletoaddr
     8810   20 36 82   JSR &8236
     8813   20 C2 93   JSR &93C2
     8816   20 95 83   JSR &8395
.LoadFile_Ycatoffset
     8819   84 BA      STY &BA
     881B   A2 00      LDX #&00
     881D   A5 BE      LDA &BE
     881F   D0 06      BNE &8827
     8821   C8         INY
     8822   C8         INY
     8823   A2 02      LDX #&02
     8825   D0 08      BNE &882F
.loadAtLoadAddr
     8827   B9 0E 0F   LDA &0F0E,Y
     882A   85 C2      STA &C2
     882C   20 C6 8B   JSR &8BC6
.load_copyfileinfo_loop
     882F   B9 08 0F   LDA &0F08,Y
     8832   95 BC      STA &BC,X
     8834   C8         INY
     8835   E8         INX
     8836   E0 08      CPX #&08
     8838   D0 F5      BNE &882F
     883A   20 E0 8B   JSR &8BE0
     883D   A4 BA      LDY &BA
     883F   20 45 83   JSR &8345
.LoadMemBlockEX
.LoadMemBlock
     8842   A9 85      LDA #&85
     8844   D0 0B      BNE &8851
.osfile0_savememblock
     8846   20 AB 8A   JSR &8AAB
     8849   20 C2 93   JSR &93C2
     884C   20 95 83   JSR &8395
.SaveMemBlock
     884F   A9 A5      LDA #&A5
.exec_block_rw
     8851   8D B6 10   STA &10B6
     8854   A9 05      LDA #&05
     8856   8D B5 10   STA &10B5
     8859   A5 CD      LDA &CD
     885B   8D B0 10   STA &10B0
     885E   A2 02      LDX #&02
.loop0
     8860   B5 BB      LDA &BB,X
     8862   9D B0 10   STA &10B0,X
     8865   BD 73 10   LDA &1073,X
     8868   9D B2 10   STA &10B2,X
     886B   CA         DEX
     886C   D0 F2      BNE &8860
     886E   A5 C2      LDA &C2
     8870   29 03      AND #&03
     8872   AA         TAX
     8873   A5 C3      LDA &C3
     8875   A0 FF      LDY #&FF
.loop1
     8877   38         SEC
.loop2
     8878   C8         INY
     8879   E9 0A      SBC #&0A
     887B   B0 FB      BCS &8878
     887D   CA         DEX
     887E   10 F7      BPL &8877
     8880   69 0A      ADC #&0A
     8882   8C B7 10   STY &10B7
     8885   8D B8 10   STA &10B8
     8888   A5 C1      LDA &C1
     888A   8D B9 10   STA &10B9
     888D   A5 C2      LDA &C2
     888F   4A         LSR A
     8890   4A         LSR A
     8891   4A         LSR A
     8892   4A         LSR A
     8893   29 03      AND #&03
     8895   8D BA 10   STA &10BA
     8898   A5 C0      LDA &C0
     889A   8D BB 10   STA &10BB
     889D   20 FA A1   JSR &A1FA
     88A0   A9 01      LDA #&01
     88A2   60         RTS
.fscv2_4_11_starRUN
     88A3   20 BA 81   JSR &81BA
.NotCmdTable4
.SetWordBA_txtptr
     88A6   A9 FF      LDA #&FF
     88A8   85 BE      STA &BE
     88AA   A5 F2      LDA &F2
     88AC   85 BA      STA &BA
     88AE   A5 F3      LDA &F3
     88B0   85 BB      STA &BB
     88B2   8C DA 10   STY &10DA
     88B5   20 50 81   JSR &8150
     88B8   8C D9 10   STY &10D9
     88BB   20 7E 82   JSR &827E
     88BE   B0 21      BCS &88E1
     88C0   AC DA 10   LDY &10DA
     88C3   AD CB 10   LDA &10CB
     88C6   85 CC      STA &CC
     88C8   AD CC 10   LDA &10CC
     88CB   85 CD      STA &CD
     88CD   20 53 81   JSR &8153
     88D0   20 7E 82   JSR &827E
     88D3   B0 0C      BCS &88E1
.errBADCOMMAND
     88D5   20 52 80   JSR &8052
     88D8   FE
     88D9   63 6F 6D ...
     88E0   00
.runfile_found
     88E1   B9 0E 0F   LDA &0F0E,Y
     88E4   20 16 82   JSR &8216
     88E7   C9 03      CMP #&03
     88E9   D0 42      BNE &892D
     88EB   B9 0A 0F   LDA &0F0A,Y
     88EE   39 0B 0F   AND &0F0B,Y
     88F1   C9 FF      CMP #&FF
     88F3   D0 38      BNE &892D
     88F5   A2 06      LDX #&06
.runfile_exec_loop
     88F7   BD 00 10   LDA &1000,X
     88FA   9D 07 10   STA &1007,X
     88FD   CA         DEX
     88FE   10 F7      BPL &88F7
     8900   A9 0D      LDA #&0D
     8902   8D 0E 10   STA &100E
     8905   A9 45      LDA #&45
     8907   8D 00 10   STA &1000
     890A   A9 3A      LDA #&3A
     890C   8D 02 10   STA &1002
     890F   A5 CD      LDA &CD
     8911   09 30      ORA #&30
     8913   8D 03 10   STA &1003
     8916   A9 2E      LDA #&2E
     8918   8D 01 10   STA &1001
     891B   8D 04 10   STA &1004
     891E   8D 06 10   STA &1006
     8921   A5 CC      LDA &CC
     8923   8D 05 10   STA &1005
     8926   A2 00      LDX #&00
     8928   A0 10      LDY #&10
     892A   4C F7 FF   JMP &FFF7
.runfile_run
     892D   20 19 88   JSR &8819
     8930   18         CLC
     8931   AD D9 10   LDA &10D9
     8934   A8         TAY
     8935   65 F2      ADC &F2
     8937   8D D9 10   STA &10D9
     893A   A5 F3      LDA &F3
     893C   69 00      ADC #&00
     893E   8D DA 10   STA &10DA
     8941   AD 76 10   LDA &1076
     8944   2D 77 10   AND &1077
     8947   0D D6 10   ORA &10D6
     894A   C9 FF      CMP #&FF
     894C   F0 16      BEQ &8964
     894E   A5 BE      LDA &BE
     8950   8D 74 10   STA &1074
     8953   A5 BF      LDA &BF
     8955   8D 75 10   STA &1075
     8958   20 83 8C   JSR &8C83
     895B   A2 74      LDX #&74
     895D   A0 10      LDY #&10
     895F   A9 04      LDA #&04
     8961   4C 06 04   JMP &0406
.runfile_inhost
     8964   A9 01      LDA #&01
     8966   6C BE 00   JMP (&00BE)
.CMD_DIR
     8969   A2 00      LDX #&00
     896B   F0 02      BEQ &896F
.CMD_LIB
     896D   A2 02      LDX #&02
.setdirlib
     896F   20 A3 89   JSR &89A3
     8972   9D CA 10   STA &10CA,X
     8975   A5 CC      LDA &CC
     8977   9D C9 10   STA &10C9,X
     897A   60         RTS
.SaveStaticToPrivateWorkspace
     897B   20 F4 83   JSR &83F4
     897E   A5 B0      LDA &B0
     8980   48         PHA
     8981   A5 B1      LDA &B1
     8983   48         PHA
     8984   20 FA 93   JSR &93FA
     8987   A0 00      LDY #&00
.stat_loop1
     8989   C0 C0      CPY #&C0
     898B   90 05      BCC &8992
     898D   B9 00 10   LDA &1000,Y
     8990   B0 03      BCS &8995
.stat_Y_lessC0
     8992   B9 00 11   LDA &1100,Y
.stat_Y_gtreqC0
     8995   91 B0      STA (&B0),Y
     8997   C8         INY
     8998   C0 F1      CPY #&F1
     899A   D0 ED      BNE &8989
     899C   68         PLA
     899D   85 B1      STA &B1
     899F   68         PLA
     89A0   85 B0      STA &B0
     89A2   60         RTS
.ReadDirDrvParameters
     89A3   AD C9 10   LDA &10C9
     89A6   85 CC      STA &CC
     89A8   20 C1 81   JSR &81C1
     89AB   D0 05      BNE &89B2
     89AD   A9 00      LDA #&00
     89AF   85 CD      STA &CD
     89B1   60         RTS
.ReadDirDrvParameters2
     89B2   20 FC 8B   JSR &8BFC
.rdd_loop
     89B5   20 A6 81   JSR &81A6
     89B8   B0 10      BCS &89CA
     89BA   C9 3A      CMP #&3A
     89BC   D0 14      BNE &89D2
     89BE   20 0C 8C   JSR &8C0C
     89C1   20 A6 81   JSR &81A6
     89C4   B0 13      BCS &89D9
     89C6   C9 2E      CMP #&2E
     89C8   F0 EB      BEQ &89B5
.errBADDIRECTORY
     89CA   20 52 80   JSR &8052
     89CD   CE
     89CE   64 69 72 
     89D1   00
.rdd_exit2
     89D2   85 CC      STA &CC
     89D4   20 A6 81   JSR &81A6
     89D7   90 F1      BCC &89CA
.rdd_exit1
     89D9   A5 CD      LDA &CD
     89DB   60         RTS
.CMD_TITLE
     89DC   20 8C 9A   JSR &9A8C
     89DF   20 9F A1   JSR &A19F
     89E2   A2 0B      LDX #&0B
     89E4   A9 00      LDA #&00
.cmdtit_loop1
     89E6   20 FC 89   JSR &89FC
     89E9   CA         DEX
     89EA   10 FA      BPL &89E6
.cmdtit_loop2
     89EC   E8         INX
     89ED   20 A6 81   JSR &81A6
     89F0   B0 07      BCS &89F9
     89F2   20 FC 89   JSR &89FC
     89F5   E0 0B      CPX #&0B
     89F7   90 F3      BCC &89EC
.cmdtit_savecat
     89F9   4C A9 A1   JMP &A1A9
.SetDiskTitleChr_Xpos
     89FC   E0 08      CPX #&08
     89FE   90 04      BCC &8A04
     8A00   9D F8 0E   STA &0EF8,X
     8A03   60         RTS
.setdisttit_page
     8A04   9D 00 0E   STA &0E00,X
     8A07   60         RTS
.CMD_ACCESS
     8A08   20 EB 92   JSR &92EB
     8A0B   20 8C 9A   JSR &9A8C
     8A0E   20 4A 81   JSR &814A
     8A11   A2 00      LDX #&00
     8A13   20 C1 81   JSR &81C1
     8A16   D0 1F      BNE &8A37
.cmdac_flag
     8A18   86 AA      STX &AA
     8A1A   20 39 82   JSR &8239
.cmdac_filefound
     8A1D   20 A3 93   JSR &93A3
     8A20   B9 0F 0E   LDA &0E0F,Y
     8A23   29 7F      AND #&7F
     8A25   05 AA      ORA &AA
     8A27   99 0F 0E   STA &0E0F,Y
     8A2A   20 45 83   JSR &8345
     8A2D   20 85 82   JSR &8285
     8A30   B0 EB      BCS &8A1D
.jmp_savecattodisk
     8A32   4C A9 A1   JMP &A1A9
.cmdac_paramloop
     8A35   A2 80      LDX #&80
.cmdac_getparam
     8A37   20 A6 81   JSR &81A6
     8A3A   B0 DC      BCS &8A18
     8A3C   29 5F      AND #&5F
     8A3E   C9 4C      CMP #&4C
     8A40   F0 F3      BEQ &8A35
.errBADATTRIBUTE
     8A42   20 52 80   JSR &8052
     8A45   CF
     8A46   61 74 74 ...
     8A4F   00
.fscv0_starOPT
     8A50   20 F4 83   JSR &83F4
     8A53   8A         TXA
     8A54   C9 04      CMP #&04
     8A56   F0 1E      BEQ &8A76
     8A58   C9 05      CMP #&05
     8A5A   F0 34      BEQ &8A90
     8A5C   C9 02      CMP #&02
     8A5E   90 0B      BCC &8A6B
.errBADOPTION
     8A60   20 52 80   JSR &8052
     8A63   CB
     8A64   6F 70 74 ...
     8A6A   00
.opts0_1
     8A6B   A2 FF      LDX #&FF
     8A6D   98         TYA
     8A6E   F0 02      BEQ &8A72
     8A70   A2 00      LDX #&00
.opts0_1_Y0
     8A72   8E C6 10   STX &10C6
     8A75   60         RTS
.SetBootOption_Yoption
     8A76   98         TYA
     8A77   48         PHA
     8A78   20 F7 8B   JSR &8BF7
     8A7B   20 A5 A1   JSR &A1A5
     8A7E   68         PLA
     8A7F   20 26 82   JSR &8226
     8A82   4D 06 0F   EOR &0F06
     8A85   29 30      AND #&30
     8A87   4D 06 0F   EOR &0F06
     8A8A   8D 06 0F   STA &0F06
     8A8D   4C A9 A1   JMP &A1A9
.DiskTrapOption
     8A90   98         TYA
     8A91   08         PHP
     8A92   A6 F4      LDX &F4
     8A94   BD F0 0D   LDA &0DF0,X
     8A97   29 BF      AND #&BF
     8A99   28         PLP
     8A9A   F0 02      BEQ &8A9E
     8A9C   09 40      ORA #&40
.skip
     8A9E   9D F0 0D   STA &0DF0,X
     8AA1   60         RTS
.errDISKFULL
     8AA2   20 47 80   JSR &8047
     8AA5   C6
     8AA6   66 75 6C ...
     8AAA   00
.CreateFile_FSP
     8AAB   20 50 81   JSR &8150
     8AAE   20 7E 82   JSR &827E
     8AB1   90 03      BCC &8AB6
     8AB3   20 1B 83   JSR &831B
.createfile_nodel
     8AB6   A5 C0      LDA &C0
     8AB8   48         PHA
     8AB9   A5 C1      LDA &C1
     8ABB   48         PHA
     8ABC   38         SEC
     8ABD   A5 C2      LDA &C2
     8ABF   E5 C0      SBC &C0
     8AC1   85 C0      STA &C0
     8AC3   A5 C3      LDA &C3
     8AC5   E5 C1      SBC &C1
     8AC7   85 C1      STA &C1
     8AC9   AD 7A 10   LDA &107A
     8ACC   ED 78 10   SBC &1078
     8ACF   20 00 8B   JSR &8B00
     8AD2   AD 79 10   LDA &1079
     8AD5   8D 75 10   STA &1075
     8AD8   AD 78 10   LDA &1078
     8ADB   8D 74 10   STA &1074
     8ADE   68         PLA
     8ADF   85 BD      STA &BD
     8AE1   68         PLA
     8AE2   85 BC      STA &BC
     8AE4   60         RTS
.CreateFile_3
     8AE5   85 CD      STA &CD
     8AE7   A5 CC      LDA &CC
     8AE9   48         PHA
     8AEA   20 A2 A1   JSR &A1A2
     8AED   20 89 82   JSR &8289
     8AF0   90 03      BCC &8AF5
     8AF2   20 1B 83   JSR &831B
.cd_writedest_cat_nodel
     8AF5   68         PLA
     8AF6   85 CC      STA &CC
     8AF8   20 DD 8B   JSR &8BDD
     8AFB   A5 C2      LDA &C2
     8AFD   20 18 82   JSR &8218
.CreateFile_2
     8B00   85 C4      STA &C4
     8B02   A9 00      LDA #&00
     8B04   85 C2      STA &C2
     8B06   A9 02      LDA #&02
     8B08   85 C3      STA &C3
     8B0A   AC 05 0F   LDY &0F05
     8B0D   C0 F8      CPY #&F8
     8B0F   90 31      BCC &8B42
.errCATALOGUEFULL
     8B11   20 5C 80   JSR &805C
     8B14   BE
     8B15   43 61 74 ...
     8B1D   00
.cfile_loop
     8B1E   F0 82      BEQ &8AA2
     8B20   20 C3 82   JSR &82C3
     8B23   B9 0E 0F   LDA &0F0E,Y
     8B26   20 18 82   JSR &8218
     8B29   85 C2      STA &C2
     8B2B   18         CLC
     8B2C   A9 FF      LDA #&FF
     8B2E   79 0C 0F   ADC &0F0C,Y
     8B31   B9 0F 0F   LDA &0F0F,Y
     8B34   79 0D 0F   ADC &0F0D,Y
     8B37   85 C3      STA &C3
     8B39   B9 0E 0F   LDA &0F0E,Y
     8B3C   29 03      AND #&03
     8B3E   65 C2      ADC &C2
     8B40   85 C2      STA &C2
.Getfirstblock_Yoffset
     8B42   38         SEC
     8B43   B9 07 0F   LDA &0F07,Y
     8B46   E5 C3      SBC &C3
     8B48   48         PHA
     8B49   B9 06 0F   LDA &0F06,Y
     8B4C   29 03      AND #&03
     8B4E   E5 C2      SBC &C2
     8B50   AA         TAX
     8B51   A9 00      LDA #&00
     8B53   C5 C0      CMP &C0
     8B55   68         PLA
     8B56   E5 C1      SBC &C1
     8B58   8A         TXA
     8B59   E5 C4      SBC &C4
     8B5B   98         TYA
     8B5C   90 C0      BCC &8B1E
     8B5E   84 B0      STY &B0
     8B60   AC 05 0F   LDY &0F05
.cfile_insertfileloop
     8B63   C4 B0      CPY &B0
     8B65   F0 0F      BEQ &8B76
     8B67   B9 07 0E   LDA &0E07,Y
     8B6A   99 0F 0E   STA &0E0F,Y
     8B6D   B9 07 0F   LDA &0F07,Y
     8B70   99 0F 0F   STA &0F0F,Y
     8B73   88         DEY
     8B74   B0 ED      BCS &8B63
.cfile_atcatentry
     8B76   AD 76 10   LDA &1076
     8B79   29 03      AND #&03
     8B7B   0A         ASL A
     8B7C   0A         ASL A
     8B7D   45 C4      EOR &C4
     8B7F   29 FC      AND #&FC
     8B81   45 C4      EOR &C4
     8B83   0A         ASL A
     8B84   0A         ASL A
     8B85   4D 74 10   EOR &1074
     8B88   29 FC      AND #&FC
     8B8A   4D 74 10   EOR &1074
     8B8D   0A         ASL A
     8B8E   0A         ASL A
     8B8F   45 C2      EOR &C2
     8B91   29 FC      AND #&FC
     8B93   45 C2      EOR &C2
     8B95   85 C2      STA &C2
     8B97   A2 00      LDX #&00
     8B99   98         TYA
     8B9A   48         PHA
.cfile_copyfnloop
     8B9B   B5 C5      LDA &C5,X
     8B9D   99 08 0E   STA &0E08,Y
     8BA0   B5 BC      LDA &BC,X
     8BA2   99 08 0F   STA &0F08,Y
     8BA5   C8         INY
     8BA6   E8         INX
     8BA7   E0 08      CPX #&08
     8BA9   D0 F0      BNE &8B9B
     8BAB   68         PLA
     8BAC   A8         TAY
     8BAD   48         PHA
     8BAE   20 45 83   JSR &8345
     8BB1   AC 05 0F   LDY &0F05
     8BB4   20 F5 87   JSR &87F5
     8BB7   8C 05 0F   STY &0F05
     8BBA   20 A9 A1   JSR &A1A9
     8BBD   68         PLA
     8BBE   A8         TAY
     8BBF   60         RTS
.CMD_ENABLE
     8BC0   A9 01      LDA #&01
     8BC2   8D C7 10   STA &10C7
     8BC5   60         RTS
.LoadAddrHi2
     8BC6   A9 00      LDA #&00
     8BC8   8D 75 10   STA &1075
     8BCB   A5 C2      LDA &C2
     8BCD   29 08      AND #&08
     8BCF   8D 74 10   STA &1074
     8BD2   F0 08      BEQ &8BDC
.SetLoadAddrToHost
     8BD4   A9 FF      LDA #&FF
     8BD6   8D 75 10   STA &1075
     8BD9   8D 74 10   STA &1074
.ldadd_nothost
     8BDC   60         RTS
.LoadandEexeAddrHi2
     8BDD   20 C6 8B   JSR &8BC6
.ExecAddrHi2
     8BE0   A9 00      LDA #&00
     8BE2   8D 77 10   STA &1077
     8BE5   A5 C2      LDA &C2
     8BE7   20 16 82   JSR &8216
     8BEA   C9 03      CMP #&03
     8BEC   D0 05      BNE &8BF3
     8BEE   A9 FF      LDA #&FF
     8BF0   8D 77 10   STA &1077
.exadd_nothost
     8BF3   8D 76 10   STA &1076
     8BF6   60         RTS
.Set_CurDirDrv_ToDefaults
     8BF7   AD C9 10   LDA &10C9
     8BFA   85 CC      STA &CC
.Set_CurDrv_ToDefault
     8BFC   AD CA 10   LDA &10CA
.SetCurrentDrive_Adrive
     8BFF   29 03      AND #&03
.SetCurrentDrive_Adrive_noand
     8C01   85 CD      STA &CD
     8C03   60         RTS
.Param_OptionalDriveNo
     8C04   20 C1 81   JSR &81C1
     8C07   F0 F3      BEQ &8BFC
.Param_DriveNo_Syntax
     8C09   20 8C 9A   JSR &9A8C
.Param_DriveNo_BadDrive
     8C0C   20 A6 81   JSR &81A6
     8C0F   B0 0B      BCS &8C1C
     8C11   C9 3A      CMP #&3A
     8C13   F0 F7      BEQ &8C0C
     8C15   38         SEC
     8C16   E9 30      SBC #&30
     8C18   C9 04      CMP #&04
     8C1A   90 E5      BCC &8C01
.errBADDRIVE
     8C1C   20 52 80   JSR &8052
     8C1F   CD
     8C20   64 72 69 ...
     8C25   00
.CMD_RENAME
     8C26   20 E2 92   JSR &92E2
     8C29   20 8C 9A   JSR &9A8C
     8C2C   20 4A 81   JSR &814A
     8C2F   98         TYA
     8C30   48         PHA
     8C31   20 39 82   JSR &8239
     8C34   20 A0 93   JSR &93A0
     8C37   84 C4      STY &C4
     8C39   68         PLA
     8C3A   A8         TAY
     8C3B   20 8C 9A   JSR &9A8C
     8C3E   A5 CD      LDA &CD
     8C40   48         PHA
     8C41   20 4A 81   JSR &814A
     8C44   68         PLA
     8C45   C5 CD      CMP &CD
     8C47   D0 14      BNE &8C5D
     8C49   20 7E 82   JSR &827E
     8C4C   90 12      BCC &8C60
     8C4E   C4 C4      CPY &C4
     8C50   F0 0E      BEQ &8C60
.errFILEEXISTS
     8C52   20 5C 80   JSR &805C
     8C55   C4
     8C56   45 78 69 ...
     8C5C   00
.jmpBADDRIVE
     8C5D   4C 1C 8C   JMP &8C1C
.rname_ok
     8C60   A4 C4      LDY &C4
     8C62   20 F5 87   JSR &87F5
     8C65   A2 07      LDX #&07
.rname_loop
     8C67   B5 C5      LDA &C5,X
     8C69   99 07 0E   STA &0E07,Y
     8C6C   88         DEY
     8C6D   CA         DEX
     8C6E   10 F7      BPL &8C67
     8C70   4C A9 A1   JMP &A1A9
.TUBE_CheckIfPresent
     8C73   A9 EA      LDA #&EA
     8C75   A2 00      LDX #&00
     8C77   A0 FF      LDY #&FF
     8C79   20 F4 FF   JSR &FFF4
     8C7C   8A         TXA
     8C7D   49 FF      EOR #&FF
     8C7F   8D D6 10   STA &10D6
     8C82   60         RTS
.TUBE_CLAIM
     8C83   48         PHA
.tclaim_loop
     8C84   A9 CA      LDA #&CA
     8C86   20 06 04   JSR &0406
     8C89   90 F9      BCC &8C84
     8C8B   68         PLA
     8C8C   60         RTS
.TUBE_RELEASE
     8C8D   20 73 8C   JSR &8C73
     8C90   30 07      BMI &8C99
.TUBE_RELEASE_NoCheck
     8C92   48         PHA
     8C93   A9 8A      LDA #&8A
     8C95   20 06 04   JSR &0406
     8C98   68         PLA
.trelease_exit
     8C99   60         RTS
.CheckESCAPE
     8C9A   24 FF      BIT &FF
     8C9C   10 1F      BPL &8CBD
.ReportESCAPE
     8C9E   A9 7E      LDA #&7E
     8CA0   20 F4 FF   JSR &FFF4
     8CA3   20 6C 80   JSR &806C
     8CA6   11
     8CA7   45 73 63 ...
     8CAD   00
.PrintHex100
     8CAE   48         PHA
     8CAF   20 20 82   JSR &8220
     8CB2   20 B6 8C   JSR &8CB6
     8CB5   68         PLA
.PrintNib100
     8CB6   20 25 81   JSR &8125
     8CB9   9D 00 01   STA &0100,X
     8CBC   E8         INX
.noesc
     8CBD   60         RTS
.BootOptions
     8CBE   4C 2E 21 ...
     8CC5   0D
     8CC6   45 2E 21 ...
     8CCD   0D
.AUTOBOOT
     8CCE   A5 B3      LDA &B3
     8CD0   20 99 80   JSR &8099
Macro BOOT_NAME:
Macro BASE_NAME:
     8CD3   4D 6F 64 ...
Macro SYSTEM_NAME:
     8CDB   4D 4D 46 ...
End macro SYSTEM_NAME
End macro BASE_NAME
Macro DEVICE_NAME:
     8CE0   20 50 69 ...
End macro DEVICE_NAME
Macro DFS_EMUL_NAME:
End macro DFS_EMUL_NAME
     8CE7   0D
     8CE8   0D
End macro BOOT_NAME
     8CE9   90 0C      BCC &8CF7
.CMD_DISC
     8CEB   A6 F4      LDX &F4
     8CED   BD F0 0D   LDA &0DF0,X
     8CF0   29 40      AND #&40
     8CF2   F0 01      BEQ &8CF5
     8CF4   60         RTS
.CMD_CARD
     8CF5   A9 FF      LDA #&FF
.initMMFS
     8CF7   20 A2 96   JSR &96A2
     8CFA   48         PHA
     8CFB   A9 06      LDA #&06
     8CFD   20 32 80   JSR &8032
     8D00   A2 0D      LDX #&0D
.vectloop
     8D02   BD 0F 94   LDA &940F,X
     8D05   9D 12 02   STA &0212,X
     8D08   CA         DEX
     8D09   10 F7      BPL &8D02
     8D0B   A9 A8      LDA #&A8
     8D0D   20 08 94   JSR &9408
     8D10   84 B1      STY &B1
     8D12   86 B0      STX &B0
     8D14   A2 07      LDX #&07
     8D16   A0 1B      LDY #&1B
.extendedvec_loop
     8D18   B9 02 94   LDA &9402,Y
     8D1B   91 B0      STA (&B0),Y
     8D1D   C8         INY
     8D1E   B9 02 94   LDA &9402,Y
     8D21   91 B0      STA (&B0),Y
     8D23   C8         INY
     8D24   A5 F4      LDA &F4
     8D26   91 B0      STA (&B0),Y
     8D28   C8         INY
     8D29   CA         DEX
     8D2A   D0 EC      BNE &8D18
     8D2C   8C 82 10   STY &1082
     8D2F   8C 83 10   STY &1083
     8D32   86 CD      STX &CD
     8D34   8E AF 10   STX &10AF
     8D37   A2 0F      LDX #&0F
     8D39   A9 8F      LDA #&8F
     8D3B   20 F4 FF   JSR &FFF4
     8D3E   20 FA 93   JSR &93FA
     8D41   A0 D3      LDY #&D3
     8D43   B1 B0      LDA (&B0),Y
     8D45   10 37      BPL &8D7E
     8D47   A0 D4      LDY #&D4
     8D49   B1 B0      LDA (&B0),Y
     8D4B   30 5E      BMI &8DAB
     8D4D   20 E3 93   JSR &93E3
     8D50   A0 00      LDY #&00
.copyfromPWStoSWS_loop
     8D52   B1 B0      LDA (&B0),Y
     8D54   C0 C0      CPY #&C0
     8D56   90 05      BCC &8D5D
     8D58   99 00 10   STA &1000,Y
     8D5B   B0 03      BCS &8D60
.copyfromPWS1
     8D5D   99 00 11   STA &1100,Y
.copyfromPWS2
     8D60   88         DEY
     8D61   D0 EF      BNE &8D52
     8D63   20 59 A1   JSR &A159
     8D66   CD F0 10   CMP &10F0
     8D69   D0 16      BNE &8D81
     8D6B   A9 A0      LDA #&A0
.setchansloop
     8D6D   A8         TAY
     8D6E   48         PHA
     8D6F   A9 3F      LDA #&3F
     8D71   20 4E 98   JSR &984E
     8D74   68         PLA
     8D75   99 1D 11   STA &111D,Y
     8D78   E9 1F      SBC #&1F
     8D7A   D0 F1      BNE &8D6D
     8D7C   F0 2D      BEQ &8DAB
.initdfs_reset
     8D7E   20 E3 93   JSR &93E3
.setdefaults
     8D81   A9 20      LDA #&20
     8D83   8D C0 11   STA &11C0
     8D86   8D D0 11   STA &11D0
     8D89   A9 24      LDA #&24
     8D8B   8D C9 10   STA &10C9
     8D8E   8D CB 10   STA &10CB
     8D91   A9 00      LDA #&00
     8D93   8D CC 10   STA &10CC
     8D96   A0 00      LDY #&00
     8D98   8C CA 10   STY &10CA
     8D9B   8C C0 10   STY &10C0
     8D9E   88         DEY
     8D9F   8C C7 10   STY &10C7
     8DA2   8C C6 10   STY &10C6
     8DA5   8C DD 10   STY &10DD
     8DA8   20 DF 8D   JSR &8DDF
.initdfs_noreset
     8DAB   20 73 8C   JSR &8C73
     8DAE   A9 FD      LDA #&FD
     8DB0   20 08 94   JSR &9408
     8DB3   E0 00      CPX #&00
     8DB5   F0 06      BEQ &8DBD
     8DB7   20 F7 A5   JSR &A5F7
     8DBA   20 DD AB   JSR &ABDD
.skipautoload
     8DBD   68         PLA
     8DBE   D0 0B      BNE &8DCB
     8DC0   20 A5 A1   JSR &A1A5
     8DC3   AD 06 0F   LDA &0F06
     8DC6   20 20 82   JSR &8220
     8DC9   D0 01      BNE &8DCC
.initdfs_exit
     8DCB   60         RTS
.notOPT0
     8DCC   A0 8C      LDY #&8C
     8DCE   A2 BE      LDX #&BE
     8DD0   C9 02      CMP #&02
     8DD2   90 08      BCC &8DDC
     8DD4   F0 04      BEQ &8DDA
     8DD6   A2 C6      LDX #&C6
     8DD8   D0 02      BNE &8DDC
.oscliOPT2
     8DDA   A2 C8      LDX #&C8
.jmpOSCLI
     8DDC   4C F7 FF   JMP &FFF7
.VIDRESET
     8DDF   A0 0F      LDY #&0F
     8DE1   A9 00      LDA #&00
.loop
     8DE3   99 E0 10   STA &10E0,Y
     8DE6   88         DEY
     8DE7   10 FA      BPL &8DE3
     8DE9   A9 01      LDA #&01
     8DEB   8D F0 10   STA &10F0
     8DEE   60         RTS
.MMFS_SERVICECALLS
     8DEF   20 EA B4   JSR &B4EA
     8DF2   48         PHA
     8DF3   BD F0 0D   LDA &0DF0,X
     8DF6   30 1E      BMI &8E16
.lbl1
     8DF8   68         PLA
     8DF9   C9 12      CMP #&12
     8DFB   F0 31      BEQ &8E2E
     8DFD   C9 0B      CMP #&0B
     8DFF   B0 14      BCS &8E15
.label4
     8E01   0A         ASL A
     8E02   AA         TAX
     8E03   BD 19 8E   LDA &8E19,X
     8E06   48         PHA
     8E07   BD 18 8E   LDA &8E18,X
     8E0A   48         PHA
     8E0B   8A         TXA
     8E0C   A6 F4      LDX &F4
     8E0E   4A         LSR A
     8E0F   C9 0B      CMP #&0B
     8E11   90 02      BCC &8E15
     8E13   69 15      ADC #&15
.label3
.SERVICE_NULL
     8E15   60         RTS
.romdisabled
     8E16   68         PLA
     8E17   60         RTS
.data
     8E18   14 8E
     8E1A   37 8E
     8E1C   3E 8E
     8E1E   7F 8E
     8E20   98 8E
     8E22   14 8E
     8E24   14 8E
     8E26   14 8E
     8E28   A4 8E
     8E2A   02 8F
     8E2C   13 8F
.SERVICE12_init_filesystem
Macro BP12K_NEST:
End macro BP12K_NEST
     8E2E   C0 04      CPY #&04
     8E30   D0 E3      BNE &8E15
     8E32   20 F4 83   JSR &83F4
     8E35   4C F5 8C   JMP &8CF5
.SERVICE01_claim_absworkspace
     8E38   C0 17      CPY #&17
     8E3A   B0 02      BCS &8E3E
     8E3C   A0 17      LDY #&17
.exit
     8E3E   60         RTS
.SERVICE02_claim_privworkspace
     8E3F   98         TYA
     8E40   48         PHA
     8E41   85 B1      STA &B1
     8E43   BC F0 0D   LDY &0DF0,X
     8E46   98         TYA
     8E47   29 40      AND #&40
     8E49   05 B1      ORA &B1
     8E4B   9D F0 0D   STA &0DF0,X
     8E4E   A9 00      LDA #&00
     8E50   85 B0      STA &B0
     8E52   C4 B1      CPY &B1
     8E54   F0 04      BEQ &8E5A
     8E56   A0 D3      LDY #&D3
     8E58   91 B0      STA (&B0),Y
.samepage
     8E5A   A9 FD      LDA #&FD
     8E5C   20 08 94   JSR &9408
     8E5F   CA         DEX
     8E60   8A         TXA
     8E61   A0 D3      LDY #&D3
     8E63   31 B0      AND (&B0),Y
     8E65   91 B0      STA (&B0),Y
     8E67   08         PHP
     8E68   C8         INY
     8E69   28         PLP
     8E6A   10 07      BPL &8E73
     8E6C   B1 B0      LDA (&B0),Y
     8E6E   10 03      BPL &8E73
     8E70   20 7B 89   JSR &897B
.notsoft
     8E73   A9 00      LDA #&00
     8E75   91 B0      STA (&B0),Y
     8E77   A6 F4      LDX &F4
     8E79   68         PLA
     8E7A   A8         TAY
     8E7B   A9 02      LDA #&02
     8E7D   C8         INY
     8E7E   C8         INY
.srv3_exit
     8E7F   60         RTS
.SERVICE03_autoboot
Macro BP12K_NEST:
End macro BP12K_NEST
     8E80   20 F4 83   JSR &83F4
     8E83   84 B3      STY &B3
     8E85   A9 7A      LDA #&7A
     8E87   20 F4 FF   JSR &FFF4
     8E8A   8A         TXA
     8E8B   30 09      BMI &8E96
     8E8D   C9 65      CMP #&65
     8E8F   D0 EE      BNE &8E7F
     8E91   A9 78      LDA #&78
     8E93   20 F4 FF   JSR &FFF4
.jmpAUTOBOOT
     8E96   4C CE 8C   JMP &8CCE
.SERVICE04_unrec_command
Macro BP12K_NEST:
End macro BP12K_NEST
     8E99   20 F4 83   JSR &83F4
     8E9C   A2 92      LDX #&92
.jmpunreccmd
     8E9E   4C 2D 87   JMP &872D
.NotCmdTable22
     8EA1   A2 76      LDX #&76
     8EA3   D0 F9      BNE &8E9E
.SERVICE08_unrec_OSWORD
Macro BP12K_NEST:
End macro BP12K_NEST
     8EA5   20 F4 83   JSR &83F4
     8EA8   A4 EF      LDY &EF
     8EAA   30 2F      BMI &8EDB
     8EAC   C0 7D      CPY #&7D
     8EAE   90 2B      BCC &8EDB
     8EB0   AD 13 02   LDA &0213
     8EB3   C9 FF      CMP #&FF
     8EB5   D0 24      BNE &8EDB
     8EB7   AD 12 02   LDA &0212
     8EBA   C9 1B      CMP #&1B
     8EBC   D0 1D      BNE &8EDB
     8EBE   AD BC 0D   LDA &0DBC
     8EC1   C5 F4      CMP &F4
     8EC3   D0 16      BNE &8EDB
     8EC5   20 A2 96   JSR &96A2
     8EC8   A6 F0      LDX &F0
     8ECA   86 B0      STX &B0
     8ECC   A6 F1      LDX &F1
     8ECE   86 B1      STX &B1
     8ED0   A4 EF      LDY &EF
     8ED2   C8         INY
     8ED3   10 07      BPL &8EDC
     8ED5   08         PHP
     8ED6   58         CLI
     8ED7   20 49 AF   JSR &AF49
     8EDA   28         PLP
.notMMFS
.exit
     8EDB   60         RTS
.notOSWORD7F
     8EDC   20 9F A1   JSR &A19F
     8EDF   C8         INY
     8EE0   30 08      BMI &8EEA
     8EE2   A0 00      LDY #&00
     8EE4   AD 04 0F   LDA &0F04
     8EE7   91 B0      STA (&B0),Y
     8EE9   60         RTS
.OSWORD7E
     8EEA   A9 00      LDA #&00
     8EEC   A8         TAY
     8EED   91 B0      STA (&B0),Y
     8EEF   C8         INY
     8EF0   AD 07 0F   LDA &0F07
     8EF3   91 B0      STA (&B0),Y
     8EF5   C8         INY
     8EF6   AD 06 0F   LDA &0F06
     8EF9   29 03      AND #&03
     8EFB   91 B0      STA (&B0),Y
     8EFD   C8         INY
     8EFE   A9 00      LDA #&00
     8F00   91 B0      STA (&B0),Y
     8F02   60         RTS
.SERVICE09_help
     8F03   20 F4 83   JSR &83F4
     8F06   B1 F2      LDA (&F2),Y
     8F08   A2 A8      LDX #&A8
     8F0A   C9 0D      CMP #&0D
     8F0C   D0 90      BNE &8E9E
     8F0E   98         TYA
     8F0F   A0 03      LDY #&03
     8F11   4C 37 9A   JMP &9A37
.SERVICE0A_claim_statworkspace
     8F14   20 F4 83   JSR &83F4
     8F17   20 FA 93   JSR &93FA
     8F1A   A0 D4      LDY #&D4
     8F1C   B1 B0      LDA (&B0),Y
     8F1E   10 15      BPL &8F35
     8F20   A0 00      LDY #&00
     8F22   20 8E 96   JSR &968E
     8F25   20 7B 89   JSR &897B
     8F28   20 FA 93   JSR &93FA
     8F2B   A0 D4      LDY #&D4
     8F2D   A9 00      LDA #&00
     8F2F   91 B0      STA (&B0),Y
     8F31   BA         TSX
     8F32   9D 05 01   STA &0105,X
.exit
     8F35   60         RTS
.FILEV_ENTRY
     8F36   20 1D 84   JSR &841D
     8F39   48         PHA
     8F3A   20 E2 92   JSR &92E2
     8F3D   86 B0      STX &B0
     8F3F   8E DB 10   STX &10DB
     8F42   84 B1      STY &B1
     8F44   8C DC 10   STY &10DC
     8F47   A2 00      LDX #&00
     8F49   A0 00      LDY #&00
     8F4B   20 40 81   JSR &8140
.filev_copyparams_loop
     8F4E   20 30 81   JSR &8130
     8F51   C0 12      CPY #&12
     8F53   D0 F9      BNE &8F4E
     8F55   68         PLA
     8F56   AA         TAX
     8F57   E8         INX
     8F58   E0 08      CPX #&08
     8F5A   B0 08      BCS &8F64
     8F5C   BD 52 94   LDA &9452,X
     8F5F   48         PHA
     8F60   BD 4A 94   LDA &944A,X
     8F63   48         PHA
.filev_unknownop
     8F64   A9 00      LDA #&00
     8F66   60         RTS
.FSCV_ENTRY
     8F67   C9 0C      CMP #&0C
     8F69   B0 F9      BCS &8F64
     8F6B   86 B5      STX &B5
     8F6D   AA         TAX
     8F6E   BD 3E 94   LDA &943E,X
     8F71   48         PHA
     8F72   BD 32 94   LDA &9432,X
     8F75   48         PHA
     8F76   8A         TXA
     8F77   A6 B5      LDX &B5
     8F79   60         RTS
.GBPBV_ENTRY
     8F7A   C9 09      CMP #&09
     8F7C   B0 1D      BCS &8F9B
     8F7E   20 F4 83   JSR &83F4
     8F81   20 A2 96   JSR &96A2
     8F84   8E 7D 10   STX &107D
     8F87   8C 7E 10   STY &107E
     8F8A   A8         TAY
     8F8B   4C 3C 91   JMP &913C
.upgbpb
     8F8E   20 9C 8F   JSR &8F9C
     8F91   08         PHP
     8F92   2C 81 10   BIT &1081
     8F95   10 03      BPL &8F9A
     8F97   20 92 8C   JSR &8C92
.gbpb_nottube
     8F9A   28         PLP
.gbpbv_unrecop
     8F9B   60         RTS
.gbpb_gosub
     8F9C   B9 5A 94   LDA &945A,Y
     8F9F   8D D7 10   STA &10D7
     8FA2   B9 63 94   LDA &9463,Y
     8FA5   8D D8 10   STA &10D8
     8FA8   B9 6C 94   LDA &946C,Y
     8FAB   4A         LSR A
     8FAC   08         PHP
     8FAD   4A         LSR A
     8FAE   08         PHP
     8FAF   8D 7F 10   STA &107F
     8FB2   A0 0C      LDY #&0C
.gbpb_ctlblk_loop
     8FB4   B1 B4      LDA (&B4),Y
     8FB6   99 60 10   STA &1060,Y
     8FB9   88         DEY
     8FBA   10 F8      BPL &8FB4
     8FBC   AD 63 10   LDA &1063
     8FBF   2D 64 10   AND &1064
     8FC2   0D D6 10   ORA &10D6
     8FC5   18         CLC
     8FC6   69 01      ADC #&01
     8FC8   F0 06      BEQ &8FD0
     8FCA   20 83 8C   JSR &8C83
     8FCD   18         CLC
     8FCE   A9 FF      LDA #&FF
.gbpb_nottube1
     8FD0   8D 81 10   STA &1081
     8FD3   AD 7F 10   LDA &107F
     8FD6   B0 07      BCS &8FDF
     8FD8   A2 61      LDX #&61
     8FDA   A0 10      LDY #&10
     8FDC   20 06 04   JSR &0406
.gbpb_nottube2
     8FDF   28         PLP
     8FE0   B0 04      BCS &8FE6
     8FE2   28         PLP
.gbpb_jmpsub
     8FE3   6C D7 10   JMP (&10D7)
.gbpb_rw_seqptr
     8FE6   A2 03      LDX #&03
.gbpb_seqptr_loop1
     8FE8   BD 69 10   LDA &1069,X
     8FEB   95 B6      STA &B6,X
     8FED   CA         DEX
     8FEE   10 F8      BPL &8FE8
     8FF0   A2 B6      LDX #&B6
     8FF2   AC 60 10   LDY &1060
     8FF5   A9 00      LDA #&00
     8FF7   28         PLP
     8FF8   B0 03      BCS &8FFD
     8FFA   20 88 99   JSR &9988
.gpbp_dontwriteseqptr
     8FFD   20 ED 96   JSR &96ED
     9000   A2 03      LDX #&03
.gbpb_seqptr_loop2
     9002   B5 B6      LDA &B6,X
     9004   9D 69 10   STA &1069,X
     9007   CA         DEX
     9008   10 F8      BPL &9002
.gbpb_rwdata
     900A   20 DA 90   JSR &90DA
     900D   30 0D      BMI &901C
.gbpb_data_loop
     900F   AC 60 10   LDY &1060
     9012   20 E3 8F   JSR &8FE3
     9015   B0 0D      BCS &9024
     9017   A2 09      LDX #&09
     9019   20 15 91   JSR &9115
.gbpb_data_loopin
     901C   A2 05      LDX #&05
     901E   20 15 91   JSR &9115
     9021   D0 EC      BNE &900F
     9023   18         CLC
.gbpb_data_loopout
     9024   08         PHP
     9025   20 DA 90   JSR &90DA
     9028   A2 05      LDX #&05
     902A   20 15 91   JSR &9115
     902D   20 E8 90   JSR &90E8
     9030   A0 0C      LDY #&0C
.gbpb_restorectlblk_loop
     9032   B9 60 10   LDA &1060,Y
     9035   91 B4      STA (&B4),Y
     9037   88         DEY
     9038   10 F8      BPL &9032
     903A   28         PLP
     903B   60         RTS
.gbpb8_rdfilescurdir
     903C   20 94 A1   JSR &A194
     903F   A9 4B      LDA #&4B
     9041   8D D7 10   STA &10D7
     9044   A9 90      LDA #&90
     9046   8D D8 10   STA &10D8
     9049   D0 BF      BNE &900A
.gbpb8_getbyte
     904B   AC 69 10   LDY &1069
.gbpb8_loop
     904E   CC 05 0F   CPY &0F05
     9051   B0 28      BCS &907B
     9053   B9 0F 0E   LDA &0E0F,Y
     9056   20 37 83   JSR &8337
     9059   45 CC      EOR &CC
     905B   B0 02      BCS &905F
     905D   29 DF      AND #&DF
.gbpb8_notalpha
     905F   29 7F      AND #&7F
     9061   F0 05      BEQ &9068
     9063   20 F5 87   JSR &87F5
     9066   D0 E6      BNE &904E
.gbpb8_filefound
     9068   A9 07      LDA #&07
     906A   20 01 91   JSR &9101
     906D   85 B0      STA &B0
.gbpb8_copyfn_loop
     906F   B9 08 0E   LDA &0E08,Y
     9072   20 01 91   JSR &9101
     9075   C8         INY
     9076   C6 B0      DEC &B0
     9078   D0 F5      BNE &906F
     907A   18         CLC
.gbpb8_endofcat
     907B   8C 69 10   STY &1069
     907E   AD 04 0F   LDA &0F04
     9081   8D 60 10   STA &1060
     9084   60         RTS
.gbpb5_getmediatitle
     9085   20 94 A1   JSR &A194
     9088   A9 0C      LDA #&0C
     908A   20 01 91   JSR &9101
     908D   A0 00      LDY #&00
.gbpb5_titleloop
     908F   C0 08      CPY #&08
     9091   B0 05      BCS &9098
     9093   B9 00 0E   LDA &0E00,Y
     9096   90 03      BCC &909B
.gbpb5_titlehi
     9098   B9 F8 0E   LDA &0EF8,Y
.gbpb5_titlelo
     909B   20 01 91   JSR &9101
     909E   C8         INY
     909F   C0 0C      CPY #&0C
     90A1   D0 EC      BNE &908F
     90A3   AD 06 0F   LDA &0F06
     90A6   20 20 82   JSR &8220
     90A9   20 01 91   JSR &9101
     90AC   A5 CD      LDA &CD
     90AE   4C 01 91   JMP &9101
.gbpb6_rdcurdirdevice
     90B1   20 F8 90   JSR &90F8
     90B4   AD CA 10   LDA &10CA
     90B7   20 F3 90   JSR &90F3
     90BA   AD C9 10   LDA &10C9
     90BD   D0 42      BNE &9101
.gbpb7_rdcurlibdevice
     90BF   20 F8 90   JSR &90F8
     90C2   AD CC 10   LDA &10CC
     90C5   20 F3 90   JSR &90F3
     90C8   AD CB 10   LDA &10CB
     90CB   D0 34      BNE &9101
.gpbp_B8memptr
     90CD   AE 61 10   LDX &1061
     90D0   86 B8      STX &B8
     90D2   AE 62 10   LDX &1062
     90D5   86 B9      STX &B9
     90D7   A2 00      LDX #&00
     90D9   60         RTS
.gbpb_bytesxferinvert
     90DA   A2 03      LDX #&03
.gbpb_bytesxferinvert_loop
     90DC   A9 FF      LDA #&FF
     90DE   5D 65 10   EOR &1065,X
     90E1   9D 65 10   STA &1065,X
     90E4   CA         DEX
     90E5   10 F5      BPL &90DC
     90E7   60         RTS
.gbpb_wordB4_word107D
     90E8   AD 7D 10   LDA &107D
     90EB   85 B4      STA &B4
     90ED   AD 7E 10   LDA &107E
     90F0   85 B5      STA &B5
     90F2   60         RTS
.gbpb_gb_SAVEBYTE_and_gbpb_SAVE_01
     90F3   09 30      ORA #&30
     90F5   20 01 91   JSR &9101
.gbpb_SAVE_01
     90F8   A9 01      LDA #&01
     90FA   D0 05      BNE &9101
.gbpb_getbyteSAVEBYTE
     90FC   20 FB 97   JSR &97FB
     90FF   B0 1F      BCS &9120
.gbpb_gb_SAVEBYTE
     9101   2C 81 10   BIT &1081
     9104   10 05      BPL &910B
     9106   8D E5 FE   STA &FEE5
     9109   30 05      BMI &9110
.gBpb_gb_fromhost
     910B   20 CD 90   JSR &90CD
     910E   81 B8      STA (&B8,X)
.gbpb_incDataPtr
     9110   20 F4 83   JSR &83F4
     9113   A2 01      LDX #&01
.gbpb_incdblword1060X
     9115   A0 04      LDY #&04
.gbpb_incdblword_loop
     9117   FE 60 10   INC &1060,X
     911A   D0 04      BNE &9120
     911C   E8         INX
     911D   88         DEY
     911E   D0 F7      BNE &9117
.gbpb_incdblworkd_exit
     9120   60         RTS
.gbpb_putbytes
     9121   20 29 91   JSR &9129
     9124   20 B8 98   JSR &98B8
     9127   18         CLC
     9128   60         RTS
.gpbp_pb_LOADBYTE
     9129   2C 81 10   BIT &1081
     912C   10 06      BPL &9134
     912E   AD E5 FE   LDA &FEE5
     9131   4C 10 91   JMP &9110
.gbpb_pb_fromhost
     9134   20 CD 90   JSR &90CD
     9137   A1 B8      LDA (&B8,X)
     9139   4C 10 91   JMP &9110
.fastgb
     913C   20 E8 90   JSR &90E8
     913F   B9 6C 94   LDA &946C,Y
     9142   29 03      AND #&03
     9144   4A         LSR A
     9145   F0 4A      BEQ &9191
     9147   8C 6D 10   STY &106D
     914A   A0 0C      LDY #&0C
.copyl0
     914C   B1 B4      LDA (&B4),Y
     914E   99 60 10   STA &1060,Y
     9151   88         DEY
     9152   10 F8      BPL &914C
     9154   A8         TAY
     9155   A2 03      LDX #&03
.initl
     9157   BD 65 10   LDA &1065,X
     915A   9D 6E 10   STA &106E,X
     915D   CA         DEX
     915E   10 F7      BPL &9157
     9160   AD 69 10   LDA &1069
     9163   90 09      BCC &916E
     9165   98         TYA
     9166   20 25 82   JSR &8225
     9169   A8         TAY
     916A   B9 10 11   LDA &1110,Y
     916D   18         CLC
.dcptr
     916E   49 FF      EOR #&FF
     9170   69 01      ADC #&01
     9172   A0 FC      LDY #&FC
.hdrext
     9174   99 69 0F   STA &0F69,Y
     9177   A9 00      LDA #&00
     9179   C8         INY
     917A   D0 F8      BNE &9174
     917C   20 AA 92   JSR &92AA
     917F   90 02      BCC &9183
     9181   D0 46      BNE &91C9
.trailr
     9183   20 C0 92   JSR &92C0
.drain
     9186   A9 60      LDA #&60
     9188   85 B4      STA &B4
     918A   A9 10      LDA #&10
     918C   85 B5      STA &B5
     918E   AC 6D 10   LDY &106D
.chain
     9191   4C 8E 8F   JMP &8F8E
.morfst
     9194   AD 71 10   LDA &1071
     9197   20 B9 92   JSR &92B9
     919A   D0 32      BNE &91CE
     919C   8D 66 10   STA &1066
     919F   8D 67 10   STA &1067
     91A2   AD 6E 10   LDA &106E
     91A5   D0 DC      BNE &9183
     91A7   18         CLC
.fgbfin
     91A8   08         PHP
     91A9   20 C0 92   JSR &92C0
     91AC   28         PLP
     91AD   20 E8 90   JSR &90E8
     91B0   A0 0C      LDY #&0C
.retnl
     91B2   B9 60 10   LDA &1060,Y
     91B5   91 B4      STA (&B4),Y
     91B7   88         DEY
     91B8   10 F8      BPL &91B2
     91BA   60         RTS
.setmax
     91BB   8D 67 10   STA &1067
     91BE   0D 66 10   ORA &1066
     91C1   D0 4B      BNE &920E
.throw
     91C3   A0 FD      LDY #&FD
     91C5   A9 01      LDA #&01
     91C7   D0 AB      BNE &9174
.align
     91C9   20 86 91   JSR &9186
     91CC   B0 DA      BCS &91A8
.dofast
     91CE   AE 71 10   LDX &1071
     91D1   F0 02      BEQ &91D5
     91D3   A2 FF      LDX #&FF
.sclamp
     91D5   8A         TXA
     91D6   0D 70 10   ORA &1070
     91D9   8D 67 10   STA &1067
     91DC   8A         TXA
     91DD   0D 6F 10   ORA &106F
     91E0   AA         TAX
     91E1   AD C2 10   LDA &10C2
     91E4   38         SEC
     91E5   6D 6D 10   ADC &106D
     91E8   49 04      EOR #&04
     91EA   29 E4      AND #&E4
     91EC   A8         TAY
     91ED   B9 15 11   LDA &1115,Y
     91F0   38         SEC
     91F1   ED 6A 10   SBC &106A
     91F4   8D 66 10   STA &1066
     91F7   B9 16 11   LDA &1116,Y
     91FA   ED 6B 10   SBC &106B
     91FD   90 C4      BCC &91C3
     91FF   CD 67 10   CMP &1067
     9202   90 B7      BCC &91BB
     9204   D0 05      BNE &920B
     9206   EC 66 10   CPX &1066
     9209   B0 B0      BCS &91BB
.sectr0
     920B   8E 66 10   STX &1066
.sectr1
     920E   AC C2 10   LDY &10C2
     9211   20 92 94   JSR &9492
     9214   20 56 98   JSR &9856
     9217   A9 3F      LDA #&3F
     9219   99 1D 11   STA &111D,Y
     921C   20 4E 98   JSR &984E
     921F   AD 61 10   LDA &1061
     9222   85 BC      STA &BC
     9224   AD 62 10   LDA &1062
     9227   85 BD      STA &BD
     9229   AD 63 10   LDA &1063
     922C   8D 74 10   STA &1074
     922F   AD 64 10   LDA &1064
     9232   8D 75 10   STA &1075
     9235   B9 0F 11   LDA &110F,Y
     9238   18         CLC
     9239   6D 6A 10   ADC &106A
     923C   85 C3      STA &C3
     923E   B9 0D 11   LDA &110D,Y
     9241   6D 6B 10   ADC &106B
     9244   29 03      AND #&03
     9246   85 C2      STA &C2
     9248   A9 00      LDA #&00
     924A   85 C0      STA &C0
     924C   AD 66 10   LDA &1066
     924F   85 C1      STA &C1
     9251   AD 67 10   LDA &1067
     9254   20 26 82   JSR &8226
     9257   05 C2      ORA &C2
     9259   85 C2      STA &C2
     925B   AD 6D 10   LDA &106D
     925E   EE DD 10   INC &10DD
     9261   20 D0 92   JSR &92D0
     9264   CE DD 10   DEC &10DD
     9267   20 AA 92   JSR &92AA
     926A   AC 66 10   LDY &1066
     926D   98         TYA
     926E   18         CLC
     926F   6D 62 10   ADC &1062
     9272   8D 62 10   STA &1062
     9275   AE 67 10   LDX &1067
     9278   8A         TXA
     9279   6D 63 10   ADC &1063
     927C   8D 63 10   STA &1063
     927F   90 03      BCC &9284
     9281   EE 64 10   INC &1064
.updp
     9284   98         TYA
     9285   AC C2 10   LDY &10C2
     9288   18         CLC
     9289   79 11 11   ADC &1111,Y
     928C   99 11 11   STA &1111,Y
     928F   8D 6A 10   STA &106A
     9292   8A         TXA
     9293   79 12 11   ADC &1112,Y
     9296   99 12 11   STA &1112,Y
     9299   8D 6B 10   STA &106B
     929C   98         TYA
     929D   20 FB 99   JSR &99FB
     92A0   90 05      BCC &92A7
     92A2   F0 03      BEQ &92A7
     92A4   20 66 99   JSR &9966
.doneit
     92A7   4C 94 91   JMP &9194
.subwk
     92AA   38         SEC
     92AB   A2 FC      LDX #&FC
.subwkl
     92AD   BD 72 0F   LDA &0F72,X
     92B0   FD 69 0F   SBC &0F69,X
     92B3   9D 72 0F   STA &0F72,X
     92B6   E8         INX
     92B7   D0 F4      BNE &92AD
.testl
     92B9   0D 70 10   ORA &1070
     92BC   0D 6F 10   ORA &106F
     92BF   60         RTS
.addtol
     92C0   18         CLC
     92C1   A2 FC      LDX #&FC
.addl
     92C3   BD 72 0F   LDA &0F72,X
     92C6   7D 69 0F   ADC &0F69,X
     92C9   9D 69 0F   STA &0F69,X
     92CC   E8         INX
     92CD   D0 F4      BNE &92C3
     92CF   60         RTS
.docmd
     92D0   C9 03      CMP #&03
     92D2   90 03      BCC &92D7
.dordcmd
     92D4   4C 42 88   JMP &8842
.dowrcmd
     92D7   4C 4F 88   JMP &884F
.fscv_osabouttoproccmd
     92DA   2C C7 10   BIT &10C7
     92DD   30 03      BMI &92E2
     92DF   CE C7 10   DEC &10C7
.parameter_fsp
     92E2   A9 FF      LDA #&FF
     92E4   8D CE 10   STA &10CE
.param_out
     92E7   8D CD 10   STA &10CD
     92EA   60         RTS
.parameter_afsp
     92EB   A9 2A      LDA #&2A
     92ED   8D CE 10   STA &10CE
     92F0   A9 23      LDA #&23
     92F2   D0 F3      BNE &92E7
.osfile5_rdcatinfo
     92F4   20 AE 93   JSR &93AE
     92F7   20 95 83   JSR &8395
     92FA   A9 01      LDA #&01
     92FC   60         RTS
.osfile6_delfile
     92FD   20 8B 93   JSR &938B
     9300   20 95 83   JSR &8395
     9303   20 1B 83   JSR &831B
     9306   4C 2D 93   JMP &932D
.osfile1_updatecat
     9309   20 AE 93   JSR &93AE
     930C   20 33 93   JSR &9333
     930F   20 4F 93   JSR &934F
     9312   50 16      BVC &932A
.osfile3_wrexecaddr
     9314   20 AE 93   JSR &93AE
     9317   20 4F 93   JSR &934F
     931A   50 11      BVC &932D
.osfile2_wrloadaddr
     931C   20 AE 93   JSR &93AE
     931F   20 33 93   JSR &9333
     9322   50 09      BVC &932D
.osfile4_wrattribs
     9324   20 AE 93   JSR &93AE
     9327   20 A3 93   JSR &93A3
.osfile_updatelocksavecat
     932A   20 72 93   JSR &9372
.osfile_savecat_retA_1
     932D   20 A9 A1   JSR &A1A9
     9330   A9 01      LDA #&01
     9332   60         RTS
.osfile_update_loadaddr_Xoffset
     9333   20 F4 83   JSR &83F4
     9336   A0 02      LDY #&02
     9338   B1 B0      LDA (&B0),Y
     933A   9D 08 0F   STA &0F08,X
     933D   C8         INY
     933E   B1 B0      LDA (&B0),Y
     9340   9D 09 0F   STA &0F09,X
     9343   C8         INY
     9344   B1 B0      LDA (&B0),Y
     9346   0A         ASL A
     9347   0A         ASL A
     9348   5D 0E 0F   EOR &0F0E,X
     934B   29 0C      AND #&0C
     934D   10 1B      BPL &936A
.osfile_update_execaddr_Xoffset
     934F   20 F4 83   JSR &83F4
     9352   A0 06      LDY #&06
     9354   B1 B0      LDA (&B0),Y
     9356   9D 0A 0F   STA &0F0A,X
     9359   C8         INY
     935A   B1 B0      LDA (&B0),Y
     935C   9D 0B 0F   STA &0F0B,X
     935F   C8         INY
     9360   B1 B0      LDA (&B0),Y
     9362   6A         ROR A
     9363   6A         ROR A
     9364   6A         ROR A
     9365   5D 0E 0F   EOR &0F0E,X
     9368   29 C0      AND #&C0
.osfile_savemixedbyte
     936A   5D 0E 0F   EOR &0F0E,X
     936D   9D 0E 0F   STA &0F0E,X
     9370   B8         CLV
     9371   60         RTS
.osfile_updatelock
     9372   20 F4 83   JSR &83F4
     9375   A0 0E      LDY #&0E
     9377   B1 B0      LDA (&B0),Y
     9379   29 0A      AND #&0A
     937B   F0 02      BEQ &937F
     937D   A9 80      LDA #&80
.osfile_notlocked
     937F   5D 0F 0E   EOR &0E0F,X
     9382   29 80      AND #&80
     9384   5D 0F 0E   EOR &0E0F,X
     9387   9D 0F 0E   STA &0E0F,X
     938A   60         RTS
.CheckFileNotLocked
     938B   20 B8 93   JSR &93B8
     938E   90 23      BCC &93B3
.CheckFileNotLockedY
     9390   B9 0F 0E   LDA &0E0F,Y
     9393   10 22      BPL &93B7
.errFILELOCKED
     9395   20 5C 80   JSR &805C
     9398   C3
     9399   4C 6F 63 ...
     939F   00
.CheckFileNotLockedOrOpenY
     93A0   20 90 93   JSR &9390
.CheckFileNotOpenY
     93A3   20 F4 83   JSR &83F4
     93A6   20 37 96   JSR &9637
     93A9   90 21      BCC &93CC
     93AB   4C 9B 95   JMP &959B
.CheckFileExists
     93AE   20 B8 93   JSR &93B8
     93B1   B0 19      BCS &93CC
.ExitCallingSubroutine
     93B3   68         PLA
     93B4   68         PLA
     93B5   A9 00      LDA #&00
.chklock_exit
     93B7   60         RTS
.read_fspBA_findcatentry
     93B8   20 50 81   JSR &8150
     93BB   20 7E 82   JSR &827E
     93BE   90 0C      BCC &93CC
     93C0   98         TYA
     93C1   AA         TAX
.SetParamBlockPointerB0
     93C2   AD DB 10   LDA &10DB
     93C5   85 B0      STA &B0
     93C7   AD DC 10   LDA &10DC
     93CA   85 B1      STA &B1
.checkexit
     93CC   60         RTS
.CalcRAM
     93CD   A9 83      LDA #&83
     93CF   20 F4 FF   JSR &FFF4
     93D2   8C CF 10   STY &10CF
     93D5   A9 84      LDA #&84
     93D7   20 F4 FF   JSR &FFF4
     93DA   98         TYA
     93DB   38         SEC
     93DC   ED CF 10   SBC &10CF
     93DF   8D D0 10   STA &10D0
     93E2   60         RTS
.ClaimStaticWorkspace
     93E3   A2 0A      LDX #&0A
     93E5   A9 8F      LDA #&8F
     93E7   20 F4 FF   JSR &FFF4
     93EA   20 FA 93   JSR &93FA
     93ED   A0 D3      LDY #&D3
     93EF   A9 FF      LDA #&FF
     93F1   91 B0      STA (&B0),Y
     93F3   8D D3 10   STA &10D3
     93F6   C8         INY
     93F7   91 B0      STA (&B0),Y
     93F9   60         RTS
.SetPrivateWorkspacePointerB0
     93FA   A9 00      LDA #&00
     93FC   85 B0      STA &B0
     93FE   A6 F4      LDX &F4
     9400   BD F0 0D   LDA &0DF0,X
     9403   29 3F      AND #&3F
     9405   85 B1      STA &B1
     9407   60         RTS
.osbyte_X0YFF
     9408   A2 00      LDX #&00
.osbyte_YFF
     940A   A0 FF      LDY #&FF
     940C   4C F4 FF   JMP &FFF4
.vectors_table
     940F   1B FF
     9411   1E FF
     9413   21 FF
     9415   24 FF
     9417   27 FF
     9419   2A FF
     941B   2D FF
.extendedvectors_table
     941D   36 8F
     941F   00         BRK
     9420   AF 96
     9422   00         BRK
     9423   FB 97
     9425   00         BRK
     9426   B8 98
     9428   00         BRK
     9429   7A 8F
     942B   00         BRK
     942C   D4 94
     942E   00         BRK
     942F   67 8F
     9431   00         BRK
.fscv_table1
     9432   4F
     9433   C7
     9434   A2
     9435   27
     9436   A2
     9437   6D
     9438   79
     9439   74
     943A   D9
     943B   4B
     943C   6A
     943D   A2
.fscv_table2
     943E   8A
     943F   97
     9440   88
     9441   87
     9442   88
     9443   84
     9444   94
     9445   94
     9446   92
     9447   82
     9448   82
     9449   88
.finv_tablelo
     944A   0F
     944B   45
     944C   08
     944D   1B
     944E   13
     944F   23
     9450   F3
     9451   FC
.finv_tablehi
     9452   88
     9453   88
     9454   93
     9455   93
     9456   93
     9457   93
     9458   92
     9459   92
.gbpbv_table1
     945A   CB
     945B   21
     945C   21
     945D   FC
     945E   FC
     945F   85
     9460   B1
     9461   BF
     9462   3C
.gbpbv_table2
     9463   82
     9464   91
     9465   91
     9466   90
     9467   90
     9468   90
     9469   90
     946A   90
     946B   90
.gbpbv_table3
     946C   04
     946D   02
     946E   03
     946F   06
     9470   07
     9471   04
     9472   04
     9473   04
     9474   04
.fscv7_hndlrange
     9475   A2 11      LDX #&11
     9477   A0 15      LDY #&15
.closeallfiles_exit
     9479   60         RTS
.fscv6_shutdownfilesys
     947A   20 F4 83   JSR &83F4
.CloseSPOOLEXECfiles
     947D   A9 77      LDA #&77
     947F   4C F4 FF   JMP &FFF4
.CMD_CLOSE
.CloseAllFiles_Osbyte77
     9482   20 7D 94   JSR &947D
.CloseAllFiles
     9485   A9 00      LDA #&00
.closeallfiles_loop
     9487   18         CLC
     9488   69 20      ADC #&20
     948A   F0 ED      BEQ &9479
     948C   A8         TAY
     948D   20 E1 94   JSR &94E1
     9490   D0 F5      BNE &9487
.Channel_SetDirDrv_GetCatEntry_Yintch
     9492   20 AD 94   JSR &94AD
.Channel_GetCatEntry_Yintch
     9495   A2 06      LDX #&06
.chnl_getcatloop
     9497   B9 0C 11   LDA &110C,Y
     949A   95 C5      STA &C5,X
     949C   88         DEY
     949D   88         DEY
     949E   CA         DEX
     949F   10 F6      BPL &9497
     94A1   20 89 82   JSR &8289
     94A4   90 22      BCC &94C8
     94A6   8C C3 10   STY &10C3
     94A9   AC C2 10   LDY &10C2
.chkdskchangexit
     94AC   60         RTS
.Channel_SetDirDrive_Yintch
     94AD   B9 0E 11   LDA &110E,Y
     94B0   29 7F      AND #&7F
     94B2   85 CC      STA &CC
     94B4   B9 17 11   LDA &1117,Y
     94B7   4C FF 8B   JMP &8BFF
.CheckForDiskChange
     94BA   20 F4 83   JSR &83F4
     94BD   AD 04 0F   LDA &0F04
     94C0   20 A2 A1   JSR &A1A2
     94C3   CD 04 0F   CMP &0F04
     94C6   F0 E4      BEQ &94AC
.errDISKCHANGED
     94C8   20 47 80   JSR &8047
     94CB   C8
     94CC   63 68 61 ...
     94D3   00
.FINDV_ENTRY
     94D4   29 C0      AND #&C0
     94D6   D0 59      BNE &9531
     94D8   20 F4 83   JSR &83F4
.CloseFiles_Yhandle
     94DB   98         TYA
     94DC   F0 A4      BEQ &9482
     94DE   20 DC 97   JSR &97DC
.CloseFile_Yintch
     94E1   48         PHA
     94E2   20 67 97   JSR &9767
     94E5   B0 45      BCS &952C
     94E7   B9 1B 11   LDA &111B,Y
     94EA   49 FF      EOR #&FF
     94EC   2D C0 10   AND &10C0
     94EF   8D C0 10   STA &10C0
     94F2   B9 17 11   LDA &1117,Y
     94F5   29 60      AND #&60
     94F7   F0 33      BEQ &952C
     94F9   20 92 94   JSR &9492
     94FC   B9 17 11   LDA &1117,Y
     94FF   29 20      AND #&20
     9501   F0 26      BEQ &9529
     9503   AE C3 10   LDX &10C3
     9506   B9 14 11   LDA &1114,Y
     9509   9D 0C 0F   STA &0F0C,X
     950C   B9 15 11   LDA &1115,Y
     950F   9D 0D 0F   STA &0F0D,X
     9512   B9 16 11   LDA &1116,Y
     9515   20 26 82   JSR &8226
     9518   5D 0E 0F   EOR &0F0E,X
     951B   29 30      AND #&30
     951D   5D 0E 0F   EOR &0F0E,X
     9520   9D 0E 0F   STA &0F0E,X
     9523   20 A9 A1   JSR &A1A9
     9526   AC C2 10   LDY &10C2
.closefile_buftodisk
     9529   20 56 98   JSR &9856
.closefile_exit
     952C   AE C5 10   LDX &10C5
     952F   68         PLA
     9530   60         RTS
.findvnot0_openfile
     9531   20 1D 84   JSR &841D
     9534   86 BA      STX &BA
     9536   84 BB      STY &BB
     9538   85 B4      STA &B4
     953A   24 B4      BIT &B4
     953C   08         PHP
     953D   20 50 81   JSR &8150
     9540   20 E2 92   JSR &92E2
     9543   20 7E 82   JSR &827E
     9546   B0 22      BCS &956A
     9548   A9 00      LDA #&00
     954A   28         PLP
     954B   50 01      BVC &954E
     954D   60         RTS
.findv_createfile
     954E   08         PHP
     954F   A2 07      LDX #&07
.findv_loop1
     9551   95 BC      STA &BC,X
     9553   9D 74 10   STA &1074,X
     9556   CA         DEX
     9557   10 F8      BPL &9551
     9559   C6 BE      DEC &BE
     955B   C6 BF      DEC &BF
     955D   CE 76 10   DEC &1076
     9560   CE 77 10   DEC &1077
     9563   A9 40      LDA #&40
     9565   85 C3      STA &C3
     9567   20 AB 8A   JSR &8AAB
.findv_filefound
     956A   28         PLP
     956B   08         PHP
     956C   70 03      BVS &9571
     956E   20 90 93   JSR &9390
.findv_readorupdate
     9571   20 37 96   JSR &9637
     9574   90 0E      BCC &9584
.findv_loop2
     9576   B9 0C 11   LDA &110C,Y
     9579   10 20      BPL &959B
     957B   28         PLP
     957C   08         PHP
     957D   30 1C      BMI &959B
     957F   20 32 96   JSR &9632
     9582   B0 F2      BCS &9576
.findv_openchannel
     9584   AC C2 10   LDY &10C2
     9587   D0 1B      BNE &95A4
.errTOOMANYFILESOPEN
     9589   20 5C 80   JSR &805C
     958C   C0
     958D   54 6F 6F ...
     959A   00
.errFILEOPEN
     959B   20 5C 80   JSR &805C
     959E   C2
     959F   4F 70 65 ...
     95A3   00
.SetupChannelInfoBlock_Yintch
     95A4   A9 08      LDA #&08
     95A6   8D C4 10   STA &10C4
.chnlblock_loop1
     95A9   BD 08 0E   LDA &0E08,X
     95AC   99 00 11   STA &1100,Y
     95AF   C8         INY
     95B0   BD 08 0F   LDA &0F08,X
     95B3   99 00 11   STA &1100,Y
     95B6   C8         INY
     95B7   E8         INX
     95B8   CE C4 10   DEC &10C4
     95BB   D0 EC      BNE &95A9
     95BD   A2 10      LDX #&10
     95BF   A9 00      LDA #&00
.chnlblock_loop2
     95C1   99 00 11   STA &1100,Y
     95C4   C8         INY
     95C5   CA         DEX
     95C6   D0 F9      BNE &95C1
     95C8   AD C2 10   LDA &10C2
     95CB   A8         TAY
     95CC   20 1F 82   JSR &821F
     95CF   69 11      ADC #&11
     95D1   99 13 11   STA &1113,Y
     95D4   AD C1 10   LDA &10C1
     95D7   99 1B 11   STA &111B,Y
     95DA   0D C0 10   ORA &10C0
     95DD   8D C0 10   STA &10C0
     95E0   B9 09 11   LDA &1109,Y
     95E3   69 FF      ADC #&FF
     95E5   B9 0B 11   LDA &110B,Y
     95E8   69 00      ADC #&00
     95EA   99 19 11   STA &1119,Y
     95ED   B9 0D 11   LDA &110D,Y
     95F0   09 0F      ORA #&0F
     95F2   69 00      ADC #&00
     95F4   20 18 82   JSR &8218
     95F7   99 1A 11   STA &111A,Y
     95FA   28         PLP
     95FB   50 2E      BVC &962B
     95FD   30 08      BMI &9607
     95FF   A9 80      LDA #&80
     9601   19 0C 11   ORA &110C,Y
     9604   99 0C 11   STA &110C,Y
.chnlblock_setEXT
     9607   B9 09 11   LDA &1109,Y
     960A   99 14 11   STA &1114,Y
     960D   B9 0B 11   LDA &110B,Y
     9610   99 15 11   STA &1115,Y
     9613   B9 0D 11   LDA &110D,Y
     9616   20 18 82   JSR &8218
     9619   99 16 11   STA &1116,Y
.chnlblock_cont
     961C   A5 CD      LDA &CD
     961E   19 17 11   ORA &1117,Y
     9621   99 17 11   STA &1117,Y
     9624   98         TYA
     9625   20 1F 82   JSR &821F
     9628   09 10      ORA #&10
     962A   60         RTS
.chnlblock_setBit5
     962B   A9 20      LDA #&20
     962D   99 17 11   STA &1117,Y
     9630   D0 EA      BNE &961C
.IsFileOpenContinue
     9632   8A         TXA
     9633   48         PHA
     9634   4C 76 96   JMP &9676
.IsFileOpen_Yoffset
     9637   A9 00      LDA #&00
     9639   8D C2 10   STA &10C2
     963C   A9 08      LDA #&08
     963E   85 B5      STA &B5
     9640   98         TYA
     9641   AA         TAX
     9642   A0 A0      LDY #&A0
.fop_main_loop
     9644   84 B3      STY &B3
     9646   8A         TXA
     9647   48         PHA
     9648   A9 08      LDA #&08
     964A   85 B2      STA &B2
     964C   A5 B5      LDA &B5
     964E   2C C0 10   BIT &10C0
     9651   F0 1D      BEQ &9670
     9653   B9 17 11   LDA &1117,Y
     9656   45 CD      EOR &CD
     9658   29 03      AND #&03
     965A   D0 1A      BNE &9676
.fop_cmpfn_loop
     965C   BD 08 0E   LDA &0E08,X
     965F   59 00 11   EOR &1100,Y
     9662   29 7F      AND #&7F
     9664   D0 10      BNE &9676
     9666   E8         INX
     9667   C8         INY
     9668   C8         INY
     9669   C6 B2      DEC &B2
     966B   D0 EF      BNE &965C
     966D   38         SEC
     966E   B0 10      BCS &9680
.fop_channelnotopen
     9670   8C C2 10   STY &10C2
     9673   8D C1 10   STA &10C1
.fop_nothisfile
     9676   38         SEC
     9677   A5 B3      LDA &B3
     9679   E9 20      SBC #&20
     967B   85 B3      STA &B3
     967D   06 B5      ASL &B5
     967F   18         CLC
.fop_matchifCset
     9680   68         PLA
     9681   AA         TAX
     9682   A4 B3      LDY &B3
     9684   A5 B5      LDA &B5
     9686   B0 02      BCS &968A
     9688   D0 BA      BNE &9644
.fop_exit
     968A   60         RTS
.ChannelBufferToDisk_Yhandle_A0
     968B   20 A2 96   JSR &96A2
.ChannelBufferToDisk_Yhandle
     968E   AD C0 10   LDA &10C0
     9691   48         PHA
     9692   98         TYA
     9693   D0 05      BNE &969A
     9695   20 85 94   JSR &9485
     9698   F0 03      BEQ &969D
.chbuf1
     969A   20 DB 94   JSR &94DB
.chbuf2
     969D   68         PLA
     969E   8D C0 10   STA &10C0
     96A1   60         RTS
.ReturnWithA0
     96A2   48         PHA
     96A3   8A         TXA
     96A4   48         PHA
     96A5   A9 00      LDA #&00
     96A7   BA         TSX
     96A8   9D 09 01   STA &0109,X
     96AB   68         PLA
     96AC   AA         TAX
     96AD   68         PLA
     96AE   60         RTS
.ARGSV_ENTRY
     96AF   20 F4 83   JSR &83F4
     96B2   C9 FF      CMP #&FF
     96B4   F0 D5      BEQ &968B
     96B6   C0 00      CPY #&00
     96B8   F0 12      BEQ &96CC
     96BA   C9 04      CMP #&04
     96BC   B0 27      BCS &96E5
     96BE   20 A2 96   JSR &96A2
     96C1   C9 03      CMP #&03
     96C3   F0 47      BEQ &970C
     96C5   C9 01      CMP #&01
     96C7   D0 24      BNE &96ED
     96C9   4C 88 99   JMP &9988
.argsv_Y0
     96CC   C9 02      CMP #&02
     96CE   B0 15      BCS &96E5
     96D0   20 A2 96   JSR &96A2
     96D3   F0 11      BEQ &96E6
     96D5   A9 FF      LDA #&FF
     96D7   95 02      STA &02,X
     96D9   95 03      STA &03,X
     96DB   AD D9 10   LDA &10D9
     96DE   95 00      STA &00,X
     96E0   AD DA 10   LDA &10DA
     96E3   95 01      STA &01,X
.argsv_exit
     96E5   60         RTS
.argsv_filesysnumber
     96E6   A9 04      LDA #&04
     96E8   BA         TSX
     96E9   9D 05 01   STA &0105,X
     96EC   60         RTS
.argsv_rdseqptr_or_filelen
     96ED   20 DC 97   JSR &97DC
     96F0   8C C2 10   STY &10C2
     96F3   0A         ASL A
     96F4   6D C2 10   ADC &10C2
     96F7   A8         TAY
     96F8   B9 10 11   LDA &1110,Y
     96FB   95 00      STA &00,X
     96FD   B9 11 11   LDA &1111,Y
     9700   95 01      STA &01,X
     9702   B9 12 11   LDA &1112,Y
     9705   95 02      STA &02,X
     9707   A9 00      LDA #&00
     9709   95 03      STA &03,X
     970B   60         RTS
.argsv3
     970C   20 DC 97   JSR &97DC
     970F   20 78 99   JSR &9978
     9712   B0 1E      BCS &9732
     9714   B9 10 11   LDA &1110,Y
     9717   48         PHA
     9718   B9 11 11   LDA &1111,Y
     971B   48         PHA
     971C   B9 12 11   LDA &1112,Y
     971F   48         PHA
     9720   20 93 99   JSR &9993
     9723   68         PLA
     9724   99 12 11   STA &1112,Y
     9727   68         PLA
     9728   99 11 11   STA &1111,Y
     972B   68         PLA
     972C   99 10 11   STA &1110,Y
     972F   20 D1 99   JSR &99D1
.truncate
     9732   B9 0C 11   LDA &110C,Y
     9735   30 2A      BMI &9761
     9737   19 0E 11   ORA &110E,Y
     973A   30 28      BMI &9764
     973C   A9 20      LDA #&20
     973E   20 47 98   JSR &9847
     9741   B5 00      LDA &00,X
     9743   99 14 11   STA &1114,Y
     9746   B5 01      LDA &01,X
     9748   99 15 11   STA &1115,Y
     974B   B5 02      LDA &02,X
     974D   99 16 11   STA &1116,Y
     9750   8A         TXA
     9751   48         PHA
     9752   20 FA 99   JSR &99FA
     9755   68         PLA
     9756   AA         TAX
     9757   90 03      BCC &975C
     9759   20 C2 99   JSR &99C2
.dontchangeptr
     975C   A9 EF      LDA #&EF
     975E   4C 4E 98   JMP &984E
.filereadonly
     9761   4C A4 98   JMP &98A4
.filelocked
     9764   4C 95 93   JMP &9395
.IsHndlinUse_Yintch
     9767   48         PHA
     9768   8E C5 10   STX &10C5
     976B   98         TYA
     976C   29 E0      AND #&E0
     976E   8D C2 10   STA &10C2
     9771   F0 13      BEQ &9786
     9773   20 1F 82   JSR &821F
     9776   A8         TAY
     9777   A9 00      LDA #&00
     9779   38         SEC
.hndlinsue_loop
     977A   6A         ROR A
     977B   88         DEY
     977C   D0 FC      BNE &977A
     977E   AC C2 10   LDY &10C2
     9781   2C C0 10   BIT &10C0
     9784   D0 01      BNE &9787
.hndlinuse_notused_C1
     9786   38         SEC
.hndlinuse_used_C0
     9787   68         PLA
     9788   60         RTS
.conv_Yhndl_intch_exYintch
     9789   48         PHA
     978A   98         TYA
.conv_hndl_X_entry
     978B   C9 10      CMP #&10
     978D   90 04      BCC &9793
     978F   C9 18      CMP #&18
     9791   90 02      BCC &9795
.conv_hndl10
     9793   A9 08      LDA #&08
.conv_hndl18
     9795   20 25 82   JSR &8225
     9798   A8         TAY
     9799   68         PLA
     979A   60         RTS
.ClearEXECSPOOLFileHandle
     979B   A9 C6      LDA #&C6
     979D   20 08 94   JSR &9408
     97A0   8A         TXA
     97A1   F0 09      BEQ &97AC
     97A3   20 BF 97   JSR &97BF
     97A6   D0 04      BNE &97AC
     97A8   A9 C6      LDA #&C6
     97AA   D0 0C      BNE &97B8
.ClearSpoolhandle
     97AC   A9 C7      LDA #&C7
     97AE   20 08 94   JSR &9408
     97B1   20 BF 97   JSR &97BF
     97B4   D0 11      BNE &97C7
     97B6   A9 C7      LDA #&C7
.osbyte_X0Y0
     97B8   A2 00      LDX #&00
     97BA   A0 00      LDY #&00
     97BC   4C F4 FF   JMP &FFF4
.ConvertXhndl_exYintch
     97BF   8A         TXA
     97C0   A8         TAY
     97C1   20 89 97   JSR &9789
     97C4   CC C2 10   CPY &10C2
.clrsplhndl_exit
     97C7   60         RTS
.fscv1_EOF_Yhndl
     97C8   48         PHA
     97C9   98         TYA
     97CA   48         PHA
     97CB   8A         TXA
     97CC   A8         TAY
     97CD   20 F7 99   JSR &99F7
     97D0   D0 04      BNE &97D6
     97D2   A2 FF      LDX #&FF
     97D4   D0 02      BNE &97D8
.eof_NOTEND
     97D6   A2 00      LDX #&00
.eof_exit
     97D8   68         PLA
     97D9   A8         TAY
     97DA   68         PLA
.checkchannel_okexit
     97DB   60         RTS
.CheckChannel_Yhndl_exYintch
     97DC   20 89 97   JSR &9789
     97DF   20 67 97   JSR &9767
     97E2   90 F7      BCC &97DB
     97E4   20 9B 97   JSR &979B
.errCHANNEL
     97E7   20 5C 80   JSR &805C
     97EA   DE
     97EB   43 68 61 ...
     97F2   00
.errEOF
     97F3   20 5C 80   JSR &805C
     97F6   DF
     97F7   45 4F 46 
     97FA   00
.BGETV_ENTRY
     97FB   20 1D 84   JSR &841D
     97FE   20 F7 99   JSR &99F7
     9801   D0 13      BNE &9816
     9803   B9 17 11   LDA &1117,Y
     9806   29 10      AND #&10
     9808   D0 E9      BNE &97F3
     980A   A9 10      LDA #&10
     980C   20 47 98   JSR &9847
     980F   AE C5 10   LDX &10C5
     9812   A9 FE      LDA #&FE
     9814   38         SEC
     9815   60         RTS
.bg_notEOF
     9816   B9 17 11   LDA &1117,Y
     9819   30 0A      BMI &9825
     981B   20 AD 94   JSR &94AD
     981E   20 56 98   JSR &9856
     9821   38         SEC
     9822   20 5E 98   JSR &985E
.bg_samesector1
     9825   20 13 9A   JSR &9A13
     9828   A1 BA      LDA (&BA,X)
     982A   18         CLC
     982B   60         RTS
.CalcBufferSectorForPTR
     982C   18         CLC
     982D   B9 0F 11   LDA &110F,Y
     9830   79 11 11   ADC &1111,Y
     9833   85 C3      STA &C3
     9835   99 1C 11   STA &111C,Y
     9838   B9 0D 11   LDA &110D,Y
     983B   29 03      AND #&03
     983D   79 12 11   ADC &1112,Y
     9840   85 C2      STA &C2
     9842   99 1D 11   STA &111D,Y
.ChannelFlags_SetBit7
     9845   A9 80      LDA #&80
.ChannelFlags_SetBits
     9847   19 17 11   ORA &1117,Y
     984A   D0 05      BNE &9851
.ChannelFlags_ClearBit7
     984C   A9 7F      LDA #&7F
.ChannelFlags_ClearBits
     984E   39 17 11   AND &1117,Y
.chnflg_save
     9851   99 17 11   STA &1117,Y
     9854   18         CLC
     9855   60         RTS
.ChannelBufferToDisk_Yintch
     9856   B9 17 11   LDA &1117,Y
     9859   29 40      AND #&40
     985B   F0 43      BEQ &98A0
     985D   18         CLC
.ChannelBufferRW_Yintch_C1read
     985E   EE DD 10   INC &10DD
     9861   AC C2 10   LDY &10C2
     9864   B9 13 11   LDA &1113,Y
     9867   85 BD      STA &BD
     9869   A9 FF      LDA #&FF
     986B   8D 74 10   STA &1074
     986E   8D 75 10   STA &1075
     9871   A9 00      LDA #&00
     9873   85 BC      STA &BC
     9875   85 C0      STA &C0
     9877   A9 01      LDA #&01
     9879   85 C1      STA &C1
     987B   B0 17      BCS &9894
     987D   B9 1C 11   LDA &111C,Y
     9880   85 C3      STA &C3
     9882   B9 1D 11   LDA &111D,Y
     9885   85 C2      STA &C2
     9887   20 4F 88   JSR &884F
     988A   AC C2 10   LDY &10C2
     988D   A9 BF      LDA #&BF
     988F   20 4E 98   JSR &984E
     9892   90 06      BCC &989A
.chnbuf_read
     9894   20 2C 98   JSR &982C
     9897   20 42 88   JSR &8842
.chnbuf_exit
     989A   CE DD 10   DEC &10DD
     989D   AC C2 10   LDY &10C2
.chnbuf_exit2
     98A0   60         RTS
.errFILELOCKED2
     98A1   4C 95 93   JMP &9395
.errFILEREADONLY
     98A4   20 5C 80   JSR &805C
     98A7   C1
     98A8   52 65 61 ...
     98B1   00
.bput_Yintchan
     98B2   20 F4 83   JSR &83F4
     98B5   4C BE 98   JMP &98BE
.BPUTV_ENTRY
     98B8   20 F4 83   JSR &83F4
     98BB   20 DC 97   JSR &97DC
.bp_entry
     98BE   48         PHA
     98BF   B9 0C 11   LDA &110C,Y
     98C2   30 E0      BMI &98A4
     98C4   B9 0E 11   LDA &110E,Y
     98C7   30 D8      BMI &98A1
     98C9   20 AD 94   JSR &94AD
     98CC   98         TYA
     98CD   18         CLC
     98CE   69 04      ADC #&04
     98D0   20 FB 99   JSR &99FB
     98D3   D0 66      BNE &993B
     98D5   20 95 94   JSR &9495
     98D8   AE C3 10   LDX &10C3
     98DB   38         SEC
     98DC   BD 07 0F   LDA &0F07,X
     98DF   FD 0F 0F   SBC &0F0F,X
     98E2   48         PHA
     98E3   BD 06 0F   LDA &0F06,X
     98E6   FD 0E 0F   SBC &0F0E,X
     98E9   29 03      AND #&03
     98EB   D9 1A 11   CMP &111A,Y
     98EE   D0 1F      BNE &990F
     98F0   68         PLA
     98F1   D9 19 11   CMP &1119,Y
     98F4   D0 34      BNE &992A
     98F6   84 B4      STY &B4
     98F8   8C C2 10   STY &10C2
     98FB   20 9B 97   JSR &979B
.errCANTEXTEND
     98FE   20 5C 80   JSR &805C
     9901   BF
     9902   43 61 6E ...
     990E   00
.bp_extendby100
     990F   B9 1A 11   LDA &111A,Y
     9912   18         CLC
     9913   69 01      ADC #&01
     9915   99 1A 11   STA &111A,Y
     9918   0A         ASL A
     9919   0A         ASL A
     991A   0A         ASL A
     991B   0A         ASL A
     991C   5D 0E 0F   EOR &0F0E,X
     991F   29 30      AND #&30
     9921   5D 0E 0F   EOR &0F0E,X
     9924   9D 0E 0F   STA &0F0E,X
     9927   68         PLA
     9928   A9 00      LDA #&00
.bp_extendtogap
     992A   9D 0D 0F   STA &0F0D,X
     992D   99 19 11   STA &1119,Y
     9930   A9 00      LDA #&00
     9932   9D 0C 0F   STA &0F0C,X
     9935   20 A9 A1   JSR &A1A9
     9938   AC C2 10   LDY &10C2
.bp_noextend
     993B   B9 17 11   LDA &1117,Y
     993E   30 16      BMI &9956
     9940   20 56 98   JSR &9856
     9943   B9 14 11   LDA &1114,Y
     9946   D0 0A      BNE &9952
     9948   20 FA 99   JSR &99FA
     994B   D0 05      BNE &9952
     994D   20 2C 98   JSR &982C
     9950   D0 04      BNE &9956
.bp_loadbuf
     9952   38         SEC
     9953   20 5E 98   JSR &985E
.bp_savebyte
     9956   A9 40      LDA #&40
     9958   20 47 98   JSR &9847
     995B   20 13 9A   JSR &9A13
     995E   68         PLA
     995F   81 BA      STA (&BA,X)
     9961   20 FA 99   JSR &99FA
     9964   90 11      BCC &9977
.updext
     9966   A9 20      LDA #&20
     9968   20 47 98   JSR &9847
     996B   A2 02      LDX #&02
.bp_setextloop
     996D   B9 10 11   LDA &1110,Y
     9970   99 14 11   STA &1114,Y
     9973   C8         INY
     9974   CA         DEX
     9975   10 F6      BPL &996D
.bp_exit
     9977   60         RTS
.cmptoEXT
     9978   B9 14 11   LDA &1114,Y
     997B   D5 00      CMP &00,X
     997D   B9 15 11   LDA &1115,Y
     9980   F5 01      SBC &01,X
     9982   B9 16 11   LDA &1116,Y
     9985   F5 02      SBC &02,X
     9987   60         RTS
.argsv_WriteSeqPointer
     9988   20 F4 83   JSR &83F4
     998B   20 DC 97   JSR &97DC
.wsploop
     998E   20 78 99   JSR &9978
     9991   B0 2F      BCS &99C2
.argsextendloop
     9993   B9 14 11   LDA &1114,Y
     9996   99 10 11   STA &1110,Y
     9999   B9 15 11   LDA &1115,Y
     999C   99 11 11   STA &1111,Y
     999F   B9 16 11   LDA &1116,Y
     99A2   99 12 11   STA &1112,Y
     99A5   20 D1 99   JSR &99D1
     99A8   A5 B6      LDA &B6
     99AA   48         PHA
     99AB   A5 B7      LDA &B7
     99AD   48         PHA
     99AE   A5 B8      LDA &B8
     99B0   48         PHA
     99B1   A9 00      LDA #&00
     99B3   20 B2 98   JSR &98B2
     99B6   68         PLA
     99B7   85 B8      STA &B8
     99B9   68         PLA
     99BA   85 B7      STA &B7
     99BC   68         PLA
     99BD   85 B6      STA &B6
     99BF   4C 8E 99   JMP &998E
.SetSeqPointer_Yintch
     99C2   B5 00      LDA &00,X
     99C4   99 10 11   STA &1110,Y
     99C7   B5 01      LDA &01,X
     99C9   99 11 11   STA &1111,Y
     99CC   B5 02      LDA &02,X
     99CE   99 12 11   STA &1112,Y
.IsSeqPointerInBuffer_Yintch
     99D1   A9 6F      LDA #&6F
     99D3   20 4E 98   JSR &984E
     99D6   B9 0F 11   LDA &110F,Y
     99D9   79 11 11   ADC &1111,Y
     99DC   8D C4 10   STA &10C4
     99DF   B9 0D 11   LDA &110D,Y
     99E2   29 03      AND #&03
     99E4   79 12 11   ADC &1112,Y
     99E7   D9 1D 11   CMP &111D,Y
     99EA   D0 8B      BNE &9977
     99EC   AD C4 10   LDA &10C4
     99EF   D9 1C 11   CMP &111C,Y
     99F2   D0 83      BNE &9977
     99F4   4C 45 98   JMP &9845
.CheckChannel_Yhndl_exYintch_TYA_CmpPTR
     99F7   20 DC 97   JSR &97DC
.TYA_CmpPTR
     99FA   98         TYA
.CmpPTR
     99FB   AA         TAX
     99FC   B9 12 11   LDA &1112,Y
     99FF   DD 16 11   CMP &1116,X
     9A02   D0 0E      BNE &9A12
     9A04   B9 11 11   LDA &1111,Y
     9A07   DD 15 11   CMP &1115,X
     9A0A   D0 06      BNE &9A12
     9A0C   B9 10 11   LDA &1110,Y
     9A0F   DD 14 11   CMP &1114,X
.cmpPE_exit
     9A12   60         RTS
.load_then_incSeqPtr_Yintch
     9A13   B9 10 11   LDA &1110,Y
     9A16   85 BA      STA &BA
     9A18   B9 13 11   LDA &1113,Y
     9A1B   85 BB      STA &BB
     9A1D   98         TYA
     9A1E   AA         TAX
     9A1F   FE 10 11   INC &1110,X
     9A22   D0 0B      BNE &9A2F
     9A24   20 4C 98   JSR &984C
     9A27   FE 11 11   INC &1111,X
     9A2A   D0 03      BNE &9A2F
     9A2C   FE 12 11   INC &1112,X
.samesector
     9A2F   A2 00      LDX #&00
     9A31   60         RTS
.CMD_MMFS
     9A32   98         TYA
     9A33   A2 00      LDX #&00
     9A35   A0 14      LDY #&14
.Prthelp_Xtable
     9A37   48         PHA
     9A38   20 99 80   JSR &8099
     9A3B   0D
Macro SYSTEM_NAME:
     9A3C   4D 4D 46 ...
End macro SYSTEM_NAME
     9A41   20
     9A42   86 BF      STX &BF
     9A44   84 B7      STY &B7
     9A46   A2 00      LDX #&00
.verloop
     9A48   BD 1E 80   LDA &801E,X
     9A4B   F0 06      BEQ &9A53
     9A4D   20 DC 80   JSR &80DC
     9A50   E8         INX
     9A51   D0 F5      BNE &9A48
.verex
     9A53   A9 0D      LDA #&0D
     9A55   20 DC 80   JSR &80DC
.help_dfs_loop
     9A58   A9 00      LDA #&00
     9A5A   85 B9      STA &B9
     9A5C   A0 01      LDY #&01
     9A5E   20 10 9B   JSR &9B10
     9A61   20 AB 9A   JSR &9AAB
     9A64   20 7B 83   JSR &837B
     9A67   C6 B7      DEC &B7
     9A69   D0 ED      BNE &9A58
     9A6B   68         PLA
     9A6C   A8         TAY
.morehelp
     9A6D   A2 A8      LDX #&A8
     9A6F   4C 2D 87   JMP &872D
.CMD_DUTILS
     9A72   98         TYA
     9A73   A2 BC      LDX #&BC
     9A75   A0 09      LDY #&09
     9A77   D0 BE      BNE &9A37
.CMD_UTILS
     9A79   98         TYA
     9A7A   A2 76      LDX #&76
     9A7C   A0 05      LDY #&05
     9A7E   D0 B7      BNE &9A37
.CMD_NOTHELPTBL
     9A80   20 C1 81   JSR &81C1
     9A83   F0 78      BEQ &9AFD
.cmd_nothelptlb_loop
     9A85   20 A6 81   JSR &81A6
     9A88   90 FB      BCC &9A85
     9A8A   B0 E1      BCS &9A6D
.Param_SyntaxErrorIfNull
     9A8C   20 C1 81   JSR &81C1
     9A8F   F0 01      BEQ &9A92
     9A91   60         RTS
.errSYNTAX
     9A92   20 6C 80   JSR &806C
     9A95   DC
     9A96   53 79 6E ...
     9A9E   86 B9      STX &B9
     9AA0   20 AB 9A   JSR &9AAB
     9AA3   A9 00      LDA #&00
     9AA5   20 FE 9A   JSR &9AFE
     9AA8   4C 00 01   JMP &0100
.prtcmdAtBCadd1
     9AAB   A9 07      LDA #&07
     9AAD   85 B8      STA &B8
     9AAF   A6 BF      LDX &BF
     9AB1   E0 BC      CPX #&BC
     9AB3   90 05      BCC &9ABA
     9AB5   A9 44      LDA #&44
     9AB7   20 FE 9A   JSR &9AFE
.prtcmdloop
     9ABA   E8         INX
     9ABB   BD C8 85   LDA &85C8,X
     9ABE   30 06      BMI &9AC6
     9AC0   20 FE 9A   JSR &9AFE
     9AC3   4C BA 9A   JMP &9ABA
.prtcmdloop_exit
     9AC6   A4 B8      LDY &B8
     9AC8   30 03      BMI &9ACD
     9ACA   20 10 9B   JSR &9B10
.prtcmdnospcs
     9ACD   86 BF      STX &BF
     9ACF   BD C8 85   LDA &85C8,X
     9AD2   29 7F      AND #&7F
     9AD4   20 DA 9A   JSR &9ADA
     9AD7   20 20 82   JSR &8220
.prtcmdparam
     9ADA   20 F4 83   JSR &83F4
     9ADD   29 0F      AND #&0F
     9ADF   F0 1C      BEQ &9AFD
     9AE1   A8         TAY
     9AE2   A9 20      LDA #&20
     9AE4   20 FE 9A   JSR &9AFE
     9AE7   A2 FF      LDX #&FF
.prtcmdparam_findloop
     9AE9   E8         INX
     9AEA   BD 1D 9B   LDA &9B1D,X
     9AED   10 FA      BPL &9AE9
     9AEF   88         DEY
     9AF0   D0 F7      BNE &9AE9
     9AF2   29 7F      AND #&7F
.prtcmdparam_loop
     9AF4   20 FE 9A   JSR &9AFE
     9AF7   E8         INX
     9AF8   BD 1D 9B   LDA &9B1D,X
     9AFB   10 F7      BPL &9AF4
.prtcmdparamexit
     9AFD   60         RTS
.prtcmd_prtchr
     9AFE   20 F4 83   JSR &83F4
     9B01   A6 B9      LDX &B9
     9B03   F0 06      BEQ &9B0B
     9B05   E6 B9      INC &B9
     9B07   9D 00 01   STA &0100,X
     9B0A   60         RTS
.prtcmdparam_prtchr
     9B0B   C6 B8      DEC &B8
     9B0D   4C DC 80   JMP &80DC
.prtcmd_Print_Y_Spaces_IfNotErr
     9B10   A5 B9      LDA &B9
     9B12   D0 08      BNE &9B1C
     9B14   A9 20      LDA #&20
.prtcmd_yspc_loop
     9B16   20 FE 9A   JSR &9AFE
     9B19   88         DEY
     9B1A   10 FA      BPL &9B16
.prtcmd_yspc_exit
     9B1C   60         RTS
.parametertable
     9B1D   BC
     9B1E   64 72 69 ...
     9B24   BC
     9B25   61 66 73 ...
     9B2A   A8
     9B2B   4C 29 
     9B2D   A8
     9B2E   3C 64 72 ...
     9B36   A8
     9B37   3C 64 72 ...
     9B42   A8
     9B43   3C 64 69 ...
     9B49   BC
     9B4A   64 6F 73 ...
     9B53   BC
     9B54   66 73 70 ...
     9B58   A8
     9B59   3C 64 6F ...
     9B64   BC
     9B65   74 69 74 ...
     9B6B   A8
     9B6C   3C 6E 75 ...
     9B72   BC
     9B73   73 6F 75 ...
     9B82   BC
     9B83   6F 6C 64 ...
     9B95   BC
     9B96   66 69 6C ...
     9B9D   B4
     9B9E   30 2F 38 ...
     9BA2   FF
.CMD_COMPACT
     9BA3   20 04 8C   JSR &8C04
     9BA6   20 99 80   JSR &8099
     9BA9   43 6F 6D ...
     9BB5   8D D1 10   STA &10D1
     9BB8   8D D2 10   STA &10D2
     9BBB   20 03 81   JSR &8103
     9BBE   20 7B 83   JSR &837B
     9BC1   A0 00      LDY #&00
     9BC3   20 DB 94   JSR &94DB
     9BC6   20 CD 93   JSR &93CD
     9BC9   20 A2 A1   JSR &A1A2
     9BCC   AC 05 0F   LDY &0F05
     9BCF   84 CA      STY &CA
     9BD1   A9 02      LDA #&02
     9BD3   85 C8      STA &C8
     9BD5   A9 00      LDA #&00
     9BD7   85 C9      STA &C9
.compact_loop
     9BD9   A4 CA      LDY &CA
     9BDB   20 C3 82   JSR &82C3
     9BDE   C0 F8      CPY #&F8
     9BE0   D0 28      BNE &9C0A
     9BE2   AD 07 0F   LDA &0F07
     9BE5   38         SEC
     9BE6   E5 C8      SBC &C8
     9BE8   48         PHA
     9BE9   AD 06 0F   LDA &0F06
     9BEC   29 03      AND #&03
     9BEE   E5 C9      SBC &C9
     9BF0   20 03 81   JSR &8103
     9BF3   68         PLA
     9BF4   20 FB 80   JSR &80FB
     9BF7   20 99 80   JSR &8099
     9BFA   20 66 72 ...
     9C07   0D
     9C08   EA         NOP
     9C09   60         RTS
.compact_checkfile
     9C0A   84 CA      STY &CA
     9C0C   20 45 83   JSR &8345
     9C0F   A4 CA      LDY &CA
     9C11   B9 0C 0F   LDA &0F0C,Y
     9C14   C9 01      CMP #&01
     9C16   A9 00      LDA #&00
     9C18   85 BC      STA &BC
     9C1A   85 C0      STA &C0
     9C1C   79 0D 0F   ADC &0F0D,Y
     9C1F   85 C4      STA &C4
     9C21   B9 0E 0F   LDA &0F0E,Y
     9C24   08         PHP
     9C25   20 18 82   JSR &8218
     9C28   28         PLP
     9C29   69 00      ADC #&00
     9C2B   85 C5      STA &C5
     9C2D   B9 0F 0F   LDA &0F0F,Y
     9C30   85 C6      STA &C6
     9C32   B9 0E 0F   LDA &0F0E,Y
     9C35   29 03      AND #&03
     9C37   85 C7      STA &C7
     9C39   C5 C9      CMP &C9
     9C3B   D0 14      BNE &9C51
     9C3D   A5 C6      LDA &C6
     9C3F   C5 C8      CMP &C8
     9C41   D0 0E      BNE &9C51
     9C43   18         CLC
     9C44   65 C4      ADC &C4
     9C46   85 C8      STA &C8
     9C48   A5 C9      LDA &C9
     9C4A   65 C5      ADC &C5
     9C4C   85 C9      STA &C9
     9C4E   4C 69 9C   JMP &9C69
.compact_movefile
     9C51   A5 C8      LDA &C8
     9C53   99 0F 0F   STA &0F0F,Y
     9C56   B9 0E 0F   LDA &0F0E,Y
     9C59   29 FC      AND #&FC
     9C5B   05 C9      ORA &C9
     9C5D   99 0E 0F   STA &0F0E,Y
     9C60   20 A9 A1   JSR &A1A9
     9C63   20 F0 9D   JSR &9DF0
     9C66   20 97 A1   JSR &A197
.compact_fileinfo
     9C69   A4 CA      LDY &CA
     9C6B   20 4A 83   JSR &834A
     9C6E   4C D9 9B   JMP &9BD9
.IsEnabledOrGo
     9C71   2C C7 10   BIT &10C7
     9C74   10 07      BPL &9C7D
     9C76   20 C8 9C   JSR &9CC8
     9C79   F0 02      BEQ &9C7D
     9C7B   68         PLA
     9C7C   68         PLA
.isgo
.isgoalready
     9C7D   60         RTS
.Get_CopyDATA_Drives
     9C7E   20 09 8C   JSR &8C09
     9C81   8D D1 10   STA &10D1
     9C84   20 09 8C   JSR &8C09
     9C87   8D D2 10   STA &10D2
     9C8A   CD D1 10   CMP &10D1
     9C8D   F0 2E      BEQ &9CBD
     9C8F   98         TYA
     9C90   48         PHA
     9C91   20 CD 93   JSR &93CD
     9C94   20 99 80   JSR &8099
     9C97   43 6F 70 ...
     9CA5   AD D1 10   LDA &10D1
     9CA8   20 96 80   JSR &8096
     9CAB   20 74 6F ...
     9CB0   AD D2 10   LDA &10D2
     9CB3   20 03 81   JSR &8103
     9CB6   20 7B 83   JSR &837B
     9CB9   68         PLA
     9CBA   A8         TAY
     9CBB   18         CLC
     9CBC   60         RTS
.baddrv
     9CBD   4C 1C 8C   JMP &8C1C
.ConfirmYNcolon
     9CC0   20 99 80   JSR &8099
     9CC3   20 3A 20 
     9CC6   90 0F      BCC &9CD7
.GoYN
     9CC8   20 99 80   JSR &8099
     9CCB   47 6F 20 ...
     9CD6   EA         NOP
.ConfirmYN
     9CD7   20 F0 9C   JSR &9CF0
     9CDA   20 E0 FF   JSR &FFE0
     9CDD   B0 1D      BCS &9CFC
     9CDF   29 5F      AND #&5F
     9CE1   C9 59      CMP #&59
     9CE3   08         PHP
     9CE4   F0 02      BEQ &9CE8
     9CE6   A9 4E      LDA #&4E
.confYN
     9CE8   20 DC 80   JSR &80DC
     9CEB   20 7B 83   JSR &837B
     9CEE   28         PLP
     9CEF   60         RTS
.osbyte0F_flushinbuf2
     9CF0   20 F4 83   JSR &83F4
     9CF3   A9 0F      LDA #&0F
     9CF5   A2 01      LDX #&01
     9CF7   A0 00      LDY #&00
     9CF9   4C F4 FF   JMP &FFF4
.err_ESCAPE
     9CFC   4C 9E 8C   JMP &8C9E
.err_DISKFULL2
     9CFF   4C A2 8A   JMP &8AA2
.CMD_BACKUP
     9D02   20 7E 9C   JSR &9C7E
     9D05   20 71 9C   JSR &9C71
     9D08   A9 00      LDA #&00
     9D0A   85 C7      STA &C7
     9D0C   85 C9      STA &C9
     9D0E   85 C8      STA &C8
     9D10   85 C6      STA &C6
     9D12   AD D1 10   LDA &10D1
     9D15   85 CD      STA &CD
     9D17   20 A5 A1   JSR &A1A5
     9D1A   AD 07 0F   LDA &0F07
     9D1D   85 C4      STA &C4
     9D1F   AD 06 0F   LDA &0F06
     9D22   29 03      AND #&03
     9D24   85 C5      STA &C5
     9D26   AD D2 10   LDA &10D2
     9D29   85 CD      STA &CD
     9D2B   20 A5 A1   JSR &A1A5
     9D2E   AD 06 0F   LDA &0F06
     9D31   29 03      AND #&03
     9D33   C5 C5      CMP &C5
     9D35   90 C8      BCC &9CFF
     9D37   D0 07      BNE &9D40
     9D39   AD 07 0F   LDA &0F07
     9D3C   C5 C4      CMP &C4
     9D3E   90 BF      BCC &9CFF
.backup_copy
     9D40   20 F0 9D   JSR &9DF0
     9D43   20 A5 A1   JSR &A1A5
     9D46   A2 0A      LDX #&0A
.tloop
     9D48   E0 08      CPX #&08
     9D4A   90 05      BCC &9D51
     9D4C   BD F8 0E   LDA &0EF8,X
     9D4F   B0 03      BCS &9D54
.tskip1
     9D51   BD 00 0E   LDA &0E00,X
.tskip2
     9D54   9D 00 10   STA &1000,X
     9D57   CA         DEX
     9D58   10 EE      BPL &9D48
     9D5A   60         RTS
.CMD_COPY
     9D5B   20 EB 92   JSR &92EB
     9D5E   20 7E 9C   JSR &9C7E
     9D61   20 8C 9A   JSR &9A8C
     9D64   20 4A 81   JSR &814A
     9D67   AD D1 10   LDA &10D1
     9D6A   85 CD      STA &CD
     9D6C   20 39 82   JSR &8239
.copy_loop1
     9D6F   A5 CC      LDA &CC
     9D71   48         PHA
     9D72   A5 B6      LDA &B6
     9D74   48         PHA
     9D75   20 4A 83   JSR &834A
     9D78   A2 00      LDX #&00
.copy_loop2
     9D7A   B9 08 0E   LDA &0E08,Y
     9D7D   95 C5      STA &C5,X
     9D7F   9D 50 10   STA &1050,X
     9D82   B9 08 0F   LDA &0F08,Y
     9D85   95 BB      STA &BB,X
     9D87   9D 47 10   STA &1047,X
     9D8A   E8         INX
     9D8B   C8         INY
     9D8C   E0 08      CPX #&08
     9D8E   D0 EA      BNE &9D7A
     9D90   20 E0 9D   JSR &9DE0
     9D93   AD D2 10   LDA &10D2
     9D96   20 E5 8A   JSR &8AE5
     9D99   A5 C2      LDA &C2
     9D9B   29 03      AND #&03
     9D9D   48         PHA
     9D9E   A5 C3      LDA &C3
     9DA0   48         PHA
     9DA1   20 E0 9D   JSR &9DE0
     9DA4   68         PLA
     9DA5   85 C8      STA &C8
     9DA7   68         PLA
     9DA8   85 C9      STA &C9
     9DAA   A5 C1      LDA &C1
     9DAC   20 18 82   JSR &8218
     9DAF   AA         TAX
     9DB0   A5 BF      LDA &BF
     9DB2   C9 01      CMP #&01
     9DB4   A5 C0      LDA &C0
     9DB6   69 00      ADC #&00
     9DB8   85 C4      STA &C4
     9DBA   8A         TXA
     9DBB   69 00      ADC #&00
     9DBD   85 C5      STA &C5
     9DBF   A5 C2      LDA &C2
     9DC1   85 C6      STA &C6
     9DC3   A5 C1      LDA &C1
     9DC5   29 03      AND #&03
     9DC7   85 C7      STA &C7
     9DC9   20 F0 9D   JSR &9DF0
     9DCC   AD D1 10   LDA &10D1
     9DCF   85 CD      STA &CD
     9DD1   20 A2 A1   JSR &A1A2
     9DD4   68         PLA
     9DD5   85 B6      STA &B6
     9DD7   68         PLA
     9DD8   85 CC      STA &CC
     9DDA   20 85 82   JSR &8285
     9DDD   B0 90      BCS &9D6F
     9DDF   60         RTS
.cd_swapvars
     9DE0   A2 11      LDX #&11
.cd_swapvars_loop
     9DE2   BC 45 10   LDY &1045,X
     9DE5   B5 BA      LDA &BA,X
     9DE7   94 BA      STY &BA,X
     9DE9   9D 45 10   STA &1045,X
     9DEC   CA         DEX
     9DED   10 F3      BPL &9DE2
     9DEF   60         RTS
.CopyDATABLOCK
     9DF0   A9 00      LDA #&00
     9DF2   85 BC      STA &BC
     9DF4   85 C0      STA &C0
     9DF6   AD CF 10   LDA &10CF
     9DF9   85 BD      STA &BD
     9DFB   F0 57      BEQ &9E54
.cd_loop
     9DFD   A4 C4      LDY &C4
     9DFF   CC D0 10   CPY &10D0
     9E02   A5 C5      LDA &C5
     9E04   E9 00      SBC #&00
     9E06   90 03      BCC &9E0B
     9E08   AC D0 10   LDY &10D0
.cd_part
     9E0B   84 C1      STY &C1
     9E0D   A5 C6      LDA &C6
     9E0F   85 C3      STA &C3
     9E11   A5 C7      LDA &C7
     9E13   85 C2      STA &C2
     9E15   AD D1 10   LDA &10D1
     9E18   85 CD      STA &CD
     9E1A   20 D4 8B   JSR &8BD4
     9E1D   20 42 88   JSR &8842
     9E20   AD D2 10   LDA &10D2
     9E23   85 CD      STA &CD
     9E25   A5 C8      LDA &C8
     9E27   85 C3      STA &C3
     9E29   A5 C9      LDA &C9
     9E2B   85 C2      STA &C2
     9E2D   20 D4 8B   JSR &8BD4
     9E30   20 4F 88   JSR &884F
     9E33   A5 C1      LDA &C1
     9E35   18         CLC
     9E36   65 C8      ADC &C8
     9E38   85 C8      STA &C8
     9E3A   90 02      BCC &9E3E
     9E3C   E6 C9      INC &C9
.cd_inc1
     9E3E   A5 C1      LDA &C1
     9E40   18         CLC
     9E41   65 C6      ADC &C6
     9E43   85 C6      STA &C6
     9E45   90 02      BCC &9E49
     9E47   E6 C7      INC &C7
.cd_inc2
     9E49   38         SEC
     9E4A   A5 C4      LDA &C4
     9E4C   E5 C1      SBC &C1
     9E4E   85 C4      STA &C4
     9E50   B0 02      BCS &9E54
     9E52   C6 C5      DEC &C5
.cd_loopentry
     9E54   A5 C4      LDA &C4
     9E56   05 C5      ORA &C5
     9E58   D0 A3      BNE &9DFD
     9E5A   60         RTS
.CMD_VERIFY
     9E5B   A9 00      LDA #&00
     9E5D   F0 02      BEQ &9E61
.CMD_FORM
     9E5F   A9 FF      LDA #&FF
.vform1
     9E61   85 C9      STA &C9
     9E63   85 B2      STA &B2
     9E65   10 15      BPL &9E7C
     9E67   20 8C 9A   JSR &9A8C
     9E6A   20 3D 84   JSR &843D
     9E6D   B0 0A      BCS &9E79
     9E6F   86 B5      STX &B5
     9E71   E0 28      CPX #&28
     9E73   F0 07      BEQ &9E7C
     9E75   E0 50      CPX #&50
     9E77   F0 03      BEQ &9E7C
.vform2_syntax
     9E79   4C 92 9A   JMP &9A92
.vform3_ok
     9E7C   20 C1 81   JSR &81C1
     9E7F   84 CA      STY &CA
     9E81   D0 49      BNE &9ECC
     9E83   24 C9      BIT &C9
     9E85   30 0B      BMI &9E92
     9E87   20 99 80   JSR &8099
     9E8A   56 65 72 ...
     9E90   90 0A      BCC &9E9C
.vform4_form
     9E92   20 99 80   JSR &8099
     9E95   46 6F 72 ...
     9E9B   EA         NOP
.vform4_askdrive
     9E9C   20 99 80   JSR &8099
     9E9F   20 77 68 ...
     9EAE   EA         NOP
     9EAF   20 E0 FF   JSR &FFE0
     9EB2   B0 31      BCS &9EE5
     9EB4   C9 20      CMP #&20
     9EB6   90 30      BCC &9EE8
     9EB8   20 DC 80   JSR &80DC
     9EBB   38         SEC
     9EBC   E9 30      SBC #&30
     9EBE   C9 04      CMP #&04
     9EC0   B0 26      BCS &9EE8
     9EC2   85 CD      STA &CD
     9EC4   20 7B 83   JSR &837B
     9EC7   A4 CA      LDY &CA
     9EC9   4C CF 9E   JMP &9ECF
.vform5_driveloop
     9ECC   20 0C 8C   JSR &8C0C
.vform6_drivein
     9ECF   84 CA      STY &CA
     9ED1   24 B2      BIT &B2
     9ED3   10 05      BPL &9EDA
     9ED5   46 B2      LSR &B2
     9ED7   20 71 9C   JSR &9C71
.vform7_go
     9EDA   20 EB 9E   JSR &9EEB
     9EDD   A4 CA      LDY &CA
     9EDF   20 C1 81   JSR &81C1
     9EE2   D0 E8      BNE &9ECC
     9EE4   60         RTS
.jmp_reportEscape
     9EE5   4C 9E 8C   JMP &8C9E
.jmp_errBadDrive
     9EE8   4C 1C 8C   JMP &8C1C
.VFCurDrv
     9EEB   24 C9      BIT &C9
     9EED   30 0E      BMI &9EFD
     9EEF   20 99 80   JSR &8099
     9EF2   56 65 72 ...
     9EFB   90 12      BCC &9F0F
.vf1
     9EFD   20 99 80   JSR &8099
     9F00   46 6F 72 ...
     9F0A   A6 CD      LDX &CD
     9F0C   8E B0 10   STX &10B0
.vf2
     9F0F   20 99 80   JSR &8099
     9F12   20 64 72 ...
     9F19   A5 CD      LDA &CD
     9F1B   20 96 80   JSR &8096
     9F1E   20 74 72 ...
     9F27   EA         NOP
     9F28   A9 63      LDA #&63
     9F2A   A2 05      LDX #&05
     9F2C   24 C9      BIT &C9
     9F2E   30 2D      BMI &9F5D
     9F30   20 A5 A1   JSR &A1A5
     9F33   AD 06 0F   LDA &0F06
     9F36   29 03      AND #&03
     9F38   AA         TAX
     9F39   AD 07 0F   LDA &0F07
     9F3C   A0 0A      LDY #&0A
     9F3E   84 B0      STY &B0
     9F40   A0 FF      LDY #&FF
.trkloop1
     9F42   38         SEC
.trkloop2
     9F43   C8         INY
     9F44   E5 B0      SBC &B0
     9F46   B0 FB      BCS &9F43
     9F48   CA         DEX
     9F49   10 F7      BPL &9F42
     9F4B   65 B0      ADC &B0
     9F4D   48         PHA
     9F4E   98         TYA
     9F4F   AA         TAX
     9F50   68         PLA
     9F51   F0 01      BEQ &9F54
     9F53   E8         INX
.trkex
     9F54   8A         TXA
     9F55   F0 41      BEQ &9F98
     9F57   85 B5      STA &B5
     9F59   A9 5F      LDA #&5F
     9F5B   A2 03      LDX #&03
.vf4
     9F5D   8D B6 10   STA &10B6
     9F60   8E B5 10   STX &10B5
     9F63   A9 00      LDA #&00
     9F65   85 B4      STA &B4
.vf5_trackloop
     9F67   A9 08      LDA #&08
     9F69   20 DC 80   JSR &80DC
     9F6C   20 DC 80   JSR &80DC
     9F6F   A5 B4      LDA &B4
     9F71   8D B7 10   STA &10B7
     9F74   20 FB 80   JSR &80FB
     9F77   20 DC A1   JSR &A1DC
     9F7A   F0 0A      BEQ &9F86
     9F7C   48         PHA
     9F7D   A9 3F      LDA #&3F
     9F7F   20 DC 80   JSR &80DC
     9F82   68         PLA
     9F83   4C FD A1   JMP &A1FD
.vfx1
     9F86   E6 B4      INC &B4
     9F88   A5 B4      LDA &B4
     9F8A   C5 B5      CMP &B5
     9F8C   D0 D9      BNE &9F67
     9F8E   24 C9      BIT &C9
     9F90   10 06      BPL &9F98
     9F92   20 9B 9F   JSR &9F9B
     9F95   20 A9 A1   JSR &A1A9
.vf6_exit
     9F98   4C 7B 83   JMP &837B
.ClearCatalogue
     9F9B   A0 00      LDY #&00
     9F9D   98         TYA
.ccatloop
     9F9E   99 00 0E   STA &0E00,Y
     9FA1   99 00 0F   STA &0F00,Y
     9FA4   C8         INY
     9FA5   D0 F7      BNE &9F9E
     9FA7   A4 B5      LDY &B5
.loop2
     9FA9   A9 0A      LDA #&0A
     9FAB   18         CLC
     9FAC   6D 07 0F   ADC &0F07
     9FAF   8D 07 0F   STA &0F07
     9FB2   90 03      BCC &9FB7
     9FB4   EE 06 0F   INC &0F06
.label3
     9FB7   88         DEY
     9FB8   D0 EF      BNE &9FA9
     9FBA   60         RTS
.CMD_FREE
     9FBB   38         SEC
     9FBC   B0 01      BCS &9FBF
.CMD_MAP
     9FBE   18         CLC
.Label_A7F7
     9FBF   66 C6      ROR &C6
     9FC1   20 04 8C   JSR &8C04
     9FC4   20 A2 A1   JSR &A1A2
     9FC7   24 C6      BIT &C6
     9FC9   30 15      BMI &9FE0
     9FCB   20 B9 80   JSR &80B9
     9FCE   41 64 64 ...
     9FDF   0D
.Label_A818_free
     9FE0   AD 06 0F   LDA &0F06
     9FE3   29 03      AND #&03
     9FE5   85 C5      STA &C5
     9FE7   85 C2      STA &C2
     9FE9   AD 07 0F   LDA &0F07
     9FEC   85 C4      STA &C4
     9FEE   38         SEC
     9FEF   E9 02      SBC #&02
     9FF1   85 C1      STA &C1
     9FF3   B0 02      BCS &9FF7
     9FF5   C6 C2      DEC &C2
.Label_A82F
     9FF7   A9 02      LDA #&02
     9FF9   85 BB      STA &BB
     9FFB   A9 00      LDA #&00
     9FFD   85 BC      STA &BC
     9FFF   85 BF      STA &BF
     A001   85 C0      STA &C0
     A003   AD 05 0F   LDA &0F05
     A006   29 F8      AND #&F8
     A008   A8         TAY
     A009   F0 26      BEQ &A031
     A00B   D0 11      BNE &A01E
.Label_A845_fileloop
     A00D   20 A0 A0   JSR &A0A0
     A010   20 C3 82   JSR &82C3
     A013   A5 C4      LDA &C4
     A015   38         SEC
     A016   E5 BB      SBC &BB
     A018   A5 C5      LDA &C5
     A01A   E5 BC      SBC &BC
     A01C   90 13      BCC &A031
.Label_A856_fileloop_entry
     A01E   B9 07 0F   LDA &0F07,Y
     A021   38         SEC
     A022   E5 BB      SBC &BB
     A024   85 C1      STA &C1
     A026   B9 06 0F   LDA &0F06,Y
     A029   29 03      AND #&03
     A02B   E5 BC      SBC &BC
     A02D   85 C2      STA &C2
     A02F   90 DC      BCC &A00D
.Label_A86B_nofiles
     A031   84 BD      STY &BD
     A033   24 C6      BIT &C6
     A035   30 2B      BMI &A062
     A037   A5 C1      LDA &C1
     A039   05 C2      ORA &C2
     A03B   F0 25      BEQ &A062
     A03D   A5 BC      LDA &BC
     A03F   20 13 81   JSR &8113
     A042   A5 BB      LDA &BB
     A044   20 0B 81   JSR &810B
     A047   20 B9 80   JSR &80B9
     A04A   20 20 20 ...
     A052   A5 C2      LDA &C2
     A054   20 13 81   JSR &8113
     A057   A5 C1      LDA &C1
     A059   20 0B 81   JSR &810B
     A05C   20 E7 FF   JSR &FFE7
     A05F   20 A0 A0   JSR &A0A0
.Label_A87A_free
     A062   A5 C1      LDA &C1
     A064   18         CLC
     A065   65 BF      ADC &BF
     A067   85 BF      STA &BF
     A069   A5 C2      LDA &C2
     A06B   65 C0      ADC &C0
     A06D   85 C0      STA &C0
     A06F   A4 BD      LDY &BD
     A071   D0 9A      BNE &A00D
     A073   24 C6      BIT &C6
     A075   10 28      BPL &A09F
     A077   A8         TAY
     A078   A6 BF      LDX &BF
     A07A   A9 F8      LDA #&F8
     A07C   38         SEC
     A07D   ED 05 0F   SBC &0F05
     A080   20 CA A0   JSR &A0CA
     A083   46 72 65 ...
     A087   0D
     A088   A5 C4      LDA &C4
     A08A   38         SEC
     A08B   E5 BF      SBC &BF
     A08D   AA         TAX
     A08E   A5 C5      LDA &C5
     A090   E5 C0      SBC &C0
     A092   A8         TAY
     A093   AD 05 0F   LDA &0F05
     A096   20 CA A0   JSR &A0CA
     A099   55 73 65 ...
     A09D   0D
     A09E   EA         NOP
.Label_A8BD_rst
     A09F   60         RTS
.Sub_A8E2_nextblock
     A0A0   B9 06 0F   LDA &0F06,Y
     A0A3   48         PHA
     A0A4   20 18 82   JSR &8218
     A0A7   85 BC      STA &BC
     A0A9   68         PLA
     A0AA   29 03      AND #&03
     A0AC   18         CLC
     A0AD   65 BC      ADC &BC
     A0AF   85 BC      STA &BC
     A0B1   B9 04 0F   LDA &0F04,Y
     A0B4   C9 01      CMP #&01
     A0B6   A9 00      LDA #&00
     A0B8   79 05 0F   ADC &0F05,Y
     A0BB   90 02      BCC &A0BF
     A0BD   E6 BC      INC &BC
.Label_A902
     A0BF   18         CLC
     A0C0   79 07 0F   ADC &0F07,Y
     A0C3   85 BB      STA &BB
     A0C5   90 02      BCC &A0C9
     A0C7   E6 BC      INC &BC
.Label_A90C
     A0C9   60         RTS
.Sub_A90D_freeinfo
     A0CA   4A         LSR A
     A0CB   4A         LSR A
     A0CC   4A         LSR A
     A0CD   20 08 81   JSR &8108
     A0D0   20 B9 80   JSR &80B9
     A0D3   20 46 69 ...
     A0DA   86 BC      STX &BC
     A0DC   84 BD      STY &BD
     A0DE   98         TYA
     A0DF   20 13 81   JSR &8113
     A0E2   8A         TXA
     A0E3   20 0B 81   JSR &810B
     A0E6   20 B9 80   JSR &80B9
     A0E9   20 53 65 ...
     A0F2   A9 00      LDA #&00
     A0F4   85 BB      STA &BB
     A0F6   85 BE      STA &BE
     A0F8   A2 1F      LDX #&1F
     A0FA   86 C1      STX &C1
     A0FC   A2 09      LDX #&09
.Label_A941_loop1
     A0FE   9D 00 10   STA &1000,X
     A101   CA         DEX
     A102   10 FA      BPL &A0FE
.Label_A947_loop2
     A104   06 BB      ASL &BB
     A106   26 BC      ROL &BC
     A108   26 BD      ROL &BD
     A10A   26 BE      ROL &BE
     A10C   A2 00      LDX #&00
     A10E   A0 09      LDY #&09
.Label_A953_loop3
     A110   BD 00 10   LDA &1000,X
     A113   2A         ROL A
     A114   C9 0A      CMP #&0A
     A116   90 02      BCC &A11A
     A118   E9 0A      SBC #&0A
.Label_A95D
     A11A   9D 00 10   STA &1000,X
     A11D   E8         INX
     A11E   88         DEY
     A11F   10 EF      BPL &A110
     A121   C6 C1      DEC &C1
     A123   10 DF      BPL &A104
     A125   A0 20      LDY #&20
     A127   A2 05      LDX #&05
.Label_A96C_loop4
     A129   D0 02      BNE &A12D
     A12B   A0 2C      LDY #&2C
.Label_A970
     A12D   BD 00 10   LDA &1000,X
     A130   D0 07      BNE &A139
     A132   C0 2C      CPY #&2C
     A134   F0 03      BEQ &A139
     A136   98         TYA
     A137   D0 04      BNE &A13D
.Label_A97D
     A139   A0 2C      LDY #&2C
     A13B   09 30      ORA #&30
.Label_A982
     A13D   20 EE FF   JSR &FFEE
     A140   E0 03      CPX #&03
     A142   D0 04      BNE &A148
     A144   98         TYA
     A145   20 EE FF   JSR &FFEE
.Label_A98D
     A148   CA         DEX
     A149   10 DE      BPL &A129
     A14B   20 B9 80   JSR &80B9
     A14E   20 42 79 ...
     A155   EA         NOP
     A156   4C B9 80   JMP &80B9
.CalculateCRC7
     A159   A0 0F      LDY #&0F
     A15B   A9 00      LDA #&00
.c7loop1
     A15D   59 E0 10   EOR &10E0,Y
     A160   0A         ASL A
     A161   A2 07      LDX #&07
.c7loop2
     A163   90 02      BCC &A167
     A165   49 12      EOR #&12
.c7b7z1
     A167   0A         ASL A
     A168   CA         DEX
     A169   D0 F8      BNE &A163
     A16B   90 02      BCC &A16F
     A16D   49 12      EOR #&12
.c7b7z2
     A16F   88         DEY
     A170   10 EB      BPL &A15D
     A172   09 01      ORA #&01
     A174   60         RTS
.CheckCRC7
     A175   20 F4 83   JSR &83F4
     A178   20 59 A1   JSR &A159
     A17B   CD F0 10   CMP &10F0
     A17E   D0 01      BNE &A181
     A180   60         RTS
.errBadSum
     A181   20 52 80   JSR &8052
     A184   FF
     A185   53 75 6D 
     A188   00
.ResetCRC7
     A189   20 F4 83   JSR &83F4
     A18C   20 59 A1   JSR &A159
     A18F   8D F0 10   STA &10F0
     A192   18         CLC
     A193   60         RTS
.Set_CurDirDrv_ToDefaults_CheckCurDrvCat
     A194   20 F7 8B   JSR &8BF7
.CheckCurDrvCat
     A197   AD 82 10   LDA &1082
     A19A   C5 CD      CMP &CD
     A19C   D0 07      BNE &A1A5
     A19E   60         RTS
.Set_CurDirDrv_ToDefaults_and_load
     A19F   20 F7 8B   JSR &8BF7
.LoadCurDrvCat2
     A1A2   20 F4 83   JSR &83F4
.LoadCurDrvCat
     A1A5   A9 53      LDA #&53
     A1A7   D0 0D      BNE &A1B6
.SaveCatToDisk
     A1A9   AD 04 0F   LDA &0F04
     A1AC   18         CLC
     A1AD   F8         SED
     A1AE   69 01      ADC #&01
     A1B0   8D 04 0F   STA &0F04
     A1B3   D8         CLD
     A1B4   A9 4B      LDA #&4B
.exec_cat_rw
     A1B6   48         PHA
     A1B7   A5 CD      LDA &CD
     A1B9   A2 00      LDX #&00
.loop
     A1BB   9D B0 10   STA &10B0,X
     A1BE   BD D3 A1   LDA &A1D3,X
     A1C1   E8         INX
     A1C2   E0 0A      CPX #&0A
     A1C4   D0 F5      BNE &A1BB
     A1C6   68         PLA
     A1C7   8D B6 10   STA &10B6
     A1CA   20 FA A1   JSR &A1FA
     A1CD   A5 CD      LDA &CD
     A1CF   8D 82 10   STA &1082
     A1D2   60         RTS
.datax
     A1D3   00
     A1D4   0E
     A1D5   FF
     A1D6   FF
     A1D7   03
     A1D8   53
     A1D9   00
     A1DA   00
     A1DB   22
.OW7F_Execute
     A1DC   A5 B0      LDA &B0
     A1DE   48         PHA
     A1DF   A5 B1      LDA &B1
     A1E1   48         PHA
     A1E2   A9 B0      LDA #&B0
     A1E4   85 B0      STA &B0
     A1E6   A9 10      LDA #&10
     A1E8   85 B1      STA &B1
     A1EA   20 49 AF   JSR &AF49
     A1ED   68         PLA
     A1EE   85 B1      STA &B1
     A1F0   68         PLA
     A1F1   85 B0      STA &B0
     A1F3   AE B5 10   LDX &10B5
     A1F6   BD B7 10   LDA &10B7,X
     A1F9   60         RTS
.OW7F_Execute_and_ReportIfDiskFault
     A1FA   20 DC A1   JSR &A1DC
.ReportIfDiskFault
     A1FD   D0 01      BNE &A200
     A1FF   60         RTS
.l0
     A200   C9 10      CMP #&10
     A202   D0 10      BNE &A214
     A204   20 5C 80   JSR &805C
     A207   C7
     A208   44 72 69 ...
     A213   00
.l1
     A214   C9 12      CMP #&12
     A216   D0 0E      BNE &A226
     A218   20 47 80   JSR &8047
     A21B   C9
     A21C   72 65 61 ...
     A225   00
.l2
     A226   A5 CD      LDA &CD
     A228   8D B0 10   STA &10B0
     A22B   A2 06      LDX #&06
.loop1
     A22D   BD 89 A2   LDA &A289,X
     A230   9D B1 10   STA &10B1,X
     A233   CA         DEX
     A234   10 F7      BPL &A22D
     A236   20 DC A1   JSR &A1DC
     A239   48         PHA
     A23A   A5 CD      LDA &CD
     A23C   29 02      AND #&02
     A23E   0A         ASL A
     A23F   0A         ASL A
     A240   69 12      ADC #&12
     A242   8D B7 10   STA &10B7
     A245   20 DC A1   JSR &A1DC
     A248   48         PHA
     A249   20 47 80   JSR &8047
     A24C   00         BRK
     A24D   EA         NOP
     A24E   20 73 80   JSR &8073
     A251   C7
     A252   73 65 63 ...
     A266   EA         NOP
     A267   A9 3A      LDA #&3A
     A269   20 44 AF   JSR &AF44
     A26C   A5 CD      LDA &CD
     A26E   20 B6 8C   JSR &8CB6
     A271   A9 20      LDA #&20
     A273   20 44 AF   JSR &AF44
     A276   68         PLA
     A277   20 AE 8C   JSR &8CAE
     A27A   A9 2F      LDA #&2F
     A27C   20 44 AF   JSR &AF44
     A27F   68         PLA
     A280   20 AE 8C   JSR &8CAE
     A283   20 73 80   JSR &8073
     A286   C7
     A287   00
     A288   EA         NOP
.spec
     A289   00
     A28A   00
     A28B   00
     A28C   00
     A28D   01
     A28E   7D
     A28F   06
.bcd_inc16_zp_x_A8
     A290   A2 A8      LDX #&A8
.bcd_inc16_zp_x
     A292   F8         SED
     A293   18         CLC
     A294   B5 00      LDA &00,X
     A296   69 01      ADC #&01
     A298   95 00      STA &00,X
     A29A   B5 01      LDA &01,X
     A29C   69 00      ADC #&00
     A29E   95 01      STA &01,X
     A2A0   D8         CLD
     A2A1   60         RTS
Including file MMC_Pi1MHz.asm
.MMC_DEVICE_RESET
     A2A2   A9 00      LDA #&00
     A2A4   8D A6 FC   STA &FCA6
     A2A7   A0 F0      LDY #&F0
     A2A9   8C A7 FC   STY &FCA7
     A2AC   A2 FF      LDX #&FF
     A2AE   8E A8 FC   STX &FCA8
     A2B1   8D A9 FC   STA &FCA9
     A2B4   8D A9 FC   STA &FCA9
     A2B7   8D A9 FC   STA &FCA9
     A2BA   8D A9 FC   STA &FCA9
     A2BD   8D A9 FC   STA &FCA9
     A2C0   A0 E0      LDY #&E0
     A2C2   8C A9 FC   STY &FCA9
     A2C5   8E A9 FC   STX &FCA9
     A2C8   8D A9 FC   STA &FCA9
     A2CB   A0 0C      LDY #&0C
     A2CD   8C A6 FC   STY &FCA6
     A2D0   A0 01      LDY #&01
     A2D2   8C A9 FC   STY &FCA9
     A2D5   8D A9 FC   STA &FCA9
     A2D8   8D A9 FC   STA &FCA9
     A2DB   8D A9 FC   STA &FCA9
     A2DE   60         RTS
.MMC_16Clocks
     A2DF   60         RTS
.MMC_Clocks
     A2E0   F0 07      BEQ &A2E9
.count
     A2E2   AD A9 FC   LDA &FCA9
     A2E5   88         DEY
     A2E6   D0 FA      BNE &A2E2
     A2E8   60         RTS
.skip_sector
.MMC_ReadBuffer
.MMC_WriteBuffer
     A2E9   A9 E1      LDA #&E1
     A2EB   8D A7 FC   STA &FCA7
     A2EE   60         RTS
.MMC_DoCommand
     A2EF   AD 88 10   LDA &1088
     A2F2   C9 51      CMP #&51
     A2F4   D0 43      BNE &A339
.setup_read_buffer
     A2F6   A9 00      LDA #&00
.setup_buffer
     A2F8   A2 00      LDX #&00
     A2FA   8E A6 FC   STX &FCA6
     A2FD   A0 F0      LDY #&F0
     A2FF   8C A7 FC   STY &FCA7
     A302   A2 FF      LDX #&FF
     A304   8E A8 FC   STX &FCA8
     A307   8D A9 FC   STA &FCA9
     A30A   A2 08      LDX #&08
     A30C   8E A6 FC   STX &FCA6
     A30F   AE 8C 10   LDX &108C
     A312   8E A9 FC   STX &FCA9
     A315   AE 8B 10   LDX &108B
     A318   8E A9 FC   STX &FCA9
     A31B   AE 8A 10   LDX &108A
     A31E   8E A9 FC   STX &FCA9
     A321   AE 89 10   LDX &1089
     A324   8E A9 FC   STX &FCA9
     A327   90 03      BCC &A32C
     A329   8C AA FC   STY &FCAA
.skip
     A32C   A2 E0      LDX #&E0
     A32E   8E A7 FC   STX &FCA7
     A331   A9 00      LDA #&00
     A333   8D A6 FC   STA &FCA6
.MMC_send_cid
.MMC_send_op
.MMC_set_blk_size
.MMC_return
     A336   A9 00      LDA #&00
.dbgMmc
     A338   60         RTS
.notareadcommand
     A339   A9 01      LDA #&01
     A33B   18         CLC
     A33C   90 BA      BCC &A2F8
.MMC_EndWrite
     A33E   A9 F0      LDA #&F0
     A340   8D AA FC   STA &FCAA
     A343   EA         NOP
.MMC_WaitForData
.loop
     A344   AD AA FC   LDA &FCAA
     A347   30 FB      BMI &A344
     A349   A9 E0      LDA #&E0
     A34B   8D A7 FC   STA &FCA7
     A34E   A9 00      LDA #&00
     A350   8D A6 FC   STA &FCA6
     A353   60         RTS
.MMC_Read256
     A354   AC AE 10   LDY &10AE
     A357   D0 09      BNE &A362
.rdl1
     A359   AD A9 FC   LDA &FCA9
     A35C   91 BC      STA (&BC),Y
     A35E   C8         INY
     A35F   D0 F8      BNE &A359
     A361   60         RTS
.rdlT20
     A362   A2 00      LDX #&00
     A364   F0 11      BEQ &A377
.MMC_ReadBLS
     A366   A6 C6      LDX &C6
     A368   AC AE 10   LDY &10AE
     A36B   D0 0A      BNE &A377
.rdl2
     A36D   AD A9 FC   LDA &FCA9
     A370   91 BC      STA (&BC),Y
     A372   C8         INY
     A373   CA         DEX
     A374   D0 F7      BNE &A36D
     A376   60         RTS
.rdlT1
.rdlT2
.rdlT3
     A377   AD A9 FC   LDA &FCA9
     A37A   8D E5 FE   STA &FEE5
     A37D   20 88 A3   JSR &A388
     A380   20 88 A3   JSR &A388
     A383   EA         NOP
     A384   CA         DEX
     A385   D0 F0      BNE &A377
     A387   60         RTS
.donothing16cycles
     A388   EA         NOP
.donothing14cycles
     A389   EA         NOP
.MMC_SendingData
.donothing
     A38A   60         RTS
.MMC_Write256
     A38B   AC AE 10   LDY &10AE
     A38E   D0 09      BNE &A399
.wr1
     A390   B1 BC      LDA (&BC),Y
     A392   8D A9 FC   STA &FCA9
     A395   C8         INY
     A396   D0 F8      BNE &A390
     A398   60         RTS
.wrT1
     A399   A0 00      LDY #&00
.wrT2
     A39B   AD E5 FE   LDA &FEE5
     A39E   8D A9 FC   STA &FCA9
     A3A1   20 88 A3   JSR &A388
     A3A4   20 88 A3   JSR &A388
     A3A7   EA         NOP
     A3A8   C8         INY
     A3A9   D0 F0      BNE &A39B
     A3AB   60         RTS
Processed file 'MMC_Pi1MHz.asm' ok
.errWrite2
     A3AC   98         TYA
     A3AD   20 06 AF   JSR &AF06
     A3B0   57 72 69 ...
     A3C5   00
Including file MMC.asm
.MMC_INIT
     A3C6   A9 01      LDA #&01
     A3C8   8D DE 10   STA &10DE
     A3CB   A9 40      LDA #&40
     A3CD   8D AF 10   STA &10AF
     A3D0   20 3F 80   JSR &803F
     A3D3   18         CLC
     A3D4   60         RTS
.MMC_GetCIDCRC
     A3D5   A9 AA      LDA #&AA
     A3D7   A8         TAY
     A3D8   60         RTS
.MMC_SetupWrite
     A3D9   A9 58      LDA #&58
     A3DB   D0 02      BNE &A3DF
.MMC_SetupRead
     A3DD   A9 51      LDA #&51
.setuprw
     A3DF   8D 88 10   STA &1088
.setCommandAddress
.setCommandAddressSDHC
     A3E2   A9 00      LDA #&00
     A3E4   8D 89 10   STA &1089
     A3E7   A5 C0      LDA &C0
     A3E9   4A         LSR A
     A3EA   8D 8A 10   STA &108A
     A3ED   A5 BF      LDA &BF
     A3EF   6A         ROR A
     A3F0   8D 8B 10   STA &108B
     A3F3   A5 BE      LDA &BE
     A3F5   6A         ROR A
     A3F6   8D 8C 10   STA &108C
     A3F9   60         RTS
.MMC_StartRead
     A3FA   20 EF A2   JSR &A2EF
     A3FD   D0 03      BNE &A402
     A3FF   4C 44 A3   JMP &A344
.errRead
     A402   20 06 AF   JSR &AF06
     A405   52 65 61 ...
     A410   00
.MMC_StartWrite
     A411   20 EF A2   JSR &A2EF
     A414   D0 03      BNE &A419
     A416   4C 8A A3   JMP &A38A
.errWrite
     A419   20 06 AF   JSR &AF06
     A41C   57 72 69 ...
     A428   00
.SetupCatRW
     A429   20 35 80   JSR &8035
     A42C   A9 00      LDA #&00
     A42E   8D AE 10   STA &10AE
     A431   85 BC      STA &BC
     A433   A9 0E      LDA #&0E
     A435   85 BD      STA &BD
     A437   60         RTS
.MMC_ReadCatalogue
     A438   20 29 A4   JSR &A429
     A43B   20 DD A3   JSR &A3DD
     A43E   20 FA A3   JSR &A3FA
     A441   20 54 A3   JSR &A354
     A444   E6 BD      INC &BD
     A446   20 54 A3   JSR &A354
     A449   20 DF A2   JSR &A2DF
     A44C   4C 3F 80   JMP &803F
.MMC_WriteCatalogue
     A44F   20 29 A4   JSR &A429
     A452   20 D9 A3   JSR &A3D9
     A455   20 11 A4   JSR &A411
     A458   20 8B A3   JSR &A38B
     A45B   E6 BD      INC &BD
     A45D   20 8B A3   JSR &A38B
     A460   20 3E A3   JSR &A33E
     A463   4C 3F 80   JMP &803F
.MMC_RWBlock_CheckIfToTube
     A466   48         PHA
     A467   AD AC 10   LDA &10AC
     A46A   2D AD 10   AND &10AD
     A46D   0D D6 10   ORA &10D6
     A470   49 FF      EOR #&FF
     A472   8D AE 10   STA &10AE
     A475   38         SEC
     A476   F0 0D      BEQ &A485
     A478   20 83 8C   JSR &8C83
     A47B   A2 AA      LDX #&AA
     A47D   A0 10      LDY #&10
     A47F   68         PLA
     A480   48         PHA
     A481   20 06 04   JSR &0406
     A484   18         CLC
.notTube
     A485   68         PLA
     A486   60         RTS
.MMC_ReadBlock
     A487   4E A6 10   LSR &10A6
     A48A   20 35 80   JSR &8035
     A48D   20 97 A4   JSR &A497
     A490   4C 3F 80   JMP &803F
.rb_err
     A493   6E A6 10   ROR &10A6
.rb1_exit
     A496   60         RTS
.rdblk
     A497   A6 C4      LDX &C4
     A499   D0 04      BNE &A49F
     A49B   A5 C5      LDA &C5
     A49D   F0 F7      BEQ &A496
.rb1
     A49F   A9 01      LDA #&01
     A4A1   20 66 A4   JSR &A466
     A4A4   A6 C4      LDX &C4
     A4A6   66 BE      ROR &BE
     A4A8   66 C1      ROR &C1
     A4AA   10 07      BPL &A4B3
     A4AC   E8         INX
     A4AD   86 C4      STX &C4
     A4AF   D0 02      BNE &A4B3
     A4B1   E6 C5      INC &C5
.rb2
     A4B3   06 BE      ASL &BE
     A4B5   20 DD A3   JSR &A3DD
     A4B8   A5 C5      LDA &C5
     A4BA   D0 0E      BNE &A4CA
     A4BC   A6 C4      LDX &C4
     A4BE   E0 03      CPX #&03
     A4C0   B0 08      BCS &A4CA
.rb4_loop
     A4C2   A5 C6      LDA &C6
     A4C4   D0 47      BNE &A50D
     A4C6   E0 01      CPX #&01
     A4C8   F0 3A      BEQ &A504
.rb3
     A4CA   24 C1      BIT &C1
     A4CC   10 0D      BPL &A4DB
     A4CE   20 FA A3   JSR &A3FA
     A4D1   A0 00      LDY #&00
     A4D3   84 C1      STY &C1
     A4D5   20 E0 A2   JSR &A2E0
     A4D8   4C E3 A4   JMP &A4E3
.rb6_loop
     A4DB   20 FA A3   JSR &A3FA
     A4DE   20 54 A3   JSR &A354
     A4E1   E6 BD      INC &BD
.rb7
     A4E3   20 54 A3   JSR &A354
     A4E6   E6 BD      INC &BD
     A4E8   20 DF A2   JSR &A2DF
     A4EB   20 E6 A5   JSR &A5E6
     A4EE   F0 A6      BEQ &A496
     A4F0   20 9A AE   JSR &AE9A
     A4F3   B0 9E      BCS &A493
     A4F5   20 DD A3   JSR &A3DD
     A4F8   A6 C4      LDX &C4
     A4FA   A5 C5      LDA &C5
     A4FC   D0 DD      BNE &A4DB
     A4FE   E0 03      CPX #&03
     A500   B0 D9      BCS &A4DB
     A502   90 BE      BCC &A4C2
.rb9
     A504   20 FA A3   JSR &A3FA
     A507   20 54 A3   JSR &A354
     A50A   4C 34 A5   JMP &A534
.rb5
     A50D   20 FA A3   JSR &A3FA
     A510   24 C1      BIT &C1
     A512   10 08      BPL &A51C
     A514   A0 00      LDY #&00
     A516   20 E0 A2   JSR &A2E0
     A519   4C 25 A5   JMP &A525
.rbx1
     A51C   C6 C4      DEC &C4
     A51E   F0 05      BEQ &A525
     A520   20 54 A3   JSR &A354
     A523   E6 BD      INC &BD
.rbx2
     A525   20 66 A3   JSR &A366
     A528   98         TYA
     A529   49 FF      EOR #&FF
     A52B   A8         TAY
     A52C   C8         INY
     A52D   20 E0 A2   JSR &A2E0
     A530   A5 C4      LDA &C4
     A532   D0 05      BNE &A539
.rbx4
     A534   A0 00      LDY #&00
     A536   20 E0 A2   JSR &A2E0
.rbx3
     A539   4C DF A2   JMP &A2DF
.wb1_exit
     A53C   60         RTS
.MMC_WriteBlock
     A53D   4E A6 10   LSR &10A6
     A540   20 35 80   JSR &8035
     A543   20 49 A5   JSR &A549
     A546   4C 3F 80   JMP &803F
.wrblk
     A549   A6 C4      LDX &C4
     A54B   D0 04      BNE &A551
     A54D   A5 C5      LDA &C5
     A54F   F0 EB      BEQ &A53C
.wb1
     A551   A9 00      LDA #&00
     A553   20 66 A4   JSR &A466
     A556   A6 C4      LDX &C4
     A558   66 BE      ROR &BE
     A55A   6A         ROR A
     A55B   06 BE      ASL &BE
     A55D   48         PHA
     A55E   20 D9 A3   JSR &A3D9
     A561   68         PLA
     A562   10 37      BPL &A59B
     A564   A9 51      LDA #&51
     A566   8D 88 10   STA &1088
     A569   20 FA A3   JSR &A3FA
     A56C   20 E9 A2   JSR &A2E9
     A56F   A0 00      LDY #&00
     A571   20 E0 A2   JSR &A2E0
     A574   A0 02      LDY #&02
     A576   20 E0 A2   JSR &A2E0
     A579   A9 58      LDA #&58
     A57B   8D 88 10   STA &1088
     A57E   20 11 A4   JSR &A411
     A581   20 E9 A2   JSR &A2E9
     A584   20 8B A3   JSR &A38B
     A587   20 3E A3   JSR &A33E
     A58A   A9 FF      LDA #&FF
     A58C   20 E8 A5   JSR &A5E8
     A58F   F0 AB      BEQ &A53C
     A591   E6 BD      INC &BD
.wb4
     A593   20 9A AE   JSR &AE9A
     A596   B0 4A      BCS &A5E2
     A598   20 D9 A3   JSR &A3D9
.wb2
     A59B   A5 C5      LDA &C5
     A59D   D0 2D      BNE &A5CC
     A59F   A6 C4      LDX &C4
     A5A1   F0 3E      BEQ &A5E1
     A5A3   CA         DEX
     A5A4   D0 26      BNE &A5CC
     A5A6   A9 51      LDA #&51
     A5A8   8D 88 10   STA &1088
     A5AB   20 FA A3   JSR &A3FA
     A5AE   A0 00      LDY #&00
     A5B0   20 E0 A2   JSR &A2E0
     A5B3   20 E9 A2   JSR &A2E9
     A5B6   A0 02      LDY #&02
     A5B8   20 E0 A2   JSR &A2E0
     A5BB   A9 58      LDA #&58
     A5BD   8D 88 10   STA &1088
     A5C0   20 11 A4   JSR &A411
     A5C3   20 8B A3   JSR &A38B
     A5C6   20 E9 A2   JSR &A2E9
     A5C9   4C 3E A3   JMP &A33E
.wb3
     A5CC   20 11 A4   JSR &A411
     A5CF   20 8B A3   JSR &A38B
     A5D2   E6 BD      INC &BD
     A5D4   20 8B A3   JSR &A38B
     A5D7   E6 BD      INC &BD
     A5D9   20 3E A3   JSR &A33E
     A5DC   20 E6 A5   JSR &A5E6
     A5DF   D0 B2      BNE &A593
.wb5
     A5E1   60         RTS
.wb_err
     A5E2   6E A6 10   ROR &10A6
     A5E5   60         RTS
.dec_seccountby2
     A5E6   A9 FE      LDA #&FE
.dec_seccount
     A5E8   18         CLC
     A5E9   65 C4      ADC &C4
     A5EB   85 C4      STA &C4
     A5ED   AA         TAX
     A5EE   A9 FF      LDA #&FF
     A5F0   65 C5      ADC &C5
     A5F2   85 C5      STA &C5
     A5F4   05 C4      ORA &C4
     A5F6   60         RTS
.MMC_BEGIN2
     A5F7   20 F4 83   JSR &83F4
     A5FA   20 00 A6   JSR &A600
     A5FD   4C 53 A6   JMP &A653
.MMC_BEGIN1
     A600   A2 0F      LDX #&0F
.begloop1
     A602   B5 BC      LDA &BC,X
     A604   9D 90 10   STA &1090,X
     A607   CA         DEX
     A608   10 F8      BPL &A602
     A60A   20 A2 A2   JSR &A2A2
     A60D   2C AF 10   BIT &10AF
     A610   50 01      BVC &A613
     A612   60         RTS
.begX
     A613   20 C6 A3   JSR &A3C6
     A616   B0 06      BCS &A61E
     A618   20 28 A6   JSR &A628
     A61B   4C E4 A6   JMP &A6E4
.carderr
     A61E   20 6C 80   JSR &806C
     A621   FF
     A622   43 61 72 ...
     A627   00
.MMC_CheckCardID
     A628   20 75 A1   JSR &A175
     A62B   AD E4 10   LDA &10E4
     A62E   F0 0D      BEQ &A63D
     A630   20 D5 A3   JSR &A3D5
     A633   CD EF 10   CMP &10EF
     A636   D0 06      BNE &A63E
     A638   CC EE 10   CPY &10EE
     A63B   D0 01      BNE &A63E
.cid_x
     A63D   60         RTS
.errCardChanged
     A63E   A9 00      LDA #&00
     A640   8D AF 10   STA &10AF
     A643   20 6C 80   JSR &806C
     A646   FF
     A647   57 72 6F ...
     A652   00
.MMC_END
     A653   A2 0F      LDX #&0F
.eloop0
     A655   BD 90 10   LDA &1090,X
     A658   95 BC      STA &BC,X
     A65A   CA         DEX
     A65B   10 F8      BPL &A655
     A65D   60         RTS
Processed file 'MMC.asm' ok
.CMD_DABOUT
     A65E   A2 00      LDX #&00
.loop
     A660   BD 09 80   LDA &8009,X
     A663   D0 02      BNE &A667
     A665   A9 0D      LDA #&0D
.print
     A667   20 E3 FF   JSR &FFE3
     A66A   E8         INX
     A66B   E0 29      CPX #&29
     A66D   D0 F1      BNE &A660
     A66F   60         RTS
Including file MM32.asm
.mm32_cmd_dbug
.l1
     A670   20 99 80   JSR &8099
     A673   46 41 54 ...
     A67C   A0 00      LDY #&00
     A67E   20 BA A6   JSR &A6BA
     A681   20 99 80   JSR &8099
     A684   44 41 54 ...
     A68D   A0 02      LDY #&02
     A68F   20 BA A6   JSR &A6BA
     A692   20 99 80   JSR &8099
     A695   43 4C 55 ...
     A69E   A0 04      LDY #&04
     A6A0   20 C0 A6   JSR &A6C0
     A6A3   A2 00      LDX #&00
.loop
     A6A5   8A         TXA
     A6A6   20 FB 80   JSR &80FB
     A6A9   A9 3A      LDA #&3A
     A6AB   20 EE FF   JSR &FFEE
     A6AE   20 C9 A6   JSR &A6C9
     A6B1   20 E7 FF   JSR &FFE7
     A6B4   E8         INX
     A6B5   E0 03      CPX #&03
     A6B7   D0 EC      BNE &A6A5
     A6B9   60         RTS
.phex2
     A6BA   B9 E1 10   LDA &10E1,Y
     A6BD   20 FB 80   JSR &80FB
.phex1
     A6C0   B9 E0 10   LDA &10E0,Y
     A6C3   20 FB 80   JSR &80FB
     A6C6   4C E7 FF   JMP &FFE7
.mm32_pclust
     A6C9   BD EB 10   LDA &10EB,X
     A6CC   20 FB 80   JSR &80FB
     A6CF   BD E8 10   LDA &10E8,X
     A6D2   20 FB 80   JSR &80FB
     A6D5   BD E5 10   LDA &10E5,X
     A6D8   20 FB 80   JSR &80FB
     A6DB   60         RTS
.mm32_readblock
     A6DC   A9 FF      LDA #&FF
     A6DE   8D 82 10   STA &1082
     A6E1   4C 38 A4   JMP &A438
.mm32_init_dos
     A6E4   20 75 A1   JSR &A175
     A6E7   AD E4 10   LDA &10E4
     A6EA   F0 01      BEQ &A6ED
     A6EC   60         RTS
.init
     A6ED   20 74 A7   JSR &A774
     A6F0   90 71      BCC &A763
     A6F2   AD 0C 0E   LDA &0E0C
     A6F5   C9 02      CMP #&02
     A6F7   D0 6A      BNE &A763
     A6F9   4D 2C 0E   EOR &0E2C
     A6FC   0D 26 0E   ORA &0E26
     A6FF   D0 62      BNE &A763
     A701   AD 25 0E   LDA &0E25
     A704   4A         LSR A
     A705   F0 5C      BEQ &A763
     A707   AD 0D 0E   LDA &0E0D
     A70A   85 CB      STA &CB
     A70C   A5 C7      LDA &C7
     A70E   A4 C8      LDY &C8
     A710   18         CLC
     A711   6D 0E 0E   ADC &0E0E
     A714   AA         TAX
     A715   98         TYA
     A716   6D 0F 0E   ADC &0E0F
     A719   B0 48      BCS &A763
     A71B   86 C7      STX &C7
     A71D   85 C8      STA &C8
.loop1
     A71F   A8         TAY
     A720   8A         TXA
     A721   6D 24 0E   ADC &0E24
     A724   AA         TAX
     A725   98         TYA
     A726   6D 25 0E   ADC &0E25
     A729   B0 38      BCS &A763
     A72B   CE 10 0E   DEC &0E10
     A72E   D0 EF      BNE &A71F
     A730   A8         TAY
     A731   0E 0D 0E   ASL &0E0D
     A734   8A         TXA
     A735   38         SEC
     A736   ED 0D 0E   SBC &0E0D
     A739   85 C9      STA &C9
     A73B   98         TYA
     A73C   E9 00      SBC #&00
     A73E   85 CA      STA &CA
     A740   20 75 A1   JSR &A175
     A743   20 D5 A3   JSR &A3D5
     A746   8D EF 10   STA &10EF
     A749   8C EE 10   STY &10EE
     A74C   A0 05      LDY #&05
.loop2
     A74E   B9 C6 00   LDA &00C6,Y
     A751   99 DF 10   STA &10DF,Y
     A754   88         DEY
     A755   D0 F7      BNE &A74E
     A757   98         TYA
     A758   A0 08      LDY #&08
.loop3
     A75A   99 E5 10   STA &10E5,Y
     A75D   88         DEY
     A75E   10 FA      BPL &A75A
     A760   4C 89 A1   JMP &A189
.faterr
     A763   20 6C 80   JSR &806C
     A766   FF
     A767   43 61 72 ...
     A773   00
.read_VBR
     A774   A9 00      LDA #&00
     A776   85 C7      STA &C7
     A778   85 C8      STA &C8
     A77A   85 BE      STA &BE
     A77C   85 BF      STA &BF
     A77E   85 C0      STA &C0
     A780   20 B5 A7   JSR &A7B5
     A783   90 41      BCC &A7C6
     A785   AD 00 0E   LDA &0E00
     A788   C9 EB      CMP #&EB
     A78A   D0 0E      BNE &A79A
     A78C   AD 02 0E   LDA &0E02
     A78F   C9 90      CMP #&90
     A791   D0 07      BNE &A79A
     A793   AD 0C 0E   LDA &0E0C
     A796   C9 02      CMP #&02
     A798   F0 2C      BEQ &A7C6
.mbr
     A79A   AD C6 0F   LDA &0FC6
     A79D   85 C7      STA &C7
     A79F   85 BE      STA &BE
     A7A1   AD C7 0F   LDA &0FC7
     A7A4   85 C8      STA &C8
     A7A6   85 BF      STA &BF
     A7A8   AD C8 0F   LDA &0FC8
     A7AB   0D C9 0F   ORA &0FC9
     A7AE   D0 17      BNE &A7C7
     A7B0   85 C0      STA &C0
     A7B2   20 FF AE   JSR &AEFF
.isfat
     A7B5   20 DC A6   JSR &A6DC
     A7B8   AD FE 0F   LDA &0FFE
     A7BB   C9 55      CMP #&55
     A7BD   D0 08      BNE &A7C7
     A7BF   AD FF 0F   LDA &0FFF
     A7C2   C9 AA      CMP #&AA
     A7C4   D0 01      BNE &A7C7
.ifx
     A7C6   60         RTS
.bad
     A7C7   18         CLC
     A7C8   60         RTS
.mm32_SECT_X_First
     A7C9   B9 E5 10   LDA &10E5,Y
     A7CC   85 C8      STA &C8
     A7CE   B9 E8 10   LDA &10E8,Y
     A7D1   85 C9      STA &C9
     A7D3   B9 EB 10   LDA &10EB,Y
     A7D6   85 C2      STA &C2
     A7D8   29 3F      AND #&3F
     A7DA   85 CA      STA &CA
     A7DC   05 C8      ORA &C8
     A7DE   05 C9      ORA &C9
     A7E0   D0 0C      BNE &A7EE
     A7E2   C0 02      CPY #&02
     A7E4   F0 04      BEQ &A7EA
     A7E6   24 C2      BIT &C2
     A7E8   10 0F      BPL &A7F9
.l1
     A7EA   A9 02      LDA #&02
     A7EC   85 C8      STA &C8
.l2
     A7EE   AD E4 10   LDA &10E4
     A7F1   85 CB      STA &CB
     A7F3   A9 00      LDA #&00
     A7F5   85 CE      STA &CE
     A7F7   B8         CLV
     A7F8   60         RTS
.l3
     A7F9   2C FC A7   BIT &A7FC
.l4
     A7FC   60         RTS
.mm32_SECT_X_Next
     A7FD   C6 CB      DEC &CB
     A7FF   F0 02      BEQ &A803
     A801   18         CLC
     A802   60         RTS
.l1
     A803   20 0C A8   JSR &A80C
     A806   AD E4 10   LDA &10E4
     A809   85 CB      STA &CB
     A80B   60         RTS
.next_cluster
     A80C   20 1D 84   JSR &841D
     A80F   C6 CE      DEC &CE
     A811   10 1D      BPL &A830
     A813   AD AE 10   LDA &10AE
     A816   48         PHA
     A817   A5 BC      LDA &BC
     A819   48         PHA
     A81A   A5 BD      LDA &BD
     A81C   48         PHA
     A81D   A5 C6      LDA &C6
     A81F   48         PHA
     A820   20 53 A8   JSR &A853
     A823   68         PLA
     A824   85 C6      STA &C6
     A826   68         PLA
     A827   85 BD      STA &BD
     A829   68         PLA
     A82A   85 BC      STA &BC
     A82C   68         PLA
     A82D   8D AE 10   STA &10AE
.l1
     A830   18         CLC
     A831   A5 CE      LDA &CE
     A833   F0 12      BEQ &A847
     A835   E6 C8      INC &C8
     A837   D0 0D      BNE &A846
     A839   E6 C9      INC &C9
     A83B   D0 09      BNE &A846
     A83D   E6 CA      INC &CA
.l2
     A83F   A5 CA      LDA &CA
     A841   29 C0      AND #&C0
     A843   F0 01      BEQ &A846
     A845   38         SEC
.l3
     A846   60         RTS
.l4
     A847   A2 02      LDX #&02
.loop1
     A849   BD A0 10   LDA &10A0,X
     A84C   95 C8      STA &C8,X
     A84E   CA         DEX
     A84F   10 F8      BPL &A849
     A851   30 EC      BMI &A83F
.read_fat
     A853   A5 C8      LDA &C8
     A855   0A         ASL A
     A856   85 CB      STA &CB
     A858   A5 C9      LDA &C9
     A85A   2A         ROL A
     A85B   A8         TAY
     A85C   A5 CA      LDA &CA
     A85E   2A         ROL A
     A85F   AA         TAX
     A860   98         TYA
     A861   6D E0 10   ADC &10E0
     A864   85 BE      STA &BE
     A866   8A         TXA
     A867   6D E1 10   ADC &10E1
     A86A   85 BF      STA &BF
     A86C   A9 00      LDA #&00
     A86E   8D AE 10   STA &10AE
     A871   85 C0      STA &C0
     A873   20 FF AE   JSR &AEFF
     A876   20 35 80   JSR &8035
     A879   20 DD A3   JSR &A3DD
     A87C   20 FA A3   JSR &A3FA
     A87F   A9 A0      LDA #&A0
     A881   85 BC      STA &BC
     A883   A9 10      LDA #&10
     A885   85 BD      STA &BD
     A887   A5 CB      LDA &CB
     A889   20 D2 A8   JSR &A8D2
.loop1
     A88C   E6 CE      INC &CE
     A88E   A9 04      LDA #&04
     A890   85 C6      STA &C6
     A892   20 66 A3   JSR &A366
     A895   E6 CB      INC &CB
     A897   E6 CB      INC &CB
     A899   F0 31      BEQ &A8CC
     A89B   38         SEC
     A89C   AD A2 10   LDA &10A2
     A89F   29 C0      AND #&C0
     A8A1   0D A3 10   ORA &10A3
     A8A4   D0 1B      BNE &A8C1
     A8A6   AD A0 10   LDA &10A0
     A8A9   E5 C8      SBC &C8
     A8AB   A8         TAY
     A8AC   AD A1 10   LDA &10A1
     A8AF   E5 C9      SBC &C9
     A8B1   D0 11      BNE &A8C4
     A8B3   AD A2 10   LDA &10A2
     A8B6   E5 CA      SBC &CA
     A8B8   D0 0A      BNE &A8C4
     A8BA   88         DEY
     A8BB   C4 CE      CPY &CE
     A8BD   F0 CD      BEQ &A88C
     A8BF   D0 03      BNE &A8C4
.l2
     A8C1   6E A2 10   ROR &10A2
.l3
     A8C4   38         SEC
     A8C5   A9 00      LDA #&00
     A8C7   E5 CB      SBC &CB
     A8C9   20 D2 A8   JSR &A8D2
.l4
     A8CC   20 DF A2   JSR &A2DF
     A8CF   4C 3F 80   JMP &803F
.clocks
     A8D2   0A         ASL A
     A8D3   48         PHA
     A8D4   90 05      BCC &A8DB
     A8D6   A0 00      LDY #&00
     A8D8   20 E0 A2   JSR &A2E0
.l1
     A8DB   68         PLA
     A8DC   F0 04      BEQ &A8E2
     A8DE   A8         TAY
     A8DF   4C E0 A2   JMP &A2E0
.l2
     A8E2   60         RTS
.mm32_Scan_Dir
     A8E3   A0 02      LDY #&02
     A8E5   20 C9 A7   JSR &A7C9
.loop1
     A8E8   20 C1 AE   JSR &AEC1
     A8EB   B0 0F      BCS &A8FC
     A8ED   20 DC A6   JSR &A6DC
     A8F0   20 FD A8   JSR &A8FD
     A8F3   90 07      BCC &A8FC
     A8F5   F0 05      BEQ &A8FC
     A8F7   20 FD A7   JSR &A7FD
     A8FA   90 EC      BCC &A8E8
.exit
     A8FC   60         RTS
.scan_block
     A8FD   A9 00      LDA #&00
     A8FF   85 AB      STA &AB
     A901   85 B0      STA &B0
     A903   A9 0E      LDA #&0E
.loop1
     A905   85 B1      STA &B1
.loop2
     A907   A0 00      LDY #&00
     A909   B1 B0      LDA (&B0),Y
     A90B   F0 75      BEQ &A982
     A90D   30 5F      BMI &A96E
     A90F   C9 21      CMP #&21
     A911   90 5B      BCC &A96E
     A913   A0 15      LDY #&15
     A915   B1 B0      LDA (&B0),Y
     A917   29 0F      AND #&0F
     A919   D0 53      BNE &A96E
     A91B   88         DEY
     A91C   B1 B0      LDA (&B0),Y
     A91E   29 F0      AND #&F0
     A920   D0 4C      BNE &A96E
     A922   A0 0B      LDY #&0B
     A924   B1 B0      LDA (&B0),Y
     A926   29 0E      AND #&0E
     A928   D0 44      BNE &A96E
     A92A   B1 B0      LDA (&B0),Y
     A92C   4A         LSR A
     A92D   29 08      AND #&08
     A92F   85 B8      STA &B8
     A931   F0 04      BEQ &A937
     A933   A9 80      LDA #&80
     A935   D0 0C      BNE &A943
.l1
     A937   24 B2      BIT &B2
     A939   30 33      BMI &A96E
     A93B   6A         ROR A
     A93C   85 B9      STA &B9
     A93E   20 5B AA   JSR &AA5B
     A941   05 B9      ORA &B9
.l2
     A943   85 B9      STA &B9
     A945   20 EB A9   JSR &A9EB
     A948   20 88 AA   JSR &AA88
     A94B   B0 21      BCS &A96E
     A94D   A5 AA      LDA &AA
     A94F   F0 14      BEQ &A965
     A951   C9 03      CMP #&03
     A953   D0 03      BNE &A958
     A955   4C B7 A9   JMP &A9B7
.lock_or_unlock
     A958   C9 02      CMP #&02
     A95A   F0 06      BEQ &A962
     A95C   20 A6 A9   JSR &A9A6
     A95F   4C 65 A9   JMP &A965
.lock
     A962   20 95 A9   JSR &A995
.s1
     A965   24 B7      BIT &B7
     A967   30 02      BMI &A96B
     A969   18         CLC
     A96A   60         RTS
.logging
     A96B   20 16 AA   JSR &AA16
.skip
     A96E   20 9A 8C   JSR &8C9A
     A971   18         CLC
     A972   A5 B0      LDA &B0
     A974   69 20      ADC #&20
     A976   85 B0      STA &B0
     A978   90 8D      BCC &A907
     A97A   A5 B1      LDA &B1
     A97C   69 00      ADC #&00
     A97E   C9 0F      CMP #&0F
     A980   F0 83      BEQ &A905
.exit
     A982   08         PHP
     A983   48         PHA
     A984   A5 AB      LDA &AB
     A986   C9 FF      CMP #&FF
     A988   D0 03      BNE &A98D
     A98A   20 4F A4   JSR &A44F
.nowrite
     A98D   A0 00      LDY #&00
     A98F   84 AB      STY &AB
     A991   68         PLA
     A992   28         PLP
     A993   38         SEC
     A994   60         RTS
.lock_fat_file
     A995   A9 80      LDA #&80
     A997   85 B9      STA &B9
     A999   A0 0B      LDY #&0B
     A99B   B1 B0      LDA (&B0),Y
     A99D   09 01      ORA #&01
     A99F   91 B0      STA (&B0),Y
     A9A1   A9 FF      LDA #&FF
     A9A3   85 AB      STA &AB
     A9A5   60         RTS
.unlock_fat_file
     A9A6   A9 00      LDA #&00
     A9A8   85 B9      STA &B9
     A9AA   A0 0B      LDY #&0B
     A9AC   B1 B0      LDA (&B0),Y
     A9AE   29 FE      AND #&FE
     A9B0   91 B0      STA (&B0),Y
     A9B2   A9 FF      LDA #&FF
     A9B4   85 AB      STA &AB
     A9B6   60         RTS
.rename_fat_file
     A9B7   A2 21      LDX #&21
     A9B9   A0 00      LDY #&00
     A9BB   A9 2E      LDA #&2E
     A9BD   85 BA      STA &BA
     A9BF   A9 08      LDA #&08
     A9C1   20 CA A9   JSR &A9CA
     A9C4   A9 02      LDA #&02
     A9C6   85 BA      STA &BA
     A9C8   A9 0B      LDA #&0B
.copy_and_pad_with_spaces
     A9CA   85 BB      STA &BB
.loop
     A9CC   BD 00 10   LDA &1000,X
     A9CF   E8         INX
     A9D0   C5 BA      CMP &BA
     A9D2   F0 0E      BEQ &A9E2
     A9D4   C4 BB      CPY &BB
     A9D6   F0 F4      BEQ &A9CC
     A9D8   91 B0      STA (&B0),Y
     A9DA   C8         INY
     A9DB   D0 EF      BNE &A9CC
.padloop
     A9DD   A9 20      LDA #&20
     A9DF   91 B0      STA (&B0),Y
     A9E1   C8         INY
.pad
     A9E2   C4 BB      CPY &BB
     A9E4   D0 F7      BNE &A9DD
     A9E6   20 4F A4   JSR &A44F
     A9E9   18         CLC
     A9EA   60         RTS
.copy_name
     A9EB   A2 01      LDX #&01
     A9ED   A0 00      LDY #&00
.loop1
     A9EF   B1 B0      LDA (&B0),Y
     A9F1   C9 21      CMP #&21
     A9F3   90 04      BCC &A9F9
     A9F5   9D 00 10   STA &1000,X
     A9F8   E8         INX
.l1
     A9F9   C8         INY
     A9FA   C0 08      CPY #&08
     A9FC   D0 06      BNE &AA04
.l11
     A9FE   A9 2E      LDA #&2E
     AA00   9D 00 10   STA &1000,X
     AA03   E8         INX
.l2
     AA04   C0 0B      CPY #&0B
     AA06   D0 E7      BNE &A9EF
.l3
     AA08   A9 02      LDA #&02
     AA0A   8D 00 10   STA &1000
     AA0D   9D 00 10   STA &1000,X
     AA10   A9 00      LDA #&00
     AA12   9D 01 10   STA &1001,X
     AA15   60         RTS
.print_dir_entry
     AA16   A2 03      LDX #&03
     AA18   20 54 AA   JSR &AA54
     AA1B   A2 20      LDX #&20
     AA1D   A5 B8      LDA &B8
     AA1F   F0 02      BEQ &AA23
     AA21   A2 2F      LDX #&2F
.l99
     AA23   8A         TXA
     AA24   A0 01      LDY #&01
     AA26   A2 0E      LDX #&0E
.loop1
     AA28   20 DC 80   JSR &80DC
     AA2B   B9 00 10   LDA &1000,Y
     AA2E   C9 20      CMP #&20
     AA30   90 11      BCC &AA43
     AA32   C9 2E      CMP #&2E
     AA34   F0 04      BEQ &AA3A
.l0
     AA36   CA         DEX
     AA37   C8         INY
     AA38   D0 EE      BNE &AA28
.l1
     AA3A   B9 01 10   LDA &1001,Y
     AA3D   C9 20      CMP #&20
     AA3F   A9 2E      LDA #&2E
     AA41   B0 F3      BCS &AA36
.lx
     AA43   20 54 AA   JSR &AA54
     AA46   A9 4C      LDA #&4C
     AA48   24 B9      BIT &B9
     AA4A   30 02      BMI &AA4E
     AA4C   A9 20      LDA #&20
.l00
     AA4E   20 DC 80   JSR &80DC
     AA51   4C D3 80   JMP &80D3
.lspc
     AA54   20 D3 80   JSR &80D3
     AA57   CA         DEX
     AA58   D0 FA      BNE &AA54
     AA5A   60         RTS
.is_XSD
     AA5B   A0 0B      LDY #&0B
     AA5D   B1 B0      LDA (&B0),Y
     AA5F   29 10      AND #&10
     AA61   D0 19      BNE &AA7C
     AA63   A2 FF      LDX #&FF
.loop1
     AA65   A0 08      LDY #&08
     AA67   18         CLC
.loop2
     AA68   E8         INX
     AA69   BD 7F AA   LDA &AA7F,X
     AA6C   30 0A      BMI &AA78
     AA6E   F0 0C      BEQ &AA7C
     AA70   51 B0      EOR (&B0),Y
     AA72   F0 01      BEQ &AA75
     AA74   38         SEC
.x1
     AA75   C8         INY
     AA76   D0 F0      BNE &AA68
.x2
     AA78   B0 EB      BCS &AA65
     AA7A   0A         ASL A
     AA7B   60         RTS
.l2
     AA7C   A9 80      LDA #&80
     AA7E   60         RTS
.ext_table
     AA7F   53 53 44 
     AA82   80
     AA83   44 53 44 
     AA86   A0
     AA87   00         BRK
.dir_match
     AA88   A2 0F      LDX #&0F
     AA8A   A0 00      LDY #&00
.l00
     AA8C   E8         INX
     AA8D   86 BA      STX &BA
.l0
     AA8F   84 BB      STY &BB
.l1
     AA91   BD 00 10   LDA &1000,X
     AA94   F0 19      BEQ &AAAF
     AA96   C9 01      CMP #&01
     AA98   F0 F2      BEQ &AA8C
     AA9A   B9 00 10   LDA &1000,Y
     AA9D   F0 11      BEQ &AAB0
     AA9F   DD 00 10   CMP &1000,X
     AAA2   D0 04      BNE &AAA8
     AAA4   C8         INY
     AAA5   E8         INX
     AAA6   D0 E9      BNE &AA91
.l2
     AAA8   A6 BA      LDX &BA
     AAAA   A4 BB      LDY &BB
     AAAC   C8         INY
     AAAD   D0 E0      BNE &AA8F
.ex1
     AAAF   18         CLC
.ex2
     AAB0   60         RTS
.mm32_param_count
     AAB1   A9 00      LDA #&00
.mm32_param_count_a
     AAB3   48         PHA
     AAB4   98         TYA
     AAB5   48         PHA
     AAB6   A2 00      LDX #&00
.loop1
     AAB8   20 C1 81   JSR &81C1
     AABB   F0 08      BEQ &AAC5
     AABD   E8         INX
.loop2
     AABE   20 A6 81   JSR &81A6
     AAC1   90 FB      BCC &AABE
     AAC3   B0 F3      BCS &AAB8
.l1
     AAC5   68         PLA
     AAC6   A8         TAY
     AAC7   68         PLA
     AAC8   10 03      BPL &AACD
     AACA   CA         DEX
     AACB   30 0A      BMI &AAD7
.l2
     AACD   E0 01      CPX #&01
     AACF   F0 05      BEQ &AAD6
     AAD1   B0 04      BCS &AAD7
     AAD3   6A         ROR A
     AAD4   B0 01      BCS &AAD7
.l3
     AAD6   60         RTS
.err
     AAD7   4C 92 9A   JMP &9A92
.mm32_param_drive
     AADA   90 10      BCC &AAEC
     AADC   20 C1 81   JSR &81C1
     AADF   20 0C 8C   JSR &8C0C
     AAE2   20 A6 81   JSR &81A6
     AAE5   A5 CD      LDA &CD
     AAE7   B0 06      BCS &AAEF
     AAE9   4C 1C 8C   JMP &8C1C
.l1
     AAEC   AD CA 10   LDA &10CA
.l2
     AAEF   29 01      AND #&01
     AAF1   85 CD      STA &CD
     AAF3   60         RTS
.mm32_param_filename
     AAF4   66 B7      ROR &B7
     AAF6   A2 01      LDX #&01
     AAF8   86 B2      STX &B2
     AAFA   86 B3      STX &B3
     AAFC   86 B4      STX &B4
     AAFE   86 B5      STX &B5
     AB00   20 C1 81   JSR &81C1
     AB03   F0 48      BEQ &AB4D
.loop1
     AB05   20 A6 81   JSR &81A6
     AB08   B0 43      BCS &AB4D
     AB0A   C9 2F      CMP #&2F
     AB0C   D0 09      BNE &AB17
     AB0E   66 B2      ROR &B2
     AB10   D0 F3      BNE &AB05
.loop2
     AB12   20 A6 81   JSR &81A6
     AB15   B0 36      BCS &AB4D
.l0
     AB17   24 B7      BIT &B7
     AB19   10 0E      BPL &AB29
     AB1B   C9 2A      CMP #&2A
     AB1D   D0 0A      BNE &AB29
     AB1F   24 B3      BIT &B3
     AB21   30 EF      BMI &AB12
     AB23   66 B3      ROR &B3
     AB25   A9 01      LDA #&01
     AB27   D0 1B      BNE &AB44
.l1
     AB29   46 B3      LSR &B3
     AB2B   C9 2E      CMP #&2E
     AB2D   D0 08      BNE &AB37
     AB2F   24 B5      BIT &B5
     AB31   10 11      BPL &AB44
     AB33   66 B4      ROR &B4
     AB35   30 0D      BMI &AB44
.l2
     AB37   38         SEC
     AB38   66 B5      ROR &B5
     AB3A   C9 61      CMP #&61
     AB3C   90 06      BCC &AB44
     AB3E   C9 7B      CMP #&7B
     AB40   B0 02      BCS &AB44
     AB42   49 20      EOR #&20
.l3
     AB44   9D 10 10   STA &1010,X
     AB47   E8         INX
     AB48   E0 10      CPX #&10
     AB4A   D0 C6      BNE &AB12
     AB4C   60         RTS
.exloop
     AB4D   CA         DEX
     AB4E   F0 18      BEQ &AB68
     AB50   24 B7      BIT &B7
     AB52   30 0A      BMI &AB5E
     AB54   24 B4      BIT &B4
     AB56   30 06      BMI &AB5E
     AB58   A9 2E      LDA #&2E
     AB5A   9D 11 10   STA &1011,X
     AB5D   E8         INX
.lx1
     AB5E   A9 02      LDA #&02
     AB60   8D 10 10   STA &1010
     AB63   E8         INX
     AB64   9D 10 10   STA &1010,X
     AB67   E8         INX
.lx2
     AB68   A9 00      LDA #&00
     AB6A   9D 10 10   STA &1010,X
     AB6D   AD 10 10   LDA &1010
     AB70   18         CLC
     AB71   60         RTS
.mm32_swap_str_16_32
     AB72   A2 10      LDX #&10
.loop
     AB74   BD 0F 10   LDA &100F,X
     AB77   48         PHA
     AB78   BD 1F 10   LDA &101F,X
     AB7B   9D 0F 10   STA &100F,X
     AB7E   68         PLA
     AB7F   9D 1F 10   STA &101F,X
     AB82   CA         DEX
     AB83   D0 EF      BNE &AB74
     AB85   60         RTS
.mm32_cmd_dcat
     AB86   20 B1 AA   JSR &AAB1
     AB89   38         SEC
     AB8A   20 F4 AA   JSR &AAF4
     AB8D   A9 00      LDA #&00
     AB8F   85 AA      STA &AA
     AB91   20 E3 A8   JSR &A8E3
     AB94   A9 86      LDA #&86
     AB96   20 F4 FF   JSR &FFF4
     AB99   E0 00      CPX #&00
     AB9B   F0 03      BEQ &ABA0
     AB9D   20 7B 83   JSR &837B
.dcEven
     ABA0   60         RTS
.mm32_cmd_dboot
     ABA1   A9 00      LDA #&00
     ABA3   85 CD      STA &CD
     ABA5   20 B1 AA   JSR &AAB1
     ABA8   B0 11      BCS &ABBB
     ABAA   A2 00      LDX #&00
.loop
     ABAC   BD C8 AB   LDA &ABC8,X
     ABAF   9D 10 10   STA &1010,X
     ABB2   F0 03      BEQ &ABB7
     ABB4   E8         INX
     ABB5   D0 F5      BNE &ABAC
.l1
     ABB7   85 B7      STA &B7
     ABB9   85 B2      STA &B2
.l2
     ABBB   A9 00      LDA #&00
     ABBD   20 41 AC   JSR &AC41
     ABC0   90 01      BCC &ABC3
     ABC2   60         RTS
.l3
     ABC3   A9 00      LDA #&00
     ABC5   4C F7 8C   JMP &8CF7
.bootdisk
     ABC8   02
     ABC9   42 4F 4F ...
     ABCE   02
     ABCF   00
.mm32_cmd_din
     ABD0   A9 80      LDA #&80
     ABD2   20 B3 AA   JSR &AAB3
     ABD5   20 DA AA   JSR &AADA
     ABD8   A9 00      LDA #&00
     ABDA   4C 40 AC   JMP &AC40
.mm32_cmd_autoload
     ABDD   A2 00      LDX #&00
     ABDF   86 CD      STX &CD
.loop
     ABE1   BD F7 AB   LDA &ABF7,X
     ABE4   9D 10 10   STA &1010,X
     ABE7   F0 03      BEQ &ABEC
     ABE9   E8         INX
     ABEA   D0 F5      BNE &ABE1
.l1
     ABEC   85 B7      STA &B7
     ABEE   85 B2      STA &B2
     ABF0   18         CLC
     ABF1   A9 02      LDA #&02
     ABF3   4C 41 AC   JMP &AC41
     ABF6   60         RTS
.bootdisk
     ABF7   02
     ABF8   42 4F 4F ...
     ABFD   02
     ABFE   00
.mm32_add_ssd_ext
     ABFF   A0 01      LDY #&01
.l0
     AC01   B9 10 10   LDA &1010,Y
     AC04   C8         INY
     AC05   C9 2E      CMP #&2E
     AC07   D0 F8      BNE &AC01
.s1
     AC09   A9 53      LDA #&53
     AC0B   99 10 10   STA &1010,Y
     AC0E   99 11 10   STA &1011,Y
     AC11   A9 44      LDA #&44
     AC13   99 12 10   STA &1012,Y
     AC16   A9 02      LDA #&02
     AC18   99 13 10   STA &1013,Y
     AC1B   A9 00      LDA #&00
     AC1D   99 14 10   STA &1014,Y
     AC20   60         RTS
.mm32_upd_dsktbl
     AC21   A2 00      LDX #&00
     AC23   A5 CD      LDA &CD
     AC25   0A         ASL A
     AC26   0A         ASL A
     AC27   0A         ASL A
     AC28   0A         ASL A
     AC29   A8         TAY
.l0
     AC2A   BD 10 10   LDA &1010,X
     AC2D   99 C0 11   STA &11C0,Y
     AC30   E8         INX
     AC31   C8         INY
     AC32   E0 10      CPX #&10
     AC34   D0 F4      BNE &AC2A
     AC36   60         RTS
.mm32_cmd_ddir
     AC37   20 B1 AA   JSR &AAB1
     AC3A   A9 02      LDA #&02
     AC3C   85 CD      STA &CD
     AC3E   A9 01      LDA #&01
.mm32_chain_open
     AC40   38         SEC
.mm32_chain_open2
     AC41   48         PHA
     AC42   90 08      BCC &AC4C
     AC44   18         CLC
     AC45   20 F4 AA   JSR &AAF4
     AC48   B0 33      BCS &AC7D
     AC4A   F0 65      BEQ &ACB1
.l0
     AC4C   A5 CD      LDA &CD
     AC4E   C9 02      CMP #&02
     AC50   66 B2      ROR &B2
     AC52   A9 00      LDA #&00
     AC54   85 AA      STA &AA
     AC56   20 E3 A8   JSR &A8E3
     AC59   90 2C      BCC &AC87
     AC5B   68         PLA
     AC5C   48         PHA
     AC5D   29 01      AND #&01
     AC5F   D0 1C      BNE &AC7D
     AC61   20 FF AB   JSR &ABFF
     AC64   20 E3 A8   JSR &A8E3
     AC67   90 1E      BCC &AC87
.mm32_change_ext_dsd
     AC69   A0 01      LDY #&01
.l0
     AC6B   B9 10 10   LDA &1010,Y
     AC6E   C8         INY
     AC6F   C9 2E      CMP #&2E
     AC71   D0 F8      BNE &AC6B
.s1
     AC73   A9 44      LDA #&44
     AC75   99 10 10   STA &1010,Y
     AC78   20 E3 A8   JSR &A8E3
     AC7B   90 0A      BCC &AC87
.notfound
     AC7D   68         PLA
     AC7E   29 02      AND #&02
     AC80   F0 02      BEQ &AC84
     AC82   38         SEC
     AC83   60         RTS
.notautoload
     AC84   4C 3E 82   JMP &823E
.found
     AC87   68         PLA
     AC88   48         PHA
     AC89   29 01      AND #&01
     AC8B   F0 06      BEQ &AC93
     AC8D   68         PLA
     AC8E   A5 B8      LDA &B8
     AC90   D0 28      BNE &ACBA
     AC92   60         RTS
.file
     AC93   68         PLA
     AC94   A6 B8      LDX &B8
     AC96   F0 22      BEQ &ACBA
     AC98   29 02      AND #&02
     AC9A   F0 02      BEQ &AC9E
     AC9C   38         SEC
     AC9D   60         RTS
.notautoload2
     AC9E   20 6C 80   JSR &806C
     ACA1   D6
     ACA2   49 73 20 ...
     ACAE   00
     ACAF   EA         NOP
     ACB0   60         RTS
.zerolen
     ACB1   68         PLA
     ACB2   A5 B2      LDA &B2
     ACB4   29 80      AND #&80
     ACB6   A8         TAY
     ACB7   4C 26 AD   JMP &AD26
.okay
     ACBA   20 21 AC   JSR &AC21
     ACBD   A0 1A      LDY #&1A
     ACBF   B1 B0      LDA (&B0),Y
     ACC1   85 B7      STA &B7
     ACC3   C8         INY
     ACC4   B1 B0      LDA (&B0),Y
     ACC6   85 B8      STA &B8
     ACC8   A0 14      LDY #&14
     ACCA   B1 B0      LDA (&B0),Y
     ACCC   05 B9      ORA &B9
     ACCE   85 B9      STA &B9
     ACD0   A5 CD      LDA &CD
     ACD2   C9 02      CMP #&02
     ACD4   F0 1D      BEQ &ACF3
     ACD6   49 01      EOR #&01
     ACD8   AA         TAX
     ACD9   A5 B7      LDA &B7
     ACDB   DD E5 10   CMP &10E5,X
     ACDE   D0 13      BNE &ACF3
     ACE0   A5 B8      LDA &B8
     ACE2   DD E8 10   CMP &10E8,X
     ACE5   D0 0C      BNE &ACF3
     ACE7   A5 B9      LDA &B9
     ACE9   DD EB 10   CMP &10EB,X
     ACEC   D0 05      BNE &ACF3
     ACEE   A0 00      LDY #&00
     ACF0   20 28 AD   JSR &AD28
.l1
     ACF3   20 75 A1   JSR &A175
     ACF6   A6 CD      LDX &CD
     ACF8   A5 B7      LDA &B7
     ACFA   9D E5 10   STA &10E5,X
     ACFD   A5 B8      LDA &B8
     ACFF   9D E8 10   STA &10E8,X
     AD02   A5 B9      LDA &B9
     AD04   9D EB 10   STA &10EB,X
     AD07   4C 89 A1   JMP &A189
.mm32_cmd_dout
     AD0A   20 B1 AA   JSR &AAB1
     AD0D   20 DA AA   JSR &AADA
     AD10   A2 00      LDX #&00
     AD12   A5 CD      LDA &CD
     AD14   0A         ASL A
     AD15   0A         ASL A
     AD16   0A         ASL A
     AD17   0A         ASL A
     AD18   A8         TAY
     AD19   A9 20      LDA #&20
.s0
     AD1B   99 C0 11   STA &11C0,Y
     AD1E   E8         INX
     AD1F   C8         INY
     AD20   E0 10      CPX #&10
     AD22   D0 F7      BNE &AD1B
     AD24   A0 00      LDY #&00
.mm32_clear_cluster_index
     AD26   A6 CD      LDX &CD
.mm32_clear_cluster_index_x
     AD28   20 75 A1   JSR &A175
     AD2B   A9 00      LDA #&00
     AD2D   9D E5 10   STA &10E5,X
     AD30   9D E8 10   STA &10E8,X
     AD33   98         TYA
     AD34   9D EB 10   STA &10EB,X
     AD37   4C 89 A1   JMP &A189
.mm32_cmd_ddrive
     AD3A   A0 00      LDY #&00
.l1
     AD3C   98         TYA
     AD3D   48         PHA
     AD3E   A9 3A      LDA #&3A
     AD40   20 EE FF   JSR &FFEE
     AD43   68         PLA
     AD44   48         PHA
     AD45   18         CLC
     AD46   69 30      ADC #&30
     AD48   20 EE FF   JSR &FFEE
     AD4B   A9 20      LDA #&20
     AD4D   20 EE FF   JSR &FFEE
     AD50   68         PLA
     AD51   48         PHA
     AD52   0A         ASL A
     AD53   0A         ASL A
     AD54   0A         ASL A
     AD55   0A         ASL A
     AD56   AA         TAX
     AD57   A0 00      LDY #&00
     AD59   BD C0 11   LDA &11C0,X
     AD5C   C9 02      CMP #&02
     AD5E   D0 1C      BNE &AD7C
     AD60   E8         INX
.l2
     AD61   BD C0 11   LDA &11C0,X
     AD64   C9 02      CMP #&02
     AD66   F0 09      BEQ &AD71
     AD68   20 EE FF   JSR &FFEE
     AD6B   E8         INX
     AD6C   C8         INY
     AD6D   C0 10      CPY #&10
     AD6F   D0 F0      BNE &AD61
.s1
     AD71   20 7B 83   JSR &837B
     AD74   68         PLA
     AD75   A8         TAY
     AD76   C8         INY
     AD77   C0 02      CPY #&02
     AD79   D0 C1      BNE &AD3C
     AD7B   60         RTS
.empty
     AD7C   20 99 80   JSR &8099
     AD7F   3C 45 6D ...
     AD86   EA         NOP
     AD87   4C 71 AD   JMP &AD71
.mm32_cmd_daccess
     AD8A   A9 80      LDA #&80
     AD8C   20 B3 AA   JSR &AAB3
     AD8F   38         SEC
     AD90   20 F4 AA   JSR &AAF4
     AD93   A2 01      LDX #&01
     AD95   20 C1 81   JSR &81C1
     AD98   D0 14      BNE &ADAE
.gotflag
     AD9A   86 AA      STX &AA
     AD9C   20 E3 A8   JSR &A8E3
     AD9F   A9 86      LDA #&86
     ADA1   20 F4 FF   JSR &FFF4
     ADA4   E0 00      CPX #&00
     ADA6   F0 03      BEQ &ADAB
     ADA8   20 7B 83   JSR &837B
.dcEven
     ADAB   60         RTS
.parmloop
     ADAC   A2 02      LDX #&02
.getparm
     ADAE   20 A6 81   JSR &81A6
     ADB1   B0 E7      BCS &AD9A
     ADB3   29 5F      AND #&5F
     ADB5   C9 4C      CMP #&4C
     ADB7   F0 F3      BEQ &ADAC
.errbadparm
     ADB9   20 52 80   JSR &8052
     ADBC   CF
     ADBD   61 74 74 ...
     ADC6   00
.mm32_cmd_drename
     ADC7   A9 81      LDA #&81
     ADC9   20 B3 AA   JSR &AAB3
     ADCC   18         CLC
     ADCD   20 F4 AA   JSR &AAF4
     ADD0   20 72 AB   JSR &AB72
     ADD3   18         CLC
     ADD4   20 F4 AA   JSR &AAF4
     ADD7   20 03 AE   JSR &AE03
     ADDA   90 16      BCC &ADF2
     ADDC   A9 00      LDA #&00
     ADDE   85 AA      STA &AA
     ADE0   20 E3 A8   JSR &A8E3
     ADE3   90 10      BCC &ADF5
     ADE5   20 72 AB   JSR &AB72
     ADE8   A9 03      LDA #&03
     ADEA   85 AA      STA &AA
     ADEC   20 E3 A8   JSR &A8E3
     ADEF   B0 0F      BCS &AE00
     ADF1   60         RTS
.badname
     ADF2   4C 82 81   JMP &8182
.destexists
     ADF5   20 5C 80   JSR &805C
     ADF8   C4
     ADF9   45 78 69 ...
     ADFF   00
.notfound
     AE00   4C 3E 82   JMP &823E
.mm32_check_filename
     AE03   AD 10 10   LDA &1010
     AE06   C9 02      CMP #&02
     AE08   D0 2B      BNE &AE35
     AE0A   AD 11 10   LDA &1011
     AE0D   C9 2E      CMP #&2E
     AE0F   F0 24      BEQ &AE35
     AE11   A2 01      LDX #&01
     AE13   86 BA      STX &BA
.checknameloop
     AE15   BD 10 10   LDA &1010,X
     AE18   E8         INX
     AE19   E0 11      CPX #&11
     AE1B   F0 18      BEQ &AE35
     AE1D   C9 02      CMP #&02
     AE1F   F0 15      BEQ &AE36
     AE21   C9 2E      CMP #&2E
     AE23   D0 04      BNE &AE29
     AE25   C6 BA      DEC &BA
     AE27   30 0C      BMI &AE35
.notdot
     AE29   A0 0E      LDY #&0E
.checkcharloop
     AE2B   D9 36 AE   CMP &AE36,Y
     AE2E   F0 05      BEQ &AE35
     AE30   88         DEY
     AE31   D0 F8      BNE &AE2B
     AE33   F0 E0      BEQ &AE15
.badname
     AE35   18         CLC
.checknameend
     AE36   60         RTS
.invalid_chars
     AE37   22
     AE38   2A
     AE39   2B
     AE3A   2C
     AE3B   2F
     AE3C   3A
     AE3D   3B
     AE3E   3C
     AE3F   3D
     AE40   3E
     AE41   3F
     AE42   5B
     AE43   5C
     AE44   5D
.invalid_chars_end
.mm32_disk_seek_sector
     AE45   8C A5 10   STY &10A5
     AE48   8D A4 10   STA &10A4
     AE4B   A5 CD      LDA &CD
     AE4D   29 01      AND #&01
     AE4F   A8         TAY
     AE50   20 C9 A7   JSR &A7C9
     AE53   70 0B      BVS &AE60
     AE55   24 C2      BIT &C2
     AE57   A5 CD      LDA &CD
     AE59   6A         ROR A
     AE5A   6A         ROR A
     AE5B   90 04      BCC &AE61
     AE5D   70 02      BVS &AE61
.l1
     AE5F   B8         CLV
.l2
     AE60   60         RTS
.l3
     AE61   50 05      BVC &AE68
     AE63   2E A5 10   ROL &10A5
     AE66   B0 F7      BCS &AE5F
.l4
     AE68   AC A5 10   LDY &10A5
     AE6B   F0 04      BEQ &AE71
.loop1
     AE6D   A2 04      LDX #&04
     AE6F   D0 08      BNE &AE79
.l5
     AE71   AD A4 10   LDA &10A4
     AE74   4A         LSR A
     AE75   F0 11      BEQ &AE88
     AE77   AA         TAX
     AE78   CA         DEX
.loop2
     AE79   20 FD A7   JSR &A7FD
     AE7C   B0 E1      BCS &AE5F
     AE7E   CA         DEX
     AE7F   10 F8      BPL &AE79
     AE81   88         DEY
     AE82   F0 ED      BEQ &AE71
     AE84   C0 FF      CPY #&FF
     AE86   D0 E5      BNE &AE6D
.l6
     AE88   20 C1 AE   JSR &AEC1
     AE8B   B0 D2      BCS &AE5F
     AE8D   6E A4 10   ROR &10A4
     AE90   90 02      BCC &AE94
     AE92   E6 BE      INC &BE
.l7
     AE94   0E A4 10   ASL &10A4
     AE97   B8         CLV
     AE98   18         CLC
     AE99   60         RTS
.mm32_disk_next_sector
     AE9A   20 1D 84   JSR &841D
     AE9D   A0 01      LDY #&01
     AE9F   AE A4 10   LDX &10A4
     AEA2   E8         INX
     AEA3   E8         INX
     AEA4   E0 0A      CPX #&0A
     AEA6   D0 0E      BNE &AEB6
     AEA8   A2 00      LDX #&00
     AEAA   EE A5 10   INC &10A5
     AEAD   24 C2      BIT &C2
     AEAF   50 05      BVC &AEB6
     AEB1   A0 06      LDY #&06
     AEB3   EE A5 10   INC &10A5
.l1
     AEB6   8E A4 10   STX &10A4
.loop1
     AEB9   20 FD A7   JSR &A7FD
     AEBC   B0 47      BCS &AF05
     AEBE   88         DEY
     AEBF   D0 F8      BNE &AEB9
.mm32_SECT_X_Address
     AEC1   A2 02      LDX #&02
.loop1
     AEC3   B5 C8      LDA &C8,X
     AEC5   95 BE      STA &BE,X
     AEC7   CA         DEX
     AEC8   10 F9      BPL &AEC3
     AECA   AD E4 10   LDA &10E4
.loop2
     AECD   4A         LSR A
     AECE   B0 09      BCS &AED9
     AED0   06 BE      ASL &BE
     AED2   26 BF      ROL &BF
     AED4   26 C0      ROL &C0
     AED6   90 F5      BCC &AECD
     AED8   60         RTS
.l3
     AED9   18         CLC
     AEDA   A5 BE      LDA &BE
     AEDC   6D E2 10   ADC &10E2
     AEDF   85 BE      STA &BE
     AEE1   A5 BF      LDA &BF
     AEE3   6D E3 10   ADC &10E3
     AEE6   85 BF      STA &BF
     AEE8   90 02      BCC &AEEC
     AEEA   E6 C0      INC &C0
.l4
     AEEC   38         SEC
     AEED   AD E4 10   LDA &10E4
     AEF0   E5 CB      SBC &CB
     AEF2   18         CLC
     AEF3   65 BE      ADC &BE
     AEF5   85 BE      STA &BE
     AEF7   90 06      BCC &AEFF
     AEF9   E6 BF      INC &BF
     AEFB   D0 02      BNE &AEFF
     AEFD   E6 C0      INC &C0
.l5
.mm32_lba_to_256
     AEFF   06 BE      ASL &BE
     AF01   26 BF      ROL &BF
     AF03   26 C0      ROL &C0
.l2rts
     AF05   60         RTS
.mm32_MMC_error
     AF06   85 B0      STA &B0
     AF08   20 5C 80   JSR &805C
     AF0B   C5
     AF0C   4D 4D 43 ...
     AF10   EA         NOP
     AF11   68         PLA
     AF12   85 B8      STA &B8
     AF14   68         PLA
     AF15   85 B9      STA &B9
     AF17   A0 00      LDY #&00
     AF19   8C AF 10   STY &10AF
.loop1
     AF1C   C8         INY
     AF1D   B1 B8      LDA (&B8),Y
     AF1F   F0 05      BEQ &AF26
     AF21   20 44 AF   JSR &AF44
     AF24   D0 F6      BNE &AF1C
.l1
     AF26   A8         TAY
     AF27   A5 B0      LDA &B0
     AF29   20 AE 8C   JSR &8CAE
     AF2C   A9 2F      LDA #&2F
     AF2E   20 44 AF   JSR &AF44
.loop2
     AF31   B9 89 10   LDA &1089,Y
     AF34   20 AE 8C   JSR &8CAE
     AF37   C8         INY
     AF38   C0 04      CPY #&04
     AF3A   D0 F5      BNE &AF31
     AF3C   A9 00      LDA #&00
     AF3E   9D 00 01   STA &0100,X
     AF41   4C 00 01   JMP &0100
.mm32_PrintChr100
     AF44   9D 00 01   STA &0100,X
     AF47   E8         INX
     AF48   60         RTS
.Osword7F_8271_Emulation
     AF49   A0 06      LDY #&06
     AF4B   B1 B0      LDA (&B0),Y
     AF4D   A2 10      LDX #&10
.loop1
     AF4F   DD AE B0   CMP &B0AE,X
     AF52   F0 05      BEQ &AF59
     AF54   CA         DEX
     AF55   10 F8      BPL &AF4F
     AF57   30 0F      BMI &AF68
.l2
     AF59   20 8B AF   JSR &AF8B
     AF5C   48         PHA
     AF5D   A0 05      LDY #&05
     AF5F   B1 B0      LDA (&B0),Y
     AF61   18         CLC
     AF62   69 07      ADC #&07
     AF64   A8         TAY
     AF65   68         PLA
     AF66   91 B0      STA (&B0),Y
.l3
     AF68   A9 00      LDA #&00
     AF6A   60         RTS
.spec_reg
     AF6B   A0 07      LDY #&07
     AF6D   B1 B0      LDA (&B0),Y
     AF6F   C9 06      CMP #&06
     AF71   D0 04      BNE &AF77
     AF73   AD A4 10   LDA &10A4
     AF76   60         RTS
.l1
     AF77   C9 12      CMP #&12
     AF79   D0 09      BNE &AF84
.l2
     AF7B   AD A5 10   LDA &10A5
     AF7E   24 C2      BIT &C2
     AF80   50 01      BVC &AF83
     AF82   4A         LSR A
.l3
     AF83   60         RTS
.l4
     AF84   C9 1A      CMP #&1A
     AF86   F0 F3      BEQ &AF7B
     AF88   A9 00      LDA #&00
     AF8A   60         RTS
.ow7f_1
     AF8B   BD BE B0   LDA &B0BE,X
     AF8E   F0 DB      BEQ &AF6B
     AF90   48         PHA
     AF91   88         DEY
     AF92   29 0F      AND #&0F
     AF94   D1 B0      CMP (&B0),Y
     AF96   D0 27      BNE &AFBF
     AF98   20 00 A6   JSR &A600
     AF9B   68         PLA
     AF9C   85 C7      STA &C7
     AF9E   A0 0B      LDY #&0B
.loop1
     AFA0   B1 B0      LDA (&B0),Y
     AFA2   99 BB 00   STA &00BB,Y
     AFA5   C0 05      CPY #&05
     AFA7   B0 03      BCS &AFAC
     AFA9   99 A9 10   STA &10A9,Y
.l0
     AFAC   88         DEY
     AFAD   D0 F1      BNE &AFA0
     AFAF   B1 B0      LDA (&B0),Y
     AFB1   30 03      BMI &AFB6
     AFB3   20 FF 8B   JSR &8BFF
.l1
     AFB6   20 C9 AF   JSR &AFC9
     AFB9   48         PHA
     AFBA   20 53 A6   JSR &A653
     AFBD   68         PLA
     AFBE   60         RTS
.owfault
     AFBF   68         PLA
     AFC0   A9 FF      LDA #&FF
     AFC2   60         RTS
.owdrvnotrdy
     AFC3   A9 10      LDA #&10
     AFC5   60         RTS
.ownosector
     AFC6   A9 1E      LDA #&1E
     AFC8   60         RTS
.ow7f_2
     AFC9   A9 10      LDA #&10
     AFCB   24 C7      BIT &C7
     AFCD   D0 04      BNE &AFD3
     AFCF   10 33      BPL &B004
     AFD1   30 23      BMI &AFF6
.l10
     AFD3   A5 C2      LDA &C2
     AFD5   0A         ASL A
     AFD6   85 BE      STA &BE
     AFD8   A5 C3      LDA &C3
     AFDA   2A         ROL A
     AFDB   85 BF      STA &BF
     AFDD   A5 C4      LDA &C4
     AFDF   30 E5      BMI &AFC6
     AFE1   2A         ROL A
     AFE2   85 C0      STA &C0
     AFE4   A5 C5      LDA &C5
     AFE6   0A         ASL A
     AFE7   85 C4      STA &C4
     AFE9   B0 DB      BCS &AFC6
     AFEB   A9 00      LDA #&00
     AFED   85 C5      STA &C5
     AFEF   85 C6      STA &C6
     AFF1   26 C7      ROL &C7
     AFF3   4C 64 B0   JMP &B064
.l11
     AFF6   A5 C6      LDA &C6
     AFF8   F0 27      BEQ &B021
     AFFA   E6 C4      INC &C4
     AFFC   D0 23      BNE &B021
     AFFE   E6 C5      INC &C5
     B000   D0 1F      BNE &B021
     B002   F0 C2      BEQ &AFC6
.l0
     B004   A5 C4      LDA &C4
     B006   50 02      BVC &B00A
     B008   A9 0A      LDA #&0A
.l1
     B00A   29 1F      AND #&1F
     B00C   85 C4      STA &C4
     B00E   70 07      BVS &B017
     B010   18         CLC
     B011   65 C3      ADC &C3
     B013   C9 0B      CMP #&0B
     B015   B0 AF      BCS &AFC6
.l2
     B017   A9 00      LDA #&00
     B019   85 C5      STA &C5
     B01B   85 C6      STA &C6
     B01D   50 02      BVC &B021
     B01F   85 C3      STA &C3
.l3
     B021   A5 C3      LDA &C3
     B023   C9 0A      CMP #&0A
     B025   B0 9F      BCS &AFC6
.l4
     B027   A4 C2      LDY &C2
     B029   20 45 AE   JSR &AE45
     B02C   70 95      BVS &AFC3
     B02E   B0 96      BCS &AFC6
     B030   26 C7      ROL &C7
     B032   24 C7      BIT &C7
     B034   50 07      BVC &B03D
     B036   24 C2      BIT &C2
     B038   10 03      BPL &B03D
     B03A   A9 12      LDA #&12
     B03C   60         RTS
.l5
     B03D   24 C7      BIT &C7
     B03F   30 40      BMI &B081
     B041   66 C3      ROR &C3
     B043   B0 1F      BCS &B064
     B045   A5 C4      LDA &C4
     B047   C9 02      CMP #&02
     B049   D0 19      BNE &B064
     B04B   A5 BD      LDA &BD
     B04D   C9 0E      CMP #&0E
     B04F   D0 13      BNE &B064
     B051   AD AC 10   LDA &10AC
     B054   2D AD 10   AND &10AD
     B057   0D D6 10   ORA &10D6
     B05A   49 FF      EOR #&FF
     B05C   05 BC      ORA &BC
     B05E   05 C5      ORA &C5
     B060   05 C6      ORA &C6
     B062   F0 2F      BEQ &B093
.l6
     B064   24 C7      BIT &C7
     B066   70 13      BVS &B07B
     B068   20 87 A4   JSR &A487
.l7
     B06B   AD AE 10   LDA &10AE
     B06E   F0 03      BEQ &B073
     B070   20 92 8C   JSR &8C92
.l8
     B073   2C A6 10   BIT &10A6
     B076   30 33      BMI &B0AB
.OK
     B078   A9 00      LDA #&00
     B07A   60         RTS
.l9
     B07B   20 3D A5   JSR &A53D
     B07E   4C 6B B0   JMP &B06B
.vform
     B081   A0 FF      LDY #&FF
     B083   8C 82 10   STY &1082
     B086   50 0B      BVC &B093
     B088   C8         INY
     B089   98         TYA
.floop
     B08A   99 00 0E   STA &0E00,Y
     B08D   99 00 0F   STA &0F00,Y
     B090   C8         INY
     B091   D0 F7      BNE &B08A
.cat
.loop
     B093   24 C7      BIT &C7
     B095   70 06      BVS &B09D
     B097   20 38 A4   JSR &A438
     B09A   4C A0 B0   JMP &B0A0
.k1
     B09D   20 4F A4   JSR &A44F
.k2
     B0A0   C6 C4      DEC &C4
     B0A2   C6 C4      DEC &C4
     B0A4   F0 D2      BEQ &B078
     B0A6   20 9A AE   JSR &AE9A
     B0A9   90 E8      BCC &B093
.ownosector2
     B0AB   A9 1E      LDA #&1E
     B0AD   60         RTS
.owtable1
     B0AE   7D
     B0AF   4A
     B0B0   4B
     B0B1   4C
     B0B2   4E
     B0B3   4F
     B0B4   52
     B0B5   53
     B0B6   54
     B0B7   56
     B0B8   57
     B0B9   5E
     B0BA   5F
     B0BB   63
     B0BC   A5
     B0BD   85
.owtable2
     B0BE   00
     B0BF   23
     B0C0   23
     B0C1   34
     B0C2   23
     B0C3   23
     B0C4   03
     B0C5   03
     B0C6   14
     B0C7   03
     B0C8   03
     B0C9   45
     B0CA   43
     B0CB   65
     B0CC   A5
     B0CD   85
Processed file 'MM32.asm' ok
Including file ROMS.asm
.CMD_ROMS
     B0CE   20 E6 B1   JSR &B1E6
     B0D1   85 A8      STA &A8
     B0D3   A9 0F      LDA #&0F
     B0D5   85 AA      STA &AA
     B0D7   20 D9 B1   JSR &B1D9
     B0DA   38         SEC
     B0DB   20 C2 FF   JSR &FFC2
     B0DE   84 AB      STY &AB
     B0E0   18         CLC
     B0E1   F0 1B      BEQ &B0FE
.loopROMnumbers
     B0E3   20 3D 84   JSR &843D
     B0E6   B0 16      BCS &B0FE
     B0E8   E0 10      CPX #&10
     B0EA   B0 F7      BCS &B0E3
     B0EC   8A         TXA
     B0ED   84 AB      STY &AB
     B0EF   85 AA      STA &AA
     B0F1   20 52 B1   JSR &B152
     B0F4   A4 AB      LDY &AB
     B0F6   20 C1 81   JSR &81C1
     B0F9   84 AB      STY &AB
     B0FB   D0 E6      BNE &B0E3
     B0FD   60         RTS
.Label_A9FF_notnum
     B0FE   66 A8      ROR &A8
.Label_AA01_loop
     B100   24 A8      BIT &A8
     B102   10 05      BPL &B109
     B104   20 11 B1   JSR &B111
     B107   90 03      BCC &B10C
.Label_AA0A
     B109   20 52 B1   JSR &B152
.Label_AA0D_nomatch
     B10C   C6 AA      DEC &AA
     B10E   10 F0      BPL &B100
     B110   60         RTS
.Sub_AA12_titlecmp
     B111   A9 09      LDA #&09
     B113   85 F6      STA &F6
     B115   A9 80      LDA #&80
     B117   85 F7      STA &F7
     B119   A4 AB      LDY &AB
.Label_AA1C_loop
     B11B   B1 F2      LDA (&F2),Y
     B11D   C9 0D      CMP #&0D
     B11F   F0 22      BEQ &B143
     B121   C9 22      CMP #&22
     B123   F0 1E      BEQ &B143
     B125   C8         INY
     B126   C9 2A      CMP #&2A
     B128   F0 26      BEQ &B150
     B12A   20 0F 83   JSR &830F
     B12D   85 AE      STA &AE
     B12F   20 CB B1   JSR &B1CB
     B132   F0 0D      BEQ &B141
     B134   A6 AE      LDX &AE
     B136   E0 23      CPX #&23
     B138   F0 E1      BEQ &B11B
     B13A   20 0F 83   JSR &830F
     B13D   C5 AE      CMP &AE
     B13F   F0 DA      BEQ &B11B
.Label_AA42_nomatch
     B141   18         CLC
     B142   60         RTS
.Label_AA44
     B143   20 CB B1   JSR &B1CB
     B146   F0 08      BEQ &B150
     B148   C9 20      CMP #&20
     B14A   F0 F7      BEQ &B143
     B14C   C9 0D      CMP #&0D
     B14E   D0 F1      BNE &B141
.Label_AA51_match
     B150   38         SEC
     B151   60         RTS
.Label_AA53_RomInfo
     B152   A4 AA      LDY &AA
     B154   B1 AC      LDA (&AC),Y
     B156   F0 E9      BEQ &B141
     B158   48         PHA
     B159   20 99 80   JSR &8099
     B15C   52 6F 6D ...
     B160   98         TYA
     B161   20 F8 80   JSR &80F8
     B164   20 99 80   JSR &8099
     B167   20 3A 20 
     B16A   A9 28      LDA #&28
     B16C   20 DC 80   JSR &80DC
     B16F   68         PLA
     B170   48         PHA
     B171   30 04      BMI &B177
     B173   A0 20      LDY #&20
     B175   D0 02      BNE &B179
.Label_AA78
     B177   A0 53      LDY #&53
.Label_AA7A
     B179   98         TYA
     B17A   20 DC 80   JSR &80DC
     B17D   68         PLA
     B17E   A0 20      LDY #&20
     B180   0A         ASL A
     B181   10 02      BPL &B185
     B183   A0 4C      LDY #&4C
.Label_AA86
     B185   98         TYA
     B186   20 DC 80   JSR &80DC
     B189   A9 29      LDA #&29
     B18B   20 DC 80   JSR &80DC
     B18E   20 1C 81   JSR &811C
     B191   20 99 B1   JSR &B199
     B194   20 7B 83   JSR &837B
     B197   38         SEC
     B198   60         RTS
.Label_AA9A_PrtRomTitle
     B199   A9 07      LDA #&07
     B19B   85 F6      STA &F6
     B19D   A9 80      LDA #&80
     B19F   85 F7      STA &F7
     B1A1   20 CB B1   JSR &B1CB
     B1A4   85 AE      STA &AE
     B1A6   E6 F6      INC &F6
     B1A8   A0 1E      LDY #&1E
     B1AA   20 BE B1   JSR &B1BE
     B1AD   B0 1B      BCS &B1CA
     B1AF   20 1C 81   JSR &811C
     B1B2   90 09      BCC &B1BD
.Label_AAB8_loop
     B1B4   C9 20      CMP #&20
     B1B6   B0 02      BCS &B1BA
     B1B8   A9 20      LDA #&20
.Label_AABE
     B1BA   20 DC 80   JSR &80DC
.DEY_Sub_AAC2_PrintRomStr
     B1BD   88         DEY
.Sub_AAC2_PrintRomStr
     B1BE   A5 F6      LDA &F6
     B1C0   C5 AE      CMP &AE
     B1C2   B0 06      BCS &B1CA
     B1C4   20 CB B1   JSR &B1CB
     B1C7   D0 EB      BNE &B1B4
     B1C9   18         CLC
.Label_AACE_rts
     B1CA   60         RTS
.Sub_AACF_ReadRom
     B1CB   98         TYA
     B1CC   48         PHA
     B1CD   A4 AA      LDY &AA
     B1CF   20 B9 FF   JSR &FFB9
     B1D2   E6 F6      INC &F6
     B1D4   AA         TAX
     B1D5   68         PLA
     B1D6   A8         TAY
     B1D7   8A         TXA
     B1D8   60         RTS
.Sub_AADD_RomTablePtrBA
     B1D9   20 1D 84   JSR &841D
     B1DC   A9 AA      LDA #&AA
     B1DE   20 08 94   JSR &9408
     B1E1   86 AC      STX &AC
     B1E3   84 AD      STY &AD
     B1E5   60         RTS
.Sub_AAEA_StackAZero
     B1E6   BA         TSX
     B1E7   A9 00      LDA #&00
     B1E9   9D 07 01   STA &0107,X
     B1EC   60         RTS
Processed file 'ROMS.asm' ok
Including file Utilities.asm
.CMD_DUMP
     B1ED   A9 40      LDA #&40
     B1EF   20 DD B2   JSR &B2DD
     B1F2   A9 00      LDA #&00
     B1F4   48         PHA
     B1F5   AA         TAX
     B1F6   F0 06      BEQ &B1FE
.dump_inc_address
     B1F8   69 08      ADC #&08
     B1FA   48         PHA
     B1FB   90 01      BCC &B1FE
     B1FD   E8         INX
.dump_loop
     B1FE   8A         TXA
     B1FF   20 0B 81   JSR &810B
     B202   68         PLA
     B203   48         PHA
     B204   20 0B 81   JSR &810B
     B207   8A         TXA
     B208   48         PHA
     B209   20 1C 81   JSR &811C
     B20C   A2 07      LDX #&07
.dump_getbytes_loop
     B20E   20 D7 FF   JSR &FFD7
     B211   B0 0B      BCS &B21E
     B213   95 A8      STA &A8,X
     B215   20 0B 81   JSR &810B
     B218   20 1C 81   JSR &811C
     B21B   CA         DEX
     B21C   10 F0      BPL &B20E
.dump_eof
     B21E   08         PHP
     B21F   90 12      BCC &B233
.dump_padnum_loop
     B221   A9 2A      LDA #&2A
     B223   20 EE FF   JSR &FFEE
     B226   20 EE FF   JSR &FFEE
     B229   20 1C 81   JSR &811C
     B22C   A9 00      LDA #&00
     B22E   95 A8      STA &A8,X
     B230   CA         DEX
     B231   10 EE      BPL &B221
.dump_noteof
     B233   A2 07      LDX #&07
.dump_chr_loop
     B235   B5 A8      LDA &A8,X
     B237   29 7F      AND #&7F
     B239   C9 7F      CMP #&7F
     B23B   F0 04      BEQ &B241
     B23D   C9 20      CMP #&20
     B23F   B0 02      BCS &B243
.showchrdot
     B241   A9 2E      LDA #&2E
.showchrexit
     B243   20 EE FF   JSR &FFEE
     B246   CA         DEX
     B247   10 EC      BPL &B235
     B249   20 E7 FF   JSR &FFE7
     B24C   28         PLP
     B24D   68         PLA
     B24E   AA         TAX
     B24F   68         PLA
     B250   24 FF      BIT &FF
     B252   30 3A      BMI &B28E
     B254   90 A2      BCC &B1F8
     B256   B0 31      BCS &B289
.CMD_TYPE
     B258   A9 00      LDA #&00
     B25A   F0 02      BEQ &B25E
.CMD_LIST
     B25C   A9 FF      LDA #&FF
.type
     B25E   85 AA      STA &AA
     B260   A9 40      LDA #&40
     B262   20 DD B2   JSR &B2DD
     B265   A9 0D      LDA #&0D
.list_loop_entry
     B267   25 AA      AND &AA
     B269   49 0D      EOR #&0D
     B26B   AA         TAX
.list_loop
     B26C   20 D7 FF   JSR &FFD7
     B26F   B0 15      BCS &B286
     B271   C9 0A      CMP #&0A
     B273   F0 F7      BEQ &B26C
     B275   48         PHA
     B276   8A         TXA
     B277   D0 03      BNE &B27C
     B279   20 0E B3   JSR &B30E
.list_skiplineno
     B27C   68         PLA
     B27D   20 E3 FF   JSR &FFE3
     B280   24 FF      BIT &FF
     B282   30 0A      BMI &B28E
     B284   10 E1      BPL &B267
.list_eof
     B286   20 E7 FF   JSR &FFE7
.Utils_CloseFile_Yhandle
     B289   A9 00      LDA #&00
     B28B   4C CE FF   JMP &FFCE
.Utils_ESCAPE_CloseFileY
     B28E   20 89 B2   JSR &B289
     B291   4C 9E 8C   JMP &8C9E
.CMD_BUILD
     B294   A9 80      LDA #&80
     B296   20 DD B2   JSR &B2DD
     B299   85 AA      STA &AA
     B29B   A6 F4      LDX &F4
     B29D   BD F0 0D   LDA &0DF0,X
     B2A0   29 3F      AND #&3F
     B2A2   85 AC      STA &AC
     B2A4   E6 AC      INC &AC
     B2A6   A9 20      LDA #&20
     B2A8   85 AE      STA &AE
.build_loop1
     B2AA   20 0E B3   JSR &B30E
     B2AD   A0 FF      LDY #&FF
     B2AF   84 AD      STY &AD
     B2B1   84 AF      STY &AF
     B2B3   C8         INY
     B2B4   84 AB      STY &AB
     B2B6   98         TYA
     B2B7   A2 AB      LDX #&AB
     B2B9   20 F1 FF   JSR &FFF1
     B2BC   08         PHP
     B2BD   84 AF      STY &AF
     B2BF   A4 AA      LDY &AA
     B2C1   A2 00      LDX #&00
     B2C3   F0 07      BEQ &B2CC
.build_loop2
     B2C5   A1 AB      LDA (&AB,X)
     B2C7   20 D4 FF   JSR &FFD4
     B2CA   E6 AB      INC &AB
.build_loop2entry
     B2CC   A5 AB      LDA &AB
     B2CE   C5 AF      CMP &AF
     B2D0   D0 F3      BNE &B2C5
     B2D2   28         PLP
     B2D3   B0 B9      BCS &B28E
     B2D5   A9 0D      LDA #&0D
     B2D7   20 D4 FF   JSR &FFD4
     B2DA   4C AA B2   JMP &B2AA
.Utils_FilenameAtXY
     B2DD   85 AF      STA &AF
     B2DF   BA         TSX
     B2E0   A9 00      LDA #&00
     B2E2   9D 07 01   STA &0107,X
     B2E5   85 A8      STA &A8
     B2E7   85 A9      STA &A9
     B2E9   88         DEY
.utils_skipspcloop
     B2EA   C8         INY
     B2EB   B1 F2      LDA (&F2),Y
     B2ED   C9 20      CMP #&20
     B2EF   F0 F9      BEQ &B2EA
     B2F1   C9 0D      CMP #&0D
     B2F3   D0 03      BNE &B2F8
     B2F5   4C 92 9A   JMP &9A92
.utils_notnullstr
     B2F8   98         TYA
     B2F9   18         CLC
     B2FA   65 F2      ADC &F2
     B2FC   AA         TAX
     B2FD   A5 F3      LDA &F3
     B2FF   69 00      ADC #&00
     B301   A8         TAY
     B302   A5 AF      LDA &AF
     B304   20 CE FF   JSR &FFCE
     B307   F0 02      BEQ &B30B
     B309   A8         TAY
     B30A   60         RTS
.utils_filenotfound
     B30B   4C 3E 82   JMP &823E
.Utils_PrintLineNoA8
     B30E   20 90 A2   JSR &A290
     B311   20 0B 81   JSR &810B
     B314   A5 A8      LDA &A8
     B316   20 0B 81   JSR &810B
     B319   4C 1C 81   JMP &811C
Processed file 'Utilities.asm' ok
Including file TubeHost230.asm
.TUBE_CODE_500
     B31C   37 05
     B31E   96 05
     B320   F2 05
     B322   07 06
     B324   27 06
     B326   68 06
     B328   5E 05
     B32A   2D 05
     B32C   20 05
     B32E   42 05
     B330   A9 05
     B332   D1 05
     B334   86
     B335   88
     B336   96
     B337   98
     B338   18
     B339   18
     B33A   82
     B33B   18
     B33C   20 C5 06   JSR &06C5
     B33F   A8         TAY
     B340   20 C5 06   JSR &06C5
     B343   20 D4 FF   JSR &FFD4
     B346   4C 9C 05   JMP &059C
     B349   20 C5 06   JSR &06C5
     B34C   A8         TAY
     B34D   20 D7 FF   JSR &FFD7
     B350   4C 3A 05   JMP &053A
     B353   20 E0 FF   JSR &FFE0
     B356   6A         ROR A
     B357   20 95 06   JSR &0695
     B35A   2A         ROL A
     B35B   4C 9E 05   JMP &059E
     B35E   20 C5 06   JSR &06C5
     B361   F0 0B      BEQ &B36E
     B363   48         PHA
     B364   20 82 05   JSR &0582
     B367   68         PLA
     B368   20 CE FF   JSR &FFCE
     B36B   4C 9E 05   JMP &059E
.Label_AD2D
     B36E   20 C5 06   JSR &06C5
     B371   A8         TAY
     B372   A9 00      LDA #&00
     B374   20 CE FF   JSR &FFCE
     B377   4C 9C 05   JMP &059C
     B37A   20 C5 06   JSR &06C5
     B37D   A8         TAY
     B37E   A2 04      LDX #&04
.Label_AD3F
     B380   20 C5 06   JSR &06C5
     B383   95 FF      STA &FF,X
     B385   CA         DEX
     B386   D0 F8      BNE &B380
     B388   20 C5 06   JSR &06C5
     B38B   20 DA FF   JSR &FFDA
     B38E   20 95 06   JSR &0695
     B391   A2 03      LDX #&03
.Label_AD52
     B393   B5 00      LDA &00,X
     B395   20 95 06   JSR &0695
     B398   CA         DEX
     B399   10 F8      BPL &B393
     B39B   4C 36 00   JMP &0036
     B39E   A2 00      LDX #&00
     B3A0   A0 00      LDY #&00
.Label_AD61
     B3A2   20 C5 06   JSR &06C5
     B3A5   99 00 07   STA &0700,Y
     B3A8   C8         INY
     B3A9   F0 04      BEQ &B3AF
     B3AB   C9 0D      CMP #&0D
     B3AD   D0 F3      BNE &B3A2
.Label_AD6E
     B3AF   A0 07      LDY #&07
     B3B1   60         RTS
     B3B2   20 82 05   JSR &0582
     B3B5   20 F7 FF   JSR &FFF7
     B3B8   A9 7F      LDA #&7F
.Label_AD79
     B3BA   2C E2 FE   BIT &FEE2
     B3BD   50 FB      BVC &B3BA
     B3BF   8D E3 FE   STA &FEE3
.Label_AD81
     B3C2   4C 36 00   JMP &0036
     B3C5   A2 10      LDX #&10
.Label_AD86
     B3C7   20 C5 06   JSR &06C5
     B3CA   95 01      STA &01,X
     B3CC   CA         DEX
     B3CD   D0 F8      BNE &B3C7
     B3CF   20 82 05   JSR &0582
     B3D2   86 00      STX &00
     B3D4   84 01      STY &01
     B3D6   A0 00      LDY #&00
     B3D8   20 C5 06   JSR &06C5
     B3DB   20 DD FF   JSR &FFDD
     B3DE   20 95 06   JSR &0695
     B3E1   A2 10      LDX #&10
.Label_ADA2
     B3E3   B5 01      LDA &01,X
     B3E5   20 95 06   JSR &0695
     B3E8   CA         DEX
     B3E9   D0 F8      BNE &B3E3
     B3EB   F0 D5      BEQ &B3C2
     B3ED   A2 0D      LDX #&0D
.Label_ADAE
     B3EF   20 C5 06   JSR &06C5
     B3F2   95 FF      STA &FF,X
     B3F4   CA         DEX
     B3F5   D0 F8      BNE &B3EF
     B3F7   20 C5 06   JSR &06C5
     B3FA   A0 00      LDY #&00
     B3FC   20 D1 FF   JSR &FFD1
     B3FF   48         PHA
     B400   A2 0C      LDX #&0C
.Label_ADC1
     B402   B5 00      LDA &00,X
     B404   20 95 06   JSR &0695
     B407   CA         DEX
     B408   10 F8      BPL &B402
     B40A   68         PLA
     B40B   4C 3A 05   JMP &053A
     B40E   20 C5 06   JSR &06C5
     B411   AA         TAX
     B412   20 C5 06   JSR &06C5
     B415   20 F4 FF   JSR &FFF4
.Label_ADD7
     B418   2C E2 FE   BIT &FEE2
     B41B   50 FB      BVC &B418
     B41D   8E E3 FE   STX &FEE3
.Label_ADDF
     B420   4C 36 00   JMP &0036
     B423   20 C5 06   JSR &06C5
     B426   AA         TAX
     B427   20 C5 06   JSR &06C5
     B42A   A8         TAY
     B42B   20 C5 06   JSR &06C5
     B42E   20 F4 FF   JSR &FFF4
     B431   49 9D      EOR #&9D
     B433   F0 EB      BEQ &B420
     B435   6A         ROR A
     B436   20 95 06   JSR &0695
.Label_ADF8
     B439   2C E2 FE   BIT &FEE2
     B43C   50 FB      BVC &B439
     B43E   8C E3 FE   STY &FEE3
     B441   70 D5      BVS &B418
     B443   20 C5 06   JSR &06C5
     B446   A8         TAY
.Label_AE06
     B447   2C E2 FE   BIT &FEE2
     B44A   10 FB      BPL &B447
     B44C   AE E3 FE   LDX &FEE3
     B44F   CA         DEX
     B450   30 0F      BMI &B461
.Label_AE11
     B452   2C E2 FE   BIT &FEE2
     B455   10 FB      BPL &B452
     B457   AD E3 FE   LDA &FEE3
     B45A   9D 28 01   STA &0128,X
     B45D   CA         DEX
     B45E   10 F2      BPL &B452
     B460   98         TYA
.Label_AE20
     B461   A2 28      LDX #&28
     B463   A0 01      LDY #&01
     B465   20 F1 FF   JSR &FFF1
.Label_AE27
     B468   2C E2 FE   BIT &FEE2
     B46B   10 FB      BPL &B468
     B46D   AE E3 FE   LDX &FEE3
     B470   CA         DEX
     B471   30 0E      BMI &B481
.Label_AE32
     B473   BC 28 01   LDY &0128,X
.Label_AE35
     B476   2C E2 FE   BIT &FEE2
     B479   50 FB      BVC &B476
     B47B   8C E3 FE   STY &FEE3
     B47E   CA         DEX
     B47F   10 F2      BPL &B473
.Label_AE40
     B481   4C 36 00   JMP &0036
     B484   A2 04      LDX #&04
.Label_AE45
     B486   20 C5 06   JSR &06C5
     B489   95 00      STA &00,X
     B48B   CA         DEX
     B48C   10 F8      BPL &B486
     B48E   E8         INX
     B48F   A0 00      LDY #&00
     B491   8A         TXA
     B492   20 F1 FF   JSR &FFF1
     B495   90 05      BCC &B49C
     B497   A9 FF      LDA #&FF
     B499   4C 9E 05   JMP &059E
.Label_AE5B
     B49C   A2 00      LDX #&00
     B49E   A9 7F      LDA #&7F
     B4A0   20 95 06   JSR &0695
.Label_AE62
     B4A3   BD 00 07   LDA &0700,X
     B4A6   20 95 06   JSR &0695
     B4A9   E8         INX
     B4AA   C9 0D      CMP #&0D
     B4AC   D0 F5      BNE &B4A3
     B4AE   4C 36 00   JMP &0036
.Label_AE70
     B4B1   2C E2 FE   BIT &FEE2
     B4B4   50 FB      BVC &B4B1
     B4B6   8D E3 FE   STA &FEE3
     B4B9   60         RTS
.Label_AE79
     B4BA   2C E6 FE   BIT &FEE6
     B4BD   50 FB      BVC &B4BA
     B4BF   8D E7 FE   STA &FEE7
     B4C2   60         RTS
     B4C3   A5 FF      LDA &FF
     B4C5   38         SEC
     B4C6   6A         ROR A
     B4C7   30 0F      BMI &B4D8
     B4C9   48         PHA
     B4CA   A9 00      LDA #&00
     B4CC   20 BC 06   JSR &06BC
     B4CF   98         TYA
     B4D0   20 BC 06   JSR &06BC
     B4D3   8A         TXA
     B4D4   20 BC 06   JSR &06BC
     B4D7   68         PLA
.Label_AE97
     B4D8   2C E0 FE   BIT &FEE0
     B4DB   50 FB      BVC &B4D8
     B4DD   8D E1 FE   STA &FEE1
     B4E0   60         RTS
.Label_AEA0
     B4E1   2C E2 FE   BIT &FEE2
     B4E4   10 FB      BPL &B4E1
     B4E6   AD E3 FE   LDA &FEE3
     B4E9   60         RTS
.SERVICE09_TUBEHelp
     B4EA   C9 09      CMP #&09
     B4EC   D0 2A      BNE &B518
     B4EE   98         TYA
     B4EF   48         PHA
     B4F0   B1 F2      LDA (&F2),Y
     B4F2   C9 0D      CMP #&0D
     B4F4   D0 1E      BNE &B514
     B4F6   A9 E9      LDA #&E9
     B4F8   20 08 94   JSR &9408
     B4FB   A6 F4      LDX &F4
     B4FD   98         TYA
     B4FE   F0 14      BEQ &B514
     B500   20 99 80   JSR &8099
     B503   0D
     B504   54 55 42 ...
     B512   0D
     B513   EA         NOP
.Label_AED3
     B514   68         PLA
     B515   A8         TAY
     B516   A9 09      LDA #&09
.SERVICEFE_TUBEPostInit
     B518   C9 FE      CMP #&FE
     B51A   90 5C      BCC &B578
     B51C   D0 1B      BNE &B539
     B51E   C0 00      CPY #&00
     B520   F0 56      BEQ &B578
     B522   A2 06      LDX #&06
     B524   A9 14      LDA #&14
     B526   20 F4 FF   JSR &FFF4
.servFE_tubemsg_loop
     B529   2C E0 FE   BIT &FEE0
     B52C   10 FB      BPL &B529
     B52E   AD E1 FE   LDA &FEE1
     B531   F0 43      BEQ &B576
     B533   20 EE FF   JSR &FFEE
     B536   4C 29 B5   JMP &B529
.SERVICEFF_TUBEInit
     B539   A9 AD      LDA #&AD
     B53B   8D 20 02   STA &0220
     B53E   A9 06      LDA #&06
     B540   8D 21 02   STA &0221
     B543   A9 16      LDA #&16
     B545   8D 02 02   STA &0202
     B548   A9 00      LDA #&00
     B54A   8D 03 02   STA &0203
     B54D   A9 8E      LDA #&8E
     B54F   8D E0 FE   STA &FEE0
     B552   A0 00      LDY #&00
.servFF_copytubecode_loop
     B554   B9 BA B5   LDA &B5BA,Y
     B557   99 00 04   STA &0400,Y
     B55A   B9 1C B3   LDA &B31C,Y
     B55D   99 00 05   STA &0500,Y
     B560   B9 1C B4   LDA &B41C,Y
     B563   99 00 06   STA &0600,Y
     B566   88         DEY
     B567   D0 EB      BNE &B554
     B569   20 21 04   JSR &0421
     B56C   A2 41      LDX #&41
.servFF_copytubezpcode_loop
     B56E   BD 79 B5   LDA &B579,X
     B571   95 16      STA &16,X
     B573   CA         DEX
     B574   10 F8      BPL &B56E
.servFE_exitA_0
     B576   A9 00      LDA #&00
.servFE_exit
     B578   60         RTS
.TUBE_ZP_CODE_0016
     B579   A9 FF      LDA #&FF
     B57B   20 9E 06   JSR &069E
     B57E   AD E3 FE   LDA &FEE3
     B581   A9 00      LDA #&00
     B583   20 95 06   JSR &0695
     B586   A8         TAY
     B587   B1 FD      LDA (&FD),Y
     B589   20 95 06   JSR &0695
.Label_AF4B
     B58C   C8         INY
     B58D   B1 FD      LDA (&FD),Y
     B58F   20 95 06   JSR &0695
     B592   AA         TAX
     B593   D0 F7      BNE &B58C
     B595   A2 FF      LDX #&FF
     B597   9A         TXS
     B598   58         CLI
.Label_AF58
     B599   2C E0 FE   BIT &FEE0
     B59C   10 06      BPL &B5A4
.Label_AF5D
     B59E   AD E1 FE   LDA &FEE1
     B5A1   20 EE FF   JSR &FFEE
.Label_AF63
     B5A4   2C E2 FE   BIT &FEE2
     B5A7   10 F0      BPL &B599
     B5A9   2C E0 FE   BIT &FEE0
     B5AC   30 F0      BMI &B59E
     B5AE   AE E3 FE   LDX &FEE3
     B5B1   86 51      STX &51
     B5B3   6C 00 05   JMP (&0500)
     B5B6   00 80
     B5B8   00 00
.TUBE_CODE_400
     B5BA   4C 84 04   JMP &0484
     B5BD   4C A7 06   JMP &06A7
     B5C0   C9 80      CMP #&80
     B5C2   90 2B      BCC &B5EF
     B5C4   C9 C0      CMP #&C0
     B5C6   B0 1A      BCS &B5E2
     B5C8   09 40      ORA #&40
     B5CA   C5 15      CMP &15
     B5CC   D0 20      BNE &B5EE
     B5CE   08         PHP
     B5CF   78         SEI
     B5D0   A9 05      LDA #&05
     B5D2   20 9E 06   JSR &069E
     B5D5   A5 15      LDA &15
     B5D7   20 9E 06   JSR &069E
     B5DA   28         PLP
     B5DB   A9 80      LDA #&80
     B5DD   85 15      STA &15
     B5DF   85 14      STA &14
     B5E1   60         RTS
.Label_AFA1
     B5E2   06 14      ASL &14
     B5E4   B0 06      BCS &B5EC
     B5E6   C5 15      CMP &15
     B5E8   F0 04      BEQ &B5EE
     B5EA   18         CLC
     B5EB   60         RTS
.Label_AFAB
     B5EC   85 15      STA &15
.Label_AFAD
     B5EE   60         RTS
.Label_AFAE
     B5EF   08         PHP
     B5F0   78         SEI
     B5F1   84 13      STY &13
     B5F3   86 12      STX &12
     B5F5   20 9E 06   JSR &069E
     B5F8   AA         TAX
     B5F9   A0 03      LDY #&03
     B5FB   A5 15      LDA &15
     B5FD   20 9E 06   JSR &069E
.Label_AFBF
     B600   B1 12      LDA (&12),Y
     B602   20 9E 06   JSR &069E
     B605   88         DEY
     B606   10 F8      BPL &B600
     B608   A0 18      LDY #&18
     B60A   8C E0 FE   STY &FEE0
     B60D   BD 18 05   LDA &0518,X
     B610   8D E0 FE   STA &FEE0
     B613   4A         LSR A
     B614   4A         LSR A
     B615   90 06      BCC &B61D
     B617   2C E5 FE   BIT &FEE5
     B61A   2C E5 FE   BIT &FEE5
.Label_AFDC
     B61D   20 9E 06   JSR &069E
.Label_AFDF
     B620   2C E6 FE   BIT &FEE6
     B623   50 FB      BVC &B620
     B625   B0 0D      BCS &B634
     B627   E0 04      CPX #&04
     B629   D0 11      BNE &B63C
.Label_AFEA
     B62B   20 14 04   JSR &0414
     B62E   20 95 06   JSR &0695
     B631   4C 32 00   JMP &0032
.Label_AFF3
     B634   4A         LSR A
     B635   90 05      BCC &B63C
     B637   A0 88      LDY #&88
     B639   8C E0 FE   STY &FEE0
.Label_AFFB
     B63C   28         PLP
     B63D   60         RTS
     B63E   58         CLI
     B63F   B0 0A      BCS &B64B
     B641   D0 03      BNE &B646
     B643   4C 9C 05   JMP &059C
.Label_B005
     B646   AE 8D 02   LDX &028D
     B649   F0 E0      BEQ &B62B
.Label_B00A
     B64B   A9 FF      LDA #&FF
     B64D   20 06 04   JSR &0406
     B650   90 F9      BCC &B64B
     B652   20 CE 04   JSR &04CE
.Label_B014
     B655   08         PHP
     B656   78         SEI
     B657   A9 07      LDA #&07
     B659   20 C7 04   JSR &04C7
     B65C   A0 00      LDY #&00
     B65E   84 00      STY &00
.Label_B01F
     B660   B1 00      LDA (&00),Y
     B662   8D E5 FE   STA &FEE5
     B665   EA         NOP
     B666   EA         NOP
     B667   EA         NOP
     B668   C8         INY
     B669   D0 F5      BNE &B660
     B66B   28         PLP
     B66C   E6 54      INC &54
     B66E   D0 06      BNE &B676
     B670   E6 55      INC &55
     B672   D0 02      BNE &B676
     B674   E6 56      INC &56
.Label_B035
     B676   E6 01      INC &01
     B678   24 01      BIT &01
     B67A   50 D9      BVC &B655
     B67C   20 CE 04   JSR &04CE
     B67F   A9 04      LDA #&04
     B681   A0 00      LDY #&00
     B683   A2 53      LDX #&53
     B685   4C 06 04   JMP &0406
     B688   A9 80      LDA #&80
     B68A   85 54      STA &54
     B68C   85 01      STA &01
     B68E   A9 20      LDA #&20
     B690   2D 06 80   AND &8006
     B693   A8         TAY
     B694   84 53      STY &53
     B696   F0 19      BEQ &B6B1
     B698   AE 07 80   LDX &8007
.Label_B05A
     B69B   E8         INX
     B69C   BD 00 80   LDA &8000,X
     B69F   D0 FA      BNE &B69B
     B6A1   BD 01 80   LDA &8001,X
     B6A4   85 53      STA &53
     B6A6   BD 02 80   LDA &8002,X
     B6A9   85 54      STA &54
     B6AB   BC 03 80   LDY &8003,X
     B6AE   BD 04 80   LDA &8004,X
.Label_B070
     B6B1   85 56      STA &56
     B6B3   84 55      STY &55
     B6B5   60         RTS
Processed file 'TubeHost230.asm' ok
    code ends at&B6B6  (2378 bytes free )
Saving file 'build/1/MMFS'
Processed file 'mmfs100.asm' ok
Processed file 'top_MMFS.asm' ok
