Including file DEVICE.asm
Processed file 'DEVICE.asm' ok
Including file mmfs100.asm
Including file VERSION.asm
Processed file 'VERSION.asm' ok
Including file SYSVARS.asm
Processed file 'SYSVARS.asm' ok
.langentry
     8000   00         BRK
     8001   00         BRK
     8002   00         BRK
.serventry
     8003   4C A3 8D   JMP &8DA3
.romtype
     8006   82
.copywoffset
     8007   27
.binversion
     8008   7B
.title
Macro BUILD_NAME:
Macro BASE_NAME:
     8009   4D 6F 64 ...
Macro SYSTEM_NAME:
     8012   4D 4D 46 ...
End macro SYSTEM_NAME
     8017   20 31 32 ...
End macro BASE_NAME
Macro DEVICE_NAME:
     801B   20 50 69 ...
End macro DEVICE_NAME
Macro DFS_EMUL_NAME:
End macro DFS_EMUL_NAME
     8022   00
End macro BUILD_NAME
.version
Macro BUILD_VERSION:
     8023   31 2E 36 ...
     8027   00
End macro BUILD_VERSION
.copyright
Macro BUILD_COPYRIGHT:
     8028   28 43 29 ...
     8036   00
End macro BUILD_COPYRIGHT
.header_end
.Go_FSCV
     8037   6C 1E 02   JMP (&021E)
.SetLEDS
     803A   A2 06      LDX #&06
     803C   8E 40 FE   STX &FE40
     803F   E8         INX
     8040   8E 40 FE   STX &FE40
     8043   60         RTS
.ResetLEDS
     8044   20 F9 83   JSR &83F9
     8047   A9 76      LDA #&76
     8049   4C F4 FF   JMP &FFF4
.errDISK
     804C   20 61 80   JSR &8061
     804F   00         BRK
     8050   44 69 73 ...
     8055   90 21      BCC &8078
.errBAD
     8057   20 61 80   JSR &8061
     805A   00         BRK
     805B   42 61 64 ...
     805F   90 17      BCC &8078
.ReportErrorCB
     8061   AD DD A4   LDA &A4DD
     8064   D0 03      BNE &8069
     8066   20 0E 97   JSR &970E
.brk100_notbuf
     8069   A9 FF      LDA #&FF
     806B   8D 82 A4   STA &A482
     806E   8D DD A4   STA &A4DD
.ReportError
     8071   A2 02      LDX #&02
     8073   A9 00      LDA #&00
     8075   8D 00 01   STA &0100
.ErrCONTINUE
     8078   20 44 80   JSR &8044
.ReportError2
     807B   68         PLA
     807C   85 AE      STA &AE
     807E   68         PLA
     807F   85 AF      STA &AF
     8081   A0 00      LDY #&00
     8083   20 F0 83   JSR &83F0
     8086   8D 01 01   STA &0101
     8089   CA         DEX
.errstr_loop
     808A   E8         INX
     808B   20 F0 83   JSR &83F0
     808E   9D 00 01   STA &0100,X
     8091   30 27      BMI &80BA
     8093   D0 F5      BNE &808A
     8095   20 70 8C   JSR &8C70
     8098   4C 00 01   JMP &0100
.PrintNibble_PrintString
     809B   20 08 81   JSR &8108
.PrintString
     809E   85 B3      STA &B3
     80A0   68         PLA
     80A1   85 AE      STA &AE
     80A3   68         PLA
     80A4   85 AF      STA &AF
     80A6   A5 B3      LDA &B3
     80A8   48         PHA
     80A9   98         TYA
     80AA   48         PHA
     80AB   A0 00      LDY #&00
.prtstr_loop
     80AD   20 F0 83   JSR &83F0
     80B0   30 05      BMI &80B7
     80B2   20 E1 80   JSR &80E1
     80B5   10 F6      BPL &80AD
.prtstr_return1
     80B7   68         PLA
     80B8   A8         TAY
     80B9   68         PLA
.prtstr_return2
     80BA   18         CLC
     80BB   6C AE 00   JMP (&00AE)
.PrintStringSPL
     80BE   85 B3      STA &B3
     80C0   68         PLA
     80C1   85 AE      STA &AE
     80C3   68         PLA
     80C4   85 AF      STA &AF
     80C6   A5 B3      LDA &B3
     80C8   48         PHA
     80C9   98         TYA
     80CA   48         PHA
     80CB   A0 00      LDY #&00
.pstr_loop
     80CD   20 F0 83   JSR &83F0
     80D0   30 E5      BMI &80B7
     80D2   20 E3 FF   JSR &FFE3
     80D5   4C CD 80   JMP &80CD
.PrintSpace
     80D8   A9 20      LDA #&20
     80DA   D0 05      BNE &80E1
.PrintNibFullStop
     80DC   20 08 81   JSR &8108
.PrintFullStop
     80DF   A9 2E      LDA #&2E
.PrintChrA
     80E1   20 F9 83   JSR &83F9
     80E4   48         PHA
     80E5   A9 EC      LDA #&EC
     80E7   20 7B 93   JSR &937B
     80EA   8A         TXA
     80EB   48         PHA
     80EC   09 10      ORA #&10
     80EE   AA         TAX
     80EF   20 F8 80   JSR &80F8
     80F2   68         PLA
     80F3   AA         TAX
     80F4   68         PLA
     80F5   20 E3 FF   JSR &FFE3
.osbyte03_Xoutstream
     80F8   A9 03      LDA #&03
     80FA   4C F4 FF   JMP &FFF4
.PrintBCD
     80FD   20 31 84   JSR &8431
.PrintHex
     8100   48         PHA
     8101   20 25 82   JSR &8225
     8104   20 08 81   JSR &8108
     8107   68         PLA
.PrintNibble
     8108   20 2A 81   JSR &812A
     810B   D0 D4      BNE &80E1
.PrintBCDSPL
     810D   20 31 84   JSR &8431
.PrintHexSPL
     8110   48         PHA
     8111   20 25 82   JSR &8225
     8114   20 18 81   JSR &8118
     8117   68         PLA
.PrintNibbleSPL
     8118   20 2A 81   JSR &812A
     811B   4C EE FF   JMP &FFEE
.Print2SpacesSPL
     811E   20 21 81   JSR &8121
.PrintSpaceSPL
     8121   48         PHA
     8122   A9 20      LDA #&20
     8124   20 EE FF   JSR &FFEE
     8127   68         PLA
     8128   18         CLC
     8129   60         RTS
.NibToASC
     812A   29 0F      AND #&0F
     812C   C9 0A      CMP #&0A
     812E   90 02      BCC &8132
     8130   69 06      ADC #&06
.nibasc
     8132   69 30      ADC #&30
     8134   60         RTS
.CopyVarsB0BA
     8135   20 45 81   JSR &8145
     8138   CA         DEX
     8139   CA         DEX
     813A   20 3D 81   JSR &813D
.cpybyte1
     813D   B1 B0      LDA (&B0),Y
     813F   9D 72 A4   STA &A472,X
     8142   E8         INX
     8143   C8         INY
     8144   60         RTS
.CopyWordB0BA
     8145   20 48 81   JSR &8148
.cpybyte2
     8148   B1 B0      LDA (&B0),Y
     814A   95 BA      STA &BA,X
     814C   E8         INX
     814D   C8         INY
     814E   60         RTS
.read_fspTextPointer
     814F   20 DA 8B   JSR &8BDA
     8152   4C 65 81   JMP &8165
.read_fspBA_reset
     8155   20 DA 8B   JSR &8BDA
.read_fspBA
     8158   A5 BA      LDA &BA
     815A   85 F2      STA &F2
     815C   A5 BB      LDA &BB
     815E   85 F3      STA &F3
     8160   A0 00      LDY #&00
     8162   20 C6 81   JSR &81C6
.rdafsp_entry
     8165   A2 20      LDX #&20
     8167   20 AB 81   JSR &81AB
     816A   B0 1B      BCS &8187
     816C   8D 00 A4   STA &A400
     816F   C9 2E      CMP #&2E
     8171   D0 04      BNE &8177
.rdafsp_setdrv
     8173   86 CC      STX &CC
     8175   F0 EE      BEQ &8165
.rdafsp_notdot
     8177   C9 3A      CMP #&3A
     8179   D0 15      BNE &8190
     817B   20 EF 8B   JSR &8BEF
     817E   20 AB 81   JSR &81AB
     8181   B0 04      BCS &8187
     8183   C9 2E      CMP #&2E
     8185   F0 DE      BEQ &8165
.errBadName
     8187   20 57 80   JSR &8057
     818A   CC
     818B   6E 61 6D ...
     818F   00
.rdafsp_notcolon
     8190   AA         TAX
     8191   20 AB 81   JSR &81AB
     8194   B0 34      BCS &81CA
     8196   C9 2E      CMP #&2E
     8198   F0 D9      BEQ &8173
     819A   A2 01      LDX #&01
.rdafsp_rdfnloop
     819C   9D 00 A4   STA &A400,X
     819F   E8         INX
     81A0   20 AB 81   JSR &81AB
     81A3   B0 27      BCS &81CC
     81A5   E0 07      CPX #&07
     81A7   D0 F3      BNE &819C
     81A9   F0 DC      BEQ &8187
.GSREAD_A
     81AB   20 C5 FF   JSR &FFC5
     81AE   08         PHP
     81AF   29 7F      AND #&7F
     81B1   C9 0D      CMP #&0D
     81B3   F0 08      BEQ &81BD
     81B5   C9 20      CMP #&20
     81B7   90 CE      BCC &8187
     81B9   C9 7F      CMP #&7F
     81BB   F0 CA      BEQ &8187
.dogsrd_exit
     81BD   28         PLP
     81BE   60         RTS
.SetTextPointerYX
     81BF   86 F2      STX &F2
     81C1   84 F3      STY &F3
     81C3   A0 00      LDY #&00
     81C5   60         RTS
.GSINIT_A
     81C6   18         CLC
     81C7   4C C2 FF   JMP &FFC2
.Rdafsp_padall
     81CA   A2 01      LDX #&01
.rdafsp_padX
     81CC   A9 20      LDA #&20
.rdafsp_padloop
     81CE   9D 00 A4   STA &A400,X
     81D1   E8         INX
     81D2   E0 40      CPX #&40
     81D4   D0 F8      BNE &81CE
     81D6   A2 06      LDX #&06
.rdafsp_cpyfnloop
     81D8   BD 00 A4   LDA &A400,X
     81DB   95 C5      STA &C5,X
     81DD   CA         DEX
     81DE   10 F8      BPL &81D8
     81E0   60         RTS
.prt_filename_Yoffset
     81E1   20 F9 83   JSR &83F9
     81E4   B9 0F A2   LDA &A20F,Y
     81E7   08         PHP
     81E8   29 7F      AND #&7F
     81EA   D0 05      BNE &81F1
     81EC   20 1E 81   JSR &811E
     81EF   F0 06      BEQ &81F7
.prt_filename_prtchr
     81F1   20 E1 80   JSR &80E1
     81F4   20 DF 80   JSR &80DF
.prt_filename_nodir
     81F7   A2 06      LDX #&06
.prt_filename_loop
     81F9   B9 08 A2   LDA &A208,Y
     81FC   29 7F      AND #&7F
     81FE   20 E1 80   JSR &80E1
     8201   C8         INY
     8202   CA         DEX
     8203   10 F4      BPL &81F9
     8205   20 1E 81   JSR &811E
     8208   A9 20      LDA #&20
     820A   28         PLP
     820B   10 02      BPL &820F
     820D   A9 4C      LDA #&4C
.prt_filename_notlocked
     820F   20 E1 80   JSR &80E1
     8212   A0 01      LDY #&01
.prt_Yspaces
     8214   20 21 81   JSR &8121
     8217   88         DEY
     8218   D0 FA      BNE &8214
     821A   60         RTS
.A_rorx6and3
     821B   4A         LSR A
     821C   4A         LSR A
.A_rorx4and3
     821D   4A         LSR A
     821E   4A         LSR A
.A_rorx2and3
     821F   4A         LSR A
     8220   4A         LSR A
     8221   29 03      AND #&03
     8223   60         RTS
.A_rorx5
     8224   4A         LSR A
.A_rorx4
     8225   4A         LSR A
     8226   4A         LSR A
     8227   4A         LSR A
     8228   4A         LSR A
     8229   60         RTS
.A_rolx5
     822A   0A         ASL A
.A_rolx4
     822B   0A         ASL A
     822C   0A         ASL A
     822D   0A         ASL A
     822E   0A         ASL A
.getcat_exit
     822F   60         RTS
.parameter_afsp_Param_SyntaxErrorIfNull_getcatentry_fspTxtP
     8230   20 83 92   JSR &9283
.Param_SyntaxErrorIfNull_getcatentry_fspTxtP
     8233   20 FF 99   JSR &99FF
.getcatentry_fspTxtP
     8236   20 4F 81   JSR &814F
     8239   30 03      BMI &823E
.getcatentry_fspBA
     823B   20 55 81   JSR &8155
.getcatentry
     823E   20 83 82   JSR &8283
     8241   B0 EC      BCS &822F
.err_FILENOTFOUND
     8243   20 71 80   JSR &8071
     8246   D6
     8247   4E 6F 74 ...
     8250   00
.fscv9_starEX
     8251   20 BF 81   JSR &81BF
.CMD_EX
     8254   20 DA 8B   JSR &8BDA
     8257   20 C6 81   JSR &81C6
     825A   F0 03      BEQ &825F
     825C   20 92 89   JSR &8992
.cmd_ex_nullstr
     825F   A9 2A      LDA #&2A
     8261   8D 00 A4   STA &A400
     8264   20 CA 81   JSR &81CA
     8267   20 83 92   JSR &9283
     826A   20 3E 82   JSR &823E
     826D   4C 7A 82   JMP &827A
.fscv10_starINFO
     8270   20 BF 81   JSR &81BF
     8273   A9 4E      LDA #&4E
     8275   85 BF      STA &BF
.CMD_INFO
     8277   20 30 82   JSR &8230
.cmd_info_loop
     827A   20 4F 83   JSR &834F
     827D   20 8A 82   JSR &828A
     8280   B0 F8      BCS &827A
     8282   60         RTS
.get_cat_firstentry80
.get_cat_firstentry81
     8283   20 7A AB   JSR &AB7A
     8286   A2 00      LDX #&00
     8288   F0 18      BEQ &82A2
.get_cat_nextentry
     828A   A2 00      LDX #&00
     828C   F0 18      BEQ &82A6
.get_cat_firstentry80fname
     828E   A2 06      LDX #&06
.getcatloop1
     8290   B5 C5      LDA &C5,X
     8292   9D 58 A4   STA &A458,X
     8295   CA         DEX
     8296   10 F8      BPL &8290
     8298   A9 20      LDA #&20
     829A   8D 5F A4   STA &A45F
     829D   20 7A AB   JSR &AB7A
     82A0   A2 58      LDX #&58
.getcatentry2
     82A2   A9 00      LDA #&00
     82A4   85 B6      STA &B6
.getcatsetupB7
     82A6   A9 A2      LDA #&A2
     82A8   85 B7      STA &B7
.getcatloop2
     82AA   A0 00      LDY #&00
     82AC   A5 B6      LDA &B6
     82AE   CD 05 A3   CMP &A305
     82B1   B0 49      BCS &82FC
     82B3   69 08      ADC #&08
     82B5   85 B6      STA &B6
     82B7   20 D1 82   JSR &82D1
     82BA   90 EE      BCC &82AA
     82BC   A5 CC      LDA &CC
     82BE   A0 07      LDY #&07
     82C0   20 FE 82   JSR &82FE
     82C3   D0 E5      BNE &82AA
     82C5   A4 B6      LDY &B6
     82C7   38         SEC
.Y_sub8
     82C8   88         DEY
     82C9   88         DEY
     82CA   88         DEY
     82CB   88         DEY
     82CC   88         DEY
     82CD   88         DEY
     82CE   88         DEY
     82CF   88         DEY
.NotCmdTable2
     82D0   60         RTS
.MatchFilename
     82D1   20 F9 83   JSR &83F9
.matfn_loop1
     82D4   BD 00 A4   LDA &A400,X
     82D7   CD CE A4   CMP &A4CE
     82DA   D0 13      BNE &82EF
     82DC   E8         INX
.matfn_loop2
     82DD   20 D1 82   JSR &82D1
     82E0   B0 1B      BCS &82FD
     82E2   C8         INY
     82E3   C0 07      CPY #&07
     82E5   90 F6      BCC &82DD
.matfn_loop3
     82E7   BD 00 A4   LDA &A400,X
     82EA   C9 20      CMP #&20
     82EC   D0 0E      BNE &82FC
     82EE   60         RTS
.matfn_nomatch
     82EF   C0 07      CPY #&07
     82F1   B0 F4      BCS &82E7
     82F3   20 FE 82   JSR &82FE
     82F6   D0 04      BNE &82FC
     82F8   E8         INX
     82F9   C8         INY
     82FA   D0 D8      BNE &82D4
.matfn_exitC0
     82FC   18         CLC
.matfn_exit
     82FD   60         RTS
.MatchChr
     82FE   CD CE A4   CMP &A4CE
     8301   F0 10      BEQ &8313
     8303   CD CD A4   CMP &A4CD
     8306   F0 0B      BEQ &8313
     8308   20 3C 83   JSR &833C
     830B   51 B6      EOR (&B6),Y
     830D   B0 02      BCS &8311
     830F   29 5F      AND #&5F
.matchr_notalpha
     8311   29 7F      AND #&7F
.matchr_exit
     8313   60         RTS
.UcaseA2
     8314   08         PHP
     8315   20 3C 83   JSR &833C
     8318   B0 02      BCS &831C
     831A   29 5F      AND #&5F
.ucasea
     831C   29 7F      AND #&7F
     831E   28         PLP
     831F   60         RTS
.DeleteCatEntry_YFileOffset
     8320   20 38 93   JSR &9338
.delcatloop
     8323   B9 10 A2   LDA &A210,Y
     8326   99 08 A2   STA &A208,Y
     8329   B9 10 A3   LDA &A310,Y
     832C   99 08 A3   STA &A308,Y
     832F   C8         INY
     8330   CC 05 A3   CPY &A305
     8333   90 EE      BCC &8323
     8335   98         TYA
     8336   E9 08      SBC #&08
     8338   8D 05 A3   STA &A305
.print_infoline_exit
     833B   60         RTS
.IsAlphaChar
     833C   48         PHA
     833D   29 5F      AND #&5F
     833F   C9 41      CMP #&41
     8341   90 04      BCC &8347
     8343   C9 5B      CMP #&5B
     8345   90 01      BCC &8348
.isalpha1
     8347   38         SEC
.isalpha2
     8348   68         PLA
     8349   60         RTS
.prt_InfoMsg_Yoffset
     834A   2C C6 A4   BIT &A4C6
     834D   30 EC      BMI &833B
.prt_InfoLine_Yoffset
     834F   20 F9 83   JSR &83F9
     8352   20 E1 81   JSR &81E1
     8355   98         TYA
     8356   48         PHA
     8357   A9 60      LDA #&60
     8359   85 B0      STA &B0
     835B   A9 A4      LDA #&A4
     835D   85 B1      STA &B1
     835F   20 9A 83   JSR &839A
     8362   A0 02      LDY #&02
     8364   20 21 81   JSR &8121
     8367   20 88 83   JSR &8388
     836A   20 88 83   JSR &8388
     836D   20 88 83   JSR &8388
     8370   68         PLA
     8371   A8         TAY
     8372   B9 0E A3   LDA &A30E,Y
     8375   29 03      AND #&03
     8377   20 08 81   JSR &8108
     837A   B9 0F A3   LDA &A30F,Y
     837D   20 00 81   JSR &8100
.PrintNewLine
     8380   48         PHA
     8381   A9 0D      LDA #&0D
     8383   20 E1 80   JSR &80E1
     8386   68         PLA
     8387   60         RTS
.PrintHex3Byte
     8388   A2 03      LDX #&03
.printhex3byte_loop
     838A   B9 62 A4   LDA &A462,Y
     838D   20 00 81   JSR &8100
     8390   88         DEY
     8391   CA         DEX
     8392   D0 F6      BNE &838A
     8394   20 FB 87   JSR &87FB
     8397   4C 21 81   JMP &8121
.ReadFileAttribsToB0_Yoffset
     839A   20 F9 83   JSR &83F9
     839D   98         TYA
     839E   48         PHA
     839F   AA         TAX
     83A0   A0 12      LDY #&12
     83A2   A9 00      LDA #&00
.readfileattribs_clearloop
     83A4   88         DEY
     83A5   91 B0      STA (&B0),Y
     83A7   C0 02      CPY #&02
     83A9   D0 F9      BNE &83A4
.readfileattribs_copyloop
     83AB   20 E5 83   JSR &83E5
     83AE   C8         INY
     83AF   C8         INY
     83B0   C0 0E      CPY #&0E
     83B2   D0 F7      BNE &83AB
     83B4   68         PLA
     83B5   AA         TAX
     83B6   BD 0F A2   LDA &A20F,X
     83B9   10 04      BPL &83BF
     83BB   A9 08      LDA #&08
     83BD   91 B0      STA (&B0),Y
.readfileattribs_notlocked
     83BF   BD 0E A3   LDA &A30E,X
     83C2   A0 04      LDY #&04
     83C4   20 D3 83   JSR &83D3
     83C7   A0 0C      LDY #&0C
     83C9   4A         LSR A
     83CA   4A         LSR A
     83CB   48         PHA
     83CC   29 03      AND #&03
     83CE   91 B0      STA (&B0),Y
     83D0   68         PLA
     83D1   A0 08      LDY #&08
.readfileattribs_addrHiBytes
     83D3   4A         LSR A
     83D4   4A         LSR A
     83D5   48         PHA
     83D6   29 03      AND #&03
     83D8   C9 03      CMP #&03
     83DA   D0 05      BNE &83E1
     83DC   A9 FF      LDA #&FF
     83DE   91 B0      STA (&B0),Y
     83E0   C8         INY
.readfileattribs_nothost
     83E1   91 B0      STA (&B0),Y
.readfileattribs_exits
     83E3   68         PLA
     83E4   60         RTS
.readfileattribs_copy2bytes
     83E5   20 E8 83   JSR &83E8
.readfileattribs_copy1byte
     83E8   BD 08 A3   LDA &A308,X
     83EB   91 B0      STA (&B0),Y
     83ED   E8         INX
     83EE   C8         INY
     83EF   60         RTS
.inc_word_AE_and_load
     83F0   E6 AE      INC &AE
     83F2   D0 02      BNE &83F6
     83F4   E6 AF      INC &AF
.inc_word_AE_exit
     83F6   B1 AE      LDA (&AE),Y
     83F8   60         RTS
.RememberAXY
     83F9   48         PHA
     83FA   8A         TXA
     83FB   48         PHA
     83FC   98         TYA
     83FD   48         PHA
     83FE   A9 84      LDA #&84
     8400   48         PHA
     8401   A9 1B      LDA #&1B
     8403   48         PHA
.rAXY_loop_init
     8404   A0 05      LDY #&05
.rAXY_loop
     8406   BA         TSX
     8407   BD 07 01   LDA &0107,X
     840A   48         PHA
     840B   88         DEY
     840C   D0 F8      BNE &8406
     840E   A0 0A      LDY #&0A
.rAXY_loop2
     8410   BD 09 01   LDA &0109,X
     8413   9D 0B 01   STA &010B,X
     8416   CA         DEX
     8417   88         DEY
     8418   D0 F6      BNE &8410
     841A   68         PLA
     841B   68         PLA
.rAXY_restore
     841C   68         PLA
     841D   A8         TAY
     841E   68         PLA
     841F   AA         TAX
     8420   68         PLA
     8421   60         RTS
.RememberXYonly
     8422   48         PHA
     8423   8A         TXA
     8424   48         PHA
     8425   98         TYA
     8426   48         PHA
     8427   20 04 84   JSR &8404
.axyret1
     842A   BA         TSX
     842B   9D 03 01   STA &0103,X
     842E   4C 1C 84   JMP &841C
.BinaryToBCD
     8431   20 22 84   JSR &8422
     8434   A8         TAY
     8435   F0 0A      BEQ &8441
     8437   18         CLC
     8438   F8         SED
     8439   A9 00      LDA #&00
.bbcd_loop
     843B   69 01      ADC #&01
     843D   88         DEY
     843E   D0 FB      BNE &843B
     8440   D8         CLD
.bbcd_exit
     8441   60         RTS
.Param_ReadNum
     8442   20 C6 81   JSR &81C6
     8445   38         SEC
     8446   F0 2A      BEQ &8472
     8448   08         PHP
     8449   A9 00      LDA #&00
     844B   85 B9      STA &B9
     844D   F0 18      BEQ &8467
.L1
     844F   38         SEC
     8450   E9 30      SBC #&30
     8452   90 1D      BCC &8471
     8454   C9 0A      CMP #&0A
     8456   B0 19      BCS &8471
     8458   85 B8      STA &B8
     845A   A5 B9      LDA &B9
     845C   0A         ASL A
     845D   85 B9      STA &B9
     845F   0A         ASL A
     8460   0A         ASL A
     8461   65 B9      ADC &B9
     8463   65 B8      ADC &B8
     8465   85 B9      STA &B9
.L2
     8467   20 C5 FF   JSR &FFC5
     846A   90 E3      BCC &844F
     846C   A6 B9      LDX &B9
     846E   28         PLP
     846F   18         CLC
     8470   60         RTS
.L3
     8471   28         PLP
.L4
     8472   60         RTS
.fscv5_starCAT
     8473   20 BF 81   JSR &81BF
     8476   20 E7 8B   JSR &8BE7
     8479   20 88 AB   JSR &AB88
     847C   A0 FF      LDY #&FF
     847E   84 A8      STY &A8
     8480   C8         INY
     8481   84 AA      STY &AA
.cat_titleloop
     8483   B9 00 A2   LDA &A200,Y
     8486   C0 08      CPY #&08
     8488   90 03      BCC &848D
     848A   B9 F8 A2   LDA &A2F8,Y
.cat_titlelo
     848D   20 E1 80   JSR &80E1
     8490   C8         INY
     8491   C0 0C      CPY #&0C
     8493   D0 EE      BNE &8483
     8495   20 9E 80   JSR &809E
     8498   20 28 
     849A   AD 04 A3   LDA &A304
     849D   20 00 81   JSR &8100
     84A0   20 9E 80   JSR &809E
     84A3   29 
     84A4   0D
     84A5   44 72 69 ...
     84AB   A5 CD      LDA &CD
     84AD   20 08 81   JSR &8108
     84B0   A0 0D      LDY #&0D
     84B2   20 14 82   JSR &8214
     84B5   20 9E 80   JSR &809E
     84B8   4F 70 74 ...
     84BF   AD 06 A3   LDA &A306
     84C2   20 25 82   JSR &8225
     84C5   48         PHA
     84C6   20 9B 80   JSR &809B
     84C9   20 28 
     84CB   A0 03      LDY #&03
     84CD   68         PLA
     84CE   0A         ASL A
     84CF   0A         ASL A
     84D0   AA         TAX
.cat_printoptionnameloop
     84D1   BD BD 85   LDA &85BD,X
     84D4   20 E1 80   JSR &80E1
     84D7   E8         INX
     84D8   88         DEY
     84D9   10 F6      BPL &84D1
     84DB   20 9E 80   JSR &809E
     84DE   29 
     84DF   0D
     84E0   44 69 72 ...
     84E6   AD CA A4   LDA &A4CA
     84E9   20 DC 80   JSR &80DC
     84EC   AD C9 A4   LDA &A4C9
     84EF   20 E1 80   JSR &80E1
     84F2   A0 0B      LDY #&0B
     84F4   20 14 82   JSR &8214
     84F7   20 9E 80   JSR &809E
     84FA   4C 69 62 ...
     8500   AD CC A4   LDA &A4CC
     8503   20 DC 80   JSR &80DC
     8506   AD CB A4   LDA &A4CB
     8509   20 E1 80   JSR &80E1
     850C   20 80 83   JSR &8380
     850F   A0 00      LDY #&00
.cat_curdirloop
     8511   CC 05 A3   CPY &A305
     8514   B0 17      BCS &852D
     8516   B9 0F A2   LDA &A20F,Y
     8519   4D C9 A4   EOR &A4C9
     851C   29 5F      AND #&5F
     851E   D0 08      BNE &8528
     8520   B9 0F A2   LDA &A20F,Y
     8523   29 80      AND #&80
     8525   99 0F A2   STA &A20F,Y
.cat_curdirnext
     8528   20 FA 87   JSR &87FA
     852B   90 E4      BCC &8511
.cat_sortloop1
     852D   A0 00      LDY #&00
     852F   20 3F 85   JSR &853F
     8532   90 16      BCC &854A
     8534   A9 FF      LDA #&FF
     8536   8D 82 A4   STA &A482
     8539   4C 80 83   JMP &8380
.cat_getnextunmarkedfile_loop
     853C   20 FA 87   JSR &87FA
.cat_getnextunmarkedfileY
     853F   CC 05 A3   CPY &A305
     8542   B0 05      BCS &8549
     8544   B9 08 A2   LDA &A208,Y
     8547   30 F3      BMI &853C
.cat_exit
     8549   60         RTS
.cat_printfilename
     854A   84 AB      STY &AB
     854C   A2 00      LDX #&00
.cat_copyfnloop
     854E   B9 08 A2   LDA &A208,Y
     8551   20 14 83   JSR &8314
     8554   9D 60 A4   STA &A460,X
     8557   C8         INY
     8558   E8         INX
     8559   E0 08      CPX #&08
     855B   D0 F1      BNE &854E
.cat_comparefnloop1
     855D   20 3F 85   JSR &853F
     8560   B0 23      BCS &8585
     8562   38         SEC
     8563   A2 06      LDX #&06
.cat_comparefnloop2
     8565   B9 0E A2   LDA &A20E,Y
     8568   20 14 83   JSR &8314
     856B   FD 60 A4   SBC &A460,X
     856E   88         DEY
     856F   CA         DEX
     8570   10 F3      BPL &8565
     8572   20 FB 87   JSR &87FB
     8575   B9 0F A2   LDA &A20F,Y
     8578   20 14 83   JSR &8314
     857B   ED 67 A4   SBC &A467
     857E   90 CA      BCC &854A
     8580   20 FA 87   JSR &87FA
     8583   B0 D8      BCS &855D
.cat_printfn
     8585   A4 AB      LDY &AB
     8587   B9 08 A2   LDA &A208,Y
     858A   09 80      ORA #&80
     858C   99 08 A2   STA &A208,Y
     858F   AD 67 A4   LDA &A467
     8592   C5 AA      CMP &AA
     8594   F0 10      BEQ &85A6
     8596   A6 AA      LDX &AA
     8598   85 AA      STA &AA
     859A   D0 0A      BNE &85A6
     859C   20 80 83   JSR &8380
.cat_newline
     859F   20 80 83   JSR &8380
     85A2   A0 FF      LDY #&FF
     85A4   D0 09      BNE &85AF
.cat_samedir
     85A6   A4 A8      LDY &A8
     85A8   D0 F5      BNE &859F
     85AA   A0 05      LDY #&05
     85AC   20 14 82   JSR &8214
.cat_skipspaces
     85AF   C8         INY
     85B0   84 A8      STY &A8
     85B2   A4 AB      LDY &AB
     85B4   20 1E 81   JSR &811E
     85B7   20 E1 81   JSR &81E1
     85BA   4C 2D 85   JMP &852D
.diskoptions_table
     85BD   6F 66 66 
     85C0   00
     85C1   4C 4F 41 ...
     85C5   52 55 4E 
     85C8   00
     85C9   45 58 45 ...
.cmdtable1
     85CD   FF
     85CE   41 43 43 ...
     85D4   B2
     85D5   42 41 43 ...
     85DB   8C
     85DC   43 4C 4F ...
     85E1   80
     85E2   43 4F 4D ...
     85E9   85
     85EA   43 4F 50 ...
     85EE   AC
     85EF   44 45 4C ...
     85F5   88
     85F6   44 45 53 ...
     85FD   82
     85FE   44 49 52 
     8601   86
     8602   44 52 49 ...
     8607   81
     8608   45 4E 41 ...
     860E   80
     860F   45 58 
     8611   86
     8612   46 4F 52 ...
     8616   DF
     8617   46 52 45 ...
     861B   84
.info_cmd_index
     861C   49 4E 46 ...
     8620   82
     8621   4C 49 42 
     8624   86
     8625   4D 41 50 
     8628   84
     8629   52 45 4E ...
     862F   8D
     8630   54 49 54 ...
     8635   8A
     8636   56 45 52 ...
     863C   85
     863D   57 49 50 ...
     8641   82
     8642   00         BRK
.cmdtable2
     8643   14
     8644   42 55 49 ...
     8649   88
     864A   44 55 4D ...
     864E   88
     864F   4C 49 53 ...
     8653   88
     8654   52 4F 4D ...
     8658   8B
     8659   54 59 50 ...
     865D   88
     865E   00         BRK
.cmdtable22
     865F   1A
     8660   44 49 53 ...
     8664   80
     8665   44 49 53 ...
     8669   80
     866A   4D 4D 46 ...
     866E   80
     866F   43 41 52 ...
     8673   80
     8674   00         BRK
.cmdtable3
     8675   1F
     8676   44 55 54 ...
     867C   80
     867D   4D 4D 46 ...
     8681   80
     8682   55 54 49 ...
     8687   80
     8688   00         BRK
.cmdtable4
     8689   23
     868A   41 43 43 ...
     8690   BE
     8691   42 4F 4F ...
     8695   89
     8696   42 55 47 
     8699   80
     869A   43 41 54 
     869D   8E
     869E   44 49 52 
     86A1   89
     86A2   44 52 49 ...
     86A7   80
     86A8   49 4E 
     86AA   F4
     86AB   4F 55 54 
     86AE   84
     86AF   52 45 4E ...
     86B5   F7
     86B6   41 42 4F ...
     86BB   80
     86BC   00         BRK
.cmdaddr1
     86BD   E7 89
     86BF   74 9C
     86C1   F4 93
     86C3   15 9B
     86C5   CD 9C
     86C7   AE 87
     86C9   BD 87
     86CB   70 89
     86CD   0D 88
     86CF   A2 8B
     86D1   53 82
     86D3   D1 1D
     86D5   2D 9F
     86D7   76 82
     86D9   74 89
     86DB   30 9F
     86DD   08 8C
     86DF   BB 89
     86E1   CD 1D
     86E3   85 87
     86E5   1A 87
.cmdaddr2
     86E7   76 BC
     86E9   CF BB
     86EB   3E BC
     86ED   B0 BA
     86EF   3A BC
     86F1   CF 82
.cmdaddr22
     86F3   D2 8C
     86F5   D2 8C
     86F7   DF 8C
     86F9   DF 8C
     86FB   51 8E
.cmdaddr3
     86FD   E4 99
     86FF   A4 99
     8701   EB 99
     8703   F2 99
.cmdaddr4
     8705   6C 37
     8707   83 35
     8709   52 30
     870B   68 35
     870D   19 36
     870F   1C 37
     8711   B2 35
     8713   EC 36
     8715   A9 37
     8717   40 B0
     8719   AD 88
.cmdaddrX
.NotCmdTable1
     871B   A2 BC      LDX #&BC
     871D   20 C6 81   JSR &81C6
     8720   B1 F2      LDA (&F2),Y
     8722   C8         INY
     8723   09 20      ORA #&20
     8725   C9 64      CMP #&64
     8727   F0 09      BEQ &8732
     8729   88         DEY
     872A   4C AE 88   JMP &88AE
.fscv3_unreccommand
     872D   20 BF 81   JSR &81BF
     8730   A2 00      LDX #&00
.UnrecCommandTextPointer
     8732   BD CD 85   LDA &85CD,X
     8735   85 BE      STA &BE
     8737   98         TYA
     8738   48         PHA
.unrecloop1
     8739   E6 BE      INC &BE
     873B   68         PLA
     873C   48         PHA
     873D   A8         TAY
     873E   20 C6 81   JSR &81C6
     8741   E8         INX
     8742   BD CD 85   LDA &85CD,X
     8745   F0 28      BEQ &876F
     8747   CA         DEX
     8748   88         DEY
     8749   86 BF      STX &BF
.unrecloop2
     874B   E8         INX
     874C   C8         INY
     874D   BD CD 85   LDA &85CD,X
     8750   30 16      BMI &8768
.unrecloop2in
     8752   51 F2      EOR (&F2),Y
     8754   29 5F      AND #&5F
     8756   F0 F3      BEQ &874B
     8758   CA         DEX
.unrecloop3
     8759   E8         INX
     875A   BD CD 85   LDA &85CD,X
     875D   10 FA      BPL &8759
     875F   B1 F2      LDA (&F2),Y
     8761   C9 2E      CMP #&2E
     8763   D0 D4      BNE &8739
     8765   C8         INY
     8766   B0 07      BCS &876F
.endofcmd_oncmdline
     8768   B1 F2      LDA (&F2),Y
     876A   20 3C 83   JSR &833C
     876D   90 CA      BCC &8739
.gocmdcode
     876F   68         PLA
     8770   A5 BE      LDA &BE
     8772   0A         ASL A
     8773   AA         TAX
     8774   BD BE 86   LDA &86BE,X
     8777   10 06      BPL &877F
.gocmdcode2
     8779   48         PHA
     877A   BD BD 86   LDA &86BD,X
     877D   48         PHA
     877E   60         RTS
.dommcinit
     877F   20 DA AF   JSR &AFDA
     8782   09 80      ORA #&80
     8784   D0 F3      BNE &8779
.CMD_WIPE
     8786   20 30 82   JSR &8230
.wipeloop
     8789   B9 0F A2   LDA &A20F,Y
     878C   30 1B      BMI &87A9
     878E   20 E1 81   JSR &81E1
     8791   20 33 9C   JSR &9C33
     8794   D0 13      BNE &87A9
     8796   A6 B6      LDX &B6
     8798   20 2D 94   JSR &942D
     879B   86 B6      STX &B6
     879D   20 03 88   JSR &8803
     87A0   84 AB      STY &AB
     87A2   20 8C AB   JSR &AB8C
     87A5   A5 AB      LDA &AB
     87A7   85 B6      STA &B6
.wipenext
     87A9   20 8A 82   JSR &828A
     87AC   B0 DB      BCS &8789
     87AE   60         RTS
.CMD_DELETE
     87AF   20 7A 92   JSR &927A
     87B2   20 33 82   JSR &8233
     87B5   20 4A 83   JSR &834A
     87B8   20 20 83   JSR &8320
     87BB   4C 8C AB   JMP &AB8C
.CMD_DESTROY
     87BE   20 E4 9B   JSR &9BE4
     87C1   20 30 82   JSR &8230
.destroyloop1
     87C4   B9 0F A2   LDA &A20F,Y
     87C7   30 06      BMI &87CF
     87C9   20 E1 81   JSR &81E1
     87CC   20 80 83   JSR &8380
.destroylocked1
     87CF   20 8A 82   JSR &828A
     87D2   B0 F0      BCS &87C4
     87D4   20 3B 9C   JSR &9C3B
     87D7   D0 29      BNE &8802
     87D9   20 2D 94   JSR &942D
     87DC   20 83 82   JSR &8283
.destroyloop2
     87DF   B9 0F A2   LDA &A20F,Y
     87E2   30 03      BMI &87E7
     87E4   20 03 88   JSR &8803
.destroylocked2
     87E7   20 8A 82   JSR &828A
     87EA   B0 F3      BCS &87DF
     87EC   20 8C AB   JSR &AB8C
.msgDELETED
     87EF   20 9E 80   JSR &809E
     87F2   44 65 6C ...
     87F9   0D
.Y_add8
     87FA   C8         INY
.Y_add7
     87FB   C8         INY
     87FC   C8         INY
     87FD   C8         INY
     87FE   C8         INY
     87FF   C8         INY
     8800   C8         INY
     8801   C8         INY
.Y_rts
     8802   60         RTS
.DeleteCatEntry_AdjustPtr
     8803   20 20 83   JSR &8320
     8806   A4 B6      LDY &B6
     8808   20 C8 82   JSR &82C8
     880B   84 B6      STY &B6
     880D   60         RTS
.CMD_DRIVE
     880E   20 EC 8B   JSR &8BEC
     8811   8D CA A4   STA &A4CA
     8814   60         RTS
.osfileFF_loadfiletoaddr
     8815   20 3B 82   JSR &823B
     8818   20 5A 93   JSR &935A
     881B   20 9A 83   JSR &839A
.LoadFile_Ycatoffset
     881E   84 BA      STY &BA
     8820   A2 00      LDX #&00
     8822   A5 BE      LDA &BE
     8824   D0 06      BNE &882C
     8826   C8         INY
     8827   C8         INY
     8828   A2 02      LDX #&02
     882A   D0 08      BNE &8834
.loadAtLoadAddr
     882C   B9 0E A3   LDA &A30E,Y
     882F   85 C2      STA &C2
     8831   20 A9 8B   JSR &8BA9
.load_copyfileinfo_loop
     8834   B9 08 A3   LDA &A308,Y
     8837   95 BC      STA &BC,X
     8839   C8         INY
     883A   E8         INX
     883B   E0 08      CPX #&08
     883D   D0 F5      BNE &8834
     883F   20 C3 8B   JSR &8BC3
     8842   A4 BA      LDY &BA
     8844   20 4A 83   JSR &834A
.LoadMemBlockEX
     8847   20 3B AB   JSR &AB3B
.LoadMemBlock
     884A   A9 85      LDA #&85
     884C   D0 0B      BNE &8859
.osfile0_savememblock
     884E   20 8E 8A   JSR &8A8E
     8851   20 5A 93   JSR &935A
     8854   20 9A 83   JSR &839A
.SaveMemBlock
     8857   A9 A5      LDA #&A5
.exec_block_rw
     8859   8D B6 A4   STA &A4B6
     885C   A9 05      LDA #&05
     885E   8D B5 A4   STA &A4B5
     8861   A5 CD      LDA &CD
     8863   8D B0 A4   STA &A4B0
     8866   A2 02      LDX #&02
.loop0
     8868   B5 BB      LDA &BB,X
     886A   9D B0 A4   STA &A4B0,X
     886D   BD 73 A4   LDA &A473,X
     8870   9D B2 A4   STA &A4B2,X
     8873   CA         DEX
     8874   D0 F2      BNE &8868
     8876   A5 C2      LDA &C2
     8878   29 03      AND #&03
     887A   AA         TAX
     887B   A5 C3      LDA &C3
     887D   A0 FF      LDY #&FF
.loop1
     887F   38         SEC
.loop2
     8880   C8         INY
     8881   E9 0A      SBC #&0A
     8883   B0 FB      BCS &8880
     8885   CA         DEX
     8886   10 F7      BPL &887F
     8888   69 0A      ADC #&0A
     888A   8C B7 A4   STY &A4B7
     888D   8D B8 A4   STA &A4B8
     8890   A5 C1      LDA &C1
     8892   8D B9 A4   STA &A4B9
     8895   A5 C2      LDA &C2
     8897   4A         LSR A
     8898   4A         LSR A
     8899   4A         LSR A
     889A   4A         LSR A
     889B   29 03      AND #&03
     889D   8D BA A4   STA &A4BA
     88A0   A5 C0      LDA &C0
     88A2   8D BB A4   STA &A4BB
     88A5   20 DD AB   JSR &ABDD
     88A8   A9 01      LDA #&01
     88AA   60         RTS
.fscv2_4_11_starRUN
     88AB   20 BF 81   JSR &81BF
.NotCmdTable4
.SetWordBA_txtptr
     88AE   A9 FF      LDA #&FF
     88B0   85 BE      STA &BE
     88B2   A5 F2      LDA &F2
     88B4   85 BA      STA &BA
     88B6   A5 F3      LDA &F3
     88B8   85 BB      STA &BB
     88BA   8C DA A4   STY &A4DA
     88BD   20 55 81   JSR &8155
     88C0   8C D9 A4   STY &A4D9
     88C3   20 83 82   JSR &8283
     88C6   B0 21      BCS &88E9
     88C8   AC DA A4   LDY &A4DA
     88CB   AD CB A4   LDA &A4CB
     88CE   85 CC      STA &CC
     88D0   AD CC A4   LDA &A4CC
     88D3   85 CD      STA &CD
     88D5   20 58 81   JSR &8158
     88D8   20 83 82   JSR &8283
     88DB   B0 0C      BCS &88E9
.errBADCOMMAND
     88DD   20 57 80   JSR &8057
     88E0   FE
     88E1   63 6F 6D ...
     88E8   00
.runfile_found
     88E9   B9 0E A3   LDA &A30E,Y
     88EC   20 1B 82   JSR &821B
     88EF   C9 03      CMP #&03
     88F1   D0 42      BNE &8935
     88F3   B9 0A A3   LDA &A30A,Y
     88F6   39 0B A3   AND &A30B,Y
     88F9   C9 FF      CMP #&FF
     88FB   D0 38      BNE &8935
     88FD   A2 06      LDX #&06
.runfile_exec_loop
     88FF   BD 00 A4   LDA &A400,X
     8902   9D 07 A4   STA &A407,X
     8905   CA         DEX
     8906   10 F7      BPL &88FF
     8908   A9 0D      LDA #&0D
     890A   8D 0E A4   STA &A40E
     890D   A9 45      LDA #&45
     890F   8D 00 A4   STA &A400
     8912   A9 3A      LDA #&3A
     8914   8D 02 A4   STA &A402
     8917   A5 CD      LDA &CD
     8919   09 30      ORA #&30
     891B   8D 03 A4   STA &A403
     891E   A9 2E      LDA #&2E
     8920   8D 01 A4   STA &A401
     8923   8D 04 A4   STA &A404
     8926   8D 06 A4   STA &A406
     8929   A5 CC      LDA &CC
     892B   8D 05 A4   STA &A405
     892E   A2 00      LDX #&00
     8930   A0 A4      LDY #&A4
     8932   4C F7 FF   JMP &FFF7
.runfile_run
     8935   20 1E 88   JSR &881E
     8938   18         CLC
     8939   AD D9 A4   LDA &A4D9
     893C   A8         TAY
     893D   65 F2      ADC &F2
     893F   8D D9 A4   STA &A4D9
     8942   A5 F3      LDA &F3
     8944   69 00      ADC #&00
     8946   8D DA A4   STA &A4DA
     8949   AD 76 A4   LDA &A476
     894C   2D 77 A4   AND &A477
     894F   0D D6 A4   ORA &A4D6
     8952   C9 FF      CMP #&FF
     8954   F0 16      BEQ &896C
     8956   A5 BE      LDA &BE
     8958   8D 74 A4   STA &A474
     895B   A5 BF      LDA &BF
     895D   8D 75 A4   STA &A475
     8960   20 66 8C   JSR &8C66
     8963   A2 74      LDX #&74
     8965   A0 A4      LDY #&A4
     8967   A9 04      LDA #&04
     8969   4C 06 04   JMP &0406
.runfile_inhost
     896C   A9 01      LDA #&01
     896E   6C BE 00   JMP (&00BE)
.CMD_DIR
     8971   A2 00      LDX #&00
     8973   F0 02      BEQ &8977
.CMD_LIB
     8975   A2 02      LDX #&02
.setdirlib
     8977   20 83 89   JSR &8983
     897A   9D CA A4   STA &A4CA,X
     897D   A5 CC      LDA &CC
     897F   9D C9 A4   STA &A4C9,X
     8982   60         RTS
.ReadDirDrvParameters
     8983   AD C9 A4   LDA &A4C9
     8986   85 CC      STA &CC
     8988   20 C6 81   JSR &81C6
     898B   D0 05      BNE &8992
     898D   A9 00      LDA #&00
     898F   85 CD      STA &CD
     8991   60         RTS
.ReadDirDrvParameters2
     8992   20 DF 8B   JSR &8BDF
.rdd_loop
     8995   20 AB 81   JSR &81AB
     8998   B0 10      BCS &89AA
     899A   C9 3A      CMP #&3A
     899C   D0 14      BNE &89B2
     899E   20 EF 8B   JSR &8BEF
     89A1   20 AB 81   JSR &81AB
     89A4   B0 13      BCS &89B9
     89A6   C9 2E      CMP #&2E
     89A8   F0 EB      BEQ &8995
.errBADDIRECTORY
     89AA   20 57 80   JSR &8057
     89AD   CE
     89AE   64 69 72 
     89B1   00
.rdd_exit2
     89B2   85 CC      STA &CC
     89B4   20 AB 81   JSR &81AB
     89B7   90 F1      BCC &89AA
.rdd_exit1
     89B9   A5 CD      LDA &CD
     89BB   60         RTS
.CMD_TITLE
     89BC   20 FF 99   JSR &99FF
     89BF   20 82 AB   JSR &AB82
     89C2   A2 0B      LDX #&0B
     89C4   A9 00      LDA #&00
.cmdtit_loop1
     89C6   20 DC 89   JSR &89DC
     89C9   CA         DEX
     89CA   10 FA      BPL &89C6
.cmdtit_loop2
     89CC   E8         INX
     89CD   20 AB 81   JSR &81AB
     89D0   B0 07      BCS &89D9
     89D2   20 DC 89   JSR &89DC
     89D5   E0 0B      CPX #&0B
     89D7   90 F3      BCC &89CC
.cmdtit_savecat
     89D9   4C 8C AB   JMP &AB8C
.SetDiskTitleChr_Xpos
     89DC   E0 08      CPX #&08
     89DE   90 04      BCC &89E4
     89E0   9D F8 A2   STA &A2F8,X
     89E3   60         RTS
.setdisttit_page
     89E4   9D 00 A2   STA &A200,X
     89E7   60         RTS
.CMD_ACCESS
     89E8   20 83 92   JSR &9283
     89EB   20 FF 99   JSR &99FF
     89EE   20 4F 81   JSR &814F
     89F1   A2 00      LDX #&00
     89F3   20 C6 81   JSR &81C6
     89F6   D0 1F      BNE &8A17
.cmdac_flag
     89F8   86 AA      STX &AA
     89FA   20 3E 82   JSR &823E
.cmdac_filefound
     89FD   20 3B 93   JSR &933B
     8A00   B9 0F A2   LDA &A20F,Y
     8A03   29 7F      AND #&7F
     8A05   05 AA      ORA &AA
     8A07   99 0F A2   STA &A20F,Y
     8A0A   20 4A 83   JSR &834A
     8A0D   20 8A 82   JSR &828A
     8A10   B0 EB      BCS &89FD
.jmp_savecattodisk
     8A12   4C 8C AB   JMP &AB8C
.cmdac_paramloop
     8A15   A2 80      LDX #&80
.cmdac_getparam
     8A17   20 AB 81   JSR &81AB
     8A1A   B0 DC      BCS &89F8
     8A1C   29 5F      AND #&5F
     8A1E   C9 4C      CMP #&4C
     8A20   F0 F3      BEQ &8A15
.errBADATTRIBUTE
     8A22   20 57 80   JSR &8057
     8A25   CF
     8A26   61 74 74 ...
     8A2F   00
.fscv0_starOPT
     8A30   20 F9 83   JSR &83F9
     8A33   8A         TXA
     8A34   C9 04      CMP #&04
     8A36   F0 1E      BEQ &8A56
     8A38   C9 05      CMP #&05
     8A3A   F0 34      BEQ &8A70
     8A3C   C9 02      CMP #&02
     8A3E   90 0B      BCC &8A4B
.errBADOPTION
     8A40   20 57 80   JSR &8057
     8A43   CB
     8A44   6F 70 74 ...
     8A4A   00
.opts0_1
     8A4B   A2 FF      LDX #&FF
     8A4D   98         TYA
     8A4E   F0 02      BEQ &8A52
     8A50   A2 00      LDX #&00
.opts0_1_Y0
     8A52   8E C6 A4   STX &A4C6
     8A55   60         RTS
.SetBootOption_Yoption
     8A56   98         TYA
     8A57   48         PHA
     8A58   20 DA 8B   JSR &8BDA
     8A5B   20 88 AB   JSR &AB88
     8A5E   68         PLA
     8A5F   20 2B 82   JSR &822B
     8A62   4D 06 A3   EOR &A306
     8A65   29 30      AND #&30
     8A67   4D 06 A3   EOR &A306
     8A6A   8D 06 A3   STA &A306
     8A6D   4C 8C AB   JMP &AB8C
.DiskTrapOption
     8A70   98         TYA
     8A71   08         PHP
     8A72   A5 F4      LDA &F4
     8A74   29 7F      AND #&7F
     8A76   AA         TAX
     8A77   BD F0 0D   LDA &0DF0,X
     8A7A   29 BF      AND #&BF
     8A7C   28         PLP
     8A7D   F0 02      BEQ &8A81
     8A7F   09 40      ORA #&40
.skip
     8A81   9D F0 0D   STA &0DF0,X
     8A84   60         RTS
.errDISKFULL
     8A85   20 4C 80   JSR &804C
     8A88   C6
     8A89   66 75 6C ...
     8A8D   00
.CreateFile_FSP
     8A8E   20 55 81   JSR &8155
     8A91   20 83 82   JSR &8283
     8A94   90 03      BCC &8A99
     8A96   20 20 83   JSR &8320
.createfile_nodel
     8A99   A5 C0      LDA &C0
     8A9B   48         PHA
     8A9C   A5 C1      LDA &C1
     8A9E   48         PHA
     8A9F   38         SEC
     8AA0   A5 C2      LDA &C2
     8AA2   E5 C0      SBC &C0
     8AA4   85 C0      STA &C0
     8AA6   A5 C3      LDA &C3
     8AA8   E5 C1      SBC &C1
     8AAA   85 C1      STA &C1
     8AAC   AD 7A A4   LDA &A47A
     8AAF   ED 78 A4   SBC &A478
     8AB2   20 E3 8A   JSR &8AE3
     8AB5   AD 79 A4   LDA &A479
     8AB8   8D 75 A4   STA &A475
     8ABB   AD 78 A4   LDA &A478
     8ABE   8D 74 A4   STA &A474
     8AC1   68         PLA
     8AC2   85 BD      STA &BD
     8AC4   68         PLA
     8AC5   85 BC      STA &BC
     8AC7   60         RTS
.CreateFile_3
     8AC8   85 CD      STA &CD
     8ACA   A5 CC      LDA &CC
     8ACC   48         PHA
     8ACD   20 85 AB   JSR &AB85
     8AD0   20 8E 82   JSR &828E
     8AD3   90 03      BCC &8AD8
     8AD5   20 20 83   JSR &8320
.cd_writedest_cat_nodel
     8AD8   68         PLA
     8AD9   85 CC      STA &CC
     8ADB   20 C0 8B   JSR &8BC0
     8ADE   A5 C2      LDA &C2
     8AE0   20 1D 82   JSR &821D
.CreateFile_2
     8AE3   85 C4      STA &C4
     8AE5   A9 00      LDA #&00
     8AE7   85 C2      STA &C2
     8AE9   A9 02      LDA #&02
     8AEB   85 C3      STA &C3
     8AED   AC 05 A3   LDY &A305
     8AF0   C0 F8      CPY #&F8
     8AF2   90 31      BCC &8B25
.errCATALOGUEFULL
     8AF4   20 61 80   JSR &8061
     8AF7   BE
     8AF8   43 61 74 ...
     8B00   00
.cfile_loop
     8B01   F0 82      BEQ &8A85
     8B03   20 C8 82   JSR &82C8
     8B06   B9 0E A3   LDA &A30E,Y
     8B09   20 1D 82   JSR &821D
     8B0C   85 C2      STA &C2
     8B0E   18         CLC
     8B0F   A9 FF      LDA #&FF
     8B11   79 0C A3   ADC &A30C,Y
     8B14   B9 0F A3   LDA &A30F,Y
     8B17   79 0D A3   ADC &A30D,Y
     8B1A   85 C3      STA &C3
     8B1C   B9 0E A3   LDA &A30E,Y
     8B1F   29 03      AND #&03
     8B21   65 C2      ADC &C2
     8B23   85 C2      STA &C2
.Getfirstblock_Yoffset
     8B25   38         SEC
     8B26   B9 07 A3   LDA &A307,Y
     8B29   E5 C3      SBC &C3
     8B2B   48         PHA
     8B2C   B9 06 A3   LDA &A306,Y
     8B2F   29 03      AND #&03
     8B31   E5 C2      SBC &C2
     8B33   AA         TAX
     8B34   A9 00      LDA #&00
     8B36   C5 C0      CMP &C0
     8B38   68         PLA
     8B39   E5 C1      SBC &C1
     8B3B   8A         TXA
     8B3C   E5 C4      SBC &C4
     8B3E   98         TYA
     8B3F   90 C0      BCC &8B01
     8B41   84 B0      STY &B0
     8B43   AC 05 A3   LDY &A305
.cfile_insertfileloop
     8B46   C4 B0      CPY &B0
     8B48   F0 0F      BEQ &8B59
     8B4A   B9 07 A2   LDA &A207,Y
     8B4D   99 0F A2   STA &A20F,Y
     8B50   B9 07 A3   LDA &A307,Y
     8B53   99 0F A3   STA &A30F,Y
     8B56   88         DEY
     8B57   B0 ED      BCS &8B46
.cfile_atcatentry
     8B59   AD 76 A4   LDA &A476
     8B5C   29 03      AND #&03
     8B5E   0A         ASL A
     8B5F   0A         ASL A
     8B60   45 C4      EOR &C4
     8B62   29 FC      AND #&FC
     8B64   45 C4      EOR &C4
     8B66   0A         ASL A
     8B67   0A         ASL A
     8B68   4D 74 A4   EOR &A474
     8B6B   29 FC      AND #&FC
     8B6D   4D 74 A4   EOR &A474
     8B70   0A         ASL A
     8B71   0A         ASL A
     8B72   45 C2      EOR &C2
     8B74   29 FC      AND #&FC
     8B76   45 C2      EOR &C2
     8B78   85 C2      STA &C2
     8B7A   A2 00      LDX #&00
     8B7C   98         TYA
     8B7D   48         PHA
.cfile_copyfnloop
     8B7E   B5 C5      LDA &C5,X
     8B80   99 08 A2   STA &A208,Y
     8B83   B5 BC      LDA &BC,X
     8B85   99 08 A3   STA &A308,Y
     8B88   C8         INY
     8B89   E8         INX
     8B8A   E0 08      CPX #&08
     8B8C   D0 F0      BNE &8B7E
     8B8E   68         PLA
     8B8F   A8         TAY
     8B90   48         PHA
     8B91   20 4A 83   JSR &834A
     8B94   AC 05 A3   LDY &A305
     8B97   20 FA 87   JSR &87FA
     8B9A   8C 05 A3   STY &A305
     8B9D   20 8C AB   JSR &AB8C
     8BA0   68         PLA
     8BA1   A8         TAY
     8BA2   60         RTS
.CMD_ENABLE
     8BA3   A9 01      LDA #&01
     8BA5   8D C7 A4   STA &A4C7
     8BA8   60         RTS
.LoadAddrHi2
     8BA9   A9 00      LDA #&00
     8BAB   8D 75 A4   STA &A475
     8BAE   A5 C2      LDA &C2
     8BB0   29 08      AND #&08
     8BB2   8D 74 A4   STA &A474
     8BB5   F0 08      BEQ &8BBF
.SetLoadAddrToHost
     8BB7   A9 FF      LDA #&FF
     8BB9   8D 75 A4   STA &A475
     8BBC   8D 74 A4   STA &A474
.ldadd_nothost
     8BBF   60         RTS
.LoadandEexeAddrHi2
     8BC0   20 A9 8B   JSR &8BA9
.ExecAddrHi2
     8BC3   A9 00      LDA #&00
     8BC5   8D 77 A4   STA &A477
     8BC8   A5 C2      LDA &C2
     8BCA   20 1B 82   JSR &821B
     8BCD   C9 03      CMP #&03
     8BCF   D0 05      BNE &8BD6
     8BD1   A9 FF      LDA #&FF
     8BD3   8D 77 A4   STA &A477
.exadd_nothost
     8BD6   8D 76 A4   STA &A476
     8BD9   60         RTS
.Set_CurDirDrv_ToDefaults
     8BDA   AD C9 A4   LDA &A4C9
     8BDD   85 CC      STA &CC
.Set_CurDrv_ToDefault
     8BDF   AD CA A4   LDA &A4CA
.SetCurrentDrive_Adrive
     8BE2   29 03      AND #&03
.SetCurrentDrive_Adrive_noand
     8BE4   85 CD      STA &CD
     8BE6   60         RTS
.Param_OptionalDriveNo
     8BE7   20 C6 81   JSR &81C6
     8BEA   F0 F3      BEQ &8BDF
.Param_DriveNo_Syntax
     8BEC   20 FF 99   JSR &99FF
.Param_DriveNo_BadDrive
     8BEF   20 AB 81   JSR &81AB
     8BF2   B0 0B      BCS &8BFF
     8BF4   C9 3A      CMP #&3A
     8BF6   F0 F7      BEQ &8BEF
     8BF8   38         SEC
     8BF9   E9 30      SBC #&30
     8BFB   C9 04      CMP #&04
     8BFD   90 E5      BCC &8BE4
.errBADDRIVE
     8BFF   20 57 80   JSR &8057
     8C02   CD
     8C03   64 72 69 ...
     8C08   00
.CMD_RENAME
     8C09   20 7A 92   JSR &927A
     8C0C   20 FF 99   JSR &99FF
     8C0F   20 4F 81   JSR &814F
     8C12   98         TYA
     8C13   48         PHA
     8C14   20 3E 82   JSR &823E
     8C17   20 38 93   JSR &9338
     8C1A   84 C4      STY &C4
     8C1C   68         PLA
     8C1D   A8         TAY
     8C1E   20 FF 99   JSR &99FF
     8C21   A5 CD      LDA &CD
     8C23   48         PHA
     8C24   20 4F 81   JSR &814F
     8C27   68         PLA
     8C28   C5 CD      CMP &CD
     8C2A   D0 14      BNE &8C40
     8C2C   20 83 82   JSR &8283
     8C2F   90 12      BCC &8C43
     8C31   C4 C4      CPY &C4
     8C33   F0 0E      BEQ &8C43
.errFILEEXISTS
     8C35   20 61 80   JSR &8061
     8C38   C4
     8C39   45 78 69 ...
     8C3F   00
.jmpBADDRIVE
     8C40   4C FF 8B   JMP &8BFF
.rname_ok
     8C43   A4 C4      LDY &C4
     8C45   20 FA 87   JSR &87FA
     8C48   A2 07      LDX #&07
.rname_loop
     8C4A   B5 C5      LDA &C5,X
     8C4C   99 07 A2   STA &A207,Y
     8C4F   88         DEY
     8C50   CA         DEX
     8C51   10 F7      BPL &8C4A
     8C53   4C 8C AB   JMP &AB8C
.TUBE_CheckIfPresent
     8C56   A9 EA      LDA #&EA
     8C58   A2 00      LDX #&00
     8C5A   A0 FF      LDY #&FF
     8C5C   20 F4 FF   JSR &FFF4
     8C5F   8A         TXA
     8C60   49 FF      EOR #&FF
     8C62   8D D6 A4   STA &A4D6
     8C65   60         RTS
.TUBE_CLAIM
     8C66   48         PHA
.tclaim_loop
     8C67   A9 CA      LDA #&CA
     8C69   20 06 04   JSR &0406
     8C6C   90 F9      BCC &8C67
     8C6E   68         PLA
     8C6F   60         RTS
.TUBE_RELEASE
     8C70   20 56 8C   JSR &8C56
     8C73   30 07      BMI &8C7C
.TUBE_RELEASE_NoCheck
     8C75   48         PHA
     8C76   A9 8A      LDA #&8A
     8C78   20 06 04   JSR &0406
     8C7B   68         PLA
.trelease_exit
     8C7C   60         RTS
.CheckESCAPE
     8C7D   24 FF      BIT &FF
     8C7F   10 1F      BPL &8CA0
.ReportESCAPE
     8C81   A9 7E      LDA #&7E
     8C83   20 F4 FF   JSR &FFF4
     8C86   20 71 80   JSR &8071
     8C89   11
     8C8A   45 73 63 ...
     8C90   00
.PrintHex100
     8C91   48         PHA
     8C92   20 25 82   JSR &8225
     8C95   20 99 8C   JSR &8C99
     8C98   68         PLA
.PrintNib100
     8C99   20 2A 81   JSR &812A
     8C9C   9D 00 01   STA &0100,X
     8C9F   E8         INX
.noesc
     8CA0   60         RTS
.BootOptions
     8CA1   4C 2E 21 ...
     8CA8   0D
     8CA9   45 2E 21 ...
     8CB0   0D
.AUTOBOOT
     8CB1   A5 B3      LDA &B3
     8CB3   20 9E 80   JSR &809E
Macro BOOT_NAME:
Macro BASE_NAME:
     8CB6   4D 6F 64 ...
Macro SYSTEM_NAME:
     8CBF   4D 4D 46 ...
End macro SYSTEM_NAME
     8CC4   20 31 32 ...
End macro BASE_NAME
Macro DEVICE_NAME:
     8CC8   20 50 69 ...
End macro DEVICE_NAME
Macro DFS_EMUL_NAME:
End macro DFS_EMUL_NAME
     8CCF   0D
     8CD0   0D
End macro BOOT_NAME
     8CD1   90 0F      BCC &8CE2
.CMD_DISC
     8CD3   A5 F4      LDA &F4
     8CD5   29 7F      AND #&7F
     8CD7   AA         TAX
     8CD8   BD F0 0D   LDA &0DF0,X
     8CDB   29 40      AND #&40
     8CDD   F0 01      BEQ &8CE0
     8CDF   60         RTS
.CMD_CARD
     8CE0   A9 FF      LDA #&FF
.initMMFS
     8CE2   20 15 96   JSR &9615
     8CE5   48         PHA
     8CE6   A9 06      LDA #&06
     8CE8   20 37 80   JSR &8037
     8CEB   A2 0D      LDX #&0D
.vectloop
     8CED   BD 82 93   LDA &9382,X
     8CF0   9D 12 02   STA &0212,X
     8CF3   CA         DEX
     8CF4   10 F7      BPL &8CED
     8CF6   A9 A8      LDA #&A8
     8CF8   20 7B 93   JSR &937B
     8CFB   84 B1      STY &B1
     8CFD   86 B0      STX &B0
     8CFF   A2 07      LDX #&07
     8D01   A0 1B      LDY #&1B
.extendedvec_loop
     8D03   B9 75 93   LDA &9375,Y
     8D06   91 B0      STA (&B0),Y
     8D08   C8         INY
     8D09   B9 75 93   LDA &9375,Y
     8D0C   91 B0      STA (&B0),Y
     8D0E   C8         INY
     8D0F   A5 F4      LDA &F4
     8D11   09 80      ORA #&80
     8D13   91 B0      STA (&B0),Y
     8D15   C8         INY
     8D16   CA         DEX
     8D17   D0 EA      BNE &8D03
     8D19   8C 82 A4   STY &A482
     8D1C   8C 83 A4   STY &A483
     8D1F   86 CD      STX &CD
     8D21   8E AF A4   STX &A4AF
     8D24   A2 0F      LDX #&0F
     8D26   A9 8F      LDA #&8F
     8D28   20 F4 FF   JSR &FFF4
     8D2B   AD D3 A4   LDA &A4D3
     8D2E   30 2F      BMI &8D5F
     8D30   A9 FF      LDA #&FF
     8D32   8D D3 A4   STA &A4D3
.setdefaults
     8D35   A9 20      LDA #&20
     8D37   8D C0 A5   STA &A5C0
     8D3A   8D D0 A5   STA &A5D0
     8D3D   A9 24      LDA #&24
     8D3F   8D C9 A4   STA &A4C9
     8D42   8D CB A4   STA &A4CB
     8D45   A9 00      LDA #&00
     8D47   8D CC A4   STA &A4CC
     8D4A   A0 00      LDY #&00
     8D4C   8C CA A4   STY &A4CA
     8D4F   8C C0 A4   STY &A4C0
     8D52   88         DEY
     8D53   8C C7 A4   STY &A4C7
     8D56   8C C6 A4   STY &A4C6
     8D59   8C DD A4   STY &A4DD
     8D5C   20 93 8D   JSR &8D93
.initdfs_noreset
     8D5F   20 56 8C   JSR &8C56
     8D62   A9 FD      LDA #&FD
     8D64   20 7B 93   JSR &937B
     8D67   E0 00      CPX #&00
     8D69   F0 06      BEQ &8D71
     8D6B   20 DA AF   JSR &AFDA
     8D6E   20 C0 B5   JSR &B5C0
.skipautoload
     8D71   68         PLA
     8D72   D0 0B      BNE &8D7F
     8D74   20 88 AB   JSR &AB88
     8D77   AD 06 A3   LDA &A306
     8D7A   20 25 82   JSR &8225
     8D7D   D0 01      BNE &8D80
.initdfs_exit
     8D7F   60         RTS
.notOPT0
     8D80   A0 8C      LDY #&8C
     8D82   A2 A1      LDX #&A1
     8D84   C9 02      CMP #&02
     8D86   90 08      BCC &8D90
     8D88   F0 04      BEQ &8D8E
     8D8A   A2 A9      LDX #&A9
     8D8C   D0 02      BNE &8D90
.oscliOPT2
     8D8E   A2 AB      LDX #&AB
.jmpOSCLI
     8D90   4C F7 FF   JMP &FFF7
.VIDRESET
     8D93   A0 0F      LDY #&0F
     8D95   A9 00      LDA #&00
.loop
     8D97   99 E0 A4   STA &A4E0,Y
     8D9A   88         DEY
     8D9B   10 FA      BPL &8D97
     8D9D   A9 01      LDA #&01
     8D9F   8D F0 A4   STA &A4F0
     8DA2   60         RTS
.MMFS_SERVICECALLS
     8DA3   20 CE A3   JSR &A3CE
     8DA6   48         PHA
     8DA7   A5 F4      LDA &F4
     8DA9   29 7F      AND #&7F
     8DAB   AA         TAX
     8DAC   BD F0 0D   LDA &0DF0,X
     8DAF   30 23      BMI &8DD4
.lbl1
     8DB1   68         PLA
     8DB2   C9 12      CMP #&12
     8DB4   F0 36      BEQ &8DEC
     8DB6   C9 0B      CMP #&0B
     8DB8   B0 19      BCS &8DD3
.label4
     8DBA   0A         ASL A
     8DBB   AA         TAX
     8DBC   BD D7 8D   LDA &8DD7,X
     8DBF   48         PHA
     8DC0   BD D6 8D   LDA &8DD6,X
     8DC3   48         PHA
     8DC4   8A         TXA
     8DC5   48         PHA
     8DC6   A5 F4      LDA &F4
     8DC8   29 7F      AND #&7F
     8DCA   AA         TAX
     8DCB   68         PLA
     8DCC   4A         LSR A
     8DCD   C9 0B      CMP #&0B
     8DCF   90 02      BCC &8DD3
     8DD1   69 15      ADC #&15
.label3
.SERVICE_NULL
     8DD3   60         RTS
.romdisabled
     8DD4   68         PLA
     8DD5   60         RTS
.data
     8DD6   D2 8D
     8DD8   D2 8D
     8DDA   FE 8D
     8DDC   1E 8E
     8DDE   40 8E
     8DE0   D2 8D
     8DE2   D2 8D
     8DE4   D2 8D
     8DE6   55 8E
     8DE8   BC 8E
     8DEA   D2 8D
.SERVICE12_init_filesystem
Macro BP12K_NEST:
     8DEC   20 52 BD   JSR &BD52
     8DEF   20 F5 8D   JSR &8DF5
     8DF2   4C 60 BD   JMP &BD60
.nested
End macro BP12K_NEST
     8DF5   C0 04      CPY #&04
     8DF7   D0 DA      BNE &8DD3
     8DF9   20 F9 83   JSR &83F9
     8DFC   4C E0 8C   JMP &8CE0
.SERVICE02_claim_privworkspace
     8DFF   98         TYA
     8E00   48         PHA
     8E01   20 0E BD   JSR &BD0E
     8E04   A9 FD      LDA #&FD
     8E06   20 7B 93   JSR &937B
     8E09   CA         DEX
     8E0A   30 09      BMI &8E15
     8E0C   20 52 BD   JSR &BD52
     8E0F   8E D3 A4   STX &A4D3
     8E12   20 60 BD   JSR &BD60
.skipOnSoftReset
     8E15   A5 F4      LDA &F4
     8E17   29 7F      AND #&7F
     8E19   AA         TAX
     8E1A   68         PLA
     8E1B   A8         TAY
     8E1C   A9 02      LDA #&02
.srv3_exit
     8E1E   60         RTS
.SERVICE03_autoboot
Macro BP12K_NEST:
     8E1F   20 52 BD   JSR &BD52
     8E22   20 28 8E   JSR &8E28
     8E25   4C 60 BD   JMP &BD60
.nested
End macro BP12K_NEST
     8E28   20 F9 83   JSR &83F9
     8E2B   84 B3      STY &B3
     8E2D   A9 7A      LDA #&7A
     8E2F   20 F4 FF   JSR &FFF4
     8E32   8A         TXA
     8E33   30 09      BMI &8E3E
     8E35   C9 65      CMP #&65
     8E37   D0 E5      BNE &8E1E
     8E39   A9 78      LDA #&78
     8E3B   20 F4 FF   JSR &FFF4
.jmpAUTOBOOT
     8E3E   4C B1 8C   JMP &8CB1
.SERVICE04_unrec_command
Macro BP12K_NEST:
     8E41   20 52 BD   JSR &BD52
     8E44   20 4A 8E   JSR &8E4A
     8E47   4C 60 BD   JMP &BD60
.nested
End macro BP12K_NEST
     8E4A   20 F9 83   JSR &83F9
     8E4D   A2 92      LDX #&92
.jmpunreccmd
     8E4F   4C 32 87   JMP &8732
.NotCmdTable22
     8E52   A2 76      LDX #&76
     8E54   D0 F9      BNE &8E4F
.SERVICE08_unrec_OSWORD
Macro BP12K_NEST:
     8E56   20 52 BD   JSR &BD52
     8E59   20 5F 8E   JSR &8E5F
     8E5C   4C 60 BD   JMP &BD60
.nested
End macro BP12K_NEST
     8E5F   20 F9 83   JSR &83F9
     8E62   A4 EF      LDY &EF
     8E64   30 2F      BMI &8E95
     8E66   C0 7D      CPY #&7D
     8E68   90 2B      BCC &8E95
     8E6A   AD 13 02   LDA &0213
     8E6D   C9 FF      CMP #&FF
     8E6F   D0 24      BNE &8E95
     8E71   AD 12 02   LDA &0212
     8E74   C9 1B      CMP #&1B
     8E76   D0 1D      BNE &8E95
     8E78   AD BC 0D   LDA &0DBC
     8E7B   C5 F4      CMP &F4
     8E7D   D0 16      BNE &8E95
     8E7F   20 15 96   JSR &9615
     8E82   A6 F0      LDX &F0
     8E84   86 B0      STX &B0
     8E86   A6 F1      LDX &F1
     8E88   86 B1      STX &B1
     8E8A   A4 EF      LDY &EF
     8E8C   C8         INY
     8E8D   10 07      BPL &8E96
     8E8F   08         PHP
     8E90   58         CLI
     8E91   20 2C B9   JSR &B92C
     8E94   28         PLP
.notMMFS
.exit
     8E95   60         RTS
.notOSWORD7F
     8E96   20 82 AB   JSR &AB82
     8E99   C8         INY
     8E9A   30 08      BMI &8EA4
     8E9C   A0 00      LDY #&00
     8E9E   AD 04 A3   LDA &A304
     8EA1   91 B0      STA (&B0),Y
     8EA3   60         RTS
.OSWORD7E
     8EA4   A9 00      LDA #&00
     8EA6   A8         TAY
     8EA7   91 B0      STA (&B0),Y
     8EA9   C8         INY
     8EAA   AD 07 A3   LDA &A307
     8EAD   91 B0      STA (&B0),Y
     8EAF   C8         INY
     8EB0   AD 06 A3   LDA &A306
     8EB3   29 03      AND #&03
     8EB5   91 B0      STA (&B0),Y
     8EB7   C8         INY
     8EB8   A9 00      LDA #&00
     8EBA   91 B0      STA (&B0),Y
     8EBC   60         RTS
.SERVICE09_help
     8EBD   20 F9 83   JSR &83F9
     8EC0   B1 F2      LDA (&F2),Y
     8EC2   A2 A8      LDX #&A8
     8EC4   C9 0D      CMP #&0D
     8EC6   D0 87      BNE &8E4F
     8EC8   98         TYA
     8EC9   A0 03      LDY #&03
     8ECB   4C AA 99   JMP &99AA
.FILEV_ENTRY
     8ECE   20 22 84   JSR &8422
     8ED1   48         PHA
     8ED2   20 7A 92   JSR &927A
     8ED5   86 B0      STX &B0
     8ED7   8E DB A4   STX &A4DB
     8EDA   84 B1      STY &B1
     8EDC   8C DC A4   STY &A4DC
     8EDF   A2 00      LDX #&00
     8EE1   A0 00      LDY #&00
     8EE3   20 45 81   JSR &8145
.filev_copyparams_loop
     8EE6   20 35 81   JSR &8135
     8EE9   C0 12      CPY #&12
     8EEB   D0 F9      BNE &8EE6
     8EED   68         PLA
     8EEE   AA         TAX
     8EEF   E8         INX
     8EF0   E0 08      CPX #&08
     8EF2   B0 08      BCS &8EFC
     8EF4   BD C5 93   LDA &93C5,X
     8EF7   48         PHA
     8EF8   BD BD 93   LDA &93BD,X
     8EFB   48         PHA
.filev_unknownop
     8EFC   A9 00      LDA #&00
     8EFE   60         RTS
.FSCV_ENTRY
     8EFF   C9 0C      CMP #&0C
     8F01   B0 F9      BCS &8EFC
     8F03   86 B5      STX &B5
     8F05   AA         TAX
     8F06   BD B1 93   LDA &93B1,X
     8F09   48         PHA
     8F0A   BD A5 93   LDA &93A5,X
     8F0D   48         PHA
     8F0E   8A         TXA
     8F0F   A6 B5      LDX &B5
     8F11   60         RTS
.GBPBV_ENTRY
     8F12   C9 09      CMP #&09
     8F14   B0 1D      BCS &8F33
     8F16   20 F9 83   JSR &83F9
     8F19   20 15 96   JSR &9615
     8F1C   8E 7D A4   STX &A47D
     8F1F   8C 7E A4   STY &A47E
     8F22   A8         TAY
     8F23   4C D4 90   JMP &90D4
.upgbpb
     8F26   20 34 8F   JSR &8F34
     8F29   08         PHP
     8F2A   2C 81 A4   BIT &A481
     8F2D   10 03      BPL &8F32
     8F2F   20 75 8C   JSR &8C75
.gbpb_nottube
     8F32   28         PLP
.gbpbv_unrecop
     8F33   60         RTS
.gbpb_gosub
     8F34   B9 CD 93   LDA &93CD,Y
     8F37   8D D7 A4   STA &A4D7
     8F3A   B9 D6 93   LDA &93D6,Y
     8F3D   8D D8 A4   STA &A4D8
     8F40   B9 DF 93   LDA &93DF,Y
     8F43   4A         LSR A
     8F44   08         PHP
     8F45   4A         LSR A
     8F46   08         PHP
     8F47   8D 7F A4   STA &A47F
     8F4A   A0 0C      LDY #&0C
.gbpb_ctlblk_loop
     8F4C   B1 B4      LDA (&B4),Y
     8F4E   99 60 A4   STA &A460,Y
     8F51   88         DEY
     8F52   10 F8      BPL &8F4C
     8F54   AD 63 A4   LDA &A463
     8F57   2D 64 A4   AND &A464
     8F5A   0D D6 A4   ORA &A4D6
     8F5D   18         CLC
     8F5E   69 01      ADC #&01
     8F60   F0 06      BEQ &8F68
     8F62   20 66 8C   JSR &8C66
     8F65   18         CLC
     8F66   A9 FF      LDA #&FF
.gbpb_nottube1
     8F68   8D 81 A4   STA &A481
     8F6B   AD 7F A4   LDA &A47F
     8F6E   B0 07      BCS &8F77
     8F70   A2 61      LDX #&61
     8F72   A0 A4      LDY #&A4
     8F74   20 06 04   JSR &0406
.gbpb_nottube2
     8F77   28         PLP
     8F78   B0 04      BCS &8F7E
     8F7A   28         PLP
.gbpb_jmpsub
     8F7B   6C D7 A4   JMP (&A4D7)
.gbpb_rw_seqptr
     8F7E   A2 03      LDX #&03
.gbpb_seqptr_loop1
     8F80   BD 69 A4   LDA &A469,X
     8F83   95 B6      STA &B6,X
     8F85   CA         DEX
     8F86   10 F8      BPL &8F80
     8F88   A2 B6      LDX #&B6
     8F8A   AC 60 A4   LDY &A460
     8F8D   A9 00      LDA #&00
     8F8F   28         PLP
     8F90   B0 03      BCS &8F95
     8F92   20 FB 98   JSR &98FB
.gpbp_dontwriteseqptr
     8F95   20 60 96   JSR &9660
     8F98   A2 03      LDX #&03
.gbpb_seqptr_loop2
     8F9A   B5 B6      LDA &B6,X
     8F9C   9D 69 A4   STA &A469,X
     8F9F   CA         DEX
     8FA0   10 F8      BPL &8F9A
.gbpb_rwdata
     8FA2   20 72 90   JSR &9072
     8FA5   30 0D      BMI &8FB4
.gbpb_data_loop
     8FA7   AC 60 A4   LDY &A460
     8FAA   20 7B 8F   JSR &8F7B
     8FAD   B0 0D      BCS &8FBC
     8FAF   A2 09      LDX #&09
     8FB1   20 AD 90   JSR &90AD
.gbpb_data_loopin
     8FB4   A2 05      LDX #&05
     8FB6   20 AD 90   JSR &90AD
     8FB9   D0 EC      BNE &8FA7
     8FBB   18         CLC
.gbpb_data_loopout
     8FBC   08         PHP
     8FBD   20 72 90   JSR &9072
     8FC0   A2 05      LDX #&05
     8FC2   20 AD 90   JSR &90AD
     8FC5   20 80 90   JSR &9080
     8FC8   A0 0C      LDY #&0C
.gbpb_restorectlblk_loop
     8FCA   B9 60 A4   LDA &A460,Y
     8FCD   91 B4      STA (&B4),Y
     8FCF   88         DEY
     8FD0   10 F8      BPL &8FCA
     8FD2   28         PLP
     8FD3   60         RTS
.gbpb8_rdfilescurdir
     8FD4   20 77 AB   JSR &AB77
     8FD7   A9 E3      LDA #&E3
     8FD9   8D D7 A4   STA &A4D7
     8FDC   A9 8F      LDA #&8F
     8FDE   8D D8 A4   STA &A4D8
     8FE1   D0 BF      BNE &8FA2
.gbpb8_getbyte
     8FE3   AC 69 A4   LDY &A469
.gbpb8_loop
     8FE6   CC 05 A3   CPY &A305
     8FE9   B0 28      BCS &9013
     8FEB   B9 0F A2   LDA &A20F,Y
     8FEE   20 3C 83   JSR &833C
     8FF1   45 CC      EOR &CC
     8FF3   B0 02      BCS &8FF7
     8FF5   29 DF      AND #&DF
.gbpb8_notalpha
     8FF7   29 7F      AND #&7F
     8FF9   F0 05      BEQ &9000
     8FFB   20 FA 87   JSR &87FA
     8FFE   D0 E6      BNE &8FE6
.gbpb8_filefound
     9000   A9 07      LDA #&07
     9002   20 99 90   JSR &9099
     9005   85 B0      STA &B0
.gbpb8_copyfn_loop
     9007   B9 08 A2   LDA &A208,Y
     900A   20 99 90   JSR &9099
     900D   C8         INY
     900E   C6 B0      DEC &B0
     9010   D0 F5      BNE &9007
     9012   18         CLC
.gbpb8_endofcat
     9013   8C 69 A4   STY &A469
     9016   AD 04 A3   LDA &A304
     9019   8D 60 A4   STA &A460
     901C   60         RTS
.gbpb5_getmediatitle
     901D   20 77 AB   JSR &AB77
     9020   A9 0C      LDA #&0C
     9022   20 99 90   JSR &9099
     9025   A0 00      LDY #&00
.gbpb5_titleloop
     9027   C0 08      CPY #&08
     9029   B0 05      BCS &9030
     902B   B9 00 A2   LDA &A200,Y
     902E   90 03      BCC &9033
.gbpb5_titlehi
     9030   B9 F8 A2   LDA &A2F8,Y
.gbpb5_titlelo
     9033   20 99 90   JSR &9099
     9036   C8         INY
     9037   C0 0C      CPY #&0C
     9039   D0 EC      BNE &9027
     903B   AD 06 A3   LDA &A306
     903E   20 25 82   JSR &8225
     9041   20 99 90   JSR &9099
     9044   A5 CD      LDA &CD
     9046   4C 99 90   JMP &9099
.gbpb6_rdcurdirdevice
     9049   20 90 90   JSR &9090
     904C   AD CA A4   LDA &A4CA
     904F   20 8B 90   JSR &908B
     9052   AD C9 A4   LDA &A4C9
     9055   D0 42      BNE &9099
.gbpb7_rdcurlibdevice
     9057   20 90 90   JSR &9090
     905A   AD CC A4   LDA &A4CC
     905D   20 8B 90   JSR &908B
     9060   AD CB A4   LDA &A4CB
     9063   D0 34      BNE &9099
.gpbp_B8memptr
     9065   AE 61 A4   LDX &A461
     9068   86 B8      STX &B8
     906A   AE 62 A4   LDX &A462
     906D   86 B9      STX &B9
     906F   A2 00      LDX #&00
     9071   60         RTS
.gbpb_bytesxferinvert
     9072   A2 03      LDX #&03
.gbpb_bytesxferinvert_loop
     9074   A9 FF      LDA #&FF
     9076   5D 65 A4   EOR &A465,X
     9079   9D 65 A4   STA &A465,X
     907C   CA         DEX
     907D   10 F5      BPL &9074
     907F   60         RTS
.gbpb_wordB4_word107D
     9080   AD 7D A4   LDA &A47D
     9083   85 B4      STA &B4
     9085   AD 7E A4   LDA &A47E
     9088   85 B5      STA &B5
     908A   60         RTS
.gbpb_gb_SAVEBYTE_and_gbpb_SAVE_01
     908B   09 30      ORA #&30
     908D   20 99 90   JSR &9099
.gbpb_SAVE_01
     9090   A9 01      LDA #&01
     9092   D0 05      BNE &9099
.gbpb_getbyteSAVEBYTE
     9094   20 6E 97   JSR &976E
     9097   B0 1F      BCS &90B8
.gbpb_gb_SAVEBYTE
     9099   2C 81 A4   BIT &A481
     909C   10 05      BPL &90A3
     909E   8D E5 FE   STA &FEE5
     90A1   30 05      BMI &90A8
.gBpb_gb_fromhost
     90A3   20 65 90   JSR &9065
     90A6   81 B8      STA (&B8,X)
.gbpb_incDataPtr
     90A8   20 F9 83   JSR &83F9
     90AB   A2 01      LDX #&01
.gbpb_incdblword1060X
     90AD   A0 04      LDY #&04
.gbpb_incdblword_loop
     90AF   FE 60 A4   INC &A460,X
     90B2   D0 04      BNE &90B8
     90B4   E8         INX
     90B5   88         DEY
     90B6   D0 F7      BNE &90AF
.gbpb_incdblworkd_exit
     90B8   60         RTS
.gbpb_putbytes
     90B9   20 C1 90   JSR &90C1
     90BC   20 2B 98   JSR &982B
     90BF   18         CLC
     90C0   60         RTS
.gpbp_pb_LOADBYTE
     90C1   2C 81 A4   BIT &A481
     90C4   10 06      BPL &90CC
     90C6   AD E5 FE   LDA &FEE5
     90C9   4C A8 90   JMP &90A8
.gbpb_pb_fromhost
     90CC   20 65 90   JSR &9065
     90CF   A1 B8      LDA (&B8,X)
     90D1   4C A8 90   JMP &90A8
.fastgb
     90D4   20 80 90   JSR &9080
     90D7   B9 DF 93   LDA &93DF,Y
     90DA   29 03      AND #&03
     90DC   4A         LSR A
     90DD   F0 4A      BEQ &9129
     90DF   8C 6D A4   STY &A46D
     90E2   A0 0C      LDY #&0C
.copyl0
     90E4   B1 B4      LDA (&B4),Y
     90E6   99 60 A4   STA &A460,Y
     90E9   88         DEY
     90EA   10 F8      BPL &90E4
     90EC   A8         TAY
     90ED   A2 03      LDX #&03
.initl
     90EF   BD 65 A4   LDA &A465,X
     90F2   9D 6E A4   STA &A46E,X
     90F5   CA         DEX
     90F6   10 F7      BPL &90EF
     90F8   AD 69 A4   LDA &A469
     90FB   90 09      BCC &9106
     90FD   98         TYA
     90FE   20 2A 82   JSR &822A
     9101   A8         TAY
     9102   B9 10 A5   LDA &A510,Y
     9105   18         CLC
.dcptr
     9106   49 FF      EOR #&FF
     9108   69 01      ADC #&01
     910A   A0 FC      LDY #&FC
.hdrext
     910C   99 69 A3   STA &A369,Y
     910F   A9 00      LDA #&00
     9111   C8         INY
     9112   D0 F8      BNE &910C
     9114   20 42 92   JSR &9242
     9117   90 02      BCC &911B
     9119   D0 46      BNE &9161
.trailr
     911B   20 58 92   JSR &9258
.drain
     911E   A9 60      LDA #&60
     9120   85 B4      STA &B4
     9122   A9 A4      LDA #&A4
     9124   85 B5      STA &B5
     9126   AC 6D A4   LDY &A46D
.chain
     9129   4C 26 8F   JMP &8F26
.morfst
     912C   AD 71 A4   LDA &A471
     912F   20 51 92   JSR &9251
     9132   D0 32      BNE &9166
     9134   8D 66 A4   STA &A466
     9137   8D 67 A4   STA &A467
     913A   AD 6E A4   LDA &A46E
     913D   D0 DC      BNE &911B
     913F   18         CLC
.fgbfin
     9140   08         PHP
     9141   20 58 92   JSR &9258
     9144   28         PLP
     9145   20 80 90   JSR &9080
     9148   A0 0C      LDY #&0C
.retnl
     914A   B9 60 A4   LDA &A460,Y
     914D   91 B4      STA (&B4),Y
     914F   88         DEY
     9150   10 F8      BPL &914A
     9152   60         RTS
.setmax
     9153   8D 67 A4   STA &A467
     9156   0D 66 A4   ORA &A466
     9159   D0 4B      BNE &91A6
.throw
     915B   A0 FD      LDY #&FD
     915D   A9 01      LDA #&01
     915F   D0 AB      BNE &910C
.align
     9161   20 1E 91   JSR &911E
     9164   B0 DA      BCS &9140
.dofast
     9166   AE 71 A4   LDX &A471
     9169   F0 02      BEQ &916D
     916B   A2 FF      LDX #&FF
.sclamp
     916D   8A         TXA
     916E   0D 70 A4   ORA &A470
     9171   8D 67 A4   STA &A467
     9174   8A         TXA
     9175   0D 6F A4   ORA &A46F
     9178   AA         TAX
     9179   AD C2 A4   LDA &A4C2
     917C   38         SEC
     917D   6D 6D A4   ADC &A46D
     9180   49 04      EOR #&04
     9182   29 E4      AND #&E4
     9184   A8         TAY
     9185   B9 15 A5   LDA &A515,Y
     9188   38         SEC
     9189   ED 6A A4   SBC &A46A
     918C   8D 66 A4   STA &A466
     918F   B9 16 A5   LDA &A516,Y
     9192   ED 6B A4   SBC &A46B
     9195   90 C4      BCC &915B
     9197   CD 67 A4   CMP &A467
     919A   90 B7      BCC &9153
     919C   D0 05      BNE &91A3
     919E   EC 66 A4   CPX &A466
     91A1   B0 B0      BCS &9153
.sectr0
     91A3   8E 66 A4   STX &A466
.sectr1
     91A6   AC C2 A4   LDY &A4C2
     91A9   20 05 94   JSR &9405
     91AC   20 C9 97   JSR &97C9
     91AF   A9 3F      LDA #&3F
     91B1   99 1D A5   STA &A51D,Y
     91B4   20 C1 97   JSR &97C1
     91B7   AD 61 A4   LDA &A461
     91BA   85 BC      STA &BC
     91BC   AD 62 A4   LDA &A462
     91BF   85 BD      STA &BD
     91C1   AD 63 A4   LDA &A463
     91C4   8D 74 A4   STA &A474
     91C7   AD 64 A4   LDA &A464
     91CA   8D 75 A4   STA &A475
     91CD   B9 0F A5   LDA &A50F,Y
     91D0   18         CLC
     91D1   6D 6A A4   ADC &A46A
     91D4   85 C3      STA &C3
     91D6   B9 0D A5   LDA &A50D,Y
     91D9   6D 6B A4   ADC &A46B
     91DC   29 03      AND #&03
     91DE   85 C2      STA &C2
     91E0   A9 00      LDA #&00
     91E2   85 C0      STA &C0
     91E4   AD 66 A4   LDA &A466
     91E7   85 C1      STA &C1
     91E9   AD 67 A4   LDA &A467
     91EC   20 2B 82   JSR &822B
     91EF   05 C2      ORA &C2
     91F1   85 C2      STA &C2
     91F3   AD 6D A4   LDA &A46D
     91F6   EE DD A4   INC &A4DD
     91F9   20 68 92   JSR &9268
     91FC   CE DD A4   DEC &A4DD
     91FF   20 42 92   JSR &9242
     9202   AC 66 A4   LDY &A466
     9205   98         TYA
     9206   18         CLC
     9207   6D 62 A4   ADC &A462
     920A   8D 62 A4   STA &A462
     920D   AE 67 A4   LDX &A467
     9210   8A         TXA
     9211   6D 63 A4   ADC &A463
     9214   8D 63 A4   STA &A463
     9217   90 03      BCC &921C
     9219   EE 64 A4   INC &A464
.updp
     921C   98         TYA
     921D   AC C2 A4   LDY &A4C2
     9220   18         CLC
     9221   79 11 A5   ADC &A511,Y
     9224   99 11 A5   STA &A511,Y
     9227   8D 6A A4   STA &A46A
     922A   8A         TXA
     922B   79 12 A5   ADC &A512,Y
     922E   99 12 A5   STA &A512,Y
     9231   8D 6B A4   STA &A46B
     9234   98         TYA
     9235   20 6E 99   JSR &996E
     9238   90 05      BCC &923F
     923A   F0 03      BEQ &923F
     923C   20 D9 98   JSR &98D9
.doneit
     923F   4C 2C 91   JMP &912C
.subwk
     9242   38         SEC
     9243   A2 FC      LDX #&FC
.subwkl
     9245   BD 72 A3   LDA &A372,X
     9248   FD 69 A3   SBC &A369,X
     924B   9D 72 A3   STA &A372,X
     924E   E8         INX
     924F   D0 F4      BNE &9245
.testl
     9251   0D 70 A4   ORA &A470
     9254   0D 6F A4   ORA &A46F
     9257   60         RTS
.addtol
     9258   18         CLC
     9259   A2 FC      LDX #&FC
.addl
     925B   BD 72 A3   LDA &A372,X
     925E   7D 69 A3   ADC &A369,X
     9261   9D 69 A3   STA &A369,X
     9264   E8         INX
     9265   D0 F4      BNE &925B
     9267   60         RTS
.docmd
     9268   C9 03      CMP #&03
     926A   90 03      BCC &926F
.dordcmd
     926C   4C 4A 88   JMP &884A
.dowrcmd
     926F   4C 57 88   JMP &8857
.fscv_osabouttoproccmd
     9272   2C C7 A4   BIT &A4C7
     9275   30 03      BMI &927A
     9277   CE C7 A4   DEC &A4C7
.parameter_fsp
     927A   A9 FF      LDA #&FF
     927C   8D CE A4   STA &A4CE
.param_out
     927F   8D CD A4   STA &A4CD
     9282   60         RTS
.parameter_afsp
     9283   A9 2A      LDA #&2A
     9285   8D CE A4   STA &A4CE
     9288   A9 23      LDA #&23
     928A   D0 F3      BNE &927F
.osfile5_rdcatinfo
     928C   20 46 93   JSR &9346
     928F   20 9A 83   JSR &839A
     9292   A9 01      LDA #&01
     9294   60         RTS
.osfile6_delfile
     9295   20 23 93   JSR &9323
     9298   20 9A 83   JSR &839A
     929B   20 20 83   JSR &8320
     929E   4C C5 92   JMP &92C5
.osfile1_updatecat
     92A1   20 46 93   JSR &9346
     92A4   20 CB 92   JSR &92CB
     92A7   20 E7 92   JSR &92E7
     92AA   50 16      BVC &92C2
.osfile3_wrexecaddr
     92AC   20 46 93   JSR &9346
     92AF   20 E7 92   JSR &92E7
     92B2   50 11      BVC &92C5
.osfile2_wrloadaddr
     92B4   20 46 93   JSR &9346
     92B7   20 CB 92   JSR &92CB
     92BA   50 09      BVC &92C5
.osfile4_wrattribs
     92BC   20 46 93   JSR &9346
     92BF   20 3B 93   JSR &933B
.osfile_updatelocksavecat
     92C2   20 0A 93   JSR &930A
.osfile_savecat_retA_1
     92C5   20 8C AB   JSR &AB8C
     92C8   A9 01      LDA #&01
     92CA   60         RTS
.osfile_update_loadaddr_Xoffset
     92CB   20 F9 83   JSR &83F9
     92CE   A0 02      LDY #&02
     92D0   B1 B0      LDA (&B0),Y
     92D2   9D 08 A3   STA &A308,X
     92D5   C8         INY
     92D6   B1 B0      LDA (&B0),Y
     92D8   9D 09 A3   STA &A309,X
     92DB   C8         INY
     92DC   B1 B0      LDA (&B0),Y
     92DE   0A         ASL A
     92DF   0A         ASL A
     92E0   5D 0E A3   EOR &A30E,X
     92E3   29 0C      AND #&0C
     92E5   10 1B      BPL &9302
.osfile_update_execaddr_Xoffset
     92E7   20 F9 83   JSR &83F9
     92EA   A0 06      LDY #&06
     92EC   B1 B0      LDA (&B0),Y
     92EE   9D 0A A3   STA &A30A,X
     92F1   C8         INY
     92F2   B1 B0      LDA (&B0),Y
     92F4   9D 0B A3   STA &A30B,X
     92F7   C8         INY
     92F8   B1 B0      LDA (&B0),Y
     92FA   6A         ROR A
     92FB   6A         ROR A
     92FC   6A         ROR A
     92FD   5D 0E A3   EOR &A30E,X
     9300   29 C0      AND #&C0
.osfile_savemixedbyte
     9302   5D 0E A3   EOR &A30E,X
     9305   9D 0E A3   STA &A30E,X
     9308   B8         CLV
     9309   60         RTS
.osfile_updatelock
     930A   20 F9 83   JSR &83F9
     930D   A0 0E      LDY #&0E
     930F   B1 B0      LDA (&B0),Y
     9311   29 0A      AND #&0A
     9313   F0 02      BEQ &9317
     9315   A9 80      LDA #&80
.osfile_notlocked
     9317   5D 0F A2   EOR &A20F,X
     931A   29 80      AND #&80
     931C   5D 0F A2   EOR &A20F,X
     931F   9D 0F A2   STA &A20F,X
     9322   60         RTS
.CheckFileNotLocked
     9323   20 50 93   JSR &9350
     9326   90 23      BCC &934B
.CheckFileNotLockedY
     9328   B9 0F A2   LDA &A20F,Y
     932B   10 22      BPL &934F
.errFILELOCKED
     932D   20 61 80   JSR &8061
     9330   C3
     9331   4C 6F 63 ...
     9337   00
.CheckFileNotLockedOrOpenY
     9338   20 28 93   JSR &9328
.CheckFileNotOpenY
     933B   20 F9 83   JSR &83F9
     933E   20 AA 95   JSR &95AA
     9341   90 21      BCC &9364
     9343   4C 0E 95   JMP &950E
.CheckFileExists
     9346   20 50 93   JSR &9350
     9349   B0 19      BCS &9364
.ExitCallingSubroutine
     934B   68         PLA
     934C   68         PLA
     934D   A9 00      LDA #&00
.chklock_exit
     934F   60         RTS
.read_fspBA_findcatentry
     9350   20 55 81   JSR &8155
     9353   20 83 82   JSR &8283
     9356   90 0C      BCC &9364
     9358   98         TYA
     9359   AA         TAX
.SetParamBlockPointerB0
     935A   AD DB A4   LDA &A4DB
     935D   85 B0      STA &B0
     935F   AD DC A4   LDA &A4DC
     9362   85 B1      STA &B1
.checkexit
     9364   60         RTS
.CalcRAM
     9365   A9 83      LDA #&83
     9367   20 F4 FF   JSR &FFF4
     936A   8C CF A4   STY &A4CF
     936D   A9 84      LDA #&84
     936F   20 F4 FF   JSR &FFF4
     9372   98         TYA
     9373   38         SEC
     9374   ED CF A4   SBC &A4CF
     9377   8D D0 A4   STA &A4D0
     937A   60         RTS
.osbyte_X0YFF
     937B   A2 00      LDX #&00
.osbyte_YFF
     937D   A0 FF      LDY #&FF
     937F   4C F4 FF   JMP &FFF4
.vectors_table
     9382   1B FF
     9384   1E FF
     9386   21 FF
     9388   24 FF
     938A   27 FF
     938C   2A FF
     938E   2D FF
.extendedvectors_table
     9390   CE 8E
     9392   00         BRK
     9393   22 96
     9395   00         BRK
     9396   6E 97
     9398   00         BRK
     9399   2B 98
     939B   00         BRK
     939C   12 8F
     939E   00         BRK
     939F   47 94
     93A1   00         BRK
     93A2   FF 8E
     93A4   00         BRK
.fscv_table1
     93A5   2F
     93A6   3A
     93A7   AA
     93A8   2C
     93A9   AA
     93AA   72
     93AB   EC
     93AC   E7
     93AD   71
     93AE   50
     93AF   6F
     93B0   AA
.fscv_table2
     93B1   8A
     93B2   97
     93B3   88
     93B4   87
     93B5   88
     93B6   84
     93B7   93
     93B8   93
     93B9   92
     93BA   82
     93BB   82
     93BC   88
.finv_tablelo
     93BD   14
     93BE   4D
     93BF   A0
     93C0   B3
     93C1   AB
     93C2   BB
     93C3   8B
     93C4   94
.finv_tablehi
     93C5   88
     93C6   88
     93C7   92
     93C8   92
     93C9   92
     93CA   92
     93CB   92
     93CC   92
.gbpbv_table1
     93CD   D0
     93CE   B9
     93CF   B9
     93D0   94
     93D1   94
     93D2   1D
     93D3   49
     93D4   57
     93D5   D4
.gbpbv_table2
     93D6   82
     93D7   90
     93D8   90
     93D9   90
     93DA   90
     93DB   90
     93DC   90
     93DD   90
     93DE   8F
.gbpbv_table3
     93DF   04
     93E0   02
     93E1   03
     93E2   06
     93E3   07
     93E4   04
     93E5   04
     93E6   04
     93E7   04
.fscv7_hndlrange
     93E8   A2 11      LDX #&11
     93EA   A0 15      LDY #&15
.closeallfiles_exit
     93EC   60         RTS
.fscv6_shutdownfilesys
     93ED   20 F9 83   JSR &83F9
.CloseSPOOLEXECfiles
     93F0   A9 77      LDA #&77
     93F2   4C F4 FF   JMP &FFF4
.CMD_CLOSE
.CloseAllFiles_Osbyte77
     93F5   20 F0 93   JSR &93F0
.CloseAllFiles
     93F8   A9 00      LDA #&00
.closeallfiles_loop
     93FA   18         CLC
     93FB   69 20      ADC #&20
     93FD   F0 ED      BEQ &93EC
     93FF   A8         TAY
     9400   20 54 94   JSR &9454
     9403   D0 F5      BNE &93FA
.Channel_SetDirDrv_GetCatEntry_Yintch
     9405   20 20 94   JSR &9420
.Channel_GetCatEntry_Yintch
     9408   A2 06      LDX #&06
.chnl_getcatloop
     940A   B9 0C A5   LDA &A50C,Y
     940D   95 C5      STA &C5,X
     940F   88         DEY
     9410   88         DEY
     9411   CA         DEX
     9412   10 F6      BPL &940A
     9414   20 8E 82   JSR &828E
     9417   90 22      BCC &943B
     9419   8C C3 A4   STY &A4C3
     941C   AC C2 A4   LDY &A4C2
.chkdskchangexit
     941F   60         RTS
.Channel_SetDirDrive_Yintch
     9420   B9 0E A5   LDA &A50E,Y
     9423   29 7F      AND #&7F
     9425   85 CC      STA &CC
     9427   B9 17 A5   LDA &A517,Y
     942A   4C E2 8B   JMP &8BE2
.CheckForDiskChange
     942D   20 F9 83   JSR &83F9
     9430   AD 04 A3   LDA &A304
     9433   20 85 AB   JSR &AB85
     9436   CD 04 A3   CMP &A304
     9439   F0 E4      BEQ &941F
.errDISKCHANGED
     943B   20 4C 80   JSR &804C
     943E   C8
     943F   63 68 61 ...
     9446   00
.FINDV_ENTRY
     9447   29 C0      AND #&C0
     9449   D0 59      BNE &94A4
     944B   20 F9 83   JSR &83F9
.CloseFiles_Yhandle
     944E   98         TYA
     944F   F0 A4      BEQ &93F5
     9451   20 4F 97   JSR &974F
.CloseFile_Yintch
     9454   48         PHA
     9455   20 DA 96   JSR &96DA
     9458   B0 45      BCS &949F
     945A   B9 1B A5   LDA &A51B,Y
     945D   49 FF      EOR #&FF
     945F   2D C0 A4   AND &A4C0
     9462   8D C0 A4   STA &A4C0
     9465   B9 17 A5   LDA &A517,Y
     9468   29 60      AND #&60
     946A   F0 33      BEQ &949F
     946C   20 05 94   JSR &9405
     946F   B9 17 A5   LDA &A517,Y
     9472   29 20      AND #&20
     9474   F0 26      BEQ &949C
     9476   AE C3 A4   LDX &A4C3
     9479   B9 14 A5   LDA &A514,Y
     947C   9D 0C A3   STA &A30C,X
     947F   B9 15 A5   LDA &A515,Y
     9482   9D 0D A3   STA &A30D,X
     9485   B9 16 A5   LDA &A516,Y
     9488   20 2B 82   JSR &822B
     948B   5D 0E A3   EOR &A30E,X
     948E   29 30      AND #&30
     9490   5D 0E A3   EOR &A30E,X
     9493   9D 0E A3   STA &A30E,X
     9496   20 8C AB   JSR &AB8C
     9499   AC C2 A4   LDY &A4C2
.closefile_buftodisk
     949C   20 C9 97   JSR &97C9
.closefile_exit
     949F   AE C5 A4   LDX &A4C5
     94A2   68         PLA
     94A3   60         RTS
.findvnot0_openfile
     94A4   20 22 84   JSR &8422
     94A7   86 BA      STX &BA
     94A9   84 BB      STY &BB
     94AB   85 B4      STA &B4
     94AD   24 B4      BIT &B4
     94AF   08         PHP
     94B0   20 55 81   JSR &8155
     94B3   20 7A 92   JSR &927A
     94B6   20 83 82   JSR &8283
     94B9   B0 22      BCS &94DD
     94BB   A9 00      LDA #&00
     94BD   28         PLP
     94BE   50 01      BVC &94C1
     94C0   60         RTS
.findv_createfile
     94C1   08         PHP
     94C2   A2 07      LDX #&07
.findv_loop1
     94C4   95 BC      STA &BC,X
     94C6   9D 74 A4   STA &A474,X
     94C9   CA         DEX
     94CA   10 F8      BPL &94C4
     94CC   C6 BE      DEC &BE
     94CE   C6 BF      DEC &BF
     94D0   CE 76 A4   DEC &A476
     94D3   CE 77 A4   DEC &A477
     94D6   A9 40      LDA #&40
     94D8   85 C3      STA &C3
     94DA   20 8E 8A   JSR &8A8E
.findv_filefound
     94DD   28         PLP
     94DE   08         PHP
     94DF   70 03      BVS &94E4
     94E1   20 28 93   JSR &9328
.findv_readorupdate
     94E4   20 AA 95   JSR &95AA
     94E7   90 0E      BCC &94F7
.findv_loop2
     94E9   B9 0C A5   LDA &A50C,Y
     94EC   10 20      BPL &950E
     94EE   28         PLP
     94EF   08         PHP
     94F0   30 1C      BMI &950E
     94F2   20 A5 95   JSR &95A5
     94F5   B0 F2      BCS &94E9
.findv_openchannel
     94F7   AC C2 A4   LDY &A4C2
     94FA   D0 1B      BNE &9517
.errTOOMANYFILESOPEN
     94FC   20 61 80   JSR &8061
     94FF   C0
     9500   54 6F 6F ...
     950D   00
.errFILEOPEN
     950E   20 61 80   JSR &8061
     9511   C2
     9512   4F 70 65 ...
     9516   00
.SetupChannelInfoBlock_Yintch
     9517   A9 08      LDA #&08
     9519   8D C4 A4   STA &A4C4
.chnlblock_loop1
     951C   BD 08 A2   LDA &A208,X
     951F   99 00 A5   STA &A500,Y
     9522   C8         INY
     9523   BD 08 A3   LDA &A308,X
     9526   99 00 A5   STA &A500,Y
     9529   C8         INY
     952A   E8         INX
     952B   CE C4 A4   DEC &A4C4
     952E   D0 EC      BNE &951C
     9530   A2 10      LDX #&10
     9532   A9 00      LDA #&00
.chnlblock_loop2
     9534   99 00 A5   STA &A500,Y
     9537   C8         INY
     9538   CA         DEX
     9539   D0 F9      BNE &9534
     953B   AD C2 A4   LDA &A4C2
     953E   A8         TAY
     953F   20 24 82   JSR &8224
     9542   69 A5      ADC #&A5
     9544   99 13 A5   STA &A513,Y
     9547   AD C1 A4   LDA &A4C1
     954A   99 1B A5   STA &A51B,Y
     954D   0D C0 A4   ORA &A4C0
     9550   8D C0 A4   STA &A4C0
     9553   B9 09 A5   LDA &A509,Y
     9556   69 FF      ADC #&FF
     9558   B9 0B A5   LDA &A50B,Y
     955B   69 00      ADC #&00
     955D   99 19 A5   STA &A519,Y
     9560   B9 0D A5   LDA &A50D,Y
     9563   09 0F      ORA #&0F
     9565   69 00      ADC #&00
     9567   20 1D 82   JSR &821D
     956A   99 1A A5   STA &A51A,Y
     956D   28         PLP
     956E   50 2E      BVC &959E
     9570   30 08      BMI &957A
     9572   A9 80      LDA #&80
     9574   19 0C A5   ORA &A50C,Y
     9577   99 0C A5   STA &A50C,Y
.chnlblock_setEXT
     957A   B9 09 A5   LDA &A509,Y
     957D   99 14 A5   STA &A514,Y
     9580   B9 0B A5   LDA &A50B,Y
     9583   99 15 A5   STA &A515,Y
     9586   B9 0D A5   LDA &A50D,Y
     9589   20 1D 82   JSR &821D
     958C   99 16 A5   STA &A516,Y
.chnlblock_cont
     958F   A5 CD      LDA &CD
     9591   19 17 A5   ORA &A517,Y
     9594   99 17 A5   STA &A517,Y
     9597   98         TYA
     9598   20 24 82   JSR &8224
     959B   09 10      ORA #&10
     959D   60         RTS
.chnlblock_setBit5
     959E   A9 20      LDA #&20
     95A0   99 17 A5   STA &A517,Y
     95A3   D0 EA      BNE &958F
.IsFileOpenContinue
     95A5   8A         TXA
     95A6   48         PHA
     95A7   4C E9 95   JMP &95E9
.IsFileOpen_Yoffset
     95AA   A9 00      LDA #&00
     95AC   8D C2 A4   STA &A4C2
     95AF   A9 08      LDA #&08
     95B1   85 B5      STA &B5
     95B3   98         TYA
     95B4   AA         TAX
     95B5   A0 A0      LDY #&A0
.fop_main_loop
     95B7   84 B3      STY &B3
     95B9   8A         TXA
     95BA   48         PHA
     95BB   A9 08      LDA #&08
     95BD   85 B2      STA &B2
     95BF   A5 B5      LDA &B5
     95C1   2C C0 A4   BIT &A4C0
     95C4   F0 1D      BEQ &95E3
     95C6   B9 17 A5   LDA &A517,Y
     95C9   45 CD      EOR &CD
     95CB   29 03      AND #&03
     95CD   D0 1A      BNE &95E9
.fop_cmpfn_loop
     95CF   BD 08 A2   LDA &A208,X
     95D2   59 00 A5   EOR &A500,Y
     95D5   29 7F      AND #&7F
     95D7   D0 10      BNE &95E9
     95D9   E8         INX
     95DA   C8         INY
     95DB   C8         INY
     95DC   C6 B2      DEC &B2
     95DE   D0 EF      BNE &95CF
     95E0   38         SEC
     95E1   B0 10      BCS &95F3
.fop_channelnotopen
     95E3   8C C2 A4   STY &A4C2
     95E6   8D C1 A4   STA &A4C1
.fop_nothisfile
     95E9   38         SEC
     95EA   A5 B3      LDA &B3
     95EC   E9 20      SBC #&20
     95EE   85 B3      STA &B3
     95F0   06 B5      ASL &B5
     95F2   18         CLC
.fop_matchifCset
     95F3   68         PLA
     95F4   AA         TAX
     95F5   A4 B3      LDY &B3
     95F7   A5 B5      LDA &B5
     95F9   B0 02      BCS &95FD
     95FB   D0 BA      BNE &95B7
.fop_exit
     95FD   60         RTS
.ChannelBufferToDisk_Yhandle_A0
     95FE   20 15 96   JSR &9615
.ChannelBufferToDisk_Yhandle
     9601   AD C0 A4   LDA &A4C0
     9604   48         PHA
     9605   98         TYA
     9606   D0 05      BNE &960D
     9608   20 F8 93   JSR &93F8
     960B   F0 03      BEQ &9610
.chbuf1
     960D   20 4E 94   JSR &944E
.chbuf2
     9610   68         PLA
     9611   8D C0 A4   STA &A4C0
     9614   60         RTS
.ReturnWithA0
     9615   48         PHA
     9616   8A         TXA
     9617   48         PHA
     9618   A9 00      LDA #&00
     961A   BA         TSX
     961B   9D 09 01   STA &0109,X
     961E   68         PLA
     961F   AA         TAX
     9620   68         PLA
     9621   60         RTS
.ARGSV_ENTRY
     9622   20 F9 83   JSR &83F9
     9625   C9 FF      CMP #&FF
     9627   F0 D5      BEQ &95FE
     9629   C0 00      CPY #&00
     962B   F0 12      BEQ &963F
     962D   C9 04      CMP #&04
     962F   B0 27      BCS &9658
     9631   20 15 96   JSR &9615
     9634   C9 03      CMP #&03
     9636   F0 47      BEQ &967F
     9638   C9 01      CMP #&01
     963A   D0 24      BNE &9660
     963C   4C FB 98   JMP &98FB
.argsv_Y0
     963F   C9 02      CMP #&02
     9641   B0 15      BCS &9658
     9643   20 15 96   JSR &9615
     9646   F0 11      BEQ &9659
     9648   A9 FF      LDA #&FF
     964A   95 02      STA &02,X
     964C   95 03      STA &03,X
     964E   AD D9 A4   LDA &A4D9
     9651   95 00      STA &00,X
     9653   AD DA A4   LDA &A4DA
     9656   95 01      STA &01,X
.argsv_exit
     9658   60         RTS
.argsv_filesysnumber
     9659   A9 04      LDA #&04
     965B   BA         TSX
     965C   9D 05 01   STA &0105,X
     965F   60         RTS
.argsv_rdseqptr_or_filelen
     9660   20 4F 97   JSR &974F
     9663   8C C2 A4   STY &A4C2
     9666   0A         ASL A
     9667   6D C2 A4   ADC &A4C2
     966A   A8         TAY
     966B   B9 10 A5   LDA &A510,Y
     966E   95 00      STA &00,X
     9670   B9 11 A5   LDA &A511,Y
     9673   95 01      STA &01,X
     9675   B9 12 A5   LDA &A512,Y
     9678   95 02      STA &02,X
     967A   A9 00      LDA #&00
     967C   95 03      STA &03,X
     967E   60         RTS
.argsv3
     967F   20 4F 97   JSR &974F
     9682   20 EB 98   JSR &98EB
     9685   B0 1E      BCS &96A5
     9687   B9 10 A5   LDA &A510,Y
     968A   48         PHA
     968B   B9 11 A5   LDA &A511,Y
     968E   48         PHA
     968F   B9 12 A5   LDA &A512,Y
     9692   48         PHA
     9693   20 06 99   JSR &9906
     9696   68         PLA
     9697   99 12 A5   STA &A512,Y
     969A   68         PLA
     969B   99 11 A5   STA &A511,Y
     969E   68         PLA
     969F   99 10 A5   STA &A510,Y
     96A2   20 44 99   JSR &9944
.truncate
     96A5   B9 0C A5   LDA &A50C,Y
     96A8   30 2A      BMI &96D4
     96AA   19 0E A5   ORA &A50E,Y
     96AD   30 28      BMI &96D7
     96AF   A9 20      LDA #&20
     96B1   20 BA 97   JSR &97BA
     96B4   B5 00      LDA &00,X
     96B6   99 14 A5   STA &A514,Y
     96B9   B5 01      LDA &01,X
     96BB   99 15 A5   STA &A515,Y
     96BE   B5 02      LDA &02,X
     96C0   99 16 A5   STA &A516,Y
     96C3   8A         TXA
     96C4   48         PHA
     96C5   20 6D 99   JSR &996D
     96C8   68         PLA
     96C9   AA         TAX
     96CA   90 03      BCC &96CF
     96CC   20 35 99   JSR &9935
.dontchangeptr
     96CF   A9 EF      LDA #&EF
     96D1   4C C1 97   JMP &97C1
.filereadonly
     96D4   4C 17 98   JMP &9817
.filelocked
     96D7   4C 2D 93   JMP &932D
.IsHndlinUse_Yintch
     96DA   48         PHA
     96DB   8E C5 A4   STX &A4C5
     96DE   98         TYA
     96DF   29 E0      AND #&E0
     96E1   8D C2 A4   STA &A4C2
     96E4   F0 13      BEQ &96F9
     96E6   20 24 82   JSR &8224
     96E9   A8         TAY
     96EA   A9 00      LDA #&00
     96EC   38         SEC
.hndlinsue_loop
     96ED   6A         ROR A
     96EE   88         DEY
     96EF   D0 FC      BNE &96ED
     96F1   AC C2 A4   LDY &A4C2
     96F4   2C C0 A4   BIT &A4C0
     96F7   D0 01      BNE &96FA
.hndlinuse_notused_C1
     96F9   38         SEC
.hndlinuse_used_C0
     96FA   68         PLA
     96FB   60         RTS
.conv_Yhndl_intch_exYintch
     96FC   48         PHA
     96FD   98         TYA
.conv_hndl_X_entry
     96FE   C9 10      CMP #&10
     9700   90 04      BCC &9706
     9702   C9 18      CMP #&18
     9704   90 02      BCC &9708
.conv_hndl10
     9706   A9 08      LDA #&08
.conv_hndl18
     9708   20 2A 82   JSR &822A
     970B   A8         TAY
     970C   68         PLA
     970D   60         RTS
.ClearEXECSPOOLFileHandle
     970E   A9 C6      LDA #&C6
     9710   20 7B 93   JSR &937B
     9713   8A         TXA
     9714   F0 09      BEQ &971F
     9716   20 32 97   JSR &9732
     9719   D0 04      BNE &971F
     971B   A9 C6      LDA #&C6
     971D   D0 0C      BNE &972B
.ClearSpoolhandle
     971F   A9 C7      LDA #&C7
     9721   20 7B 93   JSR &937B
     9724   20 32 97   JSR &9732
     9727   D0 11      BNE &973A
     9729   A9 C7      LDA #&C7
.osbyte_X0Y0
     972B   A2 00      LDX #&00
     972D   A0 00      LDY #&00
     972F   4C F4 FF   JMP &FFF4
.ConvertXhndl_exYintch
     9732   8A         TXA
     9733   A8         TAY
     9734   20 FC 96   JSR &96FC
     9737   CC C2 A4   CPY &A4C2
.clrsplhndl_exit
     973A   60         RTS
.fscv1_EOF_Yhndl
     973B   48         PHA
     973C   98         TYA
     973D   48         PHA
     973E   8A         TXA
     973F   A8         TAY
     9740   20 6A 99   JSR &996A
     9743   D0 04      BNE &9749
     9745   A2 FF      LDX #&FF
     9747   D0 02      BNE &974B
.eof_NOTEND
     9749   A2 00      LDX #&00
.eof_exit
     974B   68         PLA
     974C   A8         TAY
     974D   68         PLA
.checkchannel_okexit
     974E   60         RTS
.CheckChannel_Yhndl_exYintch
     974F   20 FC 96   JSR &96FC
     9752   20 DA 96   JSR &96DA
     9755   90 F7      BCC &974E
     9757   20 0E 97   JSR &970E
.errCHANNEL
     975A   20 61 80   JSR &8061
     975D   DE
     975E   43 68 61 ...
     9765   00
.errEOF
     9766   20 61 80   JSR &8061
     9769   DF
     976A   45 4F 46 
     976D   00
.BGETV_ENTRY
     976E   20 22 84   JSR &8422
     9771   20 6A 99   JSR &996A
     9774   D0 13      BNE &9789
     9776   B9 17 A5   LDA &A517,Y
     9779   29 10      AND #&10
     977B   D0 E9      BNE &9766
     977D   A9 10      LDA #&10
     977F   20 BA 97   JSR &97BA
     9782   AE C5 A4   LDX &A4C5
     9785   A9 FE      LDA #&FE
     9787   38         SEC
     9788   60         RTS
.bg_notEOF
     9789   B9 17 A5   LDA &A517,Y
     978C   30 0A      BMI &9798
     978E   20 20 94   JSR &9420
     9791   20 C9 97   JSR &97C9
     9794   38         SEC
     9795   20 D1 97   JSR &97D1
.bg_samesector1
     9798   20 86 99   JSR &9986
     979B   A1 BA      LDA (&BA,X)
     979D   18         CLC
     979E   60         RTS
.CalcBufferSectorForPTR
     979F   18         CLC
     97A0   B9 0F A5   LDA &A50F,Y
     97A3   79 11 A5   ADC &A511,Y
     97A6   85 C3      STA &C3
     97A8   99 1C A5   STA &A51C,Y
     97AB   B9 0D A5   LDA &A50D,Y
     97AE   29 03      AND #&03
     97B0   79 12 A5   ADC &A512,Y
     97B3   85 C2      STA &C2
     97B5   99 1D A5   STA &A51D,Y
.ChannelFlags_SetBit7
     97B8   A9 80      LDA #&80
.ChannelFlags_SetBits
     97BA   19 17 A5   ORA &A517,Y
     97BD   D0 05      BNE &97C4
.ChannelFlags_ClearBit7
     97BF   A9 7F      LDA #&7F
.ChannelFlags_ClearBits
     97C1   39 17 A5   AND &A517,Y
.chnflg_save
     97C4   99 17 A5   STA &A517,Y
     97C7   18         CLC
     97C8   60         RTS
.ChannelBufferToDisk_Yintch
     97C9   B9 17 A5   LDA &A517,Y
     97CC   29 40      AND #&40
     97CE   F0 43      BEQ &9813
     97D0   18         CLC
.ChannelBufferRW_Yintch_C1read
     97D1   EE DD A4   INC &A4DD
     97D4   AC C2 A4   LDY &A4C2
     97D7   B9 13 A5   LDA &A513,Y
     97DA   85 BD      STA &BD
     97DC   A9 FF      LDA #&FF
     97DE   8D 74 A4   STA &A474
     97E1   8D 75 A4   STA &A475
     97E4   A9 00      LDA #&00
     97E6   85 BC      STA &BC
     97E8   85 C0      STA &C0
     97EA   A9 01      LDA #&01
     97EC   85 C1      STA &C1
     97EE   B0 17      BCS &9807
     97F0   B9 1C A5   LDA &A51C,Y
     97F3   85 C3      STA &C3
     97F5   B9 1D A5   LDA &A51D,Y
     97F8   85 C2      STA &C2
     97FA   20 57 88   JSR &8857
     97FD   AC C2 A4   LDY &A4C2
     9800   A9 BF      LDA #&BF
     9802   20 C1 97   JSR &97C1
     9805   90 06      BCC &980D
.chnbuf_read
     9807   20 9F 97   JSR &979F
     980A   20 4A 88   JSR &884A
.chnbuf_exit
     980D   CE DD A4   DEC &A4DD
     9810   AC C2 A4   LDY &A4C2
.chnbuf_exit2
     9813   60         RTS
.errFILELOCKED2
     9814   4C 2D 93   JMP &932D
.errFILEREADONLY
     9817   20 61 80   JSR &8061
     981A   C1
     981B   52 65 61 ...
     9824   00
.bput_Yintchan
     9825   20 F9 83   JSR &83F9
     9828   4C 31 98   JMP &9831
.BPUTV_ENTRY
     982B   20 F9 83   JSR &83F9
     982E   20 4F 97   JSR &974F
.bp_entry
     9831   48         PHA
     9832   B9 0C A5   LDA &A50C,Y
     9835   30 E0      BMI &9817
     9837   B9 0E A5   LDA &A50E,Y
     983A   30 D8      BMI &9814
     983C   20 20 94   JSR &9420
     983F   98         TYA
     9840   18         CLC
     9841   69 04      ADC #&04
     9843   20 6E 99   JSR &996E
     9846   D0 66      BNE &98AE
     9848   20 08 94   JSR &9408
     984B   AE C3 A4   LDX &A4C3
     984E   38         SEC
     984F   BD 07 A3   LDA &A307,X
     9852   FD 0F A3   SBC &A30F,X
     9855   48         PHA
     9856   BD 06 A3   LDA &A306,X
     9859   FD 0E A3   SBC &A30E,X
     985C   29 03      AND #&03
     985E   D9 1A A5   CMP &A51A,Y
     9861   D0 1F      BNE &9882
     9863   68         PLA
     9864   D9 19 A5   CMP &A519,Y
     9867   D0 34      BNE &989D
     9869   84 B4      STY &B4
     986B   8C C2 A4   STY &A4C2
     986E   20 0E 97   JSR &970E
.errCANTEXTEND
     9871   20 61 80   JSR &8061
     9874   BF
     9875   43 61 6E ...
     9881   00
.bp_extendby100
     9882   B9 1A A5   LDA &A51A,Y
     9885   18         CLC
     9886   69 01      ADC #&01
     9888   99 1A A5   STA &A51A,Y
     988B   0A         ASL A
     988C   0A         ASL A
     988D   0A         ASL A
     988E   0A         ASL A
     988F   5D 0E A3   EOR &A30E,X
     9892   29 30      AND #&30
     9894   5D 0E A3   EOR &A30E,X
     9897   9D 0E A3   STA &A30E,X
     989A   68         PLA
     989B   A9 00      LDA #&00
.bp_extendtogap
     989D   9D 0D A3   STA &A30D,X
     98A0   99 19 A5   STA &A519,Y
     98A3   A9 00      LDA #&00
     98A5   9D 0C A3   STA &A30C,X
     98A8   20 8C AB   JSR &AB8C
     98AB   AC C2 A4   LDY &A4C2
.bp_noextend
     98AE   B9 17 A5   LDA &A517,Y
     98B1   30 16      BMI &98C9
     98B3   20 C9 97   JSR &97C9
     98B6   B9 14 A5   LDA &A514,Y
     98B9   D0 0A      BNE &98C5
     98BB   20 6D 99   JSR &996D
     98BE   D0 05      BNE &98C5
     98C0   20 9F 97   JSR &979F
     98C3   D0 04      BNE &98C9
.bp_loadbuf
     98C5   38         SEC
     98C6   20 D1 97   JSR &97D1
.bp_savebyte
     98C9   A9 40      LDA #&40
     98CB   20 BA 97   JSR &97BA
     98CE   20 86 99   JSR &9986
     98D1   68         PLA
     98D2   81 BA      STA (&BA,X)
     98D4   20 6D 99   JSR &996D
     98D7   90 11      BCC &98EA
.updext
     98D9   A9 20      LDA #&20
     98DB   20 BA 97   JSR &97BA
     98DE   A2 02      LDX #&02
.bp_setextloop
     98E0   B9 10 A5   LDA &A510,Y
     98E3   99 14 A5   STA &A514,Y
     98E6   C8         INY
     98E7   CA         DEX
     98E8   10 F6      BPL &98E0
.bp_exit
     98EA   60         RTS
.cmptoEXT
     98EB   B9 14 A5   LDA &A514,Y
     98EE   D5 00      CMP &00,X
     98F0   B9 15 A5   LDA &A515,Y
     98F3   F5 01      SBC &01,X
     98F5   B9 16 A5   LDA &A516,Y
     98F8   F5 02      SBC &02,X
     98FA   60         RTS
.argsv_WriteSeqPointer
     98FB   20 F9 83   JSR &83F9
     98FE   20 4F 97   JSR &974F
.wsploop
     9901   20 EB 98   JSR &98EB
     9904   B0 2F      BCS &9935
.argsextendloop
     9906   B9 14 A5   LDA &A514,Y
     9909   99 10 A5   STA &A510,Y
     990C   B9 15 A5   LDA &A515,Y
     990F   99 11 A5   STA &A511,Y
     9912   B9 16 A5   LDA &A516,Y
     9915   99 12 A5   STA &A512,Y
     9918   20 44 99   JSR &9944
     991B   A5 B6      LDA &B6
     991D   48         PHA
     991E   A5 B7      LDA &B7
     9920   48         PHA
     9921   A5 B8      LDA &B8
     9923   48         PHA
     9924   A9 00      LDA #&00
     9926   20 25 98   JSR &9825
     9929   68         PLA
     992A   85 B8      STA &B8
     992C   68         PLA
     992D   85 B7      STA &B7
     992F   68         PLA
     9930   85 B6      STA &B6
     9932   4C 01 99   JMP &9901
.SetSeqPointer_Yintch
     9935   B5 00      LDA &00,X
     9937   99 10 A5   STA &A510,Y
     993A   B5 01      LDA &01,X
     993C   99 11 A5   STA &A511,Y
     993F   B5 02      LDA &02,X
     9941   99 12 A5   STA &A512,Y
.IsSeqPointerInBuffer_Yintch
     9944   A9 6F      LDA #&6F
     9946   20 C1 97   JSR &97C1
     9949   B9 0F A5   LDA &A50F,Y
     994C   79 11 A5   ADC &A511,Y
     994F   8D C4 A4   STA &A4C4
     9952   B9 0D A5   LDA &A50D,Y
     9955   29 03      AND #&03
     9957   79 12 A5   ADC &A512,Y
     995A   D9 1D A5   CMP &A51D,Y
     995D   D0 8B      BNE &98EA
     995F   AD C4 A4   LDA &A4C4
     9962   D9 1C A5   CMP &A51C,Y
     9965   D0 83      BNE &98EA
     9967   4C B8 97   JMP &97B8
.CheckChannel_Yhndl_exYintch_TYA_CmpPTR
     996A   20 4F 97   JSR &974F
.TYA_CmpPTR
     996D   98         TYA
.CmpPTR
     996E   AA         TAX
     996F   B9 12 A5   LDA &A512,Y
     9972   DD 16 A5   CMP &A516,X
     9975   D0 0E      BNE &9985
     9977   B9 11 A5   LDA &A511,Y
     997A   DD 15 A5   CMP &A515,X
     997D   D0 06      BNE &9985
     997F   B9 10 A5   LDA &A510,Y
     9982   DD 14 A5   CMP &A514,X
.cmpPE_exit
     9985   60         RTS
.load_then_incSeqPtr_Yintch
     9986   B9 10 A5   LDA &A510,Y
     9989   85 BA      STA &BA
     998B   B9 13 A5   LDA &A513,Y
     998E   85 BB      STA &BB
     9990   98         TYA
     9991   AA         TAX
     9992   FE 10 A5   INC &A510,X
     9995   D0 0B      BNE &99A2
     9997   20 BF 97   JSR &97BF
     999A   FE 11 A5   INC &A511,X
     999D   D0 03      BNE &99A2
     999F   FE 12 A5   INC &A512,X
.samesector
     99A2   A2 00      LDX #&00
     99A4   60         RTS
.CMD_MMFS
     99A5   98         TYA
     99A6   A2 00      LDX #&00
     99A8   A0 14      LDY #&14
.Prthelp_Xtable
     99AA   48         PHA
     99AB   20 9E 80   JSR &809E
     99AE   0D
Macro SYSTEM_NAME:
     99AF   4D 4D 46 ...
End macro SYSTEM_NAME
     99B4   20
     99B5   86 BF      STX &BF
     99B7   84 B7      STY &B7
     99B9   A2 00      LDX #&00
.verloop
     99BB   BD 23 80   LDA &8023,X
     99BE   F0 06      BEQ &99C6
     99C0   20 E1 80   JSR &80E1
     99C3   E8         INX
     99C4   D0 F5      BNE &99BB
.verex
     99C6   A9 0D      LDA #&0D
     99C8   20 E1 80   JSR &80E1
.help_dfs_loop
     99CB   A9 00      LDA #&00
     99CD   85 B9      STA &B9
     99CF   A0 01      LDY #&01
     99D1   20 83 9A   JSR &9A83
     99D4   20 1E 9A   JSR &9A1E
     99D7   20 80 83   JSR &8380
     99DA   C6 B7      DEC &B7
     99DC   D0 ED      BNE &99CB
     99DE   68         PLA
     99DF   A8         TAY
.morehelp
     99E0   A2 A8      LDX #&A8
     99E2   4C 32 87   JMP &8732
.CMD_DUTILS
     99E5   98         TYA
     99E6   A2 BC      LDX #&BC
     99E8   A0 09      LDY #&09
     99EA   D0 BE      BNE &99AA
.CMD_UTILS
     99EC   98         TYA
     99ED   A2 76      LDX #&76
     99EF   A0 05      LDY #&05
     99F1   D0 B7      BNE &99AA
.CMD_NOTHELPTBL
     99F3   20 C6 81   JSR &81C6
     99F6   F0 78      BEQ &9A70
.cmd_nothelptlb_loop
     99F8   20 AB 81   JSR &81AB
     99FB   90 FB      BCC &99F8
     99FD   B0 E1      BCS &99E0
.Param_SyntaxErrorIfNull
     99FF   20 C6 81   JSR &81C6
     9A02   F0 01      BEQ &9A05
     9A04   60         RTS
.errSYNTAX
     9A05   20 71 80   JSR &8071
     9A08   DC
     9A09   53 79 6E ...
     9A11   86 B9      STX &B9
     9A13   20 1E 9A   JSR &9A1E
     9A16   A9 00      LDA #&00
     9A18   20 71 9A   JSR &9A71
     9A1B   4C 00 01   JMP &0100
.prtcmdAtBCadd1
     9A1E   A9 07      LDA #&07
     9A20   85 B8      STA &B8
     9A22   A6 BF      LDX &BF
     9A24   E0 BC      CPX #&BC
     9A26   90 05      BCC &9A2D
     9A28   A9 44      LDA #&44
     9A2A   20 71 9A   JSR &9A71
.prtcmdloop
     9A2D   E8         INX
     9A2E   BD CD 85   LDA &85CD,X
     9A31   30 06      BMI &9A39
     9A33   20 71 9A   JSR &9A71
     9A36   4C 2D 9A   JMP &9A2D
.prtcmdloop_exit
     9A39   A4 B8      LDY &B8
     9A3B   30 03      BMI &9A40
     9A3D   20 83 9A   JSR &9A83
.prtcmdnospcs
     9A40   86 BF      STX &BF
     9A42   BD CD 85   LDA &85CD,X
     9A45   29 7F      AND #&7F
     9A47   20 4D 9A   JSR &9A4D
     9A4A   20 25 82   JSR &8225
.prtcmdparam
     9A4D   20 F9 83   JSR &83F9
     9A50   29 0F      AND #&0F
     9A52   F0 1C      BEQ &9A70
     9A54   A8         TAY
     9A55   A9 20      LDA #&20
     9A57   20 71 9A   JSR &9A71
     9A5A   A2 FF      LDX #&FF
.prtcmdparam_findloop
     9A5C   E8         INX
     9A5D   BD 90 9A   LDA &9A90,X
     9A60   10 FA      BPL &9A5C
     9A62   88         DEY
     9A63   D0 F7      BNE &9A5C
     9A65   29 7F      AND #&7F
.prtcmdparam_loop
     9A67   20 71 9A   JSR &9A71
     9A6A   E8         INX
     9A6B   BD 90 9A   LDA &9A90,X
     9A6E   10 F7      BPL &9A67
.prtcmdparamexit
     9A70   60         RTS
.prtcmd_prtchr
     9A71   20 F9 83   JSR &83F9
     9A74   A6 B9      LDX &B9
     9A76   F0 06      BEQ &9A7E
     9A78   E6 B9      INC &B9
     9A7A   9D 00 01   STA &0100,X
     9A7D   60         RTS
.prtcmdparam_prtchr
     9A7E   C6 B8      DEC &B8
     9A80   4C E1 80   JMP &80E1
.prtcmd_Print_Y_Spaces_IfNotErr
     9A83   A5 B9      LDA &B9
     9A85   D0 08      BNE &9A8F
     9A87   A9 20      LDA #&20
.prtcmd_yspc_loop
     9A89   20 71 9A   JSR &9A71
     9A8C   88         DEY
     9A8D   10 FA      BPL &9A89
.prtcmd_yspc_exit
     9A8F   60         RTS
.parametertable
     9A90   BC
     9A91   64 72 69 ...
     9A97   BC
     9A98   61 66 73 ...
     9A9D   A8
     9A9E   4C 29 
     9AA0   A8
     9AA1   3C 64 72 ...
     9AA9   A8
     9AAA   3C 64 72 ...
     9AB5   A8
     9AB6   3C 64 69 ...
     9ABC   BC
     9ABD   64 6F 73 ...
     9AC6   BC
     9AC7   66 73 70 ...
     9ACB   A8
     9ACC   3C 64 6F ...
     9AD7   BC
     9AD8   74 69 74 ...
     9ADE   A8
     9ADF   3C 6E 75 ...
     9AE5   BC
     9AE6   73 6F 75 ...
     9AF5   BC
     9AF6   6F 6C 64 ...
     9B08   BC
     9B09   66 69 6C ...
     9B10   B4
     9B11   30 2F 38 ...
     9B15   FF
.CMD_COMPACT
     9B16   20 E7 8B   JSR &8BE7
     9B19   20 9E 80   JSR &809E
     9B1C   43 6F 6D ...
     9B28   8D D1 A4   STA &A4D1
     9B2B   8D D2 A4   STA &A4D2
     9B2E   20 08 81   JSR &8108
     9B31   20 80 83   JSR &8380
     9B34   A0 00      LDY #&00
     9B36   20 4E 94   JSR &944E
     9B39   20 65 93   JSR &9365
     9B3C   20 85 AB   JSR &AB85
     9B3F   AC 05 A3   LDY &A305
     9B42   84 CA      STY &CA
     9B44   A9 02      LDA #&02
     9B46   85 C8      STA &C8
     9B48   A9 00      LDA #&00
     9B4A   85 C9      STA &C9
.compact_loop
     9B4C   A4 CA      LDY &CA
     9B4E   20 C8 82   JSR &82C8
     9B51   C0 F8      CPY #&F8
     9B53   D0 28      BNE &9B7D
     9B55   AD 07 A3   LDA &A307
     9B58   38         SEC
     9B59   E5 C8      SBC &C8
     9B5B   48         PHA
     9B5C   AD 06 A3   LDA &A306
     9B5F   29 03      AND #&03
     9B61   E5 C9      SBC &C9
     9B63   20 08 81   JSR &8108
     9B66   68         PLA
     9B67   20 00 81   JSR &8100
     9B6A   20 9E 80   JSR &809E
     9B6D   20 66 72 ...
     9B7A   0D
     9B7B   EA         NOP
     9B7C   60         RTS
.compact_checkfile
     9B7D   84 CA      STY &CA
     9B7F   20 4A 83   JSR &834A
     9B82   A4 CA      LDY &CA
     9B84   B9 0C A3   LDA &A30C,Y
     9B87   C9 01      CMP #&01
     9B89   A9 00      LDA #&00
     9B8B   85 BC      STA &BC
     9B8D   85 C0      STA &C0
     9B8F   79 0D A3   ADC &A30D,Y
     9B92   85 C4      STA &C4
     9B94   B9 0E A3   LDA &A30E,Y
     9B97   08         PHP
     9B98   20 1D 82   JSR &821D
     9B9B   28         PLP
     9B9C   69 00      ADC #&00
     9B9E   85 C5      STA &C5
     9BA0   B9 0F A3   LDA &A30F,Y
     9BA3   85 C6      STA &C6
     9BA5   B9 0E A3   LDA &A30E,Y
     9BA8   29 03      AND #&03
     9BAA   85 C7      STA &C7
     9BAC   C5 C9      CMP &C9
     9BAE   D0 14      BNE &9BC4
     9BB0   A5 C6      LDA &C6
     9BB2   C5 C8      CMP &C8
     9BB4   D0 0E      BNE &9BC4
     9BB6   18         CLC
     9BB7   65 C4      ADC &C4
     9BB9   85 C8      STA &C8
     9BBB   A5 C9      LDA &C9
     9BBD   65 C5      ADC &C5
     9BBF   85 C9      STA &C9
     9BC1   4C DC 9B   JMP &9BDC
.compact_movefile
     9BC4   A5 C8      LDA &C8
     9BC6   99 0F A3   STA &A30F,Y
     9BC9   B9 0E A3   LDA &A30E,Y
     9BCC   29 FC      AND #&FC
     9BCE   05 C9      ORA &C9
     9BD0   99 0E A3   STA &A30E,Y
     9BD3   20 8C AB   JSR &AB8C
     9BD6   20 63 9D   JSR &9D63
     9BD9   20 7A AB   JSR &AB7A
.compact_fileinfo
     9BDC   A4 CA      LDY &CA
     9BDE   20 4F 83   JSR &834F
     9BE1   4C 4C 9B   JMP &9B4C
.IsEnabledOrGo
     9BE4   2C C7 A4   BIT &A4C7
     9BE7   10 07      BPL &9BF0
     9BE9   20 3B 9C   JSR &9C3B
     9BEC   F0 02      BEQ &9BF0
     9BEE   68         PLA
     9BEF   68         PLA
.isgo
.isgoalready
     9BF0   60         RTS
.Get_CopyDATA_Drives
     9BF1   20 EC 8B   JSR &8BEC
     9BF4   8D D1 A4   STA &A4D1
     9BF7   20 EC 8B   JSR &8BEC
     9BFA   8D D2 A4   STA &A4D2
     9BFD   CD D1 A4   CMP &A4D1
     9C00   F0 2E      BEQ &9C30
     9C02   98         TYA
     9C03   48         PHA
     9C04   20 65 93   JSR &9365
     9C07   20 9E 80   JSR &809E
     9C0A   43 6F 70 ...
     9C18   AD D1 A4   LDA &A4D1
     9C1B   20 9B 80   JSR &809B
     9C1E   20 74 6F ...
     9C23   AD D2 A4   LDA &A4D2
     9C26   20 08 81   JSR &8108
     9C29   20 80 83   JSR &8380
     9C2C   68         PLA
     9C2D   A8         TAY
     9C2E   18         CLC
     9C2F   60         RTS
.baddrv
     9C30   4C FF 8B   JMP &8BFF
.ConfirmYNcolon
     9C33   20 9E 80   JSR &809E
     9C36   20 3A 20 
     9C39   90 0F      BCC &9C4A
.GoYN
     9C3B   20 9E 80   JSR &809E
     9C3E   47 6F 20 ...
     9C49   EA         NOP
.ConfirmYN
     9C4A   20 63 9C   JSR &9C63
     9C4D   20 E0 FF   JSR &FFE0
     9C50   B0 1D      BCS &9C6F
     9C52   29 5F      AND #&5F
     9C54   C9 59      CMP #&59
     9C56   08         PHP
     9C57   F0 02      BEQ &9C5B
     9C59   A9 4E      LDA #&4E
.confYN
     9C5B   20 E1 80   JSR &80E1
     9C5E   20 80 83   JSR &8380
     9C61   28         PLP
     9C62   60         RTS
.osbyte0F_flushinbuf2
     9C63   20 F9 83   JSR &83F9
     9C66   A9 0F      LDA #&0F
     9C68   A2 01      LDX #&01
     9C6A   A0 00      LDY #&00
     9C6C   4C F4 FF   JMP &FFF4
.err_ESCAPE
     9C6F   4C 81 8C   JMP &8C81
.err_DISKFULL2
     9C72   4C 85 8A   JMP &8A85
.CMD_BACKUP
     9C75   20 F1 9B   JSR &9BF1
     9C78   20 E4 9B   JSR &9BE4
     9C7B   A9 00      LDA #&00
     9C7D   85 C7      STA &C7
     9C7F   85 C9      STA &C9
     9C81   85 C8      STA &C8
     9C83   85 C6      STA &C6
     9C85   AD D1 A4   LDA &A4D1
     9C88   85 CD      STA &CD
     9C8A   20 88 AB   JSR &AB88
     9C8D   AD 07 A3   LDA &A307
     9C90   85 C4      STA &C4
     9C92   AD 06 A3   LDA &A306
     9C95   29 03      AND #&03
     9C97   85 C5      STA &C5
     9C99   AD D2 A4   LDA &A4D2
     9C9C   85 CD      STA &CD
     9C9E   20 88 AB   JSR &AB88
     9CA1   AD 06 A3   LDA &A306
     9CA4   29 03      AND #&03
     9CA6   C5 C5      CMP &C5
     9CA8   90 C8      BCC &9C72
     9CAA   D0 07      BNE &9CB3
     9CAC   AD 07 A3   LDA &A307
     9CAF   C5 C4      CMP &C4
     9CB1   90 BF      BCC &9C72
.backup_copy
     9CB3   20 63 9D   JSR &9D63
     9CB6   20 88 AB   JSR &AB88
     9CB9   A2 0A      LDX #&0A
.tloop
     9CBB   E0 08      CPX #&08
     9CBD   90 05      BCC &9CC4
     9CBF   BD F8 A2   LDA &A2F8,X
     9CC2   B0 03      BCS &9CC7
.tskip1
     9CC4   BD 00 A2   LDA &A200,X
.tskip2
     9CC7   9D 00 A4   STA &A400,X
     9CCA   CA         DEX
     9CCB   10 EE      BPL &9CBB
     9CCD   60         RTS
.CMD_COPY
     9CCE   20 83 92   JSR &9283
     9CD1   20 F1 9B   JSR &9BF1
     9CD4   20 FF 99   JSR &99FF
     9CD7   20 4F 81   JSR &814F
     9CDA   AD D1 A4   LDA &A4D1
     9CDD   85 CD      STA &CD
     9CDF   20 3E 82   JSR &823E
.copy_loop1
     9CE2   A5 CC      LDA &CC
     9CE4   48         PHA
     9CE5   A5 B6      LDA &B6
     9CE7   48         PHA
     9CE8   20 4F 83   JSR &834F
     9CEB   A2 00      LDX #&00
.copy_loop2
     9CED   B9 08 A2   LDA &A208,Y
     9CF0   95 C5      STA &C5,X
     9CF2   9D 50 A4   STA &A450,X
     9CF5   B9 08 A3   LDA &A308,Y
     9CF8   95 BB      STA &BB,X
     9CFA   9D 47 A4   STA &A447,X
     9CFD   E8         INX
     9CFE   C8         INY
     9CFF   E0 08      CPX #&08
     9D01   D0 EA      BNE &9CED
     9D03   20 53 9D   JSR &9D53
     9D06   AD D2 A4   LDA &A4D2
     9D09   20 C8 8A   JSR &8AC8
     9D0C   A5 C2      LDA &C2
     9D0E   29 03      AND #&03
     9D10   48         PHA
     9D11   A5 C3      LDA &C3
     9D13   48         PHA
     9D14   20 53 9D   JSR &9D53
     9D17   68         PLA
     9D18   85 C8      STA &C8
     9D1A   68         PLA
     9D1B   85 C9      STA &C9
     9D1D   A5 C1      LDA &C1
     9D1F   20 1D 82   JSR &821D
     9D22   AA         TAX
     9D23   A5 BF      LDA &BF
     9D25   C9 01      CMP #&01
     9D27   A5 C0      LDA &C0
     9D29   69 00      ADC #&00
     9D2B   85 C4      STA &C4
     9D2D   8A         TXA
     9D2E   69 00      ADC #&00
     9D30   85 C5      STA &C5
     9D32   A5 C2      LDA &C2
     9D34   85 C6      STA &C6
     9D36   A5 C1      LDA &C1
     9D38   29 03      AND #&03
     9D3A   85 C7      STA &C7
     9D3C   20 63 9D   JSR &9D63
     9D3F   AD D1 A4   LDA &A4D1
     9D42   85 CD      STA &CD
     9D44   20 85 AB   JSR &AB85
     9D47   68         PLA
     9D48   85 B6      STA &B6
     9D4A   68         PLA
     9D4B   85 CC      STA &CC
     9D4D   20 8A 82   JSR &828A
     9D50   B0 90      BCS &9CE2
     9D52   60         RTS
.cd_swapvars
     9D53   A2 11      LDX #&11
.cd_swapvars_loop
     9D55   BC 45 A4   LDY &A445,X
     9D58   B5 BA      LDA &BA,X
     9D5A   94 BA      STY &BA,X
     9D5C   9D 45 A4   STA &A445,X
     9D5F   CA         DEX
     9D60   10 F3      BPL &9D55
     9D62   60         RTS
.CopyDATABLOCK
     9D63   A9 00      LDA #&00
     9D65   85 BC      STA &BC
     9D67   85 C0      STA &C0
     9D69   AD CF A4   LDA &A4CF
     9D6C   85 BD      STA &BD
     9D6E   F0 57      BEQ &9DC7
.cd_loop
     9D70   A4 C4      LDY &C4
     9D72   CC D0 A4   CPY &A4D0
     9D75   A5 C5      LDA &C5
     9D77   E9 00      SBC #&00
     9D79   90 03      BCC &9D7E
     9D7B   AC D0 A4   LDY &A4D0
.cd_part
     9D7E   84 C1      STY &C1
     9D80   A5 C6      LDA &C6
     9D82   85 C3      STA &C3
     9D84   A5 C7      LDA &C7
     9D86   85 C2      STA &C2
     9D88   AD D1 A4   LDA &A4D1
     9D8B   85 CD      STA &CD
     9D8D   20 B7 8B   JSR &8BB7
     9D90   20 4A 88   JSR &884A
     9D93   AD D2 A4   LDA &A4D2
     9D96   85 CD      STA &CD
     9D98   A5 C8      LDA &C8
     9D9A   85 C3      STA &C3
     9D9C   A5 C9      LDA &C9
     9D9E   85 C2      STA &C2
     9DA0   20 B7 8B   JSR &8BB7
     9DA3   20 57 88   JSR &8857
     9DA6   A5 C1      LDA &C1
     9DA8   18         CLC
     9DA9   65 C8      ADC &C8
     9DAB   85 C8      STA &C8
     9DAD   90 02      BCC &9DB1
     9DAF   E6 C9      INC &C9
.cd_inc1
     9DB1   A5 C1      LDA &C1
     9DB3   18         CLC
     9DB4   65 C6      ADC &C6
     9DB6   85 C6      STA &C6
     9DB8   90 02      BCC &9DBC
     9DBA   E6 C7      INC &C7
.cd_inc2
     9DBC   38         SEC
     9DBD   A5 C4      LDA &C4
     9DBF   E5 C1      SBC &C1
     9DC1   85 C4      STA &C4
     9DC3   B0 02      BCS &9DC7
     9DC5   C6 C5      DEC &C5
.cd_loopentry
     9DC7   A5 C4      LDA &C4
     9DC9   05 C5      ORA &C5
     9DCB   D0 A3      BNE &9D70
     9DCD   60         RTS
.CMD_VERIFY
     9DCE   A9 00      LDA #&00
     9DD0   F0 02      BEQ &9DD4
.CMD_FORM
     9DD2   A9 FF      LDA #&FF
.vform1
     9DD4   85 C9      STA &C9
     9DD6   85 B2      STA &B2
     9DD8   10 15      BPL &9DEF
     9DDA   20 FF 99   JSR &99FF
     9DDD   20 42 84   JSR &8442
     9DE0   B0 0A      BCS &9DEC
     9DE2   86 B5      STX &B5
     9DE4   E0 28      CPX #&28
     9DE6   F0 07      BEQ &9DEF
     9DE8   E0 50      CPX #&50
     9DEA   F0 03      BEQ &9DEF
.vform2_syntax
     9DEC   4C 05 9A   JMP &9A05
.vform3_ok
     9DEF   20 C6 81   JSR &81C6
     9DF2   84 CA      STY &CA
     9DF4   D0 49      BNE &9E3F
     9DF6   24 C9      BIT &C9
     9DF8   30 0B      BMI &9E05
     9DFA   20 9E 80   JSR &809E
     9DFD   56 65 72 ...
     9E03   90 0A      BCC &9E0F
.vform4_form
     9E05   20 9E 80   JSR &809E
     9E08   46 6F 72 ...
     9E0E   EA         NOP
.vform4_askdrive
     9E0F   20 9E 80   JSR &809E
     9E12   20 77 68 ...
     9E21   EA         NOP
     9E22   20 E0 FF   JSR &FFE0
     9E25   B0 31      BCS &9E58
     9E27   C9 20      CMP #&20
     9E29   90 30      BCC &9E5B
     9E2B   20 E1 80   JSR &80E1
     9E2E   38         SEC
     9E2F   E9 30      SBC #&30
     9E31   C9 04      CMP #&04
     9E33   B0 26      BCS &9E5B
     9E35   85 CD      STA &CD
     9E37   20 80 83   JSR &8380
     9E3A   A4 CA      LDY &CA
     9E3C   4C 42 9E   JMP &9E42
.vform5_driveloop
     9E3F   20 EF 8B   JSR &8BEF
.vform6_drivein
     9E42   84 CA      STY &CA
     9E44   24 B2      BIT &B2
     9E46   10 05      BPL &9E4D
     9E48   46 B2      LSR &B2
     9E4A   20 E4 9B   JSR &9BE4
.vform7_go
     9E4D   20 5E 9E   JSR &9E5E
     9E50   A4 CA      LDY &CA
     9E52   20 C6 81   JSR &81C6
     9E55   D0 E8      BNE &9E3F
     9E57   60         RTS
.jmp_reportEscape
     9E58   4C 81 8C   JMP &8C81
.jmp_errBadDrive
     9E5B   4C FF 8B   JMP &8BFF
.VFCurDrv
     9E5E   24 C9      BIT &C9
     9E60   30 0E      BMI &9E70
     9E62   20 9E 80   JSR &809E
     9E65   56 65 72 ...
     9E6E   90 12      BCC &9E82
.vf1
     9E70   20 9E 80   JSR &809E
     9E73   46 6F 72 ...
     9E7D   A6 CD      LDX &CD
     9E7F   8E B0 A4   STX &A4B0
.vf2
     9E82   20 9E 80   JSR &809E
     9E85   20 64 72 ...
     9E8C   A5 CD      LDA &CD
     9E8E   20 9B 80   JSR &809B
     9E91   20 74 72 ...
     9E9A   EA         NOP
     9E9B   A9 63      LDA #&63
     9E9D   A2 05      LDX #&05
     9E9F   24 C9      BIT &C9
     9EA1   30 2D      BMI &9ED0
     9EA3   20 88 AB   JSR &AB88
     9EA6   AD 06 A3   LDA &A306
     9EA9   29 03      AND #&03
     9EAB   AA         TAX
     9EAC   AD 07 A3   LDA &A307
     9EAF   A0 0A      LDY #&0A
     9EB1   84 B0      STY &B0
     9EB3   A0 FF      LDY #&FF
.trkloop1
     9EB5   38         SEC
.trkloop2
     9EB6   C8         INY
     9EB7   E5 B0      SBC &B0
     9EB9   B0 FB      BCS &9EB6
     9EBB   CA         DEX
     9EBC   10 F7      BPL &9EB5
     9EBE   65 B0      ADC &B0
     9EC0   48         PHA
     9EC1   98         TYA
     9EC2   AA         TAX
     9EC3   68         PLA
     9EC4   F0 01      BEQ &9EC7
     9EC6   E8         INX
.trkex
     9EC7   8A         TXA
     9EC8   F0 41      BEQ &9F0B
     9ECA   85 B5      STA &B5
     9ECC   A9 5F      LDA #&5F
     9ECE   A2 03      LDX #&03
.vf4
     9ED0   8D B6 A4   STA &A4B6
     9ED3   8E B5 A4   STX &A4B5
     9ED6   A9 00      LDA #&00
     9ED8   85 B4      STA &B4
.vf5_trackloop
     9EDA   A9 08      LDA #&08
     9EDC   20 E1 80   JSR &80E1
     9EDF   20 E1 80   JSR &80E1
     9EE2   A5 B4      LDA &B4
     9EE4   8D B7 A4   STA &A4B7
     9EE7   20 00 81   JSR &8100
     9EEA   20 BF AB   JSR &ABBF
     9EED   F0 0A      BEQ &9EF9
     9EEF   48         PHA
     9EF0   A9 3F      LDA #&3F
     9EF2   20 E1 80   JSR &80E1
     9EF5   68         PLA
     9EF6   4C E0 AB   JMP &ABE0
.vfx1
     9EF9   E6 B4      INC &B4
     9EFB   A5 B4      LDA &B4
     9EFD   C5 B5      CMP &B5
     9EFF   D0 D9      BNE &9EDA
     9F01   24 C9      BIT &C9
     9F03   10 06      BPL &9F0B
     9F05   20 0E 9F   JSR &9F0E
     9F08   20 8C AB   JSR &AB8C
.vf6_exit
     9F0B   4C 80 83   JMP &8380
.ClearCatalogue
     9F0E   A0 00      LDY #&00
     9F10   98         TYA
.ccatloop
     9F11   99 00 A2   STA &A200,Y
     9F14   99 00 A3   STA &A300,Y
     9F17   C8         INY
     9F18   D0 F7      BNE &9F11
     9F1A   A4 B5      LDY &B5
.loop2
     9F1C   A9 0A      LDA #&0A
     9F1E   18         CLC
     9F1F   6D 07 A3   ADC &A307
     9F22   8D 07 A3   STA &A307
     9F25   90 03      BCC &9F2A
     9F27   EE 06 A3   INC &A306
.label3
     9F2A   88         DEY
     9F2B   D0 EF      BNE &9F1C
     9F2D   60         RTS
.CMD_FREE
     9F2E   38         SEC
     9F2F   B0 01      BCS &9F32
.CMD_MAP
     9F31   18         CLC
.Label_A7F7
     9F32   66 C6      ROR &C6
     9F34   20 E7 8B   JSR &8BE7
     9F37   20 85 AB   JSR &AB85
     9F3A   24 C6      BIT &C6
     9F3C   30 15      BMI &9F53
     9F3E   20 BE 80   JSR &80BE
     9F41   41 64 64 ...
     9F52   0D
.Label_A818_free
     9F53   AD 06 A3   LDA &A306
     9F56   29 03      AND #&03
     9F58   85 C5      STA &C5
     9F5A   85 C2      STA &C2
     9F5C   AD 07 A3   LDA &A307
     9F5F   85 C4      STA &C4
     9F61   38         SEC
     9F62   E9 02      SBC #&02
     9F64   85 C1      STA &C1
     9F66   B0 02      BCS &9F6A
     9F68   C6 C2      DEC &C2
.Label_A82F
     9F6A   A9 02      LDA #&02
     9F6C   85 BB      STA &BB
     9F6E   A9 00      LDA #&00
     9F70   85 BC      STA &BC
     9F72   85 BF      STA &BF
     9F74   85 C0      STA &C0
     9F76   AD 05 A3   LDA &A305
     9F79   29 F8      AND #&F8
     9F7B   A8         TAY
     9F7C   F0 26      BEQ &9FA4
     9F7E   D0 11      BNE &9F91
.Label_A845_fileloop
     9F80   20 13 A0   JSR &A013
     9F83   20 C8 82   JSR &82C8
     9F86   A5 C4      LDA &C4
     9F88   38         SEC
     9F89   E5 BB      SBC &BB
     9F8B   A5 C5      LDA &C5
     9F8D   E5 BC      SBC &BC
     9F8F   90 13      BCC &9FA4
.Label_A856_fileloop_entry
     9F91   B9 07 A3   LDA &A307,Y
     9F94   38         SEC
     9F95   E5 BB      SBC &BB
     9F97   85 C1      STA &C1
     9F99   B9 06 A3   LDA &A306,Y
     9F9C   29 03      AND #&03
     9F9E   E5 BC      SBC &BC
     9FA0   85 C2      STA &C2
     9FA2   90 DC      BCC &9F80
.Label_A86B_nofiles
     9FA4   84 BD      STY &BD
     9FA6   24 C6      BIT &C6
     9FA8   30 2B      BMI &9FD5
     9FAA   A5 C1      LDA &C1
     9FAC   05 C2      ORA &C2
     9FAE   F0 25      BEQ &9FD5
     9FB0   A5 BC      LDA &BC
     9FB2   20 18 81   JSR &8118
     9FB5   A5 BB      LDA &BB
     9FB7   20 10 81   JSR &8110
     9FBA   20 BE 80   JSR &80BE
     9FBD   20 20 20 ...
     9FC5   A5 C2      LDA &C2
     9FC7   20 18 81   JSR &8118
     9FCA   A5 C1      LDA &C1
     9FCC   20 10 81   JSR &8110
     9FCF   20 E7 FF   JSR &FFE7
     9FD2   20 13 A0   JSR &A013
.Label_A87A_free
     9FD5   A5 C1      LDA &C1
     9FD7   18         CLC
     9FD8   65 BF      ADC &BF
     9FDA   85 BF      STA &BF
     9FDC   A5 C2      LDA &C2
     9FDE   65 C0      ADC &C0
     9FE0   85 C0      STA &C0
     9FE2   A4 BD      LDY &BD
     9FE4   D0 9A      BNE &9F80
     9FE6   24 C6      BIT &C6
     9FE8   10 28      BPL &A012
     9FEA   A8         TAY
     9FEB   A6 BF      LDX &BF
     9FED   A9 F8      LDA #&F8
     9FEF   38         SEC
     9FF0   ED 05 A3   SBC &A305
     9FF3   20 3D A0   JSR &A03D
     9FF6   46 72 65 ...
     9FFA   0D
     9FFB   A5 C4      LDA &C4
     9FFD   38         SEC
     9FFE   E5 BF      SBC &BF
     A000   AA         TAX
     A001   A5 C5      LDA &C5
     A003   E5 C0      SBC &C0
     A005   A8         TAY
     A006   AD 05 A3   LDA &A305
     A009   20 3D A0   JSR &A03D
     A00C   55 73 65 ...
     A010   0D
     A011   EA         NOP
.Label_A8BD_rst
     A012   60         RTS
.Sub_A8E2_nextblock
     A013   B9 06 A3   LDA &A306,Y
     A016   48         PHA
     A017   20 1D 82   JSR &821D
     A01A   85 BC      STA &BC
     A01C   68         PLA
     A01D   29 03      AND #&03
     A01F   18         CLC
     A020   65 BC      ADC &BC
     A022   85 BC      STA &BC
     A024   B9 04 A3   LDA &A304,Y
     A027   C9 01      CMP #&01
     A029   A9 00      LDA #&00
     A02B   79 05 A3   ADC &A305,Y
     A02E   90 02      BCC &A032
     A030   E6 BC      INC &BC
.Label_A902
     A032   18         CLC
     A033   79 07 A3   ADC &A307,Y
     A036   85 BB      STA &BB
     A038   90 02      BCC &A03C
     A03A   E6 BC      INC &BC
.Label_A90C
     A03C   60         RTS
.Sub_A90D_freeinfo
     A03D   4A         LSR A
     A03E   4A         LSR A
     A03F   4A         LSR A
     A040   20 0D 81   JSR &810D
     A043   20 BE 80   JSR &80BE
     A046   20 46 69 ...
     A04D   86 BC      STX &BC
     A04F   84 BD      STY &BD
     A051   98         TYA
     A052   20 18 81   JSR &8118
     A055   8A         TXA
     A056   20 10 81   JSR &8110
     A059   20 BE 80   JSR &80BE
     A05C   20 53 65 ...
     A065   A9 00      LDA #&00
     A067   85 BB      STA &BB
     A069   85 BE      STA &BE
     A06B   A2 1F      LDX #&1F
     A06D   86 C1      STX &C1
     A06F   A2 09      LDX #&09
.Label_A941_loop1
     A071   9D 00 A4   STA &A400,X
     A074   CA         DEX
     A075   10 FA      BPL &A071
.Label_A947_loop2
     A077   06 BB      ASL &BB
     A079   26 BC      ROL &BC
     A07B   26 BD      ROL &BD
     A07D   26 BE      ROL &BE
     A07F   A2 00      LDX #&00
     A081   A0 09      LDY #&09
.Label_A953_loop3
     A083   BD 00 A4   LDA &A400,X
     A086   2A         ROL A
     A087   C9 0A      CMP #&0A
     A089   90 02      BCC &A08D
     A08B   E9 0A      SBC #&0A
.Label_A95D
     A08D   9D 00 A4   STA &A400,X
     A090   E8         INX
     A091   88         DEY
     A092   10 EF      BPL &A083
     A094   C6 C1      DEC &C1
     A096   10 DF      BPL &A077
     A098   A0 20      LDY #&20
     A09A   A2 05      LDX #&05
.Label_A96C_loop4
     A09C   D0 02      BNE &A0A0
     A09E   A0 2C      LDY #&2C
.Label_A970
     A0A0   BD 00 A4   LDA &A400,X
     A0A3   D0 07      BNE &A0AC
     A0A5   C0 2C      CPY #&2C
     A0A7   F0 03      BEQ &A0AC
     A0A9   98         TYA
     A0AA   D0 04      BNE &A0B0
.Label_A97D
     A0AC   A0 2C      LDY #&2C
     A0AE   09 30      ORA #&30
.Label_A982
     A0B0   20 EE FF   JSR &FFEE
     A0B3   E0 03      CPX #&03
     A0B5   D0 04      BNE &A0BB
     A0B7   98         TYA
     A0B8   20 EE FF   JSR &FFEE
.Label_A98D
     A0BB   CA         DEX
     A0BC   10 DE      BPL &A09C
     A0BE   20 BE 80   JSR &80BE
     A0C1   20 42 79 ...
     A0C8   EA         NOP
     A0C9   4C BE 80   JMP &80BE
Including file TubeHost230.asm
.TUBE_CODE_500
     A200   37 05
     A202   96 05
     A204   F2 05
     A206   07 06
     A208   27 06
     A20A   68 06
     A20C   5E 05
     A20E   2D 05
     A210   20 05
     A212   42 05
     A214   A9 05
     A216   D1 05
     A218   86
     A219   88
     A21A   96
     A21B   98
     A21C   18
     A21D   18
     A21E   82
     A21F   18
     A220   20 C5 06   JSR &06C5
     A223   A8         TAY
     A224   20 C5 06   JSR &06C5
     A227   20 D4 FF   JSR &FFD4
     A22A   4C 9C 05   JMP &059C
     A22D   20 C5 06   JSR &06C5
     A230   A8         TAY
     A231   20 D7 FF   JSR &FFD7
     A234   4C 3A 05   JMP &053A
     A237   20 E0 FF   JSR &FFE0
     A23A   6A         ROR A
     A23B   20 95 06   JSR &0695
     A23E   2A         ROL A
     A23F   4C 9E 05   JMP &059E
     A242   20 C5 06   JSR &06C5
     A245   F0 0B      BEQ &A252
     A247   48         PHA
     A248   20 82 05   JSR &0582
     A24B   68         PLA
     A24C   20 CE FF   JSR &FFCE
     A24F   4C 9E 05   JMP &059E
.Label_AD2D
     A252   20 C5 06   JSR &06C5
     A255   A8         TAY
     A256   A9 00      LDA #&00
     A258   20 CE FF   JSR &FFCE
     A25B   4C 9C 05   JMP &059C
     A25E   20 C5 06   JSR &06C5
     A261   A8         TAY
     A262   A2 04      LDX #&04
.Label_AD3F
     A264   20 C5 06   JSR &06C5
     A267   95 FF      STA &FF,X
     A269   CA         DEX
     A26A   D0 F8      BNE &A264
     A26C   20 C5 06   JSR &06C5
     A26F   20 DA FF   JSR &FFDA
     A272   20 95 06   JSR &0695
     A275   A2 03      LDX #&03
.Label_AD52
     A277   B5 00      LDA &00,X
     A279   20 95 06   JSR &0695
     A27C   CA         DEX
     A27D   10 F8      BPL &A277
     A27F   4C 36 00   JMP &0036
     A282   A2 00      LDX #&00
     A284   A0 00      LDY #&00
.Label_AD61
     A286   20 C5 06   JSR &06C5
     A289   99 00 07   STA &0700,Y
     A28C   C8         INY
     A28D   F0 04      BEQ &A293
     A28F   C9 0D      CMP #&0D
     A291   D0 F3      BNE &A286
.Label_AD6E
     A293   A0 07      LDY #&07
     A295   60         RTS
     A296   20 82 05   JSR &0582
     A299   20 F7 FF   JSR &FFF7
     A29C   A9 7F      LDA #&7F
.Label_AD79
     A29E   2C E2 FE   BIT &FEE2
     A2A1   50 FB      BVC &A29E
     A2A3   8D E3 FE   STA &FEE3
.Label_AD81
     A2A6   4C 36 00   JMP &0036
     A2A9   A2 10      LDX #&10
.Label_AD86
     A2AB   20 C5 06   JSR &06C5
     A2AE   95 01      STA &01,X
     A2B0   CA         DEX
     A2B1   D0 F8      BNE &A2AB
     A2B3   20 82 05   JSR &0582
     A2B6   86 00      STX &00
     A2B8   84 01      STY &01
     A2BA   A0 00      LDY #&00
     A2BC   20 C5 06   JSR &06C5
     A2BF   20 DD FF   JSR &FFDD
     A2C2   20 95 06   JSR &0695
     A2C5   A2 10      LDX #&10
.Label_ADA2
     A2C7   B5 01      LDA &01,X
     A2C9   20 95 06   JSR &0695
     A2CC   CA         DEX
     A2CD   D0 F8      BNE &A2C7
     A2CF   F0 D5      BEQ &A2A6
     A2D1   A2 0D      LDX #&0D
.Label_ADAE
     A2D3   20 C5 06   JSR &06C5
     A2D6   95 FF      STA &FF,X
     A2D8   CA         DEX
     A2D9   D0 F8      BNE &A2D3
     A2DB   20 C5 06   JSR &06C5
     A2DE   A0 00      LDY #&00
     A2E0   20 D1 FF   JSR &FFD1
     A2E3   48         PHA
     A2E4   A2 0C      LDX #&0C
.Label_ADC1
     A2E6   B5 00      LDA &00,X
     A2E8   20 95 06   JSR &0695
     A2EB   CA         DEX
     A2EC   10 F8      BPL &A2E6
     A2EE   68         PLA
     A2EF   4C 3A 05   JMP &053A
     A2F2   20 C5 06   JSR &06C5
     A2F5   AA         TAX
     A2F6   20 C5 06   JSR &06C5
     A2F9   20 F4 FF   JSR &FFF4
.Label_ADD7
     A2FC   2C E2 FE   BIT &FEE2
     A2FF   50 FB      BVC &A2FC
     A301   8E E3 FE   STX &FEE3
.Label_ADDF
     A304   4C 36 00   JMP &0036
     A307   20 C5 06   JSR &06C5
     A30A   AA         TAX
     A30B   20 C5 06   JSR &06C5
     A30E   A8         TAY
     A30F   20 C5 06   JSR &06C5
     A312   20 F4 FF   JSR &FFF4
     A315   49 9D      EOR #&9D
     A317   F0 EB      BEQ &A304
     A319   6A         ROR A
     A31A   20 95 06   JSR &0695
.Label_ADF8
     A31D   2C E2 FE   BIT &FEE2
     A320   50 FB      BVC &A31D
     A322   8C E3 FE   STY &FEE3
     A325   70 D5      BVS &A2FC
     A327   20 C5 06   JSR &06C5
     A32A   A8         TAY
.Label_AE06
     A32B   2C E2 FE   BIT &FEE2
     A32E   10 FB      BPL &A32B
     A330   AE E3 FE   LDX &FEE3
     A333   CA         DEX
     A334   30 0F      BMI &A345
.Label_AE11
     A336   2C E2 FE   BIT &FEE2
     A339   10 FB      BPL &A336
     A33B   AD E3 FE   LDA &FEE3
     A33E   9D 28 01   STA &0128,X
     A341   CA         DEX
     A342   10 F2      BPL &A336
     A344   98         TYA
.Label_AE20
     A345   A2 28      LDX #&28
     A347   A0 01      LDY #&01
     A349   20 F1 FF   JSR &FFF1
.Label_AE27
     A34C   2C E2 FE   BIT &FEE2
     A34F   10 FB      BPL &A34C
     A351   AE E3 FE   LDX &FEE3
     A354   CA         DEX
     A355   30 0E      BMI &A365
.Label_AE32
     A357   BC 28 01   LDY &0128,X
.Label_AE35
     A35A   2C E2 FE   BIT &FEE2
     A35D   50 FB      BVC &A35A
     A35F   8C E3 FE   STY &FEE3
     A362   CA         DEX
     A363   10 F2      BPL &A357
.Label_AE40
     A365   4C 36 00   JMP &0036
     A368   A2 04      LDX #&04
.Label_AE45
     A36A   20 C5 06   JSR &06C5
     A36D   95 00      STA &00,X
     A36F   CA         DEX
     A370   10 F8      BPL &A36A
     A372   E8         INX
     A373   A0 00      LDY #&00
     A375   8A         TXA
     A376   20 F1 FF   JSR &FFF1
     A379   90 05      BCC &A380
     A37B   A9 FF      LDA #&FF
     A37D   4C 9E 05   JMP &059E
.Label_AE5B
     A380   A2 00      LDX #&00
     A382   A9 7F      LDA #&7F
     A384   20 95 06   JSR &0695
.Label_AE62
     A387   BD 00 07   LDA &0700,X
     A38A   20 95 06   JSR &0695
     A38D   E8         INX
     A38E   C9 0D      CMP #&0D
     A390   D0 F5      BNE &A387
     A392   4C 36 00   JMP &0036
.Label_AE70
     A395   2C E2 FE   BIT &FEE2
     A398   50 FB      BVC &A395
     A39A   8D E3 FE   STA &FEE3
     A39D   60         RTS
.Label_AE79
     A39E   2C E6 FE   BIT &FEE6
     A3A1   50 FB      BVC &A39E
     A3A3   8D E7 FE   STA &FEE7
     A3A6   60         RTS
     A3A7   A5 FF      LDA &FF
     A3A9   38         SEC
     A3AA   6A         ROR A
     A3AB   30 0F      BMI &A3BC
     A3AD   48         PHA
     A3AE   A9 00      LDA #&00
     A3B0   20 BC 06   JSR &06BC
     A3B3   98         TYA
     A3B4   20 BC 06   JSR &06BC
     A3B7   8A         TXA
     A3B8   20 BC 06   JSR &06BC
     A3BB   68         PLA
.Label_AE97
     A3BC   2C E0 FE   BIT &FEE0
     A3BF   50 FB      BVC &A3BC
     A3C1   8D E1 FE   STA &FEE1
     A3C4   60         RTS
.Label_AEA0
     A3C5   2C E2 FE   BIT &FEE2
     A3C8   10 FB      BPL &A3C5
     A3CA   AD E3 FE   LDA &FEE3
     A3CD   60         RTS
.SERVICE09_TUBEHelp
     A3CE   C9 09      CMP #&09
     A3D0   D0 2A      BNE &A3FC
     A3D2   98         TYA
     A3D3   48         PHA
     A3D4   B1 F2      LDA (&F2),Y
     A3D6   C9 0D      CMP #&0D
     A3D8   D0 1E      BNE &A3F8
     A3DA   A9 E9      LDA #&E9
     A3DC   20 7B 93   JSR &937B
     A3DF   A6 F4      LDX &F4
     A3E1   98         TYA
     A3E2   F0 14      BEQ &A3F8
     A3E4   20 9E 80   JSR &809E
     A3E7   0D
     A3E8   54 55 42 ...
     A3F6   0D
     A3F7   EA         NOP
.Label_AED3
     A3F8   68         PLA
     A3F9   A8         TAY
     A3FA   A9 09      LDA #&09
.SERVICEFE_TUBEPostInit
     A3FC   C9 FE      CMP #&FE
     A3FE   90 5C      BCC &A45C
     A400   D0 1B      BNE &A41D
     A402   C0 00      CPY #&00
     A404   F0 56      BEQ &A45C
     A406   A2 06      LDX #&06
     A408   A9 14      LDA #&14
     A40A   20 F4 FF   JSR &FFF4
.servFE_tubemsg_loop
     A40D   2C E0 FE   BIT &FEE0
     A410   10 FB      BPL &A40D
     A412   AD E1 FE   LDA &FEE1
     A415   F0 43      BEQ &A45A
     A417   20 EE FF   JSR &FFEE
     A41A   4C 0D A4   JMP &A40D
.SERVICEFF_TUBEInit
     A41D   A9 AD      LDA #&AD
     A41F   8D 20 02   STA &0220
     A422   A9 06      LDA #&06
     A424   8D 21 02   STA &0221
     A427   A9 16      LDA #&16
     A429   8D 02 02   STA &0202
     A42C   A9 00      LDA #&00
     A42E   8D 03 02   STA &0203
     A431   A9 8E      LDA #&8E
     A433   8D E0 FE   STA &FEE0
     A436   A0 00      LDY #&00
.servFF_copytubecode_loop
     A438   B9 9E A4   LDA &A49E,Y
     A43B   99 00 04   STA &0400,Y
     A43E   B9 00 A2   LDA &A200,Y
     A441   99 00 05   STA &0500,Y
     A444   B9 00 A3   LDA &A300,Y
     A447   99 00 06   STA &0600,Y
     A44A   88         DEY
     A44B   D0 EB      BNE &A438
     A44D   20 21 04   JSR &0421
     A450   A2 41      LDX #&41
.servFF_copytubezpcode_loop
     A452   BD 5D A4   LDA &A45D,X
     A455   95 16      STA &16,X
     A457   CA         DEX
     A458   10 F8      BPL &A452
.servFE_exitA_0
     A45A   A9 00      LDA #&00
.servFE_exit
     A45C   60         RTS
.TUBE_ZP_CODE_0016
     A45D   A9 FF      LDA #&FF
     A45F   20 9E 06   JSR &069E
     A462   AD E3 FE   LDA &FEE3
     A465   A9 00      LDA #&00
     A467   20 95 06   JSR &0695
     A46A   A8         TAY
     A46B   B1 FD      LDA (&FD),Y
     A46D   20 95 06   JSR &0695
.Label_AF4B
     A470   C8         INY
     A471   B1 FD      LDA (&FD),Y
     A473   20 95 06   JSR &0695
     A476   AA         TAX
     A477   D0 F7      BNE &A470
     A479   A2 FF      LDX #&FF
     A47B   9A         TXS
     A47C   58         CLI
.Label_AF58
     A47D   2C E0 FE   BIT &FEE0
     A480   10 06      BPL &A488
.Label_AF5D
     A482   AD E1 FE   LDA &FEE1
     A485   20 EE FF   JSR &FFEE
.Label_AF63
     A488   2C E2 FE   BIT &FEE2
     A48B   10 F0      BPL &A47D
     A48D   2C E0 FE   BIT &FEE0
     A490   30 F0      BMI &A482
     A492   AE E3 FE   LDX &FEE3
     A495   86 51      STX &51
     A497   6C 00 05   JMP (&0500)
     A49A   00 80
     A49C   00 00
.TUBE_CODE_400
     A49E   4C 84 04   JMP &0484
     A4A1   4C A7 06   JMP &06A7
     A4A4   C9 80      CMP #&80
     A4A6   90 2B      BCC &A4D3
     A4A8   C9 C0      CMP #&C0
     A4AA   B0 1A      BCS &A4C6
     A4AC   09 40      ORA #&40
     A4AE   C5 15      CMP &15
     A4B0   D0 20      BNE &A4D2
     A4B2   08         PHP
     A4B3   78         SEI
     A4B4   A9 05      LDA #&05
     A4B6   20 9E 06   JSR &069E
     A4B9   A5 15      LDA &15
     A4BB   20 9E 06   JSR &069E
     A4BE   28         PLP
     A4BF   A9 80      LDA #&80
     A4C1   85 15      STA &15
     A4C3   85 14      STA &14
     A4C5   60         RTS
.Label_AFA1
     A4C6   06 14      ASL &14
     A4C8   B0 06      BCS &A4D0
     A4CA   C5 15      CMP &15
     A4CC   F0 04      BEQ &A4D2
     A4CE   18         CLC
     A4CF   60         RTS
.Label_AFAB
     A4D0   85 15      STA &15
.Label_AFAD
     A4D2   60         RTS
.Label_AFAE
     A4D3   08         PHP
     A4D4   78         SEI
     A4D5   84 13      STY &13
     A4D7   86 12      STX &12
     A4D9   20 9E 06   JSR &069E
     A4DC   AA         TAX
     A4DD   A0 03      LDY #&03
     A4DF   A5 15      LDA &15
     A4E1   20 9E 06   JSR &069E
.Label_AFBF
     A4E4   B1 12      LDA (&12),Y
     A4E6   20 9E 06   JSR &069E
     A4E9   88         DEY
     A4EA   10 F8      BPL &A4E4
     A4EC   A0 18      LDY #&18
     A4EE   8C E0 FE   STY &FEE0
     A4F1   BD 18 05   LDA &0518,X
     A4F4   8D E0 FE   STA &FEE0
     A4F7   4A         LSR A
     A4F8   4A         LSR A
     A4F9   90 06      BCC &A501
     A4FB   2C E5 FE   BIT &FEE5
     A4FE   2C E5 FE   BIT &FEE5
.Label_AFDC
     A501   20 9E 06   JSR &069E
.Label_AFDF
     A504   2C E6 FE   BIT &FEE6
     A507   50 FB      BVC &A504
     A509   B0 0D      BCS &A518
     A50B   E0 04      CPX #&04
     A50D   D0 11      BNE &A520
.Label_AFEA
     A50F   20 14 04   JSR &0414
     A512   20 95 06   JSR &0695
     A515   4C 32 00   JMP &0032
.Label_AFF3
     A518   4A         LSR A
     A519   90 05      BCC &A520
     A51B   A0 88      LDY #&88
     A51D   8C E0 FE   STY &FEE0
.Label_AFFB
     A520   28         PLP
     A521   60         RTS
     A522   58         CLI
     A523   B0 0A      BCS &A52F
     A525   D0 03      BNE &A52A
     A527   4C 9C 05   JMP &059C
.Label_B005
     A52A   AE 8D 02   LDX &028D
     A52D   F0 E0      BEQ &A50F
.Label_B00A
     A52F   A9 FF      LDA #&FF
     A531   20 06 04   JSR &0406
     A534   90 F9      BCC &A52F
     A536   20 CE 04   JSR &04CE
.Label_B014
     A539   08         PHP
     A53A   78         SEI
     A53B   A9 07      LDA #&07
     A53D   20 C7 04   JSR &04C7
     A540   A0 00      LDY #&00
     A542   84 00      STY &00
.Label_B01F
     A544   B1 00      LDA (&00),Y
     A546   8D E5 FE   STA &FEE5
     A549   EA         NOP
     A54A   EA         NOP
     A54B   EA         NOP
     A54C   C8         INY
     A54D   D0 F5      BNE &A544
     A54F   28         PLP
     A550   E6 54      INC &54
     A552   D0 06      BNE &A55A
     A554   E6 55      INC &55
     A556   D0 02      BNE &A55A
     A558   E6 56      INC &56
.Label_B035
     A55A   E6 01      INC &01
     A55C   24 01      BIT &01
     A55E   50 D9      BVC &A539
     A560   20 CE 04   JSR &04CE
     A563   A9 04      LDA #&04
     A565   A0 00      LDY #&00
     A567   A2 53      LDX #&53
     A569   4C 06 04   JMP &0406
     A56C   A9 80      LDA #&80
     A56E   85 54      STA &54
     A570   85 01      STA &01
     A572   A9 20      LDA #&20
     A574   2D 06 80   AND &8006
     A577   A8         TAY
     A578   84 53      STY &53
     A57A   F0 19      BEQ &A595
     A57C   AE 07 80   LDX &8007
.Label_B05A
     A57F   E8         INX
     A580   BD 00 80   LDA &8000,X
     A583   D0 FA      BNE &A57F
     A585   BD 01 80   LDA &8001,X
     A588   85 53      STA &53
     A58A   BD 02 80   LDA &8002,X
     A58D   85 54      STA &54
     A58F   BC 03 80   LDY &8003,X
     A592   BD 04 80   LDA &8004,X
.Label_B070
     A595   85 56      STA &56
     A597   84 55      STY &55
     A599   60         RTS
Processed file 'TubeHost230.asm' ok
.CalculateCRC7
     AB00   A0 0F      LDY #&0F
     AB02   A9 00      LDA #&00
.c7loop1
     AB04   59 E0 A4   EOR &A4E0,Y
     AB07   0A         ASL A
     AB08   A2 07      LDX #&07
.c7loop2
     AB0A   90 02      BCC &AB0E
     AB0C   49 12      EOR #&12
.c7b7z1
     AB0E   0A         ASL A
     AB0F   CA         DEX
     AB10   D0 F8      BNE &AB0A
     AB12   90 02      BCC &AB16
     AB14   49 12      EOR #&12
.c7b7z2
     AB16   88         DEY
     AB17   10 EB      BPL &AB04
     AB19   09 01      ORA #&01
     AB1B   60         RTS
.CheckCRC7
     AB1C   20 F9 83   JSR &83F9
     AB1F   20 00 AB   JSR &AB00
     AB22   CD F0 A4   CMP &A4F0
     AB25   D0 01      BNE &AB28
     AB27   60         RTS
.errBadSum
     AB28   20 57 80   JSR &8057
     AB2B   FF
     AB2C   53 75 6D 
     AB2F   00
.ResetCRC7
     AB30   20 F9 83   JSR &83F9
     AB33   20 00 AB   JSR &AB00
     AB36   8D F0 A4   STA &A4F0
     AB39   18         CLC
     AB3A   60         RTS
.CheckForException
     AB3B   AD 74 A4   LDA &A474
     AB3E   2D 75 A4   AND &A475
     AB41   0D D6 A4   ORA &A4D6
     AB44   49 FF      EOR #&FF
     AB46   D0 1E      BNE &AB66
     AB48   A5 C2      LDA &C2
     AB4A   29 30      AND #&30
     AB4C   D0 19      BNE &AB67
     AB4E   A5 C1      LDA &C1
     AB50   30 15      BMI &AB67
     AB52   18         CLC
     AB53   A5 BC      LDA &BC
     AB55   65 C0      ADC &C0
     AB57   AA         TAX
     AB58   A5 BD      LDA &BD
     AB5A   30 0B      BMI &AB67
     AB5C   65 C1      ADC &C1
     AB5E   10 06      BPL &AB66
     AB60   0A         ASL A
     AB61   D0 04      BNE &AB67
     AB63   8A         TXA
     AB64   D0 01      BNE &AB67
.noexception
     AB66   60         RTS
.errException
     AB67   20 71 80   JSR &8071
     AB6A   FF
     AB6B   4E 6F 74 ...
     AB76   00
.Set_CurDirDrv_ToDefaults_CheckCurDrvCat
     AB77   20 DA 8B   JSR &8BDA
.CheckCurDrvCat
     AB7A   AD 82 A4   LDA &A482
     AB7D   C5 CD      CMP &CD
     AB7F   D0 07      BNE &AB88
     AB81   60         RTS
.Set_CurDirDrv_ToDefaults_and_load
     AB82   20 DA 8B   JSR &8BDA
.LoadCurDrvCat2
     AB85   20 F9 83   JSR &83F9
.LoadCurDrvCat
     AB88   A9 53      LDA #&53
     AB8A   D0 0D      BNE &AB99
.SaveCatToDisk
     AB8C   AD 04 A3   LDA &A304
     AB8F   18         CLC
     AB90   F8         SED
     AB91   69 01      ADC #&01
     AB93   8D 04 A3   STA &A304
     AB96   D8         CLD
     AB97   A9 4B      LDA #&4B
.exec_cat_rw
     AB99   48         PHA
     AB9A   A5 CD      LDA &CD
     AB9C   A2 00      LDX #&00
.loop
     AB9E   9D B0 A4   STA &A4B0,X
     ABA1   BD B6 AB   LDA &ABB6,X
     ABA4   E8         INX
     ABA5   E0 0A      CPX #&0A
     ABA7   D0 F5      BNE &AB9E
     ABA9   68         PLA
     ABAA   8D B6 A4   STA &A4B6
     ABAD   20 DD AB   JSR &ABDD
     ABB0   A5 CD      LDA &CD
     ABB2   8D 82 A4   STA &A482
     ABB5   60         RTS
.datax
     ABB6   00
     ABB7   A2
     ABB8   FF
     ABB9   FF
     ABBA   03
     ABBB   53
     ABBC   00
     ABBD   00
     ABBE   22
.OW7F_Execute
     ABBF   A5 B0      LDA &B0
     ABC1   48         PHA
     ABC2   A5 B1      LDA &B1
     ABC4   48         PHA
     ABC5   A9 B0      LDA #&B0
     ABC7   85 B0      STA &B0
     ABC9   A9 A4      LDA #&A4
     ABCB   85 B1      STA &B1
     ABCD   20 2C B9   JSR &B92C
     ABD0   68         PLA
     ABD1   85 B1      STA &B1
     ABD3   68         PLA
     ABD4   85 B0      STA &B0
     ABD6   AE B5 A4   LDX &A4B5
     ABD9   BD B7 A4   LDA &A4B7,X
     ABDC   60         RTS
.OW7F_Execute_and_ReportIfDiskFault
     ABDD   20 BF AB   JSR &ABBF
.ReportIfDiskFault
     ABE0   D0 01      BNE &ABE3
     ABE2   60         RTS
.l0
     ABE3   C9 10      CMP #&10
     ABE5   D0 10      BNE &ABF7
     ABE7   20 61 80   JSR &8061
     ABEA   C7
     ABEB   44 72 69 ...
     ABF6   00
.l1
     ABF7   C9 12      CMP #&12
     ABF9   D0 0E      BNE &AC09
     ABFB   20 4C 80   JSR &804C
     ABFE   C9
     ABFF   72 65 61 ...
     AC08   00
.l2
     AC09   A5 CD      LDA &CD
     AC0B   8D B0 A4   STA &A4B0
     AC0E   A2 06      LDX #&06
.loop1
     AC10   BD 6C AC   LDA &AC6C,X
     AC13   9D B1 A4   STA &A4B1,X
     AC16   CA         DEX
     AC17   10 F7      BPL &AC10
     AC19   20 BF AB   JSR &ABBF
     AC1C   48         PHA
     AC1D   A5 CD      LDA &CD
     AC1F   29 02      AND #&02
     AC21   0A         ASL A
     AC22   0A         ASL A
     AC23   69 12      ADC #&12
     AC25   8D B7 A4   STA &A4B7
     AC28   20 BF AB   JSR &ABBF
     AC2B   48         PHA
     AC2C   20 4C 80   JSR &804C
     AC2F   00         BRK
     AC30   EA         NOP
     AC31   20 78 80   JSR &8078
     AC34   C7
     AC35   73 65 63 ...
     AC49   EA         NOP
     AC4A   A9 3A      LDA #&3A
     AC4C   20 27 B9   JSR &B927
     AC4F   A5 CD      LDA &CD
     AC51   20 99 8C   JSR &8C99
     AC54   A9 20      LDA #&20
     AC56   20 27 B9   JSR &B927
     AC59   68         PLA
     AC5A   20 91 8C   JSR &8C91
     AC5D   A9 2F      LDA #&2F
     AC5F   20 27 B9   JSR &B927
     AC62   68         PLA
     AC63   20 91 8C   JSR &8C91
     AC66   20 78 80   JSR &8078
     AC69   C7
     AC6A   00
     AC6B   EA         NOP
.spec
     AC6C   00
     AC6D   00
     AC6E   00
     AC6F   00
     AC70   01
     AC71   7D
     AC72   06
.bcd_inc16_zp_x_A8
     AC73   A2 A8      LDX #&A8
.bcd_inc16_zp_x
     AC75   F8         SED
     AC76   18         CLC
     AC77   B5 00      LDA &00,X
     AC79   69 01      ADC #&01
     AC7B   95 00      STA &00,X
     AC7D   B5 01      LDA &01,X
     AC7F   69 00      ADC #&00
     AC81   95 01      STA &01,X
     AC83   D8         CLD
     AC84   60         RTS
Including file MMC_Pi1MHz.asm
.MMC_DEVICE_RESET
     AC85   A9 00      LDA #&00
     AC87   8D A6 FC   STA &FCA6
     AC8A   A0 F0      LDY #&F0
     AC8C   8C A7 FC   STY &FCA7
     AC8F   A2 FF      LDX #&FF
     AC91   8E A8 FC   STX &FCA8
     AC94   8D A9 FC   STA &FCA9
     AC97   8D A9 FC   STA &FCA9
     AC9A   8D A9 FC   STA &FCA9
     AC9D   8D A9 FC   STA &FCA9
     ACA0   8D A9 FC   STA &FCA9
     ACA3   A0 E0      LDY #&E0
     ACA5   8C A9 FC   STY &FCA9
     ACA8   8E A9 FC   STX &FCA9
     ACAB   8D A9 FC   STA &FCA9
     ACAE   A0 0C      LDY #&0C
     ACB0   8C A6 FC   STY &FCA6
     ACB3   A0 01      LDY #&01
     ACB5   8C A9 FC   STY &FCA9
     ACB8   8D A9 FC   STA &FCA9
     ACBB   8D A9 FC   STA &FCA9
     ACBE   8D A9 FC   STA &FCA9
     ACC1   60         RTS
.MMC_16Clocks
     ACC2   60         RTS
.MMC_Clocks
     ACC3   F0 07      BEQ &ACCC
.count
     ACC5   AD A9 FC   LDA &FCA9
     ACC8   88         DEY
     ACC9   D0 FA      BNE &ACC5
     ACCB   60         RTS
.skip_sector
.MMC_ReadBuffer
.MMC_WriteBuffer
     ACCC   A9 E1      LDA #&E1
     ACCE   8D A7 FC   STA &FCA7
     ACD1   60         RTS
.MMC_DoCommand
     ACD2   AD 88 A4   LDA &A488
     ACD5   C9 51      CMP #&51
     ACD7   D0 43      BNE &AD1C
.setup_read_buffer
     ACD9   A9 00      LDA #&00
.setup_buffer
     ACDB   A2 00      LDX #&00
     ACDD   8E A6 FC   STX &FCA6
     ACE0   A0 F0      LDY #&F0
     ACE2   8C A7 FC   STY &FCA7
     ACE5   A2 FF      LDX #&FF
     ACE7   8E A8 FC   STX &FCA8
     ACEA   8D A9 FC   STA &FCA9
     ACED   A2 08      LDX #&08
     ACEF   8E A6 FC   STX &FCA6
     ACF2   AE 8C A4   LDX &A48C
     ACF5   8E A9 FC   STX &FCA9
     ACF8   AE 8B A4   LDX &A48B
     ACFB   8E A9 FC   STX &FCA9
     ACFE   AE 8A A4   LDX &A48A
     AD01   8E A9 FC   STX &FCA9
     AD04   AE 89 A4   LDX &A489
     AD07   8E A9 FC   STX &FCA9
     AD0A   90 03      BCC &AD0F
     AD0C   8C AA FC   STY &FCAA
.skip
     AD0F   A2 E0      LDX #&E0
     AD11   8E A7 FC   STX &FCA7
     AD14   A9 00      LDA #&00
     AD16   8D A6 FC   STA &FCA6
.MMC_send_cid
.MMC_send_op
.MMC_set_blk_size
.MMC_return
     AD19   A9 00      LDA #&00
.dbgMmc
     AD1B   60         RTS
.notareadcommand
     AD1C   A9 01      LDA #&01
     AD1E   18         CLC
     AD1F   90 BA      BCC &ACDB
.MMC_EndWrite
     AD21   A9 F0      LDA #&F0
     AD23   8D AA FC   STA &FCAA
     AD26   EA         NOP
.MMC_WaitForData
.loop
     AD27   AD AA FC   LDA &FCAA
     AD2A   30 FB      BMI &AD27
     AD2C   A9 E0      LDA #&E0
     AD2E   8D A7 FC   STA &FCA7
     AD31   A9 00      LDA #&00
     AD33   8D A6 FC   STA &FCA6
     AD36   60         RTS
.MMC_Read256
     AD37   AC AE A4   LDY &A4AE
     AD3A   D0 09      BNE &AD45
.rdl1
     AD3C   AD A9 FC   LDA &FCA9
     AD3F   91 BC      STA (&BC),Y
     AD41   C8         INY
     AD42   D0 F8      BNE &AD3C
     AD44   60         RTS
.rdlT20
     AD45   A2 00      LDX #&00
     AD47   F0 11      BEQ &AD5A
.MMC_ReadBLS
     AD49   A6 C6      LDX &C6
     AD4B   AC AE A4   LDY &A4AE
     AD4E   D0 0A      BNE &AD5A
.rdl2
     AD50   AD A9 FC   LDA &FCA9
     AD53   91 BC      STA (&BC),Y
     AD55   C8         INY
     AD56   CA         DEX
     AD57   D0 F7      BNE &AD50
     AD59   60         RTS
.rdlT1
.rdlT2
.rdlT3
     AD5A   AD A9 FC   LDA &FCA9
     AD5D   8D E5 FE   STA &FEE5
     AD60   20 6B AD   JSR &AD6B
     AD63   20 6B AD   JSR &AD6B
     AD66   EA         NOP
     AD67   CA         DEX
     AD68   D0 F0      BNE &AD5A
     AD6A   60         RTS
.donothing16cycles
     AD6B   EA         NOP
.donothing14cycles
     AD6C   EA         NOP
.MMC_SendingData
.donothing
     AD6D   60         RTS
.MMC_Write256
     AD6E   AC AE A4   LDY &A4AE
     AD71   D0 09      BNE &AD7C
.wr1
     AD73   B1 BC      LDA (&BC),Y
     AD75   8D A9 FC   STA &FCA9
     AD78   C8         INY
     AD79   D0 F8      BNE &AD73
     AD7B   60         RTS
.wrT1
     AD7C   A0 00      LDY #&00
.wrT2
     AD7E   AD E5 FE   LDA &FEE5
     AD81   8D A9 FC   STA &FCA9
     AD84   20 6B AD   JSR &AD6B
     AD87   20 6B AD   JSR &AD6B
     AD8A   EA         NOP
     AD8B   C8         INY
     AD8C   D0 F0      BNE &AD7E
     AD8E   60         RTS
Processed file 'MMC_Pi1MHz.asm' ok
.errWrite2
     AD8F   98         TYA
     AD90   20 E9 B8   JSR &B8E9
     AD93   57 72 69 ...
     ADA8   00
Including file MMC.asm
.MMC_INIT
     ADA9   A9 01      LDA #&01
     ADAB   8D DE A4   STA &A4DE
     ADAE   A9 40      LDA #&40
     ADB0   8D AF A4   STA &A4AF
     ADB3   20 44 80   JSR &8044
     ADB6   18         CLC
     ADB7   60         RTS
.MMC_GetCIDCRC
     ADB8   A9 AA      LDA #&AA
     ADBA   A8         TAY
     ADBB   60         RTS
.MMC_SetupWrite
     ADBC   A9 58      LDA #&58
     ADBE   D0 02      BNE &ADC2
.MMC_SetupRead
     ADC0   A9 51      LDA #&51
.setuprw
     ADC2   8D 88 A4   STA &A488
.setCommandAddress
.setCommandAddressSDHC
     ADC5   A9 00      LDA #&00
     ADC7   8D 89 A4   STA &A489
     ADCA   A5 C0      LDA &C0
     ADCC   4A         LSR A
     ADCD   8D 8A A4   STA &A48A
     ADD0   A5 BF      LDA &BF
     ADD2   6A         ROR A
     ADD3   8D 8B A4   STA &A48B
     ADD6   A5 BE      LDA &BE
     ADD8   6A         ROR A
     ADD9   8D 8C A4   STA &A48C
     ADDC   60         RTS
.MMC_StartRead
     ADDD   20 D2 AC   JSR &ACD2
     ADE0   D0 03      BNE &ADE5
     ADE2   4C 27 AD   JMP &AD27
.errRead
     ADE5   20 E9 B8   JSR &B8E9
     ADE8   52 65 61 ...
     ADF3   00
.MMC_StartWrite
     ADF4   20 D2 AC   JSR &ACD2
     ADF7   D0 03      BNE &ADFC
     ADF9   4C 6D AD   JMP &AD6D
.errWrite
     ADFC   20 E9 B8   JSR &B8E9
     ADFF   57 72 69 ...
     AE0B   00
.SetupCatRW
     AE0C   20 3A 80   JSR &803A
     AE0F   A9 00      LDA #&00
     AE11   8D AE A4   STA &A4AE
     AE14   85 BC      STA &BC
     AE16   A9 A2      LDA #&A2
     AE18   85 BD      STA &BD
     AE1A   60         RTS
.MMC_ReadCatalogue
     AE1B   20 0C AE   JSR &AE0C
     AE1E   20 C0 AD   JSR &ADC0
     AE21   20 DD AD   JSR &ADDD
     AE24   20 37 AD   JSR &AD37
     AE27   E6 BD      INC &BD
     AE29   20 37 AD   JSR &AD37
     AE2C   20 C2 AC   JSR &ACC2
     AE2F   4C 44 80   JMP &8044
.MMC_WriteCatalogue
     AE32   20 0C AE   JSR &AE0C
     AE35   20 BC AD   JSR &ADBC
     AE38   20 F4 AD   JSR &ADF4
     AE3B   20 6E AD   JSR &AD6E
     AE3E   E6 BD      INC &BD
     AE40   20 6E AD   JSR &AD6E
     AE43   20 21 AD   JSR &AD21
     AE46   4C 44 80   JMP &8044
.MMC_RWBlock_CheckIfToTube
     AE49   48         PHA
     AE4A   AD AC A4   LDA &A4AC
     AE4D   2D AD A4   AND &A4AD
     AE50   0D D6 A4   ORA &A4D6
     AE53   49 FF      EOR #&FF
     AE55   8D AE A4   STA &A4AE
     AE58   38         SEC
     AE59   F0 0D      BEQ &AE68
     AE5B   20 66 8C   JSR &8C66
     AE5E   A2 AA      LDX #&AA
     AE60   A0 A4      LDY #&A4
     AE62   68         PLA
     AE63   48         PHA
     AE64   20 06 04   JSR &0406
     AE67   18         CLC
.notTube
     AE68   68         PLA
     AE69   60         RTS
.MMC_ReadBlock
     AE6A   4E A6 A4   LSR &A4A6
     AE6D   20 3A 80   JSR &803A
     AE70   20 7A AE   JSR &AE7A
     AE73   4C 44 80   JMP &8044
.rb_err
     AE76   6E A6 A4   ROR &A4A6
.rb1_exit
     AE79   60         RTS
.rdblk
     AE7A   A6 C4      LDX &C4
     AE7C   D0 04      BNE &AE82
     AE7E   A5 C5      LDA &C5
     AE80   F0 F7      BEQ &AE79
.rb1
     AE82   A9 01      LDA #&01
     AE84   20 49 AE   JSR &AE49
     AE87   A6 C4      LDX &C4
     AE89   66 BE      ROR &BE
     AE8B   66 C1      ROR &C1
     AE8D   10 07      BPL &AE96
     AE8F   E8         INX
     AE90   86 C4      STX &C4
     AE92   D0 02      BNE &AE96
     AE94   E6 C5      INC &C5
.rb2
     AE96   06 BE      ASL &BE
     AE98   20 C0 AD   JSR &ADC0
     AE9B   A5 C5      LDA &C5
     AE9D   D0 0E      BNE &AEAD
     AE9F   A6 C4      LDX &C4
     AEA1   E0 03      CPX #&03
     AEA3   B0 08      BCS &AEAD
.rb4_loop
     AEA5   A5 C6      LDA &C6
     AEA7   D0 47      BNE &AEF0
     AEA9   E0 01      CPX #&01
     AEAB   F0 3A      BEQ &AEE7
.rb3
     AEAD   24 C1      BIT &C1
     AEAF   10 0D      BPL &AEBE
     AEB1   20 DD AD   JSR &ADDD
     AEB4   A0 00      LDY #&00
     AEB6   84 C1      STY &C1
     AEB8   20 C3 AC   JSR &ACC3
     AEBB   4C C6 AE   JMP &AEC6
.rb6_loop
     AEBE   20 DD AD   JSR &ADDD
     AEC1   20 37 AD   JSR &AD37
     AEC4   E6 BD      INC &BD
.rb7
     AEC6   20 37 AD   JSR &AD37
     AEC9   E6 BD      INC &BD
     AECB   20 C2 AC   JSR &ACC2
     AECE   20 C9 AF   JSR &AFC9
     AED1   F0 A6      BEQ &AE79
     AED3   20 7D B8   JSR &B87D
     AED6   B0 9E      BCS &AE76
     AED8   20 C0 AD   JSR &ADC0
     AEDB   A6 C4      LDX &C4
     AEDD   A5 C5      LDA &C5
     AEDF   D0 DD      BNE &AEBE
     AEE1   E0 03      CPX #&03
     AEE3   B0 D9      BCS &AEBE
     AEE5   90 BE      BCC &AEA5
.rb9
     AEE7   20 DD AD   JSR &ADDD
     AEEA   20 37 AD   JSR &AD37
     AEED   4C 17 AF   JMP &AF17
.rb5
     AEF0   20 DD AD   JSR &ADDD
     AEF3   24 C1      BIT &C1
     AEF5   10 08      BPL &AEFF
     AEF7   A0 00      LDY #&00
     AEF9   20 C3 AC   JSR &ACC3
     AEFC   4C 08 AF   JMP &AF08
.rbx1
     AEFF   C6 C4      DEC &C4
     AF01   F0 05      BEQ &AF08
     AF03   20 37 AD   JSR &AD37
     AF06   E6 BD      INC &BD
.rbx2
     AF08   20 49 AD   JSR &AD49
     AF0B   98         TYA
     AF0C   49 FF      EOR #&FF
     AF0E   A8         TAY
     AF0F   C8         INY
     AF10   20 C3 AC   JSR &ACC3
     AF13   A5 C4      LDA &C4
     AF15   D0 05      BNE &AF1C
.rbx4
     AF17   A0 00      LDY #&00
     AF19   20 C3 AC   JSR &ACC3
.rbx3
     AF1C   4C C2 AC   JMP &ACC2
.wb1_exit
     AF1F   60         RTS
.MMC_WriteBlock
     AF20   4E A6 A4   LSR &A4A6
     AF23   20 3A 80   JSR &803A
     AF26   20 2C AF   JSR &AF2C
     AF29   4C 44 80   JMP &8044
.wrblk
     AF2C   A6 C4      LDX &C4
     AF2E   D0 04      BNE &AF34
     AF30   A5 C5      LDA &C5
     AF32   F0 EB      BEQ &AF1F
.wb1
     AF34   A9 00      LDA #&00
     AF36   20 49 AE   JSR &AE49
     AF39   A6 C4      LDX &C4
     AF3B   66 BE      ROR &BE
     AF3D   6A         ROR A
     AF3E   06 BE      ASL &BE
     AF40   48         PHA
     AF41   20 BC AD   JSR &ADBC
     AF44   68         PLA
     AF45   10 37      BPL &AF7E
     AF47   A9 51      LDA #&51
     AF49   8D 88 A4   STA &A488
     AF4C   20 DD AD   JSR &ADDD
     AF4F   20 CC AC   JSR &ACCC
     AF52   A0 00      LDY #&00
     AF54   20 C3 AC   JSR &ACC3
     AF57   A0 02      LDY #&02
     AF59   20 C3 AC   JSR &ACC3
     AF5C   A9 58      LDA #&58
     AF5E   8D 88 A4   STA &A488
     AF61   20 F4 AD   JSR &ADF4
     AF64   20 CC AC   JSR &ACCC
     AF67   20 6E AD   JSR &AD6E
     AF6A   20 21 AD   JSR &AD21
     AF6D   A9 FF      LDA #&FF
     AF6F   20 CB AF   JSR &AFCB
     AF72   F0 AB      BEQ &AF1F
     AF74   E6 BD      INC &BD
.wb4
     AF76   20 7D B8   JSR &B87D
     AF79   B0 4A      BCS &AFC5
     AF7B   20 BC AD   JSR &ADBC
.wb2
     AF7E   A5 C5      LDA &C5
     AF80   D0 2D      BNE &AFAF
     AF82   A6 C4      LDX &C4
     AF84   F0 3E      BEQ &AFC4
     AF86   CA         DEX
     AF87   D0 26      BNE &AFAF
     AF89   A9 51      LDA #&51
     AF8B   8D 88 A4   STA &A488
     AF8E   20 DD AD   JSR &ADDD
     AF91   A0 00      LDY #&00
     AF93   20 C3 AC   JSR &ACC3
     AF96   20 CC AC   JSR &ACCC
     AF99   A0 02      LDY #&02
     AF9B   20 C3 AC   JSR &ACC3
     AF9E   A9 58      LDA #&58
     AFA0   8D 88 A4   STA &A488
     AFA3   20 F4 AD   JSR &ADF4
     AFA6   20 6E AD   JSR &AD6E
     AFA9   20 CC AC   JSR &ACCC
     AFAC   4C 21 AD   JMP &AD21
.wb3
     AFAF   20 F4 AD   JSR &ADF4
     AFB2   20 6E AD   JSR &AD6E
     AFB5   E6 BD      INC &BD
     AFB7   20 6E AD   JSR &AD6E
     AFBA   E6 BD      INC &BD
     AFBC   20 21 AD   JSR &AD21
     AFBF   20 C9 AF   JSR &AFC9
     AFC2   D0 B2      BNE &AF76
.wb5
     AFC4   60         RTS
.wb_err
     AFC5   6E A6 A4   ROR &A4A6
     AFC8   60         RTS
.dec_seccountby2
     AFC9   A9 FE      LDA #&FE
.dec_seccount
     AFCB   18         CLC
     AFCC   65 C4      ADC &C4
     AFCE   85 C4      STA &C4
     AFD0   AA         TAX
     AFD1   A9 FF      LDA #&FF
     AFD3   65 C5      ADC &C5
     AFD5   85 C5      STA &C5
     AFD7   05 C4      ORA &C4
     AFD9   60         RTS
.MMC_BEGIN2
     AFDA   20 F9 83   JSR &83F9
     AFDD   20 E3 AF   JSR &AFE3
     AFE0   4C 36 B0   JMP &B036
.MMC_BEGIN1
     AFE3   A2 0F      LDX #&0F
.begloop1
     AFE5   B5 BC      LDA &BC,X
     AFE7   9D 90 A4   STA &A490,X
     AFEA   CA         DEX
     AFEB   10 F8      BPL &AFE5
     AFED   20 85 AC   JSR &AC85
     AFF0   2C AF A4   BIT &A4AF
     AFF3   50 01      BVC &AFF6
     AFF5   60         RTS
.begX
     AFF6   20 A9 AD   JSR &ADA9
     AFF9   B0 06      BCS &B001
     AFFB   20 0B B0   JSR &B00B
     AFFE   4C C7 B0   JMP &B0C7
.carderr
     B001   20 71 80   JSR &8071
     B004   FF
     B005   43 61 72 ...
     B00A   00
.MMC_CheckCardID
     B00B   20 1C AB   JSR &AB1C
     B00E   AD E4 A4   LDA &A4E4
     B011   F0 0D      BEQ &B020
     B013   20 B8 AD   JSR &ADB8
     B016   CD EF A4   CMP &A4EF
     B019   D0 06      BNE &B021
     B01B   CC EE A4   CPY &A4EE
     B01E   D0 01      BNE &B021
.cid_x
     B020   60         RTS
.errCardChanged
     B021   A9 00      LDA #&00
     B023   8D AF A4   STA &A4AF
     B026   20 71 80   JSR &8071
     B029   FF
     B02A   57 72 6F ...
     B035   00
.MMC_END
     B036   A2 0F      LDX #&0F
.eloop0
     B038   BD 90 A4   LDA &A490,X
     B03B   95 BC      STA &BC,X
     B03D   CA         DEX
     B03E   10 F8      BPL &B038
     B040   60         RTS
Processed file 'MMC.asm' ok
.CMD_DABOUT
     B041   A2 00      LDX #&00
.loop
     B043   BD 09 80   LDA &8009,X
     B046   D0 02      BNE &B04A
     B048   A9 0D      LDA #&0D
.print
     B04A   20 E3 FF   JSR &FFE3
     B04D   E8         INX
     B04E   E0 2E      CPX #&2E
     B050   D0 F1      BNE &B043
     B052   60         RTS
Including file MM32.asm
.mm32_cmd_dbug
.l1
     B053   20 9E 80   JSR &809E
     B056   46 41 54 ...
     B05F   A0 00      LDY #&00
     B061   20 9D B0   JSR &B09D
     B064   20 9E 80   JSR &809E
     B067   44 41 54 ...
     B070   A0 02      LDY #&02
     B072   20 9D B0   JSR &B09D
     B075   20 9E 80   JSR &809E
     B078   43 4C 55 ...
     B081   A0 04      LDY #&04
     B083   20 A3 B0   JSR &B0A3
     B086   A2 00      LDX #&00
.loop
     B088   8A         TXA
     B089   20 00 81   JSR &8100
     B08C   A9 3A      LDA #&3A
     B08E   20 EE FF   JSR &FFEE
     B091   20 AC B0   JSR &B0AC
     B094   20 E7 FF   JSR &FFE7
     B097   E8         INX
     B098   E0 03      CPX #&03
     B09A   D0 EC      BNE &B088
     B09C   60         RTS
.phex2
     B09D   B9 E1 A4   LDA &A4E1,Y
     B0A0   20 00 81   JSR &8100
.phex1
     B0A3   B9 E0 A4   LDA &A4E0,Y
     B0A6   20 00 81   JSR &8100
     B0A9   4C E7 FF   JMP &FFE7
.mm32_pclust
     B0AC   BD EB A4   LDA &A4EB,X
     B0AF   20 00 81   JSR &8100
     B0B2   BD E8 A4   LDA &A4E8,X
     B0B5   20 00 81   JSR &8100
     B0B8   BD E5 A4   LDA &A4E5,X
     B0BB   20 00 81   JSR &8100
     B0BE   60         RTS
.mm32_readblock
     B0BF   A9 FF      LDA #&FF
     B0C1   8D 82 A4   STA &A482
     B0C4   4C 1B AE   JMP &AE1B
.mm32_init_dos
     B0C7   20 1C AB   JSR &AB1C
     B0CA   AD E4 A4   LDA &A4E4
     B0CD   F0 01      BEQ &B0D0
     B0CF   60         RTS
.init
     B0D0   20 57 B1   JSR &B157
     B0D3   90 71      BCC &B146
     B0D5   AD 0C A2   LDA &A20C
     B0D8   C9 02      CMP #&02
     B0DA   D0 6A      BNE &B146
     B0DC   4D 2C A2   EOR &A22C
     B0DF   0D 26 A2   ORA &A226
     B0E2   D0 62      BNE &B146
     B0E4   AD 25 A2   LDA &A225
     B0E7   4A         LSR A
     B0E8   F0 5C      BEQ &B146
     B0EA   AD 0D A2   LDA &A20D
     B0ED   85 CB      STA &CB
     B0EF   A5 C7      LDA &C7
     B0F1   A4 C8      LDY &C8
     B0F3   18         CLC
     B0F4   6D 0E A2   ADC &A20E
     B0F7   AA         TAX
     B0F8   98         TYA
     B0F9   6D 0F A2   ADC &A20F
     B0FC   B0 48      BCS &B146
     B0FE   86 C7      STX &C7
     B100   85 C8      STA &C8
.loop1
     B102   A8         TAY
     B103   8A         TXA
     B104   6D 24 A2   ADC &A224
     B107   AA         TAX
     B108   98         TYA
     B109   6D 25 A2   ADC &A225
     B10C   B0 38      BCS &B146
     B10E   CE 10 A2   DEC &A210
     B111   D0 EF      BNE &B102
     B113   A8         TAY
     B114   0E 0D A2   ASL &A20D
     B117   8A         TXA
     B118   38         SEC
     B119   ED 0D A2   SBC &A20D
     B11C   85 C9      STA &C9
     B11E   98         TYA
     B11F   E9 00      SBC #&00
     B121   85 CA      STA &CA
     B123   20 1C AB   JSR &AB1C
     B126   20 B8 AD   JSR &ADB8
     B129   8D EF A4   STA &A4EF
     B12C   8C EE A4   STY &A4EE
     B12F   A0 05      LDY #&05
.loop2
     B131   B9 C6 00   LDA &00C6,Y
     B134   99 DF A4   STA &A4DF,Y
     B137   88         DEY
     B138   D0 F7      BNE &B131
     B13A   98         TYA
     B13B   A0 08      LDY #&08
.loop3
     B13D   99 E5 A4   STA &A4E5,Y
     B140   88         DEY
     B141   10 FA      BPL &B13D
     B143   4C 30 AB   JMP &AB30
.faterr
     B146   20 71 80   JSR &8071
     B149   FF
     B14A   43 61 72 ...
     B156   00
.read_VBR
     B157   A9 00      LDA #&00
     B159   85 C7      STA &C7
     B15B   85 C8      STA &C8
     B15D   85 BE      STA &BE
     B15F   85 BF      STA &BF
     B161   85 C0      STA &C0
     B163   20 98 B1   JSR &B198
     B166   90 41      BCC &B1A9
     B168   AD 00 A2   LDA &A200
     B16B   C9 EB      CMP #&EB
     B16D   D0 0E      BNE &B17D
     B16F   AD 02 A2   LDA &A202
     B172   C9 90      CMP #&90
     B174   D0 07      BNE &B17D
     B176   AD 0C A2   LDA &A20C
     B179   C9 02      CMP #&02
     B17B   F0 2C      BEQ &B1A9
.mbr
     B17D   AD C6 A3   LDA &A3C6
     B180   85 C7      STA &C7
     B182   85 BE      STA &BE
     B184   AD C7 A3   LDA &A3C7
     B187   85 C8      STA &C8
     B189   85 BF      STA &BF
     B18B   AD C8 A3   LDA &A3C8
     B18E   0D C9 A3   ORA &A3C9
     B191   D0 17      BNE &B1AA
     B193   85 C0      STA &C0
     B195   20 E2 B8   JSR &B8E2
.isfat
     B198   20 BF B0   JSR &B0BF
     B19B   AD FE A3   LDA &A3FE
     B19E   C9 55      CMP #&55
     B1A0   D0 08      BNE &B1AA
     B1A2   AD FF A3   LDA &A3FF
     B1A5   C9 AA      CMP #&AA
     B1A7   D0 01      BNE &B1AA
.ifx
     B1A9   60         RTS
.bad
     B1AA   18         CLC
     B1AB   60         RTS
.mm32_SECT_X_First
     B1AC   B9 E5 A4   LDA &A4E5,Y
     B1AF   85 C8      STA &C8
     B1B1   B9 E8 A4   LDA &A4E8,Y
     B1B4   85 C9      STA &C9
     B1B6   B9 EB A4   LDA &A4EB,Y
     B1B9   85 C2      STA &C2
     B1BB   29 3F      AND #&3F
     B1BD   85 CA      STA &CA
     B1BF   05 C8      ORA &C8
     B1C1   05 C9      ORA &C9
     B1C3   D0 0C      BNE &B1D1
     B1C5   C0 02      CPY #&02
     B1C7   F0 04      BEQ &B1CD
     B1C9   24 C2      BIT &C2
     B1CB   10 0F      BPL &B1DC
.l1
     B1CD   A9 02      LDA #&02
     B1CF   85 C8      STA &C8
.l2
     B1D1   AD E4 A4   LDA &A4E4
     B1D4   85 CB      STA &CB
     B1D6   A9 00      LDA #&00
     B1D8   85 CE      STA &CE
     B1DA   B8         CLV
     B1DB   60         RTS
.l3
     B1DC   2C DF B1   BIT &B1DF
.l4
     B1DF   60         RTS
.mm32_SECT_X_Next
     B1E0   C6 CB      DEC &CB
     B1E2   F0 02      BEQ &B1E6
     B1E4   18         CLC
     B1E5   60         RTS
.l1
     B1E6   20 EF B1   JSR &B1EF
     B1E9   AD E4 A4   LDA &A4E4
     B1EC   85 CB      STA &CB
     B1EE   60         RTS
.next_cluster
     B1EF   20 22 84   JSR &8422
     B1F2   C6 CE      DEC &CE
     B1F4   10 1D      BPL &B213
     B1F6   AD AE A4   LDA &A4AE
     B1F9   48         PHA
     B1FA   A5 BC      LDA &BC
     B1FC   48         PHA
     B1FD   A5 BD      LDA &BD
     B1FF   48         PHA
     B200   A5 C6      LDA &C6
     B202   48         PHA
     B203   20 36 B2   JSR &B236
     B206   68         PLA
     B207   85 C6      STA &C6
     B209   68         PLA
     B20A   85 BD      STA &BD
     B20C   68         PLA
     B20D   85 BC      STA &BC
     B20F   68         PLA
     B210   8D AE A4   STA &A4AE
.l1
     B213   18         CLC
     B214   A5 CE      LDA &CE
     B216   F0 12      BEQ &B22A
     B218   E6 C8      INC &C8
     B21A   D0 0D      BNE &B229
     B21C   E6 C9      INC &C9
     B21E   D0 09      BNE &B229
     B220   E6 CA      INC &CA
.l2
     B222   A5 CA      LDA &CA
     B224   29 C0      AND #&C0
     B226   F0 01      BEQ &B229
     B228   38         SEC
.l3
     B229   60         RTS
.l4
     B22A   A2 02      LDX #&02
.loop1
     B22C   BD A0 A4   LDA &A4A0,X
     B22F   95 C8      STA &C8,X
     B231   CA         DEX
     B232   10 F8      BPL &B22C
     B234   30 EC      BMI &B222
.read_fat
     B236   A5 C8      LDA &C8
     B238   0A         ASL A
     B239   85 CB      STA &CB
     B23B   A5 C9      LDA &C9
     B23D   2A         ROL A
     B23E   A8         TAY
     B23F   A5 CA      LDA &CA
     B241   2A         ROL A
     B242   AA         TAX
     B243   98         TYA
     B244   6D E0 A4   ADC &A4E0
     B247   85 BE      STA &BE
     B249   8A         TXA
     B24A   6D E1 A4   ADC &A4E1
     B24D   85 BF      STA &BF
     B24F   A9 00      LDA #&00
     B251   8D AE A4   STA &A4AE
     B254   85 C0      STA &C0
     B256   20 E2 B8   JSR &B8E2
     B259   20 3A 80   JSR &803A
     B25C   20 C0 AD   JSR &ADC0
     B25F   20 DD AD   JSR &ADDD
     B262   A9 A0      LDA #&A0
     B264   85 BC      STA &BC
     B266   A9 A4      LDA #&A4
     B268   85 BD      STA &BD
     B26A   A5 CB      LDA &CB
     B26C   20 B5 B2   JSR &B2B5
.loop1
     B26F   E6 CE      INC &CE
     B271   A9 04      LDA #&04
     B273   85 C6      STA &C6
     B275   20 49 AD   JSR &AD49
     B278   E6 CB      INC &CB
     B27A   E6 CB      INC &CB
     B27C   F0 31      BEQ &B2AF
     B27E   38         SEC
     B27F   AD A2 A4   LDA &A4A2
     B282   29 C0      AND #&C0
     B284   0D A3 A4   ORA &A4A3
     B287   D0 1B      BNE &B2A4
     B289   AD A0 A4   LDA &A4A0
     B28C   E5 C8      SBC &C8
     B28E   A8         TAY
     B28F   AD A1 A4   LDA &A4A1
     B292   E5 C9      SBC &C9
     B294   D0 11      BNE &B2A7
     B296   AD A2 A4   LDA &A4A2
     B299   E5 CA      SBC &CA
     B29B   D0 0A      BNE &B2A7
     B29D   88         DEY
     B29E   C4 CE      CPY &CE
     B2A0   F0 CD      BEQ &B26F
     B2A2   D0 03      BNE &B2A7
.l2
     B2A4   6E A2 A4   ROR &A4A2
.l3
     B2A7   38         SEC
     B2A8   A9 00      LDA #&00
     B2AA   E5 CB      SBC &CB
     B2AC   20 B5 B2   JSR &B2B5
.l4
     B2AF   20 C2 AC   JSR &ACC2
     B2B2   4C 44 80   JMP &8044
.clocks
     B2B5   0A         ASL A
     B2B6   48         PHA
     B2B7   90 05      BCC &B2BE
     B2B9   A0 00      LDY #&00
     B2BB   20 C3 AC   JSR &ACC3
.l1
     B2BE   68         PLA
     B2BF   F0 04      BEQ &B2C5
     B2C1   A8         TAY
     B2C2   4C C3 AC   JMP &ACC3
.l2
     B2C5   60         RTS
.mm32_Scan_Dir
     B2C6   A0 02      LDY #&02
     B2C8   20 AC B1   JSR &B1AC
.loop1
     B2CB   20 A4 B8   JSR &B8A4
     B2CE   B0 0F      BCS &B2DF
     B2D0   20 BF B0   JSR &B0BF
     B2D3   20 E0 B2   JSR &B2E0
     B2D6   90 07      BCC &B2DF
     B2D8   F0 05      BEQ &B2DF
     B2DA   20 E0 B1   JSR &B1E0
     B2DD   90 EC      BCC &B2CB
.exit
     B2DF   60         RTS
.scan_block
     B2E0   A9 00      LDA #&00
     B2E2   85 AB      STA &AB
     B2E4   85 B0      STA &B0
     B2E6   A9 A2      LDA #&A2
.loop1
     B2E8   85 B1      STA &B1
.loop2
     B2EA   A0 00      LDY #&00
     B2EC   B1 B0      LDA (&B0),Y
     B2EE   F0 75      BEQ &B365
     B2F0   30 5F      BMI &B351
     B2F2   C9 21      CMP #&21
     B2F4   90 5B      BCC &B351
     B2F6   A0 15      LDY #&15
     B2F8   B1 B0      LDA (&B0),Y
     B2FA   29 0F      AND #&0F
     B2FC   D0 53      BNE &B351
     B2FE   88         DEY
     B2FF   B1 B0      LDA (&B0),Y
     B301   29 F0      AND #&F0
     B303   D0 4C      BNE &B351
     B305   A0 0B      LDY #&0B
     B307   B1 B0      LDA (&B0),Y
     B309   29 0E      AND #&0E
     B30B   D0 44      BNE &B351
     B30D   B1 B0      LDA (&B0),Y
     B30F   4A         LSR A
     B310   29 08      AND #&08
     B312   85 B8      STA &B8
     B314   F0 04      BEQ &B31A
     B316   A9 80      LDA #&80
     B318   D0 0C      BNE &B326
.l1
     B31A   24 B2      BIT &B2
     B31C   30 33      BMI &B351
     B31E   6A         ROR A
     B31F   85 B9      STA &B9
     B321   20 3E B4   JSR &B43E
     B324   05 B9      ORA &B9
.l2
     B326   85 B9      STA &B9
     B328   20 CE B3   JSR &B3CE
     B32B   20 6B B4   JSR &B46B
     B32E   B0 21      BCS &B351
     B330   A5 AA      LDA &AA
     B332   F0 14      BEQ &B348
     B334   C9 03      CMP #&03
     B336   D0 03      BNE &B33B
     B338   4C 9A B3   JMP &B39A
.lock_or_unlock
     B33B   C9 02      CMP #&02
     B33D   F0 06      BEQ &B345
     B33F   20 89 B3   JSR &B389
     B342   4C 48 B3   JMP &B348
.lock
     B345   20 78 B3   JSR &B378
.s1
     B348   24 B7      BIT &B7
     B34A   30 02      BMI &B34E
     B34C   18         CLC
     B34D   60         RTS
.logging
     B34E   20 F9 B3   JSR &B3F9
.skip
     B351   20 7D 8C   JSR &8C7D
     B354   18         CLC
     B355   A5 B0      LDA &B0
     B357   69 20      ADC #&20
     B359   85 B0      STA &B0
     B35B   90 8D      BCC &B2EA
     B35D   A5 B1      LDA &B1
     B35F   69 00      ADC #&00
     B361   C9 A3      CMP #&A3
     B363   F0 83      BEQ &B2E8
.exit
     B365   08         PHP
     B366   48         PHA
     B367   A5 AB      LDA &AB
     B369   C9 FF      CMP #&FF
     B36B   D0 03      BNE &B370
     B36D   20 32 AE   JSR &AE32
.nowrite
     B370   A0 00      LDY #&00
     B372   84 AB      STY &AB
     B374   68         PLA
     B375   28         PLP
     B376   38         SEC
     B377   60         RTS
.lock_fat_file
     B378   A9 80      LDA #&80
     B37A   85 B9      STA &B9
     B37C   A0 0B      LDY #&0B
     B37E   B1 B0      LDA (&B0),Y
     B380   09 01      ORA #&01
     B382   91 B0      STA (&B0),Y
     B384   A9 FF      LDA #&FF
     B386   85 AB      STA &AB
     B388   60         RTS
.unlock_fat_file
     B389   A9 00      LDA #&00
     B38B   85 B9      STA &B9
     B38D   A0 0B      LDY #&0B
     B38F   B1 B0      LDA (&B0),Y
     B391   29 FE      AND #&FE
     B393   91 B0      STA (&B0),Y
     B395   A9 FF      LDA #&FF
     B397   85 AB      STA &AB
     B399   60         RTS
.rename_fat_file
     B39A   A2 21      LDX #&21
     B39C   A0 00      LDY #&00
     B39E   A9 2E      LDA #&2E
     B3A0   85 BA      STA &BA
     B3A2   A9 08      LDA #&08
     B3A4   20 AD B3   JSR &B3AD
     B3A7   A9 02      LDA #&02
     B3A9   85 BA      STA &BA
     B3AB   A9 0B      LDA #&0B
.copy_and_pad_with_spaces
     B3AD   85 BB      STA &BB
.loop
     B3AF   BD 00 A4   LDA &A400,X
     B3B2   E8         INX
     B3B3   C5 BA      CMP &BA
     B3B5   F0 0E      BEQ &B3C5
     B3B7   C4 BB      CPY &BB
     B3B9   F0 F4      BEQ &B3AF
     B3BB   91 B0      STA (&B0),Y
     B3BD   C8         INY
     B3BE   D0 EF      BNE &B3AF
.padloop
     B3C0   A9 20      LDA #&20
     B3C2   91 B0      STA (&B0),Y
     B3C4   C8         INY
.pad
     B3C5   C4 BB      CPY &BB
     B3C7   D0 F7      BNE &B3C0
     B3C9   20 32 AE   JSR &AE32
     B3CC   18         CLC
     B3CD   60         RTS
.copy_name
     B3CE   A2 01      LDX #&01
     B3D0   A0 00      LDY #&00
.loop1
     B3D2   B1 B0      LDA (&B0),Y
     B3D4   C9 21      CMP #&21
     B3D6   90 04      BCC &B3DC
     B3D8   9D 00 A4   STA &A400,X
     B3DB   E8         INX
.l1
     B3DC   C8         INY
     B3DD   C0 08      CPY #&08
     B3DF   D0 06      BNE &B3E7
.l11
     B3E1   A9 2E      LDA #&2E
     B3E3   9D 00 A4   STA &A400,X
     B3E6   E8         INX
.l2
     B3E7   C0 0B      CPY #&0B
     B3E9   D0 E7      BNE &B3D2
.l3
     B3EB   A9 02      LDA #&02
     B3ED   8D 00 A4   STA &A400
     B3F0   9D 00 A4   STA &A400,X
     B3F3   A9 00      LDA #&00
     B3F5   9D 01 A4   STA &A401,X
     B3F8   60         RTS
.print_dir_entry
     B3F9   A2 03      LDX #&03
     B3FB   20 37 B4   JSR &B437
     B3FE   A2 20      LDX #&20
     B400   A5 B8      LDA &B8
     B402   F0 02      BEQ &B406
     B404   A2 2F      LDX #&2F
.l99
     B406   8A         TXA
     B407   A0 01      LDY #&01
     B409   A2 0E      LDX #&0E
.loop1
     B40B   20 E1 80   JSR &80E1
     B40E   B9 00 A4   LDA &A400,Y
     B411   C9 20      CMP #&20
     B413   90 11      BCC &B426
     B415   C9 2E      CMP #&2E
     B417   F0 04      BEQ &B41D
.l0
     B419   CA         DEX
     B41A   C8         INY
     B41B   D0 EE      BNE &B40B
.l1
     B41D   B9 01 A4   LDA &A401,Y
     B420   C9 20      CMP #&20
     B422   A9 2E      LDA #&2E
     B424   B0 F3      BCS &B419
.lx
     B426   20 37 B4   JSR &B437
     B429   A9 4C      LDA #&4C
     B42B   24 B9      BIT &B9
     B42D   30 02      BMI &B431
     B42F   A9 20      LDA #&20
.l00
     B431   20 E1 80   JSR &80E1
     B434   4C D8 80   JMP &80D8
.lspc
     B437   20 D8 80   JSR &80D8
     B43A   CA         DEX
     B43B   D0 FA      BNE &B437
     B43D   60         RTS
.is_XSD
     B43E   A0 0B      LDY #&0B
     B440   B1 B0      LDA (&B0),Y
     B442   29 10      AND #&10
     B444   D0 19      BNE &B45F
     B446   A2 FF      LDX #&FF
.loop1
     B448   A0 08      LDY #&08
     B44A   18         CLC
.loop2
     B44B   E8         INX
     B44C   BD 62 B4   LDA &B462,X
     B44F   30 0A      BMI &B45B
     B451   F0 0C      BEQ &B45F
     B453   51 B0      EOR (&B0),Y
     B455   F0 01      BEQ &B458
     B457   38         SEC
.x1
     B458   C8         INY
     B459   D0 F0      BNE &B44B
.x2
     B45B   B0 EB      BCS &B448
     B45D   0A         ASL A
     B45E   60         RTS
.l2
     B45F   A9 80      LDA #&80
     B461   60         RTS
.ext_table
     B462   53 53 44 
     B465   80
     B466   44 53 44 
     B469   A0
     B46A   00         BRK
.dir_match
     B46B   A2 0F      LDX #&0F
     B46D   A0 00      LDY #&00
.l00
     B46F   E8         INX
     B470   86 BA      STX &BA
.l0
     B472   84 BB      STY &BB
.l1
     B474   BD 00 A4   LDA &A400,X
     B477   F0 19      BEQ &B492
     B479   C9 01      CMP #&01
     B47B   F0 F2      BEQ &B46F
     B47D   B9 00 A4   LDA &A400,Y
     B480   F0 11      BEQ &B493
     B482   DD 00 A4   CMP &A400,X
     B485   D0 04      BNE &B48B
     B487   C8         INY
     B488   E8         INX
     B489   D0 E9      BNE &B474
.l2
     B48B   A6 BA      LDX &BA
     B48D   A4 BB      LDY &BB
     B48F   C8         INY
     B490   D0 E0      BNE &B472
.ex1
     B492   18         CLC
.ex2
     B493   60         RTS
.mm32_param_count
     B494   A9 00      LDA #&00
.mm32_param_count_a
     B496   48         PHA
     B497   98         TYA
     B498   48         PHA
     B499   A2 00      LDX #&00
.loop1
     B49B   20 C6 81   JSR &81C6
     B49E   F0 08      BEQ &B4A8
     B4A0   E8         INX
.loop2
     B4A1   20 AB 81   JSR &81AB
     B4A4   90 FB      BCC &B4A1
     B4A6   B0 F3      BCS &B49B
.l1
     B4A8   68         PLA
     B4A9   A8         TAY
     B4AA   68         PLA
     B4AB   10 03      BPL &B4B0
     B4AD   CA         DEX
     B4AE   30 0A      BMI &B4BA
.l2
     B4B0   E0 01      CPX #&01
     B4B2   F0 05      BEQ &B4B9
     B4B4   B0 04      BCS &B4BA
     B4B6   6A         ROR A
     B4B7   B0 01      BCS &B4BA
.l3
     B4B9   60         RTS
.err
     B4BA   4C 05 9A   JMP &9A05
.mm32_param_drive
     B4BD   90 10      BCC &B4CF
     B4BF   20 C6 81   JSR &81C6
     B4C2   20 EF 8B   JSR &8BEF
     B4C5   20 AB 81   JSR &81AB
     B4C8   A5 CD      LDA &CD
     B4CA   B0 06      BCS &B4D2
     B4CC   4C FF 8B   JMP &8BFF
.l1
     B4CF   AD CA A4   LDA &A4CA
.l2
     B4D2   29 01      AND #&01
     B4D4   85 CD      STA &CD
     B4D6   60         RTS
.mm32_param_filename
     B4D7   66 B7      ROR &B7
     B4D9   A2 01      LDX #&01
     B4DB   86 B2      STX &B2
     B4DD   86 B3      STX &B3
     B4DF   86 B4      STX &B4
     B4E1   86 B5      STX &B5
     B4E3   20 C6 81   JSR &81C6
     B4E6   F0 48      BEQ &B530
.loop1
     B4E8   20 AB 81   JSR &81AB
     B4EB   B0 43      BCS &B530
     B4ED   C9 2F      CMP #&2F
     B4EF   D0 09      BNE &B4FA
     B4F1   66 B2      ROR &B2
     B4F3   D0 F3      BNE &B4E8
.loop2
     B4F5   20 AB 81   JSR &81AB
     B4F8   B0 36      BCS &B530
.l0
     B4FA   24 B7      BIT &B7
     B4FC   10 0E      BPL &B50C
     B4FE   C9 2A      CMP #&2A
     B500   D0 0A      BNE &B50C
     B502   24 B3      BIT &B3
     B504   30 EF      BMI &B4F5
     B506   66 B3      ROR &B3
     B508   A9 01      LDA #&01
     B50A   D0 1B      BNE &B527
.l1
     B50C   46 B3      LSR &B3
     B50E   C9 2E      CMP #&2E
     B510   D0 08      BNE &B51A
     B512   24 B5      BIT &B5
     B514   10 11      BPL &B527
     B516   66 B4      ROR &B4
     B518   30 0D      BMI &B527
.l2
     B51A   38         SEC
     B51B   66 B5      ROR &B5
     B51D   C9 61      CMP #&61
     B51F   90 06      BCC &B527
     B521   C9 7B      CMP #&7B
     B523   B0 02      BCS &B527
     B525   49 20      EOR #&20
.l3
     B527   9D 10 A4   STA &A410,X
     B52A   E8         INX
     B52B   E0 10      CPX #&10
     B52D   D0 C6      BNE &B4F5
     B52F   60         RTS
.exloop
     B530   CA         DEX
     B531   F0 18      BEQ &B54B
     B533   24 B7      BIT &B7
     B535   30 0A      BMI &B541
     B537   24 B4      BIT &B4
     B539   30 06      BMI &B541
     B53B   A9 2E      LDA #&2E
     B53D   9D 11 A4   STA &A411,X
     B540   E8         INX
.lx1
     B541   A9 02      LDA #&02
     B543   8D 10 A4   STA &A410
     B546   E8         INX
     B547   9D 10 A4   STA &A410,X
     B54A   E8         INX
.lx2
     B54B   A9 00      LDA #&00
     B54D   9D 10 A4   STA &A410,X
     B550   AD 10 A4   LDA &A410
     B553   18         CLC
     B554   60         RTS
.mm32_swap_str_16_32
     B555   A2 10      LDX #&10
.loop
     B557   BD 0F A4   LDA &A40F,X
     B55A   48         PHA
     B55B   BD 1F A4   LDA &A41F,X
     B55E   9D 0F A4   STA &A40F,X
     B561   68         PLA
     B562   9D 1F A4   STA &A41F,X
     B565   CA         DEX
     B566   D0 EF      BNE &B557
     B568   60         RTS
.mm32_cmd_dcat
     B569   20 94 B4   JSR &B494
     B56C   38         SEC
     B56D   20 D7 B4   JSR &B4D7
     B570   A9 00      LDA #&00
     B572   85 AA      STA &AA
     B574   20 C6 B2   JSR &B2C6
     B577   A9 86      LDA #&86
     B579   20 F4 FF   JSR &FFF4
     B57C   E0 00      CPX #&00
     B57E   F0 03      BEQ &B583
     B580   20 80 83   JSR &8380
.dcEven
     B583   60         RTS
.mm32_cmd_dboot
     B584   A9 00      LDA #&00
     B586   85 CD      STA &CD
     B588   20 94 B4   JSR &B494
     B58B   B0 11      BCS &B59E
     B58D   A2 00      LDX #&00
.loop
     B58F   BD AB B5   LDA &B5AB,X
     B592   9D 10 A4   STA &A410,X
     B595   F0 03      BEQ &B59A
     B597   E8         INX
     B598   D0 F5      BNE &B58F
.l1
     B59A   85 B7      STA &B7
     B59C   85 B2      STA &B2
.l2
     B59E   A9 00      LDA #&00
     B5A0   20 24 B6   JSR &B624
     B5A3   90 01      BCC &B5A6
     B5A5   60         RTS
.l3
     B5A6   A9 00      LDA #&00
     B5A8   4C E2 8C   JMP &8CE2
.bootdisk
     B5AB   02
     B5AC   42 4F 4F ...
     B5B1   02
     B5B2   00
.mm32_cmd_din
     B5B3   A9 80      LDA #&80
     B5B5   20 96 B4   JSR &B496
     B5B8   20 BD B4   JSR &B4BD
     B5BB   A9 00      LDA #&00
     B5BD   4C 23 B6   JMP &B623
.mm32_cmd_autoload
     B5C0   A2 00      LDX #&00
     B5C2   86 CD      STX &CD
.loop
     B5C4   BD DA B5   LDA &B5DA,X
     B5C7   9D 10 A4   STA &A410,X
     B5CA   F0 03      BEQ &B5CF
     B5CC   E8         INX
     B5CD   D0 F5      BNE &B5C4
.l1
     B5CF   85 B7      STA &B7
     B5D1   85 B2      STA &B2
     B5D3   18         CLC
     B5D4   A9 02      LDA #&02
     B5D6   4C 24 B6   JMP &B624
     B5D9   60         RTS
.bootdisk
     B5DA   02
     B5DB   42 4F 4F ...
     B5E0   02
     B5E1   00
.mm32_add_ssd_ext
     B5E2   A0 01      LDY #&01
.l0
     B5E4   B9 10 A4   LDA &A410,Y
     B5E7   C8         INY
     B5E8   C9 2E      CMP #&2E
     B5EA   D0 F8      BNE &B5E4
.s1
     B5EC   A9 53      LDA #&53
     B5EE   99 10 A4   STA &A410,Y
     B5F1   99 11 A4   STA &A411,Y
     B5F4   A9 44      LDA #&44
     B5F6   99 12 A4   STA &A412,Y
     B5F9   A9 02      LDA #&02
     B5FB   99 13 A4   STA &A413,Y
     B5FE   A9 00      LDA #&00
     B600   99 14 A4   STA &A414,Y
     B603   60         RTS
.mm32_upd_dsktbl
     B604   A2 00      LDX #&00
     B606   A5 CD      LDA &CD
     B608   0A         ASL A
     B609   0A         ASL A
     B60A   0A         ASL A
     B60B   0A         ASL A
     B60C   A8         TAY
.l0
     B60D   BD 10 A4   LDA &A410,X
     B610   99 C0 A5   STA &A5C0,Y
     B613   E8         INX
     B614   C8         INY
     B615   E0 10      CPX #&10
     B617   D0 F4      BNE &B60D
     B619   60         RTS
.mm32_cmd_ddir
     B61A   20 94 B4   JSR &B494
     B61D   A9 02      LDA #&02
     B61F   85 CD      STA &CD
     B621   A9 01      LDA #&01
.mm32_chain_open
     B623   38         SEC
.mm32_chain_open2
     B624   48         PHA
     B625   90 08      BCC &B62F
     B627   18         CLC
     B628   20 D7 B4   JSR &B4D7
     B62B   B0 33      BCS &B660
     B62D   F0 65      BEQ &B694
.l0
     B62F   A5 CD      LDA &CD
     B631   C9 02      CMP #&02
     B633   66 B2      ROR &B2
     B635   A9 00      LDA #&00
     B637   85 AA      STA &AA
     B639   20 C6 B2   JSR &B2C6
     B63C   90 2C      BCC &B66A
     B63E   68         PLA
     B63F   48         PHA
     B640   29 01      AND #&01
     B642   D0 1C      BNE &B660
     B644   20 E2 B5   JSR &B5E2
     B647   20 C6 B2   JSR &B2C6
     B64A   90 1E      BCC &B66A
.mm32_change_ext_dsd
     B64C   A0 01      LDY #&01
.l0
     B64E   B9 10 A4   LDA &A410,Y
     B651   C8         INY
     B652   C9 2E      CMP #&2E
     B654   D0 F8      BNE &B64E
.s1
     B656   A9 44      LDA #&44
     B658   99 10 A4   STA &A410,Y
     B65B   20 C6 B2   JSR &B2C6
     B65E   90 0A      BCC &B66A
.notfound
     B660   68         PLA
     B661   29 02      AND #&02
     B663   F0 02      BEQ &B667
     B665   38         SEC
     B666   60         RTS
.notautoload
     B667   4C 43 82   JMP &8243
.found
     B66A   68         PLA
     B66B   48         PHA
     B66C   29 01      AND #&01
     B66E   F0 06      BEQ &B676
     B670   68         PLA
     B671   A5 B8      LDA &B8
     B673   D0 28      BNE &B69D
     B675   60         RTS
.file
     B676   68         PLA
     B677   A6 B8      LDX &B8
     B679   F0 22      BEQ &B69D
     B67B   29 02      AND #&02
     B67D   F0 02      BEQ &B681
     B67F   38         SEC
     B680   60         RTS
.notautoload2
     B681   20 71 80   JSR &8071
     B684   D6
     B685   49 73 20 ...
     B691   00
     B692   EA         NOP
     B693   60         RTS
.zerolen
     B694   68         PLA
     B695   A5 B2      LDA &B2
     B697   29 80      AND #&80
     B699   A8         TAY
     B69A   4C 09 B7   JMP &B709
.okay
     B69D   20 04 B6   JSR &B604
     B6A0   A0 1A      LDY #&1A
     B6A2   B1 B0      LDA (&B0),Y
     B6A4   85 B7      STA &B7
     B6A6   C8         INY
     B6A7   B1 B0      LDA (&B0),Y
     B6A9   85 B8      STA &B8
     B6AB   A0 14      LDY #&14
     B6AD   B1 B0      LDA (&B0),Y
     B6AF   05 B9      ORA &B9
     B6B1   85 B9      STA &B9
     B6B3   A5 CD      LDA &CD
     B6B5   C9 02      CMP #&02
     B6B7   F0 1D      BEQ &B6D6
     B6B9   49 01      EOR #&01
     B6BB   AA         TAX
     B6BC   A5 B7      LDA &B7
     B6BE   DD E5 A4   CMP &A4E5,X
     B6C1   D0 13      BNE &B6D6
     B6C3   A5 B8      LDA &B8
     B6C5   DD E8 A4   CMP &A4E8,X
     B6C8   D0 0C      BNE &B6D6
     B6CA   A5 B9      LDA &B9
     B6CC   DD EB A4   CMP &A4EB,X
     B6CF   D0 05      BNE &B6D6
     B6D1   A0 00      LDY #&00
     B6D3   20 0B B7   JSR &B70B
.l1
     B6D6   20 1C AB   JSR &AB1C
     B6D9   A6 CD      LDX &CD
     B6DB   A5 B7      LDA &B7
     B6DD   9D E5 A4   STA &A4E5,X
     B6E0   A5 B8      LDA &B8
     B6E2   9D E8 A4   STA &A4E8,X
     B6E5   A5 B9      LDA &B9
     B6E7   9D EB A4   STA &A4EB,X
     B6EA   4C 30 AB   JMP &AB30
.mm32_cmd_dout
     B6ED   20 94 B4   JSR &B494
     B6F0   20 BD B4   JSR &B4BD
     B6F3   A2 00      LDX #&00
     B6F5   A5 CD      LDA &CD
     B6F7   0A         ASL A
     B6F8   0A         ASL A
     B6F9   0A         ASL A
     B6FA   0A         ASL A
     B6FB   A8         TAY
     B6FC   A9 20      LDA #&20
.s0
     B6FE   99 C0 A5   STA &A5C0,Y
     B701   E8         INX
     B702   C8         INY
     B703   E0 10      CPX #&10
     B705   D0 F7      BNE &B6FE
     B707   A0 00      LDY #&00
.mm32_clear_cluster_index
     B709   A6 CD      LDX &CD
.mm32_clear_cluster_index_x
     B70B   20 1C AB   JSR &AB1C
     B70E   A9 00      LDA #&00
     B710   9D E5 A4   STA &A4E5,X
     B713   9D E8 A4   STA &A4E8,X
     B716   98         TYA
     B717   9D EB A4   STA &A4EB,X
     B71A   4C 30 AB   JMP &AB30
.mm32_cmd_ddrive
     B71D   A0 00      LDY #&00
.l1
     B71F   98         TYA
     B720   48         PHA
     B721   A9 3A      LDA #&3A
     B723   20 EE FF   JSR &FFEE
     B726   68         PLA
     B727   48         PHA
     B728   18         CLC
     B729   69 30      ADC #&30
     B72B   20 EE FF   JSR &FFEE
     B72E   A9 20      LDA #&20
     B730   20 EE FF   JSR &FFEE
     B733   68         PLA
     B734   48         PHA
     B735   0A         ASL A
     B736   0A         ASL A
     B737   0A         ASL A
     B738   0A         ASL A
     B739   AA         TAX
     B73A   A0 00      LDY #&00
     B73C   BD C0 A5   LDA &A5C0,X
     B73F   C9 02      CMP #&02
     B741   D0 1C      BNE &B75F
     B743   E8         INX
.l2
     B744   BD C0 A5   LDA &A5C0,X
     B747   C9 02      CMP #&02
     B749   F0 09      BEQ &B754
     B74B   20 EE FF   JSR &FFEE
     B74E   E8         INX
     B74F   C8         INY
     B750   C0 10      CPY #&10
     B752   D0 F0      BNE &B744
.s1
     B754   20 80 83   JSR &8380
     B757   68         PLA
     B758   A8         TAY
     B759   C8         INY
     B75A   C0 02      CPY #&02
     B75C   D0 C1      BNE &B71F
     B75E   60         RTS
.empty
     B75F   20 9E 80   JSR &809E
     B762   3C 45 6D ...
     B769   EA         NOP
     B76A   4C 54 B7   JMP &B754
.mm32_cmd_daccess
     B76D   A9 80      LDA #&80
     B76F   20 96 B4   JSR &B496
     B772   38         SEC
     B773   20 D7 B4   JSR &B4D7
     B776   A2 01      LDX #&01
     B778   20 C6 81   JSR &81C6
     B77B   D0 14      BNE &B791
.gotflag
     B77D   86 AA      STX &AA
     B77F   20 C6 B2   JSR &B2C6
     B782   A9 86      LDA #&86
     B784   20 F4 FF   JSR &FFF4
     B787   E0 00      CPX #&00
     B789   F0 03      BEQ &B78E
     B78B   20 80 83   JSR &8380
.dcEven
     B78E   60         RTS
.parmloop
     B78F   A2 02      LDX #&02
.getparm
     B791   20 AB 81   JSR &81AB
     B794   B0 E7      BCS &B77D
     B796   29 5F      AND #&5F
     B798   C9 4C      CMP #&4C
     B79A   F0 F3      BEQ &B78F
.errbadparm
     B79C   20 57 80   JSR &8057
     B79F   CF
     B7A0   61 74 74 ...
     B7A9   00
.mm32_cmd_drename
     B7AA   A9 81      LDA #&81
     B7AC   20 96 B4   JSR &B496
     B7AF   18         CLC
     B7B0   20 D7 B4   JSR &B4D7
     B7B3   20 55 B5   JSR &B555
     B7B6   18         CLC
     B7B7   20 D7 B4   JSR &B4D7
     B7BA   20 E6 B7   JSR &B7E6
     B7BD   90 16      BCC &B7D5
     B7BF   A9 00      LDA #&00
     B7C1   85 AA      STA &AA
     B7C3   20 C6 B2   JSR &B2C6
     B7C6   90 10      BCC &B7D8
     B7C8   20 55 B5   JSR &B555
     B7CB   A9 03      LDA #&03
     B7CD   85 AA      STA &AA
     B7CF   20 C6 B2   JSR &B2C6
     B7D2   B0 0F      BCS &B7E3
     B7D4   60         RTS
.badname
     B7D5   4C 87 81   JMP &8187
.destexists
     B7D8   20 61 80   JSR &8061
     B7DB   C4
     B7DC   45 78 69 ...
     B7E2   00
.notfound
     B7E3   4C 43 82   JMP &8243
.mm32_check_filename
     B7E6   AD 10 A4   LDA &A410
     B7E9   C9 02      CMP #&02
     B7EB   D0 2B      BNE &B818
     B7ED   AD 11 A4   LDA &A411
     B7F0   C9 2E      CMP #&2E
     B7F2   F0 24      BEQ &B818
     B7F4   A2 01      LDX #&01
     B7F6   86 BA      STX &BA
.checknameloop
     B7F8   BD 10 A4   LDA &A410,X
     B7FB   E8         INX
     B7FC   E0 11      CPX #&11
     B7FE   F0 18      BEQ &B818
     B800   C9 02      CMP #&02
     B802   F0 15      BEQ &B819
     B804   C9 2E      CMP #&2E
     B806   D0 04      BNE &B80C
     B808   C6 BA      DEC &BA
     B80A   30 0C      BMI &B818
.notdot
     B80C   A0 0E      LDY #&0E
.checkcharloop
     B80E   D9 19 B8   CMP &B819,Y
     B811   F0 05      BEQ &B818
     B813   88         DEY
     B814   D0 F8      BNE &B80E
     B816   F0 E0      BEQ &B7F8
.badname
     B818   18         CLC
.checknameend
     B819   60         RTS
.invalid_chars
     B81A   22
     B81B   2A
     B81C   2B
     B81D   2C
     B81E   2F
     B81F   3A
     B820   3B
     B821   3C
     B822   3D
     B823   3E
     B824   3F
     B825   5B
     B826   5C
     B827   5D
.invalid_chars_end
.mm32_disk_seek_sector
     B828   8C A5 A4   STY &A4A5
     B82B   8D A4 A4   STA &A4A4
     B82E   A5 CD      LDA &CD
     B830   29 01      AND #&01
     B832   A8         TAY
     B833   20 AC B1   JSR &B1AC
     B836   70 0B      BVS &B843
     B838   24 C2      BIT &C2
     B83A   A5 CD      LDA &CD
     B83C   6A         ROR A
     B83D   6A         ROR A
     B83E   90 04      BCC &B844
     B840   70 02      BVS &B844
.l1
     B842   B8         CLV
.l2
     B843   60         RTS
.l3
     B844   50 05      BVC &B84B
     B846   2E A5 A4   ROL &A4A5
     B849   B0 F7      BCS &B842
.l4
     B84B   AC A5 A4   LDY &A4A5
     B84E   F0 04      BEQ &B854
.loop1
     B850   A2 04      LDX #&04
     B852   D0 08      BNE &B85C
.l5
     B854   AD A4 A4   LDA &A4A4
     B857   4A         LSR A
     B858   F0 11      BEQ &B86B
     B85A   AA         TAX
     B85B   CA         DEX
.loop2
     B85C   20 E0 B1   JSR &B1E0
     B85F   B0 E1      BCS &B842
     B861   CA         DEX
     B862   10 F8      BPL &B85C
     B864   88         DEY
     B865   F0 ED      BEQ &B854
     B867   C0 FF      CPY #&FF
     B869   D0 E5      BNE &B850
.l6
     B86B   20 A4 B8   JSR &B8A4
     B86E   B0 D2      BCS &B842
     B870   6E A4 A4   ROR &A4A4
     B873   90 02      BCC &B877
     B875   E6 BE      INC &BE
.l7
     B877   0E A4 A4   ASL &A4A4
     B87A   B8         CLV
     B87B   18         CLC
     B87C   60         RTS
.mm32_disk_next_sector
     B87D   20 22 84   JSR &8422
     B880   A0 01      LDY #&01
     B882   AE A4 A4   LDX &A4A4
     B885   E8         INX
     B886   E8         INX
     B887   E0 0A      CPX #&0A
     B889   D0 0E      BNE &B899
     B88B   A2 00      LDX #&00
     B88D   EE A5 A4   INC &A4A5
     B890   24 C2      BIT &C2
     B892   50 05      BVC &B899
     B894   A0 06      LDY #&06
     B896   EE A5 A4   INC &A4A5
.l1
     B899   8E A4 A4   STX &A4A4
.loop1
     B89C   20 E0 B1   JSR &B1E0
     B89F   B0 47      BCS &B8E8
     B8A1   88         DEY
     B8A2   D0 F8      BNE &B89C
.mm32_SECT_X_Address
     B8A4   A2 02      LDX #&02
.loop1
     B8A6   B5 C8      LDA &C8,X
     B8A8   95 BE      STA &BE,X
     B8AA   CA         DEX
     B8AB   10 F9      BPL &B8A6
     B8AD   AD E4 A4   LDA &A4E4
.loop2
     B8B0   4A         LSR A
     B8B1   B0 09      BCS &B8BC
     B8B3   06 BE      ASL &BE
     B8B5   26 BF      ROL &BF
     B8B7   26 C0      ROL &C0
     B8B9   90 F5      BCC &B8B0
     B8BB   60         RTS
.l3
     B8BC   18         CLC
     B8BD   A5 BE      LDA &BE
     B8BF   6D E2 A4   ADC &A4E2
     B8C2   85 BE      STA &BE
     B8C4   A5 BF      LDA &BF
     B8C6   6D E3 A4   ADC &A4E3
     B8C9   85 BF      STA &BF
     B8CB   90 02      BCC &B8CF
     B8CD   E6 C0      INC &C0
.l4
     B8CF   38         SEC
     B8D0   AD E4 A4   LDA &A4E4
     B8D3   E5 CB      SBC &CB
     B8D5   18         CLC
     B8D6   65 BE      ADC &BE
     B8D8   85 BE      STA &BE
     B8DA   90 06      BCC &B8E2
     B8DC   E6 BF      INC &BF
     B8DE   D0 02      BNE &B8E2
     B8E0   E6 C0      INC &C0
.l5
.mm32_lba_to_256
     B8E2   06 BE      ASL &BE
     B8E4   26 BF      ROL &BF
     B8E6   26 C0      ROL &C0
.l2rts
     B8E8   60         RTS
.mm32_MMC_error
     B8E9   85 B0      STA &B0
     B8EB   20 61 80   JSR &8061
     B8EE   C5
     B8EF   4D 4D 43 ...
     B8F3   EA         NOP
     B8F4   68         PLA
     B8F5   85 B8      STA &B8
     B8F7   68         PLA
     B8F8   85 B9      STA &B9
     B8FA   A0 00      LDY #&00
     B8FC   8C AF A4   STY &A4AF
.loop1
     B8FF   C8         INY
     B900   B1 B8      LDA (&B8),Y
     B902   F0 05      BEQ &B909
     B904   20 27 B9   JSR &B927
     B907   D0 F6      BNE &B8FF
.l1
     B909   A8         TAY
     B90A   A5 B0      LDA &B0
     B90C   20 91 8C   JSR &8C91
     B90F   A9 2F      LDA #&2F
     B911   20 27 B9   JSR &B927
.loop2
     B914   B9 89 A4   LDA &A489,Y
     B917   20 91 8C   JSR &8C91
     B91A   C8         INY
     B91B   C0 04      CPY #&04
     B91D   D0 F5      BNE &B914
     B91F   A9 00      LDA #&00
     B921   9D 00 01   STA &0100,X
     B924   4C 00 01   JMP &0100
.mm32_PrintChr100
     B927   9D 00 01   STA &0100,X
     B92A   E8         INX
     B92B   60         RTS
.Osword7F_8271_Emulation
     B92C   A0 06      LDY #&06
     B92E   B1 B0      LDA (&B0),Y
     B930   A2 10      LDX #&10
.loop1
     B932   DD 91 BA   CMP &BA91,X
     B935   F0 05      BEQ &B93C
     B937   CA         DEX
     B938   10 F8      BPL &B932
     B93A   30 0F      BMI &B94B
.l2
     B93C   20 6E B9   JSR &B96E
     B93F   48         PHA
     B940   A0 05      LDY #&05
     B942   B1 B0      LDA (&B0),Y
     B944   18         CLC
     B945   69 07      ADC #&07
     B947   A8         TAY
     B948   68         PLA
     B949   91 B0      STA (&B0),Y
.l3
     B94B   A9 00      LDA #&00
     B94D   60         RTS
.spec_reg
     B94E   A0 07      LDY #&07
     B950   B1 B0      LDA (&B0),Y
     B952   C9 06      CMP #&06
     B954   D0 04      BNE &B95A
     B956   AD A4 A4   LDA &A4A4
     B959   60         RTS
.l1
     B95A   C9 12      CMP #&12
     B95C   D0 09      BNE &B967
.l2
     B95E   AD A5 A4   LDA &A4A5
     B961   24 C2      BIT &C2
     B963   50 01      BVC &B966
     B965   4A         LSR A
.l3
     B966   60         RTS
.l4
     B967   C9 1A      CMP #&1A
     B969   F0 F3      BEQ &B95E
     B96B   A9 00      LDA #&00
     B96D   60         RTS
.ow7f_1
     B96E   BD A1 BA   LDA &BAA1,X
     B971   F0 DB      BEQ &B94E
     B973   48         PHA
     B974   88         DEY
     B975   29 0F      AND #&0F
     B977   D1 B0      CMP (&B0),Y
     B979   D0 27      BNE &B9A2
     B97B   20 E3 AF   JSR &AFE3
     B97E   68         PLA
     B97F   85 C7      STA &C7
     B981   A0 0B      LDY #&0B
.loop1
     B983   B1 B0      LDA (&B0),Y
     B985   99 BB 00   STA &00BB,Y
     B988   C0 05      CPY #&05
     B98A   B0 03      BCS &B98F
     B98C   99 A9 A4   STA &A4A9,Y
.l0
     B98F   88         DEY
     B990   D0 F1      BNE &B983
     B992   B1 B0      LDA (&B0),Y
     B994   30 03      BMI &B999
     B996   20 E2 8B   JSR &8BE2
.l1
     B999   20 AC B9   JSR &B9AC
     B99C   48         PHA
     B99D   20 36 B0   JSR &B036
     B9A0   68         PLA
     B9A1   60         RTS
.owfault
     B9A2   68         PLA
     B9A3   A9 FF      LDA #&FF
     B9A5   60         RTS
.owdrvnotrdy
     B9A6   A9 10      LDA #&10
     B9A8   60         RTS
.ownosector
     B9A9   A9 1E      LDA #&1E
     B9AB   60         RTS
.ow7f_2
     B9AC   A9 10      LDA #&10
     B9AE   24 C7      BIT &C7
     B9B0   D0 04      BNE &B9B6
     B9B2   10 33      BPL &B9E7
     B9B4   30 23      BMI &B9D9
.l10
     B9B6   A5 C2      LDA &C2
     B9B8   0A         ASL A
     B9B9   85 BE      STA &BE
     B9BB   A5 C3      LDA &C3
     B9BD   2A         ROL A
     B9BE   85 BF      STA &BF
     B9C0   A5 C4      LDA &C4
     B9C2   30 E5      BMI &B9A9
     B9C4   2A         ROL A
     B9C5   85 C0      STA &C0
     B9C7   A5 C5      LDA &C5
     B9C9   0A         ASL A
     B9CA   85 C4      STA &C4
     B9CC   B0 DB      BCS &B9A9
     B9CE   A9 00      LDA #&00
     B9D0   85 C5      STA &C5
     B9D2   85 C6      STA &C6
     B9D4   26 C7      ROL &C7
     B9D6   4C 47 BA   JMP &BA47
.l11
     B9D9   A5 C6      LDA &C6
     B9DB   F0 27      BEQ &BA04
     B9DD   E6 C4      INC &C4
     B9DF   D0 23      BNE &BA04
     B9E1   E6 C5      INC &C5
     B9E3   D0 1F      BNE &BA04
     B9E5   F0 C2      BEQ &B9A9
.l0
     B9E7   A5 C4      LDA &C4
     B9E9   50 02      BVC &B9ED
     B9EB   A9 0A      LDA #&0A
.l1
     B9ED   29 1F      AND #&1F
     B9EF   85 C4      STA &C4
     B9F1   70 07      BVS &B9FA
     B9F3   18         CLC
     B9F4   65 C3      ADC &C3
     B9F6   C9 0B      CMP #&0B
     B9F8   B0 AF      BCS &B9A9
.l2
     B9FA   A9 00      LDA #&00
     B9FC   85 C5      STA &C5
     B9FE   85 C6      STA &C6
     BA00   50 02      BVC &BA04
     BA02   85 C3      STA &C3
.l3
     BA04   A5 C3      LDA &C3
     BA06   C9 0A      CMP #&0A
     BA08   B0 9F      BCS &B9A9
.l4
     BA0A   A4 C2      LDY &C2
     BA0C   20 28 B8   JSR &B828
     BA0F   70 95      BVS &B9A6
     BA11   B0 96      BCS &B9A9
     BA13   26 C7      ROL &C7
     BA15   24 C7      BIT &C7
     BA17   50 07      BVC &BA20
     BA19   24 C2      BIT &C2
     BA1B   10 03      BPL &BA20
     BA1D   A9 12      LDA #&12
     BA1F   60         RTS
.l5
     BA20   24 C7      BIT &C7
     BA22   30 40      BMI &BA64
     BA24   66 C3      ROR &C3
     BA26   B0 1F      BCS &BA47
     BA28   A5 C4      LDA &C4
     BA2A   C9 02      CMP #&02
     BA2C   D0 19      BNE &BA47
     BA2E   A5 BD      LDA &BD
     BA30   C9 A2      CMP #&A2
     BA32   D0 13      BNE &BA47
     BA34   AD AC A4   LDA &A4AC
     BA37   2D AD A4   AND &A4AD
     BA3A   0D D6 A4   ORA &A4D6
     BA3D   49 FF      EOR #&FF
     BA3F   05 BC      ORA &BC
     BA41   05 C5      ORA &C5
     BA43   05 C6      ORA &C6
     BA45   F0 2F      BEQ &BA76
.l6
     BA47   24 C7      BIT &C7
     BA49   70 13      BVS &BA5E
     BA4B   20 6A AE   JSR &AE6A
.l7
     BA4E   AD AE A4   LDA &A4AE
     BA51   F0 03      BEQ &BA56
     BA53   20 75 8C   JSR &8C75
.l8
     BA56   2C A6 A4   BIT &A4A6
     BA59   30 33      BMI &BA8E
.OK
     BA5B   A9 00      LDA #&00
     BA5D   60         RTS
.l9
     BA5E   20 20 AF   JSR &AF20
     BA61   4C 4E BA   JMP &BA4E
.vform
     BA64   A0 FF      LDY #&FF
     BA66   8C 82 A4   STY &A482
     BA69   50 0B      BVC &BA76
     BA6B   C8         INY
     BA6C   98         TYA
.floop
     BA6D   99 00 A2   STA &A200,Y
     BA70   99 00 A3   STA &A300,Y
     BA73   C8         INY
     BA74   D0 F7      BNE &BA6D
.cat
.loop
     BA76   24 C7      BIT &C7
     BA78   70 06      BVS &BA80
     BA7A   20 1B AE   JSR &AE1B
     BA7D   4C 83 BA   JMP &BA83
.k1
     BA80   20 32 AE   JSR &AE32
.k2
     BA83   C6 C4      DEC &C4
     BA85   C6 C4      DEC &C4
     BA87   F0 D2      BEQ &BA5B
     BA89   20 7D B8   JSR &B87D
     BA8C   90 E8      BCC &BA76
.ownosector2
     BA8E   A9 1E      LDA #&1E
     BA90   60         RTS
.owtable1
     BA91   7D
     BA92   4A
     BA93   4B
     BA94   4C
     BA95   4E
     BA96   4F
     BA97   52
     BA98   53
     BA99   54
     BA9A   56
     BA9B   57
     BA9C   5E
     BA9D   5F
     BA9E   63
     BA9F   A5
     BAA0   85
.owtable2
     BAA1   00
     BAA2   23
     BAA3   23
     BAA4   34
     BAA5   23
     BAA6   23
     BAA7   03
     BAA8   03
     BAA9   14
     BAAA   03
     BAAB   03
     BAAC   45
     BAAD   43
     BAAE   65
     BAAF   A5
     BAB0   85
Processed file 'MM32.asm' ok
Including file ROMS.asm
.CMD_ROMS
     BAB1   20 C9 BB   JSR &BBC9
     BAB4   85 A8      STA &A8
     BAB6   A9 0F      LDA #&0F
     BAB8   85 AA      STA &AA
     BABA   20 BC BB   JSR &BBBC
     BABD   38         SEC
     BABE   20 C2 FF   JSR &FFC2
     BAC1   84 AB      STY &AB
     BAC3   18         CLC
     BAC4   F0 1B      BEQ &BAE1
.loopROMnumbers
     BAC6   20 42 84   JSR &8442
     BAC9   B0 16      BCS &BAE1
     BACB   E0 10      CPX #&10
     BACD   B0 F7      BCS &BAC6
     BACF   8A         TXA
     BAD0   84 AB      STY &AB
     BAD2   85 AA      STA &AA
     BAD4   20 35 BB   JSR &BB35
     BAD7   A4 AB      LDY &AB
     BAD9   20 C6 81   JSR &81C6
     BADC   84 AB      STY &AB
     BADE   D0 E6      BNE &BAC6
     BAE0   60         RTS
.Label_A9FF_notnum
     BAE1   66 A8      ROR &A8
.Label_AA01_loop
     BAE3   24 A8      BIT &A8
     BAE5   10 05      BPL &BAEC
     BAE7   20 F4 BA   JSR &BAF4
     BAEA   90 03      BCC &BAEF
.Label_AA0A
     BAEC   20 35 BB   JSR &BB35
.Label_AA0D_nomatch
     BAEF   C6 AA      DEC &AA
     BAF1   10 F0      BPL &BAE3
     BAF3   60         RTS
.Sub_AA12_titlecmp
     BAF4   A9 09      LDA #&09
     BAF6   85 F6      STA &F6
     BAF8   A9 80      LDA #&80
     BAFA   85 F7      STA &F7
     BAFC   A4 AB      LDY &AB
.Label_AA1C_loop
     BAFE   B1 F2      LDA (&F2),Y
     BB00   C9 0D      CMP #&0D
     BB02   F0 22      BEQ &BB26
     BB04   C9 22      CMP #&22
     BB06   F0 1E      BEQ &BB26
     BB08   C8         INY
     BB09   C9 2A      CMP #&2A
     BB0B   F0 26      BEQ &BB33
     BB0D   20 14 83   JSR &8314
     BB10   85 AE      STA &AE
     BB12   20 AE BB   JSR &BBAE
     BB15   F0 0D      BEQ &BB24
     BB17   A6 AE      LDX &AE
     BB19   E0 23      CPX #&23
     BB1B   F0 E1      BEQ &BAFE
     BB1D   20 14 83   JSR &8314
     BB20   C5 AE      CMP &AE
     BB22   F0 DA      BEQ &BAFE
.Label_AA42_nomatch
     BB24   18         CLC
     BB25   60         RTS
.Label_AA44
     BB26   20 AE BB   JSR &BBAE
     BB29   F0 08      BEQ &BB33
     BB2B   C9 20      CMP #&20
     BB2D   F0 F7      BEQ &BB26
     BB2F   C9 0D      CMP #&0D
     BB31   D0 F1      BNE &BB24
.Label_AA51_match
     BB33   38         SEC
     BB34   60         RTS
.Label_AA53_RomInfo
     BB35   A4 AA      LDY &AA
     BB37   B1 AC      LDA (&AC),Y
     BB39   F0 E9      BEQ &BB24
     BB3B   48         PHA
     BB3C   20 9E 80   JSR &809E
     BB3F   52 6F 6D ...
     BB43   98         TYA
     BB44   20 FD 80   JSR &80FD
     BB47   20 9E 80   JSR &809E
     BB4A   20 3A 20 
     BB4D   A9 28      LDA #&28
     BB4F   20 E1 80   JSR &80E1
     BB52   68         PLA
     BB53   48         PHA
     BB54   30 04      BMI &BB5A
     BB56   A0 20      LDY #&20
     BB58   D0 02      BNE &BB5C
.Label_AA78
     BB5A   A0 53      LDY #&53
.Label_AA7A
     BB5C   98         TYA
     BB5D   20 E1 80   JSR &80E1
     BB60   68         PLA
     BB61   A0 20      LDY #&20
     BB63   0A         ASL A
     BB64   10 02      BPL &BB68
     BB66   A0 4C      LDY #&4C
.Label_AA86
     BB68   98         TYA
     BB69   20 E1 80   JSR &80E1
     BB6C   A9 29      LDA #&29
     BB6E   20 E1 80   JSR &80E1
     BB71   20 21 81   JSR &8121
     BB74   20 7C BB   JSR &BB7C
     BB77   20 80 83   JSR &8380
     BB7A   38         SEC
     BB7B   60         RTS
.Label_AA9A_PrtRomTitle
     BB7C   A9 07      LDA #&07
     BB7E   85 F6      STA &F6
     BB80   A9 80      LDA #&80
     BB82   85 F7      STA &F7
     BB84   20 AE BB   JSR &BBAE
     BB87   85 AE      STA &AE
     BB89   E6 F6      INC &F6
     BB8B   A0 1E      LDY #&1E
     BB8D   20 A1 BB   JSR &BBA1
     BB90   B0 1B      BCS &BBAD
     BB92   20 21 81   JSR &8121
     BB95   90 09      BCC &BBA0
.Label_AAB8_loop
     BB97   C9 20      CMP #&20
     BB99   B0 02      BCS &BB9D
     BB9B   A9 20      LDA #&20
.Label_AABE
     BB9D   20 E1 80   JSR &80E1
.DEY_Sub_AAC2_PrintRomStr
     BBA0   88         DEY
.Sub_AAC2_PrintRomStr
     BBA1   A5 F6      LDA &F6
     BBA3   C5 AE      CMP &AE
     BBA5   B0 06      BCS &BBAD
     BBA7   20 AE BB   JSR &BBAE
     BBAA   D0 EB      BNE &BB97
     BBAC   18         CLC
.Label_AACE_rts
     BBAD   60         RTS
.Sub_AACF_ReadRom
     BBAE   98         TYA
     BBAF   48         PHA
     BBB0   A4 AA      LDY &AA
     BBB2   20 B9 FF   JSR &FFB9
     BBB5   E6 F6      INC &F6
     BBB7   AA         TAX
     BBB8   68         PLA
     BBB9   A8         TAY
     BBBA   8A         TXA
     BBBB   60         RTS
.Sub_AADD_RomTablePtrBA
     BBBC   20 22 84   JSR &8422
     BBBF   A9 AA      LDA #&AA
     BBC1   20 7B 93   JSR &937B
     BBC4   86 AC      STX &AC
     BBC6   84 AD      STY &AD
     BBC8   60         RTS
.Sub_AAEA_StackAZero
     BBC9   BA         TSX
     BBCA   A9 00      LDA #&00
     BBCC   9D 07 01   STA &0107,X
     BBCF   60         RTS
Processed file 'ROMS.asm' ok
Including file Utilities.asm
.CMD_DUMP
     BBD0   A9 40      LDA #&40
     BBD2   20 CF BC   JSR &BCCF
     BBD5   A9 00      LDA #&00
     BBD7   48         PHA
     BBD8   AA         TAX
     BBD9   F0 06      BEQ &BBE1
.dump_inc_address
     BBDB   69 08      ADC #&08
     BBDD   48         PHA
     BBDE   90 01      BCC &BBE1
     BBE0   E8         INX
.dump_loop
     BBE1   8A         TXA
     BBE2   20 10 81   JSR &8110
     BBE5   68         PLA
     BBE6   48         PHA
     BBE7   20 10 81   JSR &8110
     BBEA   8A         TXA
     BBEB   48         PHA
     BBEC   20 21 81   JSR &8121
     BBEF   A2 07      LDX #&07
.dump_getbytes_loop
     BBF1   20 D7 FF   JSR &FFD7
     BBF4   B0 0B      BCS &BC01
     BBF6   95 A8      STA &A8,X
     BBF8   20 10 81   JSR &8110
     BBFB   20 21 81   JSR &8121
     BBFE   CA         DEX
     BBFF   10 F0      BPL &BBF1
.dump_eof
     BC01   08         PHP
     BC02   90 12      BCC &BC16
.dump_padnum_loop
     BC04   A9 2A      LDA #&2A
     BC06   20 EE FF   JSR &FFEE
     BC09   20 EE FF   JSR &FFEE
     BC0C   20 21 81   JSR &8121
     BC0F   A9 00      LDA #&00
     BC11   95 A8      STA &A8,X
     BC13   CA         DEX
     BC14   10 EE      BPL &BC04
.dump_noteof
     BC16   A2 07      LDX #&07
.dump_chr_loop
     BC18   B5 A8      LDA &A8,X
     BC1A   29 7F      AND #&7F
     BC1C   C9 7F      CMP #&7F
     BC1E   F0 04      BEQ &BC24
     BC20   C9 20      CMP #&20
     BC22   B0 02      BCS &BC26
.showchrdot
     BC24   A9 2E      LDA #&2E
.showchrexit
     BC26   20 EE FF   JSR &FFEE
     BC29   CA         DEX
     BC2A   10 EC      BPL &BC18
     BC2C   20 E7 FF   JSR &FFE7
     BC2F   28         PLP
     BC30   68         PLA
     BC31   AA         TAX
     BC32   68         PLA
     BC33   24 FF      BIT &FF
     BC35   30 3A      BMI &BC71
     BC37   90 A2      BCC &BBDB
     BC39   B0 31      BCS &BC6C
.CMD_TYPE
     BC3B   A9 00      LDA #&00
     BC3D   F0 02      BEQ &BC41
.CMD_LIST
     BC3F   A9 FF      LDA #&FF
.type
     BC41   85 AA      STA &AA
     BC43   A9 40      LDA #&40
     BC45   20 CF BC   JSR &BCCF
     BC48   A9 0D      LDA #&0D
.list_loop_entry
     BC4A   25 AA      AND &AA
     BC4C   49 0D      EOR #&0D
     BC4E   AA         TAX
.list_loop
     BC4F   20 D7 FF   JSR &FFD7
     BC52   B0 15      BCS &BC69
     BC54   C9 0A      CMP #&0A
     BC56   F0 F7      BEQ &BC4F
     BC58   48         PHA
     BC59   8A         TXA
     BC5A   D0 03      BNE &BC5F
     BC5C   20 00 BD   JSR &BD00
.list_skiplineno
     BC5F   68         PLA
     BC60   20 E3 FF   JSR &FFE3
     BC63   24 FF      BIT &FF
     BC65   30 0A      BMI &BC71
     BC67   10 E1      BPL &BC4A
.list_eof
     BC69   20 E7 FF   JSR &FFE7
.Utils_CloseFile_Yhandle
     BC6C   A9 00      LDA #&00
     BC6E   4C CE FF   JMP &FFCE
.Utils_ESCAPE_CloseFileY
     BC71   20 6C BC   JSR &BC6C
     BC74   4C 81 8C   JMP &8C81
.CMD_BUILD
     BC77   A9 80      LDA #&80
     BC79   20 CF BC   JSR &BCCF
.loop_newline
     BC7C   20 00 BD   JSR &BD00
     BC7F   A2 00      LDX #&00
.loop_line
     BC81   20 E0 FF   JSR &FFE0
     BC84   B0 EB      BCS &BC71
     BC86   C9 15      CMP #&15
     BC88   F0 11      BEQ &BC9B
     BC8A   C9 7F      CMP #&7F
     BC8C   F0 14      BEQ &BCA2
     BC8E   20 E3 FF   JSR &FFE3
     BC91   20 D4 FF   JSR &FFD4
     BC94   E8         INX
     BC95   C9 0D      CMP #&0D
     BC97   D0 E8      BNE &BC81
     BC99   F0 E1      BEQ &BC7C
.clearline
     BC9B   20 A8 BC   JSR &BCA8
     BC9E   D0 FB      BNE &BC9B
     BCA0   F0 DF      BEQ &BC81
.subpointer
     BCA2   20 A8 BC   JSR &BCA8
     BCA5   4C 81 BC   JMP &BC81
.fpdec
     BCA8   8A         TXA
     BCA9   F0 23      BEQ &BCCE
     BCAB   48         PHA
     BCAC   A9 7F      LDA #&7F
     BCAE   20 EE FF   JSR &FFEE
     BCB1   A9 00      LDA #&00
     BCB3   A2 AA      LDX #&AA
     BCB5   20 DA FF   JSR &FFDA
     BCB8   A5 AA      LDA &AA
     BCBA   D0 08      BNE &BCC4
     BCBC   A5 AB      LDA &AB
     BCBE   D0 02      BNE &BCC2
     BCC0   C6 AC      DEC &AC
.decmsb
     BCC2   C6 AB      DEC &AB
.declsb
     BCC4   C6 AA      DEC &AA
.fpdecdone
     BCC6   A9 03      LDA #&03
     BCC8   20 DA FF   JSR &FFDA
     BCCB   68         PLA
     BCCC   AA         TAX
     BCCD   CA         DEX
.fpdecrts
     BCCE   60         RTS
.Utils_FilenameAtXY
     BCCF   85 AF      STA &AF
     BCD1   BA         TSX
     BCD2   A9 00      LDA #&00
     BCD4   9D 07 01   STA &0107,X
     BCD7   85 A8      STA &A8
     BCD9   85 A9      STA &A9
     BCDB   88         DEY
.utils_skipspcloop
     BCDC   C8         INY
     BCDD   B1 F2      LDA (&F2),Y
     BCDF   C9 20      CMP #&20
     BCE1   F0 F9      BEQ &BCDC
     BCE3   C9 0D      CMP #&0D
     BCE5   D0 03      BNE &BCEA
     BCE7   4C 05 9A   JMP &9A05
.utils_notnullstr
     BCEA   98         TYA
     BCEB   18         CLC
     BCEC   65 F2      ADC &F2
     BCEE   AA         TAX
     BCEF   A5 F3      LDA &F3
     BCF1   69 00      ADC #&00
     BCF3   A8         TAY
     BCF4   A5 AF      LDA &AF
     BCF6   20 CE FF   JSR &FFCE
     BCF9   F0 02      BEQ &BCFD
     BCFB   A8         TAY
     BCFC   60         RTS
.utils_filenotfound
     BCFD   4C 43 82   JMP &8243
.Utils_PrintLineNoA8
     BD00   20 73 AC   JSR &AC73
     BD03   20 10 81   JSR &8110
     BD06   A5 A8      LDA &A8
     BD08   20 10 81   JSR &8110
     BD0B   4C 21 81   JMP &8121
Processed file 'Utilities.asm' ok
.Init12K
     BD0E   08         PHP
     BD0F   48         PHA
     BD10   8A         TXA
     BD11   48         PHA
     BD12   98         TYA
     BD13   48         PHA
     BD14   A9 00      LDA #&00
     BD16   85 B0      STA &B0
     BD18   A9 7F      LDA #&7F
     BD1A   85 B1      STA &B1
     BD1C   A5 F4      LDA &F4
     BD1E   09 80      ORA #&80
     BD20   AA         TAX
     BD21   A0 FF      LDY #&FF
     BD23   D0 09      BNE &BD2E
.loop
     BD25   B1 B0      LDA (&B0),Y
     BD27   86 F4      STX &F4
     BD29   8E 30 FE   STX &FE30
     BD2C   91 B0      STA (&B0),Y
.start_loop
     BD2E   8A         TXA
     BD2F   29 7F      AND #&7F
     BD31   85 F4      STA &F4
     BD33   8D 30 FE   STA &FE30
     BD36   C8         INY
     BD37   D0 EC      BNE &BD25
     BD39   E6 B1      INC &B1
     BD3B   A5 B1      LDA &B1
     BD3D   C9 B0      CMP #&B0
     BD3F   F0 0A      BEQ &BD4B
     BD41   C9 A2      CMP #&A2
     BD43   D0 E0      BNE &BD25
     BD45   A9 AB      LDA #&AB
     BD47   85 B1      STA &B1
     BD49   D0 DA      BNE &BD25
.done
     BD4B   68         PLA
     BD4C   A8         TAY
     BD4D   68         PLA
     BD4E   AA         TAX
     BD4F   68         PLA
     BD50   28         PLP
     BD51   60         RTS
.PageIn12K
     BD52   08         PHP
     BD53   48         PHA
     BD54   A5 F4      LDA &F4
     BD56   09 80      ORA #&80
     BD58   85 F4      STA &F4
     BD5A   8D 30 FE   STA &FE30
     BD5D   68         PLA
     BD5E   28         PLP
     BD5F   60         RTS
.PageOut12K
     BD60   08         PHP
     BD61   48         PHA
     BD62   A5 F4      LDA &F4
     BD64   29 7F      AND #&7F
     BD66   85 F4      STA &F4
     BD68   8D 30 FE   STA &FE30
     BD6B   68         PLA
     BD6C   28         PLP
     BD6D   60         RTS
    code ends at&BD6E  (966 bytes free )
Saving file 'build/1/SWMMFS+'
Processed file 'mmfs100.asm' ok
Processed file 'top_SWMMFS+.asm' ok
