Including file DEVICE.asm
Processed file 'DEVICE.asm' ok
Including file mmfs100.asm
Including file VERSION.asm
Processed file 'VERSION.asm' ok
Including file SYSVARS.asm
Processed file 'SYSVARS.asm' ok
.langentry
     8000   00         BRK
     8001   00         BRK
     8002   00         BRK
.serventry
     8003   4C F7 8D   JMP &8DF7
.romtype
     8006   82
.copywoffset
     8007   26
.binversion
     8008   7B
.title
Macro BUILD_NAME:
Macro BASE_NAME:
     8009   4D 6F 64 ...
Macro SYSTEM_NAME:
     8011   4D 4D 46 ...
End macro SYSTEM_NAME
     8016   20 28 44 ...
End macro BASE_NAME
Macro DEVICE_NAME:
     801E   20 4D 4D 
End macro DEVICE_NAME
Macro DFS_EMUL_NAME:
End macro DFS_EMUL_NAME
     8021   00
End macro BUILD_NAME
.version
Macro BUILD_VERSION:
     8022   31 2E 35 ...
     8026   00
End macro BUILD_VERSION
.copyright
Macro BUILD_COPYRIGHT:
     8027   28 43 29 ...
     8035   00
End macro BUILD_COPYRIGHT
.header_end
.Go_FSCV
     8036   6C 1E 02   JMP (&021E)
.SetLEDS
     8039   A2 06      LDX #&06
     803B   8E 40 FE   STX &FE40
     803E   E8         INX
     803F   8E 40 FE   STX &FE40
     8042   60         RTS
.ResetLEDS
     8043   20 F8 83   JSR &83F8
     8046   A9 76      LDA #&76
     8048   4C F4 FF   JMP &FFF4
.errDISK
     804B   20 60 80   JSR &8060
     804E   00         BRK
     804F   44 69 73 ...
     8054   90 21      BCC &8077
.errBAD
     8056   20 60 80   JSR &8060
     8059   00         BRK
     805A   42 61 64 ...
     805E   90 17      BCC &8077
.ReportErrorCB
     8060   AD DD 10   LDA &10DD
     8063   D0 03      BNE &8068
     8065   20 A3 97   JSR &97A3
.brk100_notbuf
     8068   A9 FF      LDA #&FF
     806A   8D 82 10   STA &1082
     806D   8D DD 10   STA &10DD
.ReportError
     8070   A2 02      LDX #&02
     8072   A9 00      LDA #&00
     8074   8D 00 01   STA &0100
.ErrCONTINUE
     8077   20 43 80   JSR &8043
.ReportError2
     807A   68         PLA
     807B   85 AE      STA &AE
     807D   68         PLA
     807E   85 AF      STA &AF
     8080   A0 00      LDY #&00
     8082   20 EF 83   JSR &83EF
     8085   8D 01 01   STA &0101
     8088   CA         DEX
.errstr_loop
     8089   E8         INX
     808A   20 EF 83   JSR &83EF
     808D   9D 00 01   STA &0100,X
     8090   30 27      BMI &80B9
     8092   D0 F5      BNE &8089
     8094   20 91 8C   JSR &8C91
     8097   4C 00 01   JMP &0100
.PrintNibble_PrintString
     809A   20 07 81   JSR &8107
.PrintString
     809D   85 B3      STA &B3
     809F   68         PLA
     80A0   85 AE      STA &AE
     80A2   68         PLA
     80A3   85 AF      STA &AF
     80A5   A5 B3      LDA &B3
     80A7   48         PHA
     80A8   98         TYA
     80A9   48         PHA
     80AA   A0 00      LDY #&00
.prtstr_loop
     80AC   20 EF 83   JSR &83EF
     80AF   30 05      BMI &80B6
     80B1   20 E0 80   JSR &80E0
     80B4   10 F6      BPL &80AC
.prtstr_return1
     80B6   68         PLA
     80B7   A8         TAY
     80B8   68         PLA
.prtstr_return2
     80B9   18         CLC
     80BA   6C AE 00   JMP (&00AE)
.PrintStringSPL
     80BD   85 B3      STA &B3
     80BF   68         PLA
     80C0   85 AE      STA &AE
     80C2   68         PLA
     80C3   85 AF      STA &AF
     80C5   A5 B3      LDA &B3
     80C7   48         PHA
     80C8   98         TYA
     80C9   48         PHA
     80CA   A0 00      LDY #&00
.pstr_loop
     80CC   20 EF 83   JSR &83EF
     80CF   30 E5      BMI &80B6
     80D1   20 E3 FF   JSR &FFE3
     80D4   4C CC 80   JMP &80CC
.PrintSpace
     80D7   A9 20      LDA #&20
     80D9   D0 05      BNE &80E0
.PrintNibFullStop
     80DB   20 07 81   JSR &8107
.PrintFullStop
     80DE   A9 2E      LDA #&2E
.PrintChrA
     80E0   20 F8 83   JSR &83F8
     80E3   48         PHA
     80E4   A9 EC      LDA #&EC
     80E6   20 10 94   JSR &9410
     80E9   8A         TXA
     80EA   48         PHA
     80EB   09 10      ORA #&10
     80ED   AA         TAX
     80EE   20 F7 80   JSR &80F7
     80F1   68         PLA
     80F2   AA         TAX
     80F3   68         PLA
     80F4   20 E3 FF   JSR &FFE3
.osbyte03_Xoutstream
     80F7   A9 03      LDA #&03
     80F9   4C F4 FF   JMP &FFF4
.PrintBCD
     80FC   20 30 84   JSR &8430
.PrintHex
     80FF   48         PHA
     8100   20 24 82   JSR &8224
     8103   20 07 81   JSR &8107
     8106   68         PLA
.PrintNibble
     8107   20 29 81   JSR &8129
     810A   D0 D4      BNE &80E0
.PrintBCDSPL
     810C   20 30 84   JSR &8430
.PrintHexSPL
     810F   48         PHA
     8110   20 24 82   JSR &8224
     8113   20 17 81   JSR &8117
     8116   68         PLA
.PrintNibbleSPL
     8117   20 29 81   JSR &8129
     811A   4C EE FF   JMP &FFEE
.Print2SpacesSPL
     811D   20 20 81   JSR &8120
.PrintSpaceSPL
     8120   48         PHA
     8121   A9 20      LDA #&20
     8123   20 EE FF   JSR &FFEE
     8126   68         PLA
     8127   18         CLC
     8128   60         RTS
.NibToASC
     8129   29 0F      AND #&0F
     812B   C9 0A      CMP #&0A
     812D   90 02      BCC &8131
     812F   69 06      ADC #&06
.nibasc
     8131   69 30      ADC #&30
     8133   60         RTS
.CopyVarsB0BA
     8134   20 44 81   JSR &8144
     8137   CA         DEX
     8138   CA         DEX
     8139   20 3C 81   JSR &813C
.cpybyte1
     813C   B1 B0      LDA (&B0),Y
     813E   9D 72 10   STA &1072,X
     8141   E8         INX
     8142   C8         INY
     8143   60         RTS
.CopyWordB0BA
     8144   20 47 81   JSR &8147
.cpybyte2
     8147   B1 B0      LDA (&B0),Y
     8149   95 BA      STA &BA,X
     814B   E8         INX
     814C   C8         INY
     814D   60         RTS
.read_fspTextPointer
     814E   20 FB 8B   JSR &8BFB
     8151   4C 64 81   JMP &8164
.read_fspBA_reset
     8154   20 FB 8B   JSR &8BFB
.read_fspBA
     8157   A5 BA      LDA &BA
     8159   85 F2      STA &F2
     815B   A5 BB      LDA &BB
     815D   85 F3      STA &F3
     815F   A0 00      LDY #&00
     8161   20 C5 81   JSR &81C5
.rdafsp_entry
     8164   A2 20      LDX #&20
     8166   20 AA 81   JSR &81AA
     8169   B0 1B      BCS &8186
     816B   8D 00 10   STA &1000
     816E   C9 2E      CMP #&2E
     8170   D0 04      BNE &8176
.rdafsp_setdrv
     8172   86 CC      STX &CC
     8174   F0 EE      BEQ &8164
.rdafsp_notdot
     8176   C9 3A      CMP #&3A
     8178   D0 15      BNE &818F
     817A   20 10 8C   JSR &8C10
     817D   20 AA 81   JSR &81AA
     8180   B0 04      BCS &8186
     8182   C9 2E      CMP #&2E
     8184   F0 DE      BEQ &8164
.errBadName
     8186   20 56 80   JSR &8056
     8189   CC
     818A   6E 61 6D ...
     818E   00
.rdafsp_notcolon
     818F   AA         TAX
     8190   20 AA 81   JSR &81AA
     8193   B0 34      BCS &81C9
     8195   C9 2E      CMP #&2E
     8197   F0 D9      BEQ &8172
     8199   A2 01      LDX #&01
.rdafsp_rdfnloop
     819B   9D 00 10   STA &1000,X
     819E   E8         INX
     819F   20 AA 81   JSR &81AA
     81A2   B0 27      BCS &81CB
     81A4   E0 07      CPX #&07
     81A6   D0 F3      BNE &819B
     81A8   F0 DC      BEQ &8186
.GSREAD_A
     81AA   20 C5 FF   JSR &FFC5
     81AD   08         PHP
     81AE   29 7F      AND #&7F
     81B0   C9 0D      CMP #&0D
     81B2   F0 08      BEQ &81BC
     81B4   C9 20      CMP #&20
     81B6   90 CE      BCC &8186
     81B8   C9 7F      CMP #&7F
     81BA   F0 CA      BEQ &8186
.dogsrd_exit
     81BC   28         PLP
     81BD   60         RTS
.SetTextPointerYX
     81BE   86 F2      STX &F2
     81C0   84 F3      STY &F3
     81C2   A0 00      LDY #&00
     81C4   60         RTS
.GSINIT_A
     81C5   18         CLC
     81C6   4C C2 FF   JMP &FFC2
.Rdafsp_padall
     81C9   A2 01      LDX #&01
.rdafsp_padX
     81CB   A9 20      LDA #&20
.rdafsp_padloop
     81CD   9D 00 10   STA &1000,X
     81D0   E8         INX
     81D1   E0 40      CPX #&40
     81D3   D0 F8      BNE &81CD
     81D5   A2 06      LDX #&06
.rdafsp_cpyfnloop
     81D7   BD 00 10   LDA &1000,X
     81DA   95 C5      STA &C5,X
     81DC   CA         DEX
     81DD   10 F8      BPL &81D7
     81DF   60         RTS
.prt_filename_Yoffset
     81E0   20 F8 83   JSR &83F8
     81E3   B9 0F 0E   LDA &0E0F,Y
     81E6   08         PHP
     81E7   29 7F      AND #&7F
     81E9   D0 05      BNE &81F0
     81EB   20 1D 81   JSR &811D
     81EE   F0 06      BEQ &81F6
.prt_filename_prtchr
     81F0   20 E0 80   JSR &80E0
     81F3   20 DE 80   JSR &80DE
.prt_filename_nodir
     81F6   A2 06      LDX #&06
.prt_filename_loop
     81F8   B9 08 0E   LDA &0E08,Y
     81FB   29 7F      AND #&7F
     81FD   20 E0 80   JSR &80E0
     8200   C8         INY
     8201   CA         DEX
     8202   10 F4      BPL &81F8
     8204   20 1D 81   JSR &811D
     8207   A9 20      LDA #&20
     8209   28         PLP
     820A   10 02      BPL &820E
     820C   A9 4C      LDA #&4C
.prt_filename_notlocked
     820E   20 E0 80   JSR &80E0
     8211   A0 01      LDY #&01
.prt_Yspaces
     8213   20 20 81   JSR &8120
     8216   88         DEY
     8217   D0 FA      BNE &8213
     8219   60         RTS
.A_rorx6and3
     821A   4A         LSR A
     821B   4A         LSR A
.A_rorx4and3
     821C   4A         LSR A
     821D   4A         LSR A
.A_rorx2and3
     821E   4A         LSR A
     821F   4A         LSR A
     8220   29 03      AND #&03
     8222   60         RTS
.A_rorx5
     8223   4A         LSR A
.A_rorx4
     8224   4A         LSR A
     8225   4A         LSR A
     8226   4A         LSR A
     8227   4A         LSR A
     8228   60         RTS
.A_rolx5
     8229   0A         ASL A
.A_rolx4
     822A   0A         ASL A
     822B   0A         ASL A
     822C   0A         ASL A
     822D   0A         ASL A
.getcat_exit
     822E   60         RTS
.parameter_afsp_Param_SyntaxErrorIfNull_getcatentry_fspTxtP
     822F   20 F3 92   JSR &92F3
.Param_SyntaxErrorIfNull_getcatentry_fspTxtP
     8232   20 94 9A   JSR &9A94
.getcatentry_fspTxtP
     8235   20 4E 81   JSR &814E
     8238   30 03      BMI &823D
.getcatentry_fspBA
     823A   20 54 81   JSR &8154
.getcatentry
     823D   20 82 82   JSR &8282
     8240   B0 EC      BCS &822E
.err_FILENOTFOUND
     8242   20 70 80   JSR &8070
     8245   D6
     8246   4E 6F 74 ...
     824F   00
.fscv9_starEX
     8250   20 BE 81   JSR &81BE
.CMD_EX
     8253   20 FB 8B   JSR &8BFB
     8256   20 C5 81   JSR &81C5
     8259   F0 03      BEQ &825E
     825B   20 B6 89   JSR &89B6
.cmd_ex_nullstr
     825E   A9 2A      LDA #&2A
     8260   8D 00 10   STA &1000
     8263   20 C9 81   JSR &81C9
     8266   20 F3 92   JSR &92F3
     8269   20 3D 82   JSR &823D
     826C   4C 79 82   JMP &8279
.fscv10_starINFO
     826F   20 BE 81   JSR &81BE
     8272   A9 4E      LDA #&4E
     8274   85 BF      STA &BF
.CMD_INFO
     8276   20 2F 82   JSR &822F
.cmd_info_loop
     8279   20 4E 83   JSR &834E
     827C   20 89 82   JSR &8289
     827F   B0 F8      BCS &8279
     8281   60         RTS
.get_cat_firstentry80
.get_cat_firstentry81
     8282   20 9F A1   JSR &A19F
     8285   A2 00      LDX #&00
     8287   F0 18      BEQ &82A1
.get_cat_nextentry
     8289   A2 00      LDX #&00
     828B   F0 18      BEQ &82A5
.get_cat_firstentry80fname
     828D   A2 06      LDX #&06
.getcatloop1
     828F   B5 C5      LDA &C5,X
     8291   9D 58 10   STA &1058,X
     8294   CA         DEX
     8295   10 F8      BPL &828F
     8297   A9 20      LDA #&20
     8299   8D 5F 10   STA &105F
     829C   20 9F A1   JSR &A19F
     829F   A2 58      LDX #&58
.getcatentry2
     82A1   A9 00      LDA #&00
     82A3   85 B6      STA &B6
.getcatsetupB7
     82A5   A9 0E      LDA #&0E
     82A7   85 B7      STA &B7
.getcatloop2
     82A9   A0 00      LDY #&00
     82AB   A5 B6      LDA &B6
     82AD   CD 05 0F   CMP &0F05
     82B0   B0 49      BCS &82FB
     82B2   69 08      ADC #&08
     82B4   85 B6      STA &B6
     82B6   20 D0 82   JSR &82D0
     82B9   90 EE      BCC &82A9
     82BB   A5 CC      LDA &CC
     82BD   A0 07      LDY #&07
     82BF   20 FD 82   JSR &82FD
     82C2   D0 E5      BNE &82A9
     82C4   A4 B6      LDY &B6
     82C6   38         SEC
.Y_sub8
     82C7   88         DEY
     82C8   88         DEY
     82C9   88         DEY
     82CA   88         DEY
     82CB   88         DEY
     82CC   88         DEY
     82CD   88         DEY
     82CE   88         DEY
.NotCmdTable2
     82CF   60         RTS
.MatchFilename
     82D0   20 F8 83   JSR &83F8
.matfn_loop1
     82D3   BD 00 10   LDA &1000,X
     82D6   CD CE 10   CMP &10CE
     82D9   D0 13      BNE &82EE
     82DB   E8         INX
.matfn_loop2
     82DC   20 D0 82   JSR &82D0
     82DF   B0 1B      BCS &82FC
     82E1   C8         INY
     82E2   C0 07      CPY #&07
     82E4   90 F6      BCC &82DC
.matfn_loop3
     82E6   BD 00 10   LDA &1000,X
     82E9   C9 20      CMP #&20
     82EB   D0 0E      BNE &82FB
     82ED   60         RTS
.matfn_nomatch
     82EE   C0 07      CPY #&07
     82F0   B0 F4      BCS &82E6
     82F2   20 FD 82   JSR &82FD
     82F5   D0 04      BNE &82FB
     82F7   E8         INX
     82F8   C8         INY
     82F9   D0 D8      BNE &82D3
.matfn_exitC0
     82FB   18         CLC
.matfn_exit
     82FC   60         RTS
.MatchChr
     82FD   CD CE 10   CMP &10CE
     8300   F0 10      BEQ &8312
     8302   CD CD 10   CMP &10CD
     8305   F0 0B      BEQ &8312
     8307   20 3B 83   JSR &833B
     830A   51 B6      EOR (&B6),Y
     830C   B0 02      BCS &8310
     830E   29 5F      AND #&5F
.matchr_notalpha
     8310   29 7F      AND #&7F
.matchr_exit
     8312   60         RTS
.UcaseA2
     8313   08         PHP
     8314   20 3B 83   JSR &833B
     8317   B0 02      BCS &831B
     8319   29 5F      AND #&5F
.ucasea
     831B   29 7F      AND #&7F
     831D   28         PLP
     831E   60         RTS
.DeleteCatEntry_YFileOffset
     831F   20 A8 93   JSR &93A8
.delcatloop
     8322   B9 10 0E   LDA &0E10,Y
     8325   99 08 0E   STA &0E08,Y
     8328   B9 10 0F   LDA &0F10,Y
     832B   99 08 0F   STA &0F08,Y
     832E   C8         INY
     832F   CC 05 0F   CPY &0F05
     8332   90 EE      BCC &8322
     8334   98         TYA
     8335   E9 08      SBC #&08
     8337   8D 05 0F   STA &0F05
.print_infoline_exit
     833A   60         RTS
.IsAlphaChar
     833B   48         PHA
     833C   29 5F      AND #&5F
     833E   C9 41      CMP #&41
     8340   90 04      BCC &8346
     8342   C9 5B      CMP #&5B
     8344   90 01      BCC &8347
.isalpha1
     8346   38         SEC
.isalpha2
     8347   68         PLA
     8348   60         RTS
.prt_InfoMsg_Yoffset
     8349   2C C6 10   BIT &10C6
     834C   30 EC      BMI &833A
.prt_InfoLine_Yoffset
     834E   20 F8 83   JSR &83F8
     8351   20 E0 81   JSR &81E0
     8354   98         TYA
     8355   48         PHA
     8356   A9 60      LDA #&60
     8358   85 B0      STA &B0
     835A   A9 10      LDA #&10
     835C   85 B1      STA &B1
     835E   20 99 83   JSR &8399
     8361   A0 02      LDY #&02
     8363   20 20 81   JSR &8120
     8366   20 87 83   JSR &8387
     8369   20 87 83   JSR &8387
     836C   20 87 83   JSR &8387
     836F   68         PLA
     8370   A8         TAY
     8371   B9 0E 0F   LDA &0F0E,Y
     8374   29 03      AND #&03
     8376   20 07 81   JSR &8107
     8379   B9 0F 0F   LDA &0F0F,Y
     837C   20 FF 80   JSR &80FF
.PrintNewLine
     837F   48         PHA
     8380   A9 0D      LDA #&0D
     8382   20 E0 80   JSR &80E0
     8385   68         PLA
     8386   60         RTS
.PrintHex3Byte
     8387   A2 03      LDX #&03
.printhex3byte_loop
     8389   B9 62 10   LDA &1062,Y
     838C   20 FF 80   JSR &80FF
     838F   88         DEY
     8390   CA         DEX
     8391   D0 F6      BNE &8389
     8393   20 FA 87   JSR &87FA
     8396   4C 20 81   JMP &8120
.ReadFileAttribsToB0_Yoffset
     8399   20 F8 83   JSR &83F8
     839C   98         TYA
     839D   48         PHA
     839E   AA         TAX
     839F   A0 12      LDY #&12
     83A1   A9 00      LDA #&00
.readfileattribs_clearloop
     83A3   88         DEY
     83A4   91 B0      STA (&B0),Y
     83A6   C0 02      CPY #&02
     83A8   D0 F9      BNE &83A3
.readfileattribs_copyloop
     83AA   20 E4 83   JSR &83E4
     83AD   C8         INY
     83AE   C8         INY
     83AF   C0 0E      CPY #&0E
     83B1   D0 F7      BNE &83AA
     83B3   68         PLA
     83B4   AA         TAX
     83B5   BD 0F 0E   LDA &0E0F,X
     83B8   10 04      BPL &83BE
     83BA   A9 08      LDA #&08
     83BC   91 B0      STA (&B0),Y
.readfileattribs_notlocked
     83BE   BD 0E 0F   LDA &0F0E,X
     83C1   A0 04      LDY #&04
     83C3   20 D2 83   JSR &83D2
     83C6   A0 0C      LDY #&0C
     83C8   4A         LSR A
     83C9   4A         LSR A
     83CA   48         PHA
     83CB   29 03      AND #&03
     83CD   91 B0      STA (&B0),Y
     83CF   68         PLA
     83D0   A0 08      LDY #&08
.readfileattribs_addrHiBytes
     83D2   4A         LSR A
     83D3   4A         LSR A
     83D4   48         PHA
     83D5   29 03      AND #&03
     83D7   C9 03      CMP #&03
     83D9   D0 05      BNE &83E0
     83DB   A9 FF      LDA #&FF
     83DD   91 B0      STA (&B0),Y
     83DF   C8         INY
.readfileattribs_nothost
     83E0   91 B0      STA (&B0),Y
.readfileattribs_exits
     83E2   68         PLA
     83E3   60         RTS
.readfileattribs_copy2bytes
     83E4   20 E7 83   JSR &83E7
.readfileattribs_copy1byte
     83E7   BD 08 0F   LDA &0F08,X
     83EA   91 B0      STA (&B0),Y
     83EC   E8         INX
     83ED   C8         INY
     83EE   60         RTS
.inc_word_AE_and_load
     83EF   E6 AE      INC &AE
     83F1   D0 02      BNE &83F5
     83F3   E6 AF      INC &AF
.inc_word_AE_exit
     83F5   B1 AE      LDA (&AE),Y
     83F7   60         RTS
.RememberAXY
     83F8   48         PHA
     83F9   8A         TXA
     83FA   48         PHA
     83FB   98         TYA
     83FC   48         PHA
     83FD   A9 84      LDA #&84
     83FF   48         PHA
     8400   A9 1A      LDA #&1A
     8402   48         PHA
.rAXY_loop_init
     8403   A0 05      LDY #&05
.rAXY_loop
     8405   BA         TSX
     8406   BD 07 01   LDA &0107,X
     8409   48         PHA
     840A   88         DEY
     840B   D0 F8      BNE &8405
     840D   A0 0A      LDY #&0A
.rAXY_loop2
     840F   BD 09 01   LDA &0109,X
     8412   9D 0B 01   STA &010B,X
     8415   CA         DEX
     8416   88         DEY
     8417   D0 F6      BNE &840F
     8419   68         PLA
     841A   68         PLA
.rAXY_restore
     841B   68         PLA
     841C   A8         TAY
     841D   68         PLA
     841E   AA         TAX
     841F   68         PLA
     8420   60         RTS
.RememberXYonly
     8421   48         PHA
     8422   8A         TXA
     8423   48         PHA
     8424   98         TYA
     8425   48         PHA
     8426   20 03 84   JSR &8403
.axyret1
     8429   BA         TSX
     842A   9D 03 01   STA &0103,X
     842D   4C 1B 84   JMP &841B
.BinaryToBCD
     8430   20 21 84   JSR &8421
     8433   A8         TAY
     8434   F0 0A      BEQ &8440
     8436   18         CLC
     8437   F8         SED
     8438   A9 00      LDA #&00
.bbcd_loop
     843A   69 01      ADC #&01
     843C   88         DEY
     843D   D0 FB      BNE &843A
     843F   D8         CLD
.bbcd_exit
     8440   60         RTS
.Param_ReadNum
     8441   20 C5 81   JSR &81C5
     8444   38         SEC
     8445   F0 2A      BEQ &8471
     8447   08         PHP
     8448   A9 00      LDA #&00
     844A   85 B9      STA &B9
     844C   F0 18      BEQ &8466
.L1
     844E   38         SEC
     844F   E9 30      SBC #&30
     8451   90 1D      BCC &8470
     8453   C9 0A      CMP #&0A
     8455   B0 19      BCS &8470
     8457   85 B8      STA &B8
     8459   A5 B9      LDA &B9
     845B   0A         ASL A
     845C   85 B9      STA &B9
     845E   0A         ASL A
     845F   0A         ASL A
     8460   65 B9      ADC &B9
     8462   65 B8      ADC &B8
     8464   85 B9      STA &B9
.L2
     8466   20 C5 FF   JSR &FFC5
     8469   90 E3      BCC &844E
     846B   A6 B9      LDX &B9
     846D   28         PLP
     846E   18         CLC
     846F   60         RTS
.L3
     8470   28         PLP
.L4
     8471   60         RTS
.fscv5_starCAT
     8472   20 BE 81   JSR &81BE
     8475   20 08 8C   JSR &8C08
     8478   20 AD A1   JSR &A1AD
     847B   A0 FF      LDY #&FF
     847D   84 A8      STY &A8
     847F   C8         INY
     8480   84 AA      STY &AA
.cat_titleloop
     8482   B9 00 0E   LDA &0E00,Y
     8485   C0 08      CPY #&08
     8487   90 03      BCC &848C
     8489   B9 F8 0E   LDA &0EF8,Y
.cat_titlelo
     848C   20 E0 80   JSR &80E0
     848F   C8         INY
     8490   C0 0C      CPY #&0C
     8492   D0 EE      BNE &8482
     8494   20 9D 80   JSR &809D
     8497   20 28 
     8499   AD 04 0F   LDA &0F04
     849C   20 FF 80   JSR &80FF
     849F   20 9D 80   JSR &809D
     84A2   29 
     84A3   0D
     84A4   44 72 69 ...
     84AA   A5 CD      LDA &CD
     84AC   20 07 81   JSR &8107
     84AF   A0 0D      LDY #&0D
     84B1   20 13 82   JSR &8213
     84B4   20 9D 80   JSR &809D
     84B7   4F 70 74 ...
     84BE   AD 06 0F   LDA &0F06
     84C1   20 24 82   JSR &8224
     84C4   48         PHA
     84C5   20 9A 80   JSR &809A
     84C8   20 28 
     84CA   A0 03      LDY #&03
     84CC   68         PLA
     84CD   0A         ASL A
     84CE   0A         ASL A
     84CF   AA         TAX
.cat_printoptionnameloop
     84D0   BD BC 85   LDA &85BC,X
     84D3   20 E0 80   JSR &80E0
     84D6   E8         INX
     84D7   88         DEY
     84D8   10 F6      BPL &84D0
     84DA   20 9D 80   JSR &809D
     84DD   29 
     84DE   0D
     84DF   44 69 72 ...
     84E5   AD CA 10   LDA &10CA
     84E8   20 DB 80   JSR &80DB
     84EB   AD C9 10   LDA &10C9
     84EE   20 E0 80   JSR &80E0
     84F1   A0 0B      LDY #&0B
     84F3   20 13 82   JSR &8213
     84F6   20 9D 80   JSR &809D
     84F9   4C 69 62 ...
     84FF   AD CC 10   LDA &10CC
     8502   20 DB 80   JSR &80DB
     8505   AD CB 10   LDA &10CB
     8508   20 E0 80   JSR &80E0
     850B   20 7F 83   JSR &837F
     850E   A0 00      LDY #&00
.cat_curdirloop
     8510   CC 05 0F   CPY &0F05
     8513   B0 17      BCS &852C
     8515   B9 0F 0E   LDA &0E0F,Y
     8518   4D C9 10   EOR &10C9
     851B   29 5F      AND #&5F
     851D   D0 08      BNE &8527
     851F   B9 0F 0E   LDA &0E0F,Y
     8522   29 80      AND #&80
     8524   99 0F 0E   STA &0E0F,Y
.cat_curdirnext
     8527   20 F9 87   JSR &87F9
     852A   90 E4      BCC &8510
.cat_sortloop1
     852C   A0 00      LDY #&00
     852E   20 3E 85   JSR &853E
     8531   90 16      BCC &8549
     8533   A9 FF      LDA #&FF
     8535   8D 82 10   STA &1082
     8538   4C 7F 83   JMP &837F
.cat_getnextunmarkedfile_loop
     853B   20 F9 87   JSR &87F9
.cat_getnextunmarkedfileY
     853E   CC 05 0F   CPY &0F05
     8541   B0 05      BCS &8548
     8543   B9 08 0E   LDA &0E08,Y
     8546   30 F3      BMI &853B
.cat_exit
     8548   60         RTS
.cat_printfilename
     8549   84 AB      STY &AB
     854B   A2 00      LDX #&00
.cat_copyfnloop
     854D   B9 08 0E   LDA &0E08,Y
     8550   20 13 83   JSR &8313
     8553   9D 60 10   STA &1060,X
     8556   C8         INY
     8557   E8         INX
     8558   E0 08      CPX #&08
     855A   D0 F1      BNE &854D
.cat_comparefnloop1
     855C   20 3E 85   JSR &853E
     855F   B0 23      BCS &8584
     8561   38         SEC
     8562   A2 06      LDX #&06
.cat_comparefnloop2
     8564   B9 0E 0E   LDA &0E0E,Y
     8567   20 13 83   JSR &8313
     856A   FD 60 10   SBC &1060,X
     856D   88         DEY
     856E   CA         DEX
     856F   10 F3      BPL &8564
     8571   20 FA 87   JSR &87FA
     8574   B9 0F 0E   LDA &0E0F,Y
     8577   20 13 83   JSR &8313
     857A   ED 67 10   SBC &1067
     857D   90 CA      BCC &8549
     857F   20 F9 87   JSR &87F9
     8582   B0 D8      BCS &855C
.cat_printfn
     8584   A4 AB      LDY &AB
     8586   B9 08 0E   LDA &0E08,Y
     8589   09 80      ORA #&80
     858B   99 08 0E   STA &0E08,Y
     858E   AD 67 10   LDA &1067
     8591   C5 AA      CMP &AA
     8593   F0 10      BEQ &85A5
     8595   A6 AA      LDX &AA
     8597   85 AA      STA &AA
     8599   D0 0A      BNE &85A5
     859B   20 7F 83   JSR &837F
.cat_newline
     859E   20 7F 83   JSR &837F
     85A1   A0 FF      LDY #&FF
     85A3   D0 09      BNE &85AE
.cat_samedir
     85A5   A4 A8      LDY &A8
     85A7   D0 F5      BNE &859E
     85A9   A0 05      LDY #&05
     85AB   20 13 82   JSR &8213
.cat_skipspaces
     85AE   C8         INY
     85AF   84 A8      STY &A8
     85B1   A4 AB      LDY &AB
     85B3   20 1D 81   JSR &811D
     85B6   20 E0 81   JSR &81E0
     85B9   4C 2C 85   JMP &852C
.diskoptions_table
     85BC   6F 66 66 
     85BF   00
     85C0   4C 4F 41 ...
     85C4   52 55 4E 
     85C7   00
     85C8   45 58 45 ...
.cmdtable1
     85CC   FF
     85CD   41 43 43 ...
     85D3   B2
     85D4   42 41 43 ...
     85DA   8C
     85DB   43 4C 4F ...
     85E0   80
     85E1   43 4F 4D ...
     85E8   85
     85E9   43 4F 50 ...
     85ED   AC
     85EE   44 45 4C ...
     85F4   88
     85F5   44 45 53 ...
     85FC   82
     85FD   44 49 52 
     8600   86
     8601   44 52 49 ...
     8606   81
     8607   45 4E 41 ...
     860D   80
     860E   45 58 
     8610   86
     8611   46 4F 52 ...
     8615   DF
     8616   46 52 45 ...
     861A   84
.info_cmd_index
     861B   49 4E 46 ...
     861F   82
     8620   4C 49 42 
     8623   86
     8624   4D 41 50 
     8627   84
     8628   52 45 4E ...
     862E   8D
     862F   54 49 54 ...
     8634   8A
     8635   56 45 52 ...
     863B   85
     863C   57 49 50 ...
     8640   82
     8641   00         BRK
.cmdtable2
     8642   14
     8643   42 55 49 ...
     8648   88
     8649   44 55 4D ...
     864D   88
     864E   4C 49 53 ...
     8652   88
     8653   52 4F 4D ...
     8657   8B
     8658   54 59 50 ...
     865C   88
     865D   00         BRK
.cmdtable22
     865E   1A
     865F   44 49 53 ...
     8663   80
     8664   44 49 53 ...
     8668   80
     8669   4D 4D 46 ...
     866D   80
     866E   43 41 52 ...
     8672   80
     8673   00         BRK
.cmdtable3
     8674   1F
     8675   44 55 54 ...
     867B   80
     867C   4D 4D 46 ...
     8680   80
     8681   55 54 49 ...
     8686   80
     8687   00         BRK
.cmdtable4
     8688   23
     8689   41 43 43 ...
     868F   BE
     8690   42 4F 4F ...
     8694   89
     8695   42 55 47 
     8698   80
     8699   43 41 54 
     869C   8E
     869D   44 49 52 
     86A0   89
     86A1   44 52 49 ...
     86A6   80
     86A7   49 4E 
     86A9   F4
     86AA   4F 55 54 
     86AD   84
     86AE   52 45 4E ...
     86B4   F7
     86B5   41 42 4F ...
     86BA   80
     86BB   00         BRK
.cmdaddr1
     86BC   0B 8A
     86BE   09 9D
     86C0   89 94
     86C2   AA 9B
     86C4   62 9D
     86C6   AD 87
     86C8   BC 87
     86CA   6C 89
     86CC   0C 88
     86CE   C3 8B
     86D0   52 82
     86D2   66 1E
     86D4   C2 9F
     86D6   75 82
     86D8   70 89
     86DA   C5 9F
     86DC   29 8C
     86DE   DF 89
     86E0   62 1E
     86E2   84 87
     86E4   19 87
.cmdaddr2
     86E6   02 B4
     86E8   5B B3
     86EA   CA B3
     86EC   3C B2
     86EE   C6 B3
     86F0   CE 82
.cmdaddr22
     86F2   F2 8C
     86F4   F2 8C
     86F6   FC 8C
     86F8   FC 8C
     86FA   A8 8E
.cmdaddr3
     86FC   79 9A
     86FE   39 9A
     8700   80 9A
     8702   87 9A
.cmdaddr4
     8704   F8 2E
     8706   0F 2D
     8708   DE 27
     870A   F4 2C
     870C   A5 2D
     870E   A8 2E
     8710   3E 2D
     8712   78 2E
     8714   35 2F
     8716   CC A7
     8718   A9 88
.cmdaddrX
.NotCmdTable1
     871A   A2 BC      LDX #&BC
     871C   20 C5 81   JSR &81C5
     871F   B1 F2      LDA (&F2),Y
     8721   C8         INY
     8722   09 20      ORA #&20
     8724   C9 64      CMP #&64
     8726   F0 09      BEQ &8731
     8728   88         DEY
     8729   4C AA 88   JMP &88AA
.fscv3_unreccommand
     872C   20 BE 81   JSR &81BE
     872F   A2 00      LDX #&00
.UnrecCommandTextPointer
     8731   BD CC 85   LDA &85CC,X
     8734   85 BE      STA &BE
     8736   98         TYA
     8737   48         PHA
.unrecloop1
     8738   E6 BE      INC &BE
     873A   68         PLA
     873B   48         PHA
     873C   A8         TAY
     873D   20 C5 81   JSR &81C5
     8740   E8         INX
     8741   BD CC 85   LDA &85CC,X
     8744   F0 28      BEQ &876E
     8746   CA         DEX
     8747   88         DEY
     8748   86 BF      STX &BF
.unrecloop2
     874A   E8         INX
     874B   C8         INY
     874C   BD CC 85   LDA &85CC,X
     874F   30 16      BMI &8767
.unrecloop2in
     8751   51 F2      EOR (&F2),Y
     8753   29 5F      AND #&5F
     8755   F0 F3      BEQ &874A
     8757   CA         DEX
.unrecloop3
     8758   E8         INX
     8759   BD CC 85   LDA &85CC,X
     875C   10 FA      BPL &8758
     875E   B1 F2      LDA (&F2),Y
     8760   C9 2E      CMP #&2E
     8762   D0 D4      BNE &8738
     8764   C8         INY
     8765   B0 07      BCS &876E
.endofcmd_oncmdline
     8767   B1 F2      LDA (&F2),Y
     8769   20 3B 83   JSR &833B
     876C   90 CA      BCC &8738
.gocmdcode
     876E   68         PLA
     876F   A5 BE      LDA &BE
     8771   0A         ASL A
     8772   AA         TAX
     8773   BD BD 86   LDA &86BD,X
     8776   10 06      BPL &877E
.gocmdcode2
     8778   48         PHA
     8779   BD BC 86   LDA &86BC,X
     877C   48         PHA
     877D   60         RTS
.dommcinit
     877E   20 66 A7   JSR &A766
     8781   09 80      ORA #&80
     8783   D0 F3      BNE &8778
.CMD_WIPE
     8785   20 2F 82   JSR &822F
.wipeloop
     8788   B9 0F 0E   LDA &0E0F,Y
     878B   30 1B      BMI &87A8
     878D   20 E0 81   JSR &81E0
     8790   20 C8 9C   JSR &9CC8
     8793   D0 13      BNE &87A8
     8795   A6 B6      LDX &B6
     8797   20 C2 94   JSR &94C2
     879A   86 B6      STX &B6
     879C   20 02 88   JSR &8802
     879F   84 AB      STY &AB
     87A1   20 B1 A1   JSR &A1B1
     87A4   A5 AB      LDA &AB
     87A6   85 B6      STA &B6
.wipenext
     87A8   20 89 82   JSR &8289
     87AB   B0 DB      BCS &8788
     87AD   60         RTS
.CMD_DELETE
     87AE   20 EA 92   JSR &92EA
     87B1   20 32 82   JSR &8232
     87B4   20 49 83   JSR &8349
     87B7   20 1F 83   JSR &831F
     87BA   4C B1 A1   JMP &A1B1
.CMD_DESTROY
     87BD   20 79 9C   JSR &9C79
     87C0   20 2F 82   JSR &822F
.destroyloop1
     87C3   B9 0F 0E   LDA &0E0F,Y
     87C6   30 06      BMI &87CE
     87C8   20 E0 81   JSR &81E0
     87CB   20 7F 83   JSR &837F
.destroylocked1
     87CE   20 89 82   JSR &8289
     87D1   B0 F0      BCS &87C3
     87D3   20 D0 9C   JSR &9CD0
     87D6   D0 29      BNE &8801
     87D8   20 C2 94   JSR &94C2
     87DB   20 82 82   JSR &8282
.destroyloop2
     87DE   B9 0F 0E   LDA &0E0F,Y
     87E1   30 03      BMI &87E6
     87E3   20 02 88   JSR &8802
.destroylocked2
     87E6   20 89 82   JSR &8289
     87E9   B0 F3      BCS &87DE
     87EB   20 B1 A1   JSR &A1B1
.msgDELETED
     87EE   20 9D 80   JSR &809D
     87F1   44 65 6C ...
     87F8   0D
.Y_add8
     87F9   C8         INY
.Y_add7
     87FA   C8         INY
     87FB   C8         INY
     87FC   C8         INY
     87FD   C8         INY
     87FE   C8         INY
     87FF   C8         INY
     8800   C8         INY
.Y_rts
     8801   60         RTS
.DeleteCatEntry_AdjustPtr
     8802   20 1F 83   JSR &831F
     8805   A4 B6      LDY &B6
     8807   20 C7 82   JSR &82C7
     880A   84 B6      STY &B6
     880C   60         RTS
.CMD_DRIVE
     880D   20 0D 8C   JSR &8C0D
     8810   8D CA 10   STA &10CA
     8813   60         RTS
.osfileFF_loadfiletoaddr
     8814   20 3A 82   JSR &823A
     8817   20 CA 93   JSR &93CA
     881A   20 99 83   JSR &8399
.LoadFile_Ycatoffset
     881D   84 BA      STY &BA
     881F   A2 00      LDX #&00
     8821   A5 BE      LDA &BE
     8823   D0 06      BNE &882B
     8825   C8         INY
     8826   C8         INY
     8827   A2 02      LDX #&02
     8829   D0 08      BNE &8833
.loadAtLoadAddr
     882B   B9 0E 0F   LDA &0F0E,Y
     882E   85 C2      STA &C2
     8830   20 CA 8B   JSR &8BCA
.load_copyfileinfo_loop
     8833   B9 08 0F   LDA &0F08,Y
     8836   95 BC      STA &BC,X
     8838   C8         INY
     8839   E8         INX
     883A   E0 08      CPX #&08
     883C   D0 F5      BNE &8833
     883E   20 E4 8B   JSR &8BE4
     8841   A4 BA      LDY &BA
     8843   20 49 83   JSR &8349
.LoadMemBlockEX
.LoadMemBlock
     8846   A9 85      LDA #&85
     8848   D0 0B      BNE &8855
.osfile0_savememblock
     884A   20 AF 8A   JSR &8AAF
     884D   20 CA 93   JSR &93CA
     8850   20 99 83   JSR &8399
.SaveMemBlock
     8853   A9 A5      LDA #&A5
.exec_block_rw
     8855   8D B6 10   STA &10B6
     8858   A9 05      LDA #&05
     885A   8D B5 10   STA &10B5
     885D   A5 CD      LDA &CD
     885F   8D B0 10   STA &10B0
     8862   A2 02      LDX #&02
.loop0
     8864   B5 BB      LDA &BB,X
     8866   9D B0 10   STA &10B0,X
     8869   BD 73 10   LDA &1073,X
     886C   9D B2 10   STA &10B2,X
     886F   CA         DEX
     8870   D0 F2      BNE &8864
     8872   A5 C2      LDA &C2
     8874   29 03      AND #&03
     8876   AA         TAX
     8877   A5 C3      LDA &C3
     8879   A0 FF      LDY #&FF
.loop1
     887B   38         SEC
.loop2
     887C   C8         INY
     887D   E9 0A      SBC #&0A
     887F   B0 FB      BCS &887C
     8881   CA         DEX
     8882   10 F7      BPL &887B
     8884   69 0A      ADC #&0A
     8886   8C B7 10   STY &10B7
     8889   8D B8 10   STA &10B8
     888C   A5 C1      LDA &C1
     888E   8D B9 10   STA &10B9
     8891   A5 C2      LDA &C2
     8893   4A         LSR A
     8894   4A         LSR A
     8895   4A         LSR A
     8896   4A         LSR A
     8897   29 03      AND #&03
     8899   8D BA 10   STA &10BA
     889C   A5 C0      LDA &C0
     889E   8D BB 10   STA &10BB
     88A1   20 02 A2   JSR &A202
     88A4   A9 01      LDA #&01
     88A6   60         RTS
.fscv2_4_11_starRUN
     88A7   20 BE 81   JSR &81BE
.NotCmdTable4
.SetWordBA_txtptr
     88AA   A9 FF      LDA #&FF
     88AC   85 BE      STA &BE
     88AE   A5 F2      LDA &F2
     88B0   85 BA      STA &BA
     88B2   A5 F3      LDA &F3
     88B4   85 BB      STA &BB
     88B6   8C DA 10   STY &10DA
     88B9   20 54 81   JSR &8154
     88BC   8C D9 10   STY &10D9
     88BF   20 82 82   JSR &8282
     88C2   B0 21      BCS &88E5
     88C4   AC DA 10   LDY &10DA
     88C7   AD CB 10   LDA &10CB
     88CA   85 CC      STA &CC
     88CC   AD CC 10   LDA &10CC
     88CF   85 CD      STA &CD
     88D1   20 57 81   JSR &8157
     88D4   20 82 82   JSR &8282
     88D7   B0 0C      BCS &88E5
.errBADCOMMAND
     88D9   20 56 80   JSR &8056
     88DC   FE
     88DD   63 6F 6D ...
     88E4   00
.runfile_found
     88E5   B9 0E 0F   LDA &0F0E,Y
     88E8   20 1A 82   JSR &821A
     88EB   C9 03      CMP #&03
     88ED   D0 42      BNE &8931
     88EF   B9 0A 0F   LDA &0F0A,Y
     88F2   39 0B 0F   AND &0F0B,Y
     88F5   C9 FF      CMP #&FF
     88F7   D0 38      BNE &8931
     88F9   A2 06      LDX #&06
.runfile_exec_loop
     88FB   BD 00 10   LDA &1000,X
     88FE   9D 07 10   STA &1007,X
     8901   CA         DEX
     8902   10 F7      BPL &88FB
     8904   A9 0D      LDA #&0D
     8906   8D 0E 10   STA &100E
     8909   A9 45      LDA #&45
     890B   8D 00 10   STA &1000
     890E   A9 3A      LDA #&3A
     8910   8D 02 10   STA &1002
     8913   A5 CD      LDA &CD
     8915   09 30      ORA #&30
     8917   8D 03 10   STA &1003
     891A   A9 2E      LDA #&2E
     891C   8D 01 10   STA &1001
     891F   8D 04 10   STA &1004
     8922   8D 06 10   STA &1006
     8925   A5 CC      LDA &CC
     8927   8D 05 10   STA &1005
     892A   A2 00      LDX #&00
     892C   A0 10      LDY #&10
     892E   4C F7 FF   JMP &FFF7
.runfile_run
     8931   20 1D 88   JSR &881D
     8934   18         CLC
     8935   AD D9 10   LDA &10D9
     8938   A8         TAY
     8939   65 F2      ADC &F2
     893B   8D D9 10   STA &10D9
     893E   A5 F3      LDA &F3
     8940   69 00      ADC #&00
     8942   8D DA 10   STA &10DA
     8945   AD 76 10   LDA &1076
     8948   2D 77 10   AND &1077
     894B   0D D6 10   ORA &10D6
     894E   C9 FF      CMP #&FF
     8950   F0 16      BEQ &8968
     8952   A5 BE      LDA &BE
     8954   8D 74 10   STA &1074
     8957   A5 BF      LDA &BF
     8959   8D 75 10   STA &1075
     895C   20 87 8C   JSR &8C87
     895F   A2 74      LDX #&74
     8961   A0 10      LDY #&10
     8963   A9 04      LDA #&04
     8965   4C 06 04   JMP &0406
.runfile_inhost
     8968   A9 01      LDA #&01
     896A   6C BE 00   JMP (&00BE)
.CMD_DIR
     896D   A2 00      LDX #&00
     896F   F0 02      BEQ &8973
.CMD_LIB
     8971   A2 02      LDX #&02
.setdirlib
     8973   20 A7 89   JSR &89A7
     8976   9D CA 10   STA &10CA,X
     8979   A5 CC      LDA &CC
     897B   9D C9 10   STA &10C9,X
     897E   60         RTS
.SaveStaticToPrivateWorkspace
     897F   20 F8 83   JSR &83F8
     8982   A5 B0      LDA &B0
     8984   48         PHA
     8985   A5 B1      LDA &B1
     8987   48         PHA
     8988   20 02 94   JSR &9402
     898B   A0 00      LDY #&00
.stat_loop1
     898D   C0 C0      CPY #&C0
     898F   90 05      BCC &8996
     8991   B9 00 10   LDA &1000,Y
     8994   B0 03      BCS &8999
.stat_Y_lessC0
     8996   B9 00 11   LDA &1100,Y
.stat_Y_gtreqC0
     8999   91 B0      STA (&B0),Y
     899B   C8         INY
     899C   C0 F1      CPY #&F1
     899E   D0 ED      BNE &898D
     89A0   68         PLA
     89A1   85 B1      STA &B1
     89A3   68         PLA
     89A4   85 B0      STA &B0
     89A6   60         RTS
.ReadDirDrvParameters
     89A7   AD C9 10   LDA &10C9
     89AA   85 CC      STA &CC
     89AC   20 C5 81   JSR &81C5
     89AF   D0 05      BNE &89B6
     89B1   A9 00      LDA #&00
     89B3   85 CD      STA &CD
     89B5   60         RTS
.ReadDirDrvParameters2
     89B6   20 00 8C   JSR &8C00
.rdd_loop
     89B9   20 AA 81   JSR &81AA
     89BC   B0 10      BCS &89CE
     89BE   C9 3A      CMP #&3A
     89C0   D0 14      BNE &89D6
     89C2   20 10 8C   JSR &8C10
     89C5   20 AA 81   JSR &81AA
     89C8   B0 13      BCS &89DD
     89CA   C9 2E      CMP #&2E
     89CC   F0 EB      BEQ &89B9
.errBADDIRECTORY
     89CE   20 56 80   JSR &8056
     89D1   CE
     89D2   64 69 72 
     89D5   00
.rdd_exit2
     89D6   85 CC      STA &CC
     89D8   20 AA 81   JSR &81AA
     89DB   90 F1      BCC &89CE
.rdd_exit1
     89DD   A5 CD      LDA &CD
     89DF   60         RTS
.CMD_TITLE
     89E0   20 94 9A   JSR &9A94
     89E3   20 A7 A1   JSR &A1A7
     89E6   A2 0B      LDX #&0B
     89E8   A9 00      LDA #&00
.cmdtit_loop1
     89EA   20 00 8A   JSR &8A00
     89ED   CA         DEX
     89EE   10 FA      BPL &89EA
.cmdtit_loop2
     89F0   E8         INX
     89F1   20 AA 81   JSR &81AA
     89F4   B0 07      BCS &89FD
     89F6   20 00 8A   JSR &8A00
     89F9   E0 0B      CPX #&0B
     89FB   90 F3      BCC &89F0
.cmdtit_savecat
     89FD   4C B1 A1   JMP &A1B1
.SetDiskTitleChr_Xpos
     8A00   E0 08      CPX #&08
     8A02   90 04      BCC &8A08
     8A04   9D F8 0E   STA &0EF8,X
     8A07   60         RTS
.setdisttit_page
     8A08   9D 00 0E   STA &0E00,X
     8A0B   60         RTS
.CMD_ACCESS
     8A0C   20 F3 92   JSR &92F3
     8A0F   20 94 9A   JSR &9A94
     8A12   20 4E 81   JSR &814E
     8A15   A2 00      LDX #&00
     8A17   20 C5 81   JSR &81C5
     8A1A   D0 1F      BNE &8A3B
.cmdac_flag
     8A1C   86 AA      STX &AA
     8A1E   20 3D 82   JSR &823D
.cmdac_filefound
     8A21   20 AB 93   JSR &93AB
     8A24   B9 0F 0E   LDA &0E0F,Y
     8A27   29 7F      AND #&7F
     8A29   05 AA      ORA &AA
     8A2B   99 0F 0E   STA &0E0F,Y
     8A2E   20 49 83   JSR &8349
     8A31   20 89 82   JSR &8289
     8A34   B0 EB      BCS &8A21
.jmp_savecattodisk
     8A36   4C B1 A1   JMP &A1B1
.cmdac_paramloop
     8A39   A2 80      LDX #&80
.cmdac_getparam
     8A3B   20 AA 81   JSR &81AA
     8A3E   B0 DC      BCS &8A1C
     8A40   29 5F      AND #&5F
     8A42   C9 4C      CMP #&4C
     8A44   F0 F3      BEQ &8A39
.errBADATTRIBUTE
     8A46   20 56 80   JSR &8056
     8A49   CF
     8A4A   61 74 74 ...
     8A53   00
.fscv0_starOPT
     8A54   20 F8 83   JSR &83F8
     8A57   8A         TXA
     8A58   C9 04      CMP #&04
     8A5A   F0 1E      BEQ &8A7A
     8A5C   C9 05      CMP #&05
     8A5E   F0 34      BEQ &8A94
     8A60   C9 02      CMP #&02
     8A62   90 0B      BCC &8A6F
.errBADOPTION
     8A64   20 56 80   JSR &8056
     8A67   CB
     8A68   6F 70 74 ...
     8A6E   00
.opts0_1
     8A6F   A2 FF      LDX #&FF
     8A71   98         TYA
     8A72   F0 02      BEQ &8A76
     8A74   A2 00      LDX #&00
.opts0_1_Y0
     8A76   8E C6 10   STX &10C6
     8A79   60         RTS
.SetBootOption_Yoption
     8A7A   98         TYA
     8A7B   48         PHA
     8A7C   20 FB 8B   JSR &8BFB
     8A7F   20 AD A1   JSR &A1AD
     8A82   68         PLA
     8A83   20 2A 82   JSR &822A
     8A86   4D 06 0F   EOR &0F06
     8A89   29 30      AND #&30
     8A8B   4D 06 0F   EOR &0F06
     8A8E   8D 06 0F   STA &0F06
     8A91   4C B1 A1   JMP &A1B1
.DiskTrapOption
     8A94   98         TYA
     8A95   08         PHP
     8A96   A6 F4      LDX &F4
     8A98   BD F0 0D   LDA &0DF0,X
     8A9B   29 BF      AND #&BF
     8A9D   28         PLP
     8A9E   F0 02      BEQ &8AA2
     8AA0   09 40      ORA #&40
.skip
     8AA2   9D F0 0D   STA &0DF0,X
     8AA5   60         RTS
.errDISKFULL
     8AA6   20 4B 80   JSR &804B
     8AA9   C6
     8AAA   66 75 6C ...
     8AAE   00
.CreateFile_FSP
     8AAF   20 54 81   JSR &8154
     8AB2   20 82 82   JSR &8282
     8AB5   90 03      BCC &8ABA
     8AB7   20 1F 83   JSR &831F
.createfile_nodel
     8ABA   A5 C0      LDA &C0
     8ABC   48         PHA
     8ABD   A5 C1      LDA &C1
     8ABF   48         PHA
     8AC0   38         SEC
     8AC1   A5 C2      LDA &C2
     8AC3   E5 C0      SBC &C0
     8AC5   85 C0      STA &C0
     8AC7   A5 C3      LDA &C3
     8AC9   E5 C1      SBC &C1
     8ACB   85 C1      STA &C1
     8ACD   AD 7A 10   LDA &107A
     8AD0   ED 78 10   SBC &1078
     8AD3   20 04 8B   JSR &8B04
     8AD6   AD 79 10   LDA &1079
     8AD9   8D 75 10   STA &1075
     8ADC   AD 78 10   LDA &1078
     8ADF   8D 74 10   STA &1074
     8AE2   68         PLA
     8AE3   85 BD      STA &BD
     8AE5   68         PLA
     8AE6   85 BC      STA &BC
     8AE8   60         RTS
.CreateFile_3
     8AE9   85 CD      STA &CD
     8AEB   A5 CC      LDA &CC
     8AED   48         PHA
     8AEE   20 AA A1   JSR &A1AA
     8AF1   20 8D 82   JSR &828D
     8AF4   90 03      BCC &8AF9
     8AF6   20 1F 83   JSR &831F
.cd_writedest_cat_nodel
     8AF9   68         PLA
     8AFA   85 CC      STA &CC
     8AFC   20 E1 8B   JSR &8BE1
     8AFF   A5 C2      LDA &C2
     8B01   20 1C 82   JSR &821C
.CreateFile_2
     8B04   85 C4      STA &C4
     8B06   A9 00      LDA #&00
     8B08   85 C2      STA &C2
     8B0A   A9 02      LDA #&02
     8B0C   85 C3      STA &C3
     8B0E   AC 05 0F   LDY &0F05
     8B11   C0 F8      CPY #&F8
     8B13   90 31      BCC &8B46
.errCATALOGUEFULL
     8B15   20 60 80   JSR &8060
     8B18   BE
     8B19   43 61 74 ...
     8B21   00
.cfile_loop
     8B22   F0 82      BEQ &8AA6
     8B24   20 C7 82   JSR &82C7
     8B27   B9 0E 0F   LDA &0F0E,Y
     8B2A   20 1C 82   JSR &821C
     8B2D   85 C2      STA &C2
     8B2F   18         CLC
     8B30   A9 FF      LDA #&FF
     8B32   79 0C 0F   ADC &0F0C,Y
     8B35   B9 0F 0F   LDA &0F0F,Y
     8B38   79 0D 0F   ADC &0F0D,Y
     8B3B   85 C3      STA &C3
     8B3D   B9 0E 0F   LDA &0F0E,Y
     8B40   29 03      AND #&03
     8B42   65 C2      ADC &C2
     8B44   85 C2      STA &C2
.Getfirstblock_Yoffset
     8B46   38         SEC
     8B47   B9 07 0F   LDA &0F07,Y
     8B4A   E5 C3      SBC &C3
     8B4C   48         PHA
     8B4D   B9 06 0F   LDA &0F06,Y
     8B50   29 03      AND #&03
     8B52   E5 C2      SBC &C2
     8B54   AA         TAX
     8B55   A9 00      LDA #&00
     8B57   C5 C0      CMP &C0
     8B59   68         PLA
     8B5A   E5 C1      SBC &C1
     8B5C   8A         TXA
     8B5D   E5 C4      SBC &C4
     8B5F   98         TYA
     8B60   90 C0      BCC &8B22
     8B62   84 B0      STY &B0
     8B64   AC 05 0F   LDY &0F05
.cfile_insertfileloop
     8B67   C4 B0      CPY &B0
     8B69   F0 0F      BEQ &8B7A
     8B6B   B9 07 0E   LDA &0E07,Y
     8B6E   99 0F 0E   STA &0E0F,Y
     8B71   B9 07 0F   LDA &0F07,Y
     8B74   99 0F 0F   STA &0F0F,Y
     8B77   88         DEY
     8B78   B0 ED      BCS &8B67
.cfile_atcatentry
     8B7A   AD 76 10   LDA &1076
     8B7D   29 03      AND #&03
     8B7F   0A         ASL A
     8B80   0A         ASL A
     8B81   45 C4      EOR &C4
     8B83   29 FC      AND #&FC
     8B85   45 C4      EOR &C4
     8B87   0A         ASL A
     8B88   0A         ASL A
     8B89   4D 74 10   EOR &1074
     8B8C   29 FC      AND #&FC
     8B8E   4D 74 10   EOR &1074
     8B91   0A         ASL A
     8B92   0A         ASL A
     8B93   45 C2      EOR &C2
     8B95   29 FC      AND #&FC
     8B97   45 C2      EOR &C2
     8B99   85 C2      STA &C2
     8B9B   A2 00      LDX #&00
     8B9D   98         TYA
     8B9E   48         PHA
.cfile_copyfnloop
     8B9F   B5 C5      LDA &C5,X
     8BA1   99 08 0E   STA &0E08,Y
     8BA4   B5 BC      LDA &BC,X
     8BA6   99 08 0F   STA &0F08,Y
     8BA9   C8         INY
     8BAA   E8         INX
     8BAB   E0 08      CPX #&08
     8BAD   D0 F0      BNE &8B9F
     8BAF   68         PLA
     8BB0   A8         TAY
     8BB1   48         PHA
     8BB2   20 49 83   JSR &8349
     8BB5   AC 05 0F   LDY &0F05
     8BB8   20 F9 87   JSR &87F9
     8BBB   8C 05 0F   STY &0F05
     8BBE   20 B1 A1   JSR &A1B1
     8BC1   68         PLA
     8BC2   A8         TAY
     8BC3   60         RTS
.CMD_ENABLE
     8BC4   A9 01      LDA #&01
     8BC6   8D C7 10   STA &10C7
     8BC9   60         RTS
.LoadAddrHi2
     8BCA   A9 00      LDA #&00
     8BCC   8D 75 10   STA &1075
     8BCF   A5 C2      LDA &C2
     8BD1   29 08      AND #&08
     8BD3   8D 74 10   STA &1074
     8BD6   F0 08      BEQ &8BE0
.SetLoadAddrToHost
     8BD8   A9 FF      LDA #&FF
     8BDA   8D 75 10   STA &1075
     8BDD   8D 74 10   STA &1074
.ldadd_nothost
     8BE0   60         RTS
.LoadandEexeAddrHi2
     8BE1   20 CA 8B   JSR &8BCA
.ExecAddrHi2
     8BE4   A9 00      LDA #&00
     8BE6   8D 77 10   STA &1077
     8BE9   A5 C2      LDA &C2
     8BEB   20 1A 82   JSR &821A
     8BEE   C9 03      CMP #&03
     8BF0   D0 05      BNE &8BF7
     8BF2   A9 FF      LDA #&FF
     8BF4   8D 77 10   STA &1077
.exadd_nothost
     8BF7   8D 76 10   STA &1076
     8BFA   60         RTS
.Set_CurDirDrv_ToDefaults
     8BFB   AD C9 10   LDA &10C9
     8BFE   85 CC      STA &CC
.Set_CurDrv_ToDefault
     8C00   AD CA 10   LDA &10CA
.SetCurrentDrive_Adrive
     8C03   29 03      AND #&03
.SetCurrentDrive_Adrive_noand
     8C05   85 CD      STA &CD
     8C07   60         RTS
.Param_OptionalDriveNo
     8C08   20 C5 81   JSR &81C5
     8C0B   F0 F3      BEQ &8C00
.Param_DriveNo_Syntax
     8C0D   20 94 9A   JSR &9A94
.Param_DriveNo_BadDrive
     8C10   20 AA 81   JSR &81AA
     8C13   B0 0B      BCS &8C20
     8C15   C9 3A      CMP #&3A
     8C17   F0 F7      BEQ &8C10
     8C19   38         SEC
     8C1A   E9 30      SBC #&30
     8C1C   C9 04      CMP #&04
     8C1E   90 E5      BCC &8C05
.errBADDRIVE
     8C20   20 56 80   JSR &8056
     8C23   CD
     8C24   64 72 69 ...
     8C29   00
.CMD_RENAME
     8C2A   20 EA 92   JSR &92EA
     8C2D   20 94 9A   JSR &9A94
     8C30   20 4E 81   JSR &814E
     8C33   98         TYA
     8C34   48         PHA
     8C35   20 3D 82   JSR &823D
     8C38   20 A8 93   JSR &93A8
     8C3B   84 C4      STY &C4
     8C3D   68         PLA
     8C3E   A8         TAY
     8C3F   20 94 9A   JSR &9A94
     8C42   A5 CD      LDA &CD
     8C44   48         PHA
     8C45   20 4E 81   JSR &814E
     8C48   68         PLA
     8C49   C5 CD      CMP &CD
     8C4B   D0 14      BNE &8C61
     8C4D   20 82 82   JSR &8282
     8C50   90 12      BCC &8C64
     8C52   C4 C4      CPY &C4
     8C54   F0 0E      BEQ &8C64
.errFILEEXISTS
     8C56   20 60 80   JSR &8060
     8C59   C4
     8C5A   45 78 69 ...
     8C60   00
.jmpBADDRIVE
     8C61   4C 20 8C   JMP &8C20
.rname_ok
     8C64   A4 C4      LDY &C4
     8C66   20 F9 87   JSR &87F9
     8C69   A2 07      LDX #&07
.rname_loop
     8C6B   B5 C5      LDA &C5,X
     8C6D   99 07 0E   STA &0E07,Y
     8C70   88         DEY
     8C71   CA         DEX
     8C72   10 F7      BPL &8C6B
     8C74   4C B1 A1   JMP &A1B1
.TUBE_CheckIfPresent
     8C77   A9 EA      LDA #&EA
     8C79   A2 00      LDX #&00
     8C7B   A0 FF      LDY #&FF
     8C7D   20 F4 FF   JSR &FFF4
     8C80   8A         TXA
     8C81   49 FF      EOR #&FF
     8C83   8D D6 10   STA &10D6
     8C86   60         RTS
.TUBE_CLAIM
     8C87   48         PHA
.tclaim_loop
     8C88   A9 CA      LDA #&CA
     8C8A   20 06 04   JSR &0406
     8C8D   90 F9      BCC &8C88
     8C8F   68         PLA
     8C90   60         RTS
.TUBE_RELEASE
     8C91   20 77 8C   JSR &8C77
     8C94   30 07      BMI &8C9D
.TUBE_RELEASE_NoCheck
     8C96   48         PHA
     8C97   A9 8A      LDA #&8A
     8C99   20 06 04   JSR &0406
     8C9C   68         PLA
.trelease_exit
     8C9D   60         RTS
.CheckESCAPE
     8C9E   24 FF      BIT &FF
     8CA0   10 1F      BPL &8CC1
.ReportESCAPE
     8CA2   A9 7E      LDA #&7E
     8CA4   20 F4 FF   JSR &FFF4
     8CA7   20 70 80   JSR &8070
     8CAA   11
     8CAB   45 73 63 ...
     8CB1   00
.PrintHex100
     8CB2   48         PHA
     8CB3   20 24 82   JSR &8224
     8CB6   20 BA 8C   JSR &8CBA
     8CB9   68         PLA
.PrintNib100
     8CBA   20 29 81   JSR &8129
     8CBD   9D 00 01   STA &0100,X
     8CC0   E8         INX
.noesc
     8CC1   60         RTS
.BootOptions
     8CC2   4C 2E 21 ...
     8CC9   0D
     8CCA   45 2E 21 ...
     8CD1   0D
.AUTOBOOT
     8CD2   A5 B3      LDA &B3
     8CD4   20 9D 80   JSR &809D
Macro BOOT_NAME:
Macro BASE_NAME:
     8CD7   4D 6F 64 ...
Macro SYSTEM_NAME:
     8CDF   4D 4D 46 ...
End macro SYSTEM_NAME
     8CE4   20 28 44 ...
End macro BASE_NAME
Macro DEVICE_NAME:
     8CEC   20 4D 4D 
End macro DEVICE_NAME
Macro DFS_EMUL_NAME:
End macro DFS_EMUL_NAME
     8CEF   0D
     8CF0   0D
End macro BOOT_NAME
     8CF1   90 0C      BCC &8CFF
.CMD_DISC
     8CF3   A6 F4      LDX &F4
     8CF5   BD F0 0D   LDA &0DF0,X
     8CF8   29 40      AND #&40
     8CFA   F0 01      BEQ &8CFD
     8CFC   60         RTS
.CMD_CARD
     8CFD   A9 FF      LDA #&FF
.initMMFS
     8CFF   20 AA 96   JSR &96AA
     8D02   48         PHA
     8D03   A9 06      LDA #&06
     8D05   20 36 80   JSR &8036
     8D08   A2 0D      LDX #&0D
.vectloop
     8D0A   BD 17 94   LDA &9417,X
     8D0D   9D 12 02   STA &0212,X
     8D10   CA         DEX
     8D11   10 F7      BPL &8D0A
     8D13   A9 A8      LDA #&A8
     8D15   20 10 94   JSR &9410
     8D18   84 B1      STY &B1
     8D1A   86 B0      STX &B0
     8D1C   A2 07      LDX #&07
     8D1E   A0 1B      LDY #&1B
.extendedvec_loop
     8D20   B9 0A 94   LDA &940A,Y
     8D23   91 B0      STA (&B0),Y
     8D25   C8         INY
     8D26   B9 0A 94   LDA &940A,Y
     8D29   91 B0      STA (&B0),Y
     8D2B   C8         INY
     8D2C   A5 F4      LDA &F4
     8D2E   91 B0      STA (&B0),Y
     8D30   C8         INY
     8D31   CA         DEX
     8D32   D0 EC      BNE &8D20
     8D34   8C 82 10   STY &1082
     8D37   8C 83 10   STY &1083
     8D3A   86 CD      STX &CD
     8D3C   8E AF 10   STX &10AF
     8D3F   A2 0F      LDX #&0F
     8D41   A9 8F      LDA #&8F
     8D43   20 F4 FF   JSR &FFF4
     8D46   20 02 94   JSR &9402
     8D49   A0 D3      LDY #&D3
     8D4B   B1 B0      LDA (&B0),Y
     8D4D   10 37      BPL &8D86
     8D4F   A0 D4      LDY #&D4
     8D51   B1 B0      LDA (&B0),Y
     8D53   30 5E      BMI &8DB3
     8D55   20 EB 93   JSR &93EB
     8D58   A0 00      LDY #&00
.copyfromPWStoSWS_loop
     8D5A   B1 B0      LDA (&B0),Y
     8D5C   C0 C0      CPY #&C0
     8D5E   90 05      BCC &8D65
     8D60   99 00 10   STA &1000,Y
     8D63   B0 03      BCS &8D68
.copyfromPWS1
     8D65   99 00 11   STA &1100,Y
.copyfromPWS2
     8D68   88         DEY
     8D69   D0 EF      BNE &8D5A
     8D6B   20 61 A1   JSR &A161
     8D6E   CD F0 10   CMP &10F0
     8D71   D0 16      BNE &8D89
     8D73   A9 A0      LDA #&A0
.setchansloop
     8D75   A8         TAY
     8D76   48         PHA
     8D77   A9 3F      LDA #&3F
     8D79   20 56 98   JSR &9856
     8D7C   68         PLA
     8D7D   99 1D 11   STA &111D,Y
     8D80   E9 1F      SBC #&1F
     8D82   D0 F1      BNE &8D75
     8D84   F0 2D      BEQ &8DB3
.initdfs_reset
     8D86   20 EB 93   JSR &93EB
.setdefaults
     8D89   A9 20      LDA #&20
     8D8B   8D C0 11   STA &11C0
     8D8E   8D D0 11   STA &11D0
     8D91   A9 24      LDA #&24
     8D93   8D C9 10   STA &10C9
     8D96   8D CB 10   STA &10CB
     8D99   A9 00      LDA #&00
     8D9B   8D CC 10   STA &10CC
     8D9E   A0 00      LDY #&00
     8DA0   8C CA 10   STY &10CA
     8DA3   8C C0 10   STY &10C0
     8DA6   88         DEY
     8DA7   8C C7 10   STY &10C7
     8DAA   8C C6 10   STY &10C6
     8DAD   8C DD 10   STY &10DD
     8DB0   20 E7 8D   JSR &8DE7
.initdfs_noreset
     8DB3   20 77 8C   JSR &8C77
     8DB6   A9 FD      LDA #&FD
     8DB8   20 10 94   JSR &9410
     8DBB   E0 00      CPX #&00
     8DBD   F0 06      BEQ &8DC5
     8DBF   20 66 A7   JSR &A766
     8DC2   20 4C AD   JSR &AD4C
.skipautoload
     8DC5   68         PLA
     8DC6   D0 0B      BNE &8DD3
     8DC8   20 AD A1   JSR &A1AD
     8DCB   AD 06 0F   LDA &0F06
     8DCE   20 24 82   JSR &8224
     8DD1   D0 01      BNE &8DD4
.initdfs_exit
     8DD3   60         RTS
.notOPT0
     8DD4   A0 8C      LDY #&8C
     8DD6   A2 C2      LDX #&C2
     8DD8   C9 02      CMP #&02
     8DDA   90 08      BCC &8DE4
     8DDC   F0 04      BEQ &8DE2
     8DDE   A2 CA      LDX #&CA
     8DE0   D0 02      BNE &8DE4
.oscliOPT2
     8DE2   A2 CC      LDX #&CC
.jmpOSCLI
     8DE4   4C F7 FF   JMP &FFF7
.VIDRESET
     8DE7   A0 0F      LDY #&0F
     8DE9   A9 00      LDA #&00
.loop
     8DEB   99 E0 10   STA &10E0,Y
     8DEE   88         DEY
     8DEF   10 FA      BPL &8DEB
     8DF1   A9 01      LDA #&01
     8DF3   8D F0 10   STA &10F0
     8DF6   60         RTS
.MMFS_SERVICECALLS
     8DF7   20 59 B6   JSR &B659
     8DFA   48         PHA
     8DFB   BD F0 0D   LDA &0DF0,X
     8DFE   30 1E      BMI &8E1E
.lbl1
     8E00   68         PLA
     8E01   C9 12      CMP #&12
     8E03   F0 31      BEQ &8E36
     8E05   C9 0B      CMP #&0B
     8E07   B0 14      BCS &8E1D
.label4
     8E09   0A         ASL A
     8E0A   AA         TAX
     8E0B   BD 21 8E   LDA &8E21,X
     8E0E   48         PHA
     8E0F   BD 20 8E   LDA &8E20,X
     8E12   48         PHA
     8E13   8A         TXA
     8E14   A6 F4      LDX &F4
     8E16   4A         LSR A
     8E17   C9 0B      CMP #&0B
     8E19   90 02      BCC &8E1D
     8E1B   69 15      ADC #&15
.label3
.SERVICE_NULL
     8E1D   60         RTS
.romdisabled
     8E1E   68         PLA
     8E1F   60         RTS
.data
     8E20   1C 8E
     8E22   3F 8E
     8E24   46 8E
     8E26   87 8E
     8E28   A0 8E
     8E2A   1C 8E
     8E2C   1C 8E
     8E2E   1C 8E
     8E30   AC 8E
     8E32   0A 8F
     8E34   1B 8F
.SERVICE12_init_filesystem
Macro BP12K_NEST:
End macro BP12K_NEST
     8E36   C0 04      CPY #&04
     8E38   D0 E3      BNE &8E1D
     8E3A   20 F8 83   JSR &83F8
     8E3D   4C FD 8C   JMP &8CFD
.SERVICE01_claim_absworkspace
     8E40   C0 17      CPY #&17
     8E42   B0 02      BCS &8E46
     8E44   A0 17      LDY #&17
.exit
     8E46   60         RTS
.SERVICE02_claim_privworkspace
     8E47   98         TYA
     8E48   48         PHA
     8E49   85 B1      STA &B1
     8E4B   BC F0 0D   LDY &0DF0,X
     8E4E   98         TYA
     8E4F   29 40      AND #&40
     8E51   05 B1      ORA &B1
     8E53   9D F0 0D   STA &0DF0,X
     8E56   A9 00      LDA #&00
     8E58   85 B0      STA &B0
     8E5A   C4 B1      CPY &B1
     8E5C   F0 04      BEQ &8E62
     8E5E   A0 D3      LDY #&D3
     8E60   91 B0      STA (&B0),Y
.samepage
     8E62   A9 FD      LDA #&FD
     8E64   20 10 94   JSR &9410
     8E67   CA         DEX
     8E68   8A         TXA
     8E69   A0 D3      LDY #&D3
     8E6B   31 B0      AND (&B0),Y
     8E6D   91 B0      STA (&B0),Y
     8E6F   08         PHP
     8E70   C8         INY
     8E71   28         PLP
     8E72   10 07      BPL &8E7B
     8E74   B1 B0      LDA (&B0),Y
     8E76   10 03      BPL &8E7B
     8E78   20 7F 89   JSR &897F
.notsoft
     8E7B   A9 00      LDA #&00
     8E7D   91 B0      STA (&B0),Y
     8E7F   A6 F4      LDX &F4
     8E81   68         PLA
     8E82   A8         TAY
     8E83   A9 02      LDA #&02
     8E85   C8         INY
     8E86   C8         INY
.srv3_exit
     8E87   60         RTS
.SERVICE03_autoboot
Macro BP12K_NEST:
End macro BP12K_NEST
     8E88   20 F8 83   JSR &83F8
     8E8B   84 B3      STY &B3
     8E8D   A9 7A      LDA #&7A
     8E8F   20 F4 FF   JSR &FFF4
     8E92   8A         TXA
     8E93   30 09      BMI &8E9E
     8E95   C9 65      CMP #&65
     8E97   D0 EE      BNE &8E87
     8E99   A9 78      LDA #&78
     8E9B   20 F4 FF   JSR &FFF4
.jmpAUTOBOOT
     8E9E   4C D2 8C   JMP &8CD2
.SERVICE04_unrec_command
Macro BP12K_NEST:
End macro BP12K_NEST
     8EA1   20 F8 83   JSR &83F8
     8EA4   A2 92      LDX #&92
.jmpunreccmd
     8EA6   4C 31 87   JMP &8731
.NotCmdTable22
     8EA9   A2 76      LDX #&76
     8EAB   D0 F9      BNE &8EA6
.SERVICE08_unrec_OSWORD
Macro BP12K_NEST:
End macro BP12K_NEST
     8EAD   20 F8 83   JSR &83F8
     8EB0   A4 EF      LDY &EF
     8EB2   30 2F      BMI &8EE3
     8EB4   C0 7D      CPY #&7D
     8EB6   90 2B      BCC &8EE3
     8EB8   AD 13 02   LDA &0213
     8EBB   C9 FF      CMP #&FF
     8EBD   D0 24      BNE &8EE3
     8EBF   AD 12 02   LDA &0212
     8EC2   C9 1B      CMP #&1B
     8EC4   D0 1D      BNE &8EE3
     8EC6   AD BC 0D   LDA &0DBC
     8EC9   C5 F4      CMP &F4
     8ECB   D0 16      BNE &8EE3
     8ECD   20 AA 96   JSR &96AA
     8ED0   A6 F0      LDX &F0
     8ED2   86 B0      STX &B0
     8ED4   A6 F1      LDX &F1
     8ED6   86 B1      STX &B1
     8ED8   A4 EF      LDY &EF
     8EDA   C8         INY
     8EDB   10 07      BPL &8EE4
     8EDD   08         PHP
     8EDE   58         CLI
     8EDF   20 B8 B0   JSR &B0B8
     8EE2   28         PLP
.notMMFS
.exit
     8EE3   60         RTS
.notOSWORD7F
     8EE4   20 A7 A1   JSR &A1A7
     8EE7   C8         INY
     8EE8   30 08      BMI &8EF2
     8EEA   A0 00      LDY #&00
     8EEC   AD 04 0F   LDA &0F04
     8EEF   91 B0      STA (&B0),Y
     8EF1   60         RTS
.OSWORD7E
     8EF2   A9 00      LDA #&00
     8EF4   A8         TAY
     8EF5   91 B0      STA (&B0),Y
     8EF7   C8         INY
     8EF8   AD 07 0F   LDA &0F07
     8EFB   91 B0      STA (&B0),Y
     8EFD   C8         INY
     8EFE   AD 06 0F   LDA &0F06
     8F01   29 03      AND #&03
     8F03   91 B0      STA (&B0),Y
     8F05   C8         INY
     8F06   A9 00      LDA #&00
     8F08   91 B0      STA (&B0),Y
     8F0A   60         RTS
.SERVICE09_help
     8F0B   20 F8 83   JSR &83F8
     8F0E   B1 F2      LDA (&F2),Y
     8F10   A2 A8      LDX #&A8
     8F12   C9 0D      CMP #&0D
     8F14   D0 90      BNE &8EA6
     8F16   98         TYA
     8F17   A0 03      LDY #&03
     8F19   4C 3F 9A   JMP &9A3F
.SERVICE0A_claim_statworkspace
     8F1C   20 F8 83   JSR &83F8
     8F1F   20 02 94   JSR &9402
     8F22   A0 D4      LDY #&D4
     8F24   B1 B0      LDA (&B0),Y
     8F26   10 15      BPL &8F3D
     8F28   A0 00      LDY #&00
     8F2A   20 96 96   JSR &9696
     8F2D   20 7F 89   JSR &897F
     8F30   20 02 94   JSR &9402
     8F33   A0 D4      LDY #&D4
     8F35   A9 00      LDA #&00
     8F37   91 B0      STA (&B0),Y
     8F39   BA         TSX
     8F3A   9D 05 01   STA &0105,X
.exit
     8F3D   60         RTS
.FILEV_ENTRY
     8F3E   20 21 84   JSR &8421
     8F41   48         PHA
     8F42   20 EA 92   JSR &92EA
     8F45   86 B0      STX &B0
     8F47   8E DB 10   STX &10DB
     8F4A   84 B1      STY &B1
     8F4C   8C DC 10   STY &10DC
     8F4F   A2 00      LDX #&00
     8F51   A0 00      LDY #&00
     8F53   20 44 81   JSR &8144
.filev_copyparams_loop
     8F56   20 34 81   JSR &8134
     8F59   C0 12      CPY #&12
     8F5B   D0 F9      BNE &8F56
     8F5D   68         PLA
     8F5E   AA         TAX
     8F5F   E8         INX
     8F60   E0 08      CPX #&08
     8F62   B0 08      BCS &8F6C
     8F64   BD 5A 94   LDA &945A,X
     8F67   48         PHA
     8F68   BD 52 94   LDA &9452,X
     8F6B   48         PHA
.filev_unknownop
     8F6C   A9 00      LDA #&00
     8F6E   60         RTS
.FSCV_ENTRY
     8F6F   C9 0C      CMP #&0C
     8F71   B0 F9      BCS &8F6C
     8F73   86 B5      STX &B5
     8F75   AA         TAX
     8F76   BD 46 94   LDA &9446,X
     8F79   48         PHA
     8F7A   BD 3A 94   LDA &943A,X
     8F7D   48         PHA
     8F7E   8A         TXA
     8F7F   A6 B5      LDX &B5
     8F81   60         RTS
.GBPBV_ENTRY
     8F82   C9 09      CMP #&09
     8F84   B0 1D      BCS &8FA3
     8F86   20 F8 83   JSR &83F8
     8F89   20 AA 96   JSR &96AA
     8F8C   8E 7D 10   STX &107D
     8F8F   8C 7E 10   STY &107E
     8F92   A8         TAY
     8F93   4C 44 91   JMP &9144
.upgbpb
     8F96   20 A4 8F   JSR &8FA4
     8F99   08         PHP
     8F9A   2C 81 10   BIT &1081
     8F9D   10 03      BPL &8FA2
     8F9F   20 96 8C   JSR &8C96
.gbpb_nottube
     8FA2   28         PLP
.gbpbv_unrecop
     8FA3   60         RTS
.gbpb_gosub
     8FA4   B9 62 94   LDA &9462,Y
     8FA7   8D D7 10   STA &10D7
     8FAA   B9 6B 94   LDA &946B,Y
     8FAD   8D D8 10   STA &10D8
     8FB0   B9 74 94   LDA &9474,Y
     8FB3   4A         LSR A
     8FB4   08         PHP
     8FB5   4A         LSR A
     8FB6   08         PHP
     8FB7   8D 7F 10   STA &107F
     8FBA   A0 0C      LDY #&0C
.gbpb_ctlblk_loop
     8FBC   B1 B4      LDA (&B4),Y
     8FBE   99 60 10   STA &1060,Y
     8FC1   88         DEY
     8FC2   10 F8      BPL &8FBC
     8FC4   AD 63 10   LDA &1063
     8FC7   2D 64 10   AND &1064
     8FCA   0D D6 10   ORA &10D6
     8FCD   18         CLC
     8FCE   69 01      ADC #&01
     8FD0   F0 06      BEQ &8FD8
     8FD2   20 87 8C   JSR &8C87
     8FD5   18         CLC
     8FD6   A9 FF      LDA #&FF
.gbpb_nottube1
     8FD8   8D 81 10   STA &1081
     8FDB   AD 7F 10   LDA &107F
     8FDE   B0 07      BCS &8FE7
     8FE0   A2 61      LDX #&61
     8FE2   A0 10      LDY #&10
     8FE4   20 06 04   JSR &0406
.gbpb_nottube2
     8FE7   28         PLP
     8FE8   B0 04      BCS &8FEE
     8FEA   28         PLP
.gbpb_jmpsub
     8FEB   6C D7 10   JMP (&10D7)
.gbpb_rw_seqptr
     8FEE   A2 03      LDX #&03
.gbpb_seqptr_loop1
     8FF0   BD 69 10   LDA &1069,X
     8FF3   95 B6      STA &B6,X
     8FF5   CA         DEX
     8FF6   10 F8      BPL &8FF0
     8FF8   A2 B6      LDX #&B6
     8FFA   AC 60 10   LDY &1060
     8FFD   A9 00      LDA #&00
     8FFF   28         PLP
     9000   B0 03      BCS &9005
     9002   20 90 99   JSR &9990
.gpbp_dontwriteseqptr
     9005   20 F5 96   JSR &96F5
     9008   A2 03      LDX #&03
.gbpb_seqptr_loop2
     900A   B5 B6      LDA &B6,X
     900C   9D 69 10   STA &1069,X
     900F   CA         DEX
     9010   10 F8      BPL &900A
.gbpb_rwdata
     9012   20 E2 90   JSR &90E2
     9015   30 0D      BMI &9024
.gbpb_data_loop
     9017   AC 60 10   LDY &1060
     901A   20 EB 8F   JSR &8FEB
     901D   B0 0D      BCS &902C
     901F   A2 09      LDX #&09
     9021   20 1D 91   JSR &911D
.gbpb_data_loopin
     9024   A2 05      LDX #&05
     9026   20 1D 91   JSR &911D
     9029   D0 EC      BNE &9017
     902B   18         CLC
.gbpb_data_loopout
     902C   08         PHP
     902D   20 E2 90   JSR &90E2
     9030   A2 05      LDX #&05
     9032   20 1D 91   JSR &911D
     9035   20 F0 90   JSR &90F0
     9038   A0 0C      LDY #&0C
.gbpb_restorectlblk_loop
     903A   B9 60 10   LDA &1060,Y
     903D   91 B4      STA (&B4),Y
     903F   88         DEY
     9040   10 F8      BPL &903A
     9042   28         PLP
     9043   60         RTS
.gbpb8_rdfilescurdir
     9044   20 9C A1   JSR &A19C
     9047   A9 53      LDA #&53
     9049   8D D7 10   STA &10D7
     904C   A9 90      LDA #&90
     904E   8D D8 10   STA &10D8
     9051   D0 BF      BNE &9012
.gbpb8_getbyte
     9053   AC 69 10   LDY &1069
.gbpb8_loop
     9056   CC 05 0F   CPY &0F05
     9059   B0 28      BCS &9083
     905B   B9 0F 0E   LDA &0E0F,Y
     905E   20 3B 83   JSR &833B
     9061   45 CC      EOR &CC
     9063   B0 02      BCS &9067
     9065   29 DF      AND #&DF
.gbpb8_notalpha
     9067   29 7F      AND #&7F
     9069   F0 05      BEQ &9070
     906B   20 F9 87   JSR &87F9
     906E   D0 E6      BNE &9056
.gbpb8_filefound
     9070   A9 07      LDA #&07
     9072   20 09 91   JSR &9109
     9075   85 B0      STA &B0
.gbpb8_copyfn_loop
     9077   B9 08 0E   LDA &0E08,Y
     907A   20 09 91   JSR &9109
     907D   C8         INY
     907E   C6 B0      DEC &B0
     9080   D0 F5      BNE &9077
     9082   18         CLC
.gbpb8_endofcat
     9083   8C 69 10   STY &1069
     9086   AD 04 0F   LDA &0F04
     9089   8D 60 10   STA &1060
     908C   60         RTS
.gbpb5_getmediatitle
     908D   20 9C A1   JSR &A19C
     9090   A9 0C      LDA #&0C
     9092   20 09 91   JSR &9109
     9095   A0 00      LDY #&00
.gbpb5_titleloop
     9097   C0 08      CPY #&08
     9099   B0 05      BCS &90A0
     909B   B9 00 0E   LDA &0E00,Y
     909E   90 03      BCC &90A3
.gbpb5_titlehi
     90A0   B9 F8 0E   LDA &0EF8,Y
.gbpb5_titlelo
     90A3   20 09 91   JSR &9109
     90A6   C8         INY
     90A7   C0 0C      CPY #&0C
     90A9   D0 EC      BNE &9097
     90AB   AD 06 0F   LDA &0F06
     90AE   20 24 82   JSR &8224
     90B1   20 09 91   JSR &9109
     90B4   A5 CD      LDA &CD
     90B6   4C 09 91   JMP &9109
.gbpb6_rdcurdirdevice
     90B9   20 00 91   JSR &9100
     90BC   AD CA 10   LDA &10CA
     90BF   20 FB 90   JSR &90FB
     90C2   AD C9 10   LDA &10C9
     90C5   D0 42      BNE &9109
.gbpb7_rdcurlibdevice
     90C7   20 00 91   JSR &9100
     90CA   AD CC 10   LDA &10CC
     90CD   20 FB 90   JSR &90FB
     90D0   AD CB 10   LDA &10CB
     90D3   D0 34      BNE &9109
.gpbp_B8memptr
     90D5   AE 61 10   LDX &1061
     90D8   86 B8      STX &B8
     90DA   AE 62 10   LDX &1062
     90DD   86 B9      STX &B9
     90DF   A2 00      LDX #&00
     90E1   60         RTS
.gbpb_bytesxferinvert
     90E2   A2 03      LDX #&03
.gbpb_bytesxferinvert_loop
     90E4   A9 FF      LDA #&FF
     90E6   5D 65 10   EOR &1065,X
     90E9   9D 65 10   STA &1065,X
     90EC   CA         DEX
     90ED   10 F5      BPL &90E4
     90EF   60         RTS
.gbpb_wordB4_word107D
     90F0   AD 7D 10   LDA &107D
     90F3   85 B4      STA &B4
     90F5   AD 7E 10   LDA &107E
     90F8   85 B5      STA &B5
     90FA   60         RTS
.gbpb_gb_SAVEBYTE_and_gbpb_SAVE_01
     90FB   09 30      ORA #&30
     90FD   20 09 91   JSR &9109
.gbpb_SAVE_01
     9100   A9 01      LDA #&01
     9102   D0 05      BNE &9109
.gbpb_getbyteSAVEBYTE
     9104   20 03 98   JSR &9803
     9107   B0 1F      BCS &9128
.gbpb_gb_SAVEBYTE
     9109   2C 81 10   BIT &1081
     910C   10 05      BPL &9113
     910E   8D E5 FE   STA &FEE5
     9111   30 05      BMI &9118
.gBpb_gb_fromhost
     9113   20 D5 90   JSR &90D5
     9116   81 B8      STA (&B8,X)
.gbpb_incDataPtr
     9118   20 F8 83   JSR &83F8
     911B   A2 01      LDX #&01
.gbpb_incdblword1060X
     911D   A0 04      LDY #&04
.gbpb_incdblword_loop
     911F   FE 60 10   INC &1060,X
     9122   D0 04      BNE &9128
     9124   E8         INX
     9125   88         DEY
     9126   D0 F7      BNE &911F
.gbpb_incdblworkd_exit
     9128   60         RTS
.gbpb_putbytes
     9129   20 31 91   JSR &9131
     912C   20 C0 98   JSR &98C0
     912F   18         CLC
     9130   60         RTS
.gpbp_pb_LOADBYTE
     9131   2C 81 10   BIT &1081
     9134   10 06      BPL &913C
     9136   AD E5 FE   LDA &FEE5
     9139   4C 18 91   JMP &9118
.gbpb_pb_fromhost
     913C   20 D5 90   JSR &90D5
     913F   A1 B8      LDA (&B8,X)
     9141   4C 18 91   JMP &9118
.fastgb
     9144   20 F0 90   JSR &90F0
     9147   B9 74 94   LDA &9474,Y
     914A   29 03      AND #&03
     914C   4A         LSR A
     914D   F0 4A      BEQ &9199
     914F   8C 6D 10   STY &106D
     9152   A0 0C      LDY #&0C
.copyl0
     9154   B1 B4      LDA (&B4),Y
     9156   99 60 10   STA &1060,Y
     9159   88         DEY
     915A   10 F8      BPL &9154
     915C   A8         TAY
     915D   A2 03      LDX #&03
.initl
     915F   BD 65 10   LDA &1065,X
     9162   9D 6E 10   STA &106E,X
     9165   CA         DEX
     9166   10 F7      BPL &915F
     9168   AD 69 10   LDA &1069
     916B   90 09      BCC &9176
     916D   98         TYA
     916E   20 29 82   JSR &8229
     9171   A8         TAY
     9172   B9 10 11   LDA &1110,Y
     9175   18         CLC
.dcptr
     9176   49 FF      EOR #&FF
     9178   69 01      ADC #&01
     917A   A0 FC      LDY #&FC
.hdrext
     917C   99 69 0F   STA &0F69,Y
     917F   A9 00      LDA #&00
     9181   C8         INY
     9182   D0 F8      BNE &917C
     9184   20 B2 92   JSR &92B2
     9187   90 02      BCC &918B
     9189   D0 46      BNE &91D1
.trailr
     918B   20 C8 92   JSR &92C8
.drain
     918E   A9 60      LDA #&60
     9190   85 B4      STA &B4
     9192   A9 10      LDA #&10
     9194   85 B5      STA &B5
     9196   AC 6D 10   LDY &106D
.chain
     9199   4C 96 8F   JMP &8F96
.morfst
     919C   AD 71 10   LDA &1071
     919F   20 C1 92   JSR &92C1
     91A2   D0 32      BNE &91D6
     91A4   8D 66 10   STA &1066
     91A7   8D 67 10   STA &1067
     91AA   AD 6E 10   LDA &106E
     91AD   D0 DC      BNE &918B
     91AF   18         CLC
.fgbfin
     91B0   08         PHP
     91B1   20 C8 92   JSR &92C8
     91B4   28         PLP
     91B5   20 F0 90   JSR &90F0
     91B8   A0 0C      LDY #&0C
.retnl
     91BA   B9 60 10   LDA &1060,Y
     91BD   91 B4      STA (&B4),Y
     91BF   88         DEY
     91C0   10 F8      BPL &91BA
     91C2   60         RTS
.setmax
     91C3   8D 67 10   STA &1067
     91C6   0D 66 10   ORA &1066
     91C9   D0 4B      BNE &9216
.throw
     91CB   A0 FD      LDY #&FD
     91CD   A9 01      LDA #&01
     91CF   D0 AB      BNE &917C
.align
     91D1   20 8E 91   JSR &918E
     91D4   B0 DA      BCS &91B0
.dofast
     91D6   AE 71 10   LDX &1071
     91D9   F0 02      BEQ &91DD
     91DB   A2 FF      LDX #&FF
.sclamp
     91DD   8A         TXA
     91DE   0D 70 10   ORA &1070
     91E1   8D 67 10   STA &1067
     91E4   8A         TXA
     91E5   0D 6F 10   ORA &106F
     91E8   AA         TAX
     91E9   AD C2 10   LDA &10C2
     91EC   38         SEC
     91ED   6D 6D 10   ADC &106D
     91F0   49 04      EOR #&04
     91F2   29 E4      AND #&E4
     91F4   A8         TAY
     91F5   B9 15 11   LDA &1115,Y
     91F8   38         SEC
     91F9   ED 6A 10   SBC &106A
     91FC   8D 66 10   STA &1066
     91FF   B9 16 11   LDA &1116,Y
     9202   ED 6B 10   SBC &106B
     9205   90 C4      BCC &91CB
     9207   CD 67 10   CMP &1067
     920A   90 B7      BCC &91C3
     920C   D0 05      BNE &9213
     920E   EC 66 10   CPX &1066
     9211   B0 B0      BCS &91C3
.sectr0
     9213   8E 66 10   STX &1066
.sectr1
     9216   AC C2 10   LDY &10C2
     9219   20 9A 94   JSR &949A
     921C   20 5E 98   JSR &985E
     921F   A9 3F      LDA #&3F
     9221   99 1D 11   STA &111D,Y
     9224   20 56 98   JSR &9856
     9227   AD 61 10   LDA &1061
     922A   85 BC      STA &BC
     922C   AD 62 10   LDA &1062
     922F   85 BD      STA &BD
     9231   AD 63 10   LDA &1063
     9234   8D 74 10   STA &1074
     9237   AD 64 10   LDA &1064
     923A   8D 75 10   STA &1075
     923D   B9 0F 11   LDA &110F,Y
     9240   18         CLC
     9241   6D 6A 10   ADC &106A
     9244   85 C3      STA &C3
     9246   B9 0D 11   LDA &110D,Y
     9249   6D 6B 10   ADC &106B
     924C   29 03      AND #&03
     924E   85 C2      STA &C2
     9250   A9 00      LDA #&00
     9252   85 C0      STA &C0
     9254   AD 66 10   LDA &1066
     9257   85 C1      STA &C1
     9259   AD 67 10   LDA &1067
     925C   20 2A 82   JSR &822A
     925F   05 C2      ORA &C2
     9261   85 C2      STA &C2
     9263   AD 6D 10   LDA &106D
     9266   EE DD 10   INC &10DD
     9269   20 D8 92   JSR &92D8
     926C   CE DD 10   DEC &10DD
     926F   20 B2 92   JSR &92B2
     9272   AC 66 10   LDY &1066
     9275   98         TYA
     9276   18         CLC
     9277   6D 62 10   ADC &1062
     927A   8D 62 10   STA &1062
     927D   AE 67 10   LDX &1067
     9280   8A         TXA
     9281   6D 63 10   ADC &1063
     9284   8D 63 10   STA &1063
     9287   90 03      BCC &928C
     9289   EE 64 10   INC &1064
.updp
     928C   98         TYA
     928D   AC C2 10   LDY &10C2
     9290   18         CLC
     9291   79 11 11   ADC &1111,Y
     9294   99 11 11   STA &1111,Y
     9297   8D 6A 10   STA &106A
     929A   8A         TXA
     929B   79 12 11   ADC &1112,Y
     929E   99 12 11   STA &1112,Y
     92A1   8D 6B 10   STA &106B
     92A4   98         TYA
     92A5   20 03 9A   JSR &9A03
     92A8   90 05      BCC &92AF
     92AA   F0 03      BEQ &92AF
     92AC   20 6E 99   JSR &996E
.doneit
     92AF   4C 9C 91   JMP &919C
.subwk
     92B2   38         SEC
     92B3   A2 FC      LDX #&FC
.subwkl
     92B5   BD 72 0F   LDA &0F72,X
     92B8   FD 69 0F   SBC &0F69,X
     92BB   9D 72 0F   STA &0F72,X
     92BE   E8         INX
     92BF   D0 F4      BNE &92B5
.testl
     92C1   0D 70 10   ORA &1070
     92C4   0D 6F 10   ORA &106F
     92C7   60         RTS
.addtol
     92C8   18         CLC
     92C9   A2 FC      LDX #&FC
.addl
     92CB   BD 72 0F   LDA &0F72,X
     92CE   7D 69 0F   ADC &0F69,X
     92D1   9D 69 0F   STA &0F69,X
     92D4   E8         INX
     92D5   D0 F4      BNE &92CB
     92D7   60         RTS
.docmd
     92D8   C9 03      CMP #&03
     92DA   90 00      BCC &92DC
.dowrcmd
     92DC   4C 46 88   JMP &8846
.dordcmd
     92DF   4C 53 88   JMP &8853
.fscv_osabouttoproccmd
     92E2   2C C7 10   BIT &10C7
     92E5   30 03      BMI &92EA
     92E7   CE C7 10   DEC &10C7
.parameter_fsp
     92EA   A9 FF      LDA #&FF
     92EC   8D CE 10   STA &10CE
.param_out
     92EF   8D CD 10   STA &10CD
     92F2   60         RTS
.parameter_afsp
     92F3   A9 2A      LDA #&2A
     92F5   8D CE 10   STA &10CE
     92F8   A9 23      LDA #&23
     92FA   D0 F3      BNE &92EF
.osfile5_rdcatinfo
     92FC   20 B6 93   JSR &93B6
     92FF   20 99 83   JSR &8399
     9302   A9 01      LDA #&01
     9304   60         RTS
.osfile6_delfile
     9305   20 93 93   JSR &9393
     9308   20 99 83   JSR &8399
     930B   20 1F 83   JSR &831F
     930E   4C 35 93   JMP &9335
.osfile1_updatecat
     9311   20 B6 93   JSR &93B6
     9314   20 3B 93   JSR &933B
     9317   20 57 93   JSR &9357
     931A   50 16      BVC &9332
.osfile3_wrexecaddr
     931C   20 B6 93   JSR &93B6
     931F   20 57 93   JSR &9357
     9322   50 11      BVC &9335
.osfile2_wrloadaddr
     9324   20 B6 93   JSR &93B6
     9327   20 3B 93   JSR &933B
     932A   50 09      BVC &9335
.osfile4_wrattribs
     932C   20 B6 93   JSR &93B6
     932F   20 AB 93   JSR &93AB
.osfile_updatelocksavecat
     9332   20 7A 93   JSR &937A
.osfile_savecat_retA_1
     9335   20 B1 A1   JSR &A1B1
     9338   A9 01      LDA #&01
     933A   60         RTS
.osfile_update_loadaddr_Xoffset
     933B   20 F8 83   JSR &83F8
     933E   A0 02      LDY #&02
     9340   B1 B0      LDA (&B0),Y
     9342   9D 08 0F   STA &0F08,X
     9345   C8         INY
     9346   B1 B0      LDA (&B0),Y
     9348   9D 09 0F   STA &0F09,X
     934B   C8         INY
     934C   B1 B0      LDA (&B0),Y
     934E   0A         ASL A
     934F   0A         ASL A
     9350   5D 0E 0F   EOR &0F0E,X
     9353   29 0C      AND #&0C
     9355   10 1B      BPL &9372
.osfile_update_execaddr_Xoffset
     9357   20 F8 83   JSR &83F8
     935A   A0 06      LDY #&06
     935C   B1 B0      LDA (&B0),Y
     935E   9D 0A 0F   STA &0F0A,X
     9361   C8         INY
     9362   B1 B0      LDA (&B0),Y
     9364   9D 0B 0F   STA &0F0B,X
     9367   C8         INY
     9368   B1 B0      LDA (&B0),Y
     936A   6A         ROR A
     936B   6A         ROR A
     936C   6A         ROR A
     936D   5D 0E 0F   EOR &0F0E,X
     9370   29 C0      AND #&C0
.osfile_savemixedbyte
     9372   5D 0E 0F   EOR &0F0E,X
     9375   9D 0E 0F   STA &0F0E,X
     9378   B8         CLV
     9379   60         RTS
.osfile_updatelock
     937A   20 F8 83   JSR &83F8
     937D   A0 0E      LDY #&0E
     937F   B1 B0      LDA (&B0),Y
     9381   29 0A      AND #&0A
     9383   F0 02      BEQ &9387
     9385   A9 80      LDA #&80
.osfile_notlocked
     9387   5D 0F 0E   EOR &0E0F,X
     938A   29 80      AND #&80
     938C   5D 0F 0E   EOR &0E0F,X
     938F   9D 0F 0E   STA &0E0F,X
     9392   60         RTS
.CheckFileNotLocked
     9393   20 C0 93   JSR &93C0
     9396   90 23      BCC &93BB
.CheckFileNotLockedY
     9398   B9 0F 0E   LDA &0E0F,Y
     939B   10 22      BPL &93BF
.errFILELOCKED
     939D   20 60 80   JSR &8060
     93A0   C3
     93A1   4C 6F 63 ...
     93A7   00
.CheckFileNotLockedOrOpenY
     93A8   20 98 93   JSR &9398
.CheckFileNotOpenY
     93AB   20 F8 83   JSR &83F8
     93AE   20 3F 96   JSR &963F
     93B1   90 21      BCC &93D4
     93B3   4C A3 95   JMP &95A3
.CheckFileExists
     93B6   20 C0 93   JSR &93C0
     93B9   B0 19      BCS &93D4
.ExitCallingSubroutine
     93BB   68         PLA
     93BC   68         PLA
     93BD   A9 00      LDA #&00
.chklock_exit
     93BF   60         RTS
.read_fspBA_findcatentry
     93C0   20 54 81   JSR &8154
     93C3   20 82 82   JSR &8282
     93C6   90 0C      BCC &93D4
     93C8   98         TYA
     93C9   AA         TAX
.SetParamBlockPointerB0
     93CA   AD DB 10   LDA &10DB
     93CD   85 B0      STA &B0
     93CF   AD DC 10   LDA &10DC
     93D2   85 B1      STA &B1
.checkexit
     93D4   60         RTS
.CalcRAM
     93D5   A9 83      LDA #&83
     93D7   20 F4 FF   JSR &FFF4
     93DA   8C CF 10   STY &10CF
     93DD   A9 84      LDA #&84
     93DF   20 F4 FF   JSR &FFF4
     93E2   98         TYA
     93E3   38         SEC
     93E4   ED CF 10   SBC &10CF
     93E7   8D D0 10   STA &10D0
     93EA   60         RTS
.ClaimStaticWorkspace
     93EB   A2 0A      LDX #&0A
     93ED   A9 8F      LDA #&8F
     93EF   20 F4 FF   JSR &FFF4
     93F2   20 02 94   JSR &9402
     93F5   A0 D3      LDY #&D3
     93F7   A9 FF      LDA #&FF
     93F9   91 B0      STA (&B0),Y
     93FB   8D D3 10   STA &10D3
     93FE   C8         INY
     93FF   91 B0      STA (&B0),Y
     9401   60         RTS
.SetPrivateWorkspacePointerB0
     9402   A9 00      LDA #&00
     9404   85 B0      STA &B0
     9406   A6 F4      LDX &F4
     9408   BD F0 0D   LDA &0DF0,X
     940B   29 3F      AND #&3F
     940D   85 B1      STA &B1
     940F   60         RTS
.osbyte_X0YFF
     9410   A2 00      LDX #&00
.osbyte_YFF
     9412   A0 FF      LDY #&FF
     9414   4C F4 FF   JMP &FFF4
.vectors_table
     9417   1B FF
     9419   1E FF
     941B   21 FF
     941D   24 FF
     941F   27 FF
     9421   2A FF
     9423   2D FF
.extendedvectors_table
     9425   3E 8F
     9427   00         BRK
     9428   B7 96
     942A   00         BRK
     942B   03 98
     942D   00         BRK
     942E   C0 98
     9430   00         BRK
     9431   82 8F
     9433   00         BRK
     9434   DC 94
     9436   00         BRK
     9437   6F 8F
     9439   00         BRK
.fscv_table1
     943A   53
     943B   CF
     943C   A6
     943D   2B
     943E   A6
     943F   71
     9440   81
     9441   7C
     9442   E1
     9443   4F
     9444   6E
     9445   A6
.fscv_table2
     9446   8A
     9447   97
     9448   88
     9449   87
     944A   88
     944B   84
     944C   94
     944D   94
     944E   92
     944F   82
     9450   82
     9451   88
.finv_tablelo
     9452   13
     9453   49
     9454   10
     9455   23
     9456   1B
     9457   2B
     9458   FB
     9459   04
.finv_tablehi
     945A   88
     945B   88
     945C   93
     945D   93
     945E   93
     945F   93
     9460   92
     9461   93
.gbpbv_table1
     9462   CF
     9463   29
     9464   29
     9465   04
     9466   04
     9467   8D
     9468   B9
     9469   C7
     946A   44
.gbpbv_table2
     946B   82
     946C   91
     946D   91
     946E   91
     946F   91
     9470   90
     9471   90
     9472   90
     9473   90
.gbpbv_table3
     9474   04
     9475   02
     9476   03
     9477   06
     9478   07
     9479   04
     947A   04
     947B   04
     947C   04
.fscv7_hndlrange
     947D   A2 11      LDX #&11
     947F   A0 15      LDY #&15
.closeallfiles_exit
     9481   60         RTS
.fscv6_shutdownfilesys
     9482   20 F8 83   JSR &83F8
.CloseSPOOLEXECfiles
     9485   A9 77      LDA #&77
     9487   4C F4 FF   JMP &FFF4
.CMD_CLOSE
.CloseAllFiles_Osbyte77
     948A   20 85 94   JSR &9485
.CloseAllFiles
     948D   A9 00      LDA #&00
.closeallfiles_loop
     948F   18         CLC
     9490   69 20      ADC #&20
     9492   F0 ED      BEQ &9481
     9494   A8         TAY
     9495   20 E9 94   JSR &94E9
     9498   D0 F5      BNE &948F
.Channel_SetDirDrv_GetCatEntry_Yintch
     949A   20 B5 94   JSR &94B5
.Channel_GetCatEntry_Yintch
     949D   A2 06      LDX #&06
.chnl_getcatloop
     949F   B9 0C 11   LDA &110C,Y
     94A2   95 C5      STA &C5,X
     94A4   88         DEY
     94A5   88         DEY
     94A6   CA         DEX
     94A7   10 F6      BPL &949F
     94A9   20 8D 82   JSR &828D
     94AC   90 22      BCC &94D0
     94AE   8C C3 10   STY &10C3
     94B1   AC C2 10   LDY &10C2
.chkdskchangexit
     94B4   60         RTS
.Channel_SetDirDrive_Yintch
     94B5   B9 0E 11   LDA &110E,Y
     94B8   29 7F      AND #&7F
     94BA   85 CC      STA &CC
     94BC   B9 17 11   LDA &1117,Y
     94BF   4C 03 8C   JMP &8C03
.CheckForDiskChange
     94C2   20 F8 83   JSR &83F8
     94C5   AD 04 0F   LDA &0F04
     94C8   20 AA A1   JSR &A1AA
     94CB   CD 04 0F   CMP &0F04
     94CE   F0 E4      BEQ &94B4
.errDISKCHANGED
     94D0   20 4B 80   JSR &804B
     94D3   C8
     94D4   63 68 61 ...
     94DB   00
.FINDV_ENTRY
     94DC   29 C0      AND #&C0
     94DE   D0 59      BNE &9539
     94E0   20 F8 83   JSR &83F8
.CloseFiles_Yhandle
     94E3   98         TYA
     94E4   F0 A4      BEQ &948A
     94E6   20 E4 97   JSR &97E4
.CloseFile_Yintch
     94E9   48         PHA
     94EA   20 6F 97   JSR &976F
     94ED   B0 45      BCS &9534
     94EF   B9 1B 11   LDA &111B,Y
     94F2   49 FF      EOR #&FF
     94F4   2D C0 10   AND &10C0
     94F7   8D C0 10   STA &10C0
     94FA   B9 17 11   LDA &1117,Y
     94FD   29 60      AND #&60
     94FF   F0 33      BEQ &9534
     9501   20 9A 94   JSR &949A
     9504   B9 17 11   LDA &1117,Y
     9507   29 20      AND #&20
     9509   F0 26      BEQ &9531
     950B   AE C3 10   LDX &10C3
     950E   B9 14 11   LDA &1114,Y
     9511   9D 0C 0F   STA &0F0C,X
     9514   B9 15 11   LDA &1115,Y
     9517   9D 0D 0F   STA &0F0D,X
     951A   B9 16 11   LDA &1116,Y
     951D   20 2A 82   JSR &822A
     9520   5D 0E 0F   EOR &0F0E,X
     9523   29 30      AND #&30
     9525   5D 0E 0F   EOR &0F0E,X
     9528   9D 0E 0F   STA &0F0E,X
     952B   20 B1 A1   JSR &A1B1
     952E   AC C2 10   LDY &10C2
.closefile_buftodisk
     9531   20 5E 98   JSR &985E
.closefile_exit
     9534   AE C5 10   LDX &10C5
     9537   68         PLA
     9538   60         RTS
.findvnot0_openfile
     9539   20 21 84   JSR &8421
     953C   86 BA      STX &BA
     953E   84 BB      STY &BB
     9540   85 B4      STA &B4
     9542   24 B4      BIT &B4
     9544   08         PHP
     9545   20 54 81   JSR &8154
     9548   20 EA 92   JSR &92EA
     954B   20 82 82   JSR &8282
     954E   B0 22      BCS &9572
     9550   A9 00      LDA #&00
     9552   28         PLP
     9553   50 01      BVC &9556
     9555   60         RTS
.findv_createfile
     9556   08         PHP
     9557   A2 07      LDX #&07
.findv_loop1
     9559   95 BC      STA &BC,X
     955B   9D 74 10   STA &1074,X
     955E   CA         DEX
     955F   10 F8      BPL &9559
     9561   C6 BE      DEC &BE
     9563   C6 BF      DEC &BF
     9565   CE 76 10   DEC &1076
     9568   CE 77 10   DEC &1077
     956B   A9 40      LDA #&40
     956D   85 C3      STA &C3
     956F   20 AF 8A   JSR &8AAF
.findv_filefound
     9572   28         PLP
     9573   08         PHP
     9574   70 03      BVS &9579
     9576   20 98 93   JSR &9398
.findv_readorupdate
     9579   20 3F 96   JSR &963F
     957C   90 0E      BCC &958C
.findv_loop2
     957E   B9 0C 11   LDA &110C,Y
     9581   10 20      BPL &95A3
     9583   28         PLP
     9584   08         PHP
     9585   30 1C      BMI &95A3
     9587   20 3A 96   JSR &963A
     958A   B0 F2      BCS &957E
.findv_openchannel
     958C   AC C2 10   LDY &10C2
     958F   D0 1B      BNE &95AC
.errTOOMANYFILESOPEN
     9591   20 60 80   JSR &8060
     9594   C0
     9595   54 6F 6F ...
     95A2   00
.errFILEOPEN
     95A3   20 60 80   JSR &8060
     95A6   C2
     95A7   4F 70 65 ...
     95AB   00
.SetupChannelInfoBlock_Yintch
     95AC   A9 08      LDA #&08
     95AE   8D C4 10   STA &10C4
.chnlblock_loop1
     95B1   BD 08 0E   LDA &0E08,X
     95B4   99 00 11   STA &1100,Y
     95B7   C8         INY
     95B8   BD 08 0F   LDA &0F08,X
     95BB   99 00 11   STA &1100,Y
     95BE   C8         INY
     95BF   E8         INX
     95C0   CE C4 10   DEC &10C4
     95C3   D0 EC      BNE &95B1
     95C5   A2 10      LDX #&10
     95C7   A9 00      LDA #&00
.chnlblock_loop2
     95C9   99 00 11   STA &1100,Y
     95CC   C8         INY
     95CD   CA         DEX
     95CE   D0 F9      BNE &95C9
     95D0   AD C2 10   LDA &10C2
     95D3   A8         TAY
     95D4   20 23 82   JSR &8223
     95D7   69 11      ADC #&11
     95D9   99 13 11   STA &1113,Y
     95DC   AD C1 10   LDA &10C1
     95DF   99 1B 11   STA &111B,Y
     95E2   0D C0 10   ORA &10C0
     95E5   8D C0 10   STA &10C0
     95E8   B9 09 11   LDA &1109,Y
     95EB   69 FF      ADC #&FF
     95ED   B9 0B 11   LDA &110B,Y
     95F0   69 00      ADC #&00
     95F2   99 19 11   STA &1119,Y
     95F5   B9 0D 11   LDA &110D,Y
     95F8   09 0F      ORA #&0F
     95FA   69 00      ADC #&00
     95FC   20 1C 82   JSR &821C
     95FF   99 1A 11   STA &111A,Y
     9602   28         PLP
     9603   50 2E      BVC &9633
     9605   30 08      BMI &960F
     9607   A9 80      LDA #&80
     9609   19 0C 11   ORA &110C,Y
     960C   99 0C 11   STA &110C,Y
.chnlblock_setEXT
     960F   B9 09 11   LDA &1109,Y
     9612   99 14 11   STA &1114,Y
     9615   B9 0B 11   LDA &110B,Y
     9618   99 15 11   STA &1115,Y
     961B   B9 0D 11   LDA &110D,Y
     961E   20 1C 82   JSR &821C
     9621   99 16 11   STA &1116,Y
.chnlblock_cont
     9624   A5 CD      LDA &CD
     9626   19 17 11   ORA &1117,Y
     9629   99 17 11   STA &1117,Y
     962C   98         TYA
     962D   20 23 82   JSR &8223
     9630   09 10      ORA #&10
     9632   60         RTS
.chnlblock_setBit5
     9633   A9 20      LDA #&20
     9635   99 17 11   STA &1117,Y
     9638   D0 EA      BNE &9624
.IsFileOpenContinue
     963A   8A         TXA
     963B   48         PHA
     963C   4C 7E 96   JMP &967E
.IsFileOpen_Yoffset
     963F   A9 00      LDA #&00
     9641   8D C2 10   STA &10C2
     9644   A9 08      LDA #&08
     9646   85 B5      STA &B5
     9648   98         TYA
     9649   AA         TAX
     964A   A0 A0      LDY #&A0
.fop_main_loop
     964C   84 B3      STY &B3
     964E   8A         TXA
     964F   48         PHA
     9650   A9 08      LDA #&08
     9652   85 B2      STA &B2
     9654   A5 B5      LDA &B5
     9656   2C C0 10   BIT &10C0
     9659   F0 1D      BEQ &9678
     965B   B9 17 11   LDA &1117,Y
     965E   45 CD      EOR &CD
     9660   29 03      AND #&03
     9662   D0 1A      BNE &967E
.fop_cmpfn_loop
     9664   BD 08 0E   LDA &0E08,X
     9667   59 00 11   EOR &1100,Y
     966A   29 7F      AND #&7F
     966C   D0 10      BNE &967E
     966E   E8         INX
     966F   C8         INY
     9670   C8         INY
     9671   C6 B2      DEC &B2
     9673   D0 EF      BNE &9664
     9675   38         SEC
     9676   B0 10      BCS &9688
.fop_channelnotopen
     9678   8C C2 10   STY &10C2
     967B   8D C1 10   STA &10C1
.fop_nothisfile
     967E   38         SEC
     967F   A5 B3      LDA &B3
     9681   E9 20      SBC #&20
     9683   85 B3      STA &B3
     9685   06 B5      ASL &B5
     9687   18         CLC
.fop_matchifCset
     9688   68         PLA
     9689   AA         TAX
     968A   A4 B3      LDY &B3
     968C   A5 B5      LDA &B5
     968E   B0 02      BCS &9692
     9690   D0 BA      BNE &964C
.fop_exit
     9692   60         RTS
.ChannelBufferToDisk_Yhandle_A0
     9693   20 AA 96   JSR &96AA
.ChannelBufferToDisk_Yhandle
     9696   AD C0 10   LDA &10C0
     9699   48         PHA
     969A   98         TYA
     969B   D0 05      BNE &96A2
     969D   20 8D 94   JSR &948D
     96A0   F0 03      BEQ &96A5
.chbuf1
     96A2   20 E3 94   JSR &94E3
.chbuf2
     96A5   68         PLA
     96A6   8D C0 10   STA &10C0
     96A9   60         RTS
.ReturnWithA0
     96AA   48         PHA
     96AB   8A         TXA
     96AC   48         PHA
     96AD   A9 00      LDA #&00
     96AF   BA         TSX
     96B0   9D 09 01   STA &0109,X
     96B3   68         PLA
     96B4   AA         TAX
     96B5   68         PLA
     96B6   60         RTS
.ARGSV_ENTRY
     96B7   20 F8 83   JSR &83F8
     96BA   C9 FF      CMP #&FF
     96BC   F0 D5      BEQ &9693
     96BE   C0 00      CPY #&00
     96C0   F0 12      BEQ &96D4
     96C2   C9 04      CMP #&04
     96C4   B0 27      BCS &96ED
     96C6   20 AA 96   JSR &96AA
     96C9   C9 03      CMP #&03
     96CB   F0 47      BEQ &9714
     96CD   C9 01      CMP #&01
     96CF   D0 24      BNE &96F5
     96D1   4C 90 99   JMP &9990
.argsv_Y0
     96D4   C9 02      CMP #&02
     96D6   B0 15      BCS &96ED
     96D8   20 AA 96   JSR &96AA
     96DB   F0 11      BEQ &96EE
     96DD   A9 FF      LDA #&FF
     96DF   95 02      STA &02,X
     96E1   95 03      STA &03,X
     96E3   AD D9 10   LDA &10D9
     96E6   95 00      STA &00,X
     96E8   AD DA 10   LDA &10DA
     96EB   95 01      STA &01,X
.argsv_exit
     96ED   60         RTS
.argsv_filesysnumber
     96EE   A9 04      LDA #&04
     96F0   BA         TSX
     96F1   9D 05 01   STA &0105,X
     96F4   60         RTS
.argsv_rdseqptr_or_filelen
     96F5   20 E4 97   JSR &97E4
     96F8   8C C2 10   STY &10C2
     96FB   0A         ASL A
     96FC   6D C2 10   ADC &10C2
     96FF   A8         TAY
     9700   B9 10 11   LDA &1110,Y
     9703   95 00      STA &00,X
     9705   B9 11 11   LDA &1111,Y
     9708   95 01      STA &01,X
     970A   B9 12 11   LDA &1112,Y
     970D   95 02      STA &02,X
     970F   A9 00      LDA #&00
     9711   95 03      STA &03,X
     9713   60         RTS
.argsv3
     9714   20 E4 97   JSR &97E4
     9717   20 80 99   JSR &9980
     971A   B0 1E      BCS &973A
     971C   B9 10 11   LDA &1110,Y
     971F   48         PHA
     9720   B9 11 11   LDA &1111,Y
     9723   48         PHA
     9724   B9 12 11   LDA &1112,Y
     9727   48         PHA
     9728   20 9B 99   JSR &999B
     972B   68         PLA
     972C   99 12 11   STA &1112,Y
     972F   68         PLA
     9730   99 11 11   STA &1111,Y
     9733   68         PLA
     9734   99 10 11   STA &1110,Y
     9737   20 D9 99   JSR &99D9
.truncate
     973A   B9 0C 11   LDA &110C,Y
     973D   30 2A      BMI &9769
     973F   19 0E 11   ORA &110E,Y
     9742   30 28      BMI &976C
     9744   A9 20      LDA #&20
     9746   20 4F 98   JSR &984F
     9749   B5 00      LDA &00,X
     974B   99 14 11   STA &1114,Y
     974E   B5 01      LDA &01,X
     9750   99 15 11   STA &1115,Y
     9753   B5 02      LDA &02,X
     9755   99 16 11   STA &1116,Y
     9758   8A         TXA
     9759   48         PHA
     975A   20 02 9A   JSR &9A02
     975D   68         PLA
     975E   AA         TAX
     975F   90 03      BCC &9764
     9761   20 CA 99   JSR &99CA
.dontchangeptr
     9764   A9 EF      LDA #&EF
     9766   4C 56 98   JMP &9856
.filereadonly
     9769   4C AC 98   JMP &98AC
.filelocked
     976C   4C 9D 93   JMP &939D
.IsHndlinUse_Yintch
     976F   48         PHA
     9770   8E C5 10   STX &10C5
     9773   98         TYA
     9774   29 E0      AND #&E0
     9776   8D C2 10   STA &10C2
     9779   F0 13      BEQ &978E
     977B   20 23 82   JSR &8223
     977E   A8         TAY
     977F   A9 00      LDA #&00
     9781   38         SEC
.hndlinsue_loop
     9782   6A         ROR A
     9783   88         DEY
     9784   D0 FC      BNE &9782
     9786   AC C2 10   LDY &10C2
     9789   2C C0 10   BIT &10C0
     978C   D0 01      BNE &978F
.hndlinuse_notused_C1
     978E   38         SEC
.hndlinuse_used_C0
     978F   68         PLA
     9790   60         RTS
.conv_Yhndl_intch_exYintch
     9791   48         PHA
     9792   98         TYA
.conv_hndl_X_entry
     9793   C9 10      CMP #&10
     9795   90 04      BCC &979B
     9797   C9 18      CMP #&18
     9799   90 02      BCC &979D
.conv_hndl10
     979B   A9 08      LDA #&08
.conv_hndl18
     979D   20 29 82   JSR &8229
     97A0   A8         TAY
     97A1   68         PLA
     97A2   60         RTS
.ClearEXECSPOOLFileHandle
     97A3   A9 C6      LDA #&C6
     97A5   20 10 94   JSR &9410
     97A8   8A         TXA
     97A9   F0 09      BEQ &97B4
     97AB   20 C7 97   JSR &97C7
     97AE   D0 04      BNE &97B4
     97B0   A9 C6      LDA #&C6
     97B2   D0 0C      BNE &97C0
.ClearSpoolhandle
     97B4   A9 C7      LDA #&C7
     97B6   20 10 94   JSR &9410
     97B9   20 C7 97   JSR &97C7
     97BC   D0 11      BNE &97CF
     97BE   A9 C7      LDA #&C7
.osbyte_X0Y0
     97C0   A2 00      LDX #&00
     97C2   A0 00      LDY #&00
     97C4   4C F4 FF   JMP &FFF4
.ConvertXhndl_exYintch
     97C7   8A         TXA
     97C8   A8         TAY
     97C9   20 91 97   JSR &9791
     97CC   CC C2 10   CPY &10C2
.clrsplhndl_exit
     97CF   60         RTS
.fscv1_EOF_Yhndl
     97D0   48         PHA
     97D1   98         TYA
     97D2   48         PHA
     97D3   8A         TXA
     97D4   A8         TAY
     97D5   20 FF 99   JSR &99FF
     97D8   D0 04      BNE &97DE
     97DA   A2 FF      LDX #&FF
     97DC   D0 02      BNE &97E0
.eof_NOTEND
     97DE   A2 00      LDX #&00
.eof_exit
     97E0   68         PLA
     97E1   A8         TAY
     97E2   68         PLA
.checkchannel_okexit
     97E3   60         RTS
.CheckChannel_Yhndl_exYintch
     97E4   20 91 97   JSR &9791
     97E7   20 6F 97   JSR &976F
     97EA   90 F7      BCC &97E3
     97EC   20 A3 97   JSR &97A3
.errCHANNEL
     97EF   20 60 80   JSR &8060
     97F2   DE
     97F3   43 68 61 ...
     97FA   00
.errEOF
     97FB   20 60 80   JSR &8060
     97FE   DF
     97FF   45 4F 46 
     9802   00
.BGETV_ENTRY
     9803   20 21 84   JSR &8421
     9806   20 FF 99   JSR &99FF
     9809   D0 13      BNE &981E
     980B   B9 17 11   LDA &1117,Y
     980E   29 10      AND #&10
     9810   D0 E9      BNE &97FB
     9812   A9 10      LDA #&10
     9814   20 4F 98   JSR &984F
     9817   AE C5 10   LDX &10C5
     981A   A9 FE      LDA #&FE
     981C   38         SEC
     981D   60         RTS
.bg_notEOF
     981E   B9 17 11   LDA &1117,Y
     9821   30 0A      BMI &982D
     9823   20 B5 94   JSR &94B5
     9826   20 5E 98   JSR &985E
     9829   38         SEC
     982A   20 66 98   JSR &9866
.bg_samesector1
     982D   20 1B 9A   JSR &9A1B
     9830   A1 BA      LDA (&BA,X)
     9832   18         CLC
     9833   60         RTS
.CalcBufferSectorForPTR
     9834   18         CLC
     9835   B9 0F 11   LDA &110F,Y
     9838   79 11 11   ADC &1111,Y
     983B   85 C3      STA &C3
     983D   99 1C 11   STA &111C,Y
     9840   B9 0D 11   LDA &110D,Y
     9843   29 03      AND #&03
     9845   79 12 11   ADC &1112,Y
     9848   85 C2      STA &C2
     984A   99 1D 11   STA &111D,Y
.ChannelFlags_SetBit7
     984D   A9 80      LDA #&80
.ChannelFlags_SetBits
     984F   19 17 11   ORA &1117,Y
     9852   D0 05      BNE &9859
.ChannelFlags_ClearBit7
     9854   A9 7F      LDA #&7F
.ChannelFlags_ClearBits
     9856   39 17 11   AND &1117,Y
.chnflg_save
     9859   99 17 11   STA &1117,Y
     985C   18         CLC
     985D   60         RTS
.ChannelBufferToDisk_Yintch
     985E   B9 17 11   LDA &1117,Y
     9861   29 40      AND #&40
     9863   F0 43      BEQ &98A8
     9865   18         CLC
.ChannelBufferRW_Yintch_C1read
     9866   EE DD 10   INC &10DD
     9869   AC C2 10   LDY &10C2
     986C   B9 13 11   LDA &1113,Y
     986F   85 BD      STA &BD
     9871   A9 FF      LDA #&FF
     9873   8D 74 10   STA &1074
     9876   8D 75 10   STA &1075
     9879   A9 00      LDA #&00
     987B   85 BC      STA &BC
     987D   85 C0      STA &C0
     987F   A9 01      LDA #&01
     9881   85 C1      STA &C1
     9883   B0 17      BCS &989C
     9885   B9 1C 11   LDA &111C,Y
     9888   85 C3      STA &C3
     988A   B9 1D 11   LDA &111D,Y
     988D   85 C2      STA &C2
     988F   20 53 88   JSR &8853
     9892   AC C2 10   LDY &10C2
     9895   A9 BF      LDA #&BF
     9897   20 56 98   JSR &9856
     989A   90 06      BCC &98A2
.chnbuf_read
     989C   20 34 98   JSR &9834
     989F   20 46 88   JSR &8846
.chnbuf_exit
     98A2   CE DD 10   DEC &10DD
     98A5   AC C2 10   LDY &10C2
.chnbuf_exit2
     98A8   60         RTS
.errFILELOCKED2
     98A9   4C 9D 93   JMP &939D
.errFILEREADONLY
     98AC   20 60 80   JSR &8060
     98AF   C1
     98B0   52 65 61 ...
     98B9   00
.bput_Yintchan
     98BA   20 F8 83   JSR &83F8
     98BD   4C C6 98   JMP &98C6
.BPUTV_ENTRY
     98C0   20 F8 83   JSR &83F8
     98C3   20 E4 97   JSR &97E4
.bp_entry
     98C6   48         PHA
     98C7   B9 0C 11   LDA &110C,Y
     98CA   30 E0      BMI &98AC
     98CC   B9 0E 11   LDA &110E,Y
     98CF   30 D8      BMI &98A9
     98D1   20 B5 94   JSR &94B5
     98D4   98         TYA
     98D5   18         CLC
     98D6   69 04      ADC #&04
     98D8   20 03 9A   JSR &9A03
     98DB   D0 66      BNE &9943
     98DD   20 9D 94   JSR &949D
     98E0   AE C3 10   LDX &10C3
     98E3   38         SEC
     98E4   BD 07 0F   LDA &0F07,X
     98E7   FD 0F 0F   SBC &0F0F,X
     98EA   48         PHA
     98EB   BD 06 0F   LDA &0F06,X
     98EE   FD 0E 0F   SBC &0F0E,X
     98F1   29 03      AND #&03
     98F3   D9 1A 11   CMP &111A,Y
     98F6   D0 1F      BNE &9917
     98F8   68         PLA
     98F9   D9 19 11   CMP &1119,Y
     98FC   D0 34      BNE &9932
     98FE   84 B4      STY &B4
     9900   8C C2 10   STY &10C2
     9903   20 A3 97   JSR &97A3
.errCANTEXTEND
     9906   20 60 80   JSR &8060
     9909   BF
     990A   43 61 6E ...
     9916   00
.bp_extendby100
     9917   B9 1A 11   LDA &111A,Y
     991A   18         CLC
     991B   69 01      ADC #&01
     991D   99 1A 11   STA &111A,Y
     9920   0A         ASL A
     9921   0A         ASL A
     9922   0A         ASL A
     9923   0A         ASL A
     9924   5D 0E 0F   EOR &0F0E,X
     9927   29 30      AND #&30
     9929   5D 0E 0F   EOR &0F0E,X
     992C   9D 0E 0F   STA &0F0E,X
     992F   68         PLA
     9930   A9 00      LDA #&00
.bp_extendtogap
     9932   9D 0D 0F   STA &0F0D,X
     9935   99 19 11   STA &1119,Y
     9938   A9 00      LDA #&00
     993A   9D 0C 0F   STA &0F0C,X
     993D   20 B1 A1   JSR &A1B1
     9940   AC C2 10   LDY &10C2
.bp_noextend
     9943   B9 17 11   LDA &1117,Y
     9946   30 16      BMI &995E
     9948   20 5E 98   JSR &985E
     994B   B9 14 11   LDA &1114,Y
     994E   D0 0A      BNE &995A
     9950   20 02 9A   JSR &9A02
     9953   D0 05      BNE &995A
     9955   20 34 98   JSR &9834
     9958   D0 04      BNE &995E
.bp_loadbuf
     995A   38         SEC
     995B   20 66 98   JSR &9866
.bp_savebyte
     995E   A9 40      LDA #&40
     9960   20 4F 98   JSR &984F
     9963   20 1B 9A   JSR &9A1B
     9966   68         PLA
     9967   81 BA      STA (&BA,X)
     9969   20 02 9A   JSR &9A02
     996C   90 11      BCC &997F
.updext
     996E   A9 20      LDA #&20
     9970   20 4F 98   JSR &984F
     9973   A2 02      LDX #&02
.bp_setextloop
     9975   B9 10 11   LDA &1110,Y
     9978   99 14 11   STA &1114,Y
     997B   C8         INY
     997C   CA         DEX
     997D   10 F6      BPL &9975
.bp_exit
     997F   60         RTS
.cmptoEXT
     9980   B9 14 11   LDA &1114,Y
     9983   D5 00      CMP &00,X
     9985   B9 15 11   LDA &1115,Y
     9988   F5 01      SBC &01,X
     998A   B9 16 11   LDA &1116,Y
     998D   F5 02      SBC &02,X
     998F   60         RTS
.argsv_WriteSeqPointer
     9990   20 F8 83   JSR &83F8
     9993   20 E4 97   JSR &97E4
.wsploop
     9996   20 80 99   JSR &9980
     9999   B0 2F      BCS &99CA
.argsextendloop
     999B   B9 14 11   LDA &1114,Y
     999E   99 10 11   STA &1110,Y
     99A1   B9 15 11   LDA &1115,Y
     99A4   99 11 11   STA &1111,Y
     99A7   B9 16 11   LDA &1116,Y
     99AA   99 12 11   STA &1112,Y
     99AD   20 D9 99   JSR &99D9
     99B0   A5 B6      LDA &B6
     99B2   48         PHA
     99B3   A5 B7      LDA &B7
     99B5   48         PHA
     99B6   A5 B8      LDA &B8
     99B8   48         PHA
     99B9   A9 00      LDA #&00
     99BB   20 BA 98   JSR &98BA
     99BE   68         PLA
     99BF   85 B8      STA &B8
     99C1   68         PLA
     99C2   85 B7      STA &B7
     99C4   68         PLA
     99C5   85 B6      STA &B6
     99C7   4C 96 99   JMP &9996
.SetSeqPointer_Yintch
     99CA   B5 00      LDA &00,X
     99CC   99 10 11   STA &1110,Y
     99CF   B5 01      LDA &01,X
     99D1   99 11 11   STA &1111,Y
     99D4   B5 02      LDA &02,X
     99D6   99 12 11   STA &1112,Y
.IsSeqPointerInBuffer_Yintch
     99D9   A9 6F      LDA #&6F
     99DB   20 56 98   JSR &9856
     99DE   B9 0F 11   LDA &110F,Y
     99E1   79 11 11   ADC &1111,Y
     99E4   8D C4 10   STA &10C4
     99E7   B9 0D 11   LDA &110D,Y
     99EA   29 03      AND #&03
     99EC   79 12 11   ADC &1112,Y
     99EF   D9 1D 11   CMP &111D,Y
     99F2   D0 8B      BNE &997F
     99F4   AD C4 10   LDA &10C4
     99F7   D9 1C 11   CMP &111C,Y
     99FA   D0 83      BNE &997F
     99FC   4C 4D 98   JMP &984D
.CheckChannel_Yhndl_exYintch_TYA_CmpPTR
     99FF   20 E4 97   JSR &97E4
.TYA_CmpPTR
     9A02   98         TYA
.CmpPTR
     9A03   AA         TAX
     9A04   B9 12 11   LDA &1112,Y
     9A07   DD 16 11   CMP &1116,X
     9A0A   D0 0E      BNE &9A1A
     9A0C   B9 11 11   LDA &1111,Y
     9A0F   DD 15 11   CMP &1115,X
     9A12   D0 06      BNE &9A1A
     9A14   B9 10 11   LDA &1110,Y
     9A17   DD 14 11   CMP &1114,X
.cmpPE_exit
     9A1A   60         RTS
.load_then_incSeqPtr_Yintch
     9A1B   B9 10 11   LDA &1110,Y
     9A1E   85 BA      STA &BA
     9A20   B9 13 11   LDA &1113,Y
     9A23   85 BB      STA &BB
     9A25   98         TYA
     9A26   AA         TAX
     9A27   FE 10 11   INC &1110,X
     9A2A   D0 0B      BNE &9A37
     9A2C   20 54 98   JSR &9854
     9A2F   FE 11 11   INC &1111,X
     9A32   D0 03      BNE &9A37
     9A34   FE 12 11   INC &1112,X
.samesector
     9A37   A2 00      LDX #&00
     9A39   60         RTS
.CMD_MMFS
     9A3A   98         TYA
     9A3B   A2 00      LDX #&00
     9A3D   A0 14      LDY #&14
.Prthelp_Xtable
     9A3F   48         PHA
     9A40   20 9D 80   JSR &809D
     9A43   0D
Macro SYSTEM_NAME:
     9A44   4D 4D 46 ...
End macro SYSTEM_NAME
     9A49   20
     9A4A   86 BF      STX &BF
     9A4C   84 B7      STY &B7
     9A4E   A2 00      LDX #&00
.verloop
     9A50   BD 22 80   LDA &8022,X
     9A53   F0 06      BEQ &9A5B
     9A55   20 E0 80   JSR &80E0
     9A58   E8         INX
     9A59   D0 F5      BNE &9A50
.verex
     9A5B   A9 0D      LDA #&0D
     9A5D   20 E0 80   JSR &80E0
.help_dfs_loop
     9A60   A9 00      LDA #&00
     9A62   85 B9      STA &B9
     9A64   A0 01      LDY #&01
     9A66   20 18 9B   JSR &9B18
     9A69   20 B3 9A   JSR &9AB3
     9A6C   20 7F 83   JSR &837F
     9A6F   C6 B7      DEC &B7
     9A71   D0 ED      BNE &9A60
     9A73   68         PLA
     9A74   A8         TAY
.morehelp
     9A75   A2 A8      LDX #&A8
     9A77   4C 31 87   JMP &8731
.CMD_DUTILS
     9A7A   98         TYA
     9A7B   A2 BC      LDX #&BC
     9A7D   A0 09      LDY #&09
     9A7F   D0 BE      BNE &9A3F
.CMD_UTILS
     9A81   98         TYA
     9A82   A2 76      LDX #&76
     9A84   A0 05      LDY #&05
     9A86   D0 B7      BNE &9A3F
.CMD_NOTHELPTBL
     9A88   20 C5 81   JSR &81C5
     9A8B   F0 78      BEQ &9B05
.cmd_nothelptlb_loop
     9A8D   20 AA 81   JSR &81AA
     9A90   90 FB      BCC &9A8D
     9A92   B0 E1      BCS &9A75
.Param_SyntaxErrorIfNull
     9A94   20 C5 81   JSR &81C5
     9A97   F0 01      BEQ &9A9A
     9A99   60         RTS
.errSYNTAX
     9A9A   20 70 80   JSR &8070
     9A9D   DC
     9A9E   53 79 6E ...
     9AA6   86 B9      STX &B9
     9AA8   20 B3 9A   JSR &9AB3
     9AAB   A9 00      LDA #&00
     9AAD   20 06 9B   JSR &9B06
     9AB0   4C 00 01   JMP &0100
.prtcmdAtBCadd1
     9AB3   A9 07      LDA #&07
     9AB5   85 B8      STA &B8
     9AB7   A6 BF      LDX &BF
     9AB9   E0 BC      CPX #&BC
     9ABB   90 05      BCC &9AC2
     9ABD   A9 44      LDA #&44
     9ABF   20 06 9B   JSR &9B06
.prtcmdloop
     9AC2   E8         INX
     9AC3   BD CC 85   LDA &85CC,X
     9AC6   30 06      BMI &9ACE
     9AC8   20 06 9B   JSR &9B06
     9ACB   4C C2 9A   JMP &9AC2
.prtcmdloop_exit
     9ACE   A4 B8      LDY &B8
     9AD0   30 03      BMI &9AD5
     9AD2   20 18 9B   JSR &9B18
.prtcmdnospcs
     9AD5   86 BF      STX &BF
     9AD7   BD CC 85   LDA &85CC,X
     9ADA   29 7F      AND #&7F
     9ADC   20 E2 9A   JSR &9AE2
     9ADF   20 24 82   JSR &8224
.prtcmdparam
     9AE2   20 F8 83   JSR &83F8
     9AE5   29 0F      AND #&0F
     9AE7   F0 1C      BEQ &9B05
     9AE9   A8         TAY
     9AEA   A9 20      LDA #&20
     9AEC   20 06 9B   JSR &9B06
     9AEF   A2 FF      LDX #&FF
.prtcmdparam_findloop
     9AF1   E8         INX
     9AF2   BD 25 9B   LDA &9B25,X
     9AF5   10 FA      BPL &9AF1
     9AF7   88         DEY
     9AF8   D0 F7      BNE &9AF1
     9AFA   29 7F      AND #&7F
.prtcmdparam_loop
     9AFC   20 06 9B   JSR &9B06
     9AFF   E8         INX
     9B00   BD 25 9B   LDA &9B25,X
     9B03   10 F7      BPL &9AFC
.prtcmdparamexit
     9B05   60         RTS
.prtcmd_prtchr
     9B06   20 F8 83   JSR &83F8
     9B09   A6 B9      LDX &B9
     9B0B   F0 06      BEQ &9B13
     9B0D   E6 B9      INC &B9
     9B0F   9D 00 01   STA &0100,X
     9B12   60         RTS
.prtcmdparam_prtchr
     9B13   C6 B8      DEC &B8
     9B15   4C E0 80   JMP &80E0
.prtcmd_Print_Y_Spaces_IfNotErr
     9B18   A5 B9      LDA &B9
     9B1A   D0 08      BNE &9B24
     9B1C   A9 20      LDA #&20
.prtcmd_yspc_loop
     9B1E   20 06 9B   JSR &9B06
     9B21   88         DEY
     9B22   10 FA      BPL &9B1E
.prtcmd_yspc_exit
     9B24   60         RTS
.parametertable
     9B25   BC
     9B26   64 72 69 ...
     9B2C   BC
     9B2D   61 66 73 ...
     9B32   A8
     9B33   4C 29 
     9B35   A8
     9B36   3C 64 72 ...
     9B3E   A8
     9B3F   3C 64 72 ...
     9B4A   A8
     9B4B   3C 64 69 ...
     9B51   BC
     9B52   64 6F 73 ...
     9B5B   BC
     9B5C   66 73 70 ...
     9B60   A8
     9B61   3C 64 6F ...
     9B6C   BC
     9B6D   74 69 74 ...
     9B73   A8
     9B74   3C 6E 75 ...
     9B7A   BC
     9B7B   73 6F 75 ...
     9B8A   BC
     9B8B   6F 6C 64 ...
     9B9D   BC
     9B9E   66 69 6C ...
     9BA5   B4
     9BA6   30 2F 38 ...
     9BAA   FF
.CMD_COMPACT
     9BAB   20 08 8C   JSR &8C08
     9BAE   20 9D 80   JSR &809D
     9BB1   43 6F 6D ...
     9BBD   8D D1 10   STA &10D1
     9BC0   8D D2 10   STA &10D2
     9BC3   20 07 81   JSR &8107
     9BC6   20 7F 83   JSR &837F
     9BC9   A0 00      LDY #&00
     9BCB   20 E3 94   JSR &94E3
     9BCE   20 D5 93   JSR &93D5
     9BD1   20 AA A1   JSR &A1AA
     9BD4   AC 05 0F   LDY &0F05
     9BD7   84 CA      STY &CA
     9BD9   A9 02      LDA #&02
     9BDB   85 C8      STA &C8
     9BDD   A9 00      LDA #&00
     9BDF   85 C9      STA &C9
.compact_loop
     9BE1   A4 CA      LDY &CA
     9BE3   20 C7 82   JSR &82C7
     9BE6   C0 F8      CPY #&F8
     9BE8   D0 28      BNE &9C12
     9BEA   AD 07 0F   LDA &0F07
     9BED   38         SEC
     9BEE   E5 C8      SBC &C8
     9BF0   48         PHA
     9BF1   AD 06 0F   LDA &0F06
     9BF4   29 03      AND #&03
     9BF6   E5 C9      SBC &C9
     9BF8   20 07 81   JSR &8107
     9BFB   68         PLA
     9BFC   20 FF 80   JSR &80FF
     9BFF   20 9D 80   JSR &809D
     9C02   20 66 72 ...
     9C0F   0D
     9C10   EA         NOP
     9C11   60         RTS
.compact_checkfile
     9C12   84 CA      STY &CA
     9C14   20 49 83   JSR &8349
     9C17   A4 CA      LDY &CA
     9C19   B9 0C 0F   LDA &0F0C,Y
     9C1C   C9 01      CMP #&01
     9C1E   A9 00      LDA #&00
     9C20   85 BC      STA &BC
     9C22   85 C0      STA &C0
     9C24   79 0D 0F   ADC &0F0D,Y
     9C27   85 C4      STA &C4
     9C29   B9 0E 0F   LDA &0F0E,Y
     9C2C   08         PHP
     9C2D   20 1C 82   JSR &821C
     9C30   28         PLP
     9C31   69 00      ADC #&00
     9C33   85 C5      STA &C5
     9C35   B9 0F 0F   LDA &0F0F,Y
     9C38   85 C6      STA &C6
     9C3A   B9 0E 0F   LDA &0F0E,Y
     9C3D   29 03      AND #&03
     9C3F   85 C7      STA &C7
     9C41   C5 C9      CMP &C9
     9C43   D0 14      BNE &9C59
     9C45   A5 C6      LDA &C6
     9C47   C5 C8      CMP &C8
     9C49   D0 0E      BNE &9C59
     9C4B   18         CLC
     9C4C   65 C4      ADC &C4
     9C4E   85 C8      STA &C8
     9C50   A5 C9      LDA &C9
     9C52   65 C5      ADC &C5
     9C54   85 C9      STA &C9
     9C56   4C 71 9C   JMP &9C71
.compact_movefile
     9C59   A5 C8      LDA &C8
     9C5B   99 0F 0F   STA &0F0F,Y
     9C5E   B9 0E 0F   LDA &0F0E,Y
     9C61   29 FC      AND #&FC
     9C63   05 C9      ORA &C9
     9C65   99 0E 0F   STA &0F0E,Y
     9C68   20 B1 A1   JSR &A1B1
     9C6B   20 F8 9D   JSR &9DF8
     9C6E   20 9F A1   JSR &A19F
.compact_fileinfo
     9C71   A4 CA      LDY &CA
     9C73   20 4E 83   JSR &834E
     9C76   4C E1 9B   JMP &9BE1
.IsEnabledOrGo
     9C79   2C C7 10   BIT &10C7
     9C7C   10 07      BPL &9C85
     9C7E   20 D0 9C   JSR &9CD0
     9C81   F0 02      BEQ &9C85
     9C83   68         PLA
     9C84   68         PLA
.isgo
.isgoalready
     9C85   60         RTS
.Get_CopyDATA_Drives
     9C86   20 0D 8C   JSR &8C0D
     9C89   8D D1 10   STA &10D1
     9C8C   20 0D 8C   JSR &8C0D
     9C8F   8D D2 10   STA &10D2
     9C92   CD D1 10   CMP &10D1
     9C95   F0 2E      BEQ &9CC5
     9C97   98         TYA
     9C98   48         PHA
     9C99   20 D5 93   JSR &93D5
     9C9C   20 9D 80   JSR &809D
     9C9F   43 6F 70 ...
     9CAD   AD D1 10   LDA &10D1
     9CB0   20 9A 80   JSR &809A
     9CB3   20 74 6F ...
     9CB8   AD D2 10   LDA &10D2
     9CBB   20 07 81   JSR &8107
     9CBE   20 7F 83   JSR &837F
     9CC1   68         PLA
     9CC2   A8         TAY
     9CC3   18         CLC
     9CC4   60         RTS
.baddrv
     9CC5   4C 20 8C   JMP &8C20
.ConfirmYNcolon
     9CC8   20 9D 80   JSR &809D
     9CCB   20 3A 20 
     9CCE   90 0F      BCC &9CDF
.GoYN
     9CD0   20 9D 80   JSR &809D
     9CD3   47 6F 20 ...
     9CDE   EA         NOP
.ConfirmYN
     9CDF   20 F8 9C   JSR &9CF8
     9CE2   20 E0 FF   JSR &FFE0
     9CE5   B0 1D      BCS &9D04
     9CE7   29 5F      AND #&5F
     9CE9   C9 59      CMP #&59
     9CEB   08         PHP
     9CEC   F0 02      BEQ &9CF0
     9CEE   A9 4E      LDA #&4E
.confYN
     9CF0   20 E0 80   JSR &80E0
     9CF3   20 7F 83   JSR &837F
     9CF6   28         PLP
     9CF7   60         RTS
.osbyte0F_flushinbuf2
     9CF8   20 F8 83   JSR &83F8
     9CFB   A9 0F      LDA #&0F
     9CFD   A2 01      LDX #&01
     9CFF   A0 00      LDY #&00
     9D01   4C F4 FF   JMP &FFF4
.err_ESCAPE
     9D04   4C A2 8C   JMP &8CA2
.err_DISKFULL2
     9D07   4C A6 8A   JMP &8AA6
.CMD_BACKUP
     9D0A   20 86 9C   JSR &9C86
     9D0D   20 79 9C   JSR &9C79
     9D10   A9 00      LDA #&00
     9D12   85 C7      STA &C7
     9D14   85 C9      STA &C9
     9D16   85 C8      STA &C8
     9D18   85 C6      STA &C6
     9D1A   AD D1 10   LDA &10D1
     9D1D   85 CD      STA &CD
     9D1F   20 AD A1   JSR &A1AD
     9D22   AD 07 0F   LDA &0F07
     9D25   85 C4      STA &C4
     9D27   AD 06 0F   LDA &0F06
     9D2A   29 03      AND #&03
     9D2C   85 C5      STA &C5
     9D2E   AD D2 10   LDA &10D2
     9D31   85 CD      STA &CD
     9D33   20 AD A1   JSR &A1AD
     9D36   AD 06 0F   LDA &0F06
     9D39   29 03      AND #&03
     9D3B   C5 C5      CMP &C5
     9D3D   90 C8      BCC &9D07
     9D3F   D0 07      BNE &9D48
     9D41   AD 07 0F   LDA &0F07
     9D44   C5 C4      CMP &C4
     9D46   90 BF      BCC &9D07
.backup_copy
     9D48   20 F8 9D   JSR &9DF8
     9D4B   20 AD A1   JSR &A1AD
     9D4E   A2 0A      LDX #&0A
.tloop
     9D50   E0 08      CPX #&08
     9D52   90 05      BCC &9D59
     9D54   BD F8 0E   LDA &0EF8,X
     9D57   B0 03      BCS &9D5C
.tskip1
     9D59   BD 00 0E   LDA &0E00,X
.tskip2
     9D5C   9D 00 10   STA &1000,X
     9D5F   CA         DEX
     9D60   10 EE      BPL &9D50
     9D62   60         RTS
.CMD_COPY
     9D63   20 F3 92   JSR &92F3
     9D66   20 86 9C   JSR &9C86
     9D69   20 94 9A   JSR &9A94
     9D6C   20 4E 81   JSR &814E
     9D6F   AD D1 10   LDA &10D1
     9D72   85 CD      STA &CD
     9D74   20 3D 82   JSR &823D
.copy_loop1
     9D77   A5 CC      LDA &CC
     9D79   48         PHA
     9D7A   A5 B6      LDA &B6
     9D7C   48         PHA
     9D7D   20 4E 83   JSR &834E
     9D80   A2 00      LDX #&00
.copy_loop2
     9D82   B9 08 0E   LDA &0E08,Y
     9D85   95 C5      STA &C5,X
     9D87   9D 50 10   STA &1050,X
     9D8A   B9 08 0F   LDA &0F08,Y
     9D8D   95 BB      STA &BB,X
     9D8F   9D 47 10   STA &1047,X
     9D92   E8         INX
     9D93   C8         INY
     9D94   E0 08      CPX #&08
     9D96   D0 EA      BNE &9D82
     9D98   20 E8 9D   JSR &9DE8
     9D9B   AD D2 10   LDA &10D2
     9D9E   20 E9 8A   JSR &8AE9
     9DA1   A5 C2      LDA &C2
     9DA3   29 03      AND #&03
     9DA5   48         PHA
     9DA6   A5 C3      LDA &C3
     9DA8   48         PHA
     9DA9   20 E8 9D   JSR &9DE8
     9DAC   68         PLA
     9DAD   85 C8      STA &C8
     9DAF   68         PLA
     9DB0   85 C9      STA &C9
     9DB2   A5 C1      LDA &C1
     9DB4   20 1C 82   JSR &821C
     9DB7   AA         TAX
     9DB8   A5 BF      LDA &BF
     9DBA   C9 01      CMP #&01
     9DBC   A5 C0      LDA &C0
     9DBE   69 00      ADC #&00
     9DC0   85 C4      STA &C4
     9DC2   8A         TXA
     9DC3   69 00      ADC #&00
     9DC5   85 C5      STA &C5
     9DC7   A5 C2      LDA &C2
     9DC9   85 C6      STA &C6
     9DCB   A5 C1      LDA &C1
     9DCD   29 03      AND #&03
     9DCF   85 C7      STA &C7
     9DD1   20 F8 9D   JSR &9DF8
     9DD4   AD D1 10   LDA &10D1
     9DD7   85 CD      STA &CD
     9DD9   20 AA A1   JSR &A1AA
     9DDC   68         PLA
     9DDD   85 B6      STA &B6
     9DDF   68         PLA
     9DE0   85 CC      STA &CC
     9DE2   20 89 82   JSR &8289
     9DE5   B0 90      BCS &9D77
     9DE7   60         RTS
.cd_swapvars
     9DE8   A2 11      LDX #&11
.cd_swapvars_loop
     9DEA   BC 45 10   LDY &1045,X
     9DED   B5 BA      LDA &BA,X
     9DEF   94 BA      STY &BA,X
     9DF1   9D 45 10   STA &1045,X
     9DF4   CA         DEX
     9DF5   10 F3      BPL &9DEA
     9DF7   60         RTS
.CopyDATABLOCK
     9DF8   A9 00      LDA #&00
     9DFA   85 BC      STA &BC
     9DFC   85 C0      STA &C0
     9DFE   AD CF 10   LDA &10CF
     9E01   85 BD      STA &BD
     9E03   F0 57      BEQ &9E5C
.cd_loop
     9E05   A4 C4      LDY &C4
     9E07   CC D0 10   CPY &10D0
     9E0A   A5 C5      LDA &C5
     9E0C   E9 00      SBC #&00
     9E0E   90 03      BCC &9E13
     9E10   AC D0 10   LDY &10D0
.cd_part
     9E13   84 C1      STY &C1
     9E15   A5 C6      LDA &C6
     9E17   85 C3      STA &C3
     9E19   A5 C7      LDA &C7
     9E1B   85 C2      STA &C2
     9E1D   AD D1 10   LDA &10D1
     9E20   85 CD      STA &CD
     9E22   20 D8 8B   JSR &8BD8
     9E25   20 46 88   JSR &8846
     9E28   AD D2 10   LDA &10D2
     9E2B   85 CD      STA &CD
     9E2D   A5 C8      LDA &C8
     9E2F   85 C3      STA &C3
     9E31   A5 C9      LDA &C9
     9E33   85 C2      STA &C2
     9E35   20 D8 8B   JSR &8BD8
     9E38   20 53 88   JSR &8853
     9E3B   A5 C1      LDA &C1
     9E3D   18         CLC
     9E3E   65 C8      ADC &C8
     9E40   85 C8      STA &C8
     9E42   90 02      BCC &9E46
     9E44   E6 C9      INC &C9
.cd_inc1
     9E46   A5 C1      LDA &C1
     9E48   18         CLC
     9E49   65 C6      ADC &C6
     9E4B   85 C6      STA &C6
     9E4D   90 02      BCC &9E51
     9E4F   E6 C7      INC &C7
.cd_inc2
     9E51   38         SEC
     9E52   A5 C4      LDA &C4
     9E54   E5 C1      SBC &C1
     9E56   85 C4      STA &C4
     9E58   B0 02      BCS &9E5C
     9E5A   C6 C5      DEC &C5
.cd_loopentry
     9E5C   A5 C4      LDA &C4
     9E5E   05 C5      ORA &C5
     9E60   D0 A3      BNE &9E05
     9E62   60         RTS
.CMD_VERIFY
     9E63   A9 00      LDA #&00
     9E65   F0 02      BEQ &9E69
.CMD_FORM
     9E67   A9 FF      LDA #&FF
.vform1
     9E69   85 C9      STA &C9
     9E6B   85 B2      STA &B2
     9E6D   10 15      BPL &9E84
     9E6F   20 94 9A   JSR &9A94
     9E72   20 41 84   JSR &8441
     9E75   B0 0A      BCS &9E81
     9E77   86 B5      STX &B5
     9E79   E0 28      CPX #&28
     9E7B   F0 07      BEQ &9E84
     9E7D   E0 50      CPX #&50
     9E7F   F0 03      BEQ &9E84
.vform2_syntax
     9E81   4C 9A 9A   JMP &9A9A
.vform3_ok
     9E84   20 C5 81   JSR &81C5
     9E87   84 CA      STY &CA
     9E89   D0 49      BNE &9ED4
     9E8B   24 C9      BIT &C9
     9E8D   30 0B      BMI &9E9A
     9E8F   20 9D 80   JSR &809D
     9E92   56 65 72 ...
     9E98   90 0A      BCC &9EA4
.vform4_form
     9E9A   20 9D 80   JSR &809D
     9E9D   46 6F 72 ...
     9EA3   EA         NOP
.vform4_askdrive
     9EA4   20 9D 80   JSR &809D
     9EA7   20 77 68 ...
     9EB6   EA         NOP
     9EB7   20 E0 FF   JSR &FFE0
     9EBA   B0 31      BCS &9EED
     9EBC   C9 20      CMP #&20
     9EBE   90 30      BCC &9EF0
     9EC0   20 E0 80   JSR &80E0
     9EC3   38         SEC
     9EC4   E9 30      SBC #&30
     9EC6   C9 04      CMP #&04
     9EC8   B0 26      BCS &9EF0
     9ECA   85 CD      STA &CD
     9ECC   20 7F 83   JSR &837F
     9ECF   A4 CA      LDY &CA
     9ED1   4C D7 9E   JMP &9ED7
.vform5_driveloop
     9ED4   20 10 8C   JSR &8C10
.vform6_drivein
     9ED7   84 CA      STY &CA
     9ED9   24 B2      BIT &B2
     9EDB   10 05      BPL &9EE2
     9EDD   46 B2      LSR &B2
     9EDF   20 79 9C   JSR &9C79
.vform7_go
     9EE2   20 F3 9E   JSR &9EF3
     9EE5   A4 CA      LDY &CA
     9EE7   20 C5 81   JSR &81C5
     9EEA   D0 E8      BNE &9ED4
     9EEC   60         RTS
.jmp_reportEscape
     9EED   4C A2 8C   JMP &8CA2
.jmp_errBadDrive
     9EF0   4C 20 8C   JMP &8C20
.VFCurDrv
     9EF3   24 C9      BIT &C9
     9EF5   30 0E      BMI &9F05
     9EF7   20 9D 80   JSR &809D
     9EFA   56 65 72 ...
     9F03   90 12      BCC &9F17
.vf1
     9F05   20 9D 80   JSR &809D
     9F08   46 6F 72 ...
     9F12   A6 CD      LDX &CD
     9F14   8E B0 10   STX &10B0
.vf2
     9F17   20 9D 80   JSR &809D
     9F1A   20 64 72 ...
     9F21   A5 CD      LDA &CD
     9F23   20 9A 80   JSR &809A
     9F26   20 74 72 ...
     9F2F   EA         NOP
     9F30   A9 63      LDA #&63
     9F32   A2 05      LDX #&05
     9F34   24 C9      BIT &C9
     9F36   30 2D      BMI &9F65
     9F38   20 AD A1   JSR &A1AD
     9F3B   AD 06 0F   LDA &0F06
     9F3E   29 03      AND #&03
     9F40   AA         TAX
     9F41   AD 07 0F   LDA &0F07
     9F44   A0 0A      LDY #&0A
     9F46   84 B0      STY &B0
     9F48   A0 FF      LDY #&FF
.trkloop1
     9F4A   38         SEC
.trkloop2
     9F4B   C8         INY
     9F4C   E5 B0      SBC &B0
     9F4E   B0 FB      BCS &9F4B
     9F50   CA         DEX
     9F51   10 F7      BPL &9F4A
     9F53   65 B0      ADC &B0
     9F55   48         PHA
     9F56   98         TYA
     9F57   AA         TAX
     9F58   68         PLA
     9F59   F0 01      BEQ &9F5C
     9F5B   E8         INX
.trkex
     9F5C   8A         TXA
     9F5D   F0 41      BEQ &9FA0
     9F5F   85 B5      STA &B5
     9F61   A9 5F      LDA #&5F
     9F63   A2 03      LDX #&03
.vf4
     9F65   8D B6 10   STA &10B6
     9F68   8E B5 10   STX &10B5
     9F6B   A9 00      LDA #&00
     9F6D   85 B4      STA &B4
.vf5_trackloop
     9F6F   A9 08      LDA #&08
     9F71   20 E0 80   JSR &80E0
     9F74   20 E0 80   JSR &80E0
     9F77   A5 B4      LDA &B4
     9F79   8D B7 10   STA &10B7
     9F7C   20 FF 80   JSR &80FF
     9F7F   20 E4 A1   JSR &A1E4
     9F82   F0 0A      BEQ &9F8E
     9F84   48         PHA
     9F85   A9 3F      LDA #&3F
     9F87   20 E0 80   JSR &80E0
     9F8A   68         PLA
     9F8B   4C 05 A2   JMP &A205
.vfx1
     9F8E   E6 B4      INC &B4
     9F90   A5 B4      LDA &B4
     9F92   C5 B5      CMP &B5
     9F94   D0 D9      BNE &9F6F
     9F96   24 C9      BIT &C9
     9F98   10 06      BPL &9FA0
     9F9A   20 A3 9F   JSR &9FA3
     9F9D   20 B1 A1   JSR &A1B1
.vf6_exit
     9FA0   4C 7F 83   JMP &837F
.ClearCatalogue
     9FA3   A0 00      LDY #&00
     9FA5   98         TYA
.ccatloop
     9FA6   99 00 0E   STA &0E00,Y
     9FA9   99 00 0F   STA &0F00,Y
     9FAC   C8         INY
     9FAD   D0 F7      BNE &9FA6
     9FAF   A4 B5      LDY &B5
.loop2
     9FB1   A9 0A      LDA #&0A
     9FB3   18         CLC
     9FB4   6D 07 0F   ADC &0F07
     9FB7   8D 07 0F   STA &0F07
     9FBA   90 03      BCC &9FBF
     9FBC   EE 06 0F   INC &0F06
.label3
     9FBF   88         DEY
     9FC0   D0 EF      BNE &9FB1
     9FC2   60         RTS
.CMD_FREE
     9FC3   38         SEC
     9FC4   B0 01      BCS &9FC7
.CMD_MAP
     9FC6   18         CLC
.Label_A7F7
     9FC7   66 C6      ROR &C6
     9FC9   20 08 8C   JSR &8C08
     9FCC   20 AA A1   JSR &A1AA
     9FCF   24 C6      BIT &C6
     9FD1   30 15      BMI &9FE8
     9FD3   20 BD 80   JSR &80BD
     9FD6   41 64 64 ...
     9FE7   0D
.Label_A818_free
     9FE8   AD 06 0F   LDA &0F06
     9FEB   29 03      AND #&03
     9FED   85 C5      STA &C5
     9FEF   85 C2      STA &C2
     9FF1   AD 07 0F   LDA &0F07
     9FF4   85 C4      STA &C4
     9FF6   38         SEC
     9FF7   E9 02      SBC #&02
     9FF9   85 C1      STA &C1
     9FFB   B0 02      BCS &9FFF
     9FFD   C6 C2      DEC &C2
.Label_A82F
     9FFF   A9 02      LDA #&02
     A001   85 BB      STA &BB
     A003   A9 00      LDA #&00
     A005   85 BC      STA &BC
     A007   85 BF      STA &BF
     A009   85 C0      STA &C0
     A00B   AD 05 0F   LDA &0F05
     A00E   29 F8      AND #&F8
     A010   A8         TAY
     A011   F0 26      BEQ &A039
     A013   D0 11      BNE &A026
.Label_A845_fileloop
     A015   20 A8 A0   JSR &A0A8
     A018   20 C7 82   JSR &82C7
     A01B   A5 C4      LDA &C4
     A01D   38         SEC
     A01E   E5 BB      SBC &BB
     A020   A5 C5      LDA &C5
     A022   E5 BC      SBC &BC
     A024   90 13      BCC &A039
.Label_A856_fileloop_entry
     A026   B9 07 0F   LDA &0F07,Y
     A029   38         SEC
     A02A   E5 BB      SBC &BB
     A02C   85 C1      STA &C1
     A02E   B9 06 0F   LDA &0F06,Y
     A031   29 03      AND #&03
     A033   E5 BC      SBC &BC
     A035   85 C2      STA &C2
     A037   90 DC      BCC &A015
.Label_A86B_nofiles
     A039   84 BD      STY &BD
     A03B   24 C6      BIT &C6
     A03D   30 2B      BMI &A06A
     A03F   A5 C1      LDA &C1
     A041   05 C2      ORA &C2
     A043   F0 25      BEQ &A06A
     A045   A5 BC      LDA &BC
     A047   20 17 81   JSR &8117
     A04A   A5 BB      LDA &BB
     A04C   20 0F 81   JSR &810F
     A04F   20 BD 80   JSR &80BD
     A052   20 20 20 ...
     A05A   A5 C2      LDA &C2
     A05C   20 17 81   JSR &8117
     A05F   A5 C1      LDA &C1
     A061   20 0F 81   JSR &810F
     A064   20 E7 FF   JSR &FFE7
     A067   20 A8 A0   JSR &A0A8
.Label_A87A_free
     A06A   A5 C1      LDA &C1
     A06C   18         CLC
     A06D   65 BF      ADC &BF
     A06F   85 BF      STA &BF
     A071   A5 C2      LDA &C2
     A073   65 C0      ADC &C0
     A075   85 C0      STA &C0
     A077   A4 BD      LDY &BD
     A079   D0 9A      BNE &A015
     A07B   24 C6      BIT &C6
     A07D   10 28      BPL &A0A7
     A07F   A8         TAY
     A080   A6 BF      LDX &BF
     A082   A9 F8      LDA #&F8
     A084   38         SEC
     A085   ED 05 0F   SBC &0F05
     A088   20 D2 A0   JSR &A0D2
     A08B   46 72 65 ...
     A08F   0D
     A090   A5 C4      LDA &C4
     A092   38         SEC
     A093   E5 BF      SBC &BF
     A095   AA         TAX
     A096   A5 C5      LDA &C5
     A098   E5 C0      SBC &C0
     A09A   A8         TAY
     A09B   AD 05 0F   LDA &0F05
     A09E   20 D2 A0   JSR &A0D2
     A0A1   55 73 65 ...
     A0A5   0D
     A0A6   EA         NOP
.Label_A8BD_rst
     A0A7   60         RTS
.Sub_A8E2_nextblock
     A0A8   B9 06 0F   LDA &0F06,Y
     A0AB   48         PHA
     A0AC   20 1C 82   JSR &821C
     A0AF   85 BC      STA &BC
     A0B1   68         PLA
     A0B2   29 03      AND #&03
     A0B4   18         CLC
     A0B5   65 BC      ADC &BC
     A0B7   85 BC      STA &BC
     A0B9   B9 04 0F   LDA &0F04,Y
     A0BC   C9 01      CMP #&01
     A0BE   A9 00      LDA #&00
     A0C0   79 05 0F   ADC &0F05,Y
     A0C3   90 02      BCC &A0C7
     A0C5   E6 BC      INC &BC
.Label_A902
     A0C7   18         CLC
     A0C8   79 07 0F   ADC &0F07,Y
     A0CB   85 BB      STA &BB
     A0CD   90 02      BCC &A0D1
     A0CF   E6 BC      INC &BC
.Label_A90C
     A0D1   60         RTS
.Sub_A90D_freeinfo
     A0D2   4A         LSR A
     A0D3   4A         LSR A
     A0D4   4A         LSR A
     A0D5   20 0C 81   JSR &810C
     A0D8   20 BD 80   JSR &80BD
     A0DB   20 46 69 ...
     A0E2   86 BC      STX &BC
     A0E4   84 BD      STY &BD
     A0E6   98         TYA
     A0E7   20 17 81   JSR &8117
     A0EA   8A         TXA
     A0EB   20 0F 81   JSR &810F
     A0EE   20 BD 80   JSR &80BD
     A0F1   20 53 65 ...
     A0FA   A9 00      LDA #&00
     A0FC   85 BB      STA &BB
     A0FE   85 BE      STA &BE
     A100   A2 1F      LDX #&1F
     A102   86 C1      STX &C1
     A104   A2 09      LDX #&09
.Label_A941_loop1
     A106   9D 00 10   STA &1000,X
     A109   CA         DEX
     A10A   10 FA      BPL &A106
.Label_A947_loop2
     A10C   06 BB      ASL &BB
     A10E   26 BC      ROL &BC
     A110   26 BD      ROL &BD
     A112   26 BE      ROL &BE
     A114   A2 00      LDX #&00
     A116   A0 09      LDY #&09
.Label_A953_loop3
     A118   BD 00 10   LDA &1000,X
     A11B   2A         ROL A
     A11C   C9 0A      CMP #&0A
     A11E   90 02      BCC &A122
     A120   E9 0A      SBC #&0A
.Label_A95D
     A122   9D 00 10   STA &1000,X
     A125   E8         INX
     A126   88         DEY
     A127   10 EF      BPL &A118
     A129   C6 C1      DEC &C1
     A12B   10 DF      BPL &A10C
     A12D   A0 20      LDY #&20
     A12F   A2 05      LDX #&05
.Label_A96C_loop4
     A131   D0 02      BNE &A135
     A133   A0 2C      LDY #&2C
.Label_A970
     A135   BD 00 10   LDA &1000,X
     A138   D0 07      BNE &A141
     A13A   C0 2C      CPY #&2C
     A13C   F0 03      BEQ &A141
     A13E   98         TYA
     A13F   D0 04      BNE &A145
.Label_A97D
     A141   A0 2C      LDY #&2C
     A143   09 30      ORA #&30
.Label_A982
     A145   20 EE FF   JSR &FFEE
     A148   E0 03      CPX #&03
     A14A   D0 04      BNE &A150
     A14C   98         TYA
     A14D   20 EE FF   JSR &FFEE
.Label_A98D
     A150   CA         DEX
     A151   10 DE      BPL &A131
     A153   20 BD 80   JSR &80BD
     A156   20 42 79 ...
     A15D   EA         NOP
     A15E   4C BD 80   JMP &80BD
.CalculateCRC7
     A161   A0 0F      LDY #&0F
     A163   A9 00      LDA #&00
.c7loop1
     A165   59 E0 10   EOR &10E0,Y
     A168   0A         ASL A
     A169   A2 07      LDX #&07
.c7loop2
     A16B   90 02      BCC &A16F
     A16D   49 12      EOR #&12
.c7b7z1
     A16F   0A         ASL A
     A170   CA         DEX
     A171   D0 F8      BNE &A16B
     A173   90 02      BCC &A177
     A175   49 12      EOR #&12
.c7b7z2
     A177   88         DEY
     A178   10 EB      BPL &A165
     A17A   09 01      ORA #&01
     A17C   60         RTS
.CheckCRC7
     A17D   20 F8 83   JSR &83F8
     A180   20 61 A1   JSR &A161
     A183   CD F0 10   CMP &10F0
     A186   D0 01      BNE &A189
     A188   60         RTS
.errBadSum
     A189   20 56 80   JSR &8056
     A18C   FF
     A18D   53 75 6D 
     A190   00
.ResetCRC7
     A191   20 F8 83   JSR &83F8
     A194   20 61 A1   JSR &A161
     A197   8D F0 10   STA &10F0
     A19A   18         CLC
     A19B   60         RTS
.Set_CurDirDrv_ToDefaults_CheckCurDrvCat
     A19C   20 FB 8B   JSR &8BFB
.CheckCurDrvCat
     A19F   AD 82 10   LDA &1082
     A1A2   C5 CD      CMP &CD
     A1A4   D0 07      BNE &A1AD
     A1A6   60         RTS
.Set_CurDirDrv_ToDefaults_and_load
     A1A7   20 FB 8B   JSR &8BFB
.LoadCurDrvCat2
     A1AA   20 F8 83   JSR &83F8
.LoadCurDrvCat
     A1AD   A9 53      LDA #&53
     A1AF   D0 0D      BNE &A1BE
.SaveCatToDisk
     A1B1   AD 04 0F   LDA &0F04
     A1B4   18         CLC
     A1B5   F8         SED
     A1B6   69 01      ADC #&01
     A1B8   8D 04 0F   STA &0F04
     A1BB   D8         CLD
     A1BC   A9 4B      LDA #&4B
.exec_cat_rw
     A1BE   48         PHA
     A1BF   A5 CD      LDA &CD
     A1C1   A2 00      LDX #&00
.loop
     A1C3   9D B0 10   STA &10B0,X
     A1C6   BD DB A1   LDA &A1DB,X
     A1C9   E8         INX
     A1CA   E0 0A      CPX #&0A
     A1CC   D0 F5      BNE &A1C3
     A1CE   68         PLA
     A1CF   8D B6 10   STA &10B6
     A1D2   20 02 A2   JSR &A202
     A1D5   A5 CD      LDA &CD
     A1D7   8D 82 10   STA &1082
     A1DA   60         RTS
.datax
     A1DB   00
     A1DC   0E
     A1DD   FF
     A1DE   FF
     A1DF   03
     A1E0   53
     A1E1   00
     A1E2   00
     A1E3   22
.OW7F_Execute
     A1E4   A5 B0      LDA &B0
     A1E6   48         PHA
     A1E7   A5 B1      LDA &B1
     A1E9   48         PHA
     A1EA   A9 B0      LDA #&B0
     A1EC   85 B0      STA &B0
     A1EE   A9 10      LDA #&10
     A1F0   85 B1      STA &B1
     A1F2   20 B8 B0   JSR &B0B8
     A1F5   68         PLA
     A1F6   85 B1      STA &B1
     A1F8   68         PLA
     A1F9   85 B0      STA &B0
     A1FB   AE B5 10   LDX &10B5
     A1FE   BD B7 10   LDA &10B7,X
     A201   60         RTS
.OW7F_Execute_and_ReportIfDiskFault
     A202   20 E4 A1   JSR &A1E4
.ReportIfDiskFault
     A205   D0 01      BNE &A208
     A207   60         RTS
.l0
     A208   C9 10      CMP #&10
     A20A   D0 10      BNE &A21C
     A20C   20 60 80   JSR &8060
     A20F   C7
     A210   44 72 69 ...
     A21B   00
.l1
     A21C   C9 12      CMP #&12
     A21E   D0 0E      BNE &A22E
     A220   20 4B 80   JSR &804B
     A223   C9
     A224   72 65 61 ...
     A22D   00
.l2
     A22E   A5 CD      LDA &CD
     A230   8D B0 10   STA &10B0
     A233   A2 06      LDX #&06
.loop1
     A235   BD 91 A2   LDA &A291,X
     A238   9D B1 10   STA &10B1,X
     A23B   CA         DEX
     A23C   10 F7      BPL &A235
     A23E   20 E4 A1   JSR &A1E4
     A241   48         PHA
     A242   A5 CD      LDA &CD
     A244   29 02      AND #&02
     A246   0A         ASL A
     A247   0A         ASL A
     A248   69 12      ADC #&12
     A24A   8D B7 10   STA &10B7
     A24D   20 E4 A1   JSR &A1E4
     A250   48         PHA
     A251   20 4B 80   JSR &804B
     A254   00         BRK
     A255   EA         NOP
     A256   20 77 80   JSR &8077
     A259   C7
     A25A   73 65 63 ...
     A26E   EA         NOP
     A26F   A9 3A      LDA #&3A
     A271   20 B3 B0   JSR &B0B3
     A274   A5 CD      LDA &CD
     A276   20 BA 8C   JSR &8CBA
     A279   A9 20      LDA #&20
     A27B   20 B3 B0   JSR &B0B3
     A27E   68         PLA
     A27F   20 B2 8C   JSR &8CB2
     A282   A9 2F      LDA #&2F
     A284   20 B3 B0   JSR &B0B3
     A287   68         PLA
     A288   20 B2 8C   JSR &8CB2
     A28B   20 77 80   JSR &8077
     A28E   C7
     A28F   00
     A290   EA         NOP
.spec
     A291   00
     A292   00
     A293   00
     A294   00
     A295   01
     A296   7D
     A297   06
.bcd_inc16_zp_x_A8
     A298   A2 A8      LDX #&A8
.bcd_inc16_zp_x
     A29A   F8         SED
     A29B   18         CLC
     A29C   B5 00      LDA &00,X
     A29E   69 01      ADC #&01
     A2A0   95 00      STA &00,X
     A2A2   B5 01      LDA &01,X
     A2A4   69 00      ADC #&00
     A2A6   95 01      STA &01,X
     A2A8   D8         CLD
     A2A9   60         RTS
Including file MMC_MemoryMapped.asm
.MMC_DEVICE_RESET
     A2AA   60         RTS
.MMC_GetByte
     A2AB   A9 FF      LDA #&FF
     A2AD   8D 1C FE   STA &FE1C
     A2B0   20 C4 A2   JSR &A2C4
     A2B3   AD 1C FE   LDA &FE1C
     A2B6   60         RTS
.MMC_16Clocks
     A2B7   A0 02      LDY #&02
.MMC_Clocks
.MMC_SlowClocks
     A2B9   A9 FF      LDA #&FF
.clk1
     A2BB   8D 1C FE   STA &FE1C
     A2BE   20 C4 A2   JSR &A2C4
     A2C1   88         DEY
     A2C2   D0 F7      BNE &A2BB
.donothing
     A2C4   60         RTS
.MMC_DoCommand
     A2C5   A2 00      LDX #&00
     A2C7   A0 08      LDY #&08
.dcmd1
     A2C9   BD 87 10   LDA &1087,X
     A2CC   8D 1C FE   STA &FE1C
     A2CF   EA         NOP
     A2D0   EA         NOP
     A2D1   E8         INX
     A2D2   88         DEY
     A2D3   D0 F4      BNE &A2C9
     A2D5   A2 FF      LDX #&FF
.wR1mm
     A2D7   8E 1C FE   STX &FE1C
     A2DA   20 C4 A2   JSR &A2C4
     A2DD   AD 1C FE   LDA &FE1C
     A2E0   10 05      BPL &A2E7
     A2E2   88         DEY
     A2E3   D0 F2      BNE &A2D7
     A2E5   C9 00      CMP #&00
.dcmdex
     A2E7   08         PHP
     A2E8   48         PHA
     A2E9   A0 00      LDY #&00
.dcmdu2
     A2EB   B9 87 10   LDA &1087,Y
     A2EE   20 FF 80   JSR &80FF
     A2F1   C8         INY
     A2F2   C0 07      CPY #&07
     A2F4   D0 F5      BNE &A2EB
     A2F6   A9 3A      LDA #&3A
     A2F8   20 EE FF   JSR &FFEE
     A2FB   68         PLA
     A2FC   48         PHA
     A2FD   20 FF 80   JSR &80FF
     A300   20 E7 FF   JSR &FFE7
     A303   68         PLA
     A304   28         PLP
     A305   60         RTS
.MMC_WaitForData
     A306   A2 FF      LDX #&FF
.wl1
     A308   8E 1C FE   STX &FE1C
     A30B   20 C4 A2   JSR &A2C4
     A30E   AD 1C FE   LDA &FE1C
     A311   C9 FE      CMP #&FE
     A313   D0 F3      BNE &A308
     A315   60         RTS
.MMC_Read256
     A316   A2 FF      LDX #&FF
     A318   8E 1C FE   STX &FE1C
     A31B   AC AE 10   LDY &10AE
     A31E   D0 16      BNE &A336
     A320   EA         NOP
     A321   EA         NOP
     A322   EA         NOP
.rdl1
     A323   AD 1C FE   LDA &FE1C
     A326   8E 1C FE   STX &FE1C
     A329   91 BC      STA (&BC),Y
     A32B   C8         INY
     A32C   C0 FF      CPY #&FF
     A32E   D0 F3      BNE &A323
     A330   AD 1C FE   LDA &FE1C
     A333   91 BC      STA (&BC),Y
     A335   60         RTS
.rdlT20
     A336   A0 00      LDY #&00
     A338   4C 5E A3   JMP &A35E
.MMC_ReadBLS
     A33B   A2 FF      LDX #&FF
     A33D   8E 1C FE   STX &FE1C
     A340   AC AE 10   LDY &10AE
     A343   D0 17      BNE &A35C
     A345   C6 C6      DEC &C6
     A347   F0 0D      BEQ &A356
.rdl2
     A349   AD 1C FE   LDA &FE1C
     A34C   8E 1C FE   STX &FE1C
     A34F   91 BC      STA (&BC),Y
     A351   C8         INY
     A352   C6 C6      DEC &C6
     A354   D0 F3      BNE &A349
.rdl3
     A356   AD 1C FE   LDA &FE1C
     A359   91 BC      STA (&BC),Y
     A35B   60         RTS
.rdlT1
     A35C   A4 C6      LDY &C6
.rdlT2
     A35E   88         DEY
     A35F   F0 1A      BEQ &A37B
.rdlT3
     A361   EA         NOP
     A362   AD 1C FE   LDA &FE1C
     A365   8E 1C FE   STX &FE1C
     A368   8D E5 FE   STA &FEE5
     A36B   20 C4 A2   JSR &A2C4
     A36E   20 C4 A2   JSR &A2C4
     A371   EA         NOP
     A372   EA         NOP
     A373   EA         NOP
     A374   88         DEY
     A375   D0 EA      BNE &A361
     A377   EA         NOP
     A378   EA         NOP
     A379   EA         NOP
     A37A   EA         NOP
.rdlT4
     A37B   AD 1C FE   LDA &FE1C
     A37E   8D E5 FE   STA &FEE5
     A381   60         RTS
.MMC_ReadBuffer
     A382   A9 FF      LDA #&FF
     A384   8D 82 10   STA &1082
     A387   A0 00      LDY #&00
     A389   A2 FF      LDX #&FF
     A38B   8E 1C FE   STX &FE1C
     A38E   20 C4 A2   JSR &A2C4
.rdl4
     A391   AD 1C FE   LDA &FE1C
     A394   8E 1C FE   STX &FE1C
     A397   99 00 0E   STA &0E00,Y
     A39A   C8         INY
     A39B   C0 FF      CPY #&FF
     A39D   D0 F2      BNE &A391
     A39F   AD 1C FE   LDA &FE1C
     A3A2   99 00 0E   STA &0E00,Y
     A3A5   60         RTS
.MMC_SendingData
     A3A6   A2 FF      LDX #&FF
     A3A8   8E 1C FE   STX &FE1C
     A3AB   20 C4 A2   JSR &A2C4
     A3AE   8E 1C FE   STX &FE1C
     A3B1   20 C4 A2   JSR &A2C4
     A3B4   CA         DEX
     A3B5   8E 1C FE   STX &FE1C
     A3B8   60         RTS
.MMC_EndWrite
     A3B9   20 B7 A2   JSR &A2B7
     A3BC   A2 FF      LDX #&FF
     A3BE   8E 1C FE   STX &FE1C
     A3C1   20 C4 A2   JSR &A2C4
     A3C4   AD 1C FE   LDA &FE1C
     A3C7   A8         TAY
     A3C8   29 1F      AND #&1F
     A3CA   C9 05      CMP #&05
     A3CC   D0 3E      BNE &A40C
     A3CE   A9 FF      LDA #&FF
.ew1
     A3D0   8E 1C FE   STX &FE1C
     A3D3   20 C4 A2   JSR &A2C4
     A3D6   CD 1C FE   CMP &FE1C
     A3D9   D0 F5      BNE &A3D0
     A3DB   60         RTS
.MMC_Write256
     A3DC   AC AE 10   LDY &10AE
     A3DF   D0 09      BNE &A3EA
.wr1
     A3E1   B1 BC      LDA (&BC),Y
     A3E3   8D 1C FE   STA &FE1C
     A3E6   C8         INY
     A3E7   D0 F8      BNE &A3E1
     A3E9   60         RTS
.wrT1
     A3EA   A0 00      LDY #&00
.wrT2
     A3EC   AD E5 FE   LDA &FEE5
     A3EF   8D 1C FE   STA &FE1C
     A3F2   20 C4 A2   JSR &A2C4
     A3F5   20 C4 A2   JSR &A2C4
     A3F8   20 C4 A2   JSR &A2C4
     A3FB   C8         INY
     A3FC   D0 EE      BNE &A3EC
     A3FE   60         RTS
.MMC_WriteBuffer
     A3FF   A0 00      LDY #&00
.wbm1
     A401   EA         NOP
     A402   B9 00 0E   LDA &0E00,Y
     A405   8D 1C FE   STA &FE1C
     A408   C8         INY
     A409   D0 F6      BNE &A401
     A40B   60         RTS
Processed file 'MMC_MemoryMapped.asm' ok
.errWrite2
     A40C   98         TYA
     A40D   20 75 B0   JSR &B075
     A410   57 72 69 ...
     A425   00
Including file MMC.asm
.MMC_SetCommand
     A426   8D 88 10   STA &1088
     A429   A9 00      LDA #&00
     A42B   8D 89 10   STA &1089
     A42E   8D 8A 10   STA &108A
     A431   8D 8B 10   STA &108B
     A434   8D 8C 10   STA &108C
     A437   A9 FF      LDA #&FF
     A439   8D 87 10   STA &1087
     A43C   8D 8D 10   STA &108D
     A43F   8D 8E 10   STA &108E
     A442   60         RTS
.MMC_INIT
     A443   20 39 80   JSR &8039
     A446   A9 00      LDA #&00
     A448   8D AF 10   STA &10AF
     A44B   A9 32      LDA #&32
     A44D   85 C1      STA &C1
.iloop
     A44F   A0 0A      LDY #&0A
     A451   20 B9 A2   JSR &A2B9
     A454   A9 40      LDA #&40
     A456   20 26 A4   JSR &A426
     A459   A9 95      LDA #&95
     A45B   8D 8D 10   STA &108D
     A45E   20 C5 A2   JSR &A2C5
     A461   29 81      AND #&81
     A463   C9 01      CMP #&01
     A465   D0 2F      BNE &A496
     A467   8D DE 10   STA &10DE
     A46A   A9 48      LDA #&48
     A46C   20 26 A4   JSR &A426
     A46F   A9 01      LDA #&01
     A471   8D 8B 10   STA &108B
     A474   A9 AA      LDA #&AA
     A476   8D 8C 10   STA &108C
     A479   A9 87      LDA #&87
     A47B   8D 8D 10   STA &108D
     A47E   20 C5 A2   JSR &A2C5
     A481   C9 01      CMP #&01
     A483   F0 24      BEQ &A4A9
     A485   A9 00      LDA #&00
     A487   8D DE 10   STA &10DE
.il1
     A48A   A9 41      LDA #&41
     A48C   20 26 A4   JSR &A426
     A48F   20 C5 A2   JSR &A2C5
     A492   C9 02      CMP #&02
     A494   90 09      BCC &A49F
.ifail
     A496   C6 C1      DEC &C1
     A498   D0 B5      BNE &A44F
.ifaildone
     A49A   20 43 80   JSR &8043
     A49D   38         SEC
     A49E   60         RTS
.il11
     A49F   24 FF      BIT &FF
     A4A1   30 F3      BMI &A496
     A4A3   C9 00      CMP #&00
     A4A5   D0 E3      BNE &A48A
     A4A7   F0 42      BEQ &A4EB
.isdhc
     A4A9   20 AB A2   JSR &A2AB
     A4AC   20 AB A2   JSR &A2AB
     A4AF   20 AB A2   JSR &A2AB
     A4B2   20 AB A2   JSR &A2AB
.isdhc2
     A4B5   A9 77      LDA #&77
     A4B7   20 26 A4   JSR &A426
     A4BA   20 C5 A2   JSR &A2C5
     A4BD   A9 69      LDA #&69
     A4BF   20 26 A4   JSR &A426
     A4C2   A9 40      LDA #&40
     A4C4   8D 89 10   STA &1089
     A4C7   20 C5 A2   JSR &A2C5
     A4CA   D0 E9      BNE &A4B5
     A4CC   A9 7A      LDA #&7A
     A4CE   20 26 A4   JSR &A426
     A4D1   20 C5 A2   JSR &A2C5
     A4D4   D0 C0      BNE &A496
     A4D6   20 AB A2   JSR &A2AB
     A4D9   29 40      AND #&40
     A4DB   48         PHA
     A4DC   20 AB A2   JSR &A2AB
     A4DF   20 AB A2   JSR &A2AB
     A4E2   20 AB A2   JSR &A2AB
     A4E5   68         PLA
     A4E6   D0 03      BNE &A4EB
     A4E8   8D DE 10   STA &10DE
.iok
     A4EB   A9 50      LDA #&50
     A4ED   20 26 A4   JSR &A426
     A4F0   A9 02      LDA #&02
     A4F2   8D 8B 10   STA &108B
     A4F5   20 C5 A2   JSR &A2C5
     A4F8   D0 0A      BNE &A504
     A4FA   A9 40      LDA #&40
     A4FC   8D AF 10   STA &10AF
     A4FF   20 43 80   JSR &8043
     A502   18         CLC
     A503   60         RTS
.blkerr
     A504   20 75 B0   JSR &B075
     A507   53 65 74 ...
     A51B   00
.MMC_GetCIDCRC
     A51C   A9 4A      LDA #&4A
     A51E   20 26 A4   JSR &A426
     A521   20 69 A5   JSR &A569
     A524   A0 10      LDY #&10
     A526   20 B9 A2   JSR &A2B9
     A529   20 AB A2   JSR &A2AB
     A52C   A8         TAY
     A52D   4C AB A2   JMP &A2AB
.MMC_SetupWrite
     A530   A9 58      LDA #&58
     A532   D0 02      BNE &A536
.MMC_SetupRead
     A534   A9 51      LDA #&51
.setuprw
     A536   20 26 A4   JSR &A426
.setCommandAddress
     A539   AD DE 10   LDA &10DE
     A53C   D0 13      BNE &A551
     A53E   8D 8C 10   STA &108C
     A541   A5 C0      LDA &C0
     A543   8D 89 10   STA &1089
     A546   A5 BF      LDA &BF
     A548   8D 8A 10   STA &108A
     A54B   A5 BE      LDA &BE
     A54D   8D 8B 10   STA &108B
     A550   60         RTS
.setCommandAddressSDHC
     A551   A9 00      LDA #&00
     A553   8D 89 10   STA &1089
     A556   A5 C0      LDA &C0
     A558   4A         LSR A
     A559   8D 8A 10   STA &108A
     A55C   A5 BF      LDA &BF
     A55E   6A         ROR A
     A55F   8D 8B 10   STA &108B
     A562   A5 BE      LDA &BE
     A564   6A         ROR A
     A565   8D 8C 10   STA &108C
     A568   60         RTS
.MMC_StartRead
     A569   20 C5 A2   JSR &A2C5
     A56C   D0 03      BNE &A571
     A56E   4C 06 A3   JMP &A306
.errRead
     A571   20 75 B0   JSR &B075
     A574   52 65 61 ...
     A57F   00
.MMC_StartWrite
     A580   20 C5 A2   JSR &A2C5
     A583   D0 03      BNE &A588
     A585   4C A6 A3   JMP &A3A6
.errWrite
     A588   20 75 B0   JSR &B075
     A58B   57 72 69 ...
     A597   00
.SetupCatRW
     A598   20 39 80   JSR &8039
     A59B   A9 00      LDA #&00
     A59D   8D AE 10   STA &10AE
     A5A0   85 BC      STA &BC
     A5A2   A9 0E      LDA #&0E
     A5A4   85 BD      STA &BD
     A5A6   60         RTS
.MMC_ReadCatalogue
     A5A7   20 98 A5   JSR &A598
     A5AA   20 34 A5   JSR &A534
     A5AD   20 69 A5   JSR &A569
     A5B0   20 16 A3   JSR &A316
     A5B3   E6 BD      INC &BD
     A5B5   20 16 A3   JSR &A316
     A5B8   20 B7 A2   JSR &A2B7
     A5BB   4C 43 80   JMP &8043
.MMC_WriteCatalogue
     A5BE   20 98 A5   JSR &A598
     A5C1   20 30 A5   JSR &A530
     A5C4   20 80 A5   JSR &A580
     A5C7   20 DC A3   JSR &A3DC
     A5CA   E6 BD      INC &BD
     A5CC   20 DC A3   JSR &A3DC
     A5CF   20 B9 A3   JSR &A3B9
     A5D2   4C 43 80   JMP &8043
.MMC_RWBlock_CheckIfToTube
     A5D5   48         PHA
     A5D6   AD AC 10   LDA &10AC
     A5D9   2D AD 10   AND &10AD
     A5DC   0D D6 10   ORA &10D6
     A5DF   49 FF      EOR #&FF
     A5E1   8D AE 10   STA &10AE
     A5E4   38         SEC
     A5E5   F0 0D      BEQ &A5F4
     A5E7   20 87 8C   JSR &8C87
     A5EA   A2 AA      LDX #&AA
     A5EC   A0 10      LDY #&10
     A5EE   68         PLA
     A5EF   48         PHA
     A5F0   20 06 04   JSR &0406
     A5F3   18         CLC
.notTube
     A5F4   68         PLA
     A5F5   60         RTS
.MMC_ReadBlock
     A5F6   4E A6 10   LSR &10A6
     A5F9   20 39 80   JSR &8039
     A5FC   20 06 A6   JSR &A606
     A5FF   4C 43 80   JMP &8043
.rb_err
     A602   6E A6 10   ROR &10A6
.rb1_exit
     A605   60         RTS
.rdblk
     A606   A6 C4      LDX &C4
     A608   D0 04      BNE &A60E
     A60A   A5 C5      LDA &C5
     A60C   F0 F7      BEQ &A605
.rb1
     A60E   A9 01      LDA #&01
     A610   20 D5 A5   JSR &A5D5
     A613   A6 C4      LDX &C4
     A615   66 BE      ROR &BE
     A617   66 C1      ROR &C1
     A619   10 07      BPL &A622
     A61B   E8         INX
     A61C   86 C4      STX &C4
     A61E   D0 02      BNE &A622
     A620   E6 C5      INC &C5
.rb2
     A622   06 BE      ASL &BE
     A624   20 34 A5   JSR &A534
     A627   A5 C5      LDA &C5
     A629   D0 0E      BNE &A639
     A62B   A6 C4      LDX &C4
     A62D   E0 03      CPX #&03
     A62F   B0 08      BCS &A639
.rb4_loop
     A631   A5 C6      LDA &C6
     A633   D0 47      BNE &A67C
     A635   E0 01      CPX #&01
     A637   F0 3A      BEQ &A673
.rb3
     A639   24 C1      BIT &C1
     A63B   10 0D      BPL &A64A
     A63D   20 69 A5   JSR &A569
     A640   A0 00      LDY #&00
     A642   84 C1      STY &C1
     A644   20 B9 A2   JSR &A2B9
     A647   4C 52 A6   JMP &A652
.rb6_loop
     A64A   20 69 A5   JSR &A569
     A64D   20 16 A3   JSR &A316
     A650   E6 BD      INC &BD
.rb7
     A652   20 16 A3   JSR &A316
     A655   E6 BD      INC &BD
     A657   20 B7 A2   JSR &A2B7
     A65A   20 55 A7   JSR &A755
     A65D   F0 A6      BEQ &A605
     A65F   20 09 B0   JSR &B009
     A662   B0 9E      BCS &A602
     A664   20 34 A5   JSR &A534
     A667   A6 C4      LDX &C4
     A669   A5 C5      LDA &C5
     A66B   D0 DD      BNE &A64A
     A66D   E0 03      CPX #&03
     A66F   B0 D9      BCS &A64A
     A671   90 BE      BCC &A631
.rb9
     A673   20 69 A5   JSR &A569
     A676   20 16 A3   JSR &A316
     A679   4C A3 A6   JMP &A6A3
.rb5
     A67C   20 69 A5   JSR &A569
     A67F   24 C1      BIT &C1
     A681   10 08      BPL &A68B
     A683   A0 00      LDY #&00
     A685   20 B9 A2   JSR &A2B9
     A688   4C 94 A6   JMP &A694
.rbx1
     A68B   C6 C4      DEC &C4
     A68D   F0 05      BEQ &A694
     A68F   20 16 A3   JSR &A316
     A692   E6 BD      INC &BD
.rbx2
     A694   20 3B A3   JSR &A33B
     A697   98         TYA
     A698   49 FF      EOR #&FF
     A69A   A8         TAY
     A69B   C8         INY
     A69C   20 B9 A2   JSR &A2B9
     A69F   A5 C4      LDA &C4
     A6A1   D0 05      BNE &A6A8
.rbx4
     A6A3   A0 00      LDY #&00
     A6A5   20 B9 A2   JSR &A2B9
.rbx3
     A6A8   4C B7 A2   JMP &A2B7
.wb1_exit
     A6AB   60         RTS
.MMC_WriteBlock
     A6AC   4E A6 10   LSR &10A6
     A6AF   20 39 80   JSR &8039
     A6B2   20 B8 A6   JSR &A6B8
     A6B5   4C 43 80   JMP &8043
.wrblk
     A6B8   A6 C4      LDX &C4
     A6BA   D0 04      BNE &A6C0
     A6BC   A5 C5      LDA &C5
     A6BE   F0 EB      BEQ &A6AB
.wb1
     A6C0   A9 00      LDA #&00
     A6C2   20 D5 A5   JSR &A5D5
     A6C5   A6 C4      LDX &C4
     A6C7   66 BE      ROR &BE
     A6C9   6A         ROR A
     A6CA   06 BE      ASL &BE
     A6CC   48         PHA
     A6CD   20 30 A5   JSR &A530
     A6D0   68         PLA
     A6D1   10 37      BPL &A70A
     A6D3   A9 51      LDA #&51
     A6D5   8D 88 10   STA &1088
     A6D8   20 69 A5   JSR &A569
     A6DB   20 82 A3   JSR &A382
     A6DE   A0 00      LDY #&00
     A6E0   20 B9 A2   JSR &A2B9
     A6E3   A0 02      LDY #&02
     A6E5   20 B9 A2   JSR &A2B9
     A6E8   A9 58      LDA #&58
     A6EA   8D 88 10   STA &1088
     A6ED   20 80 A5   JSR &A580
     A6F0   20 FF A3   JSR &A3FF
     A6F3   20 DC A3   JSR &A3DC
     A6F6   20 B9 A3   JSR &A3B9
     A6F9   A9 FF      LDA #&FF
     A6FB   20 57 A7   JSR &A757
     A6FE   F0 AB      BEQ &A6AB
     A700   E6 BD      INC &BD
.wb4
     A702   20 09 B0   JSR &B009
     A705   B0 4A      BCS &A751
     A707   20 30 A5   JSR &A530
.wb2
     A70A   A5 C5      LDA &C5
     A70C   D0 2D      BNE &A73B
     A70E   A6 C4      LDX &C4
     A710   F0 3E      BEQ &A750
     A712   CA         DEX
     A713   D0 26      BNE &A73B
     A715   A9 51      LDA #&51
     A717   8D 88 10   STA &1088
     A71A   20 69 A5   JSR &A569
     A71D   A0 00      LDY #&00
     A71F   20 B9 A2   JSR &A2B9
     A722   20 82 A3   JSR &A382
     A725   A0 02      LDY #&02
     A727   20 B9 A2   JSR &A2B9
     A72A   A9 58      LDA #&58
     A72C   8D 88 10   STA &1088
     A72F   20 80 A5   JSR &A580
     A732   20 DC A3   JSR &A3DC
     A735   20 FF A3   JSR &A3FF
     A738   4C B9 A3   JMP &A3B9
.wb3
     A73B   20 80 A5   JSR &A580
     A73E   20 DC A3   JSR &A3DC
     A741   E6 BD      INC &BD
     A743   20 DC A3   JSR &A3DC
     A746   E6 BD      INC &BD
     A748   20 B9 A3   JSR &A3B9
     A74B   20 55 A7   JSR &A755
     A74E   D0 B2      BNE &A702
.wb5
     A750   60         RTS
.wb_err
     A751   6E A6 10   ROR &10A6
     A754   60         RTS
.dec_seccountby2
     A755   A9 FE      LDA #&FE
.dec_seccount
     A757   18         CLC
     A758   65 C4      ADC &C4
     A75A   85 C4      STA &C4
     A75C   AA         TAX
     A75D   A9 FF      LDA #&FF
     A75F   65 C5      ADC &C5
     A761   85 C5      STA &C5
     A763   05 C4      ORA &C4
     A765   60         RTS
.MMC_BEGIN2
     A766   20 F8 83   JSR &83F8
     A769   20 6F A7   JSR &A76F
     A76C   4C C2 A7   JMP &A7C2
.MMC_BEGIN1
     A76F   A2 0F      LDX #&0F
.begloop1
     A771   B5 BC      LDA &BC,X
     A773   9D 90 10   STA &1090,X
     A776   CA         DEX
     A777   10 F8      BPL &A771
     A779   20 AA A2   JSR &A2AA
     A77C   2C AF 10   BIT &10AF
     A77F   50 01      BVC &A782
     A781   60         RTS
.begX
     A782   20 43 A4   JSR &A443
     A785   B0 06      BCS &A78D
     A787   20 97 A7   JSR &A797
     A78A   4C 53 A8   JMP &A853
.carderr
     A78D   20 70 80   JSR &8070
     A790   FF
     A791   43 61 72 ...
     A796   00
.MMC_CheckCardID
     A797   20 7D A1   JSR &A17D
     A79A   AD E4 10   LDA &10E4
     A79D   F0 0D      BEQ &A7AC
     A79F   20 1C A5   JSR &A51C
     A7A2   CD EF 10   CMP &10EF
     A7A5   D0 06      BNE &A7AD
     A7A7   CC EE 10   CPY &10EE
     A7AA   D0 01      BNE &A7AD
.cid_x
     A7AC   60         RTS
.errCardChanged
     A7AD   A9 00      LDA #&00
     A7AF   8D AF 10   STA &10AF
     A7B2   20 70 80   JSR &8070
     A7B5   FF
     A7B6   57 72 6F ...
     A7C1   00
.MMC_END
     A7C2   A2 0F      LDX #&0F
.eloop0
     A7C4   BD 90 10   LDA &1090,X
     A7C7   95 BC      STA &BC,X
     A7C9   CA         DEX
     A7CA   10 F8      BPL &A7C4
     A7CC   60         RTS
Processed file 'MMC.asm' ok
.CMD_DABOUT
     A7CD   A2 00      LDX #&00
.loop
     A7CF   BD 09 80   LDA &8009,X
     A7D2   D0 02      BNE &A7D6
     A7D4   A9 0D      LDA #&0D
.print
     A7D6   20 E3 FF   JSR &FFE3
     A7D9   E8         INX
     A7DA   E0 2D      CPX #&2D
     A7DC   D0 F1      BNE &A7CF
     A7DE   60         RTS
Including file MM32.asm
.mm32_cmd_dbug
.l1
     A7DF   20 9D 80   JSR &809D
     A7E2   46 41 54 ...
     A7EB   A0 00      LDY #&00
     A7ED   20 29 A8   JSR &A829
     A7F0   20 9D 80   JSR &809D
     A7F3   44 41 54 ...
     A7FC   A0 02      LDY #&02
     A7FE   20 29 A8   JSR &A829
     A801   20 9D 80   JSR &809D
     A804   43 4C 55 ...
     A80D   A0 04      LDY #&04
     A80F   20 2F A8   JSR &A82F
     A812   A2 00      LDX #&00
.loop
     A814   8A         TXA
     A815   20 FF 80   JSR &80FF
     A818   A9 3A      LDA #&3A
     A81A   20 EE FF   JSR &FFEE
     A81D   20 38 A8   JSR &A838
     A820   20 E7 FF   JSR &FFE7
     A823   E8         INX
     A824   E0 03      CPX #&03
     A826   D0 EC      BNE &A814
     A828   60         RTS
.phex2
     A829   B9 E1 10   LDA &10E1,Y
     A82C   20 FF 80   JSR &80FF
.phex1
     A82F   B9 E0 10   LDA &10E0,Y
     A832   20 FF 80   JSR &80FF
     A835   4C E7 FF   JMP &FFE7
.mm32_pclust
     A838   BD EB 10   LDA &10EB,X
     A83B   20 FF 80   JSR &80FF
     A83E   BD E8 10   LDA &10E8,X
     A841   20 FF 80   JSR &80FF
     A844   BD E5 10   LDA &10E5,X
     A847   20 FF 80   JSR &80FF
     A84A   60         RTS
.mm32_readblock
     A84B   A9 FF      LDA #&FF
     A84D   8D 82 10   STA &1082
     A850   4C A7 A5   JMP &A5A7
.mm32_init_dos
     A853   20 7D A1   JSR &A17D
     A856   AD E4 10   LDA &10E4
     A859   F0 01      BEQ &A85C
     A85B   60         RTS
.init
     A85C   20 E3 A8   JSR &A8E3
     A85F   90 71      BCC &A8D2
     A861   AD 0C 0E   LDA &0E0C
     A864   C9 02      CMP #&02
     A866   D0 6A      BNE &A8D2
     A868   4D 2C 0E   EOR &0E2C
     A86B   0D 26 0E   ORA &0E26
     A86E   D0 62      BNE &A8D2
     A870   AD 25 0E   LDA &0E25
     A873   4A         LSR A
     A874   F0 5C      BEQ &A8D2
     A876   AD 0D 0E   LDA &0E0D
     A879   85 CB      STA &CB
     A87B   A5 C7      LDA &C7
     A87D   A4 C8      LDY &C8
     A87F   18         CLC
     A880   6D 0E 0E   ADC &0E0E
     A883   AA         TAX
     A884   98         TYA
     A885   6D 0F 0E   ADC &0E0F
     A888   B0 48      BCS &A8D2
     A88A   86 C7      STX &C7
     A88C   85 C8      STA &C8
.loop1
     A88E   A8         TAY
     A88F   8A         TXA
     A890   6D 24 0E   ADC &0E24
     A893   AA         TAX
     A894   98         TYA
     A895   6D 25 0E   ADC &0E25
     A898   B0 38      BCS &A8D2
     A89A   CE 10 0E   DEC &0E10
     A89D   D0 EF      BNE &A88E
     A89F   A8         TAY
     A8A0   0E 0D 0E   ASL &0E0D
     A8A3   8A         TXA
     A8A4   38         SEC
     A8A5   ED 0D 0E   SBC &0E0D
     A8A8   85 C9      STA &C9
     A8AA   98         TYA
     A8AB   E9 00      SBC #&00
     A8AD   85 CA      STA &CA
     A8AF   20 7D A1   JSR &A17D
     A8B2   20 1C A5   JSR &A51C
     A8B5   8D EF 10   STA &10EF
     A8B8   8C EE 10   STY &10EE
     A8BB   A0 05      LDY #&05
.loop2
     A8BD   B9 C6 00   LDA &00C6,Y
     A8C0   99 DF 10   STA &10DF,Y
     A8C3   88         DEY
     A8C4   D0 F7      BNE &A8BD
     A8C6   98         TYA
     A8C7   A0 08      LDY #&08
.loop3
     A8C9   99 E5 10   STA &10E5,Y
     A8CC   88         DEY
     A8CD   10 FA      BPL &A8C9
     A8CF   4C 91 A1   JMP &A191
.faterr
     A8D2   20 70 80   JSR &8070
     A8D5   FF
     A8D6   43 61 72 ...
     A8E2   00
.read_VBR
     A8E3   A9 00      LDA #&00
     A8E5   85 C7      STA &C7
     A8E7   85 C8      STA &C8
     A8E9   85 BE      STA &BE
     A8EB   85 BF      STA &BF
     A8ED   85 C0      STA &C0
     A8EF   20 24 A9   JSR &A924
     A8F2   90 41      BCC &A935
     A8F4   AD 00 0E   LDA &0E00
     A8F7   C9 EB      CMP #&EB
     A8F9   D0 0E      BNE &A909
     A8FB   AD 02 0E   LDA &0E02
     A8FE   C9 90      CMP #&90
     A900   D0 07      BNE &A909
     A902   AD 0C 0E   LDA &0E0C
     A905   C9 02      CMP #&02
     A907   F0 2C      BEQ &A935
.mbr
     A909   AD C6 0F   LDA &0FC6
     A90C   85 C7      STA &C7
     A90E   85 BE      STA &BE
     A910   AD C7 0F   LDA &0FC7
     A913   85 C8      STA &C8
     A915   85 BF      STA &BF
     A917   AD C8 0F   LDA &0FC8
     A91A   0D C9 0F   ORA &0FC9
     A91D   D0 17      BNE &A936
     A91F   85 C0      STA &C0
     A921   20 6E B0   JSR &B06E
.isfat
     A924   20 4B A8   JSR &A84B
     A927   AD FE 0F   LDA &0FFE
     A92A   C9 55      CMP #&55
     A92C   D0 08      BNE &A936
     A92E   AD FF 0F   LDA &0FFF
     A931   C9 AA      CMP #&AA
     A933   D0 01      BNE &A936
.ifx
     A935   60         RTS
.bad
     A936   18         CLC
     A937   60         RTS
.mm32_SECT_X_First
     A938   B9 E5 10   LDA &10E5,Y
     A93B   85 C8      STA &C8
     A93D   B9 E8 10   LDA &10E8,Y
     A940   85 C9      STA &C9
     A942   B9 EB 10   LDA &10EB,Y
     A945   85 C2      STA &C2
     A947   29 3F      AND #&3F
     A949   85 CA      STA &CA
     A94B   05 C8      ORA &C8
     A94D   05 C9      ORA &C9
     A94F   D0 0C      BNE &A95D
     A951   C0 02      CPY #&02
     A953   F0 04      BEQ &A959
     A955   24 C2      BIT &C2
     A957   10 0F      BPL &A968
.l1
     A959   A9 02      LDA #&02
     A95B   85 C8      STA &C8
.l2
     A95D   AD E4 10   LDA &10E4
     A960   85 CB      STA &CB
     A962   A9 00      LDA #&00
     A964   85 CE      STA &CE
     A966   B8         CLV
     A967   60         RTS
.l3
     A968   2C 6B A9   BIT &A96B
.l4
     A96B   60         RTS
.mm32_SECT_X_Next
     A96C   C6 CB      DEC &CB
     A96E   F0 02      BEQ &A972
     A970   18         CLC
     A971   60         RTS
.l1
     A972   20 7B A9   JSR &A97B
     A975   AD E4 10   LDA &10E4
     A978   85 CB      STA &CB
     A97A   60         RTS
.next_cluster
     A97B   20 21 84   JSR &8421
     A97E   C6 CE      DEC &CE
     A980   10 1D      BPL &A99F
     A982   AD AE 10   LDA &10AE
     A985   48         PHA
     A986   A5 BC      LDA &BC
     A988   48         PHA
     A989   A5 BD      LDA &BD
     A98B   48         PHA
     A98C   A5 C6      LDA &C6
     A98E   48         PHA
     A98F   20 C2 A9   JSR &A9C2
     A992   68         PLA
     A993   85 C6      STA &C6
     A995   68         PLA
     A996   85 BD      STA &BD
     A998   68         PLA
     A999   85 BC      STA &BC
     A99B   68         PLA
     A99C   8D AE 10   STA &10AE
.l1
     A99F   18         CLC
     A9A0   A5 CE      LDA &CE
     A9A2   F0 12      BEQ &A9B6
     A9A4   E6 C8      INC &C8
     A9A6   D0 0D      BNE &A9B5
     A9A8   E6 C9      INC &C9
     A9AA   D0 09      BNE &A9B5
     A9AC   E6 CA      INC &CA
.l2
     A9AE   A5 CA      LDA &CA
     A9B0   29 C0      AND #&C0
     A9B2   F0 01      BEQ &A9B5
     A9B4   38         SEC
.l3
     A9B5   60         RTS
.l4
     A9B6   A2 02      LDX #&02
.loop1
     A9B8   BD A0 10   LDA &10A0,X
     A9BB   95 C8      STA &C8,X
     A9BD   CA         DEX
     A9BE   10 F8      BPL &A9B8
     A9C0   30 EC      BMI &A9AE
.read_fat
     A9C2   A5 C8      LDA &C8
     A9C4   0A         ASL A
     A9C5   85 CB      STA &CB
     A9C7   A5 C9      LDA &C9
     A9C9   2A         ROL A
     A9CA   A8         TAY
     A9CB   A5 CA      LDA &CA
     A9CD   2A         ROL A
     A9CE   AA         TAX
     A9CF   98         TYA
     A9D0   6D E0 10   ADC &10E0
     A9D3   85 BE      STA &BE
     A9D5   8A         TXA
     A9D6   6D E1 10   ADC &10E1
     A9D9   85 BF      STA &BF
     A9DB   A9 00      LDA #&00
     A9DD   8D AE 10   STA &10AE
     A9E0   85 C0      STA &C0
     A9E2   20 6E B0   JSR &B06E
     A9E5   20 39 80   JSR &8039
     A9E8   20 34 A5   JSR &A534
     A9EB   20 69 A5   JSR &A569
     A9EE   A9 A0      LDA #&A0
     A9F0   85 BC      STA &BC
     A9F2   A9 10      LDA #&10
     A9F4   85 BD      STA &BD
     A9F6   A5 CB      LDA &CB
     A9F8   20 41 AA   JSR &AA41
.loop1
     A9FB   E6 CE      INC &CE
     A9FD   A9 04      LDA #&04
     A9FF   85 C6      STA &C6
     AA01   20 3B A3   JSR &A33B
     AA04   E6 CB      INC &CB
     AA06   E6 CB      INC &CB
     AA08   F0 31      BEQ &AA3B
     AA0A   38         SEC
     AA0B   AD A2 10   LDA &10A2
     AA0E   29 C0      AND #&C0
     AA10   0D A3 10   ORA &10A3
     AA13   D0 1B      BNE &AA30
     AA15   AD A0 10   LDA &10A0
     AA18   E5 C8      SBC &C8
     AA1A   A8         TAY
     AA1B   AD A1 10   LDA &10A1
     AA1E   E5 C9      SBC &C9
     AA20   D0 11      BNE &AA33
     AA22   AD A2 10   LDA &10A2
     AA25   E5 CA      SBC &CA
     AA27   D0 0A      BNE &AA33
     AA29   88         DEY
     AA2A   C4 CE      CPY &CE
     AA2C   F0 CD      BEQ &A9FB
     AA2E   D0 03      BNE &AA33
.l2
     AA30   6E A2 10   ROR &10A2
.l3
     AA33   38         SEC
     AA34   A9 00      LDA #&00
     AA36   E5 CB      SBC &CB
     AA38   20 41 AA   JSR &AA41
.l4
     AA3B   20 B7 A2   JSR &A2B7
     AA3E   4C 43 80   JMP &8043
.clocks
     AA41   0A         ASL A
     AA42   48         PHA
     AA43   90 05      BCC &AA4A
     AA45   A0 00      LDY #&00
     AA47   20 B9 A2   JSR &A2B9
.l1
     AA4A   68         PLA
     AA4B   F0 04      BEQ &AA51
     AA4D   A8         TAY
     AA4E   4C B9 A2   JMP &A2B9
.l2
     AA51   60         RTS
.mm32_Scan_Dir
     AA52   A0 02      LDY #&02
     AA54   20 38 A9   JSR &A938
.loop1
     AA57   20 30 B0   JSR &B030
     AA5A   B0 0F      BCS &AA6B
     AA5C   20 4B A8   JSR &A84B
     AA5F   20 6C AA   JSR &AA6C
     AA62   90 07      BCC &AA6B
     AA64   F0 05      BEQ &AA6B
     AA66   20 6C A9   JSR &A96C
     AA69   90 EC      BCC &AA57
.exit
     AA6B   60         RTS
.scan_block
     AA6C   A9 00      LDA #&00
     AA6E   85 AB      STA &AB
     AA70   85 B0      STA &B0
     AA72   A9 0E      LDA #&0E
.loop1
     AA74   85 B1      STA &B1
.loop2
     AA76   A0 00      LDY #&00
     AA78   B1 B0      LDA (&B0),Y
     AA7A   F0 75      BEQ &AAF1
     AA7C   30 5F      BMI &AADD
     AA7E   C9 21      CMP #&21
     AA80   90 5B      BCC &AADD
     AA82   A0 15      LDY #&15
     AA84   B1 B0      LDA (&B0),Y
     AA86   29 0F      AND #&0F
     AA88   D0 53      BNE &AADD
     AA8A   88         DEY
     AA8B   B1 B0      LDA (&B0),Y
     AA8D   29 F0      AND #&F0
     AA8F   D0 4C      BNE &AADD
     AA91   A0 0B      LDY #&0B
     AA93   B1 B0      LDA (&B0),Y
     AA95   29 0E      AND #&0E
     AA97   D0 44      BNE &AADD
     AA99   B1 B0      LDA (&B0),Y
     AA9B   4A         LSR A
     AA9C   29 08      AND #&08
     AA9E   85 B8      STA &B8
     AAA0   F0 04      BEQ &AAA6
     AAA2   A9 80      LDA #&80
     AAA4   D0 0C      BNE &AAB2
.l1
     AAA6   24 B2      BIT &B2
     AAA8   30 33      BMI &AADD
     AAAA   6A         ROR A
     AAAB   85 B9      STA &B9
     AAAD   20 CA AB   JSR &ABCA
     AAB0   05 B9      ORA &B9
.l2
     AAB2   85 B9      STA &B9
     AAB4   20 5A AB   JSR &AB5A
     AAB7   20 F7 AB   JSR &ABF7
     AABA   B0 21      BCS &AADD
     AABC   A5 AA      LDA &AA
     AABE   F0 14      BEQ &AAD4
     AAC0   C9 03      CMP #&03
     AAC2   D0 03      BNE &AAC7
     AAC4   4C 26 AB   JMP &AB26
.lock_or_unlock
     AAC7   C9 02      CMP #&02
     AAC9   F0 06      BEQ &AAD1
     AACB   20 15 AB   JSR &AB15
     AACE   4C D4 AA   JMP &AAD4
.lock
     AAD1   20 04 AB   JSR &AB04
.s1
     AAD4   24 B7      BIT &B7
     AAD6   30 02      BMI &AADA
     AAD8   18         CLC
     AAD9   60         RTS
.logging
     AADA   20 85 AB   JSR &AB85
.skip
     AADD   20 9E 8C   JSR &8C9E
     AAE0   18         CLC
     AAE1   A5 B0      LDA &B0
     AAE3   69 20      ADC #&20
     AAE5   85 B0      STA &B0
     AAE7   90 8D      BCC &AA76
     AAE9   A5 B1      LDA &B1
     AAEB   69 00      ADC #&00
     AAED   C9 0F      CMP #&0F
     AAEF   F0 83      BEQ &AA74
.exit
     AAF1   08         PHP
     AAF2   48         PHA
     AAF3   A5 AB      LDA &AB
     AAF5   C9 FF      CMP #&FF
     AAF7   D0 03      BNE &AAFC
     AAF9   20 BE A5   JSR &A5BE
.nowrite
     AAFC   A0 00      LDY #&00
     AAFE   84 AB      STY &AB
     AB00   68         PLA
     AB01   28         PLP
     AB02   38         SEC
     AB03   60         RTS
.lock_fat_file
     AB04   A9 80      LDA #&80
     AB06   85 B9      STA &B9
     AB08   A0 0B      LDY #&0B
     AB0A   B1 B0      LDA (&B0),Y
     AB0C   09 01      ORA #&01
     AB0E   91 B0      STA (&B0),Y
     AB10   A9 FF      LDA #&FF
     AB12   85 AB      STA &AB
     AB14   60         RTS
.unlock_fat_file
     AB15   A9 00      LDA #&00
     AB17   85 B9      STA &B9
     AB19   A0 0B      LDY #&0B
     AB1B   B1 B0      LDA (&B0),Y
     AB1D   29 FE      AND #&FE
     AB1F   91 B0      STA (&B0),Y
     AB21   A9 FF      LDA #&FF
     AB23   85 AB      STA &AB
     AB25   60         RTS
.rename_fat_file
     AB26   A2 21      LDX #&21
     AB28   A0 00      LDY #&00
     AB2A   A9 2E      LDA #&2E
     AB2C   85 BA      STA &BA
     AB2E   A9 08      LDA #&08
     AB30   20 39 AB   JSR &AB39
     AB33   A9 02      LDA #&02
     AB35   85 BA      STA &BA
     AB37   A9 0B      LDA #&0B
.copy_and_pad_with_spaces
     AB39   85 BB      STA &BB
.loop
     AB3B   BD 00 10   LDA &1000,X
     AB3E   E8         INX
     AB3F   C5 BA      CMP &BA
     AB41   F0 0E      BEQ &AB51
     AB43   C4 BB      CPY &BB
     AB45   F0 F4      BEQ &AB3B
     AB47   91 B0      STA (&B0),Y
     AB49   C8         INY
     AB4A   D0 EF      BNE &AB3B
.padloop
     AB4C   A9 20      LDA #&20
     AB4E   91 B0      STA (&B0),Y
     AB50   C8         INY
.pad
     AB51   C4 BB      CPY &BB
     AB53   D0 F7      BNE &AB4C
     AB55   20 BE A5   JSR &A5BE
     AB58   18         CLC
     AB59   60         RTS
.copy_name
     AB5A   A2 01      LDX #&01
     AB5C   A0 00      LDY #&00
.loop1
     AB5E   B1 B0      LDA (&B0),Y
     AB60   C9 21      CMP #&21
     AB62   90 04      BCC &AB68
     AB64   9D 00 10   STA &1000,X
     AB67   E8         INX
.l1
     AB68   C8         INY
     AB69   C0 08      CPY #&08
     AB6B   D0 06      BNE &AB73
.l11
     AB6D   A9 2E      LDA #&2E
     AB6F   9D 00 10   STA &1000,X
     AB72   E8         INX
.l2
     AB73   C0 0B      CPY #&0B
     AB75   D0 E7      BNE &AB5E
.l3
     AB77   A9 02      LDA #&02
     AB79   8D 00 10   STA &1000
     AB7C   9D 00 10   STA &1000,X
     AB7F   A9 00      LDA #&00
     AB81   9D 01 10   STA &1001,X
     AB84   60         RTS
.print_dir_entry
     AB85   A2 03      LDX #&03
     AB87   20 C3 AB   JSR &ABC3
     AB8A   A2 20      LDX #&20
     AB8C   A5 B8      LDA &B8
     AB8E   F0 02      BEQ &AB92
     AB90   A2 2F      LDX #&2F
.l99
     AB92   8A         TXA
     AB93   A0 01      LDY #&01
     AB95   A2 0E      LDX #&0E
.loop1
     AB97   20 E0 80   JSR &80E0
     AB9A   B9 00 10   LDA &1000,Y
     AB9D   C9 20      CMP #&20
     AB9F   90 11      BCC &ABB2
     ABA1   C9 2E      CMP #&2E
     ABA3   F0 04      BEQ &ABA9
.l0
     ABA5   CA         DEX
     ABA6   C8         INY
     ABA7   D0 EE      BNE &AB97
.l1
     ABA9   B9 01 10   LDA &1001,Y
     ABAC   C9 20      CMP #&20
     ABAE   A9 2E      LDA #&2E
     ABB0   B0 F3      BCS &ABA5
.lx
     ABB2   20 C3 AB   JSR &ABC3
     ABB5   A9 4C      LDA #&4C
     ABB7   24 B9      BIT &B9
     ABB9   30 02      BMI &ABBD
     ABBB   A9 20      LDA #&20
.l00
     ABBD   20 E0 80   JSR &80E0
     ABC0   4C D7 80   JMP &80D7
.lspc
     ABC3   20 D7 80   JSR &80D7
     ABC6   CA         DEX
     ABC7   D0 FA      BNE &ABC3
     ABC9   60         RTS
.is_XSD
     ABCA   A0 0B      LDY #&0B
     ABCC   B1 B0      LDA (&B0),Y
     ABCE   29 10      AND #&10
     ABD0   D0 19      BNE &ABEB
     ABD2   A2 FF      LDX #&FF
.loop1
     ABD4   A0 08      LDY #&08
     ABD6   18         CLC
.loop2
     ABD7   E8         INX
     ABD8   BD EE AB   LDA &ABEE,X
     ABDB   30 0A      BMI &ABE7
     ABDD   F0 0C      BEQ &ABEB
     ABDF   51 B0      EOR (&B0),Y
     ABE1   F0 01      BEQ &ABE4
     ABE3   38         SEC
.x1
     ABE4   C8         INY
     ABE5   D0 F0      BNE &ABD7
.x2
     ABE7   B0 EB      BCS &ABD4
     ABE9   0A         ASL A
     ABEA   60         RTS
.l2
     ABEB   A9 80      LDA #&80
     ABED   60         RTS
.ext_table
     ABEE   53 53 44 
     ABF1   80
     ABF2   44 53 44 
     ABF5   A0
     ABF6   00         BRK
.dir_match
     ABF7   A2 0F      LDX #&0F
     ABF9   A0 00      LDY #&00
.l00
     ABFB   E8         INX
     ABFC   86 BA      STX &BA
.l0
     ABFE   84 BB      STY &BB
.l1
     AC00   BD 00 10   LDA &1000,X
     AC03   F0 19      BEQ &AC1E
     AC05   C9 01      CMP #&01
     AC07   F0 F2      BEQ &ABFB
     AC09   B9 00 10   LDA &1000,Y
     AC0C   F0 11      BEQ &AC1F
     AC0E   DD 00 10   CMP &1000,X
     AC11   D0 04      BNE &AC17
     AC13   C8         INY
     AC14   E8         INX
     AC15   D0 E9      BNE &AC00
.l2
     AC17   A6 BA      LDX &BA
     AC19   A4 BB      LDY &BB
     AC1B   C8         INY
     AC1C   D0 E0      BNE &ABFE
.ex1
     AC1E   18         CLC
.ex2
     AC1F   60         RTS
.mm32_param_count
     AC20   A9 00      LDA #&00
.mm32_param_count_a
     AC22   48         PHA
     AC23   98         TYA
     AC24   48         PHA
     AC25   A2 00      LDX #&00
.loop1
     AC27   20 C5 81   JSR &81C5
     AC2A   F0 08      BEQ &AC34
     AC2C   E8         INX
.loop2
     AC2D   20 AA 81   JSR &81AA
     AC30   90 FB      BCC &AC2D
     AC32   B0 F3      BCS &AC27
.l1
     AC34   68         PLA
     AC35   A8         TAY
     AC36   68         PLA
     AC37   10 03      BPL &AC3C
     AC39   CA         DEX
     AC3A   30 0A      BMI &AC46
.l2
     AC3C   E0 01      CPX #&01
     AC3E   F0 05      BEQ &AC45
     AC40   B0 04      BCS &AC46
     AC42   6A         ROR A
     AC43   B0 01      BCS &AC46
.l3
     AC45   60         RTS
.err
     AC46   4C 9A 9A   JMP &9A9A
.mm32_param_drive
     AC49   90 10      BCC &AC5B
     AC4B   20 C5 81   JSR &81C5
     AC4E   20 10 8C   JSR &8C10
     AC51   20 AA 81   JSR &81AA
     AC54   A5 CD      LDA &CD
     AC56   B0 06      BCS &AC5E
     AC58   4C 20 8C   JMP &8C20
.l1
     AC5B   AD CA 10   LDA &10CA
.l2
     AC5E   29 01      AND #&01
     AC60   85 CD      STA &CD
     AC62   60         RTS
.mm32_param_filename
     AC63   66 B7      ROR &B7
     AC65   A2 01      LDX #&01
     AC67   86 B2      STX &B2
     AC69   86 B3      STX &B3
     AC6B   86 B4      STX &B4
     AC6D   86 B5      STX &B5
     AC6F   20 C5 81   JSR &81C5
     AC72   F0 48      BEQ &ACBC
.loop1
     AC74   20 AA 81   JSR &81AA
     AC77   B0 43      BCS &ACBC
     AC79   C9 2F      CMP #&2F
     AC7B   D0 09      BNE &AC86
     AC7D   66 B2      ROR &B2
     AC7F   D0 F3      BNE &AC74
.loop2
     AC81   20 AA 81   JSR &81AA
     AC84   B0 36      BCS &ACBC
.l0
     AC86   24 B7      BIT &B7
     AC88   10 0E      BPL &AC98
     AC8A   C9 2A      CMP #&2A
     AC8C   D0 0A      BNE &AC98
     AC8E   24 B3      BIT &B3
     AC90   30 EF      BMI &AC81
     AC92   66 B3      ROR &B3
     AC94   A9 01      LDA #&01
     AC96   D0 1B      BNE &ACB3
.l1
     AC98   46 B3      LSR &B3
     AC9A   C9 2E      CMP #&2E
     AC9C   D0 08      BNE &ACA6
     AC9E   24 B5      BIT &B5
     ACA0   10 11      BPL &ACB3
     ACA2   66 B4      ROR &B4
     ACA4   30 0D      BMI &ACB3
.l2
     ACA6   38         SEC
     ACA7   66 B5      ROR &B5
     ACA9   C9 61      CMP #&61
     ACAB   90 06      BCC &ACB3
     ACAD   C9 7B      CMP #&7B
     ACAF   B0 02      BCS &ACB3
     ACB1   49 20      EOR #&20
.l3
     ACB3   9D 10 10   STA &1010,X
     ACB6   E8         INX
     ACB7   E0 10      CPX #&10
     ACB9   D0 C6      BNE &AC81
     ACBB   60         RTS
.exloop
     ACBC   CA         DEX
     ACBD   F0 18      BEQ &ACD7
     ACBF   24 B7      BIT &B7
     ACC1   30 0A      BMI &ACCD
     ACC3   24 B4      BIT &B4
     ACC5   30 06      BMI &ACCD
     ACC7   A9 2E      LDA #&2E
     ACC9   9D 11 10   STA &1011,X
     ACCC   E8         INX
.lx1
     ACCD   A9 02      LDA #&02
     ACCF   8D 10 10   STA &1010
     ACD2   E8         INX
     ACD3   9D 10 10   STA &1010,X
     ACD6   E8         INX
.lx2
     ACD7   A9 00      LDA #&00
     ACD9   9D 10 10   STA &1010,X
     ACDC   AD 10 10   LDA &1010
     ACDF   18         CLC
     ACE0   60         RTS
.mm32_swap_str_16_32
     ACE1   A2 10      LDX #&10
.loop
     ACE3   BD 0F 10   LDA &100F,X
     ACE6   48         PHA
     ACE7   BD 1F 10   LDA &101F,X
     ACEA   9D 0F 10   STA &100F,X
     ACED   68         PLA
     ACEE   9D 1F 10   STA &101F,X
     ACF1   CA         DEX
     ACF2   D0 EF      BNE &ACE3
     ACF4   60         RTS
.mm32_cmd_dcat
     ACF5   20 20 AC   JSR &AC20
     ACF8   38         SEC
     ACF9   20 63 AC   JSR &AC63
     ACFC   A9 00      LDA #&00
     ACFE   85 AA      STA &AA
     AD00   20 52 AA   JSR &AA52
     AD03   A9 86      LDA #&86
     AD05   20 F4 FF   JSR &FFF4
     AD08   E0 00      CPX #&00
     AD0A   F0 03      BEQ &AD0F
     AD0C   20 7F 83   JSR &837F
.dcEven
     AD0F   60         RTS
.mm32_cmd_dboot
     AD10   A9 00      LDA #&00
     AD12   85 CD      STA &CD
     AD14   20 20 AC   JSR &AC20
     AD17   B0 11      BCS &AD2A
     AD19   A2 00      LDX #&00
.loop
     AD1B   BD 37 AD   LDA &AD37,X
     AD1E   9D 10 10   STA &1010,X
     AD21   F0 03      BEQ &AD26
     AD23   E8         INX
     AD24   D0 F5      BNE &AD1B
.l1
     AD26   85 B7      STA &B7
     AD28   85 B2      STA &B2
.l2
     AD2A   A9 00      LDA #&00
     AD2C   20 B0 AD   JSR &ADB0
     AD2F   90 01      BCC &AD32
     AD31   60         RTS
.l3
     AD32   A9 00      LDA #&00
     AD34   4C FF 8C   JMP &8CFF
.bootdisk
     AD37   02
     AD38   42 4F 4F ...
     AD3D   02
     AD3E   00
.mm32_cmd_din
     AD3F   A9 80      LDA #&80
     AD41   20 22 AC   JSR &AC22
     AD44   20 49 AC   JSR &AC49
     AD47   A9 00      LDA #&00
     AD49   4C AF AD   JMP &ADAF
.mm32_cmd_autoload
     AD4C   A2 00      LDX #&00
     AD4E   86 CD      STX &CD
.loop
     AD50   BD 66 AD   LDA &AD66,X
     AD53   9D 10 10   STA &1010,X
     AD56   F0 03      BEQ &AD5B
     AD58   E8         INX
     AD59   D0 F5      BNE &AD50
.l1
     AD5B   85 B7      STA &B7
     AD5D   85 B2      STA &B2
     AD5F   18         CLC
     AD60   A9 02      LDA #&02
     AD62   4C B0 AD   JMP &ADB0
     AD65   60         RTS
.bootdisk
     AD66   02
     AD67   42 4F 4F ...
     AD6C   02
     AD6D   00
.mm32_add_ssd_ext
     AD6E   A0 01      LDY #&01
.l0
     AD70   B9 10 10   LDA &1010,Y
     AD73   C8         INY
     AD74   C9 2E      CMP #&2E
     AD76   D0 F8      BNE &AD70
.s1
     AD78   A9 53      LDA #&53
     AD7A   99 10 10   STA &1010,Y
     AD7D   99 11 10   STA &1011,Y
     AD80   A9 44      LDA #&44
     AD82   99 12 10   STA &1012,Y
     AD85   A9 02      LDA #&02
     AD87   99 13 10   STA &1013,Y
     AD8A   A9 00      LDA #&00
     AD8C   99 14 10   STA &1014,Y
     AD8F   60         RTS
.mm32_upd_dsktbl
     AD90   A2 00      LDX #&00
     AD92   A5 CD      LDA &CD
     AD94   0A         ASL A
     AD95   0A         ASL A
     AD96   0A         ASL A
     AD97   0A         ASL A
     AD98   A8         TAY
.l0
     AD99   BD 10 10   LDA &1010,X
     AD9C   99 C0 11   STA &11C0,Y
     AD9F   E8         INX
     ADA0   C8         INY
     ADA1   E0 10      CPX #&10
     ADA3   D0 F4      BNE &AD99
     ADA5   60         RTS
.mm32_cmd_ddir
     ADA6   20 20 AC   JSR &AC20
     ADA9   A9 02      LDA #&02
     ADAB   85 CD      STA &CD
     ADAD   A9 01      LDA #&01
.mm32_chain_open
     ADAF   38         SEC
.mm32_chain_open2
     ADB0   48         PHA
     ADB1   90 08      BCC &ADBB
     ADB3   18         CLC
     ADB4   20 63 AC   JSR &AC63
     ADB7   B0 33      BCS &ADEC
     ADB9   F0 65      BEQ &AE20
.l0
     ADBB   A5 CD      LDA &CD
     ADBD   C9 02      CMP #&02
     ADBF   66 B2      ROR &B2
     ADC1   A9 00      LDA #&00
     ADC3   85 AA      STA &AA
     ADC5   20 52 AA   JSR &AA52
     ADC8   90 2C      BCC &ADF6
     ADCA   68         PLA
     ADCB   48         PHA
     ADCC   29 01      AND #&01
     ADCE   D0 1C      BNE &ADEC
     ADD0   20 6E AD   JSR &AD6E
     ADD3   20 52 AA   JSR &AA52
     ADD6   90 1E      BCC &ADF6
.mm32_change_ext_dsd
     ADD8   A0 01      LDY #&01
.l0
     ADDA   B9 10 10   LDA &1010,Y
     ADDD   C8         INY
     ADDE   C9 2E      CMP #&2E
     ADE0   D0 F8      BNE &ADDA
.s1
     ADE2   A9 44      LDA #&44
     ADE4   99 10 10   STA &1010,Y
     ADE7   20 52 AA   JSR &AA52
     ADEA   90 0A      BCC &ADF6
.notfound
     ADEC   68         PLA
     ADED   29 02      AND #&02
     ADEF   F0 02      BEQ &ADF3
     ADF1   38         SEC
     ADF2   60         RTS
.notautoload
     ADF3   4C 42 82   JMP &8242
.found
     ADF6   68         PLA
     ADF7   48         PHA
     ADF8   29 01      AND #&01
     ADFA   F0 06      BEQ &AE02
     ADFC   68         PLA
     ADFD   A5 B8      LDA &B8
     ADFF   D0 28      BNE &AE29
     AE01   60         RTS
.file
     AE02   68         PLA
     AE03   A6 B8      LDX &B8
     AE05   F0 22      BEQ &AE29
     AE07   29 02      AND #&02
     AE09   F0 02      BEQ &AE0D
     AE0B   38         SEC
     AE0C   60         RTS
.notautoload2
     AE0D   20 70 80   JSR &8070
     AE10   D6
     AE11   49 73 20 ...
     AE1D   00
     AE1E   EA         NOP
     AE1F   60         RTS
.zerolen
     AE20   68         PLA
     AE21   A5 B2      LDA &B2
     AE23   29 80      AND #&80
     AE25   A8         TAY
     AE26   4C 95 AE   JMP &AE95
.okay
     AE29   20 90 AD   JSR &AD90
     AE2C   A0 1A      LDY #&1A
     AE2E   B1 B0      LDA (&B0),Y
     AE30   85 B7      STA &B7
     AE32   C8         INY
     AE33   B1 B0      LDA (&B0),Y
     AE35   85 B8      STA &B8
     AE37   A0 14      LDY #&14
     AE39   B1 B0      LDA (&B0),Y
     AE3B   05 B9      ORA &B9
     AE3D   85 B9      STA &B9
     AE3F   A5 CD      LDA &CD
     AE41   C9 02      CMP #&02
     AE43   F0 1D      BEQ &AE62
     AE45   49 01      EOR #&01
     AE47   AA         TAX
     AE48   A5 B7      LDA &B7
     AE4A   DD E5 10   CMP &10E5,X
     AE4D   D0 13      BNE &AE62
     AE4F   A5 B8      LDA &B8
     AE51   DD E8 10   CMP &10E8,X
     AE54   D0 0C      BNE &AE62
     AE56   A5 B9      LDA &B9
     AE58   DD EB 10   CMP &10EB,X
     AE5B   D0 05      BNE &AE62
     AE5D   A0 00      LDY #&00
     AE5F   20 97 AE   JSR &AE97
.l1
     AE62   20 7D A1   JSR &A17D
     AE65   A6 CD      LDX &CD
     AE67   A5 B7      LDA &B7
     AE69   9D E5 10   STA &10E5,X
     AE6C   A5 B8      LDA &B8
     AE6E   9D E8 10   STA &10E8,X
     AE71   A5 B9      LDA &B9
     AE73   9D EB 10   STA &10EB,X
     AE76   4C 91 A1   JMP &A191
.mm32_cmd_dout
     AE79   20 20 AC   JSR &AC20
     AE7C   20 49 AC   JSR &AC49
     AE7F   A2 00      LDX #&00
     AE81   A5 CD      LDA &CD
     AE83   0A         ASL A
     AE84   0A         ASL A
     AE85   0A         ASL A
     AE86   0A         ASL A
     AE87   A8         TAY
     AE88   A9 20      LDA #&20
.s0
     AE8A   99 C0 11   STA &11C0,Y
     AE8D   E8         INX
     AE8E   C8         INY
     AE8F   E0 10      CPX #&10
     AE91   D0 F7      BNE &AE8A
     AE93   A0 00      LDY #&00
.mm32_clear_cluster_index
     AE95   A6 CD      LDX &CD
.mm32_clear_cluster_index_x
     AE97   20 7D A1   JSR &A17D
     AE9A   A9 00      LDA #&00
     AE9C   9D E5 10   STA &10E5,X
     AE9F   9D E8 10   STA &10E8,X
     AEA2   98         TYA
     AEA3   9D EB 10   STA &10EB,X
     AEA6   4C 91 A1   JMP &A191
.mm32_cmd_ddrive
     AEA9   A0 00      LDY #&00
.l1
     AEAB   98         TYA
     AEAC   48         PHA
     AEAD   A9 3A      LDA #&3A
     AEAF   20 EE FF   JSR &FFEE
     AEB2   68         PLA
     AEB3   48         PHA
     AEB4   18         CLC
     AEB5   69 30      ADC #&30
     AEB7   20 EE FF   JSR &FFEE
     AEBA   A9 20      LDA #&20
     AEBC   20 EE FF   JSR &FFEE
     AEBF   68         PLA
     AEC0   48         PHA
     AEC1   0A         ASL A
     AEC2   0A         ASL A
     AEC3   0A         ASL A
     AEC4   0A         ASL A
     AEC5   AA         TAX
     AEC6   A0 00      LDY #&00
     AEC8   BD C0 11   LDA &11C0,X
     AECB   C9 02      CMP #&02
     AECD   D0 1C      BNE &AEEB
     AECF   E8         INX
.l2
     AED0   BD C0 11   LDA &11C0,X
     AED3   C9 02      CMP #&02
     AED5   F0 09      BEQ &AEE0
     AED7   20 EE FF   JSR &FFEE
     AEDA   E8         INX
     AEDB   C8         INY
     AEDC   C0 10      CPY #&10
     AEDE   D0 F0      BNE &AED0
.s1
     AEE0   20 7F 83   JSR &837F
     AEE3   68         PLA
     AEE4   A8         TAY
     AEE5   C8         INY
     AEE6   C0 02      CPY #&02
     AEE8   D0 C1      BNE &AEAB
     AEEA   60         RTS
.empty
     AEEB   20 9D 80   JSR &809D
     AEEE   3C 45 6D ...
     AEF5   EA         NOP
     AEF6   4C E0 AE   JMP &AEE0
.mm32_cmd_daccess
     AEF9   A9 80      LDA #&80
     AEFB   20 22 AC   JSR &AC22
     AEFE   38         SEC
     AEFF   20 63 AC   JSR &AC63
     AF02   A2 01      LDX #&01
     AF04   20 C5 81   JSR &81C5
     AF07   D0 14      BNE &AF1D
.gotflag
     AF09   86 AA      STX &AA
     AF0B   20 52 AA   JSR &AA52
     AF0E   A9 86      LDA #&86
     AF10   20 F4 FF   JSR &FFF4
     AF13   E0 00      CPX #&00
     AF15   F0 03      BEQ &AF1A
     AF17   20 7F 83   JSR &837F
.dcEven
     AF1A   60         RTS
.parmloop
     AF1B   A2 02      LDX #&02
.getparm
     AF1D   20 AA 81   JSR &81AA
     AF20   B0 E7      BCS &AF09
     AF22   29 5F      AND #&5F
     AF24   C9 4C      CMP #&4C
     AF26   F0 F3      BEQ &AF1B
.errbadparm
     AF28   20 56 80   JSR &8056
     AF2B   CF
     AF2C   61 74 74 ...
     AF35   00
.mm32_cmd_drename
     AF36   A9 81      LDA #&81
     AF38   20 22 AC   JSR &AC22
     AF3B   18         CLC
     AF3C   20 63 AC   JSR &AC63
     AF3F   20 E1 AC   JSR &ACE1
     AF42   18         CLC
     AF43   20 63 AC   JSR &AC63
     AF46   20 72 AF   JSR &AF72
     AF49   90 16      BCC &AF61
     AF4B   A9 00      LDA #&00
     AF4D   85 AA      STA &AA
     AF4F   20 52 AA   JSR &AA52
     AF52   90 10      BCC &AF64
     AF54   20 E1 AC   JSR &ACE1
     AF57   A9 03      LDA #&03
     AF59   85 AA      STA &AA
     AF5B   20 52 AA   JSR &AA52
     AF5E   B0 0F      BCS &AF6F
     AF60   60         RTS
.badname
     AF61   4C 86 81   JMP &8186
.destexists
     AF64   20 60 80   JSR &8060
     AF67   C4
     AF68   45 78 69 ...
     AF6E   00
.notfound
     AF6F   4C 42 82   JMP &8242
.mm32_check_filename
     AF72   AD 10 10   LDA &1010
     AF75   C9 02      CMP #&02
     AF77   D0 2B      BNE &AFA4
     AF79   AD 11 10   LDA &1011
     AF7C   C9 2E      CMP #&2E
     AF7E   F0 24      BEQ &AFA4
     AF80   A2 01      LDX #&01
     AF82   86 BA      STX &BA
.checknameloop
     AF84   BD 10 10   LDA &1010,X
     AF87   E8         INX
     AF88   E0 11      CPX #&11
     AF8A   F0 18      BEQ &AFA4
     AF8C   C9 02      CMP #&02
     AF8E   F0 15      BEQ &AFA5
     AF90   C9 2E      CMP #&2E
     AF92   D0 04      BNE &AF98
     AF94   C6 BA      DEC &BA
     AF96   30 0C      BMI &AFA4
.notdot
     AF98   A0 0E      LDY #&0E
.checkcharloop
     AF9A   D9 A5 AF   CMP &AFA5,Y
     AF9D   F0 05      BEQ &AFA4
     AF9F   88         DEY
     AFA0   D0 F8      BNE &AF9A
     AFA2   F0 E0      BEQ &AF84
.badname
     AFA4   18         CLC
.checknameend
     AFA5   60         RTS
.invalid_chars
     AFA6   22
     AFA7   2A
     AFA8   2B
     AFA9   2C
     AFAA   2F
     AFAB   3A
     AFAC   3B
     AFAD   3C
     AFAE   3D
     AFAF   3E
     AFB0   3F
     AFB1   5B
     AFB2   5C
     AFB3   5D
.invalid_chars_end
.mm32_disk_seek_sector
     AFB4   8C A5 10   STY &10A5
     AFB7   8D A4 10   STA &10A4
     AFBA   A5 CD      LDA &CD
     AFBC   29 01      AND #&01
     AFBE   A8         TAY
     AFBF   20 38 A9   JSR &A938
     AFC2   70 0B      BVS &AFCF
     AFC4   24 C2      BIT &C2
     AFC6   A5 CD      LDA &CD
     AFC8   6A         ROR A
     AFC9   6A         ROR A
     AFCA   90 04      BCC &AFD0
     AFCC   70 02      BVS &AFD0
.l1
     AFCE   B8         CLV
.l2
     AFCF   60         RTS
.l3
     AFD0   50 05      BVC &AFD7
     AFD2   2E A5 10   ROL &10A5
     AFD5   B0 F7      BCS &AFCE
.l4
     AFD7   AC A5 10   LDY &10A5
     AFDA   F0 04      BEQ &AFE0
.loop1
     AFDC   A2 04      LDX #&04
     AFDE   D0 08      BNE &AFE8
.l5
     AFE0   AD A4 10   LDA &10A4
     AFE3   4A         LSR A
     AFE4   F0 11      BEQ &AFF7
     AFE6   AA         TAX
     AFE7   CA         DEX
.loop2
     AFE8   20 6C A9   JSR &A96C
     AFEB   B0 E1      BCS &AFCE
     AFED   CA         DEX
     AFEE   10 F8      BPL &AFE8
     AFF0   88         DEY
     AFF1   F0 ED      BEQ &AFE0
     AFF3   C0 FF      CPY #&FF
     AFF5   D0 E5      BNE &AFDC
.l6
     AFF7   20 30 B0   JSR &B030
     AFFA   B0 D2      BCS &AFCE
     AFFC   6E A4 10   ROR &10A4
     AFFF   90 02      BCC &B003
     B001   E6 BE      INC &BE
.l7
     B003   0E A4 10   ASL &10A4
     B006   B8         CLV
     B007   18         CLC
     B008   60         RTS
.mm32_disk_next_sector
     B009   20 21 84   JSR &8421
     B00C   A0 01      LDY #&01
     B00E   AE A4 10   LDX &10A4
     B011   E8         INX
     B012   E8         INX
     B013   E0 0A      CPX #&0A
     B015   D0 0E      BNE &B025
     B017   A2 00      LDX #&00
     B019   EE A5 10   INC &10A5
     B01C   24 C2      BIT &C2
     B01E   50 05      BVC &B025
     B020   A0 06      LDY #&06
     B022   EE A5 10   INC &10A5
.l1
     B025   8E A4 10   STX &10A4
.loop1
     B028   20 6C A9   JSR &A96C
     B02B   B0 47      BCS &B074
     B02D   88         DEY
     B02E   D0 F8      BNE &B028
.mm32_SECT_X_Address
     B030   A2 02      LDX #&02
.loop1
     B032   B5 C8      LDA &C8,X
     B034   95 BE      STA &BE,X
     B036   CA         DEX
     B037   10 F9      BPL &B032
     B039   AD E4 10   LDA &10E4
.loop2
     B03C   4A         LSR A
     B03D   B0 09      BCS &B048
     B03F   06 BE      ASL &BE
     B041   26 BF      ROL &BF
     B043   26 C0      ROL &C0
     B045   90 F5      BCC &B03C
     B047   60         RTS
.l3
     B048   18         CLC
     B049   A5 BE      LDA &BE
     B04B   6D E2 10   ADC &10E2
     B04E   85 BE      STA &BE
     B050   A5 BF      LDA &BF
     B052   6D E3 10   ADC &10E3
     B055   85 BF      STA &BF
     B057   90 02      BCC &B05B
     B059   E6 C0      INC &C0
.l4
     B05B   38         SEC
     B05C   AD E4 10   LDA &10E4
     B05F   E5 CB      SBC &CB
     B061   18         CLC
     B062   65 BE      ADC &BE
     B064   85 BE      STA &BE
     B066   90 06      BCC &B06E
     B068   E6 BF      INC &BF
     B06A   D0 02      BNE &B06E
     B06C   E6 C0      INC &C0
.l5
.mm32_lba_to_256
     B06E   06 BE      ASL &BE
     B070   26 BF      ROL &BF
     B072   26 C0      ROL &C0
.l2rts
     B074   60         RTS
.mm32_MMC_error
     B075   85 B0      STA &B0
     B077   20 60 80   JSR &8060
     B07A   C5
     B07B   4D 4D 43 ...
     B07F   EA         NOP
     B080   68         PLA
     B081   85 B8      STA &B8
     B083   68         PLA
     B084   85 B9      STA &B9
     B086   A0 00      LDY #&00
     B088   8C AF 10   STY &10AF
.loop1
     B08B   C8         INY
     B08C   B1 B8      LDA (&B8),Y
     B08E   F0 05      BEQ &B095
     B090   20 B3 B0   JSR &B0B3
     B093   D0 F6      BNE &B08B
.l1
     B095   A8         TAY
     B096   A5 B0      LDA &B0
     B098   20 B2 8C   JSR &8CB2
     B09B   A9 2F      LDA #&2F
     B09D   20 B3 B0   JSR &B0B3
.loop2
     B0A0   B9 89 10   LDA &1089,Y
     B0A3   20 B2 8C   JSR &8CB2
     B0A6   C8         INY
     B0A7   C0 04      CPY #&04
     B0A9   D0 F5      BNE &B0A0
     B0AB   A9 00      LDA #&00
     B0AD   9D 00 01   STA &0100,X
     B0B0   4C 00 01   JMP &0100
.mm32_PrintChr100
     B0B3   9D 00 01   STA &0100,X
     B0B6   E8         INX
     B0B7   60         RTS
.Osword7F_8271_Emulation
     B0B8   A0 06      LDY #&06
     B0BA   B1 B0      LDA (&B0),Y
     B0BC   A2 10      LDX #&10
.loop1
     B0BE   DD 1D B2   CMP &B21D,X
     B0C1   F0 05      BEQ &B0C8
     B0C3   CA         DEX
     B0C4   10 F8      BPL &B0BE
     B0C6   30 0F      BMI &B0D7
.l2
     B0C8   20 FA B0   JSR &B0FA
     B0CB   48         PHA
     B0CC   A0 05      LDY #&05
     B0CE   B1 B0      LDA (&B0),Y
     B0D0   18         CLC
     B0D1   69 07      ADC #&07
     B0D3   A8         TAY
     B0D4   68         PLA
     B0D5   91 B0      STA (&B0),Y
.l3
     B0D7   A9 00      LDA #&00
     B0D9   60         RTS
.spec_reg
     B0DA   A0 07      LDY #&07
     B0DC   B1 B0      LDA (&B0),Y
     B0DE   C9 06      CMP #&06
     B0E0   D0 04      BNE &B0E6
     B0E2   AD A4 10   LDA &10A4
     B0E5   60         RTS
.l1
     B0E6   C9 12      CMP #&12
     B0E8   D0 09      BNE &B0F3
.l2
     B0EA   AD A5 10   LDA &10A5
     B0ED   24 C2      BIT &C2
     B0EF   50 01      BVC &B0F2
     B0F1   4A         LSR A
.l3
     B0F2   60         RTS
.l4
     B0F3   C9 1A      CMP #&1A
     B0F5   F0 F3      BEQ &B0EA
     B0F7   A9 00      LDA #&00
     B0F9   60         RTS
.ow7f_1
     B0FA   BD 2D B2   LDA &B22D,X
     B0FD   F0 DB      BEQ &B0DA
     B0FF   48         PHA
     B100   88         DEY
     B101   29 0F      AND #&0F
     B103   D1 B0      CMP (&B0),Y
     B105   D0 27      BNE &B12E
     B107   20 6F A7   JSR &A76F
     B10A   68         PLA
     B10B   85 C7      STA &C7
     B10D   A0 0B      LDY #&0B
.loop1
     B10F   B1 B0      LDA (&B0),Y
     B111   99 BB 00   STA &00BB,Y
     B114   C0 05      CPY #&05
     B116   B0 03      BCS &B11B
     B118   99 A9 10   STA &10A9,Y
.l0
     B11B   88         DEY
     B11C   D0 F1      BNE &B10F
     B11E   B1 B0      LDA (&B0),Y
     B120   30 03      BMI &B125
     B122   20 03 8C   JSR &8C03
.l1
     B125   20 38 B1   JSR &B138
     B128   48         PHA
     B129   20 C2 A7   JSR &A7C2
     B12C   68         PLA
     B12D   60         RTS
.owfault
     B12E   68         PLA
     B12F   A9 FF      LDA #&FF
     B131   60         RTS
.owdrvnotrdy
     B132   A9 10      LDA #&10
     B134   60         RTS
.ownosector
     B135   A9 1E      LDA #&1E
     B137   60         RTS
.ow7f_2
     B138   A9 10      LDA #&10
     B13A   24 C7      BIT &C7
     B13C   D0 04      BNE &B142
     B13E   10 33      BPL &B173
     B140   30 23      BMI &B165
.l10
     B142   A5 C2      LDA &C2
     B144   0A         ASL A
     B145   85 BE      STA &BE
     B147   A5 C3      LDA &C3
     B149   2A         ROL A
     B14A   85 BF      STA &BF
     B14C   A5 C4      LDA &C4
     B14E   30 E5      BMI &B135
     B150   2A         ROL A
     B151   85 C0      STA &C0
     B153   A5 C5      LDA &C5
     B155   0A         ASL A
     B156   85 C4      STA &C4
     B158   B0 DB      BCS &B135
     B15A   A9 00      LDA #&00
     B15C   85 C5      STA &C5
     B15E   85 C6      STA &C6
     B160   26 C7      ROL &C7
     B162   4C D3 B1   JMP &B1D3
.l11
     B165   A5 C6      LDA &C6
     B167   F0 27      BEQ &B190
     B169   E6 C4      INC &C4
     B16B   D0 23      BNE &B190
     B16D   E6 C5      INC &C5
     B16F   D0 1F      BNE &B190
     B171   F0 C2      BEQ &B135
.l0
     B173   A5 C4      LDA &C4
     B175   50 02      BVC &B179
     B177   A9 0A      LDA #&0A
.l1
     B179   29 1F      AND #&1F
     B17B   85 C4      STA &C4
     B17D   70 07      BVS &B186
     B17F   18         CLC
     B180   65 C3      ADC &C3
     B182   C9 0B      CMP #&0B
     B184   B0 AF      BCS &B135
.l2
     B186   A9 00      LDA #&00
     B188   85 C5      STA &C5
     B18A   85 C6      STA &C6
     B18C   50 02      BVC &B190
     B18E   85 C3      STA &C3
.l3
     B190   A5 C3      LDA &C3
     B192   C9 0A      CMP #&0A
     B194   B0 9F      BCS &B135
.l4
     B196   A4 C2      LDY &C2
     B198   20 B4 AF   JSR &AFB4
     B19B   70 95      BVS &B132
     B19D   B0 96      BCS &B135
     B19F   26 C7      ROL &C7
     B1A1   24 C7      BIT &C7
     B1A3   50 07      BVC &B1AC
     B1A5   24 C2      BIT &C2
     B1A7   10 03      BPL &B1AC
     B1A9   A9 12      LDA #&12
     B1AB   60         RTS
.l5
     B1AC   24 C7      BIT &C7
     B1AE   30 40      BMI &B1F0
     B1B0   66 C3      ROR &C3
     B1B2   B0 1F      BCS &B1D3
     B1B4   A5 C4      LDA &C4
     B1B6   C9 02      CMP #&02
     B1B8   D0 19      BNE &B1D3
     B1BA   A5 BD      LDA &BD
     B1BC   C9 0E      CMP #&0E
     B1BE   D0 13      BNE &B1D3
     B1C0   AD AC 10   LDA &10AC
     B1C3   2D AD 10   AND &10AD
     B1C6   0D D6 10   ORA &10D6
     B1C9   49 FF      EOR #&FF
     B1CB   05 BC      ORA &BC
     B1CD   05 C5      ORA &C5
     B1CF   05 C6      ORA &C6
     B1D1   F0 2F      BEQ &B202
.l6
     B1D3   24 C7      BIT &C7
     B1D5   70 13      BVS &B1EA
     B1D7   20 F6 A5   JSR &A5F6
.l7
     B1DA   AD AE 10   LDA &10AE
     B1DD   F0 03      BEQ &B1E2
     B1DF   20 96 8C   JSR &8C96
.l8
     B1E2   2C A6 10   BIT &10A6
     B1E5   30 33      BMI &B21A
.OK
     B1E7   A9 00      LDA #&00
     B1E9   60         RTS
.l9
     B1EA   20 AC A6   JSR &A6AC
     B1ED   4C DA B1   JMP &B1DA
.vform
     B1F0   A0 FF      LDY #&FF
     B1F2   8C 82 10   STY &1082
     B1F5   50 0B      BVC &B202
     B1F7   C8         INY
     B1F8   98         TYA
.floop
     B1F9   99 00 0E   STA &0E00,Y
     B1FC   99 00 0F   STA &0F00,Y
     B1FF   C8         INY
     B200   D0 F7      BNE &B1F9
.cat
.loop
     B202   24 C7      BIT &C7
     B204   70 06      BVS &B20C
     B206   20 A7 A5   JSR &A5A7
     B209   4C 0F B2   JMP &B20F
.k1
     B20C   20 BE A5   JSR &A5BE
.k2
     B20F   C6 C4      DEC &C4
     B211   C6 C4      DEC &C4
     B213   F0 D2      BEQ &B1E7
     B215   20 09 B0   JSR &B009
     B218   90 E8      BCC &B202
.ownosector2
     B21A   A9 1E      LDA #&1E
     B21C   60         RTS
.owtable1
     B21D   7D
     B21E   4A
     B21F   4B
     B220   4C
     B221   4E
     B222   4F
     B223   52
     B224   53
     B225   54
     B226   56
     B227   57
     B228   5E
     B229   5F
     B22A   63
     B22B   A5
     B22C   85
.owtable2
     B22D   00
     B22E   23
     B22F   23
     B230   34
     B231   23
     B232   23
     B233   03
     B234   03
     B235   14
     B236   03
     B237   03
     B238   45
     B239   43
     B23A   65
     B23B   A5
     B23C   85
Processed file 'MM32.asm' ok
Including file ROMS.asm
.CMD_ROMS
     B23D   20 55 B3   JSR &B355
     B240   85 A8      STA &A8
     B242   A9 0F      LDA #&0F
     B244   85 AA      STA &AA
     B246   20 48 B3   JSR &B348
     B249   38         SEC
     B24A   20 C2 FF   JSR &FFC2
     B24D   84 AB      STY &AB
     B24F   18         CLC
     B250   F0 1B      BEQ &B26D
.loopROMnumbers
     B252   20 41 84   JSR &8441
     B255   B0 16      BCS &B26D
     B257   E0 10      CPX #&10
     B259   B0 F7      BCS &B252
     B25B   8A         TXA
     B25C   84 AB      STY &AB
     B25E   85 AA      STA &AA
     B260   20 C1 B2   JSR &B2C1
     B263   A4 AB      LDY &AB
     B265   20 C5 81   JSR &81C5
     B268   84 AB      STY &AB
     B26A   D0 E6      BNE &B252
     B26C   60         RTS
.Label_A9FF_notnum
     B26D   66 A8      ROR &A8
.Label_AA01_loop
     B26F   24 A8      BIT &A8
     B271   10 05      BPL &B278
     B273   20 80 B2   JSR &B280
     B276   90 03      BCC &B27B
.Label_AA0A
     B278   20 C1 B2   JSR &B2C1
.Label_AA0D_nomatch
     B27B   C6 AA      DEC &AA
     B27D   10 F0      BPL &B26F
     B27F   60         RTS
.Sub_AA12_titlecmp
     B280   A9 09      LDA #&09
     B282   85 F6      STA &F6
     B284   A9 80      LDA #&80
     B286   85 F7      STA &F7
     B288   A4 AB      LDY &AB
.Label_AA1C_loop
     B28A   B1 F2      LDA (&F2),Y
     B28C   C9 0D      CMP #&0D
     B28E   F0 22      BEQ &B2B2
     B290   C9 22      CMP #&22
     B292   F0 1E      BEQ &B2B2
     B294   C8         INY
     B295   C9 2A      CMP #&2A
     B297   F0 26      BEQ &B2BF
     B299   20 13 83   JSR &8313
     B29C   85 AE      STA &AE
     B29E   20 3A B3   JSR &B33A
     B2A1   F0 0D      BEQ &B2B0
     B2A3   A6 AE      LDX &AE
     B2A5   E0 23      CPX #&23
     B2A7   F0 E1      BEQ &B28A
     B2A9   20 13 83   JSR &8313
     B2AC   C5 AE      CMP &AE
     B2AE   F0 DA      BEQ &B28A
.Label_AA42_nomatch
     B2B0   18         CLC
     B2B1   60         RTS
.Label_AA44
     B2B2   20 3A B3   JSR &B33A
     B2B5   F0 08      BEQ &B2BF
     B2B7   C9 20      CMP #&20
     B2B9   F0 F7      BEQ &B2B2
     B2BB   C9 0D      CMP #&0D
     B2BD   D0 F1      BNE &B2B0
.Label_AA51_match
     B2BF   38         SEC
     B2C0   60         RTS
.Label_AA53_RomInfo
     B2C1   A4 AA      LDY &AA
     B2C3   B1 AC      LDA (&AC),Y
     B2C5   F0 E9      BEQ &B2B0
     B2C7   48         PHA
     B2C8   20 9D 80   JSR &809D
     B2CB   52 6F 6D ...
     B2CF   98         TYA
     B2D0   20 FC 80   JSR &80FC
     B2D3   20 9D 80   JSR &809D
     B2D6   20 3A 20 
     B2D9   A9 28      LDA #&28
     B2DB   20 E0 80   JSR &80E0
     B2DE   68         PLA
     B2DF   48         PHA
     B2E0   30 04      BMI &B2E6
     B2E2   A0 20      LDY #&20
     B2E4   D0 02      BNE &B2E8
.Label_AA78
     B2E6   A0 53      LDY #&53
.Label_AA7A
     B2E8   98         TYA
     B2E9   20 E0 80   JSR &80E0
     B2EC   68         PLA
     B2ED   A0 20      LDY #&20
     B2EF   0A         ASL A
     B2F0   10 02      BPL &B2F4
     B2F2   A0 4C      LDY #&4C
.Label_AA86
     B2F4   98         TYA
     B2F5   20 E0 80   JSR &80E0
     B2F8   A9 29      LDA #&29
     B2FA   20 E0 80   JSR &80E0
     B2FD   20 20 81   JSR &8120
     B300   20 08 B3   JSR &B308
     B303   20 7F 83   JSR &837F
     B306   38         SEC
     B307   60         RTS
.Label_AA9A_PrtRomTitle
     B308   A9 07      LDA #&07
     B30A   85 F6      STA &F6
     B30C   A9 80      LDA #&80
     B30E   85 F7      STA &F7
     B310   20 3A B3   JSR &B33A
     B313   85 AE      STA &AE
     B315   E6 F6      INC &F6
     B317   A0 1E      LDY #&1E
     B319   20 2D B3   JSR &B32D
     B31C   B0 1B      BCS &B339
     B31E   20 20 81   JSR &8120
     B321   90 09      BCC &B32C
.Label_AAB8_loop
     B323   C9 20      CMP #&20
     B325   B0 02      BCS &B329
     B327   A9 20      LDA #&20
.Label_AABE
     B329   20 E0 80   JSR &80E0
.DEY_Sub_AAC2_PrintRomStr
     B32C   88         DEY
.Sub_AAC2_PrintRomStr
     B32D   A5 F6      LDA &F6
     B32F   C5 AE      CMP &AE
     B331   B0 06      BCS &B339
     B333   20 3A B3   JSR &B33A
     B336   D0 EB      BNE &B323
     B338   18         CLC
.Label_AACE_rts
     B339   60         RTS
.Sub_AACF_ReadRom
     B33A   98         TYA
     B33B   48         PHA
     B33C   A4 AA      LDY &AA
     B33E   20 B9 FF   JSR &FFB9
     B341   E6 F6      INC &F6
     B343   AA         TAX
     B344   68         PLA
     B345   A8         TAY
     B346   8A         TXA
     B347   60         RTS
.Sub_AADD_RomTablePtrBA
     B348   20 21 84   JSR &8421
     B34B   A9 AA      LDA #&AA
     B34D   20 10 94   JSR &9410
     B350   86 AC      STX &AC
     B352   84 AD      STY &AD
     B354   60         RTS
.Sub_AAEA_StackAZero
     B355   BA         TSX
     B356   A9 00      LDA #&00
     B358   9D 07 01   STA &0107,X
     B35B   60         RTS
Processed file 'ROMS.asm' ok
Including file Utilities.asm
.CMD_DUMP
     B35C   A9 40      LDA #&40
     B35E   20 4C B4   JSR &B44C
     B361   A9 00      LDA #&00
     B363   48         PHA
     B364   AA         TAX
     B365   F0 06      BEQ &B36D
.dump_inc_address
     B367   69 08      ADC #&08
     B369   48         PHA
     B36A   90 01      BCC &B36D
     B36C   E8         INX
.dump_loop
     B36D   8A         TXA
     B36E   20 0F 81   JSR &810F
     B371   68         PLA
     B372   48         PHA
     B373   20 0F 81   JSR &810F
     B376   8A         TXA
     B377   48         PHA
     B378   20 20 81   JSR &8120
     B37B   A2 07      LDX #&07
.dump_getbytes_loop
     B37D   20 D7 FF   JSR &FFD7
     B380   B0 0B      BCS &B38D
     B382   95 A8      STA &A8,X
     B384   20 0F 81   JSR &810F
     B387   20 20 81   JSR &8120
     B38A   CA         DEX
     B38B   10 F0      BPL &B37D
.dump_eof
     B38D   08         PHP
     B38E   90 12      BCC &B3A2
.dump_padnum_loop
     B390   A9 2A      LDA #&2A
     B392   20 EE FF   JSR &FFEE
     B395   20 EE FF   JSR &FFEE
     B398   20 20 81   JSR &8120
     B39B   A9 00      LDA #&00
     B39D   95 A8      STA &A8,X
     B39F   CA         DEX
     B3A0   10 EE      BPL &B390
.dump_noteof
     B3A2   A2 07      LDX #&07
.dump_chr_loop
     B3A4   B5 A8      LDA &A8,X
     B3A6   29 7F      AND #&7F
     B3A8   C9 7F      CMP #&7F
     B3AA   F0 04      BEQ &B3B0
     B3AC   C9 20      CMP #&20
     B3AE   B0 02      BCS &B3B2
.showchrdot
     B3B0   A9 2E      LDA #&2E
.showchrexit
     B3B2   20 EE FF   JSR &FFEE
     B3B5   CA         DEX
     B3B6   10 EC      BPL &B3A4
     B3B8   20 E7 FF   JSR &FFE7
     B3BB   28         PLP
     B3BC   68         PLA
     B3BD   AA         TAX
     B3BE   68         PLA
     B3BF   24 FF      BIT &FF
     B3C1   30 3A      BMI &B3FD
     B3C3   90 A2      BCC &B367
     B3C5   B0 31      BCS &B3F8
.CMD_TYPE
     B3C7   A9 00      LDA #&00
     B3C9   F0 02      BEQ &B3CD
.CMD_LIST
     B3CB   A9 FF      LDA #&FF
.type
     B3CD   85 AA      STA &AA
     B3CF   A9 40      LDA #&40
     B3D1   20 4C B4   JSR &B44C
     B3D4   A9 0D      LDA #&0D
.list_loop_entry
     B3D6   25 AA      AND &AA
     B3D8   49 0D      EOR #&0D
     B3DA   AA         TAX
.list_loop
     B3DB   20 D7 FF   JSR &FFD7
     B3DE   B0 15      BCS &B3F5
     B3E0   C9 0A      CMP #&0A
     B3E2   F0 F7      BEQ &B3DB
     B3E4   48         PHA
     B3E5   8A         TXA
     B3E6   D0 03      BNE &B3EB
     B3E8   20 7D B4   JSR &B47D
.list_skiplineno
     B3EB   68         PLA
     B3EC   20 E3 FF   JSR &FFE3
     B3EF   24 FF      BIT &FF
     B3F1   30 0A      BMI &B3FD
     B3F3   10 E1      BPL &B3D6
.list_eof
     B3F5   20 E7 FF   JSR &FFE7
.Utils_CloseFile_Yhandle
     B3F8   A9 00      LDA #&00
     B3FA   4C CE FF   JMP &FFCE
.Utils_ESCAPE_CloseFileY
     B3FD   20 F8 B3   JSR &B3F8
     B400   4C A2 8C   JMP &8CA2
.CMD_BUILD
     B403   A9 80      LDA #&80
     B405   20 4C B4   JSR &B44C
     B408   85 AA      STA &AA
     B40A   A6 F4      LDX &F4
     B40C   BD F0 0D   LDA &0DF0,X
     B40F   29 3F      AND #&3F
     B411   85 AC      STA &AC
     B413   E6 AC      INC &AC
     B415   A9 20      LDA #&20
     B417   85 AE      STA &AE
.build_loop1
     B419   20 7D B4   JSR &B47D
     B41C   A0 FF      LDY #&FF
     B41E   84 AD      STY &AD
     B420   84 AF      STY &AF
     B422   C8         INY
     B423   84 AB      STY &AB
     B425   98         TYA
     B426   A2 AB      LDX #&AB
     B428   20 F1 FF   JSR &FFF1
     B42B   08         PHP
     B42C   84 AF      STY &AF
     B42E   A4 AA      LDY &AA
     B430   A2 00      LDX #&00
     B432   F0 07      BEQ &B43B
.build_loop2
     B434   A1 AB      LDA (&AB,X)
     B436   20 D4 FF   JSR &FFD4
     B439   E6 AB      INC &AB
.build_loop2entry
     B43B   A5 AB      LDA &AB
     B43D   C5 AF      CMP &AF
     B43F   D0 F3      BNE &B434
     B441   28         PLP
     B442   B0 B9      BCS &B3FD
     B444   A9 0D      LDA #&0D
     B446   20 D4 FF   JSR &FFD4
     B449   4C 19 B4   JMP &B419
.Utils_FilenameAtXY
     B44C   85 AF      STA &AF
     B44E   BA         TSX
     B44F   A9 00      LDA #&00
     B451   9D 07 01   STA &0107,X
     B454   85 A8      STA &A8
     B456   85 A9      STA &A9
     B458   88         DEY
.utils_skipspcloop
     B459   C8         INY
     B45A   B1 F2      LDA (&F2),Y
     B45C   C9 20      CMP #&20
     B45E   F0 F9      BEQ &B459
     B460   C9 0D      CMP #&0D
     B462   D0 03      BNE &B467
     B464   4C 9A 9A   JMP &9A9A
.utils_notnullstr
     B467   98         TYA
     B468   18         CLC
     B469   65 F2      ADC &F2
     B46B   AA         TAX
     B46C   A5 F3      LDA &F3
     B46E   69 00      ADC #&00
     B470   A8         TAY
     B471   A5 AF      LDA &AF
     B473   20 CE FF   JSR &FFCE
     B476   F0 02      BEQ &B47A
     B478   A8         TAY
     B479   60         RTS
.utils_filenotfound
     B47A   4C 42 82   JMP &8242
.Utils_PrintLineNoA8
     B47D   20 98 A2   JSR &A298
     B480   20 0F 81   JSR &810F
     B483   A5 A8      LDA &A8
     B485   20 0F 81   JSR &810F
     B488   4C 20 81   JMP &8120
Processed file 'Utilities.asm' ok
Including file TubeHost230.asm
.TUBE_CODE_500
     B48B   37 05
     B48D   96 05
     B48F   F2 05
     B491   07 06
     B493   27 06
     B495   68 06
     B497   5E 05
     B499   2D 05
     B49B   20 05
     B49D   42 05
     B49F   A9 05
     B4A1   D1 05
     B4A3   86
     B4A4   88
     B4A5   96
     B4A6   98
     B4A7   18
     B4A8   18
     B4A9   82
     B4AA   18
     B4AB   20 C5 06   JSR &06C5
     B4AE   A8         TAY
     B4AF   20 C5 06   JSR &06C5
     B4B2   20 D4 FF   JSR &FFD4
     B4B5   4C 9C 05   JMP &059C
     B4B8   20 C5 06   JSR &06C5
     B4BB   A8         TAY
     B4BC   20 D7 FF   JSR &FFD7
     B4BF   4C 3A 05   JMP &053A
     B4C2   20 E0 FF   JSR &FFE0
     B4C5   6A         ROR A
     B4C6   20 95 06   JSR &0695
     B4C9   2A         ROL A
     B4CA   4C 9E 05   JMP &059E
     B4CD   20 C5 06   JSR &06C5
     B4D0   F0 0B      BEQ &B4DD
     B4D2   48         PHA
     B4D3   20 82 05   JSR &0582
     B4D6   68         PLA
     B4D7   20 CE FF   JSR &FFCE
     B4DA   4C 9E 05   JMP &059E
.Label_AD2D
     B4DD   20 C5 06   JSR &06C5
     B4E0   A8         TAY
     B4E1   A9 00      LDA #&00
     B4E3   20 CE FF   JSR &FFCE
     B4E6   4C 9C 05   JMP &059C
     B4E9   20 C5 06   JSR &06C5
     B4EC   A8         TAY
     B4ED   A2 04      LDX #&04
.Label_AD3F
     B4EF   20 C5 06   JSR &06C5
     B4F2   95 FF      STA &FF,X
     B4F4   CA         DEX
     B4F5   D0 F8      BNE &B4EF
     B4F7   20 C5 06   JSR &06C5
     B4FA   20 DA FF   JSR &FFDA
     B4FD   20 95 06   JSR &0695
     B500   A2 03      LDX #&03
.Label_AD52
     B502   B5 00      LDA &00,X
     B504   20 95 06   JSR &0695
     B507   CA         DEX
     B508   10 F8      BPL &B502
     B50A   4C 36 00   JMP &0036
     B50D   A2 00      LDX #&00
     B50F   A0 00      LDY #&00
.Label_AD61
     B511   20 C5 06   JSR &06C5
     B514   99 00 07   STA &0700,Y
     B517   C8         INY
     B518   F0 04      BEQ &B51E
     B51A   C9 0D      CMP #&0D
     B51C   D0 F3      BNE &B511
.Label_AD6E
     B51E   A0 07      LDY #&07
     B520   60         RTS
     B521   20 82 05   JSR &0582
     B524   20 F7 FF   JSR &FFF7
     B527   A9 7F      LDA #&7F
.Label_AD79
     B529   2C E2 FE   BIT &FEE2
     B52C   50 FB      BVC &B529
     B52E   8D E3 FE   STA &FEE3
.Label_AD81
     B531   4C 36 00   JMP &0036
     B534   A2 10      LDX #&10
.Label_AD86
     B536   20 C5 06   JSR &06C5
     B539   95 01      STA &01,X
     B53B   CA         DEX
     B53C   D0 F8      BNE &B536
     B53E   20 82 05   JSR &0582
     B541   86 00      STX &00
     B543   84 01      STY &01
     B545   A0 00      LDY #&00
     B547   20 C5 06   JSR &06C5
     B54A   20 DD FF   JSR &FFDD
     B54D   20 95 06   JSR &0695
     B550   A2 10      LDX #&10
.Label_ADA2
     B552   B5 01      LDA &01,X
     B554   20 95 06   JSR &0695
     B557   CA         DEX
     B558   D0 F8      BNE &B552
     B55A   F0 D5      BEQ &B531
     B55C   A2 0D      LDX #&0D
.Label_ADAE
     B55E   20 C5 06   JSR &06C5
     B561   95 FF      STA &FF,X
     B563   CA         DEX
     B564   D0 F8      BNE &B55E
     B566   20 C5 06   JSR &06C5
     B569   A0 00      LDY #&00
     B56B   20 D1 FF   JSR &FFD1
     B56E   48         PHA
     B56F   A2 0C      LDX #&0C
.Label_ADC1
     B571   B5 00      LDA &00,X
     B573   20 95 06   JSR &0695
     B576   CA         DEX
     B577   10 F8      BPL &B571
     B579   68         PLA
     B57A   4C 3A 05   JMP &053A
     B57D   20 C5 06   JSR &06C5
     B580   AA         TAX
     B581   20 C5 06   JSR &06C5
     B584   20 F4 FF   JSR &FFF4
.Label_ADD7
     B587   2C E2 FE   BIT &FEE2
     B58A   50 FB      BVC &B587
     B58C   8E E3 FE   STX &FEE3
.Label_ADDF
     B58F   4C 36 00   JMP &0036
     B592   20 C5 06   JSR &06C5
     B595   AA         TAX
     B596   20 C5 06   JSR &06C5
     B599   A8         TAY
     B59A   20 C5 06   JSR &06C5
     B59D   20 F4 FF   JSR &FFF4
     B5A0   49 9D      EOR #&9D
     B5A2   F0 EB      BEQ &B58F
     B5A4   6A         ROR A
     B5A5   20 95 06   JSR &0695
.Label_ADF8
     B5A8   2C E2 FE   BIT &FEE2
     B5AB   50 FB      BVC &B5A8
     B5AD   8C E3 FE   STY &FEE3
     B5B0   70 D5      BVS &B587
     B5B2   20 C5 06   JSR &06C5
     B5B5   A8         TAY
.Label_AE06
     B5B6   2C E2 FE   BIT &FEE2
     B5B9   10 FB      BPL &B5B6
     B5BB   AE E3 FE   LDX &FEE3
     B5BE   CA         DEX
     B5BF   30 0F      BMI &B5D0
.Label_AE11
     B5C1   2C E2 FE   BIT &FEE2
     B5C4   10 FB      BPL &B5C1
     B5C6   AD E3 FE   LDA &FEE3
     B5C9   9D 28 01   STA &0128,X
     B5CC   CA         DEX
     B5CD   10 F2      BPL &B5C1
     B5CF   98         TYA
.Label_AE20
     B5D0   A2 28      LDX #&28
     B5D2   A0 01      LDY #&01
     B5D4   20 F1 FF   JSR &FFF1
.Label_AE27
     B5D7   2C E2 FE   BIT &FEE2
     B5DA   10 FB      BPL &B5D7
     B5DC   AE E3 FE   LDX &FEE3
     B5DF   CA         DEX
     B5E0   30 0E      BMI &B5F0
.Label_AE32
     B5E2   BC 28 01   LDY &0128,X
.Label_AE35
     B5E5   2C E2 FE   BIT &FEE2
     B5E8   50 FB      BVC &B5E5
     B5EA   8C E3 FE   STY &FEE3
     B5ED   CA         DEX
     B5EE   10 F2      BPL &B5E2
.Label_AE40
     B5F0   4C 36 00   JMP &0036
     B5F3   A2 04      LDX #&04
.Label_AE45
     B5F5   20 C5 06   JSR &06C5
     B5F8   95 00      STA &00,X
     B5FA   CA         DEX
     B5FB   10 F8      BPL &B5F5
     B5FD   E8         INX
     B5FE   A0 00      LDY #&00
     B600   8A         TXA
     B601   20 F1 FF   JSR &FFF1
     B604   90 05      BCC &B60B
     B606   A9 FF      LDA #&FF
     B608   4C 9E 05   JMP &059E
.Label_AE5B
     B60B   A2 00      LDX #&00
     B60D   A9 7F      LDA #&7F
     B60F   20 95 06   JSR &0695
.Label_AE62
     B612   BD 00 07   LDA &0700,X
     B615   20 95 06   JSR &0695
     B618   E8         INX
     B619   C9 0D      CMP #&0D
     B61B   D0 F5      BNE &B612
     B61D   4C 36 00   JMP &0036
.Label_AE70
     B620   2C E2 FE   BIT &FEE2
     B623   50 FB      BVC &B620
     B625   8D E3 FE   STA &FEE3
     B628   60         RTS
.Label_AE79
     B629   2C E6 FE   BIT &FEE6
     B62C   50 FB      BVC &B629
     B62E   8D E7 FE   STA &FEE7
     B631   60         RTS
     B632   A5 FF      LDA &FF
     B634   38         SEC
     B635   6A         ROR A
     B636   30 0F      BMI &B647
     B638   48         PHA
     B639   A9 00      LDA #&00
     B63B   20 BC 06   JSR &06BC
     B63E   98         TYA
     B63F   20 BC 06   JSR &06BC
     B642   8A         TXA
     B643   20 BC 06   JSR &06BC
     B646   68         PLA
.Label_AE97
     B647   2C E0 FE   BIT &FEE0
     B64A   50 FB      BVC &B647
     B64C   8D E1 FE   STA &FEE1
     B64F   60         RTS
.Label_AEA0
     B650   2C E2 FE   BIT &FEE2
     B653   10 FB      BPL &B650
     B655   AD E3 FE   LDA &FEE3
     B658   60         RTS
.SERVICE09_TUBEHelp
     B659   C9 09      CMP #&09
     B65B   D0 2A      BNE &B687
     B65D   98         TYA
     B65E   48         PHA
     B65F   B1 F2      LDA (&F2),Y
     B661   C9 0D      CMP #&0D
     B663   D0 1E      BNE &B683
     B665   A9 E9      LDA #&E9
     B667   20 10 94   JSR &9410
     B66A   A6 F4      LDX &F4
     B66C   98         TYA
     B66D   F0 14      BEQ &B683
     B66F   20 9D 80   JSR &809D
     B672   0D
     B673   54 55 42 ...
     B681   0D
     B682   EA         NOP
.Label_AED3
     B683   68         PLA
     B684   A8         TAY
     B685   A9 09      LDA #&09
.SERVICEFE_TUBEPostInit
     B687   C9 FE      CMP #&FE
     B689   90 5C      BCC &B6E7
     B68B   D0 1B      BNE &B6A8
     B68D   C0 00      CPY #&00
     B68F   F0 56      BEQ &B6E7
     B691   A2 06      LDX #&06
     B693   A9 14      LDA #&14
     B695   20 F4 FF   JSR &FFF4
.servFE_tubemsg_loop
     B698   2C E0 FE   BIT &FEE0
     B69B   10 FB      BPL &B698
     B69D   AD E1 FE   LDA &FEE1
     B6A0   F0 43      BEQ &B6E5
     B6A2   20 EE FF   JSR &FFEE
     B6A5   4C 98 B6   JMP &B698
.SERVICEFF_TUBEInit
     B6A8   A9 AD      LDA #&AD
     B6AA   8D 20 02   STA &0220
     B6AD   A9 06      LDA #&06
     B6AF   8D 21 02   STA &0221
     B6B2   A9 16      LDA #&16
     B6B4   8D 02 02   STA &0202
     B6B7   A9 00      LDA #&00
     B6B9   8D 03 02   STA &0203
     B6BC   A9 8E      LDA #&8E
     B6BE   8D E0 FE   STA &FEE0
     B6C1   A0 00      LDY #&00
.servFF_copytubecode_loop
     B6C3   B9 29 B7   LDA &B729,Y
     B6C6   99 00 04   STA &0400,Y
     B6C9   B9 8B B4   LDA &B48B,Y
     B6CC   99 00 05   STA &0500,Y
     B6CF   B9 8B B5   LDA &B58B,Y
     B6D2   99 00 06   STA &0600,Y
     B6D5   88         DEY
     B6D6   D0 EB      BNE &B6C3
     B6D8   20 21 04   JSR &0421
     B6DB   A2 41      LDX #&41
.servFF_copytubezpcode_loop
     B6DD   BD E8 B6   LDA &B6E8,X
     B6E0   95 16      STA &16,X
     B6E2   CA         DEX
     B6E3   10 F8      BPL &B6DD
.servFE_exitA_0
     B6E5   A9 00      LDA #&00
.servFE_exit
     B6E7   60         RTS
.TUBE_ZP_CODE_0016
     B6E8   A9 FF      LDA #&FF
     B6EA   20 9E 06   JSR &069E
     B6ED   AD E3 FE   LDA &FEE3
     B6F0   A9 00      LDA #&00
     B6F2   20 95 06   JSR &0695
     B6F5   A8         TAY
     B6F6   B1 FD      LDA (&FD),Y
     B6F8   20 95 06   JSR &0695
.Label_AF4B
     B6FB   C8         INY
     B6FC   B1 FD      LDA (&FD),Y
     B6FE   20 95 06   JSR &0695
     B701   AA         TAX
     B702   D0 F7      BNE &B6FB
     B704   A2 FF      LDX #&FF
     B706   9A         TXS
     B707   58         CLI
.Label_AF58
     B708   2C E0 FE   BIT &FEE0
     B70B   10 06      BPL &B713
.Label_AF5D
     B70D   AD E1 FE   LDA &FEE1
     B710   20 EE FF   JSR &FFEE
.Label_AF63
     B713   2C E2 FE   BIT &FEE2
     B716   10 F0      BPL &B708
     B718   2C E0 FE   BIT &FEE0
     B71B   30 F0      BMI &B70D
     B71D   AE E3 FE   LDX &FEE3
     B720   86 51      STX &51
     B722   6C 00 05   JMP (&0500)
     B725   00 80
     B727   00 00
.TUBE_CODE_400
     B729   4C 84 04   JMP &0484
     B72C   4C A7 06   JMP &06A7
     B72F   C9 80      CMP #&80
     B731   90 2B      BCC &B75E
     B733   C9 C0      CMP #&C0
     B735   B0 1A      BCS &B751
     B737   09 40      ORA #&40
     B739   C5 15      CMP &15
     B73B   D0 20      BNE &B75D
     B73D   08         PHP
     B73E   78         SEI
     B73F   A9 05      LDA #&05
     B741   20 9E 06   JSR &069E
     B744   A5 15      LDA &15
     B746   20 9E 06   JSR &069E
     B749   28         PLP
     B74A   A9 80      LDA #&80
     B74C   85 15      STA &15
     B74E   85 14      STA &14
     B750   60         RTS
.Label_AFA1
     B751   06 14      ASL &14
     B753   B0 06      BCS &B75B
     B755   C5 15      CMP &15
     B757   F0 04      BEQ &B75D
     B759   18         CLC
     B75A   60         RTS
.Label_AFAB
     B75B   85 15      STA &15
.Label_AFAD
     B75D   60         RTS
.Label_AFAE
     B75E   08         PHP
     B75F   78         SEI
     B760   84 13      STY &13
     B762   86 12      STX &12
     B764   20 9E 06   JSR &069E
     B767   AA         TAX
     B768   A0 03      LDY #&03
     B76A   A5 15      LDA &15
     B76C   20 9E 06   JSR &069E
.Label_AFBF
     B76F   B1 12      LDA (&12),Y
     B771   20 9E 06   JSR &069E
     B774   88         DEY
     B775   10 F8      BPL &B76F
     B777   A0 18      LDY #&18
     B779   8C E0 FE   STY &FEE0
     B77C   BD 18 05   LDA &0518,X
     B77F   8D E0 FE   STA &FEE0
     B782   4A         LSR A
     B783   4A         LSR A
     B784   90 06      BCC &B78C
     B786   2C E5 FE   BIT &FEE5
     B789   2C E5 FE   BIT &FEE5
.Label_AFDC
     B78C   20 9E 06   JSR &069E
.Label_AFDF
     B78F   2C E6 FE   BIT &FEE6
     B792   50 FB      BVC &B78F
     B794   B0 0D      BCS &B7A3
     B796   E0 04      CPX #&04
     B798   D0 11      BNE &B7AB
.Label_AFEA
     B79A   20 14 04   JSR &0414
     B79D   20 95 06   JSR &0695
     B7A0   4C 32 00   JMP &0032
.Label_AFF3
     B7A3   4A         LSR A
     B7A4   90 05      BCC &B7AB
     B7A6   A0 88      LDY #&88
     B7A8   8C E0 FE   STY &FEE0
.Label_AFFB
     B7AB   28         PLP
     B7AC   60         RTS
     B7AD   58         CLI
     B7AE   B0 0A      BCS &B7BA
     B7B0   D0 03      BNE &B7B5
     B7B2   4C 9C 05   JMP &059C
.Label_B005
     B7B5   AE 8D 02   LDX &028D
     B7B8   F0 E0      BEQ &B79A
.Label_B00A
     B7BA   A9 FF      LDA #&FF
     B7BC   20 06 04   JSR &0406
     B7BF   90 F9      BCC &B7BA
     B7C1   20 CE 04   JSR &04CE
.Label_B014
     B7C4   08         PHP
     B7C5   78         SEI
     B7C6   A9 07      LDA #&07
     B7C8   20 C7 04   JSR &04C7
     B7CB   A0 00      LDY #&00
     B7CD   84 00      STY &00
.Label_B01F
     B7CF   B1 00      LDA (&00),Y
     B7D1   8D E5 FE   STA &FEE5
     B7D4   EA         NOP
     B7D5   EA         NOP
     B7D6   EA         NOP
     B7D7   C8         INY
     B7D8   D0 F5      BNE &B7CF
     B7DA   28         PLP
     B7DB   E6 54      INC &54
     B7DD   D0 06      BNE &B7E5
     B7DF   E6 55      INC &55
     B7E1   D0 02      BNE &B7E5
     B7E3   E6 56      INC &56
.Label_B035
     B7E5   E6 01      INC &01
     B7E7   24 01      BIT &01
     B7E9   50 D9      BVC &B7C4
     B7EB   20 CE 04   JSR &04CE
     B7EE   A9 04      LDA #&04
     B7F0   A0 00      LDY #&00
     B7F2   A2 53      LDX #&53
     B7F4   4C 06 04   JMP &0406
     B7F7   A9 80      LDA #&80
     B7F9   85 54      STA &54
     B7FB   85 01      STA &01
     B7FD   A9 20      LDA #&20
     B7FF   2D 06 80   AND &8006
     B802   A8         TAY
     B803   84 53      STY &53
     B805   F0 19      BEQ &B820
     B807   AE 07 80   LDX &8007
.Label_B05A
     B80A   E8         INX
     B80B   BD 00 80   LDA &8000,X
     B80E   D0 FA      BNE &B80A
     B810   BD 01 80   LDA &8001,X
     B813   85 53      STA &53
     B815   BD 02 80   LDA &8002,X
     B818   85 54      STA &54
     B81A   BC 03 80   LDY &8003,X
     B81D   BD 04 80   LDA &8004,X
.Label_B070
     B820   85 56      STA &56
     B822   84 55      STY &55
     B824   60         RTS
Processed file 'TubeHost230.asm' ok
    code ends at&B825  (2011 bytes free )
Saving file 'build/M/MMFSDBG'
Processed file 'mmfs100.asm' ok
Processed file 'top_MMFSDBG.asm' ok
