Including file DEVICE.asm
Processed file 'DEVICE.asm' ok
Including file mmfs100.asm
     B6FE   19
     B6FF   67
Including file VERSION.asm
Processed file 'VERSION.asm' ok
Including file SYSVARS.asm
Processed file 'SYSVARS.asm' ok
.langentry
     8000   00         BRK
     8001   00         BRK
     8002   00         BRK
.serventry
     8003   4C 91 8D   JMP &8D91
.romtype
     8006   82
.copywoffset
     8007   26
.binversion
     8008   7B
.title
Macro BUILD_NAME:
Macro BASE_NAME:
     8009   45 6C 65 ...
Macro SYSTEM_NAME:
     8012   4D 4D 46 ...
End macro SYSTEM_NAME
     8017   20 53 57 ...
End macro BASE_NAME
Macro DEVICE_NAME:
     801D   20 45 50 ...
End macro DEVICE_NAME
Macro DFS_EMUL_NAME:
End macro DFS_EMUL_NAME
     8021   00
End macro BUILD_NAME
.version
Macro BUILD_VERSION:
     8022   31 2E 36 ...
     8026   00
End macro BUILD_VERSION
.copyright
Macro BUILD_COPYRIGHT:
     8027   28 43 29 ...
     8035   00
End macro BUILD_COPYRIGHT
.header_end
.Go_FSCV
     8036   6C 1E 02   JMP (&021E)
.SetLEDS
     8039   AD 82 02   LDA &0282
     803C   49 80      EOR #&80
     803E   8D 82 02   STA &0282
     8041   8D 07 FE   STA &FE07
     8044   60         RTS
.ResetLEDS
     8045   20 F7 83   JSR &83F7
     8048   A9 76      LDA #&76
     804A   4C F4 FF   JMP &FFF4
.errDISK
     804D   20 62 80   JSR &8062
     8050   00         BRK
     8051   44 69 73 ...
     8056   90 21      BCC &8079
.errBAD
     8058   20 62 80   JSR &8062
     805B   00         BRK
     805C   42 61 64 ...
     8060   90 17      BCC &8079
.ReportErrorCB
     8062   AD DD B9   LDA &B9DD
     8065   D0 03      BNE &806A
     8067   20 BD 96   JSR &96BD
.brk100_notbuf
     806A   A9 FF      LDA #&FF
     806C   8D 82 B9   STA &B982
     806F   8D DD B9   STA &B9DD
.ReportError
     8072   A2 02      LDX #&02
     8074   A9 00      LDA #&00
     8076   8D 00 01   STA &0100
.ErrCONTINUE
     8079   20 45 80   JSR &8045
.ReportError2
     807C   68         PLA
     807D   85 AE      STA &AE
     807F   68         PLA
     8080   85 AF      STA &AF
     8082   A0 00      LDY #&00
     8084   20 EE 83   JSR &83EE
     8087   8D 01 01   STA &0101
     808A   CA         DEX
.errstr_loop
     808B   E8         INX
     808C   20 EE 83   JSR &83EE
     808F   9D 00 01   STA &0100,X
     8092   30 27      BMI &80BB
     8094   D0 F5      BNE &808B
     8096   20 64 8C   JSR &8C64
     8099   4C 00 01   JMP &0100
.PrintNibble_PrintString
     809C   20 06 81   JSR &8106
.PrintString
     809F   85 B3      STA &B3
     80A1   68         PLA
     80A2   85 AE      STA &AE
     80A4   68         PLA
     80A5   85 AF      STA &AF
     80A7   A5 B3      LDA &B3
     80A9   48         PHA
     80AA   98         TYA
     80AB   48         PHA
     80AC   A0 00      LDY #&00
.prtstr_loop
     80AE   20 EE 83   JSR &83EE
     80B1   30 05      BMI &80B8
     80B3   20 E2 80   JSR &80E2
     80B6   10 F6      BPL &80AE
.prtstr_return1
     80B8   68         PLA
     80B9   A8         TAY
     80BA   68         PLA
.prtstr_return2
     80BB   18         CLC
     80BC   6C AE 00   JMP (&00AE)
.PrintStringSPL
     80BF   85 B3      STA &B3
     80C1   68         PLA
     80C2   85 AE      STA &AE
     80C4   68         PLA
     80C5   85 AF      STA &AF
     80C7   A5 B3      LDA &B3
     80C9   48         PHA
     80CA   98         TYA
     80CB   48         PHA
     80CC   A0 00      LDY #&00
.pstr_loop
     80CE   20 EE 83   JSR &83EE
     80D1   30 E5      BMI &80B8
     80D3   20 E3 FF   JSR &FFE3
     80D6   4C CE 80   JMP &80CE
.PrintSpace
     80D9   A9 20      LDA #&20
     80DB   D0 05      BNE &80E2
.PrintNibFullStop
     80DD   20 06 81   JSR &8106
.PrintFullStop
     80E0   A9 2E      LDA #&2E
.PrintChrA
     80E2   20 F7 83   JSR &83F7
     80E5   48         PHA
     80E6   A9 EC      LDA #&EC
     80E8   20 2A 93   JSR &932A
     80EB   8A         TXA
     80EC   48         PHA
     80ED   09 10      ORA #&10
     80EF   AA         TAX
     80F0   20 F9 80   JSR &80F9
     80F3   68         PLA
     80F4   AA         TAX
     80F5   68         PLA
     80F6   20 E3 FF   JSR &FFE3
.osbyte03_Xoutstream
     80F9   A9 03      LDA #&03
     80FB   4C F4 FF   JMP &FFF4
.PrintHex
     80FE   48         PHA
     80FF   20 23 82   JSR &8223
     8102   20 06 81   JSR &8106
     8105   68         PLA
.PrintNibble
     8106   20 28 81   JSR &8128
     8109   D0 D7      BNE &80E2
.PrintBCDSPL
     810B   20 2F 84   JSR &842F
.PrintHexSPL
     810E   48         PHA
     810F   20 23 82   JSR &8223
     8112   20 16 81   JSR &8116
     8115   68         PLA
.PrintNibbleSPL
     8116   20 28 81   JSR &8128
     8119   4C EE FF   JMP &FFEE
.Print2SpacesSPL
     811C   20 1F 81   JSR &811F
.PrintSpaceSPL
     811F   48         PHA
     8120   A9 20      LDA #&20
     8122   20 EE FF   JSR &FFEE
     8125   68         PLA
     8126   18         CLC
     8127   60         RTS
.NibToASC
     8128   29 0F      AND #&0F
     812A   C9 0A      CMP #&0A
     812C   90 02      BCC &8130
     812E   69 06      ADC #&06
.nibasc
     8130   69 30      ADC #&30
     8132   60         RTS
.CopyVarsB0BA
     8133   20 43 81   JSR &8143
     8136   CA         DEX
     8137   CA         DEX
     8138   20 3B 81   JSR &813B
.cpybyte1
     813B   B1 B0      LDA (&B0),Y
     813D   9D 72 B9   STA &B972,X
     8140   E8         INX
     8141   C8         INY
     8142   60         RTS
.CopyWordB0BA
     8143   20 46 81   JSR &8146
.cpybyte2
     8146   B1 B0      LDA (&B0),Y
     8148   95 BA      STA &BA,X
     814A   E8         INX
     814B   C8         INY
     814C   60         RTS
.read_fspTextPointer
     814D   20 CE 8B   JSR &8BCE
     8150   4C 63 81   JMP &8163
.read_fspBA_reset
     8153   20 CE 8B   JSR &8BCE
.read_fspBA
     8156   A5 BA      LDA &BA
     8158   85 F2      STA &F2
     815A   A5 BB      LDA &BB
     815C   85 F3      STA &F3
     815E   A0 00      LDY #&00
     8160   20 C4 81   JSR &81C4
.rdafsp_entry
     8163   A2 20      LDX #&20
     8165   20 A9 81   JSR &81A9
     8168   B0 1B      BCS &8185
     816A   8D 00 B9   STA &B900
     816D   C9 2E      CMP #&2E
     816F   D0 04      BNE &8175
.rdafsp_setdrv
     8171   86 CC      STX &CC
     8173   F0 EE      BEQ &8163
.rdafsp_notdot
     8175   C9 3A      CMP #&3A
     8177   D0 15      BNE &818E
     8179   20 E3 8B   JSR &8BE3
     817C   20 A9 81   JSR &81A9
     817F   B0 04      BCS &8185
     8181   C9 2E      CMP #&2E
     8183   F0 DE      BEQ &8163
.errBadName
     8185   20 58 80   JSR &8058
     8188   CC
     8189   6E 61 6D ...
     818D   00
.rdafsp_notcolon
     818E   AA         TAX
     818F   20 A9 81   JSR &81A9
     8192   B0 34      BCS &81C8
     8194   C9 2E      CMP #&2E
     8196   F0 D9      BEQ &8171
     8198   A2 01      LDX #&01
.rdafsp_rdfnloop
     819A   9D 00 B9   STA &B900,X
     819D   E8         INX
     819E   20 A9 81   JSR &81A9
     81A1   B0 27      BCS &81CA
     81A3   E0 07      CPX #&07
     81A5   D0 F3      BNE &819A
     81A7   F0 DC      BEQ &8185
.GSREAD_A
     81A9   20 C5 FF   JSR &FFC5
     81AC   08         PHP
     81AD   29 7F      AND #&7F
     81AF   C9 0D      CMP #&0D
     81B1   F0 08      BEQ &81BB
     81B3   C9 20      CMP #&20
     81B5   90 CE      BCC &8185
     81B7   C9 7F      CMP #&7F
     81B9   F0 CA      BEQ &8185
.dogsrd_exit
     81BB   28         PLP
     81BC   60         RTS
.SetTextPointerYX
     81BD   86 F2      STX &F2
     81BF   84 F3      STY &F3
     81C1   A0 00      LDY #&00
     81C3   60         RTS
.GSINIT_A
     81C4   18         CLC
     81C5   4C C2 FF   JMP &FFC2
.Rdafsp_padall
     81C8   A2 01      LDX #&01
.rdafsp_padX
     81CA   A9 20      LDA #&20
.rdafsp_padloop
     81CC   9D 00 B9   STA &B900,X
     81CF   E8         INX
     81D0   E0 40      CPX #&40
     81D2   D0 F8      BNE &81CC
     81D4   A2 06      LDX #&06
.rdafsp_cpyfnloop
     81D6   BD 00 B9   LDA &B900,X
     81D9   95 C5      STA &C5,X
     81DB   CA         DEX
     81DC   10 F8      BPL &81D6
     81DE   60         RTS
.prt_filename_Yoffset
     81DF   20 F7 83   JSR &83F7
     81E2   B9 0F B7   LDA &B70F,Y
     81E5   08         PHP
     81E6   29 7F      AND #&7F
     81E8   D0 05      BNE &81EF
     81EA   20 1C 81   JSR &811C
     81ED   F0 06      BEQ &81F5
.prt_filename_prtchr
     81EF   20 E2 80   JSR &80E2
     81F2   20 E0 80   JSR &80E0
.prt_filename_nodir
     81F5   A2 06      LDX #&06
.prt_filename_loop
     81F7   B9 08 B7   LDA &B708,Y
     81FA   29 7F      AND #&7F
     81FC   20 E2 80   JSR &80E2
     81FF   C8         INY
     8200   CA         DEX
     8201   10 F4      BPL &81F7
     8203   20 1C 81   JSR &811C
     8206   A9 20      LDA #&20
     8208   28         PLP
     8209   10 02      BPL &820D
     820B   A9 4C      LDA #&4C
.prt_filename_notlocked
     820D   20 E2 80   JSR &80E2
     8210   A0 01      LDY #&01
.prt_Yspaces
     8212   20 1F 81   JSR &811F
     8215   88         DEY
     8216   D0 FA      BNE &8212
     8218   60         RTS
.A_rorx6and3
     8219   4A         LSR A
     821A   4A         LSR A
.A_rorx4and3
     821B   4A         LSR A
     821C   4A         LSR A
.A_rorx2and3
     821D   4A         LSR A
     821E   4A         LSR A
     821F   29 03      AND #&03
     8221   60         RTS
.A_rorx5
     8222   4A         LSR A
.A_rorx4
     8223   4A         LSR A
     8224   4A         LSR A
     8225   4A         LSR A
     8226   4A         LSR A
     8227   60         RTS
.A_rolx5
     8228   0A         ASL A
.A_rolx4
     8229   0A         ASL A
     822A   0A         ASL A
     822B   0A         ASL A
     822C   0A         ASL A
.getcat_exit
     822D   60         RTS
.parameter_afsp_Param_SyntaxErrorIfNull_getcatentry_fspTxtP
     822E   20 32 92   JSR &9232
.Param_SyntaxErrorIfNull_getcatentry_fspTxtP
     8231   20 AE 99   JSR &99AE
.getcatentry_fspTxtP
     8234   20 4D 81   JSR &814D
     8237   30 03      BMI &823C
.getcatentry_fspBA
     8239   20 53 81   JSR &8153
.getcatentry
     823C   20 81 82   JSR &8281
     823F   B0 EC      BCS &822D
.err_FILENOTFOUND
     8241   20 72 80   JSR &8072
     8244   D6
     8245   4E 6F 74 ...
     824E   00
.fscv9_starEX
     824F   20 BD 81   JSR &81BD
.CMD_EX
     8252   20 CE 8B   JSR &8BCE
     8255   20 C4 81   JSR &81C4
     8258   F0 03      BEQ &825D
     825A   20 89 89   JSR &8989
.cmd_ex_nullstr
     825D   A9 2A      LDA #&2A
     825F   8D 00 B9   STA &B900
     8262   20 C8 81   JSR &81C8
     8265   20 32 92   JSR &9232
     8268   20 3C 82   JSR &823C
     826B   4C 78 82   JMP &8278
.fscv10_starINFO
     826E   20 BD 81   JSR &81BD
     8271   A9 4E      LDA #&4E
     8273   85 BF      STA &BF
.CMD_INFO
     8275   20 2E 82   JSR &822E
.cmd_info_loop
     8278   20 4D 83   JSR &834D
     827B   20 88 82   JSR &8288
     827E   B0 F8      BCS &8278
     8280   60         RTS
.get_cat_firstentry80
.get_cat_firstentry81
     8281   20 F5 A0   JSR &A0F5
     8284   A2 00      LDX #&00
     8286   F0 18      BEQ &82A0
.get_cat_nextentry
     8288   A2 00      LDX #&00
     828A   F0 18      BEQ &82A4
.get_cat_firstentry80fname
     828C   A2 06      LDX #&06
.getcatloop1
     828E   B5 C5      LDA &C5,X
     8290   9D 58 B9   STA &B958,X
     8293   CA         DEX
     8294   10 F8      BPL &828E
     8296   A9 20      LDA #&20
     8298   8D 5F B9   STA &B95F
     829B   20 F5 A0   JSR &A0F5
     829E   A2 58      LDX #&58
.getcatentry2
     82A0   A9 00      LDA #&00
     82A2   85 B6      STA &B6
.getcatsetupB7
     82A4   A9 B7      LDA #&B7
     82A6   85 B7      STA &B7
.getcatloop2
     82A8   A0 00      LDY #&00
     82AA   A5 B6      LDA &B6
     82AC   CD 05 B8   CMP &B805
     82AF   B0 49      BCS &82FA
     82B1   69 08      ADC #&08
     82B3   85 B6      STA &B6
     82B5   20 CF 82   JSR &82CF
     82B8   90 EE      BCC &82A8
     82BA   A5 CC      LDA &CC
     82BC   A0 07      LDY #&07
     82BE   20 FC 82   JSR &82FC
     82C1   D0 E5      BNE &82A8
     82C3   A4 B6      LDY &B6
     82C5   38         SEC
.Y_sub8
     82C6   88         DEY
     82C7   88         DEY
     82C8   88         DEY
     82C9   88         DEY
     82CA   88         DEY
     82CB   88         DEY
     82CC   88         DEY
     82CD   88         DEY
.NotCmdTable2
     82CE   60         RTS
.MatchFilename
     82CF   20 F7 83   JSR &83F7
.matfn_loop1
     82D2   BD 00 B9   LDA &B900,X
     82D5   CD CE B9   CMP &B9CE
     82D8   D0 13      BNE &82ED
     82DA   E8         INX
.matfn_loop2
     82DB   20 CF 82   JSR &82CF
     82DE   B0 1B      BCS &82FB
     82E0   C8         INY
     82E1   C0 07      CPY #&07
     82E3   90 F6      BCC &82DB
.matfn_loop3
     82E5   BD 00 B9   LDA &B900,X
     82E8   C9 20      CMP #&20
     82EA   D0 0E      BNE &82FA
     82EC   60         RTS
.matfn_nomatch
     82ED   C0 07      CPY #&07
     82EF   B0 F4      BCS &82E5
     82F1   20 FC 82   JSR &82FC
     82F4   D0 04      BNE &82FA
     82F6   E8         INX
     82F7   C8         INY
     82F8   D0 D8      BNE &82D2
.matfn_exitC0
     82FA   18         CLC
.matfn_exit
     82FB   60         RTS
.MatchChr
     82FC   CD CE B9   CMP &B9CE
     82FF   F0 10      BEQ &8311
     8301   CD CD B9   CMP &B9CD
     8304   F0 0B      BEQ &8311
     8306   20 3A 83   JSR &833A
     8309   51 B6      EOR (&B6),Y
     830B   B0 02      BCS &830F
     830D   29 5F      AND #&5F
.matchr_notalpha
     830F   29 7F      AND #&7F
.matchr_exit
     8311   60         RTS
.UcaseA2
     8312   08         PHP
     8313   20 3A 83   JSR &833A
     8316   B0 02      BCS &831A
     8318   29 5F      AND #&5F
.ucasea
     831A   29 7F      AND #&7F
     831C   28         PLP
     831D   60         RTS
.DeleteCatEntry_YFileOffset
     831E   20 E7 92   JSR &92E7
.delcatloop
     8321   B9 10 B7   LDA &B710,Y
     8324   99 08 B7   STA &B708,Y
     8327   B9 10 B8   LDA &B810,Y
     832A   99 08 B8   STA &B808,Y
     832D   C8         INY
     832E   CC 05 B8   CPY &B805
     8331   90 EE      BCC &8321
     8333   98         TYA
     8334   E9 08      SBC #&08
     8336   8D 05 B8   STA &B805
.print_infoline_exit
     8339   60         RTS
.IsAlphaChar
     833A   48         PHA
     833B   29 5F      AND #&5F
     833D   C9 41      CMP #&41
     833F   90 04      BCC &8345
     8341   C9 5B      CMP #&5B
     8343   90 01      BCC &8346
.isalpha1
     8345   38         SEC
.isalpha2
     8346   68         PLA
     8347   60         RTS
.prt_InfoMsg_Yoffset
     8348   2C C6 B9   BIT &B9C6
     834B   30 EC      BMI &8339
.prt_InfoLine_Yoffset
     834D   20 F7 83   JSR &83F7
     8350   20 DF 81   JSR &81DF
     8353   98         TYA
     8354   48         PHA
     8355   A9 60      LDA #&60
     8357   85 B0      STA &B0
     8359   A9 B9      LDA #&B9
     835B   85 B1      STA &B1
     835D   20 98 83   JSR &8398
     8360   A0 02      LDY #&02
     8362   20 1F 81   JSR &811F
     8365   20 86 83   JSR &8386
     8368   20 86 83   JSR &8386
     836B   20 86 83   JSR &8386
     836E   68         PLA
     836F   A8         TAY
     8370   B9 0E B8   LDA &B80E,Y
     8373   29 03      AND #&03
     8375   20 06 81   JSR &8106
     8378   B9 0F B8   LDA &B80F,Y
     837B   20 FE 80   JSR &80FE
.PrintNewLine
     837E   48         PHA
     837F   A9 0D      LDA #&0D
     8381   20 E2 80   JSR &80E2
     8384   68         PLA
     8385   60         RTS
.PrintHex3Byte
     8386   A2 03      LDX #&03
.printhex3byte_loop
     8388   B9 62 B9   LDA &B962,Y
     838B   20 FE 80   JSR &80FE
     838E   88         DEY
     838F   CA         DEX
     8390   D0 F6      BNE &8388
     8392   20 F2 87   JSR &87F2
     8395   4C 1F 81   JMP &811F
.ReadFileAttribsToB0_Yoffset
     8398   20 F7 83   JSR &83F7
     839B   98         TYA
     839C   48         PHA
     839D   AA         TAX
     839E   A0 12      LDY #&12
     83A0   A9 00      LDA #&00
.readfileattribs_clearloop
     83A2   88         DEY
     83A3   91 B0      STA (&B0),Y
     83A5   C0 02      CPY #&02
     83A7   D0 F9      BNE &83A2
.readfileattribs_copyloop
     83A9   20 E3 83   JSR &83E3
     83AC   C8         INY
     83AD   C8         INY
     83AE   C0 0E      CPY #&0E
     83B0   D0 F7      BNE &83A9
     83B2   68         PLA
     83B3   AA         TAX
     83B4   BD 0F B7   LDA &B70F,X
     83B7   10 04      BPL &83BD
     83B9   A9 08      LDA #&08
     83BB   91 B0      STA (&B0),Y
.readfileattribs_notlocked
     83BD   BD 0E B8   LDA &B80E,X
     83C0   A0 04      LDY #&04
     83C2   20 D1 83   JSR &83D1
     83C5   A0 0C      LDY #&0C
     83C7   4A         LSR A
     83C8   4A         LSR A
     83C9   48         PHA
     83CA   29 03      AND #&03
     83CC   91 B0      STA (&B0),Y
     83CE   68         PLA
     83CF   A0 08      LDY #&08
.readfileattribs_addrHiBytes
     83D1   4A         LSR A
     83D2   4A         LSR A
     83D3   48         PHA
     83D4   29 03      AND #&03
     83D6   C9 03      CMP #&03
     83D8   D0 05      BNE &83DF
     83DA   A9 FF      LDA #&FF
     83DC   91 B0      STA (&B0),Y
     83DE   C8         INY
.readfileattribs_nothost
     83DF   91 B0      STA (&B0),Y
.readfileattribs_exits
     83E1   68         PLA
     83E2   60         RTS
.readfileattribs_copy2bytes
     83E3   20 E6 83   JSR &83E6
.readfileattribs_copy1byte
     83E6   BD 08 B8   LDA &B808,X
     83E9   91 B0      STA (&B0),Y
     83EB   E8         INX
     83EC   C8         INY
     83ED   60         RTS
.inc_word_AE_and_load
     83EE   E6 AE      INC &AE
     83F0   D0 02      BNE &83F4
     83F2   E6 AF      INC &AF
.inc_word_AE_exit
     83F4   B1 AE      LDA (&AE),Y
     83F6   60         RTS
.RememberAXY
     83F7   48         PHA
     83F8   8A         TXA
     83F9   48         PHA
     83FA   98         TYA
     83FB   48         PHA
     83FC   A9 84      LDA #&84
     83FE   48         PHA
     83FF   A9 19      LDA #&19
     8401   48         PHA
.rAXY_loop_init
     8402   A0 05      LDY #&05
.rAXY_loop
     8404   BA         TSX
     8405   BD 07 01   LDA &0107,X
     8408   48         PHA
     8409   88         DEY
     840A   D0 F8      BNE &8404
     840C   A0 0A      LDY #&0A
.rAXY_loop2
     840E   BD 09 01   LDA &0109,X
     8411   9D 0B 01   STA &010B,X
     8414   CA         DEX
     8415   88         DEY
     8416   D0 F6      BNE &840E
     8418   68         PLA
     8419   68         PLA
.rAXY_restore
     841A   68         PLA
     841B   A8         TAY
     841C   68         PLA
     841D   AA         TAX
     841E   68         PLA
     841F   60         RTS
.RememberXYonly
     8420   48         PHA
     8421   8A         TXA
     8422   48         PHA
     8423   98         TYA
     8424   48         PHA
     8425   20 02 84   JSR &8402
.axyret1
     8428   BA         TSX
     8429   9D 03 01   STA &0103,X
     842C   4C 1A 84   JMP &841A
.BinaryToBCD
     842F   20 20 84   JSR &8420
     8432   A8         TAY
     8433   F0 0A      BEQ &843F
     8435   18         CLC
     8436   F8         SED
     8437   A9 00      LDA #&00
.bbcd_loop
     8439   69 01      ADC #&01
     843B   88         DEY
     843C   D0 FB      BNE &8439
     843E   D8         CLD
.bbcd_exit
     843F   60         RTS
.Param_ReadNum
     8440   20 C4 81   JSR &81C4
     8443   38         SEC
     8444   F0 2A      BEQ &8470
     8446   08         PHP
     8447   A9 00      LDA #&00
     8449   85 B9      STA &B9
     844B   F0 18      BEQ &8465
.L1
     844D   38         SEC
     844E   E9 30      SBC #&30
     8450   90 1D      BCC &846F
     8452   C9 0A      CMP #&0A
     8454   B0 19      BCS &846F
     8456   85 B8      STA &B8
     8458   A5 B9      LDA &B9
     845A   0A         ASL A
     845B   85 B9      STA &B9
     845D   0A         ASL A
     845E   0A         ASL A
     845F   65 B9      ADC &B9
     8461   65 B8      ADC &B8
     8463   85 B9      STA &B9
.L2
     8465   20 C5 FF   JSR &FFC5
     8468   90 E3      BCC &844D
     846A   A6 B9      LDX &B9
     846C   28         PLP
     846D   18         CLC
     846E   60         RTS
.L3
     846F   28         PLP
.L4
     8470   60         RTS
.fscv5_starCAT
     8471   20 BD 81   JSR &81BD
     8474   20 DB 8B   JSR &8BDB
     8477   20 03 A1   JSR &A103
     847A   A0 FF      LDY #&FF
     847C   84 A8      STY &A8
     847E   C8         INY
     847F   84 AA      STY &AA
.cat_titleloop
     8481   B9 00 B7   LDA &B700,Y
     8484   C0 08      CPY #&08
     8486   90 03      BCC &848B
     8488   B9 F8 B7   LDA &B7F8,Y
.cat_titlelo
     848B   20 E2 80   JSR &80E2
     848E   C8         INY
     848F   C0 0C      CPY #&0C
     8491   D0 EE      BNE &8481
     8493   20 9F 80   JSR &809F
     8496   20 28 
     8498   AD 04 B8   LDA &B804
     849B   20 FE 80   JSR &80FE
     849E   20 9F 80   JSR &809F
     84A1   29 
     84A2   0D
     84A3   44 72 69 ...
     84A9   A5 CD      LDA &CD
     84AB   20 06 81   JSR &8106
     84AE   A0 0D      LDY #&0D
     84B0   20 12 82   JSR &8212
     84B3   20 9F 80   JSR &809F
     84B6   4F 70 74 ...
     84BD   AD 06 B8   LDA &B806
     84C0   20 23 82   JSR &8223
     84C3   48         PHA
     84C4   20 9C 80   JSR &809C
     84C7   20 28 
     84C9   A0 03      LDY #&03
     84CB   68         PLA
     84CC   0A         ASL A
     84CD   0A         ASL A
     84CE   AA         TAX
.cat_printoptionnameloop
     84CF   BD BB 85   LDA &85BB,X
     84D2   20 E2 80   JSR &80E2
     84D5   E8         INX
     84D6   88         DEY
     84D7   10 F6      BPL &84CF
     84D9   20 9F 80   JSR &809F
     84DC   29 
     84DD   0D
     84DE   44 69 72 ...
     84E4   AD CA B9   LDA &B9CA
     84E7   20 DD 80   JSR &80DD
     84EA   AD C9 B9   LDA &B9C9
     84ED   20 E2 80   JSR &80E2
     84F0   A0 0B      LDY #&0B
     84F2   20 12 82   JSR &8212
     84F5   20 9F 80   JSR &809F
     84F8   4C 69 62 ...
     84FE   AD CC B9   LDA &B9CC
     8501   20 DD 80   JSR &80DD
     8504   AD CB B9   LDA &B9CB
     8507   20 E2 80   JSR &80E2
     850A   20 7E 83   JSR &837E
     850D   A0 00      LDY #&00
.cat_curdirloop
     850F   CC 05 B8   CPY &B805
     8512   B0 17      BCS &852B
     8514   B9 0F B7   LDA &B70F,Y
     8517   4D C9 B9   EOR &B9C9
     851A   29 5F      AND #&5F
     851C   D0 08      BNE &8526
     851E   B9 0F B7   LDA &B70F,Y
     8521   29 80      AND #&80
     8523   99 0F B7   STA &B70F,Y
.cat_curdirnext
     8526   20 F1 87   JSR &87F1
     8529   90 E4      BCC &850F
.cat_sortloop1
     852B   A0 00      LDY #&00
     852D   20 3D 85   JSR &853D
     8530   90 16      BCC &8548
     8532   A9 FF      LDA #&FF
     8534   8D 82 B9   STA &B982
     8537   4C 7E 83   JMP &837E
.cat_getnextunmarkedfile_loop
     853A   20 F1 87   JSR &87F1
.cat_getnextunmarkedfileY
     853D   CC 05 B8   CPY &B805
     8540   B0 05      BCS &8547
     8542   B9 08 B7   LDA &B708,Y
     8545   30 F3      BMI &853A
.cat_exit
     8547   60         RTS
.cat_printfilename
     8548   84 AB      STY &AB
     854A   A2 00      LDX #&00
.cat_copyfnloop
     854C   B9 08 B7   LDA &B708,Y
     854F   20 12 83   JSR &8312
     8552   9D 60 B9   STA &B960,X
     8555   C8         INY
     8556   E8         INX
     8557   E0 08      CPX #&08
     8559   D0 F1      BNE &854C
.cat_comparefnloop1
     855B   20 3D 85   JSR &853D
     855E   B0 23      BCS &8583
     8560   38         SEC
     8561   A2 06      LDX #&06
.cat_comparefnloop2
     8563   B9 0E B7   LDA &B70E,Y
     8566   20 12 83   JSR &8312
     8569   FD 60 B9   SBC &B960,X
     856C   88         DEY
     856D   CA         DEX
     856E   10 F3      BPL &8563
     8570   20 F2 87   JSR &87F2
     8573   B9 0F B7   LDA &B70F,Y
     8576   20 12 83   JSR &8312
     8579   ED 67 B9   SBC &B967
     857C   90 CA      BCC &8548
     857E   20 F1 87   JSR &87F1
     8581   B0 D8      BCS &855B
.cat_printfn
     8583   A4 AB      LDY &AB
     8585   B9 08 B7   LDA &B708,Y
     8588   09 80      ORA #&80
     858A   99 08 B7   STA &B708,Y
     858D   AD 67 B9   LDA &B967
     8590   C5 AA      CMP &AA
     8592   F0 10      BEQ &85A4
     8594   A6 AA      LDX &AA
     8596   85 AA      STA &AA
     8598   D0 0A      BNE &85A4
     859A   20 7E 83   JSR &837E
.cat_newline
     859D   20 7E 83   JSR &837E
     85A0   A0 FF      LDY #&FF
     85A2   D0 09      BNE &85AD
.cat_samedir
     85A4   A4 A8      LDY &A8
     85A6   D0 F5      BNE &859D
     85A8   A0 05      LDY #&05
     85AA   20 12 82   JSR &8212
.cat_skipspaces
     85AD   C8         INY
     85AE   84 A8      STY &A8
     85B0   A4 AB      LDY &AB
     85B2   20 1C 81   JSR &811C
     85B5   20 DF 81   JSR &81DF
     85B8   4C 2B 85   JMP &852B
.diskoptions_table
     85BB   6F 66 66 
     85BE   00
     85BF   4C 4F 41 ...
     85C3   52 55 4E 
     85C6   00
     85C7   45 58 45 ...
.cmdtable1
     85CB   FF
     85CC   41 43 43 ...
     85D2   B2
     85D3   42 41 43 ...
     85D9   8C
     85DA   43 4C 4F ...
     85DF   80
     85E0   43 4F 4D ...
     85E7   85
     85E8   43 4F 50 ...
     85EC   AC
     85ED   44 45 4C ...
     85F3   88
     85F4   44 45 53 ...
     85FB   82
     85FC   44 49 52 
     85FF   86
     8600   44 52 49 ...
     8605   81
     8606   45 4E 41 ...
     860C   80
     860D   45 58 
     860F   86
     8610   46 4F 52 ...
     8614   DF
     8615   46 52 45 ...
     8619   84
.info_cmd_index
     861A   49 4E 46 ...
     861E   82
     861F   4C 49 42 
     8622   86
     8623   4D 41 50 
     8626   84
     8627   52 45 4E ...
     862D   8D
     862E   54 49 54 ...
     8633   8A
     8634   56 45 52 ...
     863A   85
     863B   57 49 50 ...
     863F   82
     8640   00         BRK
.cmdtable2
     8641   14
     8642   42 55 49 ...
     8647   88
     8648   44 55 4D ...
     864C   88
     864D   4C 49 53 ...
     8651   88
     8652   54 59 50 ...
     8656   88
     8657   00         BRK
.cmdtable22
     8658   19
     8659   44 49 53 ...
     865D   80
     865E   44 49 53 ...
     8662   80
     8663   4D 4D 46 ...
     8667   80
     8668   43 41 52 ...
     866C   80
     866D   00         BRK
.cmdtable3
     866E   1E
     866F   44 55 54 ...
     8675   80
     8676   4D 4D 46 ...
     867A   80
     867B   55 54 49 ...
     8680   80
     8681   00         BRK
.cmdtable4
     8682   22
     8683   41 43 43 ...
     8689   BE
     868A   42 4F 4F ...
     868E   89
     868F   42 55 47 
     8692   80
     8693   43 41 54 
     8696   8E
     8697   44 49 52 
     869A   89
     869B   44 52 49 ...
     86A0   80
     86A1   49 4E 
     86A3   F4
     86A4   4F 55 54 
     86A7   84
     86A8   52 45 4E ...
     86AE   F7
     86AF   41 42 4F ...
     86B4   80
     86B5   00         BRK
.cmdaddr1
     86B6   DE 89
     86B8   23 9C
     86BA   A3 93
     86BC   C4 9A
     86BE   7C 9C
     86C0   A5 87
     86C2   B4 87
     86C4   67 89
     86C6   04 88
     86C8   96 8B
     86CA   51 82
     86CC   80 1D
     86CE   DC 9E
     86D0   74 82
     86D2   6B 89
     86D4   DF 9E
     86D6   FC 8B
     86D8   B2 89
     86DA   7C 1D
     86DC   7C 87
     86DE   11 87
.cmdaddr2
     86E0   51 B2
     86E2   AA B1
     86E4   19 B2
     86E6   15 B2
     86E8   CD 82
.cmdaddr22
     86EA   C5 8C
     86EC   C5 8C
     86EE   CF 8C
     86F0   CF 8C
     86F2   09 8E
.cmdaddr3
     86F4   93 99
     86F6   53 99
     86F8   9A 99
     86FA   A1 99
.cmdaddr4
     86FC   66 2E
     86FE   7D 2C
     8700   4C 27
     8702   62 2C
     8704   13 2D
     8706   16 2E
     8708   AC 2C
     870A   E6 2D
     870C   A3 2E
     870E   3A A7
     8710   A4 88
.cmdaddrX
.NotCmdTable1
     8712   A2 B7      LDX #&B7
     8714   20 C4 81   JSR &81C4
     8717   B1 F2      LDA (&F2),Y
     8719   C8         INY
     871A   09 20      ORA #&20
     871C   C9 64      CMP #&64
     871E   F0 09      BEQ &8729
     8720   88         DEY
     8721   4C A5 88   JMP &88A5
.fscv3_unreccommand
     8724   20 BD 81   JSR &81BD
     8727   A2 00      LDX #&00
.UnrecCommandTextPointer
     8729   BD CB 85   LDA &85CB,X
     872C   85 BE      STA &BE
     872E   98         TYA
     872F   48         PHA
.unrecloop1
     8730   E6 BE      INC &BE
     8732   68         PLA
     8733   48         PHA
     8734   A8         TAY
     8735   20 C4 81   JSR &81C4
     8738   E8         INX
     8739   BD CB 85   LDA &85CB,X
     873C   F0 28      BEQ &8766
     873E   CA         DEX
     873F   88         DEY
     8740   86 BF      STX &BF
.unrecloop2
     8742   E8         INX
     8743   C8         INY
     8744   BD CB 85   LDA &85CB,X
     8747   30 16      BMI &875F
.unrecloop2in
     8749   51 F2      EOR (&F2),Y
     874B   29 5F      AND #&5F
     874D   F0 F3      BEQ &8742
     874F   CA         DEX
.unrecloop3
     8750   E8         INX
     8751   BD CB 85   LDA &85CB,X
     8754   10 FA      BPL &8750
     8756   B1 F2      LDA (&F2),Y
     8758   C9 2E      CMP #&2E
     875A   D0 D4      BNE &8730
     875C   C8         INY
     875D   B0 07      BCS &8766
.endofcmd_oncmdline
     875F   B1 F2      LDA (&F2),Y
     8761   20 3A 83   JSR &833A
     8764   90 CA      BCC &8730
.gocmdcode
     8766   68         PLA
     8767   A5 BE      LDA &BE
     8769   0A         ASL A
     876A   AA         TAX
     876B   BD B7 86   LDA &86B7,X
     876E   10 06      BPL &8776
.gocmdcode2
     8770   48         PHA
     8771   BD B6 86   LDA &86B6,X
     8774   48         PHA
     8775   60         RTS
.dommcinit
     8776   20 D4 A6   JSR &A6D4
     8779   09 80      ORA #&80
     877B   D0 F3      BNE &8770
.CMD_WIPE
     877D   20 2E 82   JSR &822E
.wipeloop
     8780   B9 0F B7   LDA &B70F,Y
     8783   30 1B      BMI &87A0
     8785   20 DF 81   JSR &81DF
     8788   20 E2 9B   JSR &9BE2
     878B   D0 13      BNE &87A0
     878D   A6 B6      LDX &B6
     878F   20 DC 93   JSR &93DC
     8792   86 B6      STX &B6
     8794   20 FA 87   JSR &87FA
     8797   84 AB      STY &AB
     8799   20 07 A1   JSR &A107
     879C   A5 AB      LDA &AB
     879E   85 B6      STA &B6
.wipenext
     87A0   20 88 82   JSR &8288
     87A3   B0 DB      BCS &8780
     87A5   60         RTS
.CMD_DELETE
     87A6   20 29 92   JSR &9229
     87A9   20 31 82   JSR &8231
     87AC   20 48 83   JSR &8348
     87AF   20 1E 83   JSR &831E
     87B2   4C 07 A1   JMP &A107
.CMD_DESTROY
     87B5   20 93 9B   JSR &9B93
     87B8   20 2E 82   JSR &822E
.destroyloop1
     87BB   B9 0F B7   LDA &B70F,Y
     87BE   30 06      BMI &87C6
     87C0   20 DF 81   JSR &81DF
     87C3   20 7E 83   JSR &837E
.destroylocked1
     87C6   20 88 82   JSR &8288
     87C9   B0 F0      BCS &87BB
     87CB   20 EA 9B   JSR &9BEA
     87CE   D0 29      BNE &87F9
     87D0   20 DC 93   JSR &93DC
     87D3   20 81 82   JSR &8281
.destroyloop2
     87D6   B9 0F B7   LDA &B70F,Y
     87D9   30 03      BMI &87DE
     87DB   20 FA 87   JSR &87FA
.destroylocked2
     87DE   20 88 82   JSR &8288
     87E1   B0 F3      BCS &87D6
     87E3   20 07 A1   JSR &A107
.msgDELETED
     87E6   20 9F 80   JSR &809F
     87E9   44 65 6C ...
     87F0   0D
.Y_add8
     87F1   C8         INY
.Y_add7
     87F2   C8         INY
     87F3   C8         INY
     87F4   C8         INY
     87F5   C8         INY
     87F6   C8         INY
     87F7   C8         INY
     87F8   C8         INY
.Y_rts
     87F9   60         RTS
.DeleteCatEntry_AdjustPtr
     87FA   20 1E 83   JSR &831E
     87FD   A4 B6      LDY &B6
     87FF   20 C6 82   JSR &82C6
     8802   84 B6      STY &B6
     8804   60         RTS
.CMD_DRIVE
     8805   20 E0 8B   JSR &8BE0
     8808   8D CA B9   STA &B9CA
     880B   60         RTS
.osfileFF_loadfiletoaddr
     880C   20 39 82   JSR &8239
     880F   20 09 93   JSR &9309
     8812   20 98 83   JSR &8398
.LoadFile_Ycatoffset
     8815   84 BA      STY &BA
     8817   A2 00      LDX #&00
     8819   A5 BE      LDA &BE
     881B   D0 06      BNE &8823
     881D   C8         INY
     881E   C8         INY
     881F   A2 02      LDX #&02
     8821   D0 08      BNE &882B
.loadAtLoadAddr
     8823   B9 0E B8   LDA &B80E,Y
     8826   85 C2      STA &C2
     8828   20 9D 8B   JSR &8B9D
.load_copyfileinfo_loop
     882B   B9 08 B8   LDA &B808,Y
     882E   95 BC      STA &BC,X
     8830   C8         INY
     8831   E8         INX
     8832   E0 08      CPX #&08
     8834   D0 F5      BNE &882B
     8836   20 B7 8B   JSR &8BB7
     8839   A4 BA      LDY &BA
     883B   20 48 83   JSR &8348
.LoadMemBlockEX
     883E   20 B6 A0   JSR &A0B6
.LoadMemBlock
     8841   A9 85      LDA #&85
     8843   D0 0B      BNE &8850
.osfile0_savememblock
     8845   20 82 8A   JSR &8A82
     8848   20 09 93   JSR &9309
     884B   20 98 83   JSR &8398
.SaveMemBlock
     884E   A9 A5      LDA #&A5
.exec_block_rw
     8850   8D B6 B9   STA &B9B6
     8853   A9 05      LDA #&05
     8855   8D B5 B9   STA &B9B5
     8858   A5 CD      LDA &CD
     885A   8D B0 B9   STA &B9B0
     885D   A2 02      LDX #&02
.loop0
     885F   B5 BB      LDA &BB,X
     8861   9D B0 B9   STA &B9B0,X
     8864   BD 73 B9   LDA &B973,X
     8867   9D B2 B9   STA &B9B2,X
     886A   CA         DEX
     886B   D0 F2      BNE &885F
     886D   A5 C2      LDA &C2
     886F   29 03      AND #&03
     8871   AA         TAX
     8872   A5 C3      LDA &C3
     8874   A0 FF      LDY #&FF
.loop1
     8876   38         SEC
.loop2
     8877   C8         INY
     8878   E9 0A      SBC #&0A
     887A   B0 FB      BCS &8877
     887C   CA         DEX
     887D   10 F7      BPL &8876
     887F   69 0A      ADC #&0A
     8881   8C B7 B9   STY &B9B7
     8884   8D B8 B9   STA &B9B8
     8887   A5 C1      LDA &C1
     8889   8D B9 B9   STA &B9B9
     888C   A5 C2      LDA &C2
     888E   4A         LSR A
     888F   4A         LSR A
     8890   4A         LSR A
     8891   4A         LSR A
     8892   29 03      AND #&03
     8894   8D BA B9   STA &B9BA
     8897   A5 C0      LDA &C0
     8899   8D BB B9   STA &B9BB
     889C   20 58 A1   JSR &A158
     889F   A9 01      LDA #&01
     88A1   60         RTS
.fscv2_4_11_starRUN
     88A2   20 BD 81   JSR &81BD
.NotCmdTable4
.SetWordBA_txtptr
     88A5   A9 FF      LDA #&FF
     88A7   85 BE      STA &BE
     88A9   A5 F2      LDA &F2
     88AB   85 BA      STA &BA
     88AD   A5 F3      LDA &F3
     88AF   85 BB      STA &BB
     88B1   8C DA B9   STY &B9DA
     88B4   20 53 81   JSR &8153
     88B7   8C D9 B9   STY &B9D9
     88BA   20 81 82   JSR &8281
     88BD   B0 21      BCS &88E0
     88BF   AC DA B9   LDY &B9DA
     88C2   AD CB B9   LDA &B9CB
     88C5   85 CC      STA &CC
     88C7   AD CC B9   LDA &B9CC
     88CA   85 CD      STA &CD
     88CC   20 56 81   JSR &8156
     88CF   20 81 82   JSR &8281
     88D2   B0 0C      BCS &88E0
.errBADCOMMAND
     88D4   20 58 80   JSR &8058
     88D7   FE
     88D8   63 6F 6D ...
     88DF   00
.runfile_found
     88E0   B9 0E B8   LDA &B80E,Y
     88E3   20 19 82   JSR &8219
     88E6   C9 03      CMP #&03
     88E8   D0 42      BNE &892C
     88EA   B9 0A B8   LDA &B80A,Y
     88ED   39 0B B8   AND &B80B,Y
     88F0   C9 FF      CMP #&FF
     88F2   D0 38      BNE &892C
     88F4   A2 06      LDX #&06
.runfile_exec_loop
     88F6   BD 00 B9   LDA &B900,X
     88F9   9D 07 B9   STA &B907,X
     88FC   CA         DEX
     88FD   10 F7      BPL &88F6
     88FF   A9 0D      LDA #&0D
     8901   8D 0E B9   STA &B90E
     8904   A9 45      LDA #&45
     8906   8D 00 B9   STA &B900
     8909   A9 3A      LDA #&3A
     890B   8D 02 B9   STA &B902
     890E   A5 CD      LDA &CD
     8910   09 30      ORA #&30
     8912   8D 03 B9   STA &B903
     8915   A9 2E      LDA #&2E
     8917   8D 01 B9   STA &B901
     891A   8D 04 B9   STA &B904
     891D   8D 06 B9   STA &B906
     8920   A5 CC      LDA &CC
     8922   8D 05 B9   STA &B905
     8925   A2 00      LDX #&00
     8927   A0 B9      LDY #&B9
     8929   4C F7 FF   JMP &FFF7
.runfile_run
     892C   20 15 88   JSR &8815
     892F   18         CLC
     8930   AD D9 B9   LDA &B9D9
     8933   A8         TAY
     8934   65 F2      ADC &F2
     8936   8D D9 B9   STA &B9D9
     8939   A5 F3      LDA &F3
     893B   69 00      ADC #&00
     893D   8D DA B9   STA &B9DA
     8940   AD 76 B9   LDA &B976
     8943   2D 77 B9   AND &B977
     8946   0D D6 B9   ORA &B9D6
     8949   C9 FF      CMP #&FF
     894B   F0 16      BEQ &8963
     894D   A5 BE      LDA &BE
     894F   8D 74 B9   STA &B974
     8952   A5 BF      LDA &BF
     8954   8D 75 B9   STA &B975
     8957   20 5A 8C   JSR &8C5A
     895A   A2 74      LDX #&74
     895C   A0 B9      LDY #&B9
     895E   A9 04      LDA #&04
     8960   4C 06 04   JMP &0406
.runfile_inhost
     8963   A9 01      LDA #&01
     8965   6C BE 00   JMP (&00BE)
.CMD_DIR
     8968   A2 00      LDX #&00
     896A   F0 02      BEQ &896E
.CMD_LIB
     896C   A2 02      LDX #&02
.setdirlib
     896E   20 7A 89   JSR &897A
     8971   9D CA B9   STA &B9CA,X
     8974   A5 CC      LDA &CC
     8976   9D C9 B9   STA &B9C9,X
     8979   60         RTS
.ReadDirDrvParameters
     897A   AD C9 B9   LDA &B9C9
     897D   85 CC      STA &CC
     897F   20 C4 81   JSR &81C4
     8982   D0 05      BNE &8989
     8984   A9 00      LDA #&00
     8986   85 CD      STA &CD
     8988   60         RTS
.ReadDirDrvParameters2
     8989   20 D3 8B   JSR &8BD3
.rdd_loop
     898C   20 A9 81   JSR &81A9
     898F   B0 10      BCS &89A1
     8991   C9 3A      CMP #&3A
     8993   D0 14      BNE &89A9
     8995   20 E3 8B   JSR &8BE3
     8998   20 A9 81   JSR &81A9
     899B   B0 13      BCS &89B0
     899D   C9 2E      CMP #&2E
     899F   F0 EB      BEQ &898C
.errBADDIRECTORY
     89A1   20 58 80   JSR &8058
     89A4   CE
     89A5   64 69 72 
     89A8   00
.rdd_exit2
     89A9   85 CC      STA &CC
     89AB   20 A9 81   JSR &81A9
     89AE   90 F1      BCC &89A1
.rdd_exit1
     89B0   A5 CD      LDA &CD
     89B2   60         RTS
.CMD_TITLE
     89B3   20 AE 99   JSR &99AE
     89B6   20 FD A0   JSR &A0FD
     89B9   A2 0B      LDX #&0B
     89BB   A9 00      LDA #&00
.cmdtit_loop1
     89BD   20 D3 89   JSR &89D3
     89C0   CA         DEX
     89C1   10 FA      BPL &89BD
.cmdtit_loop2
     89C3   E8         INX
     89C4   20 A9 81   JSR &81A9
     89C7   B0 07      BCS &89D0
     89C9   20 D3 89   JSR &89D3
     89CC   E0 0B      CPX #&0B
     89CE   90 F3      BCC &89C3
.cmdtit_savecat
     89D0   4C 07 A1   JMP &A107
.SetDiskTitleChr_Xpos
     89D3   E0 08      CPX #&08
     89D5   90 04      BCC &89DB
     89D7   9D F8 B7   STA &B7F8,X
     89DA   60         RTS
.setdisttit_page
     89DB   9D 00 B7   STA &B700,X
     89DE   60         RTS
.CMD_ACCESS
     89DF   20 32 92   JSR &9232
     89E2   20 AE 99   JSR &99AE
     89E5   20 4D 81   JSR &814D
     89E8   A2 00      LDX #&00
     89EA   20 C4 81   JSR &81C4
     89ED   D0 1F      BNE &8A0E
.cmdac_flag
     89EF   86 AA      STX &AA
     89F1   20 3C 82   JSR &823C
.cmdac_filefound
     89F4   20 EA 92   JSR &92EA
     89F7   B9 0F B7   LDA &B70F,Y
     89FA   29 7F      AND #&7F
     89FC   05 AA      ORA &AA
     89FE   99 0F B7   STA &B70F,Y
     8A01   20 48 83   JSR &8348
     8A04   20 88 82   JSR &8288
     8A07   B0 EB      BCS &89F4
.jmp_savecattodisk
     8A09   4C 07 A1   JMP &A107
.cmdac_paramloop
     8A0C   A2 80      LDX #&80
.cmdac_getparam
     8A0E   20 A9 81   JSR &81A9
     8A11   B0 DC      BCS &89EF
     8A13   29 5F      AND #&5F
     8A15   C9 4C      CMP #&4C
     8A17   F0 F3      BEQ &8A0C
.errBADATTRIBUTE
     8A19   20 58 80   JSR &8058
     8A1C   CF
     8A1D   61 74 74 ...
     8A26   00
.fscv0_starOPT
     8A27   20 F7 83   JSR &83F7
     8A2A   8A         TXA
     8A2B   C9 04      CMP #&04
     8A2D   F0 1E      BEQ &8A4D
     8A2F   C9 05      CMP #&05
     8A31   F0 34      BEQ &8A67
     8A33   C9 02      CMP #&02
     8A35   90 0B      BCC &8A42
.errBADOPTION
     8A37   20 58 80   JSR &8058
     8A3A   CB
     8A3B   6F 70 74 ...
     8A41   00
.opts0_1
     8A42   A2 FF      LDX #&FF
     8A44   98         TYA
     8A45   F0 02      BEQ &8A49
     8A47   A2 00      LDX #&00
.opts0_1_Y0
     8A49   8E C6 B9   STX &B9C6
     8A4C   60         RTS
.SetBootOption_Yoption
     8A4D   98         TYA
     8A4E   48         PHA
     8A4F   20 CE 8B   JSR &8BCE
     8A52   20 03 A1   JSR &A103
     8A55   68         PLA
     8A56   20 29 82   JSR &8229
     8A59   4D 06 B8   EOR &B806
     8A5C   29 30      AND #&30
     8A5E   4D 06 B8   EOR &B806
     8A61   8D 06 B8   STA &B806
     8A64   4C 07 A1   JMP &A107
.DiskTrapOption
     8A67   98         TYA
     8A68   08         PHP
     8A69   A6 F4      LDX &F4
     8A6B   BD F0 0D   LDA &0DF0,X
     8A6E   29 BF      AND #&BF
     8A70   28         PLP
     8A71   F0 02      BEQ &8A75
     8A73   09 40      ORA #&40
.skip
     8A75   9D F0 0D   STA &0DF0,X
     8A78   60         RTS
.errDISKFULL
     8A79   20 4D 80   JSR &804D
     8A7C   C6
     8A7D   66 75 6C ...
     8A81   00
.CreateFile_FSP
     8A82   20 53 81   JSR &8153
     8A85   20 81 82   JSR &8281
     8A88   90 03      BCC &8A8D
     8A8A   20 1E 83   JSR &831E
.createfile_nodel
     8A8D   A5 C0      LDA &C0
     8A8F   48         PHA
     8A90   A5 C1      LDA &C1
     8A92   48         PHA
     8A93   38         SEC
     8A94   A5 C2      LDA &C2
     8A96   E5 C0      SBC &C0
     8A98   85 C0      STA &C0
     8A9A   A5 C3      LDA &C3
     8A9C   E5 C1      SBC &C1
     8A9E   85 C1      STA &C1
     8AA0   AD 7A B9   LDA &B97A
     8AA3   ED 78 B9   SBC &B978
     8AA6   20 D7 8A   JSR &8AD7
     8AA9   AD 79 B9   LDA &B979
     8AAC   8D 75 B9   STA &B975
     8AAF   AD 78 B9   LDA &B978
     8AB2   8D 74 B9   STA &B974
     8AB5   68         PLA
     8AB6   85 BD      STA &BD
     8AB8   68         PLA
     8AB9   85 BC      STA &BC
     8ABB   60         RTS
.CreateFile_3
     8ABC   85 CD      STA &CD
     8ABE   A5 CC      LDA &CC
     8AC0   48         PHA
     8AC1   20 00 A1   JSR &A100
     8AC4   20 8C 82   JSR &828C
     8AC7   90 03      BCC &8ACC
     8AC9   20 1E 83   JSR &831E
.cd_writedest_cat_nodel
     8ACC   68         PLA
     8ACD   85 CC      STA &CC
     8ACF   20 B4 8B   JSR &8BB4
     8AD2   A5 C2      LDA &C2
     8AD4   20 1B 82   JSR &821B
.CreateFile_2
     8AD7   85 C4      STA &C4
     8AD9   A9 00      LDA #&00
     8ADB   85 C2      STA &C2
     8ADD   A9 02      LDA #&02
     8ADF   85 C3      STA &C3
     8AE1   AC 05 B8   LDY &B805
     8AE4   C0 F8      CPY #&F8
     8AE6   90 31      BCC &8B19
.errCATALOGUEFULL
     8AE8   20 62 80   JSR &8062
     8AEB   BE
     8AEC   43 61 74 ...
     8AF4   00
.cfile_loop
     8AF5   F0 82      BEQ &8A79
     8AF7   20 C6 82   JSR &82C6
     8AFA   B9 0E B8   LDA &B80E,Y
     8AFD   20 1B 82   JSR &821B
     8B00   85 C2      STA &C2
     8B02   18         CLC
     8B03   A9 FF      LDA #&FF
     8B05   79 0C B8   ADC &B80C,Y
     8B08   B9 0F B8   LDA &B80F,Y
     8B0B   79 0D B8   ADC &B80D,Y
     8B0E   85 C3      STA &C3
     8B10   B9 0E B8   LDA &B80E,Y
     8B13   29 03      AND #&03
     8B15   65 C2      ADC &C2
     8B17   85 C2      STA &C2
.Getfirstblock_Yoffset
     8B19   38         SEC
     8B1A   B9 07 B8   LDA &B807,Y
     8B1D   E5 C3      SBC &C3
     8B1F   48         PHA
     8B20   B9 06 B8   LDA &B806,Y
     8B23   29 03      AND #&03
     8B25   E5 C2      SBC &C2
     8B27   AA         TAX
     8B28   A9 00      LDA #&00
     8B2A   C5 C0      CMP &C0
     8B2C   68         PLA
     8B2D   E5 C1      SBC &C1
     8B2F   8A         TXA
     8B30   E5 C4      SBC &C4
     8B32   98         TYA
     8B33   90 C0      BCC &8AF5
     8B35   84 B0      STY &B0
     8B37   AC 05 B8   LDY &B805
.cfile_insertfileloop
     8B3A   C4 B0      CPY &B0
     8B3C   F0 0F      BEQ &8B4D
     8B3E   B9 07 B7   LDA &B707,Y
     8B41   99 0F B7   STA &B70F,Y
     8B44   B9 07 B8   LDA &B807,Y
     8B47   99 0F B8   STA &B80F,Y
     8B4A   88         DEY
     8B4B   B0 ED      BCS &8B3A
.cfile_atcatentry
     8B4D   AD 76 B9   LDA &B976
     8B50   29 03      AND #&03
     8B52   0A         ASL A
     8B53   0A         ASL A
     8B54   45 C4      EOR &C4
     8B56   29 FC      AND #&FC
     8B58   45 C4      EOR &C4
     8B5A   0A         ASL A
     8B5B   0A         ASL A
     8B5C   4D 74 B9   EOR &B974
     8B5F   29 FC      AND #&FC
     8B61   4D 74 B9   EOR &B974
     8B64   0A         ASL A
     8B65   0A         ASL A
     8B66   45 C2      EOR &C2
     8B68   29 FC      AND #&FC
     8B6A   45 C2      EOR &C2
     8B6C   85 C2      STA &C2
     8B6E   A2 00      LDX #&00
     8B70   98         TYA
     8B71   48         PHA
.cfile_copyfnloop
     8B72   B5 C5      LDA &C5,X
     8B74   99 08 B7   STA &B708,Y
     8B77   B5 BC      LDA &BC,X
     8B79   99 08 B8   STA &B808,Y
     8B7C   C8         INY
     8B7D   E8         INX
     8B7E   E0 08      CPX #&08
     8B80   D0 F0      BNE &8B72
     8B82   68         PLA
     8B83   A8         TAY
     8B84   48         PHA
     8B85   20 48 83   JSR &8348
     8B88   AC 05 B8   LDY &B805
     8B8B   20 F1 87   JSR &87F1
     8B8E   8C 05 B8   STY &B805
     8B91   20 07 A1   JSR &A107
     8B94   68         PLA
     8B95   A8         TAY
     8B96   60         RTS
.CMD_ENABLE
     8B97   A9 01      LDA #&01
     8B99   8D C7 B9   STA &B9C7
     8B9C   60         RTS
.LoadAddrHi2
     8B9D   A9 00      LDA #&00
     8B9F   8D 75 B9   STA &B975
     8BA2   A5 C2      LDA &C2
     8BA4   29 08      AND #&08
     8BA6   8D 74 B9   STA &B974
     8BA9   F0 08      BEQ &8BB3
.SetLoadAddrToHost
     8BAB   A9 FF      LDA #&FF
     8BAD   8D 75 B9   STA &B975
     8BB0   8D 74 B9   STA &B974
.ldadd_nothost
     8BB3   60         RTS
.LoadandEexeAddrHi2
     8BB4   20 9D 8B   JSR &8B9D
.ExecAddrHi2
     8BB7   A9 00      LDA #&00
     8BB9   8D 77 B9   STA &B977
     8BBC   A5 C2      LDA &C2
     8BBE   20 19 82   JSR &8219
     8BC1   C9 03      CMP #&03
     8BC3   D0 05      BNE &8BCA
     8BC5   A9 FF      LDA #&FF
     8BC7   8D 77 B9   STA &B977
.exadd_nothost
     8BCA   8D 76 B9   STA &B976
     8BCD   60         RTS
.Set_CurDirDrv_ToDefaults
     8BCE   AD C9 B9   LDA &B9C9
     8BD1   85 CC      STA &CC
.Set_CurDrv_ToDefault
     8BD3   AD CA B9   LDA &B9CA
.SetCurrentDrive_Adrive
     8BD6   29 03      AND #&03
.SetCurrentDrive_Adrive_noand
     8BD8   85 CD      STA &CD
     8BDA   60         RTS
.Param_OptionalDriveNo
     8BDB   20 C4 81   JSR &81C4
     8BDE   F0 F3      BEQ &8BD3
.Param_DriveNo_Syntax
     8BE0   20 AE 99   JSR &99AE
.Param_DriveNo_BadDrive
     8BE3   20 A9 81   JSR &81A9
     8BE6   B0 0B      BCS &8BF3
     8BE8   C9 3A      CMP #&3A
     8BEA   F0 F7      BEQ &8BE3
     8BEC   38         SEC
     8BED   E9 30      SBC #&30
     8BEF   C9 04      CMP #&04
     8BF1   90 E5      BCC &8BD8
.errBADDRIVE
     8BF3   20 58 80   JSR &8058
     8BF6   CD
     8BF7   64 72 69 ...
     8BFC   00
.CMD_RENAME
     8BFD   20 29 92   JSR &9229
     8C00   20 AE 99   JSR &99AE
     8C03   20 4D 81   JSR &814D
     8C06   98         TYA
     8C07   48         PHA
     8C08   20 3C 82   JSR &823C
     8C0B   20 E7 92   JSR &92E7
     8C0E   84 C4      STY &C4
     8C10   68         PLA
     8C11   A8         TAY
     8C12   20 AE 99   JSR &99AE
     8C15   A5 CD      LDA &CD
     8C17   48         PHA
     8C18   20 4D 81   JSR &814D
     8C1B   68         PLA
     8C1C   C5 CD      CMP &CD
     8C1E   D0 14      BNE &8C34
     8C20   20 81 82   JSR &8281
     8C23   90 12      BCC &8C37
     8C25   C4 C4      CPY &C4
     8C27   F0 0E      BEQ &8C37
.errFILEEXISTS
     8C29   20 62 80   JSR &8062
     8C2C   C4
     8C2D   45 78 69 ...
     8C33   00
.jmpBADDRIVE
     8C34   4C F3 8B   JMP &8BF3
.rname_ok
     8C37   A4 C4      LDY &C4
     8C39   20 F1 87   JSR &87F1
     8C3C   A2 07      LDX #&07
.rname_loop
     8C3E   B5 C5      LDA &C5,X
     8C40   99 07 B7   STA &B707,Y
     8C43   88         DEY
     8C44   CA         DEX
     8C45   10 F7      BPL &8C3E
     8C47   4C 07 A1   JMP &A107
.TUBE_CheckIfPresent
     8C4A   A9 EA      LDA #&EA
     8C4C   A2 00      LDX #&00
     8C4E   A0 FF      LDY #&FF
     8C50   20 F4 FF   JSR &FFF4
     8C53   8A         TXA
     8C54   49 FF      EOR #&FF
     8C56   8D D6 B9   STA &B9D6
     8C59   60         RTS
.TUBE_CLAIM
     8C5A   48         PHA
.tclaim_loop
     8C5B   A9 CA      LDA #&CA
     8C5D   20 06 04   JSR &0406
     8C60   90 F9      BCC &8C5B
     8C62   68         PLA
     8C63   60         RTS
.TUBE_RELEASE
     8C64   20 4A 8C   JSR &8C4A
     8C67   30 07      BMI &8C70
.TUBE_RELEASE_NoCheck
     8C69   48         PHA
     8C6A   A9 8A      LDA #&8A
     8C6C   20 06 04   JSR &0406
     8C6F   68         PLA
.trelease_exit
     8C70   60         RTS
.CheckESCAPE
     8C71   24 FF      BIT &FF
     8C73   10 1F      BPL &8C94
.ReportESCAPE
     8C75   A9 7E      LDA #&7E
     8C77   20 F4 FF   JSR &FFF4
     8C7A   20 72 80   JSR &8072
     8C7D   11
     8C7E   45 73 63 ...
     8C84   00
.PrintHex100
     8C85   48         PHA
     8C86   20 23 82   JSR &8223
     8C89   20 8D 8C   JSR &8C8D
     8C8C   68         PLA
.PrintNib100
     8C8D   20 28 81   JSR &8128
     8C90   9D 00 01   STA &0100,X
     8C93   E8         INX
.noesc
     8C94   60         RTS
.BootOptions
     8C95   4C 2E 21 ...
     8C9C   0D
     8C9D   45 2E 21 ...
     8CA4   0D
.AUTOBOOT
     8CA5   A5 B3      LDA &B3
     8CA7   20 9F 80   JSR &809F
Macro BOOT_NAME:
Macro BASE_NAME:
     8CAA   45 6C 65 ...
Macro SYSTEM_NAME:
     8CB3   4D 4D 46 ...
End macro SYSTEM_NAME
     8CB8   20 53 57 ...
End macro BASE_NAME
Macro DEVICE_NAME:
     8CBE   20 45 50 ...
End macro DEVICE_NAME
Macro DFS_EMUL_NAME:
End macro DFS_EMUL_NAME
     8CC2   0D
     8CC3   0D
End macro BOOT_NAME
     8CC4   90 0C      BCC &8CD2
.CMD_DISC
     8CC6   A6 F4      LDX &F4
     8CC8   BD F0 0D   LDA &0DF0,X
     8CCB   29 40      AND #&40
     8CCD   F0 01      BEQ &8CD0
     8CCF   60         RTS
.CMD_CARD
     8CD0   A9 FF      LDA #&FF
.initMMFS
     8CD2   20 C4 95   JSR &95C4
     8CD5   48         PHA
     8CD6   A9 06      LDA #&06
     8CD8   20 36 80   JSR &8036
     8CDB   A2 0D      LDX #&0D
.vectloop
     8CDD   BD 31 93   LDA &9331,X
     8CE0   9D 12 02   STA &0212,X
     8CE3   CA         DEX
     8CE4   10 F7      BPL &8CDD
     8CE6   A9 A8      LDA #&A8
     8CE8   20 2A 93   JSR &932A
     8CEB   84 B1      STY &B1
     8CED   86 B0      STX &B0
     8CEF   A2 07      LDX #&07
     8CF1   A0 1B      LDY #&1B
.extendedvec_loop
     8CF3   B9 24 93   LDA &9324,Y
     8CF6   91 B0      STA (&B0),Y
     8CF8   C8         INY
     8CF9   B9 24 93   LDA &9324,Y
     8CFC   91 B0      STA (&B0),Y
     8CFE   C8         INY
     8CFF   A5 F4      LDA &F4
     8D01   91 B0      STA (&B0),Y
     8D03   C8         INY
     8D04   CA         DEX
     8D05   D0 EC      BNE &8CF3
     8D07   8C 82 B9   STY &B982
     8D0A   8C 83 B9   STY &B983
     8D0D   86 CD      STX &CD
     8D0F   8E AF B9   STX &B9AF
     8D12   A2 0F      LDX #&0F
     8D14   A9 8F      LDA #&8F
     8D16   20 F4 FF   JSR &FFF4
     8D19   AD D3 B9   LDA &B9D3
     8D1C   30 2F      BMI &8D4D
     8D1E   A9 FF      LDA #&FF
     8D20   8D D3 B9   STA &B9D3
.setdefaults
     8D23   A9 20      LDA #&20
     8D25   8D C0 BA   STA &BAC0
     8D28   8D D0 BA   STA &BAD0
     8D2B   A9 24      LDA #&24
     8D2D   8D C9 B9   STA &B9C9
     8D30   8D CB B9   STA &B9CB
     8D33   A9 00      LDA #&00
     8D35   8D CC B9   STA &B9CC
     8D38   A0 00      LDY #&00
     8D3A   8C CA B9   STY &B9CA
     8D3D   8C C0 B9   STY &B9C0
     8D40   88         DEY
     8D41   8C C7 B9   STY &B9C7
     8D44   8C C6 B9   STY &B9C6
     8D47   8C DD B9   STY &B9DD
     8D4A   20 81 8D   JSR &8D81
.initdfs_noreset
     8D4D   20 4A 8C   JSR &8C4A
     8D50   A9 FD      LDA #&FD
     8D52   20 2A 93   JSR &932A
     8D55   E0 00      CPX #&00
     8D57   F0 06      BEQ &8D5F
     8D59   20 D4 A6   JSR &A6D4
     8D5C   20 BA AC   JSR &ACBA
.skipautoload
     8D5F   68         PLA
     8D60   D0 0B      BNE &8D6D
     8D62   20 03 A1   JSR &A103
     8D65   AD 06 B8   LDA &B806
     8D68   20 23 82   JSR &8223
     8D6B   D0 01      BNE &8D6E
.initdfs_exit
     8D6D   60         RTS
.notOPT0
     8D6E   A0 8C      LDY #&8C
     8D70   A2 95      LDX #&95
     8D72   C9 02      CMP #&02
     8D74   90 08      BCC &8D7E
     8D76   F0 04      BEQ &8D7C
     8D78   A2 9D      LDX #&9D
     8D7A   D0 02      BNE &8D7E
.oscliOPT2
     8D7C   A2 9F      LDX #&9F
.jmpOSCLI
     8D7E   4C F7 FF   JMP &FFF7
.VIDRESET
     8D81   A0 0F      LDY #&0F
     8D83   A9 00      LDA #&00
.loop
     8D85   99 E0 B9   STA &B9E0,Y
     8D88   88         DEY
     8D89   10 FA      BPL &8D85
     8D8B   A9 01      LDA #&01
     8D8D   8D F0 B9   STA &B9F0
     8D90   60         RTS
.MMFS_SERVICECALLS
     8D91   48         PHA
     8D92   BD F0 0D   LDA &0DF0,X
     8D95   30 1E      BMI &8DB5
.lbl1
     8D97   68         PLA
     8D98   C9 12      CMP #&12
     8D9A   F0 31      BEQ &8DCD
     8D9C   C9 0B      CMP #&0B
     8D9E   B0 14      BCS &8DB4
.label4
     8DA0   0A         ASL A
     8DA1   AA         TAX
     8DA2   BD B8 8D   LDA &8DB8,X
     8DA5   48         PHA
     8DA6   BD B7 8D   LDA &8DB7,X
     8DA9   48         PHA
     8DAA   8A         TXA
     8DAB   A6 F4      LDX &F4
     8DAD   4A         LSR A
     8DAE   C9 0B      CMP #&0B
     8DB0   90 02      BCC &8DB4
     8DB2   69 15      ADC #&15
.label3
.SERVICE_NULL
     8DB4   60         RTS
.romdisabled
     8DB5   68         PLA
     8DB6   60         RTS
.data
     8DB7   B3 8D
     8DB9   B3 8D
     8DBB   D6 8D
     8DBD   E8 8D
     8DBF   01 8E
     8DC1   B3 8D
     8DC3   B3 8D
     8DC5   B3 8D
     8DC7   0D 8E
     8DC9   6B 8E
     8DCB   B3 8D
.SERVICE12_init_filesystem
Macro BP12K_NEST:
End macro BP12K_NEST
     8DCD   C0 04      CPY #&04
     8DCF   D0 E3      BNE &8DB4
     8DD1   20 F7 83   JSR &83F7
     8DD4   4C D0 8C   JMP &8CD0
.SERVICE02_claim_privworkspace
     8DD7   98         TYA
     8DD8   48         PHA
     8DD9   A9 FD      LDA #&FD
     8DDB   20 2A 93   JSR &932A
     8DDE   CA         DEX
     8DDF   8E D3 B9   STX &B9D3
     8DE2   A6 F4      LDX &F4
     8DE4   68         PLA
     8DE5   A8         TAY
     8DE6   A9 02      LDA #&02
.srv3_exit
     8DE8   60         RTS
.SERVICE03_autoboot
Macro BP12K_NEST:
End macro BP12K_NEST
     8DE9   20 F7 83   JSR &83F7
     8DEC   84 B3      STY &B3
     8DEE   A9 7A      LDA #&7A
     8DF0   20 F4 FF   JSR &FFF4
     8DF3   8A         TXA
     8DF4   30 09      BMI &8DFF
     8DF6   C9 65      CMP #&65
     8DF8   D0 EE      BNE &8DE8
     8DFA   A9 78      LDA #&78
     8DFC   20 F4 FF   JSR &FFF4
.jmpAUTOBOOT
     8DFF   4C A5 8C   JMP &8CA5
.SERVICE04_unrec_command
Macro BP12K_NEST:
End macro BP12K_NEST
     8E02   20 F7 83   JSR &83F7
     8E05   A2 8D      LDX #&8D
.jmpunreccmd
     8E07   4C 29 87   JMP &8729
.NotCmdTable22
     8E0A   A2 76      LDX #&76
     8E0C   D0 F9      BNE &8E07
.SERVICE08_unrec_OSWORD
Macro BP12K_NEST:
End macro BP12K_NEST
     8E0E   20 F7 83   JSR &83F7
     8E11   A4 EF      LDY &EF
     8E13   30 2F      BMI &8E44
     8E15   C0 7D      CPY #&7D
     8E17   90 2B      BCC &8E44
     8E19   AD 13 02   LDA &0213
     8E1C   C9 FF      CMP #&FF
     8E1E   D0 24      BNE &8E44
     8E20   AD 12 02   LDA &0212
     8E23   C9 1B      CMP #&1B
     8E25   D0 1D      BNE &8E44
     8E27   AD BC 0D   LDA &0DBC
     8E2A   C5 F4      CMP &F4
     8E2C   D0 16      BNE &8E44
     8E2E   20 C4 95   JSR &95C4
     8E31   A6 F0      LDX &F0
     8E33   86 B0      STX &B0
     8E35   A6 F1      LDX &F1
     8E37   86 B1      STX &B1
     8E39   A4 EF      LDY &EF
     8E3B   C8         INY
     8E3C   10 07      BPL &8E45
     8E3E   08         PHP
     8E3F   58         CLI
     8E40   20 26 B0   JSR &B026
     8E43   28         PLP
.notMMFS
.exit
     8E44   60         RTS
.notOSWORD7F
     8E45   20 FD A0   JSR &A0FD
     8E48   C8         INY
     8E49   30 08      BMI &8E53
     8E4B   A0 00      LDY #&00
     8E4D   AD 04 B8   LDA &B804
     8E50   91 B0      STA (&B0),Y
     8E52   60         RTS
.OSWORD7E
     8E53   A9 00      LDA #&00
     8E55   A8         TAY
     8E56   91 B0      STA (&B0),Y
     8E58   C8         INY
     8E59   AD 07 B8   LDA &B807
     8E5C   91 B0      STA (&B0),Y
     8E5E   C8         INY
     8E5F   AD 06 B8   LDA &B806
     8E62   29 03      AND #&03
     8E64   91 B0      STA (&B0),Y
     8E66   C8         INY
     8E67   A9 00      LDA #&00
     8E69   91 B0      STA (&B0),Y
     8E6B   60         RTS
.SERVICE09_help
     8E6C   20 F7 83   JSR &83F7
     8E6F   B1 F2      LDA (&F2),Y
     8E71   A2 A3      LDX #&A3
     8E73   C9 0D      CMP #&0D
     8E75   D0 90      BNE &8E07
     8E77   98         TYA
     8E78   A0 03      LDY #&03
     8E7A   4C 59 99   JMP &9959
.FILEV_ENTRY
     8E7D   20 20 84   JSR &8420
     8E80   48         PHA
     8E81   20 29 92   JSR &9229
     8E84   86 B0      STX &B0
     8E86   8E DB B9   STX &B9DB
     8E89   84 B1      STY &B1
     8E8B   8C DC B9   STY &B9DC
     8E8E   A2 00      LDX #&00
     8E90   A0 00      LDY #&00
     8E92   20 43 81   JSR &8143
.filev_copyparams_loop
     8E95   20 33 81   JSR &8133
     8E98   C0 12      CPY #&12
     8E9A   D0 F9      BNE &8E95
     8E9C   68         PLA
     8E9D   AA         TAX
     8E9E   E8         INX
     8E9F   E0 08      CPX #&08
     8EA1   B0 08      BCS &8EAB
     8EA3   BD 74 93   LDA &9374,X
     8EA6   48         PHA
     8EA7   BD 6C 93   LDA &936C,X
     8EAA   48         PHA
.filev_unknownop
     8EAB   A9 00      LDA #&00
     8EAD   60         RTS
.FSCV_ENTRY
     8EAE   C9 0C      CMP #&0C
     8EB0   B0 F9      BCS &8EAB
     8EB2   86 B5      STX &B5
     8EB4   AA         TAX
     8EB5   BD 60 93   LDA &9360,X
     8EB8   48         PHA
     8EB9   BD 54 93   LDA &9354,X
     8EBC   48         PHA
     8EBD   8A         TXA
     8EBE   A6 B5      LDX &B5
     8EC0   60         RTS
.GBPBV_ENTRY
     8EC1   C9 09      CMP #&09
     8EC3   B0 1D      BCS &8EE2
     8EC5   20 F7 83   JSR &83F7
     8EC8   20 C4 95   JSR &95C4
     8ECB   8E 7D B9   STX &B97D
     8ECE   8C 7E B9   STY &B97E
     8ED1   A8         TAY
     8ED2   4C 83 90   JMP &9083
.upgbpb
     8ED5   20 E3 8E   JSR &8EE3
     8ED8   08         PHP
     8ED9   2C 81 B9   BIT &B981
     8EDC   10 03      BPL &8EE1
     8EDE   20 69 8C   JSR &8C69
.gbpb_nottube
     8EE1   28         PLP
.gbpbv_unrecop
     8EE2   60         RTS
.gbpb_gosub
     8EE3   B9 7C 93   LDA &937C,Y
     8EE6   8D D7 B9   STA &B9D7
     8EE9   B9 85 93   LDA &9385,Y
     8EEC   8D D8 B9   STA &B9D8
     8EEF   B9 8E 93   LDA &938E,Y
     8EF2   4A         LSR A
     8EF3   08         PHP
     8EF4   4A         LSR A
     8EF5   08         PHP
     8EF6   8D 7F B9   STA &B97F
     8EF9   A0 0C      LDY #&0C
.gbpb_ctlblk_loop
     8EFB   B1 B4      LDA (&B4),Y
     8EFD   99 60 B9   STA &B960,Y
     8F00   88         DEY
     8F01   10 F8      BPL &8EFB
     8F03   AD 63 B9   LDA &B963
     8F06   2D 64 B9   AND &B964
     8F09   0D D6 B9   ORA &B9D6
     8F0C   18         CLC
     8F0D   69 01      ADC #&01
     8F0F   F0 06      BEQ &8F17
     8F11   20 5A 8C   JSR &8C5A
     8F14   18         CLC
     8F15   A9 FF      LDA #&FF
.gbpb_nottube1
     8F17   8D 81 B9   STA &B981
     8F1A   AD 7F B9   LDA &B97F
     8F1D   B0 07      BCS &8F26
     8F1F   A2 61      LDX #&61
     8F21   A0 B9      LDY #&B9
     8F23   20 06 04   JSR &0406
.gbpb_nottube2
     8F26   28         PLP
     8F27   B0 04      BCS &8F2D
     8F29   28         PLP
.gbpb_jmpsub
     8F2A   6C D7 B9   JMP (&B9D7)
.gbpb_rw_seqptr
     8F2D   A2 03      LDX #&03
.gbpb_seqptr_loop1
     8F2F   BD 69 B9   LDA &B969,X
     8F32   95 B6      STA &B6,X
     8F34   CA         DEX
     8F35   10 F8      BPL &8F2F
     8F37   A2 B6      LDX #&B6
     8F39   AC 60 B9   LDY &B960
     8F3C   A9 00      LDA #&00
     8F3E   28         PLP
     8F3F   B0 03      BCS &8F44
     8F41   20 AA 98   JSR &98AA
.gpbp_dontwriteseqptr
     8F44   20 0F 96   JSR &960F
     8F47   A2 03      LDX #&03
.gbpb_seqptr_loop2
     8F49   B5 B6      LDA &B6,X
     8F4B   9D 69 B9   STA &B969,X
     8F4E   CA         DEX
     8F4F   10 F8      BPL &8F49
.gbpb_rwdata
     8F51   20 21 90   JSR &9021
     8F54   30 0D      BMI &8F63
.gbpb_data_loop
     8F56   AC 60 B9   LDY &B960
     8F59   20 2A 8F   JSR &8F2A
     8F5C   B0 0D      BCS &8F6B
     8F5E   A2 09      LDX #&09
     8F60   20 5C 90   JSR &905C
.gbpb_data_loopin
     8F63   A2 05      LDX #&05
     8F65   20 5C 90   JSR &905C
     8F68   D0 EC      BNE &8F56
     8F6A   18         CLC
.gbpb_data_loopout
     8F6B   08         PHP
     8F6C   20 21 90   JSR &9021
     8F6F   A2 05      LDX #&05
     8F71   20 5C 90   JSR &905C
     8F74   20 2F 90   JSR &902F
     8F77   A0 0C      LDY #&0C
.gbpb_restorectlblk_loop
     8F79   B9 60 B9   LDA &B960,Y
     8F7C   91 B4      STA (&B4),Y
     8F7E   88         DEY
     8F7F   10 F8      BPL &8F79
     8F81   28         PLP
     8F82   60         RTS
.gbpb8_rdfilescurdir
     8F83   20 F2 A0   JSR &A0F2
     8F86   A9 92      LDA #&92
     8F88   8D D7 B9   STA &B9D7
     8F8B   A9 8F      LDA #&8F
     8F8D   8D D8 B9   STA &B9D8
     8F90   D0 BF      BNE &8F51
.gbpb8_getbyte
     8F92   AC 69 B9   LDY &B969
.gbpb8_loop
     8F95   CC 05 B8   CPY &B805
     8F98   B0 28      BCS &8FC2
     8F9A   B9 0F B7   LDA &B70F,Y
     8F9D   20 3A 83   JSR &833A
     8FA0   45 CC      EOR &CC
     8FA2   B0 02      BCS &8FA6
     8FA4   29 DF      AND #&DF
.gbpb8_notalpha
     8FA6   29 7F      AND #&7F
     8FA8   F0 05      BEQ &8FAF
     8FAA   20 F1 87   JSR &87F1
     8FAD   D0 E6      BNE &8F95
.gbpb8_filefound
     8FAF   A9 07      LDA #&07
     8FB1   20 48 90   JSR &9048
     8FB4   85 B0      STA &B0
.gbpb8_copyfn_loop
     8FB6   B9 08 B7   LDA &B708,Y
     8FB9   20 48 90   JSR &9048
     8FBC   C8         INY
     8FBD   C6 B0      DEC &B0
     8FBF   D0 F5      BNE &8FB6
     8FC1   18         CLC
.gbpb8_endofcat
     8FC2   8C 69 B9   STY &B969
     8FC5   AD 04 B8   LDA &B804
     8FC8   8D 60 B9   STA &B960
     8FCB   60         RTS
.gbpb5_getmediatitle
     8FCC   20 F2 A0   JSR &A0F2
     8FCF   A9 0C      LDA #&0C
     8FD1   20 48 90   JSR &9048
     8FD4   A0 00      LDY #&00
.gbpb5_titleloop
     8FD6   C0 08      CPY #&08
     8FD8   B0 05      BCS &8FDF
     8FDA   B9 00 B7   LDA &B700,Y
     8FDD   90 03      BCC &8FE2
.gbpb5_titlehi
     8FDF   B9 F8 B7   LDA &B7F8,Y
.gbpb5_titlelo
     8FE2   20 48 90   JSR &9048
     8FE5   C8         INY
     8FE6   C0 0C      CPY #&0C
     8FE8   D0 EC      BNE &8FD6
     8FEA   AD 06 B8   LDA &B806
     8FED   20 23 82   JSR &8223
     8FF0   20 48 90   JSR &9048
     8FF3   A5 CD      LDA &CD
     8FF5   4C 48 90   JMP &9048
.gbpb6_rdcurdirdevice
     8FF8   20 3F 90   JSR &903F
     8FFB   AD CA B9   LDA &B9CA
     8FFE   20 3A 90   JSR &903A
     9001   AD C9 B9   LDA &B9C9
     9004   D0 42      BNE &9048
.gbpb7_rdcurlibdevice
     9006   20 3F 90   JSR &903F
     9009   AD CC B9   LDA &B9CC
     900C   20 3A 90   JSR &903A
     900F   AD CB B9   LDA &B9CB
     9012   D0 34      BNE &9048
.gpbp_B8memptr
     9014   AE 61 B9   LDX &B961
     9017   86 B8      STX &B8
     9019   AE 62 B9   LDX &B962
     901C   86 B9      STX &B9
     901E   A2 00      LDX #&00
     9020   60         RTS
.gbpb_bytesxferinvert
     9021   A2 03      LDX #&03
.gbpb_bytesxferinvert_loop
     9023   A9 FF      LDA #&FF
     9025   5D 65 B9   EOR &B965,X
     9028   9D 65 B9   STA &B965,X
     902B   CA         DEX
     902C   10 F5      BPL &9023
     902E   60         RTS
.gbpb_wordB4_word107D
     902F   AD 7D B9   LDA &B97D
     9032   85 B4      STA &B4
     9034   AD 7E B9   LDA &B97E
     9037   85 B5      STA &B5
     9039   60         RTS
.gbpb_gb_SAVEBYTE_and_gbpb_SAVE_01
     903A   09 30      ORA #&30
     903C   20 48 90   JSR &9048
.gbpb_SAVE_01
     903F   A9 01      LDA #&01
     9041   D0 05      BNE &9048
.gbpb_getbyteSAVEBYTE
     9043   20 1D 97   JSR &971D
     9046   B0 1F      BCS &9067
.gbpb_gb_SAVEBYTE
     9048   2C 81 B9   BIT &B981
     904B   10 05      BPL &9052
     904D   8D E5 FC   STA &FCE5
     9050   30 05      BMI &9057
.gBpb_gb_fromhost
     9052   20 14 90   JSR &9014
     9055   81 B8      STA (&B8,X)
.gbpb_incDataPtr
     9057   20 F7 83   JSR &83F7
     905A   A2 01      LDX #&01
.gbpb_incdblword1060X
     905C   A0 04      LDY #&04
.gbpb_incdblword_loop
     905E   FE 60 B9   INC &B960,X
     9061   D0 04      BNE &9067
     9063   E8         INX
     9064   88         DEY
     9065   D0 F7      BNE &905E
.gbpb_incdblworkd_exit
     9067   60         RTS
.gbpb_putbytes
     9068   20 70 90   JSR &9070
     906B   20 DA 97   JSR &97DA
     906E   18         CLC
     906F   60         RTS
.gpbp_pb_LOADBYTE
     9070   2C 81 B9   BIT &B981
     9073   10 06      BPL &907B
     9075   AD E5 FC   LDA &FCE5
     9078   4C 57 90   JMP &9057
.gbpb_pb_fromhost
     907B   20 14 90   JSR &9014
     907E   A1 B8      LDA (&B8,X)
     9080   4C 57 90   JMP &9057
.fastgb
     9083   20 2F 90   JSR &902F
     9086   B9 8E 93   LDA &938E,Y
     9089   29 03      AND #&03
     908B   4A         LSR A
     908C   F0 4A      BEQ &90D8
     908E   8C 6D B9   STY &B96D
     9091   A0 0C      LDY #&0C
.copyl0
     9093   B1 B4      LDA (&B4),Y
     9095   99 60 B9   STA &B960,Y
     9098   88         DEY
     9099   10 F8      BPL &9093
     909B   A8         TAY
     909C   A2 03      LDX #&03
.initl
     909E   BD 65 B9   LDA &B965,X
     90A1   9D 6E B9   STA &B96E,X
     90A4   CA         DEX
     90A5   10 F7      BPL &909E
     90A7   AD 69 B9   LDA &B969
     90AA   90 09      BCC &90B5
     90AC   98         TYA
     90AD   20 28 82   JSR &8228
     90B0   A8         TAY
     90B1   B9 10 BA   LDA &BA10,Y
     90B4   18         CLC
.dcptr
     90B5   49 FF      EOR #&FF
     90B7   69 01      ADC #&01
     90B9   A0 FC      LDY #&FC
.hdrext
     90BB   99 69 B8   STA &B869,Y
     90BE   A9 00      LDA #&00
     90C0   C8         INY
     90C1   D0 F8      BNE &90BB
     90C3   20 F1 91   JSR &91F1
     90C6   90 02      BCC &90CA
     90C8   D0 46      BNE &9110
.trailr
     90CA   20 07 92   JSR &9207
.drain
     90CD   A9 60      LDA #&60
     90CF   85 B4      STA &B4
     90D1   A9 B9      LDA #&B9
     90D3   85 B5      STA &B5
     90D5   AC 6D B9   LDY &B96D
.chain
     90D8   4C D5 8E   JMP &8ED5
.morfst
     90DB   AD 71 B9   LDA &B971
     90DE   20 00 92   JSR &9200
     90E1   D0 32      BNE &9115
     90E3   8D 66 B9   STA &B966
     90E6   8D 67 B9   STA &B967
     90E9   AD 6E B9   LDA &B96E
     90EC   D0 DC      BNE &90CA
     90EE   18         CLC
.fgbfin
     90EF   08         PHP
     90F0   20 07 92   JSR &9207
     90F3   28         PLP
     90F4   20 2F 90   JSR &902F
     90F7   A0 0C      LDY #&0C
.retnl
     90F9   B9 60 B9   LDA &B960,Y
     90FC   91 B4      STA (&B4),Y
     90FE   88         DEY
     90FF   10 F8      BPL &90F9
     9101   60         RTS
.setmax
     9102   8D 67 B9   STA &B967
     9105   0D 66 B9   ORA &B966
     9108   D0 4B      BNE &9155
.throw
     910A   A0 FD      LDY #&FD
     910C   A9 01      LDA #&01
     910E   D0 AB      BNE &90BB
.align
     9110   20 CD 90   JSR &90CD
     9113   B0 DA      BCS &90EF
.dofast
     9115   AE 71 B9   LDX &B971
     9118   F0 02      BEQ &911C
     911A   A2 FF      LDX #&FF
.sclamp
     911C   8A         TXA
     911D   0D 70 B9   ORA &B970
     9120   8D 67 B9   STA &B967
     9123   8A         TXA
     9124   0D 6F B9   ORA &B96F
     9127   AA         TAX
     9128   AD C2 B9   LDA &B9C2
     912B   38         SEC
     912C   6D 6D B9   ADC &B96D
     912F   49 04      EOR #&04
     9131   29 E4      AND #&E4
     9133   A8         TAY
     9134   B9 15 BA   LDA &BA15,Y
     9137   38         SEC
     9138   ED 6A B9   SBC &B96A
     913B   8D 66 B9   STA &B966
     913E   B9 16 BA   LDA &BA16,Y
     9141   ED 6B B9   SBC &B96B
     9144   90 C4      BCC &910A
     9146   CD 67 B9   CMP &B967
     9149   90 B7      BCC &9102
     914B   D0 05      BNE &9152
     914D   EC 66 B9   CPX &B966
     9150   B0 B0      BCS &9102
.sectr0
     9152   8E 66 B9   STX &B966
.sectr1
     9155   AC C2 B9   LDY &B9C2
     9158   20 B4 93   JSR &93B4
     915B   20 78 97   JSR &9778
     915E   A9 3F      LDA #&3F
     9160   99 1D BA   STA &BA1D,Y
     9163   20 70 97   JSR &9770
     9166   AD 61 B9   LDA &B961
     9169   85 BC      STA &BC
     916B   AD 62 B9   LDA &B962
     916E   85 BD      STA &BD
     9170   AD 63 B9   LDA &B963
     9173   8D 74 B9   STA &B974
     9176   AD 64 B9   LDA &B964
     9179   8D 75 B9   STA &B975
     917C   B9 0F BA   LDA &BA0F,Y
     917F   18         CLC
     9180   6D 6A B9   ADC &B96A
     9183   85 C3      STA &C3
     9185   B9 0D BA   LDA &BA0D,Y
     9188   6D 6B B9   ADC &B96B
     918B   29 03      AND #&03
     918D   85 C2      STA &C2
     918F   A9 00      LDA #&00
     9191   85 C0      STA &C0
     9193   AD 66 B9   LDA &B966
     9196   85 C1      STA &C1
     9198   AD 67 B9   LDA &B967
     919B   20 29 82   JSR &8229
     919E   05 C2      ORA &C2
     91A0   85 C2      STA &C2
     91A2   AD 6D B9   LDA &B96D
     91A5   EE DD B9   INC &B9DD
     91A8   20 17 92   JSR &9217
     91AB   CE DD B9   DEC &B9DD
     91AE   20 F1 91   JSR &91F1
     91B1   AC 66 B9   LDY &B966
     91B4   98         TYA
     91B5   18         CLC
     91B6   6D 62 B9   ADC &B962
     91B9   8D 62 B9   STA &B962
     91BC   AE 67 B9   LDX &B967
     91BF   8A         TXA
     91C0   6D 63 B9   ADC &B963
     91C3   8D 63 B9   STA &B963
     91C6   90 03      BCC &91CB
     91C8   EE 64 B9   INC &B964
.updp
     91CB   98         TYA
     91CC   AC C2 B9   LDY &B9C2
     91CF   18         CLC
     91D0   79 11 BA   ADC &BA11,Y
     91D3   99 11 BA   STA &BA11,Y
     91D6   8D 6A B9   STA &B96A
     91D9   8A         TXA
     91DA   79 12 BA   ADC &BA12,Y
     91DD   99 12 BA   STA &BA12,Y
     91E0   8D 6B B9   STA &B96B
     91E3   98         TYA
     91E4   20 1D 99   JSR &991D
     91E7   90 05      BCC &91EE
     91E9   F0 03      BEQ &91EE
     91EB   20 88 98   JSR &9888
.doneit
     91EE   4C DB 90   JMP &90DB
.subwk
     91F1   38         SEC
     91F2   A2 FC      LDX #&FC
.subwkl
     91F4   BD 72 B8   LDA &B872,X
     91F7   FD 69 B8   SBC &B869,X
     91FA   9D 72 B8   STA &B872,X
     91FD   E8         INX
     91FE   D0 F4      BNE &91F4
.testl
     9200   0D 70 B9   ORA &B970
     9203   0D 6F B9   ORA &B96F
     9206   60         RTS
.addtol
     9207   18         CLC
     9208   A2 FC      LDX #&FC
.addl
     920A   BD 72 B8   LDA &B872,X
     920D   7D 69 B8   ADC &B869,X
     9210   9D 69 B8   STA &B869,X
     9213   E8         INX
     9214   D0 F4      BNE &920A
     9216   60         RTS
.docmd
     9217   C9 03      CMP #&03
     9219   90 03      BCC &921E
.dordcmd
     921B   4C 41 88   JMP &8841
.dowrcmd
     921E   4C 4E 88   JMP &884E
.fscv_osabouttoproccmd
     9221   2C C7 B9   BIT &B9C7
     9224   30 03      BMI &9229
     9226   CE C7 B9   DEC &B9C7
.parameter_fsp
     9229   A9 FF      LDA #&FF
     922B   8D CE B9   STA &B9CE
.param_out
     922E   8D CD B9   STA &B9CD
     9231   60         RTS
.parameter_afsp
     9232   A9 2A      LDA #&2A
     9234   8D CE B9   STA &B9CE
     9237   A9 23      LDA #&23
     9239   D0 F3      BNE &922E
.osfile5_rdcatinfo
     923B   20 F5 92   JSR &92F5
     923E   20 98 83   JSR &8398
     9241   A9 01      LDA #&01
     9243   60         RTS
.osfile6_delfile
     9244   20 D2 92   JSR &92D2
     9247   20 98 83   JSR &8398
     924A   20 1E 83   JSR &831E
     924D   4C 74 92   JMP &9274
.osfile1_updatecat
     9250   20 F5 92   JSR &92F5
     9253   20 7A 92   JSR &927A
     9256   20 96 92   JSR &9296
     9259   50 16      BVC &9271
.osfile3_wrexecaddr
     925B   20 F5 92   JSR &92F5
     925E   20 96 92   JSR &9296
     9261   50 11      BVC &9274
.osfile2_wrloadaddr
     9263   20 F5 92   JSR &92F5
     9266   20 7A 92   JSR &927A
     9269   50 09      BVC &9274
.osfile4_wrattribs
     926B   20 F5 92   JSR &92F5
     926E   20 EA 92   JSR &92EA
.osfile_updatelocksavecat
     9271   20 B9 92   JSR &92B9
.osfile_savecat_retA_1
     9274   20 07 A1   JSR &A107
     9277   A9 01      LDA #&01
     9279   60         RTS
.osfile_update_loadaddr_Xoffset
     927A   20 F7 83   JSR &83F7
     927D   A0 02      LDY #&02
     927F   B1 B0      LDA (&B0),Y
     9281   9D 08 B8   STA &B808,X
     9284   C8         INY
     9285   B1 B0      LDA (&B0),Y
     9287   9D 09 B8   STA &B809,X
     928A   C8         INY
     928B   B1 B0      LDA (&B0),Y
     928D   0A         ASL A
     928E   0A         ASL A
     928F   5D 0E B8   EOR &B80E,X
     9292   29 0C      AND #&0C
     9294   10 1B      BPL &92B1
.osfile_update_execaddr_Xoffset
     9296   20 F7 83   JSR &83F7
     9299   A0 06      LDY #&06
     929B   B1 B0      LDA (&B0),Y
     929D   9D 0A B8   STA &B80A,X
     92A0   C8         INY
     92A1   B1 B0      LDA (&B0),Y
     92A3   9D 0B B8   STA &B80B,X
     92A6   C8         INY
     92A7   B1 B0      LDA (&B0),Y
     92A9   6A         ROR A
     92AA   6A         ROR A
     92AB   6A         ROR A
     92AC   5D 0E B8   EOR &B80E,X
     92AF   29 C0      AND #&C0
.osfile_savemixedbyte
     92B1   5D 0E B8   EOR &B80E,X
     92B4   9D 0E B8   STA &B80E,X
     92B7   B8         CLV
     92B8   60         RTS
.osfile_updatelock
     92B9   20 F7 83   JSR &83F7
     92BC   A0 0E      LDY #&0E
     92BE   B1 B0      LDA (&B0),Y
     92C0   29 0A      AND #&0A
     92C2   F0 02      BEQ &92C6
     92C4   A9 80      LDA #&80
.osfile_notlocked
     92C6   5D 0F B7   EOR &B70F,X
     92C9   29 80      AND #&80
     92CB   5D 0F B7   EOR &B70F,X
     92CE   9D 0F B7   STA &B70F,X
     92D1   60         RTS
.CheckFileNotLocked
     92D2   20 FF 92   JSR &92FF
     92D5   90 23      BCC &92FA
.CheckFileNotLockedY
     92D7   B9 0F B7   LDA &B70F,Y
     92DA   10 22      BPL &92FE
.errFILELOCKED
     92DC   20 62 80   JSR &8062
     92DF   C3
     92E0   4C 6F 63 ...
     92E6   00
.CheckFileNotLockedOrOpenY
     92E7   20 D7 92   JSR &92D7
.CheckFileNotOpenY
     92EA   20 F7 83   JSR &83F7
     92ED   20 59 95   JSR &9559
     92F0   90 21      BCC &9313
     92F2   4C BD 94   JMP &94BD
.CheckFileExists
     92F5   20 FF 92   JSR &92FF
     92F8   B0 19      BCS &9313
.ExitCallingSubroutine
     92FA   68         PLA
     92FB   68         PLA
     92FC   A9 00      LDA #&00
.chklock_exit
     92FE   60         RTS
.read_fspBA_findcatentry
     92FF   20 53 81   JSR &8153
     9302   20 81 82   JSR &8281
     9305   90 0C      BCC &9313
     9307   98         TYA
     9308   AA         TAX
.SetParamBlockPointerB0
     9309   AD DB B9   LDA &B9DB
     930C   85 B0      STA &B0
     930E   AD DC B9   LDA &B9DC
     9311   85 B1      STA &B1
.checkexit
     9313   60         RTS
.CalcRAM
     9314   A9 83      LDA #&83
     9316   20 F4 FF   JSR &FFF4
     9319   8C CF B9   STY &B9CF
     931C   A9 84      LDA #&84
     931E   20 F4 FF   JSR &FFF4
     9321   98         TYA
     9322   38         SEC
     9323   ED CF B9   SBC &B9CF
     9326   8D D0 B9   STA &B9D0
     9329   60         RTS
.osbyte_X0YFF
     932A   A2 00      LDX #&00
.osbyte_YFF
     932C   A0 FF      LDY #&FF
     932E   4C F4 FF   JMP &FFF4
.vectors_table
     9331   1B FF
     9333   1E FF
     9335   21 FF
     9337   24 FF
     9339   27 FF
     933B   2A FF
     933D   2D FF
.extendedvectors_table
     933F   7D 8E
     9341   00         BRK
     9342   D1 95
     9344   00         BRK
     9345   1D 97
     9347   00         BRK
     9348   DA 97
     934A   00         BRK
     934B   C1 8E
     934D   00         BRK
     934E   F6 93
     9350   00         BRK
     9351   AE 8E
     9353   00         BRK
.fscv_table1
     9354   26
     9355   E9
     9356   A1
     9357   23
     9358   A1
     9359   70
     935A   9B
     935B   96
     935C   20
     935D   4E
     935E   6D
     935F   A1
.fscv_table2
     9360   8A
     9361   96
     9362   88
     9363   87
     9364   88
     9365   84
     9366   93
     9367   93
     9368   92
     9369   82
     936A   82
     936B   88
.finv_tablelo
     936C   0B
     936D   44
     936E   4F
     936F   62
     9370   5A
     9371   6A
     9372   3A
     9373   43
.finv_tablehi
     9374   88
     9375   88
     9376   92
     9377   92
     9378   92
     9379   92
     937A   92
     937B   92
.gbpbv_table1
     937C   CE
     937D   68
     937E   68
     937F   43
     9380   43
     9381   CC
     9382   F8
     9383   06
     9384   83
.gbpbv_table2
     9385   82
     9386   90
     9387   90
     9388   90
     9389   90
     938A   8F
     938B   8F
     938C   90
     938D   8F
.gbpbv_table3
     938E   04
     938F   02
     9390   03
     9391   06
     9392   07
     9393   04
     9394   04
     9395   04
     9396   04
.fscv7_hndlrange
     9397   A2 11      LDX #&11
     9399   A0 15      LDY #&15
.closeallfiles_exit
     939B   60         RTS
.fscv6_shutdownfilesys
     939C   20 F7 83   JSR &83F7
.CloseSPOOLEXECfiles
     939F   A9 77      LDA #&77
     93A1   4C F4 FF   JMP &FFF4
.CMD_CLOSE
.CloseAllFiles_Osbyte77
     93A4   20 9F 93   JSR &939F
.CloseAllFiles
     93A7   A9 00      LDA #&00
.closeallfiles_loop
     93A9   18         CLC
     93AA   69 20      ADC #&20
     93AC   F0 ED      BEQ &939B
     93AE   A8         TAY
     93AF   20 03 94   JSR &9403
     93B2   D0 F5      BNE &93A9
.Channel_SetDirDrv_GetCatEntry_Yintch
     93B4   20 CF 93   JSR &93CF
.Channel_GetCatEntry_Yintch
     93B7   A2 06      LDX #&06
.chnl_getcatloop
     93B9   B9 0C BA   LDA &BA0C,Y
     93BC   95 C5      STA &C5,X
     93BE   88         DEY
     93BF   88         DEY
     93C0   CA         DEX
     93C1   10 F6      BPL &93B9
     93C3   20 8C 82   JSR &828C
     93C6   90 22      BCC &93EA
     93C8   8C C3 B9   STY &B9C3
     93CB   AC C2 B9   LDY &B9C2
.chkdskchangexit
     93CE   60         RTS
.Channel_SetDirDrive_Yintch
     93CF   B9 0E BA   LDA &BA0E,Y
     93D2   29 7F      AND #&7F
     93D4   85 CC      STA &CC
     93D6   B9 17 BA   LDA &BA17,Y
     93D9   4C D6 8B   JMP &8BD6
.CheckForDiskChange
     93DC   20 F7 83   JSR &83F7
     93DF   AD 04 B8   LDA &B804
     93E2   20 00 A1   JSR &A100
     93E5   CD 04 B8   CMP &B804
     93E8   F0 E4      BEQ &93CE
.errDISKCHANGED
     93EA   20 4D 80   JSR &804D
     93ED   C8
     93EE   63 68 61 ...
     93F5   00
.FINDV_ENTRY
     93F6   29 C0      AND #&C0
     93F8   D0 59      BNE &9453
     93FA   20 F7 83   JSR &83F7
.CloseFiles_Yhandle
     93FD   98         TYA
     93FE   F0 A4      BEQ &93A4
     9400   20 FE 96   JSR &96FE
.CloseFile_Yintch
     9403   48         PHA
     9404   20 89 96   JSR &9689
     9407   B0 45      BCS &944E
     9409   B9 1B BA   LDA &BA1B,Y
     940C   49 FF      EOR #&FF
     940E   2D C0 B9   AND &B9C0
     9411   8D C0 B9   STA &B9C0
     9414   B9 17 BA   LDA &BA17,Y
     9417   29 60      AND #&60
     9419   F0 33      BEQ &944E
     941B   20 B4 93   JSR &93B4
     941E   B9 17 BA   LDA &BA17,Y
     9421   29 20      AND #&20
     9423   F0 26      BEQ &944B
     9425   AE C3 B9   LDX &B9C3
     9428   B9 14 BA   LDA &BA14,Y
     942B   9D 0C B8   STA &B80C,X
     942E   B9 15 BA   LDA &BA15,Y
     9431   9D 0D B8   STA &B80D,X
     9434   B9 16 BA   LDA &BA16,Y
     9437   20 29 82   JSR &8229
     943A   5D 0E B8   EOR &B80E,X
     943D   29 30      AND #&30
     943F   5D 0E B8   EOR &B80E,X
     9442   9D 0E B8   STA &B80E,X
     9445   20 07 A1   JSR &A107
     9448   AC C2 B9   LDY &B9C2
.closefile_buftodisk
     944B   20 78 97   JSR &9778
.closefile_exit
     944E   AE C5 B9   LDX &B9C5
     9451   68         PLA
     9452   60         RTS
.findvnot0_openfile
     9453   20 20 84   JSR &8420
     9456   86 BA      STX &BA
     9458   84 BB      STY &BB
     945A   85 B4      STA &B4
     945C   24 B4      BIT &B4
     945E   08         PHP
     945F   20 53 81   JSR &8153
     9462   20 29 92   JSR &9229
     9465   20 81 82   JSR &8281
     9468   B0 22      BCS &948C
     946A   A9 00      LDA #&00
     946C   28         PLP
     946D   50 01      BVC &9470
     946F   60         RTS
.findv_createfile
     9470   08         PHP
     9471   A2 07      LDX #&07
.findv_loop1
     9473   95 BC      STA &BC,X
     9475   9D 74 B9   STA &B974,X
     9478   CA         DEX
     9479   10 F8      BPL &9473
     947B   C6 BE      DEC &BE
     947D   C6 BF      DEC &BF
     947F   CE 76 B9   DEC &B976
     9482   CE 77 B9   DEC &B977
     9485   A9 40      LDA #&40
     9487   85 C3      STA &C3
     9489   20 82 8A   JSR &8A82
.findv_filefound
     948C   28         PLP
     948D   08         PHP
     948E   70 03      BVS &9493
     9490   20 D7 92   JSR &92D7
.findv_readorupdate
     9493   20 59 95   JSR &9559
     9496   90 0E      BCC &94A6
.findv_loop2
     9498   B9 0C BA   LDA &BA0C,Y
     949B   10 20      BPL &94BD
     949D   28         PLP
     949E   08         PHP
     949F   30 1C      BMI &94BD
     94A1   20 54 95   JSR &9554
     94A4   B0 F2      BCS &9498
.findv_openchannel
     94A6   AC C2 B9   LDY &B9C2
     94A9   D0 1B      BNE &94C6
.errTOOMANYFILESOPEN
     94AB   20 62 80   JSR &8062
     94AE   C0
     94AF   54 6F 6F ...
     94BC   00
.errFILEOPEN
     94BD   20 62 80   JSR &8062
     94C0   C2
     94C1   4F 70 65 ...
     94C5   00
.SetupChannelInfoBlock_Yintch
     94C6   A9 08      LDA #&08
     94C8   8D C4 B9   STA &B9C4
.chnlblock_loop1
     94CB   BD 08 B7   LDA &B708,X
     94CE   99 00 BA   STA &BA00,Y
     94D1   C8         INY
     94D2   BD 08 B8   LDA &B808,X
     94D5   99 00 BA   STA &BA00,Y
     94D8   C8         INY
     94D9   E8         INX
     94DA   CE C4 B9   DEC &B9C4
     94DD   D0 EC      BNE &94CB
     94DF   A2 10      LDX #&10
     94E1   A9 00      LDA #&00
.chnlblock_loop2
     94E3   99 00 BA   STA &BA00,Y
     94E6   C8         INY
     94E7   CA         DEX
     94E8   D0 F9      BNE &94E3
     94EA   AD C2 B9   LDA &B9C2
     94ED   A8         TAY
     94EE   20 22 82   JSR &8222
     94F1   69 BA      ADC #&BA
     94F3   99 13 BA   STA &BA13,Y
     94F6   AD C1 B9   LDA &B9C1
     94F9   99 1B BA   STA &BA1B,Y
     94FC   0D C0 B9   ORA &B9C0
     94FF   8D C0 B9   STA &B9C0
     9502   B9 09 BA   LDA &BA09,Y
     9505   69 FF      ADC #&FF
     9507   B9 0B BA   LDA &BA0B,Y
     950A   69 00      ADC #&00
     950C   99 19 BA   STA &BA19,Y
     950F   B9 0D BA   LDA &BA0D,Y
     9512   09 0F      ORA #&0F
     9514   69 00      ADC #&00
     9516   20 1B 82   JSR &821B
     9519   99 1A BA   STA &BA1A,Y
     951C   28         PLP
     951D   50 2E      BVC &954D
     951F   30 08      BMI &9529
     9521   A9 80      LDA #&80
     9523   19 0C BA   ORA &BA0C,Y
     9526   99 0C BA   STA &BA0C,Y
.chnlblock_setEXT
     9529   B9 09 BA   LDA &BA09,Y
     952C   99 14 BA   STA &BA14,Y
     952F   B9 0B BA   LDA &BA0B,Y
     9532   99 15 BA   STA &BA15,Y
     9535   B9 0D BA   LDA &BA0D,Y
     9538   20 1B 82   JSR &821B
     953B   99 16 BA   STA &BA16,Y
.chnlblock_cont
     953E   A5 CD      LDA &CD
     9540   19 17 BA   ORA &BA17,Y
     9543   99 17 BA   STA &BA17,Y
     9546   98         TYA
     9547   20 22 82   JSR &8222
     954A   09 10      ORA #&10
     954C   60         RTS
.chnlblock_setBit5
     954D   A9 20      LDA #&20
     954F   99 17 BA   STA &BA17,Y
     9552   D0 EA      BNE &953E
.IsFileOpenContinue
     9554   8A         TXA
     9555   48         PHA
     9556   4C 98 95   JMP &9598
.IsFileOpen_Yoffset
     9559   A9 00      LDA #&00
     955B   8D C2 B9   STA &B9C2
     955E   A9 08      LDA #&08
     9560   85 B5      STA &B5
     9562   98         TYA
     9563   AA         TAX
     9564   A0 A0      LDY #&A0
.fop_main_loop
     9566   84 B3      STY &B3
     9568   8A         TXA
     9569   48         PHA
     956A   A9 08      LDA #&08
     956C   85 B2      STA &B2
     956E   A5 B5      LDA &B5
     9570   2C C0 B9   BIT &B9C0
     9573   F0 1D      BEQ &9592
     9575   B9 17 BA   LDA &BA17,Y
     9578   45 CD      EOR &CD
     957A   29 03      AND #&03
     957C   D0 1A      BNE &9598
.fop_cmpfn_loop
     957E   BD 08 B7   LDA &B708,X
     9581   59 00 BA   EOR &BA00,Y
     9584   29 7F      AND #&7F
     9586   D0 10      BNE &9598
     9588   E8         INX
     9589   C8         INY
     958A   C8         INY
     958B   C6 B2      DEC &B2
     958D   D0 EF      BNE &957E
     958F   38         SEC
     9590   B0 10      BCS &95A2
.fop_channelnotopen
     9592   8C C2 B9   STY &B9C2
     9595   8D C1 B9   STA &B9C1
.fop_nothisfile
     9598   38         SEC
     9599   A5 B3      LDA &B3
     959B   E9 20      SBC #&20
     959D   85 B3      STA &B3
     959F   06 B5      ASL &B5
     95A1   18         CLC
.fop_matchifCset
     95A2   68         PLA
     95A3   AA         TAX
     95A4   A4 B3      LDY &B3
     95A6   A5 B5      LDA &B5
     95A8   B0 02      BCS &95AC
     95AA   D0 BA      BNE &9566
.fop_exit
     95AC   60         RTS
.ChannelBufferToDisk_Yhandle_A0
     95AD   20 C4 95   JSR &95C4
.ChannelBufferToDisk_Yhandle
     95B0   AD C0 B9   LDA &B9C0
     95B3   48         PHA
     95B4   98         TYA
     95B5   D0 05      BNE &95BC
     95B7   20 A7 93   JSR &93A7
     95BA   F0 03      BEQ &95BF
.chbuf1
     95BC   20 FD 93   JSR &93FD
.chbuf2
     95BF   68         PLA
     95C0   8D C0 B9   STA &B9C0
     95C3   60         RTS
.ReturnWithA0
     95C4   48         PHA
     95C5   8A         TXA
     95C6   48         PHA
     95C7   A9 00      LDA #&00
     95C9   BA         TSX
     95CA   9D 09 01   STA &0109,X
     95CD   68         PLA
     95CE   AA         TAX
     95CF   68         PLA
     95D0   60         RTS
.ARGSV_ENTRY
     95D1   20 F7 83   JSR &83F7
     95D4   C9 FF      CMP #&FF
     95D6   F0 D5      BEQ &95AD
     95D8   C0 00      CPY #&00
     95DA   F0 12      BEQ &95EE
     95DC   C9 04      CMP #&04
     95DE   B0 27      BCS &9607
     95E0   20 C4 95   JSR &95C4
     95E3   C9 03      CMP #&03
     95E5   F0 47      BEQ &962E
     95E7   C9 01      CMP #&01
     95E9   D0 24      BNE &960F
     95EB   4C AA 98   JMP &98AA
.argsv_Y0
     95EE   C9 02      CMP #&02
     95F0   B0 15      BCS &9607
     95F2   20 C4 95   JSR &95C4
     95F5   F0 11      BEQ &9608
     95F7   A9 FF      LDA #&FF
     95F9   95 02      STA &02,X
     95FB   95 03      STA &03,X
     95FD   AD D9 B9   LDA &B9D9
     9600   95 00      STA &00,X
     9602   AD DA B9   LDA &B9DA
     9605   95 01      STA &01,X
.argsv_exit
     9607   60         RTS
.argsv_filesysnumber
     9608   A9 04      LDA #&04
     960A   BA         TSX
     960B   9D 05 01   STA &0105,X
     960E   60         RTS
.argsv_rdseqptr_or_filelen
     960F   20 FE 96   JSR &96FE
     9612   8C C2 B9   STY &B9C2
     9615   0A         ASL A
     9616   6D C2 B9   ADC &B9C2
     9619   A8         TAY
     961A   B9 10 BA   LDA &BA10,Y
     961D   95 00      STA &00,X
     961F   B9 11 BA   LDA &BA11,Y
     9622   95 01      STA &01,X
     9624   B9 12 BA   LDA &BA12,Y
     9627   95 02      STA &02,X
     9629   A9 00      LDA #&00
     962B   95 03      STA &03,X
     962D   60         RTS
.argsv3
     962E   20 FE 96   JSR &96FE
     9631   20 9A 98   JSR &989A
     9634   B0 1E      BCS &9654
     9636   B9 10 BA   LDA &BA10,Y
     9639   48         PHA
     963A   B9 11 BA   LDA &BA11,Y
     963D   48         PHA
     963E   B9 12 BA   LDA &BA12,Y
     9641   48         PHA
     9642   20 B5 98   JSR &98B5
     9645   68         PLA
     9646   99 12 BA   STA &BA12,Y
     9649   68         PLA
     964A   99 11 BA   STA &BA11,Y
     964D   68         PLA
     964E   99 10 BA   STA &BA10,Y
     9651   20 F3 98   JSR &98F3
.truncate
     9654   B9 0C BA   LDA &BA0C,Y
     9657   30 2A      BMI &9683
     9659   19 0E BA   ORA &BA0E,Y
     965C   30 28      BMI &9686
     965E   A9 20      LDA #&20
     9660   20 69 97   JSR &9769
     9663   B5 00      LDA &00,X
     9665   99 14 BA   STA &BA14,Y
     9668   B5 01      LDA &01,X
     966A   99 15 BA   STA &BA15,Y
     966D   B5 02      LDA &02,X
     966F   99 16 BA   STA &BA16,Y
     9672   8A         TXA
     9673   48         PHA
     9674   20 1C 99   JSR &991C
     9677   68         PLA
     9678   AA         TAX
     9679   90 03      BCC &967E
     967B   20 E4 98   JSR &98E4
.dontchangeptr
     967E   A9 EF      LDA #&EF
     9680   4C 70 97   JMP &9770
.filereadonly
     9683   4C C6 97   JMP &97C6
.filelocked
     9686   4C DC 92   JMP &92DC
.IsHndlinUse_Yintch
     9689   48         PHA
     968A   8E C5 B9   STX &B9C5
     968D   98         TYA
     968E   29 E0      AND #&E0
     9690   8D C2 B9   STA &B9C2
     9693   F0 13      BEQ &96A8
     9695   20 22 82   JSR &8222
     9698   A8         TAY
     9699   A9 00      LDA #&00
     969B   38         SEC
.hndlinsue_loop
     969C   6A         ROR A
     969D   88         DEY
     969E   D0 FC      BNE &969C
     96A0   AC C2 B9   LDY &B9C2
     96A3   2C C0 B9   BIT &B9C0
     96A6   D0 01      BNE &96A9
.hndlinuse_notused_C1
     96A8   38         SEC
.hndlinuse_used_C0
     96A9   68         PLA
     96AA   60         RTS
.conv_Yhndl_intch_exYintch
     96AB   48         PHA
     96AC   98         TYA
.conv_hndl_X_entry
     96AD   C9 10      CMP #&10
     96AF   90 04      BCC &96B5
     96B1   C9 18      CMP #&18
     96B3   90 02      BCC &96B7
.conv_hndl10
     96B5   A9 08      LDA #&08
.conv_hndl18
     96B7   20 28 82   JSR &8228
     96BA   A8         TAY
     96BB   68         PLA
     96BC   60         RTS
.ClearEXECSPOOLFileHandle
     96BD   A9 C6      LDA #&C6
     96BF   20 2A 93   JSR &932A
     96C2   8A         TXA
     96C3   F0 09      BEQ &96CE
     96C5   20 E1 96   JSR &96E1
     96C8   D0 04      BNE &96CE
     96CA   A9 C6      LDA #&C6
     96CC   D0 0C      BNE &96DA
.ClearSpoolhandle
     96CE   A9 C7      LDA #&C7
     96D0   20 2A 93   JSR &932A
     96D3   20 E1 96   JSR &96E1
     96D6   D0 11      BNE &96E9
     96D8   A9 C7      LDA #&C7
.osbyte_X0Y0
     96DA   A2 00      LDX #&00
     96DC   A0 00      LDY #&00
     96DE   4C F4 FF   JMP &FFF4
.ConvertXhndl_exYintch
     96E1   8A         TXA
     96E2   A8         TAY
     96E3   20 AB 96   JSR &96AB
     96E6   CC C2 B9   CPY &B9C2
.clrsplhndl_exit
     96E9   60         RTS
.fscv1_EOF_Yhndl
     96EA   48         PHA
     96EB   98         TYA
     96EC   48         PHA
     96ED   8A         TXA
     96EE   A8         TAY
     96EF   20 19 99   JSR &9919
     96F2   D0 04      BNE &96F8
     96F4   A2 FF      LDX #&FF
     96F6   D0 02      BNE &96FA
.eof_NOTEND
     96F8   A2 00      LDX #&00
.eof_exit
     96FA   68         PLA
     96FB   A8         TAY
     96FC   68         PLA
.checkchannel_okexit
     96FD   60         RTS
.CheckChannel_Yhndl_exYintch
     96FE   20 AB 96   JSR &96AB
     9701   20 89 96   JSR &9689
     9704   90 F7      BCC &96FD
     9706   20 BD 96   JSR &96BD
.errCHANNEL
     9709   20 62 80   JSR &8062
     970C   DE
     970D   43 68 61 ...
     9714   00
.errEOF
     9715   20 62 80   JSR &8062
     9718   DF
     9719   45 4F 46 
     971C   00
.BGETV_ENTRY
     971D   20 20 84   JSR &8420
     9720   20 19 99   JSR &9919
     9723   D0 13      BNE &9738
     9725   B9 17 BA   LDA &BA17,Y
     9728   29 10      AND #&10
     972A   D0 E9      BNE &9715
     972C   A9 10      LDA #&10
     972E   20 69 97   JSR &9769
     9731   AE C5 B9   LDX &B9C5
     9734   A9 FE      LDA #&FE
     9736   38         SEC
     9737   60         RTS
.bg_notEOF
     9738   B9 17 BA   LDA &BA17,Y
     973B   30 0A      BMI &9747
     973D   20 CF 93   JSR &93CF
     9740   20 78 97   JSR &9778
     9743   38         SEC
     9744   20 80 97   JSR &9780
.bg_samesector1
     9747   20 35 99   JSR &9935
     974A   A1 BA      LDA (&BA,X)
     974C   18         CLC
     974D   60         RTS
.CalcBufferSectorForPTR
     974E   18         CLC
     974F   B9 0F BA   LDA &BA0F,Y
     9752   79 11 BA   ADC &BA11,Y
     9755   85 C3      STA &C3
     9757   99 1C BA   STA &BA1C,Y
     975A   B9 0D BA   LDA &BA0D,Y
     975D   29 03      AND #&03
     975F   79 12 BA   ADC &BA12,Y
     9762   85 C2      STA &C2
     9764   99 1D BA   STA &BA1D,Y
.ChannelFlags_SetBit7
     9767   A9 80      LDA #&80
.ChannelFlags_SetBits
     9769   19 17 BA   ORA &BA17,Y
     976C   D0 05      BNE &9773
.ChannelFlags_ClearBit7
     976E   A9 7F      LDA #&7F
.ChannelFlags_ClearBits
     9770   39 17 BA   AND &BA17,Y
.chnflg_save
     9773   99 17 BA   STA &BA17,Y
     9776   18         CLC
     9777   60         RTS
.ChannelBufferToDisk_Yintch
     9778   B9 17 BA   LDA &BA17,Y
     977B   29 40      AND #&40
     977D   F0 43      BEQ &97C2
     977F   18         CLC
.ChannelBufferRW_Yintch_C1read
     9780   EE DD B9   INC &B9DD
     9783   AC C2 B9   LDY &B9C2
     9786   B9 13 BA   LDA &BA13,Y
     9789   85 BD      STA &BD
     978B   A9 FF      LDA #&FF
     978D   8D 74 B9   STA &B974
     9790   8D 75 B9   STA &B975
     9793   A9 00      LDA #&00
     9795   85 BC      STA &BC
     9797   85 C0      STA &C0
     9799   A9 01      LDA #&01
     979B   85 C1      STA &C1
     979D   B0 17      BCS &97B6
     979F   B9 1C BA   LDA &BA1C,Y
     97A2   85 C3      STA &C3
     97A4   B9 1D BA   LDA &BA1D,Y
     97A7   85 C2      STA &C2
     97A9   20 4E 88   JSR &884E
     97AC   AC C2 B9   LDY &B9C2
     97AF   A9 BF      LDA #&BF
     97B1   20 70 97   JSR &9770
     97B4   90 06      BCC &97BC
.chnbuf_read
     97B6   20 4E 97   JSR &974E
     97B9   20 41 88   JSR &8841
.chnbuf_exit
     97BC   CE DD B9   DEC &B9DD
     97BF   AC C2 B9   LDY &B9C2
.chnbuf_exit2
     97C2   60         RTS
.errFILELOCKED2
     97C3   4C DC 92   JMP &92DC
.errFILEREADONLY
     97C6   20 62 80   JSR &8062
     97C9   C1
     97CA   52 65 61 ...
     97D3   00
.bput_Yintchan
     97D4   20 F7 83   JSR &83F7
     97D7   4C E0 97   JMP &97E0
.BPUTV_ENTRY
     97DA   20 F7 83   JSR &83F7
     97DD   20 FE 96   JSR &96FE
.bp_entry
     97E0   48         PHA
     97E1   B9 0C BA   LDA &BA0C,Y
     97E4   30 E0      BMI &97C6
     97E6   B9 0E BA   LDA &BA0E,Y
     97E9   30 D8      BMI &97C3
     97EB   20 CF 93   JSR &93CF
     97EE   98         TYA
     97EF   18         CLC
     97F0   69 04      ADC #&04
     97F2   20 1D 99   JSR &991D
     97F5   D0 66      BNE &985D
     97F7   20 B7 93   JSR &93B7
     97FA   AE C3 B9   LDX &B9C3
     97FD   38         SEC
     97FE   BD 07 B8   LDA &B807,X
     9801   FD 0F B8   SBC &B80F,X
     9804   48         PHA
     9805   BD 06 B8   LDA &B806,X
     9808   FD 0E B8   SBC &B80E,X
     980B   29 03      AND #&03
     980D   D9 1A BA   CMP &BA1A,Y
     9810   D0 1F      BNE &9831
     9812   68         PLA
     9813   D9 19 BA   CMP &BA19,Y
     9816   D0 34      BNE &984C
     9818   84 B4      STY &B4
     981A   8C C2 B9   STY &B9C2
     981D   20 BD 96   JSR &96BD
.errCANTEXTEND
     9820   20 62 80   JSR &8062
     9823   BF
     9824   43 61 6E ...
     9830   00
.bp_extendby100
     9831   B9 1A BA   LDA &BA1A,Y
     9834   18         CLC
     9835   69 01      ADC #&01
     9837   99 1A BA   STA &BA1A,Y
     983A   0A         ASL A
     983B   0A         ASL A
     983C   0A         ASL A
     983D   0A         ASL A
     983E   5D 0E B8   EOR &B80E,X
     9841   29 30      AND #&30
     9843   5D 0E B8   EOR &B80E,X
     9846   9D 0E B8   STA &B80E,X
     9849   68         PLA
     984A   A9 00      LDA #&00
.bp_extendtogap
     984C   9D 0D B8   STA &B80D,X
     984F   99 19 BA   STA &BA19,Y
     9852   A9 00      LDA #&00
     9854   9D 0C B8   STA &B80C,X
     9857   20 07 A1   JSR &A107
     985A   AC C2 B9   LDY &B9C2
.bp_noextend
     985D   B9 17 BA   LDA &BA17,Y
     9860   30 16      BMI &9878
     9862   20 78 97   JSR &9778
     9865   B9 14 BA   LDA &BA14,Y
     9868   D0 0A      BNE &9874
     986A   20 1C 99   JSR &991C
     986D   D0 05      BNE &9874
     986F   20 4E 97   JSR &974E
     9872   D0 04      BNE &9878
.bp_loadbuf
     9874   38         SEC
     9875   20 80 97   JSR &9780
.bp_savebyte
     9878   A9 40      LDA #&40
     987A   20 69 97   JSR &9769
     987D   20 35 99   JSR &9935
     9880   68         PLA
     9881   81 BA      STA (&BA,X)
     9883   20 1C 99   JSR &991C
     9886   90 11      BCC &9899
.updext
     9888   A9 20      LDA #&20
     988A   20 69 97   JSR &9769
     988D   A2 02      LDX #&02
.bp_setextloop
     988F   B9 10 BA   LDA &BA10,Y
     9892   99 14 BA   STA &BA14,Y
     9895   C8         INY
     9896   CA         DEX
     9897   10 F6      BPL &988F
.bp_exit
     9899   60         RTS
.cmptoEXT
     989A   B9 14 BA   LDA &BA14,Y
     989D   D5 00      CMP &00,X
     989F   B9 15 BA   LDA &BA15,Y
     98A2   F5 01      SBC &01,X
     98A4   B9 16 BA   LDA &BA16,Y
     98A7   F5 02      SBC &02,X
     98A9   60         RTS
.argsv_WriteSeqPointer
     98AA   20 F7 83   JSR &83F7
     98AD   20 FE 96   JSR &96FE
.wsploop
     98B0   20 9A 98   JSR &989A
     98B3   B0 2F      BCS &98E4
.argsextendloop
     98B5   B9 14 BA   LDA &BA14,Y
     98B8   99 10 BA   STA &BA10,Y
     98BB   B9 15 BA   LDA &BA15,Y
     98BE   99 11 BA   STA &BA11,Y
     98C1   B9 16 BA   LDA &BA16,Y
     98C4   99 12 BA   STA &BA12,Y
     98C7   20 F3 98   JSR &98F3
     98CA   A5 B6      LDA &B6
     98CC   48         PHA
     98CD   A5 B7      LDA &B7
     98CF   48         PHA
     98D0   A5 B8      LDA &B8
     98D2   48         PHA
     98D3   A9 00      LDA #&00
     98D5   20 D4 97   JSR &97D4
     98D8   68         PLA
     98D9   85 B8      STA &B8
     98DB   68         PLA
     98DC   85 B7      STA &B7
     98DE   68         PLA
     98DF   85 B6      STA &B6
     98E1   4C B0 98   JMP &98B0
.SetSeqPointer_Yintch
     98E4   B5 00      LDA &00,X
     98E6   99 10 BA   STA &BA10,Y
     98E9   B5 01      LDA &01,X
     98EB   99 11 BA   STA &BA11,Y
     98EE   B5 02      LDA &02,X
     98F0   99 12 BA   STA &BA12,Y
.IsSeqPointerInBuffer_Yintch
     98F3   A9 6F      LDA #&6F
     98F5   20 70 97   JSR &9770
     98F8   B9 0F BA   LDA &BA0F,Y
     98FB   79 11 BA   ADC &BA11,Y
     98FE   8D C4 B9   STA &B9C4
     9901   B9 0D BA   LDA &BA0D,Y
     9904   29 03      AND #&03
     9906   79 12 BA   ADC &BA12,Y
     9909   D9 1D BA   CMP &BA1D,Y
     990C   D0 8B      BNE &9899
     990E   AD C4 B9   LDA &B9C4
     9911   D9 1C BA   CMP &BA1C,Y
     9914   D0 83      BNE &9899
     9916   4C 67 97   JMP &9767
.CheckChannel_Yhndl_exYintch_TYA_CmpPTR
     9919   20 FE 96   JSR &96FE
.TYA_CmpPTR
     991C   98         TYA
.CmpPTR
     991D   AA         TAX
     991E   B9 12 BA   LDA &BA12,Y
     9921   DD 16 BA   CMP &BA16,X
     9924   D0 0E      BNE &9934
     9926   B9 11 BA   LDA &BA11,Y
     9929   DD 15 BA   CMP &BA15,X
     992C   D0 06      BNE &9934
     992E   B9 10 BA   LDA &BA10,Y
     9931   DD 14 BA   CMP &BA14,X
.cmpPE_exit
     9934   60         RTS
.load_then_incSeqPtr_Yintch
     9935   B9 10 BA   LDA &BA10,Y
     9938   85 BA      STA &BA
     993A   B9 13 BA   LDA &BA13,Y
     993D   85 BB      STA &BB
     993F   98         TYA
     9940   AA         TAX
     9941   FE 10 BA   INC &BA10,X
     9944   D0 0B      BNE &9951
     9946   20 6E 97   JSR &976E
     9949   FE 11 BA   INC &BA11,X
     994C   D0 03      BNE &9951
     994E   FE 12 BA   INC &BA12,X
.samesector
     9951   A2 00      LDX #&00
     9953   60         RTS
.CMD_MMFS
     9954   98         TYA
     9955   A2 00      LDX #&00
     9957   A0 14      LDY #&14
.Prthelp_Xtable
     9959   48         PHA
     995A   20 9F 80   JSR &809F
     995D   0D
Macro SYSTEM_NAME:
     995E   4D 4D 46 ...
End macro SYSTEM_NAME
     9963   20
     9964   86 BF      STX &BF
     9966   84 B7      STY &B7
     9968   A2 00      LDX #&00
.verloop
     996A   BD 22 80   LDA &8022,X
     996D   F0 06      BEQ &9975
     996F   20 E2 80   JSR &80E2
     9972   E8         INX
     9973   D0 F5      BNE &996A
.verex
     9975   A9 0D      LDA #&0D
     9977   20 E2 80   JSR &80E2
.help_dfs_loop
     997A   A9 00      LDA #&00
     997C   85 B9      STA &B9
     997E   A0 01      LDY #&01
     9980   20 32 9A   JSR &9A32
     9983   20 CD 99   JSR &99CD
     9986   20 7E 83   JSR &837E
     9989   C6 B7      DEC &B7
     998B   D0 ED      BNE &997A
     998D   68         PLA
     998E   A8         TAY
.morehelp
     998F   A2 A3      LDX #&A3
     9991   4C 29 87   JMP &8729
.CMD_DUTILS
     9994   98         TYA
     9995   A2 B7      LDX #&B7
     9997   A0 09      LDY #&09
     9999   D0 BE      BNE &9959
.CMD_UTILS
     999B   98         TYA
     999C   A2 76      LDX #&76
     999E   A0 04      LDY #&04
     99A0   D0 B7      BNE &9959
.CMD_NOTHELPTBL
     99A2   20 C4 81   JSR &81C4
     99A5   F0 78      BEQ &9A1F
.cmd_nothelptlb_loop
     99A7   20 A9 81   JSR &81A9
     99AA   90 FB      BCC &99A7
     99AC   B0 E1      BCS &998F
.Param_SyntaxErrorIfNull
     99AE   20 C4 81   JSR &81C4
     99B1   F0 01      BEQ &99B4
     99B3   60         RTS
.errSYNTAX
     99B4   20 72 80   JSR &8072
     99B7   DC
     99B8   53 79 6E ...
     99C0   86 B9      STX &B9
     99C2   20 CD 99   JSR &99CD
     99C5   A9 00      LDA #&00
     99C7   20 20 9A   JSR &9A20
     99CA   4C 00 01   JMP &0100
.prtcmdAtBCadd1
     99CD   A9 07      LDA #&07
     99CF   85 B8      STA &B8
     99D1   A6 BF      LDX &BF
     99D3   E0 B7      CPX #&B7
     99D5   90 05      BCC &99DC
     99D7   A9 44      LDA #&44
     99D9   20 20 9A   JSR &9A20
.prtcmdloop
     99DC   E8         INX
     99DD   BD CB 85   LDA &85CB,X
     99E0   30 06      BMI &99E8
     99E2   20 20 9A   JSR &9A20
     99E5   4C DC 99   JMP &99DC
.prtcmdloop_exit
     99E8   A4 B8      LDY &B8
     99EA   30 03      BMI &99EF
     99EC   20 32 9A   JSR &9A32
.prtcmdnospcs
     99EF   86 BF      STX &BF
     99F1   BD CB 85   LDA &85CB,X
     99F4   29 7F      AND #&7F
     99F6   20 FC 99   JSR &99FC
     99F9   20 23 82   JSR &8223
.prtcmdparam
     99FC   20 F7 83   JSR &83F7
     99FF   29 0F      AND #&0F
     9A01   F0 1C      BEQ &9A1F
     9A03   A8         TAY
     9A04   A9 20      LDA #&20
     9A06   20 20 9A   JSR &9A20
     9A09   A2 FF      LDX #&FF
.prtcmdparam_findloop
     9A0B   E8         INX
     9A0C   BD 3F 9A   LDA &9A3F,X
     9A0F   10 FA      BPL &9A0B
     9A11   88         DEY
     9A12   D0 F7      BNE &9A0B
     9A14   29 7F      AND #&7F
.prtcmdparam_loop
     9A16   20 20 9A   JSR &9A20
     9A19   E8         INX
     9A1A   BD 3F 9A   LDA &9A3F,X
     9A1D   10 F7      BPL &9A16
.prtcmdparamexit
     9A1F   60         RTS
.prtcmd_prtchr
     9A20   20 F7 83   JSR &83F7
     9A23   A6 B9      LDX &B9
     9A25   F0 06      BEQ &9A2D
     9A27   E6 B9      INC &B9
     9A29   9D 00 01   STA &0100,X
     9A2C   60         RTS
.prtcmdparam_prtchr
     9A2D   C6 B8      DEC &B8
     9A2F   4C E2 80   JMP &80E2
.prtcmd_Print_Y_Spaces_IfNotErr
     9A32   A5 B9      LDA &B9
     9A34   D0 08      BNE &9A3E
     9A36   A9 20      LDA #&20
.prtcmd_yspc_loop
     9A38   20 20 9A   JSR &9A20
     9A3B   88         DEY
     9A3C   10 FA      BPL &9A38
.prtcmd_yspc_exit
     9A3E   60         RTS
.parametertable
     9A3F   BC
     9A40   64 72 69 ...
     9A46   BC
     9A47   61 66 73 ...
     9A4C   A8
     9A4D   4C 29 
     9A4F   A8
     9A50   3C 64 72 ...
     9A58   A8
     9A59   3C 64 72 ...
     9A64   A8
     9A65   3C 64 69 ...
     9A6B   BC
     9A6C   64 6F 73 ...
     9A75   BC
     9A76   66 73 70 ...
     9A7A   A8
     9A7B   3C 64 6F ...
     9A86   BC
     9A87   74 69 74 ...
     9A8D   A8
     9A8E   3C 6E 75 ...
     9A94   BC
     9A95   73 6F 75 ...
     9AA4   BC
     9AA5   6F 6C 64 ...
     9AB7   BC
     9AB8   66 69 6C ...
     9ABF   B4
     9AC0   30 2F 38 ...
     9AC4   FF
.CMD_COMPACT
     9AC5   20 DB 8B   JSR &8BDB
     9AC8   20 9F 80   JSR &809F
     9ACB   43 6F 6D ...
     9AD7   8D D1 B9   STA &B9D1
     9ADA   8D D2 B9   STA &B9D2
     9ADD   20 06 81   JSR &8106
     9AE0   20 7E 83   JSR &837E
     9AE3   A0 00      LDY #&00
     9AE5   20 FD 93   JSR &93FD
     9AE8   20 14 93   JSR &9314
     9AEB   20 00 A1   JSR &A100
     9AEE   AC 05 B8   LDY &B805
     9AF1   84 CA      STY &CA
     9AF3   A9 02      LDA #&02
     9AF5   85 C8      STA &C8
     9AF7   A9 00      LDA #&00
     9AF9   85 C9      STA &C9
.compact_loop
     9AFB   A4 CA      LDY &CA
     9AFD   20 C6 82   JSR &82C6
     9B00   C0 F8      CPY #&F8
     9B02   D0 28      BNE &9B2C
     9B04   AD 07 B8   LDA &B807
     9B07   38         SEC
     9B08   E5 C8      SBC &C8
     9B0A   48         PHA
     9B0B   AD 06 B8   LDA &B806
     9B0E   29 03      AND #&03
     9B10   E5 C9      SBC &C9
     9B12   20 06 81   JSR &8106
     9B15   68         PLA
     9B16   20 FE 80   JSR &80FE
     9B19   20 9F 80   JSR &809F
     9B1C   20 66 72 ...
     9B29   0D
     9B2A   EA         NOP
     9B2B   60         RTS
.compact_checkfile
     9B2C   84 CA      STY &CA
     9B2E   20 48 83   JSR &8348
     9B31   A4 CA      LDY &CA
     9B33   B9 0C B8   LDA &B80C,Y
     9B36   C9 01      CMP #&01
     9B38   A9 00      LDA #&00
     9B3A   85 BC      STA &BC
     9B3C   85 C0      STA &C0
     9B3E   79 0D B8   ADC &B80D,Y
     9B41   85 C4      STA &C4
     9B43   B9 0E B8   LDA &B80E,Y
     9B46   08         PHP
     9B47   20 1B 82   JSR &821B
     9B4A   28         PLP
     9B4B   69 00      ADC #&00
     9B4D   85 C5      STA &C5
     9B4F   B9 0F B8   LDA &B80F,Y
     9B52   85 C6      STA &C6
     9B54   B9 0E B8   LDA &B80E,Y
     9B57   29 03      AND #&03
     9B59   85 C7      STA &C7
     9B5B   C5 C9      CMP &C9
     9B5D   D0 14      BNE &9B73
     9B5F   A5 C6      LDA &C6
     9B61   C5 C8      CMP &C8
     9B63   D0 0E      BNE &9B73
     9B65   18         CLC
     9B66   65 C4      ADC &C4
     9B68   85 C8      STA &C8
     9B6A   A5 C9      LDA &C9
     9B6C   65 C5      ADC &C5
     9B6E   85 C9      STA &C9
     9B70   4C 8B 9B   JMP &9B8B
.compact_movefile
     9B73   A5 C8      LDA &C8
     9B75   99 0F B8   STA &B80F,Y
     9B78   B9 0E B8   LDA &B80E,Y
     9B7B   29 FC      AND #&FC
     9B7D   05 C9      ORA &C9
     9B7F   99 0E B8   STA &B80E,Y
     9B82   20 07 A1   JSR &A107
     9B85   20 12 9D   JSR &9D12
     9B88   20 F5 A0   JSR &A0F5
.compact_fileinfo
     9B8B   A4 CA      LDY &CA
     9B8D   20 4D 83   JSR &834D
     9B90   4C FB 9A   JMP &9AFB
.IsEnabledOrGo
     9B93   2C C7 B9   BIT &B9C7
     9B96   10 07      BPL &9B9F
     9B98   20 EA 9B   JSR &9BEA
     9B9B   F0 02      BEQ &9B9F
     9B9D   68         PLA
     9B9E   68         PLA
.isgo
.isgoalready
     9B9F   60         RTS
.Get_CopyDATA_Drives
     9BA0   20 E0 8B   JSR &8BE0
     9BA3   8D D1 B9   STA &B9D1
     9BA6   20 E0 8B   JSR &8BE0
     9BA9   8D D2 B9   STA &B9D2
     9BAC   CD D1 B9   CMP &B9D1
     9BAF   F0 2E      BEQ &9BDF
     9BB1   98         TYA
     9BB2   48         PHA
     9BB3   20 14 93   JSR &9314
     9BB6   20 9F 80   JSR &809F
     9BB9   43 6F 70 ...
     9BC7   AD D1 B9   LDA &B9D1
     9BCA   20 9C 80   JSR &809C
     9BCD   20 74 6F ...
     9BD2   AD D2 B9   LDA &B9D2
     9BD5   20 06 81   JSR &8106
     9BD8   20 7E 83   JSR &837E
     9BDB   68         PLA
     9BDC   A8         TAY
     9BDD   18         CLC
     9BDE   60         RTS
.baddrv
     9BDF   4C F3 8B   JMP &8BF3
.ConfirmYNcolon
     9BE2   20 9F 80   JSR &809F
     9BE5   20 3A 20 
     9BE8   90 0F      BCC &9BF9
.GoYN
     9BEA   20 9F 80   JSR &809F
     9BED   47 6F 20 ...
     9BF8   EA         NOP
.ConfirmYN
     9BF9   20 12 9C   JSR &9C12
     9BFC   20 E0 FF   JSR &FFE0
     9BFF   B0 1D      BCS &9C1E
     9C01   29 5F      AND #&5F
     9C03   C9 59      CMP #&59
     9C05   08         PHP
     9C06   F0 02      BEQ &9C0A
     9C08   A9 4E      LDA #&4E
.confYN
     9C0A   20 E2 80   JSR &80E2
     9C0D   20 7E 83   JSR &837E
     9C10   28         PLP
     9C11   60         RTS
.osbyte0F_flushinbuf2
     9C12   20 F7 83   JSR &83F7
     9C15   A9 0F      LDA #&0F
     9C17   A2 01      LDX #&01
     9C19   A0 00      LDY #&00
     9C1B   4C F4 FF   JMP &FFF4
.err_ESCAPE
     9C1E   4C 75 8C   JMP &8C75
.err_DISKFULL2
     9C21   4C 79 8A   JMP &8A79
.CMD_BACKUP
     9C24   20 A0 9B   JSR &9BA0
     9C27   20 93 9B   JSR &9B93
     9C2A   A9 00      LDA #&00
     9C2C   85 C7      STA &C7
     9C2E   85 C9      STA &C9
     9C30   85 C8      STA &C8
     9C32   85 C6      STA &C6
     9C34   AD D1 B9   LDA &B9D1
     9C37   85 CD      STA &CD
     9C39   20 03 A1   JSR &A103
     9C3C   AD 07 B8   LDA &B807
     9C3F   85 C4      STA &C4
     9C41   AD 06 B8   LDA &B806
     9C44   29 03      AND #&03
     9C46   85 C5      STA &C5
     9C48   AD D2 B9   LDA &B9D2
     9C4B   85 CD      STA &CD
     9C4D   20 03 A1   JSR &A103
     9C50   AD 06 B8   LDA &B806
     9C53   29 03      AND #&03
     9C55   C5 C5      CMP &C5
     9C57   90 C8      BCC &9C21
     9C59   D0 07      BNE &9C62
     9C5B   AD 07 B8   LDA &B807
     9C5E   C5 C4      CMP &C4
     9C60   90 BF      BCC &9C21
.backup_copy
     9C62   20 12 9D   JSR &9D12
     9C65   20 03 A1   JSR &A103
     9C68   A2 0A      LDX #&0A
.tloop
     9C6A   E0 08      CPX #&08
     9C6C   90 05      BCC &9C73
     9C6E   BD F8 B7   LDA &B7F8,X
     9C71   B0 03      BCS &9C76
.tskip1
     9C73   BD 00 B7   LDA &B700,X
.tskip2
     9C76   9D 00 B9   STA &B900,X
     9C79   CA         DEX
     9C7A   10 EE      BPL &9C6A
     9C7C   60         RTS
.CMD_COPY
     9C7D   20 32 92   JSR &9232
     9C80   20 A0 9B   JSR &9BA0
     9C83   20 AE 99   JSR &99AE
     9C86   20 4D 81   JSR &814D
     9C89   AD D1 B9   LDA &B9D1
     9C8C   85 CD      STA &CD
     9C8E   20 3C 82   JSR &823C
.copy_loop1
     9C91   A5 CC      LDA &CC
     9C93   48         PHA
     9C94   A5 B6      LDA &B6
     9C96   48         PHA
     9C97   20 4D 83   JSR &834D
     9C9A   A2 00      LDX #&00
.copy_loop2
     9C9C   B9 08 B7   LDA &B708,Y
     9C9F   95 C5      STA &C5,X
     9CA1   9D 50 B9   STA &B950,X
     9CA4   B9 08 B8   LDA &B808,Y
     9CA7   95 BB      STA &BB,X
     9CA9   9D 47 B9   STA &B947,X
     9CAC   E8         INX
     9CAD   C8         INY
     9CAE   E0 08      CPX #&08
     9CB0   D0 EA      BNE &9C9C
     9CB2   20 02 9D   JSR &9D02
     9CB5   AD D2 B9   LDA &B9D2
     9CB8   20 BC 8A   JSR &8ABC
     9CBB   A5 C2      LDA &C2
     9CBD   29 03      AND #&03
     9CBF   48         PHA
     9CC0   A5 C3      LDA &C3
     9CC2   48         PHA
     9CC3   20 02 9D   JSR &9D02
     9CC6   68         PLA
     9CC7   85 C8      STA &C8
     9CC9   68         PLA
     9CCA   85 C9      STA &C9
     9CCC   A5 C1      LDA &C1
     9CCE   20 1B 82   JSR &821B
     9CD1   AA         TAX
     9CD2   A5 BF      LDA &BF
     9CD4   C9 01      CMP #&01
     9CD6   A5 C0      LDA &C0
     9CD8   69 00      ADC #&00
     9CDA   85 C4      STA &C4
     9CDC   8A         TXA
     9CDD   69 00      ADC #&00
     9CDF   85 C5      STA &C5
     9CE1   A5 C2      LDA &C2
     9CE3   85 C6      STA &C6
     9CE5   A5 C1      LDA &C1
     9CE7   29 03      AND #&03
     9CE9   85 C7      STA &C7
     9CEB   20 12 9D   JSR &9D12
     9CEE   AD D1 B9   LDA &B9D1
     9CF1   85 CD      STA &CD
     9CF3   20 00 A1   JSR &A100
     9CF6   68         PLA
     9CF7   85 B6      STA &B6
     9CF9   68         PLA
     9CFA   85 CC      STA &CC
     9CFC   20 88 82   JSR &8288
     9CFF   B0 90      BCS &9C91
     9D01   60         RTS
.cd_swapvars
     9D02   A2 11      LDX #&11
.cd_swapvars_loop
     9D04   BC 45 B9   LDY &B945,X
     9D07   B5 BA      LDA &BA,X
     9D09   94 BA      STY &BA,X
     9D0B   9D 45 B9   STA &B945,X
     9D0E   CA         DEX
     9D0F   10 F3      BPL &9D04
     9D11   60         RTS
.CopyDATABLOCK
     9D12   A9 00      LDA #&00
     9D14   85 BC      STA &BC
     9D16   85 C0      STA &C0
     9D18   AD CF B9   LDA &B9CF
     9D1B   85 BD      STA &BD
     9D1D   F0 57      BEQ &9D76
.cd_loop
     9D1F   A4 C4      LDY &C4
     9D21   CC D0 B9   CPY &B9D0
     9D24   A5 C5      LDA &C5
     9D26   E9 00      SBC #&00
     9D28   90 03      BCC &9D2D
     9D2A   AC D0 B9   LDY &B9D0
.cd_part
     9D2D   84 C1      STY &C1
     9D2F   A5 C6      LDA &C6
     9D31   85 C3      STA &C3
     9D33   A5 C7      LDA &C7
     9D35   85 C2      STA &C2
     9D37   AD D1 B9   LDA &B9D1
     9D3A   85 CD      STA &CD
     9D3C   20 AB 8B   JSR &8BAB
     9D3F   20 41 88   JSR &8841
     9D42   AD D2 B9   LDA &B9D2
     9D45   85 CD      STA &CD
     9D47   A5 C8      LDA &C8
     9D49   85 C3      STA &C3
     9D4B   A5 C9      LDA &C9
     9D4D   85 C2      STA &C2
     9D4F   20 AB 8B   JSR &8BAB
     9D52   20 4E 88   JSR &884E
     9D55   A5 C1      LDA &C1
     9D57   18         CLC
     9D58   65 C8      ADC &C8
     9D5A   85 C8      STA &C8
     9D5C   90 02      BCC &9D60
     9D5E   E6 C9      INC &C9
.cd_inc1
     9D60   A5 C1      LDA &C1
     9D62   18         CLC
     9D63   65 C6      ADC &C6
     9D65   85 C6      STA &C6
     9D67   90 02      BCC &9D6B
     9D69   E6 C7      INC &C7
.cd_inc2
     9D6B   38         SEC
     9D6C   A5 C4      LDA &C4
     9D6E   E5 C1      SBC &C1
     9D70   85 C4      STA &C4
     9D72   B0 02      BCS &9D76
     9D74   C6 C5      DEC &C5
.cd_loopentry
     9D76   A5 C4      LDA &C4
     9D78   05 C5      ORA &C5
     9D7A   D0 A3      BNE &9D1F
     9D7C   60         RTS
.CMD_VERIFY
     9D7D   A9 00      LDA #&00
     9D7F   F0 02      BEQ &9D83
.CMD_FORM
     9D81   A9 FF      LDA #&FF
.vform1
     9D83   85 C9      STA &C9
     9D85   85 B2      STA &B2
     9D87   10 15      BPL &9D9E
     9D89   20 AE 99   JSR &99AE
     9D8C   20 40 84   JSR &8440
     9D8F   B0 0A      BCS &9D9B
     9D91   86 B5      STX &B5
     9D93   E0 28      CPX #&28
     9D95   F0 07      BEQ &9D9E
     9D97   E0 50      CPX #&50
     9D99   F0 03      BEQ &9D9E
.vform2_syntax
     9D9B   4C B4 99   JMP &99B4
.vform3_ok
     9D9E   20 C4 81   JSR &81C4
     9DA1   84 CA      STY &CA
     9DA3   D0 49      BNE &9DEE
     9DA5   24 C9      BIT &C9
     9DA7   30 0B      BMI &9DB4
     9DA9   20 9F 80   JSR &809F
     9DAC   56 65 72 ...
     9DB2   90 0A      BCC &9DBE
.vform4_form
     9DB4   20 9F 80   JSR &809F
     9DB7   46 6F 72 ...
     9DBD   EA         NOP
.vform4_askdrive
     9DBE   20 9F 80   JSR &809F
     9DC1   20 77 68 ...
     9DD0   EA         NOP
     9DD1   20 E0 FF   JSR &FFE0
     9DD4   B0 31      BCS &9E07
     9DD6   C9 20      CMP #&20
     9DD8   90 30      BCC &9E0A
     9DDA   20 E2 80   JSR &80E2
     9DDD   38         SEC
     9DDE   E9 30      SBC #&30
     9DE0   C9 04      CMP #&04
     9DE2   B0 26      BCS &9E0A
     9DE4   85 CD      STA &CD
     9DE6   20 7E 83   JSR &837E
     9DE9   A4 CA      LDY &CA
     9DEB   4C F1 9D   JMP &9DF1
.vform5_driveloop
     9DEE   20 E3 8B   JSR &8BE3
.vform6_drivein
     9DF1   84 CA      STY &CA
     9DF3   24 B2      BIT &B2
     9DF5   10 05      BPL &9DFC
     9DF7   46 B2      LSR &B2
     9DF9   20 93 9B   JSR &9B93
.vform7_go
     9DFC   20 0D 9E   JSR &9E0D
     9DFF   A4 CA      LDY &CA
     9E01   20 C4 81   JSR &81C4
     9E04   D0 E8      BNE &9DEE
     9E06   60         RTS
.jmp_reportEscape
     9E07   4C 75 8C   JMP &8C75
.jmp_errBadDrive
     9E0A   4C F3 8B   JMP &8BF3
.VFCurDrv
     9E0D   24 C9      BIT &C9
     9E0F   30 0E      BMI &9E1F
     9E11   20 9F 80   JSR &809F
     9E14   56 65 72 ...
     9E1D   90 12      BCC &9E31
.vf1
     9E1F   20 9F 80   JSR &809F
     9E22   46 6F 72 ...
     9E2C   A6 CD      LDX &CD
     9E2E   8E B0 B9   STX &B9B0
.vf2
     9E31   20 9F 80   JSR &809F
     9E34   20 64 72 ...
     9E3B   A5 CD      LDA &CD
     9E3D   20 9C 80   JSR &809C
     9E40   20 74 72 ...
     9E49   EA         NOP
     9E4A   A9 63      LDA #&63
     9E4C   A2 05      LDX #&05
     9E4E   24 C9      BIT &C9
     9E50   30 2D      BMI &9E7F
     9E52   20 03 A1   JSR &A103
     9E55   AD 06 B8   LDA &B806
     9E58   29 03      AND #&03
     9E5A   AA         TAX
     9E5B   AD 07 B8   LDA &B807
     9E5E   A0 0A      LDY #&0A
     9E60   84 B0      STY &B0
     9E62   A0 FF      LDY #&FF
.trkloop1
     9E64   38         SEC
.trkloop2
     9E65   C8         INY
     9E66   E5 B0      SBC &B0
     9E68   B0 FB      BCS &9E65
     9E6A   CA         DEX
     9E6B   10 F7      BPL &9E64
     9E6D   65 B0      ADC &B0
     9E6F   48         PHA
     9E70   98         TYA
     9E71   AA         TAX
     9E72   68         PLA
     9E73   F0 01      BEQ &9E76
     9E75   E8         INX
.trkex
     9E76   8A         TXA
     9E77   F0 41      BEQ &9EBA
     9E79   85 B5      STA &B5
     9E7B   A9 5F      LDA #&5F
     9E7D   A2 03      LDX #&03
.vf4
     9E7F   8D B6 B9   STA &B9B6
     9E82   8E B5 B9   STX &B9B5
     9E85   A9 00      LDA #&00
     9E87   85 B4      STA &B4
.vf5_trackloop
     9E89   A9 08      LDA #&08
     9E8B   20 E2 80   JSR &80E2
     9E8E   20 E2 80   JSR &80E2
     9E91   A5 B4      LDA &B4
     9E93   8D B7 B9   STA &B9B7
     9E96   20 FE 80   JSR &80FE
     9E99   20 3A A1   JSR &A13A
     9E9C   F0 0A      BEQ &9EA8
     9E9E   48         PHA
     9E9F   A9 3F      LDA #&3F
     9EA1   20 E2 80   JSR &80E2
     9EA4   68         PLA
     9EA5   4C 5B A1   JMP &A15B
.vfx1
     9EA8   E6 B4      INC &B4
     9EAA   A5 B4      LDA &B4
     9EAC   C5 B5      CMP &B5
     9EAE   D0 D9      BNE &9E89
     9EB0   24 C9      BIT &C9
     9EB2   10 06      BPL &9EBA
     9EB4   20 BD 9E   JSR &9EBD
     9EB7   20 07 A1   JSR &A107
.vf6_exit
     9EBA   4C 7E 83   JMP &837E
.ClearCatalogue
     9EBD   A0 00      LDY #&00
     9EBF   98         TYA
.ccatloop
     9EC0   99 00 B7   STA &B700,Y
     9EC3   99 00 B8   STA &B800,Y
     9EC6   C8         INY
     9EC7   D0 F7      BNE &9EC0
     9EC9   A4 B5      LDY &B5
.loop2
     9ECB   A9 0A      LDA #&0A
     9ECD   18         CLC
     9ECE   6D 07 B8   ADC &B807
     9ED1   8D 07 B8   STA &B807
     9ED4   90 03      BCC &9ED9
     9ED6   EE 06 B8   INC &B806
.label3
     9ED9   88         DEY
     9EDA   D0 EF      BNE &9ECB
     9EDC   60         RTS
.CMD_FREE
     9EDD   38         SEC
     9EDE   B0 01      BCS &9EE1
.CMD_MAP
     9EE0   18         CLC
.Label_A7F7
     9EE1   66 C6      ROR &C6
     9EE3   20 DB 8B   JSR &8BDB
     9EE6   20 00 A1   JSR &A100
     9EE9   24 C6      BIT &C6
     9EEB   30 15      BMI &9F02
     9EED   20 BF 80   JSR &80BF
     9EF0   41 64 64 ...
     9F01   0D
.Label_A818_free
     9F02   AD 06 B8   LDA &B806
     9F05   29 03      AND #&03
     9F07   85 C5      STA &C5
     9F09   85 C2      STA &C2
     9F0B   AD 07 B8   LDA &B807
     9F0E   85 C4      STA &C4
     9F10   38         SEC
     9F11   E9 02      SBC #&02
     9F13   85 C1      STA &C1
     9F15   B0 02      BCS &9F19
     9F17   C6 C2      DEC &C2
.Label_A82F
     9F19   A9 02      LDA #&02
     9F1B   85 BB      STA &BB
     9F1D   A9 00      LDA #&00
     9F1F   85 BC      STA &BC
     9F21   85 BF      STA &BF
     9F23   85 C0      STA &C0
     9F25   AD 05 B8   LDA &B805
     9F28   29 F8      AND #&F8
     9F2A   A8         TAY
     9F2B   F0 26      BEQ &9F53
     9F2D   D0 11      BNE &9F40
.Label_A845_fileloop
     9F2F   20 C2 9F   JSR &9FC2
     9F32   20 C6 82   JSR &82C6
     9F35   A5 C4      LDA &C4
     9F37   38         SEC
     9F38   E5 BB      SBC &BB
     9F3A   A5 C5      LDA &C5
     9F3C   E5 BC      SBC &BC
     9F3E   90 13      BCC &9F53
.Label_A856_fileloop_entry
     9F40   B9 07 B8   LDA &B807,Y
     9F43   38         SEC
     9F44   E5 BB      SBC &BB
     9F46   85 C1      STA &C1
     9F48   B9 06 B8   LDA &B806,Y
     9F4B   29 03      AND #&03
     9F4D   E5 BC      SBC &BC
     9F4F   85 C2      STA &C2
     9F51   90 DC      BCC &9F2F
.Label_A86B_nofiles
     9F53   84 BD      STY &BD
     9F55   24 C6      BIT &C6
     9F57   30 2B      BMI &9F84
     9F59   A5 C1      LDA &C1
     9F5B   05 C2      ORA &C2
     9F5D   F0 25      BEQ &9F84
     9F5F   A5 BC      LDA &BC
     9F61   20 16 81   JSR &8116
     9F64   A5 BB      LDA &BB
     9F66   20 0E 81   JSR &810E
     9F69   20 BF 80   JSR &80BF
     9F6C   20 20 20 ...
     9F74   A5 C2      LDA &C2
     9F76   20 16 81   JSR &8116
     9F79   A5 C1      LDA &C1
     9F7B   20 0E 81   JSR &810E
     9F7E   20 E7 FF   JSR &FFE7
     9F81   20 C2 9F   JSR &9FC2
.Label_A87A_free
     9F84   A5 C1      LDA &C1
     9F86   18         CLC
     9F87   65 BF      ADC &BF
     9F89   85 BF      STA &BF
     9F8B   A5 C2      LDA &C2
     9F8D   65 C0      ADC &C0
     9F8F   85 C0      STA &C0
     9F91   A4 BD      LDY &BD
     9F93   D0 9A      BNE &9F2F
     9F95   24 C6      BIT &C6
     9F97   10 28      BPL &9FC1
     9F99   A8         TAY
     9F9A   A6 BF      LDX &BF
     9F9C   A9 F8      LDA #&F8
     9F9E   38         SEC
     9F9F   ED 05 B8   SBC &B805
     9FA2   20 EC 9F   JSR &9FEC
     9FA5   46 72 65 ...
     9FA9   0D
     9FAA   A5 C4      LDA &C4
     9FAC   38         SEC
     9FAD   E5 BF      SBC &BF
     9FAF   AA         TAX
     9FB0   A5 C5      LDA &C5
     9FB2   E5 C0      SBC &C0
     9FB4   A8         TAY
     9FB5   AD 05 B8   LDA &B805
     9FB8   20 EC 9F   JSR &9FEC
     9FBB   55 73 65 ...
     9FBF   0D
     9FC0   EA         NOP
.Label_A8BD_rst
     9FC1   60         RTS
.Sub_A8E2_nextblock
     9FC2   B9 06 B8   LDA &B806,Y
     9FC5   48         PHA
     9FC6   20 1B 82   JSR &821B
     9FC9   85 BC      STA &BC
     9FCB   68         PLA
     9FCC   29 03      AND #&03
     9FCE   18         CLC
     9FCF   65 BC      ADC &BC
     9FD1   85 BC      STA &BC
     9FD3   B9 04 B8   LDA &B804,Y
     9FD6   C9 01      CMP #&01
     9FD8   A9 00      LDA #&00
     9FDA   79 05 B8   ADC &B805,Y
     9FDD   90 02      BCC &9FE1
     9FDF   E6 BC      INC &BC
.Label_A902
     9FE1   18         CLC
     9FE2   79 07 B8   ADC &B807,Y
     9FE5   85 BB      STA &BB
     9FE7   90 02      BCC &9FEB
     9FE9   E6 BC      INC &BC
.Label_A90C
     9FEB   60         RTS
.Sub_A90D_freeinfo
     9FEC   4A         LSR A
     9FED   4A         LSR A
     9FEE   4A         LSR A
     9FEF   20 0B 81   JSR &810B
     9FF2   20 BF 80   JSR &80BF
     9FF5   20 46 69 ...
     9FFC   86 BC      STX &BC
     9FFE   84 BD      STY &BD
     A000   98         TYA
     A001   20 16 81   JSR &8116
     A004   8A         TXA
     A005   20 0E 81   JSR &810E
     A008   20 BF 80   JSR &80BF
     A00B   20 53 65 ...
     A014   A9 00      LDA #&00
     A016   85 BB      STA &BB
     A018   85 BE      STA &BE
     A01A   A2 1F      LDX #&1F
     A01C   86 C1      STX &C1
     A01E   A2 09      LDX #&09
.Label_A941_loop1
     A020   9D 00 B9   STA &B900,X
     A023   CA         DEX
     A024   10 FA      BPL &A020
.Label_A947_loop2
     A026   06 BB      ASL &BB
     A028   26 BC      ROL &BC
     A02A   26 BD      ROL &BD
     A02C   26 BE      ROL &BE
     A02E   A2 00      LDX #&00
     A030   A0 09      LDY #&09
.Label_A953_loop3
     A032   BD 00 B9   LDA &B900,X
     A035   2A         ROL A
     A036   C9 0A      CMP #&0A
     A038   90 02      BCC &A03C
     A03A   E9 0A      SBC #&0A
.Label_A95D
     A03C   9D 00 B9   STA &B900,X
     A03F   E8         INX
     A040   88         DEY
     A041   10 EF      BPL &A032
     A043   C6 C1      DEC &C1
     A045   10 DF      BPL &A026
     A047   A0 20      LDY #&20
     A049   A2 05      LDX #&05
.Label_A96C_loop4
     A04B   D0 02      BNE &A04F
     A04D   A0 2C      LDY #&2C
.Label_A970
     A04F   BD 00 B9   LDA &B900,X
     A052   D0 07      BNE &A05B
     A054   C0 2C      CPY #&2C
     A056   F0 03      BEQ &A05B
     A058   98         TYA
     A059   D0 04      BNE &A05F
.Label_A97D
     A05B   A0 2C      LDY #&2C
     A05D   09 30      ORA #&30
.Label_A982
     A05F   20 EE FF   JSR &FFEE
     A062   E0 03      CPX #&03
     A064   D0 04      BNE &A06A
     A066   98         TYA
     A067   20 EE FF   JSR &FFEE
.Label_A98D
     A06A   CA         DEX
     A06B   10 DE      BPL &A04B
     A06D   20 BF 80   JSR &80BF
     A070   20 42 79 ...
     A077   EA         NOP
     A078   4C BF 80   JMP &80BF
.CalculateCRC7
     A07B   A0 0F      LDY #&0F
     A07D   A9 00      LDA #&00
.c7loop1
     A07F   59 E0 B9   EOR &B9E0,Y
     A082   0A         ASL A
     A083   A2 07      LDX #&07
.c7loop2
     A085   90 02      BCC &A089
     A087   49 12      EOR #&12
.c7b7z1
     A089   0A         ASL A
     A08A   CA         DEX
     A08B   D0 F8      BNE &A085
     A08D   90 02      BCC &A091
     A08F   49 12      EOR #&12
.c7b7z2
     A091   88         DEY
     A092   10 EB      BPL &A07F
     A094   09 01      ORA #&01
     A096   60         RTS
.CheckCRC7
     A097   20 F7 83   JSR &83F7
     A09A   20 7B A0   JSR &A07B
     A09D   CD F0 B9   CMP &B9F0
     A0A0   D0 01      BNE &A0A3
     A0A2   60         RTS
.errBadSum
     A0A3   20 58 80   JSR &8058
     A0A6   FF
     A0A7   53 75 6D 
     A0AA   00
.ResetCRC7
     A0AB   20 F7 83   JSR &83F7
     A0AE   20 7B A0   JSR &A07B
     A0B1   8D F0 B9   STA &B9F0
     A0B4   18         CLC
     A0B5   60         RTS
.CheckForException
     A0B6   AD 74 B9   LDA &B974
     A0B9   2D 75 B9   AND &B975
     A0BC   0D D6 B9   ORA &B9D6
     A0BF   49 FF      EOR #&FF
     A0C1   D0 1E      BNE &A0E1
     A0C3   A5 C2      LDA &C2
     A0C5   29 30      AND #&30
     A0C7   D0 19      BNE &A0E2
     A0C9   A5 C1      LDA &C1
     A0CB   30 15      BMI &A0E2
     A0CD   18         CLC
     A0CE   A5 BC      LDA &BC
     A0D0   65 C0      ADC &C0
     A0D2   AA         TAX
     A0D3   A5 BD      LDA &BD
     A0D5   30 0B      BMI &A0E2
     A0D7   65 C1      ADC &C1
     A0D9   10 06      BPL &A0E1
     A0DB   0A         ASL A
     A0DC   D0 04      BNE &A0E2
     A0DE   8A         TXA
     A0DF   D0 01      BNE &A0E2
.noexception
     A0E1   60         RTS
.errException
     A0E2   20 72 80   JSR &8072
     A0E5   FF
     A0E6   4E 6F 74 ...
     A0F1   00
.Set_CurDirDrv_ToDefaults_CheckCurDrvCat
     A0F2   20 CE 8B   JSR &8BCE
.CheckCurDrvCat
     A0F5   AD 82 B9   LDA &B982
     A0F8   C5 CD      CMP &CD
     A0FA   D0 07      BNE &A103
     A0FC   60         RTS
.Set_CurDirDrv_ToDefaults_and_load
     A0FD   20 CE 8B   JSR &8BCE
.LoadCurDrvCat2
     A100   20 F7 83   JSR &83F7
.LoadCurDrvCat
     A103   A9 53      LDA #&53
     A105   D0 0D      BNE &A114
.SaveCatToDisk
     A107   AD 04 B8   LDA &B804
     A10A   18         CLC
     A10B   F8         SED
     A10C   69 01      ADC #&01
     A10E   8D 04 B8   STA &B804
     A111   D8         CLD
     A112   A9 4B      LDA #&4B
.exec_cat_rw
     A114   48         PHA
     A115   A5 CD      LDA &CD
     A117   A2 00      LDX #&00
.loop
     A119   9D B0 B9   STA &B9B0,X
     A11C   BD 31 A1   LDA &A131,X
     A11F   E8         INX
     A120   E0 0A      CPX #&0A
     A122   D0 F5      BNE &A119
     A124   68         PLA
     A125   8D B6 B9   STA &B9B6
     A128   20 58 A1   JSR &A158
     A12B   A5 CD      LDA &CD
     A12D   8D 82 B9   STA &B982
     A130   60         RTS
.datax
     A131   00
     A132   B7
     A133   FF
     A134   FF
     A135   03
     A136   53
     A137   00
     A138   00
     A139   22
.OW7F_Execute
     A13A   A5 B0      LDA &B0
     A13C   48         PHA
     A13D   A5 B1      LDA &B1
     A13F   48         PHA
     A140   A9 B0      LDA #&B0
     A142   85 B0      STA &B0
     A144   A9 B9      LDA #&B9
     A146   85 B1      STA &B1
     A148   20 26 B0   JSR &B026
     A14B   68         PLA
     A14C   85 B1      STA &B1
     A14E   68         PLA
     A14F   85 B0      STA &B0
     A151   AE B5 B9   LDX &B9B5
     A154   BD B7 B9   LDA &B9B7,X
     A157   60         RTS
.OW7F_Execute_and_ReportIfDiskFault
     A158   20 3A A1   JSR &A13A
.ReportIfDiskFault
     A15B   D0 01      BNE &A15E
     A15D   60         RTS
.l0
     A15E   C9 10      CMP #&10
     A160   D0 10      BNE &A172
     A162   20 62 80   JSR &8062
     A165   C7
     A166   44 72 69 ...
     A171   00
.l1
     A172   C9 12      CMP #&12
     A174   D0 0E      BNE &A184
     A176   20 4D 80   JSR &804D
     A179   C9
     A17A   72 65 61 ...
     A183   00
.l2
     A184   A5 CD      LDA &CD
     A186   8D B0 B9   STA &B9B0
     A189   A2 06      LDX #&06
.loop1
     A18B   BD E7 A1   LDA &A1E7,X
     A18E   9D B1 B9   STA &B9B1,X
     A191   CA         DEX
     A192   10 F7      BPL &A18B
     A194   20 3A A1   JSR &A13A
     A197   48         PHA
     A198   A5 CD      LDA &CD
     A19A   29 02      AND #&02
     A19C   0A         ASL A
     A19D   0A         ASL A
     A19E   69 12      ADC #&12
     A1A0   8D B7 B9   STA &B9B7
     A1A3   20 3A A1   JSR &A13A
     A1A6   48         PHA
     A1A7   20 4D 80   JSR &804D
     A1AA   00         BRK
     A1AB   EA         NOP
     A1AC   20 79 80   JSR &8079
     A1AF   C7
     A1B0   73 65 63 ...
     A1C4   EA         NOP
     A1C5   A9 3A      LDA #&3A
     A1C7   20 21 B0   JSR &B021
     A1CA   A5 CD      LDA &CD
     A1CC   20 8D 8C   JSR &8C8D
     A1CF   A9 20      LDA #&20
     A1D1   20 21 B0   JSR &B021
     A1D4   68         PLA
     A1D5   20 85 8C   JSR &8C85
     A1D8   A9 2F      LDA #&2F
     A1DA   20 21 B0   JSR &B021
     A1DD   68         PLA
     A1DE   20 85 8C   JSR &8C85
     A1E1   20 79 80   JSR &8079
     A1E4   C7
     A1E5   00
     A1E6   EA         NOP
.spec
     A1E7   00
     A1E8   00
     A1E9   00
     A1EA   00
     A1EB   01
     A1EC   7D
     A1ED   06
.bcd_inc16_zp_x_A8
     A1EE   A2 A8      LDX #&A8
.bcd_inc16_zp_x
     A1F0   F8         SED
     A1F1   18         CLC
     A1F2   B5 00      LDA &00,X
     A1F4   69 01      ADC #&01
     A1F6   95 00      STA &00,X
     A1F8   B5 01      LDA &01,X
     A1FA   69 00      ADC #&00
     A1FC   95 01      STA &01,X
     A1FE   D8         CLD
     A1FF   60         RTS
Including file MMC_ElkPlus1.asm
.MMC_GetByte
.P1_ReadByte
     A200   A9 FF      LDA #&FF
     A202   A2 FD      LDX #&FD
Macro READ_BIT:
     A204   8E 71 FC   STX &FC71
     A207   8D 71 FC   STA &FC71
     A20A   2E 72 FC   ROL &FC72
     A20D   26 F8      ROL &F8
End macro READ_BIT
.P1_ReadBits7
Macro READ_BIT:
     A20F   8E 71 FC   STX &FC71
     A212   8D 71 FC   STA &FC71
     A215   2E 72 FC   ROL &FC72
     A218   26 F8      ROL &F8
End macro READ_BIT
Macro READ_BIT:
     A21A   8E 71 FC   STX &FC71
     A21D   8D 71 FC   STA &FC71
     A220   2E 72 FC   ROL &FC72
     A223   26 F8      ROL &F8
End macro READ_BIT
Macro READ_BIT:
     A225   8E 71 FC   STX &FC71
     A228   8D 71 FC   STA &FC71
     A22B   2E 72 FC   ROL &FC72
     A22E   26 F8      ROL &F8
End macro READ_BIT
Macro READ_BIT:
     A230   8E 71 FC   STX &FC71
     A233   8D 71 FC   STA &FC71
     A236   2E 72 FC   ROL &FC72
     A239   26 F8      ROL &F8
End macro READ_BIT
Macro READ_BIT:
     A23B   8E 71 FC   STX &FC71
     A23E   8D 71 FC   STA &FC71
     A241   2E 72 FC   ROL &FC72
     A244   26 F8      ROL &F8
End macro READ_BIT
Macro READ_BIT:
     A246   8E 71 FC   STX &FC71
     A249   8D 71 FC   STA &FC71
     A24C   2E 72 FC   ROL &FC72
     A24F   26 F8      ROL &F8
End macro READ_BIT
Macro READ_BIT:
     A251   8E 71 FC   STX &FC71
     A254   8D 71 FC   STA &FC71
     A257   2E 72 FC   ROL &FC72
     A25A   26 F8      ROL &F8
End macro READ_BIT
     A25C   A5 F8      LDA &F8
     A25E   60         RTS
.P1_WaitResp
     A25F   A9 FF      LDA #&FF
     A261   A2 FD      LDX #&FD
     A263   A0 00      LDY #&00
.loop
     A265   88         DEY
     A266   F0 0B      BEQ &A273
     A268   8E 71 FC   STX &FC71
     A26B   8D 71 FC   STA &FC71
     A26E   2E 72 FC   ROL &FC72
     A271   B0 F2      BCS &A265
.timeout
     A273   26 F8      ROL &F8
     A275   60         RTS
.P1_WriteByte
     A276   0A         ASL A
     A277   2A         ROL A
     A278   29 FD      AND #&FD
     A27A   8D 71 FC   STA &FC71
     A27D   09 02      ORA #&02
     A27F   8D 71 FC   STA &FC71
     A282   2A         ROL A
     A283   29 FD      AND #&FD
     A285   8D 71 FC   STA &FC71
     A288   09 02      ORA #&02
     A28A   8D 71 FC   STA &FC71
     A28D   2A         ROL A
     A28E   29 FD      AND #&FD
     A290   8D 71 FC   STA &FC71
     A293   09 02      ORA #&02
     A295   8D 71 FC   STA &FC71
     A298   2A         ROL A
     A299   29 FD      AND #&FD
     A29B   8D 71 FC   STA &FC71
     A29E   09 02      ORA #&02
     A2A0   8D 71 FC   STA &FC71
     A2A3   2A         ROL A
     A2A4   29 FD      AND #&FD
     A2A6   8D 71 FC   STA &FC71
     A2A9   09 02      ORA #&02
     A2AB   8D 71 FC   STA &FC71
     A2AE   2A         ROL A
     A2AF   29 FD      AND #&FD
     A2B1   8D 71 FC   STA &FC71
     A2B4   09 02      ORA #&02
     A2B6   8D 71 FC   STA &FC71
     A2B9   2A         ROL A
     A2BA   29 FD      AND #&FD
     A2BC   8D 71 FC   STA &FC71
     A2BF   09 02      ORA #&02
     A2C1   8D 71 FC   STA &FC71
     A2C4   2A         ROL A
     A2C5   29 FD      AND #&FD
     A2C7   8D 71 FC   STA &FC71
     A2CA   09 02      ORA #&02
     A2CC   8D 71 FC   STA &FC71
     A2CF   60         RTS
.MMC_DEVICE_RESET
     A2D0   60         RTS
.MMC_SlowClocks
     A2D1   4C D6 A2   JMP &A2D6
Including file MMC_PrinterCommon.asm
.MMC_16Clocks
     A2D4   A0 02      LDY #&02
.MMC_Clocks
.loop
     A2D6   20 00 A2   JSR &A200
     A2D9   88         DEY
     A2DA   D0 FA      BNE &A2D6
     A2DC   60         RTS
.MMC_DoCommand
     A2DD   A2 00      LDX #&00
     A2DF   A0 07      LDY #&07
.loop1
     A2E1   BD 87 B9   LDA &B987,X
     A2E4   20 76 A2   JSR &A276
     A2E7   E8         INX
     A2E8   88         DEY
     A2E9   D0 F6      BNE &A2E1
     A2EB   20 5F A2   JSR &A25F
     A2EE   4C 0F A2   JMP &A20F
.MMC_WaitForData
.loop
     A2F1   20 00 A2   JSR &A200
     A2F4   C9 FE      CMP #&FE
     A2F6   D0 F9      BNE &A2F1
     A2F8   60         RTS
.MMC_Read256
     A2F9   A2 00      LDX #&00
     A2FB   F0 02      BEQ &A2FF
.MMC_ReadBLS
     A2FD   A6 C6      LDX &C6
.MMC_ReadX
     A2FF   A0 00      LDY #&00
     A301   AD AE B9   LDA &B9AE
     A304   D0 0E      BNE &A314
.MMC_ReadToMemory
     A306   8A         TXA
     A307   48         PHA
     A308   20 00 A2   JSR &A200
     A30B   91 BC      STA (&BC),Y
     A30D   68         PLA
     A30E   AA         TAX
     A30F   C8         INY
     A310   CA         DEX
     A311   D0 F3      BNE &A306
     A313   60         RTS
.MMC_ReadToTube
     A314   8A         TXA
     A315   48         PHA
     A316   20 00 A2   JSR &A200
     A319   8D E5 FC   STA &FCE5
     A31C   68         PLA
     A31D   AA         TAX
     A31E   C8         INY
     A31F   CA         DEX
     A320   D0 F2      BNE &A314
     A322   60         RTS
.MMC_ReadBuffer
     A323   A0 FF      LDY #&FF
     A325   8C 82 B9   STY &B982
     A328   C8         INY
.loop
     A329   20 00 A2   JSR &A200
     A32C   99 00 B7   STA &B700,Y
     A32F   C8         INY
     A330   D0 F7      BNE &A329
     A332   60         RTS
.MMC_SendingData
     A333   20 D4 A2   JSR &A2D4
     A336   A9 FE      LDA #&FE
     A338   4C 76 A2   JMP &A276
.MMC_EndWrite
     A33B   20 D4 A2   JSR &A2D4
.ewu1
     A33E   20 00 A2   JSR &A200
     A341   A8         TAY
     A342   29 1F      AND #&1F
     A344   C9 1F      CMP #&1F
     A346   F0 F6      BEQ &A33E
     A348   C9 05      CMP #&05
     A34A   D0 2E      BNE &A37A
.ewu2
     A34C   20 00 A2   JSR &A200
     A34F   C9 FF      CMP #&FF
     A351   D0 F9      BNE &A34C
     A353   60         RTS
.MMC_Write256
     A354   AC AE B9   LDY &B9AE
     A357   D0 09      BNE &A362
.loop1
     A359   B1 BC      LDA (&BC),Y
     A35B   20 76 A2   JSR &A276
     A35E   C8         INY
     A35F   D0 F8      BNE &A359
     A361   60         RTS
.tube
     A362   A0 00      LDY #&00
.loop2
     A364   AD E5 FC   LDA &FCE5
     A367   20 76 A2   JSR &A276
     A36A   C8         INY
     A36B   D0 F7      BNE &A364
     A36D   60         RTS
.MMC_WriteBuffer
     A36E   A0 00      LDY #&00
.loop
     A370   B9 00 B7   LDA &B700,Y
     A373   20 76 A2   JSR &A276
     A376   C8         INY
     A377   D0 F7      BNE &A370
     A379   60         RTS
Processed file 'MMC_PrinterCommon.asm' ok
Processed file 'MMC_ElkPlus1.asm' ok
.errWrite2
     A37A   98         TYA
     A37B   20 E3 AF   JSR &AFE3
     A37E   57 72 69 ...
     A393   00
Including file MMC.asm
.MMC_SetCommand
     A394   8D 88 B9   STA &B988
     A397   A9 00      LDA #&00
     A399   8D 89 B9   STA &B989
     A39C   8D 8A B9   STA &B98A
     A39F   8D 8B B9   STA &B98B
     A3A2   8D 8C B9   STA &B98C
     A3A5   A9 FF      LDA #&FF
     A3A7   8D 87 B9   STA &B987
     A3AA   8D 8D B9   STA &B98D
     A3AD   8D 8E B9   STA &B98E
     A3B0   60         RTS
.MMC_INIT
     A3B1   20 39 80   JSR &8039
     A3B4   A9 00      LDA #&00
     A3B6   8D AF B9   STA &B9AF
     A3B9   A9 32      LDA #&32
     A3BB   85 C1      STA &C1
.iloop
     A3BD   A0 0A      LDY #&0A
     A3BF   20 D1 A2   JSR &A2D1
     A3C2   A9 40      LDA #&40
     A3C4   20 94 A3   JSR &A394
     A3C7   A9 95      LDA #&95
     A3C9   8D 8D B9   STA &B98D
     A3CC   20 DD A2   JSR &A2DD
     A3CF   29 81      AND #&81
     A3D1   C9 01      CMP #&01
     A3D3   D0 2F      BNE &A404
     A3D5   8D DE B9   STA &B9DE
     A3D8   A9 48      LDA #&48
     A3DA   20 94 A3   JSR &A394
     A3DD   A9 01      LDA #&01
     A3DF   8D 8B B9   STA &B98B
     A3E2   A9 AA      LDA #&AA
     A3E4   8D 8C B9   STA &B98C
     A3E7   A9 87      LDA #&87
     A3E9   8D 8D B9   STA &B98D
     A3EC   20 DD A2   JSR &A2DD
     A3EF   C9 01      CMP #&01
     A3F1   F0 24      BEQ &A417
     A3F3   A9 00      LDA #&00
     A3F5   8D DE B9   STA &B9DE
.il1
     A3F8   A9 41      LDA #&41
     A3FA   20 94 A3   JSR &A394
     A3FD   20 DD A2   JSR &A2DD
     A400   C9 02      CMP #&02
     A402   90 09      BCC &A40D
.ifail
     A404   C6 C1      DEC &C1
     A406   D0 B5      BNE &A3BD
.ifaildone
     A408   20 45 80   JSR &8045
     A40B   38         SEC
     A40C   60         RTS
.il11
     A40D   24 FF      BIT &FF
     A40F   30 F3      BMI &A404
     A411   C9 00      CMP #&00
     A413   D0 E3      BNE &A3F8
     A415   F0 42      BEQ &A459
.isdhc
     A417   20 00 A2   JSR &A200
     A41A   20 00 A2   JSR &A200
     A41D   20 00 A2   JSR &A200
     A420   20 00 A2   JSR &A200
.isdhc2
     A423   A9 77      LDA #&77
     A425   20 94 A3   JSR &A394
     A428   20 DD A2   JSR &A2DD
     A42B   A9 69      LDA #&69
     A42D   20 94 A3   JSR &A394
     A430   A9 40      LDA #&40
     A432   8D 89 B9   STA &B989
     A435   20 DD A2   JSR &A2DD
     A438   D0 E9      BNE &A423
     A43A   A9 7A      LDA #&7A
     A43C   20 94 A3   JSR &A394
     A43F   20 DD A2   JSR &A2DD
     A442   D0 C0      BNE &A404
     A444   20 00 A2   JSR &A200
     A447   29 40      AND #&40
     A449   48         PHA
     A44A   20 00 A2   JSR &A200
     A44D   20 00 A2   JSR &A200
     A450   20 00 A2   JSR &A200
     A453   68         PLA
     A454   D0 03      BNE &A459
     A456   8D DE B9   STA &B9DE
.iok
     A459   A9 50      LDA #&50
     A45B   20 94 A3   JSR &A394
     A45E   A9 02      LDA #&02
     A460   8D 8B B9   STA &B98B
     A463   20 DD A2   JSR &A2DD
     A466   D0 0A      BNE &A472
     A468   A9 40      LDA #&40
     A46A   8D AF B9   STA &B9AF
     A46D   20 45 80   JSR &8045
     A470   18         CLC
     A471   60         RTS
.blkerr
     A472   20 E3 AF   JSR &AFE3
     A475   53 65 74 ...
     A489   00
.MMC_GetCIDCRC
     A48A   A9 4A      LDA #&4A
     A48C   20 94 A3   JSR &A394
     A48F   20 D7 A4   JSR &A4D7
     A492   A0 10      LDY #&10
     A494   20 D6 A2   JSR &A2D6
     A497   20 00 A2   JSR &A200
     A49A   A8         TAY
     A49B   4C 00 A2   JMP &A200
.MMC_SetupWrite
     A49E   A9 58      LDA #&58
     A4A0   D0 02      BNE &A4A4
.MMC_SetupRead
     A4A2   A9 51      LDA #&51
.setuprw
     A4A4   20 94 A3   JSR &A394
.setCommandAddress
     A4A7   AD DE B9   LDA &B9DE
     A4AA   D0 13      BNE &A4BF
     A4AC   8D 8C B9   STA &B98C
     A4AF   A5 C0      LDA &C0
     A4B1   8D 89 B9   STA &B989
     A4B4   A5 BF      LDA &BF
     A4B6   8D 8A B9   STA &B98A
     A4B9   A5 BE      LDA &BE
     A4BB   8D 8B B9   STA &B98B
     A4BE   60         RTS
.setCommandAddressSDHC
     A4BF   A9 00      LDA #&00
     A4C1   8D 89 B9   STA &B989
     A4C4   A5 C0      LDA &C0
     A4C6   4A         LSR A
     A4C7   8D 8A B9   STA &B98A
     A4CA   A5 BF      LDA &BF
     A4CC   6A         ROR A
     A4CD   8D 8B B9   STA &B98B
     A4D0   A5 BE      LDA &BE
     A4D2   6A         ROR A
     A4D3   8D 8C B9   STA &B98C
     A4D6   60         RTS
.MMC_StartRead
     A4D7   20 DD A2   JSR &A2DD
     A4DA   D0 03      BNE &A4DF
     A4DC   4C F1 A2   JMP &A2F1
.errRead
     A4DF   20 E3 AF   JSR &AFE3
     A4E2   52 65 61 ...
     A4ED   00
.MMC_StartWrite
     A4EE   20 DD A2   JSR &A2DD
     A4F1   D0 03      BNE &A4F6
     A4F3   4C 33 A3   JMP &A333
.errWrite
     A4F6   20 E3 AF   JSR &AFE3
     A4F9   57 72 69 ...
     A505   00
.SetupCatRW
     A506   20 39 80   JSR &8039
     A509   A9 00      LDA #&00
     A50B   8D AE B9   STA &B9AE
     A50E   85 BC      STA &BC
     A510   A9 B7      LDA #&B7
     A512   85 BD      STA &BD
     A514   60         RTS
.MMC_ReadCatalogue
     A515   20 06 A5   JSR &A506
     A518   20 A2 A4   JSR &A4A2
     A51B   20 D7 A4   JSR &A4D7
     A51E   20 F9 A2   JSR &A2F9
     A521   E6 BD      INC &BD
     A523   20 F9 A2   JSR &A2F9
     A526   20 D4 A2   JSR &A2D4
     A529   4C 45 80   JMP &8045
.MMC_WriteCatalogue
     A52C   20 06 A5   JSR &A506
     A52F   20 9E A4   JSR &A49E
     A532   20 EE A4   JSR &A4EE
     A535   20 54 A3   JSR &A354
     A538   E6 BD      INC &BD
     A53A   20 54 A3   JSR &A354
     A53D   20 3B A3   JSR &A33B
     A540   4C 45 80   JMP &8045
.MMC_RWBlock_CheckIfToTube
     A543   48         PHA
     A544   AD AC B9   LDA &B9AC
     A547   2D AD B9   AND &B9AD
     A54A   0D D6 B9   ORA &B9D6
     A54D   49 FF      EOR #&FF
     A54F   8D AE B9   STA &B9AE
     A552   38         SEC
     A553   F0 0D      BEQ &A562
     A555   20 5A 8C   JSR &8C5A
     A558   A2 AA      LDX #&AA
     A55A   A0 B9      LDY #&B9
     A55C   68         PLA
     A55D   48         PHA
     A55E   20 06 04   JSR &0406
     A561   18         CLC
.notTube
     A562   68         PLA
     A563   60         RTS
.MMC_ReadBlock
     A564   4E A6 B9   LSR &B9A6
     A567   20 39 80   JSR &8039
     A56A   20 74 A5   JSR &A574
     A56D   4C 45 80   JMP &8045
.rb_err
     A570   6E A6 B9   ROR &B9A6
.rb1_exit
     A573   60         RTS
.rdblk
     A574   A6 C4      LDX &C4
     A576   D0 04      BNE &A57C
     A578   A5 C5      LDA &C5
     A57A   F0 F7      BEQ &A573
.rb1
     A57C   A9 01      LDA #&01
     A57E   20 43 A5   JSR &A543
     A581   A6 C4      LDX &C4
     A583   66 BE      ROR &BE
     A585   66 C1      ROR &C1
     A587   10 07      BPL &A590
     A589   E8         INX
     A58A   86 C4      STX &C4
     A58C   D0 02      BNE &A590
     A58E   E6 C5      INC &C5
.rb2
     A590   06 BE      ASL &BE
     A592   20 A2 A4   JSR &A4A2
     A595   A5 C5      LDA &C5
     A597   D0 0E      BNE &A5A7
     A599   A6 C4      LDX &C4
     A59B   E0 03      CPX #&03
     A59D   B0 08      BCS &A5A7
.rb4_loop
     A59F   A5 C6      LDA &C6
     A5A1   D0 47      BNE &A5EA
     A5A3   E0 01      CPX #&01
     A5A5   F0 3A      BEQ &A5E1
.rb3
     A5A7   24 C1      BIT &C1
     A5A9   10 0D      BPL &A5B8
     A5AB   20 D7 A4   JSR &A4D7
     A5AE   A0 00      LDY #&00
     A5B0   84 C1      STY &C1
     A5B2   20 D6 A2   JSR &A2D6
     A5B5   4C C0 A5   JMP &A5C0
.rb6_loop
     A5B8   20 D7 A4   JSR &A4D7
     A5BB   20 F9 A2   JSR &A2F9
     A5BE   E6 BD      INC &BD
.rb7
     A5C0   20 F9 A2   JSR &A2F9
     A5C3   E6 BD      INC &BD
     A5C5   20 D4 A2   JSR &A2D4
     A5C8   20 C3 A6   JSR &A6C3
     A5CB   F0 A6      BEQ &A573
     A5CD   20 77 AF   JSR &AF77
     A5D0   B0 9E      BCS &A570
     A5D2   20 A2 A4   JSR &A4A2
     A5D5   A6 C4      LDX &C4
     A5D7   A5 C5      LDA &C5
     A5D9   D0 DD      BNE &A5B8
     A5DB   E0 03      CPX #&03
     A5DD   B0 D9      BCS &A5B8
     A5DF   90 BE      BCC &A59F
.rb9
     A5E1   20 D7 A4   JSR &A4D7
     A5E4   20 F9 A2   JSR &A2F9
     A5E7   4C 11 A6   JMP &A611
.rb5
     A5EA   20 D7 A4   JSR &A4D7
     A5ED   24 C1      BIT &C1
     A5EF   10 08      BPL &A5F9
     A5F1   A0 00      LDY #&00
     A5F3   20 D6 A2   JSR &A2D6
     A5F6   4C 02 A6   JMP &A602
.rbx1
     A5F9   C6 C4      DEC &C4
     A5FB   F0 05      BEQ &A602
     A5FD   20 F9 A2   JSR &A2F9
     A600   E6 BD      INC &BD
.rbx2
     A602   20 FD A2   JSR &A2FD
     A605   98         TYA
     A606   49 FF      EOR #&FF
     A608   A8         TAY
     A609   C8         INY
     A60A   20 D6 A2   JSR &A2D6
     A60D   A5 C4      LDA &C4
     A60F   D0 05      BNE &A616
.rbx4
     A611   A0 00      LDY #&00
     A613   20 D6 A2   JSR &A2D6
.rbx3
     A616   4C D4 A2   JMP &A2D4
.wb1_exit
     A619   60         RTS
.MMC_WriteBlock
     A61A   4E A6 B9   LSR &B9A6
     A61D   20 39 80   JSR &8039
     A620   20 26 A6   JSR &A626
     A623   4C 45 80   JMP &8045
.wrblk
     A626   A6 C4      LDX &C4
     A628   D0 04      BNE &A62E
     A62A   A5 C5      LDA &C5
     A62C   F0 EB      BEQ &A619
.wb1
     A62E   A9 00      LDA #&00
     A630   20 43 A5   JSR &A543
     A633   A6 C4      LDX &C4
     A635   66 BE      ROR &BE
     A637   6A         ROR A
     A638   06 BE      ASL &BE
     A63A   48         PHA
     A63B   20 9E A4   JSR &A49E
     A63E   68         PLA
     A63F   10 37      BPL &A678
     A641   A9 51      LDA #&51
     A643   8D 88 B9   STA &B988
     A646   20 D7 A4   JSR &A4D7
     A649   20 23 A3   JSR &A323
     A64C   A0 00      LDY #&00
     A64E   20 D6 A2   JSR &A2D6
     A651   A0 02      LDY #&02
     A653   20 D6 A2   JSR &A2D6
     A656   A9 58      LDA #&58
     A658   8D 88 B9   STA &B988
     A65B   20 EE A4   JSR &A4EE
     A65E   20 6E A3   JSR &A36E
     A661   20 54 A3   JSR &A354
     A664   20 3B A3   JSR &A33B
     A667   A9 FF      LDA #&FF
     A669   20 C5 A6   JSR &A6C5
     A66C   F0 AB      BEQ &A619
     A66E   E6 BD      INC &BD
.wb4
     A670   20 77 AF   JSR &AF77
     A673   B0 4A      BCS &A6BF
     A675   20 9E A4   JSR &A49E
.wb2
     A678   A5 C5      LDA &C5
     A67A   D0 2D      BNE &A6A9
     A67C   A6 C4      LDX &C4
     A67E   F0 3E      BEQ &A6BE
     A680   CA         DEX
     A681   D0 26      BNE &A6A9
     A683   A9 51      LDA #&51
     A685   8D 88 B9   STA &B988
     A688   20 D7 A4   JSR &A4D7
     A68B   A0 00      LDY #&00
     A68D   20 D6 A2   JSR &A2D6
     A690   20 23 A3   JSR &A323
     A693   A0 02      LDY #&02
     A695   20 D6 A2   JSR &A2D6
     A698   A9 58      LDA #&58
     A69A   8D 88 B9   STA &B988
     A69D   20 EE A4   JSR &A4EE
     A6A0   20 54 A3   JSR &A354
     A6A3   20 6E A3   JSR &A36E
     A6A6   4C 3B A3   JMP &A33B
.wb3
     A6A9   20 EE A4   JSR &A4EE
     A6AC   20 54 A3   JSR &A354
     A6AF   E6 BD      INC &BD
     A6B1   20 54 A3   JSR &A354
     A6B4   E6 BD      INC &BD
     A6B6   20 3B A3   JSR &A33B
     A6B9   20 C3 A6   JSR &A6C3
     A6BC   D0 B2      BNE &A670
.wb5
     A6BE   60         RTS
.wb_err
     A6BF   6E A6 B9   ROR &B9A6
     A6C2   60         RTS
.dec_seccountby2
     A6C3   A9 FE      LDA #&FE
.dec_seccount
     A6C5   18         CLC
     A6C6   65 C4      ADC &C4
     A6C8   85 C4      STA &C4
     A6CA   AA         TAX
     A6CB   A9 FF      LDA #&FF
     A6CD   65 C5      ADC &C5
     A6CF   85 C5      STA &C5
     A6D1   05 C4      ORA &C4
     A6D3   60         RTS
.MMC_BEGIN2
     A6D4   20 F7 83   JSR &83F7
     A6D7   20 DD A6   JSR &A6DD
     A6DA   4C 30 A7   JMP &A730
.MMC_BEGIN1
     A6DD   A2 0F      LDX #&0F
.begloop1
     A6DF   B5 BC      LDA &BC,X
     A6E1   9D 90 B9   STA &B990,X
     A6E4   CA         DEX
     A6E5   10 F8      BPL &A6DF
     A6E7   20 D0 A2   JSR &A2D0
     A6EA   2C AF B9   BIT &B9AF
     A6ED   50 01      BVC &A6F0
     A6EF   60         RTS
.begX
     A6F0   20 B1 A3   JSR &A3B1
     A6F3   B0 06      BCS &A6FB
     A6F5   20 05 A7   JSR &A705
     A6F8   4C C1 A7   JMP &A7C1
.carderr
     A6FB   20 72 80   JSR &8072
     A6FE   FF
     A6FF   43 61 72 ...
     A704   00
.MMC_CheckCardID
     A705   20 97 A0   JSR &A097
     A708   AD E4 B9   LDA &B9E4
     A70B   F0 0D      BEQ &A71A
     A70D   20 8A A4   JSR &A48A
     A710   CD EF B9   CMP &B9EF
     A713   D0 06      BNE &A71B
     A715   CC EE B9   CPY &B9EE
     A718   D0 01      BNE &A71B
.cid_x
     A71A   60         RTS
.errCardChanged
     A71B   A9 00      LDA #&00
     A71D   8D AF B9   STA &B9AF
     A720   20 72 80   JSR &8072
     A723   FF
     A724   57 72 6F ...
     A72F   00
.MMC_END
     A730   A2 0F      LDX #&0F
.eloop0
     A732   BD 90 B9   LDA &B990,X
     A735   95 BC      STA &BC,X
     A737   CA         DEX
     A738   10 F8      BPL &A732
     A73A   60         RTS
Processed file 'MMC.asm' ok
.CMD_DABOUT
     A73B   A2 00      LDX #&00
.loop
     A73D   BD 09 80   LDA &8009,X
     A740   D0 02      BNE &A744
     A742   A9 0D      LDA #&0D
.print
     A744   20 E3 FF   JSR &FFE3
     A747   E8         INX
     A748   E0 2D      CPX #&2D
     A74A   D0 F1      BNE &A73D
     A74C   60         RTS
Including file MM32.asm
.mm32_cmd_dbug
.l1
     A74D   20 9F 80   JSR &809F
     A750   46 41 54 ...
     A759   A0 00      LDY #&00
     A75B   20 97 A7   JSR &A797
     A75E   20 9F 80   JSR &809F
     A761   44 41 54 ...
     A76A   A0 02      LDY #&02
     A76C   20 97 A7   JSR &A797
     A76F   20 9F 80   JSR &809F
     A772   43 4C 55 ...
     A77B   A0 04      LDY #&04
     A77D   20 9D A7   JSR &A79D
     A780   A2 00      LDX #&00
.loop
     A782   8A         TXA
     A783   20 FE 80   JSR &80FE
     A786   A9 3A      LDA #&3A
     A788   20 EE FF   JSR &FFEE
     A78B   20 A6 A7   JSR &A7A6
     A78E   20 E7 FF   JSR &FFE7
     A791   E8         INX
     A792   E0 03      CPX #&03
     A794   D0 EC      BNE &A782
     A796   60         RTS
.phex2
     A797   B9 E1 B9   LDA &B9E1,Y
     A79A   20 FE 80   JSR &80FE
.phex1
     A79D   B9 E0 B9   LDA &B9E0,Y
     A7A0   20 FE 80   JSR &80FE
     A7A3   4C E7 FF   JMP &FFE7
.mm32_pclust
     A7A6   BD EB B9   LDA &B9EB,X
     A7A9   20 FE 80   JSR &80FE
     A7AC   BD E8 B9   LDA &B9E8,X
     A7AF   20 FE 80   JSR &80FE
     A7B2   BD E5 B9   LDA &B9E5,X
     A7B5   20 FE 80   JSR &80FE
     A7B8   60         RTS
.mm32_readblock
     A7B9   A9 FF      LDA #&FF
     A7BB   8D 82 B9   STA &B982
     A7BE   4C 15 A5   JMP &A515
.mm32_init_dos
     A7C1   20 97 A0   JSR &A097
     A7C4   AD E4 B9   LDA &B9E4
     A7C7   F0 01      BEQ &A7CA
     A7C9   60         RTS
.init
     A7CA   20 51 A8   JSR &A851
     A7CD   90 71      BCC &A840
     A7CF   AD 0C B7   LDA &B70C
     A7D2   C9 02      CMP #&02
     A7D4   D0 6A      BNE &A840
     A7D6   4D 2C B7   EOR &B72C
     A7D9   0D 26 B7   ORA &B726
     A7DC   D0 62      BNE &A840
     A7DE   AD 25 B7   LDA &B725
     A7E1   4A         LSR A
     A7E2   F0 5C      BEQ &A840
     A7E4   AD 0D B7   LDA &B70D
     A7E7   85 CB      STA &CB
     A7E9   A5 C7      LDA &C7
     A7EB   A4 C8      LDY &C8
     A7ED   18         CLC
     A7EE   6D 0E B7   ADC &B70E
     A7F1   AA         TAX
     A7F2   98         TYA
     A7F3   6D 0F B7   ADC &B70F
     A7F6   B0 48      BCS &A840
     A7F8   86 C7      STX &C7
     A7FA   85 C8      STA &C8
.loop1
     A7FC   A8         TAY
     A7FD   8A         TXA
     A7FE   6D 24 B7   ADC &B724
     A801   AA         TAX
     A802   98         TYA
     A803   6D 25 B7   ADC &B725
     A806   B0 38      BCS &A840
     A808   CE 10 B7   DEC &B710
     A80B   D0 EF      BNE &A7FC
     A80D   A8         TAY
     A80E   0E 0D B7   ASL &B70D
     A811   8A         TXA
     A812   38         SEC
     A813   ED 0D B7   SBC &B70D
     A816   85 C9      STA &C9
     A818   98         TYA
     A819   E9 00      SBC #&00
     A81B   85 CA      STA &CA
     A81D   20 97 A0   JSR &A097
     A820   20 8A A4   JSR &A48A
     A823   8D EF B9   STA &B9EF
     A826   8C EE B9   STY &B9EE
     A829   A0 05      LDY #&05
.loop2
     A82B   B9 C6 00   LDA &00C6,Y
     A82E   99 DF B9   STA &B9DF,Y
     A831   88         DEY
     A832   D0 F7      BNE &A82B
     A834   98         TYA
     A835   A0 08      LDY #&08
.loop3
     A837   99 E5 B9   STA &B9E5,Y
     A83A   88         DEY
     A83B   10 FA      BPL &A837
     A83D   4C AB A0   JMP &A0AB
.faterr
     A840   20 72 80   JSR &8072
     A843   FF
     A844   43 61 72 ...
     A850   00
.read_VBR
     A851   A9 00      LDA #&00
     A853   85 C7      STA &C7
     A855   85 C8      STA &C8
     A857   85 BE      STA &BE
     A859   85 BF      STA &BF
     A85B   85 C0      STA &C0
     A85D   20 92 A8   JSR &A892
     A860   90 41      BCC &A8A3
     A862   AD 00 B7   LDA &B700
     A865   C9 EB      CMP #&EB
     A867   D0 0E      BNE &A877
     A869   AD 02 B7   LDA &B702
     A86C   C9 90      CMP #&90
     A86E   D0 07      BNE &A877
     A870   AD 0C B7   LDA &B70C
     A873   C9 02      CMP #&02
     A875   F0 2C      BEQ &A8A3
.mbr
     A877   AD C6 B8   LDA &B8C6
     A87A   85 C7      STA &C7
     A87C   85 BE      STA &BE
     A87E   AD C7 B8   LDA &B8C7
     A881   85 C8      STA &C8
     A883   85 BF      STA &BF
     A885   AD C8 B8   LDA &B8C8
     A888   0D C9 B8   ORA &B8C9
     A88B   D0 17      BNE &A8A4
     A88D   85 C0      STA &C0
     A88F   20 DC AF   JSR &AFDC
.isfat
     A892   20 B9 A7   JSR &A7B9
     A895   AD FE B8   LDA &B8FE
     A898   C9 55      CMP #&55
     A89A   D0 08      BNE &A8A4
     A89C   AD FF B8   LDA &B8FF
     A89F   C9 AA      CMP #&AA
     A8A1   D0 01      BNE &A8A4
.ifx
     A8A3   60         RTS
.bad
     A8A4   18         CLC
     A8A5   60         RTS
.mm32_SECT_X_First
     A8A6   B9 E5 B9   LDA &B9E5,Y
     A8A9   85 C8      STA &C8
     A8AB   B9 E8 B9   LDA &B9E8,Y
     A8AE   85 C9      STA &C9
     A8B0   B9 EB B9   LDA &B9EB,Y
     A8B3   85 C2      STA &C2
     A8B5   29 3F      AND #&3F
     A8B7   85 CA      STA &CA
     A8B9   05 C8      ORA &C8
     A8BB   05 C9      ORA &C9
     A8BD   D0 0C      BNE &A8CB
     A8BF   C0 02      CPY #&02
     A8C1   F0 04      BEQ &A8C7
     A8C3   24 C2      BIT &C2
     A8C5   10 0F      BPL &A8D6
.l1
     A8C7   A9 02      LDA #&02
     A8C9   85 C8      STA &C8
.l2
     A8CB   AD E4 B9   LDA &B9E4
     A8CE   85 CB      STA &CB
     A8D0   A9 00      LDA #&00
     A8D2   85 CE      STA &CE
     A8D4   B8         CLV
     A8D5   60         RTS
.l3
     A8D6   2C D9 A8   BIT &A8D9
.l4
     A8D9   60         RTS
.mm32_SECT_X_Next
     A8DA   C6 CB      DEC &CB
     A8DC   F0 02      BEQ &A8E0
     A8DE   18         CLC
     A8DF   60         RTS
.l1
     A8E0   20 E9 A8   JSR &A8E9
     A8E3   AD E4 B9   LDA &B9E4
     A8E6   85 CB      STA &CB
     A8E8   60         RTS
.next_cluster
     A8E9   20 20 84   JSR &8420
     A8EC   C6 CE      DEC &CE
     A8EE   10 1D      BPL &A90D
     A8F0   AD AE B9   LDA &B9AE
     A8F3   48         PHA
     A8F4   A5 BC      LDA &BC
     A8F6   48         PHA
     A8F7   A5 BD      LDA &BD
     A8F9   48         PHA
     A8FA   A5 C6      LDA &C6
     A8FC   48         PHA
     A8FD   20 30 A9   JSR &A930
     A900   68         PLA
     A901   85 C6      STA &C6
     A903   68         PLA
     A904   85 BD      STA &BD
     A906   68         PLA
     A907   85 BC      STA &BC
     A909   68         PLA
     A90A   8D AE B9   STA &B9AE
.l1
     A90D   18         CLC
     A90E   A5 CE      LDA &CE
     A910   F0 12      BEQ &A924
     A912   E6 C8      INC &C8
     A914   D0 0D      BNE &A923
     A916   E6 C9      INC &C9
     A918   D0 09      BNE &A923
     A91A   E6 CA      INC &CA
.l2
     A91C   A5 CA      LDA &CA
     A91E   29 C0      AND #&C0
     A920   F0 01      BEQ &A923
     A922   38         SEC
.l3
     A923   60         RTS
.l4
     A924   A2 02      LDX #&02
.loop1
     A926   BD A0 B9   LDA &B9A0,X
     A929   95 C8      STA &C8,X
     A92B   CA         DEX
     A92C   10 F8      BPL &A926
     A92E   30 EC      BMI &A91C
.read_fat
     A930   A5 C8      LDA &C8
     A932   0A         ASL A
     A933   85 CB      STA &CB
     A935   A5 C9      LDA &C9
     A937   2A         ROL A
     A938   A8         TAY
     A939   A5 CA      LDA &CA
     A93B   2A         ROL A
     A93C   AA         TAX
     A93D   98         TYA
     A93E   6D E0 B9   ADC &B9E0
     A941   85 BE      STA &BE
     A943   8A         TXA
     A944   6D E1 B9   ADC &B9E1
     A947   85 BF      STA &BF
     A949   A9 00      LDA #&00
     A94B   8D AE B9   STA &B9AE
     A94E   85 C0      STA &C0
     A950   20 DC AF   JSR &AFDC
     A953   20 39 80   JSR &8039
     A956   20 A2 A4   JSR &A4A2
     A959   20 D7 A4   JSR &A4D7
     A95C   A9 A0      LDA #&A0
     A95E   85 BC      STA &BC
     A960   A9 B9      LDA #&B9
     A962   85 BD      STA &BD
     A964   A5 CB      LDA &CB
     A966   20 AF A9   JSR &A9AF
.loop1
     A969   E6 CE      INC &CE
     A96B   A9 04      LDA #&04
     A96D   85 C6      STA &C6
     A96F   20 FD A2   JSR &A2FD
     A972   E6 CB      INC &CB
     A974   E6 CB      INC &CB
     A976   F0 31      BEQ &A9A9
     A978   38         SEC
     A979   AD A2 B9   LDA &B9A2
     A97C   29 C0      AND #&C0
     A97E   0D A3 B9   ORA &B9A3
     A981   D0 1B      BNE &A99E
     A983   AD A0 B9   LDA &B9A0
     A986   E5 C8      SBC &C8
     A988   A8         TAY
     A989   AD A1 B9   LDA &B9A1
     A98C   E5 C9      SBC &C9
     A98E   D0 11      BNE &A9A1
     A990   AD A2 B9   LDA &B9A2
     A993   E5 CA      SBC &CA
     A995   D0 0A      BNE &A9A1
     A997   88         DEY
     A998   C4 CE      CPY &CE
     A99A   F0 CD      BEQ &A969
     A99C   D0 03      BNE &A9A1
.l2
     A99E   6E A2 B9   ROR &B9A2
.l3
     A9A1   38         SEC
     A9A2   A9 00      LDA #&00
     A9A4   E5 CB      SBC &CB
     A9A6   20 AF A9   JSR &A9AF
.l4
     A9A9   20 D4 A2   JSR &A2D4
     A9AC   4C 45 80   JMP &8045
.clocks
     A9AF   0A         ASL A
     A9B0   48         PHA
     A9B1   90 05      BCC &A9B8
     A9B3   A0 00      LDY #&00
     A9B5   20 D6 A2   JSR &A2D6
.l1
     A9B8   68         PLA
     A9B9   F0 04      BEQ &A9BF
     A9BB   A8         TAY
     A9BC   4C D6 A2   JMP &A2D6
.l2
     A9BF   60         RTS
.mm32_Scan_Dir
     A9C0   A0 02      LDY #&02
     A9C2   20 A6 A8   JSR &A8A6
.loop1
     A9C5   20 9E AF   JSR &AF9E
     A9C8   B0 0F      BCS &A9D9
     A9CA   20 B9 A7   JSR &A7B9
     A9CD   20 DA A9   JSR &A9DA
     A9D0   90 07      BCC &A9D9
     A9D2   F0 05      BEQ &A9D9
     A9D4   20 DA A8   JSR &A8DA
     A9D7   90 EC      BCC &A9C5
.exit
     A9D9   60         RTS
.scan_block
     A9DA   A9 00      LDA #&00
     A9DC   85 AB      STA &AB
     A9DE   85 B0      STA &B0
     A9E0   A9 B7      LDA #&B7
.loop1
     A9E2   85 B1      STA &B1
.loop2
     A9E4   A0 00      LDY #&00
     A9E6   B1 B0      LDA (&B0),Y
     A9E8   F0 75      BEQ &AA5F
     A9EA   30 5F      BMI &AA4B
     A9EC   C9 21      CMP #&21
     A9EE   90 5B      BCC &AA4B
     A9F0   A0 15      LDY #&15
     A9F2   B1 B0      LDA (&B0),Y
     A9F4   29 0F      AND #&0F
     A9F6   D0 53      BNE &AA4B
     A9F8   88         DEY
     A9F9   B1 B0      LDA (&B0),Y
     A9FB   29 F0      AND #&F0
     A9FD   D0 4C      BNE &AA4B
     A9FF   A0 0B      LDY #&0B
     AA01   B1 B0      LDA (&B0),Y
     AA03   29 0E      AND #&0E
     AA05   D0 44      BNE &AA4B
     AA07   B1 B0      LDA (&B0),Y
     AA09   4A         LSR A
     AA0A   29 08      AND #&08
     AA0C   85 B8      STA &B8
     AA0E   F0 04      BEQ &AA14
     AA10   A9 80      LDA #&80
     AA12   D0 0C      BNE &AA20
.l1
     AA14   24 B2      BIT &B2
     AA16   30 33      BMI &AA4B
     AA18   6A         ROR A
     AA19   85 B9      STA &B9
     AA1B   20 38 AB   JSR &AB38
     AA1E   05 B9      ORA &B9
.l2
     AA20   85 B9      STA &B9
     AA22   20 C8 AA   JSR &AAC8
     AA25   20 65 AB   JSR &AB65
     AA28   B0 21      BCS &AA4B
     AA2A   A5 AA      LDA &AA
     AA2C   F0 14      BEQ &AA42
     AA2E   C9 03      CMP #&03
     AA30   D0 03      BNE &AA35
     AA32   4C 94 AA   JMP &AA94
.lock_or_unlock
     AA35   C9 02      CMP #&02
     AA37   F0 06      BEQ &AA3F
     AA39   20 83 AA   JSR &AA83
     AA3C   4C 42 AA   JMP &AA42
.lock
     AA3F   20 72 AA   JSR &AA72
.s1
     AA42   24 B7      BIT &B7
     AA44   30 02      BMI &AA48
     AA46   18         CLC
     AA47   60         RTS
.logging
     AA48   20 F3 AA   JSR &AAF3
.skip
     AA4B   20 71 8C   JSR &8C71
     AA4E   18         CLC
     AA4F   A5 B0      LDA &B0
     AA51   69 20      ADC #&20
     AA53   85 B0      STA &B0
     AA55   90 8D      BCC &A9E4
     AA57   A5 B1      LDA &B1
     AA59   69 00      ADC #&00
     AA5B   C9 B8      CMP #&B8
     AA5D   F0 83      BEQ &A9E2
.exit
     AA5F   08         PHP
     AA60   48         PHA
     AA61   A5 AB      LDA &AB
     AA63   C9 FF      CMP #&FF
     AA65   D0 03      BNE &AA6A
     AA67   20 2C A5   JSR &A52C
.nowrite
     AA6A   A0 00      LDY #&00
     AA6C   84 AB      STY &AB
     AA6E   68         PLA
     AA6F   28         PLP
     AA70   38         SEC
     AA71   60         RTS
.lock_fat_file
     AA72   A9 80      LDA #&80
     AA74   85 B9      STA &B9
     AA76   A0 0B      LDY #&0B
     AA78   B1 B0      LDA (&B0),Y
     AA7A   09 01      ORA #&01
     AA7C   91 B0      STA (&B0),Y
     AA7E   A9 FF      LDA #&FF
     AA80   85 AB      STA &AB
     AA82   60         RTS
.unlock_fat_file
     AA83   A9 00      LDA #&00
     AA85   85 B9      STA &B9
     AA87   A0 0B      LDY #&0B
     AA89   B1 B0      LDA (&B0),Y
     AA8B   29 FE      AND #&FE
     AA8D   91 B0      STA (&B0),Y
     AA8F   A9 FF      LDA #&FF
     AA91   85 AB      STA &AB
     AA93   60         RTS
.rename_fat_file
     AA94   A2 21      LDX #&21
     AA96   A0 00      LDY #&00
     AA98   A9 2E      LDA #&2E
     AA9A   85 BA      STA &BA
     AA9C   A9 08      LDA #&08
     AA9E   20 A7 AA   JSR &AAA7
     AAA1   A9 02      LDA #&02
     AAA3   85 BA      STA &BA
     AAA5   A9 0B      LDA #&0B
.copy_and_pad_with_spaces
     AAA7   85 BB      STA &BB
.loop
     AAA9   BD 00 B9   LDA &B900,X
     AAAC   E8         INX
     AAAD   C5 BA      CMP &BA
     AAAF   F0 0E      BEQ &AABF
     AAB1   C4 BB      CPY &BB
     AAB3   F0 F4      BEQ &AAA9
     AAB5   91 B0      STA (&B0),Y
     AAB7   C8         INY
     AAB8   D0 EF      BNE &AAA9
.padloop
     AABA   A9 20      LDA #&20
     AABC   91 B0      STA (&B0),Y
     AABE   C8         INY
.pad
     AABF   C4 BB      CPY &BB
     AAC1   D0 F7      BNE &AABA
     AAC3   20 2C A5   JSR &A52C
     AAC6   18         CLC
     AAC7   60         RTS
.copy_name
     AAC8   A2 01      LDX #&01
     AACA   A0 00      LDY #&00
.loop1
     AACC   B1 B0      LDA (&B0),Y
     AACE   C9 21      CMP #&21
     AAD0   90 04      BCC &AAD6
     AAD2   9D 00 B9   STA &B900,X
     AAD5   E8         INX
.l1
     AAD6   C8         INY
     AAD7   C0 08      CPY #&08
     AAD9   D0 06      BNE &AAE1
.l11
     AADB   A9 2E      LDA #&2E
     AADD   9D 00 B9   STA &B900,X
     AAE0   E8         INX
.l2
     AAE1   C0 0B      CPY #&0B
     AAE3   D0 E7      BNE &AACC
.l3
     AAE5   A9 02      LDA #&02
     AAE7   8D 00 B9   STA &B900
     AAEA   9D 00 B9   STA &B900,X
     AAED   A9 00      LDA #&00
     AAEF   9D 01 B9   STA &B901,X
     AAF2   60         RTS
.print_dir_entry
     AAF3   A2 03      LDX #&03
     AAF5   20 31 AB   JSR &AB31
     AAF8   A2 20      LDX #&20
     AAFA   A5 B8      LDA &B8
     AAFC   F0 02      BEQ &AB00
     AAFE   A2 2F      LDX #&2F
.l99
     AB00   8A         TXA
     AB01   A0 01      LDY #&01
     AB03   A2 0E      LDX #&0E
.loop1
     AB05   20 E2 80   JSR &80E2
     AB08   B9 00 B9   LDA &B900,Y
     AB0B   C9 20      CMP #&20
     AB0D   90 11      BCC &AB20
     AB0F   C9 2E      CMP #&2E
     AB11   F0 04      BEQ &AB17
.l0
     AB13   CA         DEX
     AB14   C8         INY
     AB15   D0 EE      BNE &AB05
.l1
     AB17   B9 01 B9   LDA &B901,Y
     AB1A   C9 20      CMP #&20
     AB1C   A9 2E      LDA #&2E
     AB1E   B0 F3      BCS &AB13
.lx
     AB20   20 31 AB   JSR &AB31
     AB23   A9 4C      LDA #&4C
     AB25   24 B9      BIT &B9
     AB27   30 02      BMI &AB2B
     AB29   A9 20      LDA #&20
.l00
     AB2B   20 E2 80   JSR &80E2
     AB2E   4C D9 80   JMP &80D9
.lspc
     AB31   20 D9 80   JSR &80D9
     AB34   CA         DEX
     AB35   D0 FA      BNE &AB31
     AB37   60         RTS
.is_XSD
     AB38   A0 0B      LDY #&0B
     AB3A   B1 B0      LDA (&B0),Y
     AB3C   29 10      AND #&10
     AB3E   D0 19      BNE &AB59
     AB40   A2 FF      LDX #&FF
.loop1
     AB42   A0 08      LDY #&08
     AB44   18         CLC
.loop2
     AB45   E8         INX
     AB46   BD 5C AB   LDA &AB5C,X
     AB49   30 0A      BMI &AB55
     AB4B   F0 0C      BEQ &AB59
     AB4D   51 B0      EOR (&B0),Y
     AB4F   F0 01      BEQ &AB52
     AB51   38         SEC
.x1
     AB52   C8         INY
     AB53   D0 F0      BNE &AB45
.x2
     AB55   B0 EB      BCS &AB42
     AB57   0A         ASL A
     AB58   60         RTS
.l2
     AB59   A9 80      LDA #&80
     AB5B   60         RTS
.ext_table
     AB5C   53 53 44 
     AB5F   80
     AB60   44 53 44 
     AB63   A0
     AB64   00         BRK
.dir_match
     AB65   A2 0F      LDX #&0F
     AB67   A0 00      LDY #&00
.l00
     AB69   E8         INX
     AB6A   86 BA      STX &BA
.l0
     AB6C   84 BB      STY &BB
.l1
     AB6E   BD 00 B9   LDA &B900,X
     AB71   F0 19      BEQ &AB8C
     AB73   C9 01      CMP #&01
     AB75   F0 F2      BEQ &AB69
     AB77   B9 00 B9   LDA &B900,Y
     AB7A   F0 11      BEQ &AB8D
     AB7C   DD 00 B9   CMP &B900,X
     AB7F   D0 04      BNE &AB85
     AB81   C8         INY
     AB82   E8         INX
     AB83   D0 E9      BNE &AB6E
.l2
     AB85   A6 BA      LDX &BA
     AB87   A4 BB      LDY &BB
     AB89   C8         INY
     AB8A   D0 E0      BNE &AB6C
.ex1
     AB8C   18         CLC
.ex2
     AB8D   60         RTS
.mm32_param_count
     AB8E   A9 00      LDA #&00
.mm32_param_count_a
     AB90   48         PHA
     AB91   98         TYA
     AB92   48         PHA
     AB93   A2 00      LDX #&00
.loop1
     AB95   20 C4 81   JSR &81C4
     AB98   F0 08      BEQ &ABA2
     AB9A   E8         INX
.loop2
     AB9B   20 A9 81   JSR &81A9
     AB9E   90 FB      BCC &AB9B
     ABA0   B0 F3      BCS &AB95
.l1
     ABA2   68         PLA
     ABA3   A8         TAY
     ABA4   68         PLA
     ABA5   10 03      BPL &ABAA
     ABA7   CA         DEX
     ABA8   30 0A      BMI &ABB4
.l2
     ABAA   E0 01      CPX #&01
     ABAC   F0 05      BEQ &ABB3
     ABAE   B0 04      BCS &ABB4
     ABB0   6A         ROR A
     ABB1   B0 01      BCS &ABB4
.l3
     ABB3   60         RTS
.err
     ABB4   4C B4 99   JMP &99B4
.mm32_param_drive
     ABB7   90 10      BCC &ABC9
     ABB9   20 C4 81   JSR &81C4
     ABBC   20 E3 8B   JSR &8BE3
     ABBF   20 A9 81   JSR &81A9
     ABC2   A5 CD      LDA &CD
     ABC4   B0 06      BCS &ABCC
     ABC6   4C F3 8B   JMP &8BF3
.l1
     ABC9   AD CA B9   LDA &B9CA
.l2
     ABCC   29 01      AND #&01
     ABCE   85 CD      STA &CD
     ABD0   60         RTS
.mm32_param_filename
     ABD1   66 B7      ROR &B7
     ABD3   A2 01      LDX #&01
     ABD5   86 B2      STX &B2
     ABD7   86 B3      STX &B3
     ABD9   86 B4      STX &B4
     ABDB   86 B5      STX &B5
     ABDD   20 C4 81   JSR &81C4
     ABE0   F0 48      BEQ &AC2A
.loop1
     ABE2   20 A9 81   JSR &81A9
     ABE5   B0 43      BCS &AC2A
     ABE7   C9 2F      CMP #&2F
     ABE9   D0 09      BNE &ABF4
     ABEB   66 B2      ROR &B2
     ABED   D0 F3      BNE &ABE2
.loop2
     ABEF   20 A9 81   JSR &81A9
     ABF2   B0 36      BCS &AC2A
.l0
     ABF4   24 B7      BIT &B7
     ABF6   10 0E      BPL &AC06
     ABF8   C9 2A      CMP #&2A
     ABFA   D0 0A      BNE &AC06
     ABFC   24 B3      BIT &B3
     ABFE   30 EF      BMI &ABEF
     AC00   66 B3      ROR &B3
     AC02   A9 01      LDA #&01
     AC04   D0 1B      BNE &AC21
.l1
     AC06   46 B3      LSR &B3
     AC08   C9 2E      CMP #&2E
     AC0A   D0 08      BNE &AC14
     AC0C   24 B5      BIT &B5
     AC0E   10 11      BPL &AC21
     AC10   66 B4      ROR &B4
     AC12   30 0D      BMI &AC21
.l2
     AC14   38         SEC
     AC15   66 B5      ROR &B5
     AC17   C9 61      CMP #&61
     AC19   90 06      BCC &AC21
     AC1B   C9 7B      CMP #&7B
     AC1D   B0 02      BCS &AC21
     AC1F   49 20      EOR #&20
.l3
     AC21   9D 10 B9   STA &B910,X
     AC24   E8         INX
     AC25   E0 10      CPX #&10
     AC27   D0 C6      BNE &ABEF
     AC29   60         RTS
.exloop
     AC2A   CA         DEX
     AC2B   F0 18      BEQ &AC45
     AC2D   24 B7      BIT &B7
     AC2F   30 0A      BMI &AC3B
     AC31   24 B4      BIT &B4
     AC33   30 06      BMI &AC3B
     AC35   A9 2E      LDA #&2E
     AC37   9D 11 B9   STA &B911,X
     AC3A   E8         INX
.lx1
     AC3B   A9 02      LDA #&02
     AC3D   8D 10 B9   STA &B910
     AC40   E8         INX
     AC41   9D 10 B9   STA &B910,X
     AC44   E8         INX
.lx2
     AC45   A9 00      LDA #&00
     AC47   9D 10 B9   STA &B910,X
     AC4A   AD 10 B9   LDA &B910
     AC4D   18         CLC
     AC4E   60         RTS
.mm32_swap_str_16_32
     AC4F   A2 10      LDX #&10
.loop
     AC51   BD 0F B9   LDA &B90F,X
     AC54   48         PHA
     AC55   BD 1F B9   LDA &B91F,X
     AC58   9D 0F B9   STA &B90F,X
     AC5B   68         PLA
     AC5C   9D 1F B9   STA &B91F,X
     AC5F   CA         DEX
     AC60   D0 EF      BNE &AC51
     AC62   60         RTS
.mm32_cmd_dcat
     AC63   20 8E AB   JSR &AB8E
     AC66   38         SEC
     AC67   20 D1 AB   JSR &ABD1
     AC6A   A9 00      LDA #&00
     AC6C   85 AA      STA &AA
     AC6E   20 C0 A9   JSR &A9C0
     AC71   A9 86      LDA #&86
     AC73   20 F4 FF   JSR &FFF4
     AC76   E0 00      CPX #&00
     AC78   F0 03      BEQ &AC7D
     AC7A   20 7E 83   JSR &837E
.dcEven
     AC7D   60         RTS
.mm32_cmd_dboot
     AC7E   A9 00      LDA #&00
     AC80   85 CD      STA &CD
     AC82   20 8E AB   JSR &AB8E
     AC85   B0 11      BCS &AC98
     AC87   A2 00      LDX #&00
.loop
     AC89   BD A5 AC   LDA &ACA5,X
     AC8C   9D 10 B9   STA &B910,X
     AC8F   F0 03      BEQ &AC94
     AC91   E8         INX
     AC92   D0 F5      BNE &AC89
.l1
     AC94   85 B7      STA &B7
     AC96   85 B2      STA &B2
.l2
     AC98   A9 00      LDA #&00
     AC9A   20 1E AD   JSR &AD1E
     AC9D   90 01      BCC &ACA0
     AC9F   60         RTS
.l3
     ACA0   A9 00      LDA #&00
     ACA2   4C D2 8C   JMP &8CD2
.bootdisk
     ACA5   02
     ACA6   42 4F 4F ...
     ACAB   02
     ACAC   00
.mm32_cmd_din
     ACAD   A9 80      LDA #&80
     ACAF   20 90 AB   JSR &AB90
     ACB2   20 B7 AB   JSR &ABB7
     ACB5   A9 00      LDA #&00
     ACB7   4C 1D AD   JMP &AD1D
.mm32_cmd_autoload
     ACBA   A2 00      LDX #&00
     ACBC   86 CD      STX &CD
.loop
     ACBE   BD D4 AC   LDA &ACD4,X
     ACC1   9D 10 B9   STA &B910,X
     ACC4   F0 03      BEQ &ACC9
     ACC6   E8         INX
     ACC7   D0 F5      BNE &ACBE
.l1
     ACC9   85 B7      STA &B7
     ACCB   85 B2      STA &B2
     ACCD   18         CLC
     ACCE   A9 02      LDA #&02
     ACD0   4C 1E AD   JMP &AD1E
     ACD3   60         RTS
.bootdisk
     ACD4   02
     ACD5   42 4F 4F ...
     ACDA   02
     ACDB   00
.mm32_add_ssd_ext
     ACDC   A0 01      LDY #&01
.l0
     ACDE   B9 10 B9   LDA &B910,Y
     ACE1   C8         INY
     ACE2   C9 2E      CMP #&2E
     ACE4   D0 F8      BNE &ACDE
.s1
     ACE6   A9 53      LDA #&53
     ACE8   99 10 B9   STA &B910,Y
     ACEB   99 11 B9   STA &B911,Y
     ACEE   A9 44      LDA #&44
     ACF0   99 12 B9   STA &B912,Y
     ACF3   A9 02      LDA #&02
     ACF5   99 13 B9   STA &B913,Y
     ACF8   A9 00      LDA #&00
     ACFA   99 14 B9   STA &B914,Y
     ACFD   60         RTS
.mm32_upd_dsktbl
     ACFE   A2 00      LDX #&00
     AD00   A5 CD      LDA &CD
     AD02   0A         ASL A
     AD03   0A         ASL A
     AD04   0A         ASL A
     AD05   0A         ASL A
     AD06   A8         TAY
.l0
     AD07   BD 10 B9   LDA &B910,X
     AD0A   99 C0 BA   STA &BAC0,Y
     AD0D   E8         INX
     AD0E   C8         INY
     AD0F   E0 10      CPX #&10
     AD11   D0 F4      BNE &AD07
     AD13   60         RTS
.mm32_cmd_ddir
     AD14   20 8E AB   JSR &AB8E
     AD17   A9 02      LDA #&02
     AD19   85 CD      STA &CD
     AD1B   A9 01      LDA #&01
.mm32_chain_open
     AD1D   38         SEC
.mm32_chain_open2
     AD1E   48         PHA
     AD1F   90 08      BCC &AD29
     AD21   18         CLC
     AD22   20 D1 AB   JSR &ABD1
     AD25   B0 33      BCS &AD5A
     AD27   F0 65      BEQ &AD8E
.l0
     AD29   A5 CD      LDA &CD
     AD2B   C9 02      CMP #&02
     AD2D   66 B2      ROR &B2
     AD2F   A9 00      LDA #&00
     AD31   85 AA      STA &AA
     AD33   20 C0 A9   JSR &A9C0
     AD36   90 2C      BCC &AD64
     AD38   68         PLA
     AD39   48         PHA
     AD3A   29 01      AND #&01
     AD3C   D0 1C      BNE &AD5A
     AD3E   20 DC AC   JSR &ACDC
     AD41   20 C0 A9   JSR &A9C0
     AD44   90 1E      BCC &AD64
.mm32_change_ext_dsd
     AD46   A0 01      LDY #&01
.l0
     AD48   B9 10 B9   LDA &B910,Y
     AD4B   C8         INY
     AD4C   C9 2E      CMP #&2E
     AD4E   D0 F8      BNE &AD48
.s1
     AD50   A9 44      LDA #&44
     AD52   99 10 B9   STA &B910,Y
     AD55   20 C0 A9   JSR &A9C0
     AD58   90 0A      BCC &AD64
.notfound
     AD5A   68         PLA
     AD5B   29 02      AND #&02
     AD5D   F0 02      BEQ &AD61
     AD5F   38         SEC
     AD60   60         RTS
.notautoload
     AD61   4C 41 82   JMP &8241
.found
     AD64   68         PLA
     AD65   48         PHA
     AD66   29 01      AND #&01
     AD68   F0 06      BEQ &AD70
     AD6A   68         PLA
     AD6B   A5 B8      LDA &B8
     AD6D   D0 28      BNE &AD97
     AD6F   60         RTS
.file
     AD70   68         PLA
     AD71   A6 B8      LDX &B8
     AD73   F0 22      BEQ &AD97
     AD75   29 02      AND #&02
     AD77   F0 02      BEQ &AD7B
     AD79   38         SEC
     AD7A   60         RTS
.notautoload2
     AD7B   20 72 80   JSR &8072
     AD7E   D6
     AD7F   49 73 20 ...
     AD8B   00
     AD8C   EA         NOP
     AD8D   60         RTS
.zerolen
     AD8E   68         PLA
     AD8F   A5 B2      LDA &B2
     AD91   29 80      AND #&80
     AD93   A8         TAY
     AD94   4C 03 AE   JMP &AE03
.okay
     AD97   20 FE AC   JSR &ACFE
     AD9A   A0 1A      LDY #&1A
     AD9C   B1 B0      LDA (&B0),Y
     AD9E   85 B7      STA &B7
     ADA0   C8         INY
     ADA1   B1 B0      LDA (&B0),Y
     ADA3   85 B8      STA &B8
     ADA5   A0 14      LDY #&14
     ADA7   B1 B0      LDA (&B0),Y
     ADA9   05 B9      ORA &B9
     ADAB   85 B9      STA &B9
     ADAD   A5 CD      LDA &CD
     ADAF   C9 02      CMP #&02
     ADB1   F0 1D      BEQ &ADD0
     ADB3   49 01      EOR #&01
     ADB5   AA         TAX
     ADB6   A5 B7      LDA &B7
     ADB8   DD E5 B9   CMP &B9E5,X
     ADBB   D0 13      BNE &ADD0
     ADBD   A5 B8      LDA &B8
     ADBF   DD E8 B9   CMP &B9E8,X
     ADC2   D0 0C      BNE &ADD0
     ADC4   A5 B9      LDA &B9
     ADC6   DD EB B9   CMP &B9EB,X
     ADC9   D0 05      BNE &ADD0
     ADCB   A0 00      LDY #&00
     ADCD   20 05 AE   JSR &AE05
.l1
     ADD0   20 97 A0   JSR &A097
     ADD3   A6 CD      LDX &CD
     ADD5   A5 B7      LDA &B7
     ADD7   9D E5 B9   STA &B9E5,X
     ADDA   A5 B8      LDA &B8
     ADDC   9D E8 B9   STA &B9E8,X
     ADDF   A5 B9      LDA &B9
     ADE1   9D EB B9   STA &B9EB,X
     ADE4   4C AB A0   JMP &A0AB
.mm32_cmd_dout
     ADE7   20 8E AB   JSR &AB8E
     ADEA   20 B7 AB   JSR &ABB7
     ADED   A2 00      LDX #&00
     ADEF   A5 CD      LDA &CD
     ADF1   0A         ASL A
     ADF2   0A         ASL A
     ADF3   0A         ASL A
     ADF4   0A         ASL A
     ADF5   A8         TAY
     ADF6   A9 20      LDA #&20
.s0
     ADF8   99 C0 BA   STA &BAC0,Y
     ADFB   E8         INX
     ADFC   C8         INY
     ADFD   E0 10      CPX #&10
     ADFF   D0 F7      BNE &ADF8
     AE01   A0 00      LDY #&00
.mm32_clear_cluster_index
     AE03   A6 CD      LDX &CD
.mm32_clear_cluster_index_x
     AE05   20 97 A0   JSR &A097
     AE08   A9 00      LDA #&00
     AE0A   9D E5 B9   STA &B9E5,X
     AE0D   9D E8 B9   STA &B9E8,X
     AE10   98         TYA
     AE11   9D EB B9   STA &B9EB,X
     AE14   4C AB A0   JMP &A0AB
.mm32_cmd_ddrive
     AE17   A0 00      LDY #&00
.l1
     AE19   98         TYA
     AE1A   48         PHA
     AE1B   A9 3A      LDA #&3A
     AE1D   20 EE FF   JSR &FFEE
     AE20   68         PLA
     AE21   48         PHA
     AE22   18         CLC
     AE23   69 30      ADC #&30
     AE25   20 EE FF   JSR &FFEE
     AE28   A9 20      LDA #&20
     AE2A   20 EE FF   JSR &FFEE
     AE2D   68         PLA
     AE2E   48         PHA
     AE2F   0A         ASL A
     AE30   0A         ASL A
     AE31   0A         ASL A
     AE32   0A         ASL A
     AE33   AA         TAX
     AE34   A0 00      LDY #&00
     AE36   BD C0 BA   LDA &BAC0,X
     AE39   C9 02      CMP #&02
     AE3B   D0 1C      BNE &AE59
     AE3D   E8         INX
.l2
     AE3E   BD C0 BA   LDA &BAC0,X
     AE41   C9 02      CMP #&02
     AE43   F0 09      BEQ &AE4E
     AE45   20 EE FF   JSR &FFEE
     AE48   E8         INX
     AE49   C8         INY
     AE4A   C0 10      CPY #&10
     AE4C   D0 F0      BNE &AE3E
.s1
     AE4E   20 7E 83   JSR &837E
     AE51   68         PLA
     AE52   A8         TAY
     AE53   C8         INY
     AE54   C0 02      CPY #&02
     AE56   D0 C1      BNE &AE19
     AE58   60         RTS
.empty
     AE59   20 9F 80   JSR &809F
     AE5C   3C 45 6D ...
     AE63   EA         NOP
     AE64   4C 4E AE   JMP &AE4E
.mm32_cmd_daccess
     AE67   A9 80      LDA #&80
     AE69   20 90 AB   JSR &AB90
     AE6C   38         SEC
     AE6D   20 D1 AB   JSR &ABD1
     AE70   A2 01      LDX #&01
     AE72   20 C4 81   JSR &81C4
     AE75   D0 14      BNE &AE8B
.gotflag
     AE77   86 AA      STX &AA
     AE79   20 C0 A9   JSR &A9C0
     AE7C   A9 86      LDA #&86
     AE7E   20 F4 FF   JSR &FFF4
     AE81   E0 00      CPX #&00
     AE83   F0 03      BEQ &AE88
     AE85   20 7E 83   JSR &837E
.dcEven
     AE88   60         RTS
.parmloop
     AE89   A2 02      LDX #&02
.getparm
     AE8B   20 A9 81   JSR &81A9
     AE8E   B0 E7      BCS &AE77
     AE90   29 5F      AND #&5F
     AE92   C9 4C      CMP #&4C
     AE94   F0 F3      BEQ &AE89
.errbadparm
     AE96   20 58 80   JSR &8058
     AE99   CF
     AE9A   61 74 74 ...
     AEA3   00
.mm32_cmd_drename
     AEA4   A9 81      LDA #&81
     AEA6   20 90 AB   JSR &AB90
     AEA9   18         CLC
     AEAA   20 D1 AB   JSR &ABD1
     AEAD   20 4F AC   JSR &AC4F
     AEB0   18         CLC
     AEB1   20 D1 AB   JSR &ABD1
     AEB4   20 E0 AE   JSR &AEE0
     AEB7   90 16      BCC &AECF
     AEB9   A9 00      LDA #&00
     AEBB   85 AA      STA &AA
     AEBD   20 C0 A9   JSR &A9C0
     AEC0   90 10      BCC &AED2
     AEC2   20 4F AC   JSR &AC4F
     AEC5   A9 03      LDA #&03
     AEC7   85 AA      STA &AA
     AEC9   20 C0 A9   JSR &A9C0
     AECC   B0 0F      BCS &AEDD
     AECE   60         RTS
.badname
     AECF   4C 85 81   JMP &8185
.destexists
     AED2   20 62 80   JSR &8062
     AED5   C4
     AED6   45 78 69 ...
     AEDC   00
.notfound
     AEDD   4C 41 82   JMP &8241
.mm32_check_filename
     AEE0   AD 10 B9   LDA &B910
     AEE3   C9 02      CMP #&02
     AEE5   D0 2B      BNE &AF12
     AEE7   AD 11 B9   LDA &B911
     AEEA   C9 2E      CMP #&2E
     AEEC   F0 24      BEQ &AF12
     AEEE   A2 01      LDX #&01
     AEF0   86 BA      STX &BA
.checknameloop
     AEF2   BD 10 B9   LDA &B910,X
     AEF5   E8         INX
     AEF6   E0 11      CPX #&11
     AEF8   F0 18      BEQ &AF12
     AEFA   C9 02      CMP #&02
     AEFC   F0 15      BEQ &AF13
     AEFE   C9 2E      CMP #&2E
     AF00   D0 04      BNE &AF06
     AF02   C6 BA      DEC &BA
     AF04   30 0C      BMI &AF12
.notdot
     AF06   A0 0E      LDY #&0E
.checkcharloop
     AF08   D9 13 AF   CMP &AF13,Y
     AF0B   F0 05      BEQ &AF12
     AF0D   88         DEY
     AF0E   D0 F8      BNE &AF08
     AF10   F0 E0      BEQ &AEF2
.badname
     AF12   18         CLC
.checknameend
     AF13   60         RTS
.invalid_chars
     AF14   22
     AF15   2A
     AF16   2B
     AF17   2C
     AF18   2F
     AF19   3A
     AF1A   3B
     AF1B   3C
     AF1C   3D
     AF1D   3E
     AF1E   3F
     AF1F   5B
     AF20   5C
     AF21   5D
.invalid_chars_end
.mm32_disk_seek_sector
     AF22   8C A5 B9   STY &B9A5
     AF25   8D A4 B9   STA &B9A4
     AF28   A5 CD      LDA &CD
     AF2A   29 01      AND #&01
     AF2C   A8         TAY
     AF2D   20 A6 A8   JSR &A8A6
     AF30   70 0B      BVS &AF3D
     AF32   24 C2      BIT &C2
     AF34   A5 CD      LDA &CD
     AF36   6A         ROR A
     AF37   6A         ROR A
     AF38   90 04      BCC &AF3E
     AF3A   70 02      BVS &AF3E
.l1
     AF3C   B8         CLV
.l2
     AF3D   60         RTS
.l3
     AF3E   50 05      BVC &AF45
     AF40   2E A5 B9   ROL &B9A5
     AF43   B0 F7      BCS &AF3C
.l4
     AF45   AC A5 B9   LDY &B9A5
     AF48   F0 04      BEQ &AF4E
.loop1
     AF4A   A2 04      LDX #&04
     AF4C   D0 08      BNE &AF56
.l5
     AF4E   AD A4 B9   LDA &B9A4
     AF51   4A         LSR A
     AF52   F0 11      BEQ &AF65
     AF54   AA         TAX
     AF55   CA         DEX
.loop2
     AF56   20 DA A8   JSR &A8DA
     AF59   B0 E1      BCS &AF3C
     AF5B   CA         DEX
     AF5C   10 F8      BPL &AF56
     AF5E   88         DEY
     AF5F   F0 ED      BEQ &AF4E
     AF61   C0 FF      CPY #&FF
     AF63   D0 E5      BNE &AF4A
.l6
     AF65   20 9E AF   JSR &AF9E
     AF68   B0 D2      BCS &AF3C
     AF6A   6E A4 B9   ROR &B9A4
     AF6D   90 02      BCC &AF71
     AF6F   E6 BE      INC &BE
.l7
     AF71   0E A4 B9   ASL &B9A4
     AF74   B8         CLV
     AF75   18         CLC
     AF76   60         RTS
.mm32_disk_next_sector
     AF77   20 20 84   JSR &8420
     AF7A   A0 01      LDY #&01
     AF7C   AE A4 B9   LDX &B9A4
     AF7F   E8         INX
     AF80   E8         INX
     AF81   E0 0A      CPX #&0A
     AF83   D0 0E      BNE &AF93
     AF85   A2 00      LDX #&00
     AF87   EE A5 B9   INC &B9A5
     AF8A   24 C2      BIT &C2
     AF8C   50 05      BVC &AF93
     AF8E   A0 06      LDY #&06
     AF90   EE A5 B9   INC &B9A5
.l1
     AF93   8E A4 B9   STX &B9A4
.loop1
     AF96   20 DA A8   JSR &A8DA
     AF99   B0 47      BCS &AFE2
     AF9B   88         DEY
     AF9C   D0 F8      BNE &AF96
.mm32_SECT_X_Address
     AF9E   A2 02      LDX #&02
.loop1
     AFA0   B5 C8      LDA &C8,X
     AFA2   95 BE      STA &BE,X
     AFA4   CA         DEX
     AFA5   10 F9      BPL &AFA0
     AFA7   AD E4 B9   LDA &B9E4
.loop2
     AFAA   4A         LSR A
     AFAB   B0 09      BCS &AFB6
     AFAD   06 BE      ASL &BE
     AFAF   26 BF      ROL &BF
     AFB1   26 C0      ROL &C0
     AFB3   90 F5      BCC &AFAA
     AFB5   60         RTS
.l3
     AFB6   18         CLC
     AFB7   A5 BE      LDA &BE
     AFB9   6D E2 B9   ADC &B9E2
     AFBC   85 BE      STA &BE
     AFBE   A5 BF      LDA &BF
     AFC0   6D E3 B9   ADC &B9E3
     AFC3   85 BF      STA &BF
     AFC5   90 02      BCC &AFC9
     AFC7   E6 C0      INC &C0
.l4
     AFC9   38         SEC
     AFCA   AD E4 B9   LDA &B9E4
     AFCD   E5 CB      SBC &CB
     AFCF   18         CLC
     AFD0   65 BE      ADC &BE
     AFD2   85 BE      STA &BE
     AFD4   90 06      BCC &AFDC
     AFD6   E6 BF      INC &BF
     AFD8   D0 02      BNE &AFDC
     AFDA   E6 C0      INC &C0
.l5
.mm32_lba_to_256
     AFDC   06 BE      ASL &BE
     AFDE   26 BF      ROL &BF
     AFE0   26 C0      ROL &C0
.l2rts
     AFE2   60         RTS
.mm32_MMC_error
     AFE3   85 B0      STA &B0
     AFE5   20 62 80   JSR &8062
     AFE8   C5
     AFE9   4D 4D 43 ...
     AFED   EA         NOP
     AFEE   68         PLA
     AFEF   85 B8      STA &B8
     AFF1   68         PLA
     AFF2   85 B9      STA &B9
     AFF4   A0 00      LDY #&00
     AFF6   8C AF B9   STY &B9AF
.loop1
     AFF9   C8         INY
     AFFA   B1 B8      LDA (&B8),Y
     AFFC   F0 05      BEQ &B003
     AFFE   20 21 B0   JSR &B021
     B001   D0 F6      BNE &AFF9
.l1
     B003   A8         TAY
     B004   A5 B0      LDA &B0
     B006   20 85 8C   JSR &8C85
     B009   A9 2F      LDA #&2F
     B00B   20 21 B0   JSR &B021
.loop2
     B00E   B9 89 B9   LDA &B989,Y
     B011   20 85 8C   JSR &8C85
     B014   C8         INY
     B015   C0 04      CPY #&04
     B017   D0 F5      BNE &B00E
     B019   A9 00      LDA #&00
     B01B   9D 00 01   STA &0100,X
     B01E   4C 00 01   JMP &0100
.mm32_PrintChr100
     B021   9D 00 01   STA &0100,X
     B024   E8         INX
     B025   60         RTS
.Osword7F_8271_Emulation
     B026   A0 06      LDY #&06
     B028   B1 B0      LDA (&B0),Y
     B02A   A2 10      LDX #&10
.loop1
     B02C   DD 8B B1   CMP &B18B,X
     B02F   F0 05      BEQ &B036
     B031   CA         DEX
     B032   10 F8      BPL &B02C
     B034   30 0F      BMI &B045
.l2
     B036   20 68 B0   JSR &B068
     B039   48         PHA
     B03A   A0 05      LDY #&05
     B03C   B1 B0      LDA (&B0),Y
     B03E   18         CLC
     B03F   69 07      ADC #&07
     B041   A8         TAY
     B042   68         PLA
     B043   91 B0      STA (&B0),Y
.l3
     B045   A9 00      LDA #&00
     B047   60         RTS
.spec_reg
     B048   A0 07      LDY #&07
     B04A   B1 B0      LDA (&B0),Y
     B04C   C9 06      CMP #&06
     B04E   D0 04      BNE &B054
     B050   AD A4 B9   LDA &B9A4
     B053   60         RTS
.l1
     B054   C9 12      CMP #&12
     B056   D0 09      BNE &B061
.l2
     B058   AD A5 B9   LDA &B9A5
     B05B   24 C2      BIT &C2
     B05D   50 01      BVC &B060
     B05F   4A         LSR A
.l3
     B060   60         RTS
.l4
     B061   C9 1A      CMP #&1A
     B063   F0 F3      BEQ &B058
     B065   A9 00      LDA #&00
     B067   60         RTS
.ow7f_1
     B068   BD 9B B1   LDA &B19B,X
     B06B   F0 DB      BEQ &B048
     B06D   48         PHA
     B06E   88         DEY
     B06F   29 0F      AND #&0F
     B071   D1 B0      CMP (&B0),Y
     B073   D0 27      BNE &B09C
     B075   20 DD A6   JSR &A6DD
     B078   68         PLA
     B079   85 C7      STA &C7
     B07B   A0 0B      LDY #&0B
.loop1
     B07D   B1 B0      LDA (&B0),Y
     B07F   99 BB 00   STA &00BB,Y
     B082   C0 05      CPY #&05
     B084   B0 03      BCS &B089
     B086   99 A9 B9   STA &B9A9,Y
.l0
     B089   88         DEY
     B08A   D0 F1      BNE &B07D
     B08C   B1 B0      LDA (&B0),Y
     B08E   30 03      BMI &B093
     B090   20 D6 8B   JSR &8BD6
.l1
     B093   20 A6 B0   JSR &B0A6
     B096   48         PHA
     B097   20 30 A7   JSR &A730
     B09A   68         PLA
     B09B   60         RTS
.owfault
     B09C   68         PLA
     B09D   A9 FF      LDA #&FF
     B09F   60         RTS
.owdrvnotrdy
     B0A0   A9 10      LDA #&10
     B0A2   60         RTS
.ownosector
     B0A3   A9 1E      LDA #&1E
     B0A5   60         RTS
.ow7f_2
     B0A6   A9 10      LDA #&10
     B0A8   24 C7      BIT &C7
     B0AA   D0 04      BNE &B0B0
     B0AC   10 33      BPL &B0E1
     B0AE   30 23      BMI &B0D3
.l10
     B0B0   A5 C2      LDA &C2
     B0B2   0A         ASL A
     B0B3   85 BE      STA &BE
     B0B5   A5 C3      LDA &C3
     B0B7   2A         ROL A
     B0B8   85 BF      STA &BF
     B0BA   A5 C4      LDA &C4
     B0BC   30 E5      BMI &B0A3
     B0BE   2A         ROL A
     B0BF   85 C0      STA &C0
     B0C1   A5 C5      LDA &C5
     B0C3   0A         ASL A
     B0C4   85 C4      STA &C4
     B0C6   B0 DB      BCS &B0A3
     B0C8   A9 00      LDA #&00
     B0CA   85 C5      STA &C5
     B0CC   85 C6      STA &C6
     B0CE   26 C7      ROL &C7
     B0D0   4C 41 B1   JMP &B141
.l11
     B0D3   A5 C6      LDA &C6
     B0D5   F0 27      BEQ &B0FE
     B0D7   E6 C4      INC &C4
     B0D9   D0 23      BNE &B0FE
     B0DB   E6 C5      INC &C5
     B0DD   D0 1F      BNE &B0FE
     B0DF   F0 C2      BEQ &B0A3
.l0
     B0E1   A5 C4      LDA &C4
     B0E3   50 02      BVC &B0E7
     B0E5   A9 0A      LDA #&0A
.l1
     B0E7   29 1F      AND #&1F
     B0E9   85 C4      STA &C4
     B0EB   70 07      BVS &B0F4
     B0ED   18         CLC
     B0EE   65 C3      ADC &C3
     B0F0   C9 0B      CMP #&0B
     B0F2   B0 AF      BCS &B0A3
.l2
     B0F4   A9 00      LDA #&00
     B0F6   85 C5      STA &C5
     B0F8   85 C6      STA &C6
     B0FA   50 02      BVC &B0FE
     B0FC   85 C3      STA &C3
.l3
     B0FE   A5 C3      LDA &C3
     B100   C9 0A      CMP #&0A
     B102   B0 9F      BCS &B0A3
.l4
     B104   A4 C2      LDY &C2
     B106   20 22 AF   JSR &AF22
     B109   70 95      BVS &B0A0
     B10B   B0 96      BCS &B0A3
     B10D   26 C7      ROL &C7
     B10F   24 C7      BIT &C7
     B111   50 07      BVC &B11A
     B113   24 C2      BIT &C2
     B115   10 03      BPL &B11A
     B117   A9 12      LDA #&12
     B119   60         RTS
.l5
     B11A   24 C7      BIT &C7
     B11C   30 40      BMI &B15E
     B11E   66 C3      ROR &C3
     B120   B0 1F      BCS &B141
     B122   A5 C4      LDA &C4
     B124   C9 02      CMP #&02
     B126   D0 19      BNE &B141
     B128   A5 BD      LDA &BD
     B12A   C9 B7      CMP #&B7
     B12C   D0 13      BNE &B141
     B12E   AD AC B9   LDA &B9AC
     B131   2D AD B9   AND &B9AD
     B134   0D D6 B9   ORA &B9D6
     B137   49 FF      EOR #&FF
     B139   05 BC      ORA &BC
     B13B   05 C5      ORA &C5
     B13D   05 C6      ORA &C6
     B13F   F0 2F      BEQ &B170
.l6
     B141   24 C7      BIT &C7
     B143   70 13      BVS &B158
     B145   20 64 A5   JSR &A564
.l7
     B148   AD AE B9   LDA &B9AE
     B14B   F0 03      BEQ &B150
     B14D   20 69 8C   JSR &8C69
.l8
     B150   2C A6 B9   BIT &B9A6
     B153   30 33      BMI &B188
.OK
     B155   A9 00      LDA #&00
     B157   60         RTS
.l9
     B158   20 1A A6   JSR &A61A
     B15B   4C 48 B1   JMP &B148
.vform
     B15E   A0 FF      LDY #&FF
     B160   8C 82 B9   STY &B982
     B163   50 0B      BVC &B170
     B165   C8         INY
     B166   98         TYA
.floop
     B167   99 00 B7   STA &B700,Y
     B16A   99 00 B8   STA &B800,Y
     B16D   C8         INY
     B16E   D0 F7      BNE &B167
.cat
.loop
     B170   24 C7      BIT &C7
     B172   70 06      BVS &B17A
     B174   20 15 A5   JSR &A515
     B177   4C 7D B1   JMP &B17D
.k1
     B17A   20 2C A5   JSR &A52C
.k2
     B17D   C6 C4      DEC &C4
     B17F   C6 C4      DEC &C4
     B181   F0 D2      BEQ &B155
     B183   20 77 AF   JSR &AF77
     B186   90 E8      BCC &B170
.ownosector2
     B188   A9 1E      LDA #&1E
     B18A   60         RTS
.owtable1
     B18B   7D
     B18C   4A
     B18D   4B
     B18E   4C
     B18F   4E
     B190   4F
     B191   52
     B192   53
     B193   54
     B194   56
     B195   57
     B196   5E
     B197   5F
     B198   63
     B199   A5
     B19A   85
.owtable2
     B19B   00
     B19C   23
     B19D   23
     B19E   34
     B19F   23
     B1A0   23
     B1A1   03
     B1A2   03
     B1A3   14
     B1A4   03
     B1A5   03
     B1A6   45
     B1A7   43
     B1A8   65
     B1A9   A5
     B1AA   85
Processed file 'MM32.asm' ok
Including file Utilities.asm
.CMD_DUMP
     B1AB   A9 40      LDA #&40
     B1AD   20 AA B2   JSR &B2AA
     B1B0   A9 00      LDA #&00
     B1B2   48         PHA
     B1B3   AA         TAX
     B1B4   F0 06      BEQ &B1BC
.dump_inc_address
     B1B6   69 08      ADC #&08
     B1B8   48         PHA
     B1B9   90 01      BCC &B1BC
     B1BB   E8         INX
.dump_loop
     B1BC   8A         TXA
     B1BD   20 0E 81   JSR &810E
     B1C0   68         PLA
     B1C1   48         PHA
     B1C2   20 0E 81   JSR &810E
     B1C5   8A         TXA
     B1C6   48         PHA
     B1C7   20 1F 81   JSR &811F
     B1CA   A2 07      LDX #&07
.dump_getbytes_loop
     B1CC   20 D7 FF   JSR &FFD7
     B1CF   B0 0B      BCS &B1DC
     B1D1   95 A8      STA &A8,X
     B1D3   20 0E 81   JSR &810E
     B1D6   20 1F 81   JSR &811F
     B1D9   CA         DEX
     B1DA   10 F0      BPL &B1CC
.dump_eof
     B1DC   08         PHP
     B1DD   90 12      BCC &B1F1
.dump_padnum_loop
     B1DF   A9 2A      LDA #&2A
     B1E1   20 EE FF   JSR &FFEE
     B1E4   20 EE FF   JSR &FFEE
     B1E7   20 1F 81   JSR &811F
     B1EA   A9 00      LDA #&00
     B1EC   95 A8      STA &A8,X
     B1EE   CA         DEX
     B1EF   10 EE      BPL &B1DF
.dump_noteof
     B1F1   A2 07      LDX #&07
.dump_chr_loop
     B1F3   B5 A8      LDA &A8,X
     B1F5   29 7F      AND #&7F
     B1F7   C9 7F      CMP #&7F
     B1F9   F0 04      BEQ &B1FF
     B1FB   C9 20      CMP #&20
     B1FD   B0 02      BCS &B201
.showchrdot
     B1FF   A9 2E      LDA #&2E
.showchrexit
     B201   20 EE FF   JSR &FFEE
     B204   CA         DEX
     B205   10 EC      BPL &B1F3
     B207   20 E7 FF   JSR &FFE7
     B20A   28         PLP
     B20B   68         PLA
     B20C   AA         TAX
     B20D   68         PLA
     B20E   24 FF      BIT &FF
     B210   30 3A      BMI &B24C
     B212   90 A2      BCC &B1B6
     B214   B0 31      BCS &B247
.CMD_TYPE
     B216   A9 00      LDA #&00
     B218   F0 02      BEQ &B21C
.CMD_LIST
     B21A   A9 FF      LDA #&FF
.type
     B21C   85 AA      STA &AA
     B21E   A9 40      LDA #&40
     B220   20 AA B2   JSR &B2AA
     B223   A9 0D      LDA #&0D
.list_loop_entry
     B225   25 AA      AND &AA
     B227   49 0D      EOR #&0D
     B229   AA         TAX
.list_loop
     B22A   20 D7 FF   JSR &FFD7
     B22D   B0 15      BCS &B244
     B22F   C9 0A      CMP #&0A
     B231   F0 F7      BEQ &B22A
     B233   48         PHA
     B234   8A         TXA
     B235   D0 03      BNE &B23A
     B237   20 DB B2   JSR &B2DB
.list_skiplineno
     B23A   68         PLA
     B23B   20 E3 FF   JSR &FFE3
     B23E   24 FF      BIT &FF
     B240   30 0A      BMI &B24C
     B242   10 E1      BPL &B225
.list_eof
     B244   20 E7 FF   JSR &FFE7
.Utils_CloseFile_Yhandle
     B247   A9 00      LDA #&00
     B249   4C CE FF   JMP &FFCE
.Utils_ESCAPE_CloseFileY
     B24C   20 47 B2   JSR &B247
     B24F   4C 75 8C   JMP &8C75
.CMD_BUILD
     B252   A9 80      LDA #&80
     B254   20 AA B2   JSR &B2AA
.loop_newline
     B257   20 DB B2   JSR &B2DB
     B25A   A2 00      LDX #&00
.loop_line
     B25C   20 E0 FF   JSR &FFE0
     B25F   B0 EB      BCS &B24C
     B261   C9 15      CMP #&15
     B263   F0 11      BEQ &B276
     B265   C9 7F      CMP #&7F
     B267   F0 14      BEQ &B27D
     B269   20 E3 FF   JSR &FFE3
     B26C   20 D4 FF   JSR &FFD4
     B26F   E8         INX
     B270   C9 0D      CMP #&0D
     B272   D0 E8      BNE &B25C
     B274   F0 E1      BEQ &B257
.clearline
     B276   20 83 B2   JSR &B283
     B279   D0 FB      BNE &B276
     B27B   F0 DF      BEQ &B25C
.subpointer
     B27D   20 83 B2   JSR &B283
     B280   4C 5C B2   JMP &B25C
.fpdec
     B283   8A         TXA
     B284   F0 23      BEQ &B2A9
     B286   48         PHA
     B287   A9 7F      LDA #&7F
     B289   20 EE FF   JSR &FFEE
     B28C   A9 00      LDA #&00
     B28E   A2 AA      LDX #&AA
     B290   20 DA FF   JSR &FFDA
     B293   A5 AA      LDA &AA
     B295   D0 08      BNE &B29F
     B297   A5 AB      LDA &AB
     B299   D0 02      BNE &B29D
     B29B   C6 AC      DEC &AC
.decmsb
     B29D   C6 AB      DEC &AB
.declsb
     B29F   C6 AA      DEC &AA
.fpdecdone
     B2A1   A9 03      LDA #&03
     B2A3   20 DA FF   JSR &FFDA
     B2A6   68         PLA
     B2A7   AA         TAX
     B2A8   CA         DEX
.fpdecrts
     B2A9   60         RTS
.Utils_FilenameAtXY
     B2AA   85 AF      STA &AF
     B2AC   BA         TSX
     B2AD   A9 00      LDA #&00
     B2AF   9D 07 01   STA &0107,X
     B2B2   85 A8      STA &A8
     B2B4   85 A9      STA &A9
     B2B6   88         DEY
.utils_skipspcloop
     B2B7   C8         INY
     B2B8   B1 F2      LDA (&F2),Y
     B2BA   C9 20      CMP #&20
     B2BC   F0 F9      BEQ &B2B7
     B2BE   C9 0D      CMP #&0D
     B2C0   D0 03      BNE &B2C5
     B2C2   4C B4 99   JMP &99B4
.utils_notnullstr
     B2C5   98         TYA
     B2C6   18         CLC
     B2C7   65 F2      ADC &F2
     B2C9   AA         TAX
     B2CA   A5 F3      LDA &F3
     B2CC   69 00      ADC #&00
     B2CE   A8         TAY
     B2CF   A5 AF      LDA &AF
     B2D1   20 CE FF   JSR &FFCE
     B2D4   F0 02      BEQ &B2D8
     B2D6   A8         TAY
     B2D7   60         RTS
.utils_filenotfound
     B2D8   4C 41 82   JMP &8241
.Utils_PrintLineNoA8
     B2DB   20 EE A1   JSR &A1EE
     B2DE   20 0E 81   JSR &810E
     B2E1   A5 A8      LDA &A8
     B2E3   20 0E 81   JSR &810E
     B2E6   4C 1F 81   JMP &811F
Processed file 'Utilities.asm' ok
    code ends at&B2E9  (1045 bytes free )
Saving file 'build/E/ESWMMFS'
Processed file 'mmfs100.asm' ok
Processed file 'top_ESWMMFS.asm' ok
