Including file DEVICE.asm
Processed file 'DEVICE.asm' ok
Including file mmfs100.asm
Including file VERSION.asm
Processed file 'VERSION.asm' ok
Including file SYSVARS.asm
Processed file 'SYSVARS.asm' ok
.langentry
     8000   00         BRK
     8001   00         BRK
     8002   00         BRK
.serventry
     8003   4C 20 8E   JMP &8E20
.romtype
     8006   82
.copywoffset
     8007   23
.binversion
     8008   7B
.title
Macro BUILD_NAME:
Macro BASE_NAME:
     8009   4D 6F 64 ...
Macro SYSTEM_NAME:
     8012   4D 4D 46 ...
End macro SYSTEM_NAME
     8016   20 31 32 ...
End macro BASE_NAME
Macro DEVICE_NAME:
     801A   20 43 45 ...
End macro DEVICE_NAME
Macro DFS_EMUL_NAME:
End macro DFS_EMUL_NAME
     801E   00
End macro BUILD_NAME
.version
Macro BUILD_VERSION:
     801F   31 2E 35 ...
     8023   00
End macro BUILD_VERSION
.copyright
Macro BUILD_COPYRIGHT:
     8024   28 43 29 ...
     8032   00
End macro BUILD_COPYRIGHT
.header_end
.Go_FSCV
     8033   6C 1E 02   JMP (&021E)
.SetLEDS
     8036   A2 06      LDX #&06
     8038   8E 40 FE   STX &FE40
     803B   E8         INX
     803C   8E 40 FE   STX &FE40
     803F   60         RTS
.ResetLEDS
     8040   20 F1 83   JSR &83F1
     8043   A9 76      LDA #&76
     8045   4C F4 FF   JMP &FFF4
.errDISK
     8048   20 5D 80   JSR &805D
     804B   00         BRK
     804C   44 69 73 ...
     8051   90 21      BCC &8074
.errBAD
     8053   20 5D 80   JSR &805D
     8056   00         BRK
     8057   42 61 64 ...
     805B   90 17      BCC &8074
.ReportErrorCB
     805D   AD DD A4   LDA &A4DD
     8060   D0 03      BNE &8065
     8062   20 8B 97   JSR &978B
.brk100_notbuf
     8065   A9 FF      LDA #&FF
     8067   8D 82 A4   STA &A482
     806A   8D DD A4   STA &A4DD
.ReportError
     806D   A2 02      LDX #&02
     806F   A9 00      LDA #&00
     8071   8D 00 01   STA &0100
.ErrCONTINUE
     8074   20 40 80   JSR &8040
.ReportError2
     8077   68         PLA
     8078   85 AE      STA &AE
     807A   68         PLA
     807B   85 AF      STA &AF
     807D   A0 00      LDY #&00
     807F   20 E8 83   JSR &83E8
     8082   8D 01 01   STA &0101
     8085   CA         DEX
.errstr_loop
     8086   E8         INX
     8087   20 E8 83   JSR &83E8
     808A   9D 00 01   STA &0100,X
     808D   30 27      BMI &80B6
     808F   D0 F5      BNE &8086
     8091   20 0E 8D   JSR &8D0E
     8094   4C 00 01   JMP &0100
.PrintNibble_PrintString
     8097   20 00 81   JSR &8100
.PrintString
     809A   85 B3      STA &B3
     809C   68         PLA
     809D   85 AE      STA &AE
     809F   68         PLA
     80A0   85 AF      STA &AF
     80A2   A5 B3      LDA &B3
     80A4   48         PHA
     80A5   98         TYA
     80A6   48         PHA
     80A7   A0 00      LDY #&00
.prtstr_loop
     80A9   20 E8 83   JSR &83E8
     80AC   30 05      BMI &80B3
     80AE   20 D9 80   JSR &80D9
     80B1   10 F6      BPL &80A9
.prtstr_return1
     80B3   68         PLA
     80B4   A8         TAY
     80B5   68         PLA
.prtstr_return2
     80B6   18         CLC
     80B7   6C AE 00   JMP (&00AE)
.PrintStringSPL
     80BA   85 B3      STA &B3
     80BC   68         PLA
     80BD   85 AE      STA &AE
     80BF   68         PLA
     80C0   85 AF      STA &AF
     80C2   A5 B3      LDA &B3
     80C4   48         PHA
     80C5   98         TYA
     80C6   48         PHA
     80C7   A0 00      LDY #&00
.pstr_loop
     80C9   20 E8 83   JSR &83E8
     80CC   30 E5      BMI &80B3
     80CE   20 E3 FF   JSR &FFE3
     80D1   4C C9 80   JMP &80C9
.PrintNibFullStop
     80D4   20 00 81   JSR &8100
.PrintFullStop
     80D7   A9 2E      LDA #&2E
.PrintChrA
     80D9   20 F1 83   JSR &83F1
     80DC   48         PHA
     80DD   A9 EC      LDA #&EC
     80DF   20 F8 93   JSR &93F8
     80E2   8A         TXA
     80E3   48         PHA
     80E4   09 10      ORA #&10
     80E6   AA         TAX
     80E7   20 F0 80   JSR &80F0
     80EA   68         PLA
     80EB   AA         TAX
     80EC   68         PLA
     80ED   20 E3 FF   JSR &FFE3
.osbyte03_Xoutstream
     80F0   A9 03      LDA #&03
     80F2   4C F4 FF   JMP &FFF4
.PrintBCD
     80F5   20 4D 84   JSR &844D
.PrintHex
     80F8   48         PHA
     80F9   20 1D 82   JSR &821D
     80FC   20 00 81   JSR &8100
     80FF   68         PLA
.PrintNibble
     8100   20 22 81   JSR &8122
     8103   D0 D4      BNE &80D9
.PrintBCDSPL
     8105   20 4D 84   JSR &844D
.PrintHexSPL
     8108   48         PHA
     8109   20 1D 82   JSR &821D
     810C   20 10 81   JSR &8110
     810F   68         PLA
.PrintNibbleSPL
     8110   20 22 81   JSR &8122
     8113   4C EE FF   JMP &FFEE
.Print2SpacesSPL
     8116   20 19 81   JSR &8119
.PrintSpaceSPL
     8119   48         PHA
     811A   A9 20      LDA #&20
     811C   20 EE FF   JSR &FFEE
     811F   68         PLA
     8120   18         CLC
     8121   60         RTS
.NibToASC
     8122   29 0F      AND #&0F
     8124   C9 0A      CMP #&0A
     8126   90 02      BCC &812A
     8128   69 06      ADC #&06
.nibasc
     812A   69 30      ADC #&30
     812C   60         RTS
.CopyVarsB0BA
     812D   20 3D 81   JSR &813D
     8130   CA         DEX
     8131   CA         DEX
     8132   20 35 81   JSR &8135
.cpybyte1
     8135   B1 B0      LDA (&B0),Y
     8137   9D 72 A4   STA &A472,X
     813A   E8         INX
     813B   C8         INY
     813C   60         RTS
.CopyWordB0BA
     813D   20 40 81   JSR &8140
.cpybyte2
     8140   B1 B0      LDA (&B0),Y
     8142   95 BA      STA &BA,X
     8144   E8         INX
     8145   C8         INY
     8146   60         RTS
.read_fspTextPointer
     8147   20 FD 8B   JSR &8BFD
     814A   4C 5D 81   JMP &815D
.read_fspBA_reset
     814D   20 FD 8B   JSR &8BFD
.read_fspBA
     8150   A5 BA      LDA &BA
     8152   85 F2      STA &F2
     8154   A5 BB      LDA &BB
     8156   85 F3      STA &F3
     8158   A0 00      LDY #&00
     815A   20 BE 81   JSR &81BE
.rdafsp_entry
     815D   A2 20      LDX #&20
     815F   20 A3 81   JSR &81A3
     8162   B0 1B      BCS &817F
     8164   8D 00 A4   STA &A400
     8167   C9 2E      CMP #&2E
     8169   D0 04      BNE &816F
.rdafsp_setdrv
     816B   86 CC      STX &CC
     816D   F0 EE      BEQ &815D
.rdafsp_notdot
     816F   C9 3A      CMP #&3A
     8171   D0 15      BNE &8188
     8173   20 12 8C   JSR &8C12
     8176   20 A3 81   JSR &81A3
     8179   B0 04      BCS &817F
     817B   C9 2E      CMP #&2E
     817D   F0 DE      BEQ &815D
.errBadName
     817F   20 53 80   JSR &8053
     8182   CC
     8183   6E 61 6D ...
     8187   00
.rdafsp_notcolon
     8188   AA         TAX
     8189   20 A3 81   JSR &81A3
     818C   B0 34      BCS &81C2
     818E   C9 2E      CMP #&2E
     8190   F0 D9      BEQ &816B
     8192   A2 01      LDX #&01
.rdafsp_rdfnloop
     8194   9D 00 A4   STA &A400,X
     8197   E8         INX
     8198   20 A3 81   JSR &81A3
     819B   B0 27      BCS &81C4
     819D   E0 07      CPX #&07
     819F   D0 F3      BNE &8194
     81A1   F0 DC      BEQ &817F
.GSREAD_A
     81A3   20 C5 FF   JSR &FFC5
     81A6   08         PHP
     81A7   29 7F      AND #&7F
     81A9   C9 0D      CMP #&0D
     81AB   F0 08      BEQ &81B5
     81AD   C9 20      CMP #&20
     81AF   90 CE      BCC &817F
     81B1   C9 7F      CMP #&7F
     81B3   F0 CA      BEQ &817F
.dogsrd_exit
     81B5   28         PLP
     81B6   60         RTS
.SetTextPointerYX
     81B7   86 F2      STX &F2
     81B9   84 F3      STY &F3
     81BB   A0 00      LDY #&00
     81BD   60         RTS
.GSINIT_A
     81BE   18         CLC
     81BF   4C C2 FF   JMP &FFC2
.Rdafsp_padall
     81C2   A2 01      LDX #&01
.rdafsp_padX
     81C4   A9 20      LDA #&20
.rdafsp_padloop
     81C6   9D 00 A4   STA &A400,X
     81C9   E8         INX
     81CA   E0 40      CPX #&40
     81CC   D0 F8      BNE &81C6
     81CE   A2 06      LDX #&06
.rdafsp_cpyfnloop
     81D0   BD 00 A4   LDA &A400,X
     81D3   95 C5      STA &C5,X
     81D5   CA         DEX
     81D6   10 F8      BPL &81D0
     81D8   60         RTS
.prt_filename_Yoffset
     81D9   20 F1 83   JSR &83F1
     81DC   B9 0F A2   LDA &A20F,Y
     81DF   08         PHP
     81E0   29 7F      AND #&7F
     81E2   D0 05      BNE &81E9
     81E4   20 16 81   JSR &8116
     81E7   F0 06      BEQ &81EF
.prt_filename_prtchr
     81E9   20 D9 80   JSR &80D9
     81EC   20 D7 80   JSR &80D7
.prt_filename_nodir
     81EF   A2 06      LDX #&06
.prt_filename_loop
     81F1   B9 08 A2   LDA &A208,Y
     81F4   29 7F      AND #&7F
     81F6   20 D9 80   JSR &80D9
     81F9   C8         INY
     81FA   CA         DEX
     81FB   10 F4      BPL &81F1
     81FD   20 16 81   JSR &8116
     8200   A9 20      LDA #&20
     8202   28         PLP
     8203   10 02      BPL &8207
     8205   A9 4C      LDA #&4C
.prt_filename_notlocked
     8207   20 D9 80   JSR &80D9
     820A   A0 01      LDY #&01
.prt_Yspaces
     820C   20 19 81   JSR &8119
     820F   88         DEY
     8210   D0 FA      BNE &820C
     8212   60         RTS
.A_rorx6and3
     8213   4A         LSR A
     8214   4A         LSR A
.A_rorx4and3
     8215   4A         LSR A
     8216   4A         LSR A
.A_rorx2and3
     8217   4A         LSR A
     8218   4A         LSR A
     8219   29 03      AND #&03
     821B   60         RTS
.A_rorx5
     821C   4A         LSR A
.A_rorx4
     821D   4A         LSR A
     821E   4A         LSR A
     821F   4A         LSR A
     8220   4A         LSR A
     8221   60         RTS
.A_rolx5
     8222   0A         ASL A
.A_rolx4
     8223   0A         ASL A
     8224   0A         ASL A
     8225   0A         ASL A
     8226   0A         ASL A
.getcat_exit
     8227   60         RTS
.parameter_afsp_Param_SyntaxErrorIfNull_getcatentry_fspTxtP
     8228   20 00 93   JSR &9300
.Param_SyntaxErrorIfNull_getcatentry_fspTxtP
     822B   20 7B 9A   JSR &9A7B
.getcatentry_fspTxtP
     822E   20 47 81   JSR &8147
     8231   30 03      BMI &8236
.getcatentry_fspBA
     8233   20 4D 81   JSR &814D
.getcatentry
     8236   20 7B 82   JSR &827B
     8239   B0 EC      BCS &8227
.err_FILENOTFOUND
     823B   20 6D 80   JSR &806D
     823E   D6
     823F   4E 6F 74 ...
     8248   00
.fscv9_starEX
     8249   20 B7 81   JSR &81B7
.CMD_EX
     824C   20 FD 8B   JSR &8BFD
     824F   20 BE 81   JSR &81BE
     8252   F0 03      BEQ &8257
     8254   20 AF 89   JSR &89AF
.cmd_ex_nullstr
     8257   A9 2A      LDA #&2A
     8259   8D 00 A4   STA &A400
     825C   20 C2 81   JSR &81C2
     825F   20 00 93   JSR &9300
     8262   20 36 82   JSR &8236
     8265   4C 72 82   JMP &8272
.fscv10_starINFO
     8268   20 B7 81   JSR &81B7
     826B   A9 4E      LDA #&4E
     826D   85 BF      STA &BF
.CMD_INFO
     826F   20 28 82   JSR &8228
.cmd_info_loop
     8272   20 47 83   JSR &8347
     8275   20 82 82   JSR &8282
     8278   B0 F8      BCS &8272
     827A   60         RTS
.get_cat_firstentry80
.get_cat_firstentry81
     827B   20 BA AE   JSR &AEBA
     827E   A2 00      LDX #&00
     8280   F0 18      BEQ &829A
.get_cat_nextentry
     8282   A2 00      LDX #&00
     8284   F0 18      BEQ &829E
.get_cat_firstentry80fname
     8286   A2 06      LDX #&06
.getcatloop1
     8288   B5 C5      LDA &C5,X
     828A   9D 58 A4   STA &A458,X
     828D   CA         DEX
     828E   10 F8      BPL &8288
     8290   A9 20      LDA #&20
     8292   8D 5F A4   STA &A45F
     8295   20 BA AE   JSR &AEBA
     8298   A2 58      LDX #&58
.getcatentry2
     829A   A9 00      LDA #&00
     829C   85 B6      STA &B6
.getcatsetupB7
     829E   A9 A2      LDA #&A2
     82A0   85 B7      STA &B7
.getcatloop2
     82A2   A0 00      LDY #&00
     82A4   A5 B6      LDA &B6
     82A6   CD 05 A3   CMP &A305
     82A9   B0 49      BCS &82F4
     82AB   69 08      ADC #&08
     82AD   85 B6      STA &B6
     82AF   20 C9 82   JSR &82C9
     82B2   90 EE      BCC &82A2
     82B4   A5 CC      LDA &CC
     82B6   A0 07      LDY #&07
     82B8   20 F6 82   JSR &82F6
     82BB   D0 E5      BNE &82A2
     82BD   A4 B6      LDY &B6
     82BF   38         SEC
.Y_sub8
     82C0   88         DEY
     82C1   88         DEY
     82C2   88         DEY
     82C3   88         DEY
     82C4   88         DEY
     82C5   88         DEY
     82C6   88         DEY
     82C7   88         DEY
.NotCmdTable2
     82C8   60         RTS
.MatchFilename
     82C9   20 F1 83   JSR &83F1
.matfn_loop1
     82CC   BD 00 A4   LDA &A400,X
     82CF   CD CE A4   CMP &A4CE
     82D2   D0 13      BNE &82E7
     82D4   E8         INX
.matfn_loop2
     82D5   20 C9 82   JSR &82C9
     82D8   B0 1B      BCS &82F5
     82DA   C8         INY
     82DB   C0 07      CPY #&07
     82DD   90 F6      BCC &82D5
.matfn_loop3
     82DF   BD 00 A4   LDA &A400,X
     82E2   C9 20      CMP #&20
     82E4   D0 0E      BNE &82F4
     82E6   60         RTS
.matfn_nomatch
     82E7   C0 07      CPY #&07
     82E9   B0 F4      BCS &82DF
     82EB   20 F6 82   JSR &82F6
     82EE   D0 04      BNE &82F4
     82F0   E8         INX
     82F1   C8         INY
     82F2   D0 D8      BNE &82CC
.matfn_exitC0
     82F4   18         CLC
.matfn_exit
     82F5   60         RTS
.MatchChr
     82F6   CD CE A4   CMP &A4CE
     82F9   F0 10      BEQ &830B
     82FB   CD CD A4   CMP &A4CD
     82FE   F0 0B      BEQ &830B
     8300   20 34 83   JSR &8334
     8303   51 B6      EOR (&B6),Y
     8305   B0 02      BCS &8309
     8307   29 5F      AND #&5F
.matchr_notalpha
     8309   29 7F      AND #&7F
.matchr_exit
     830B   60         RTS
.UcaseA2
     830C   08         PHP
     830D   20 34 83   JSR &8334
     8310   B0 02      BCS &8314
     8312   29 5F      AND #&5F
.ucasea
     8314   29 7F      AND #&7F
     8316   28         PLP
     8317   60         RTS
.DeleteCatEntry_YFileOffset
     8318   20 B5 93   JSR &93B5
.delcatloop
     831B   B9 10 A2   LDA &A210,Y
     831E   99 08 A2   STA &A208,Y
     8321   B9 10 A3   LDA &A310,Y
     8324   99 08 A3   STA &A308,Y
     8327   C8         INY
     8328   CC 05 A3   CPY &A305
     832B   90 EE      BCC &831B
     832D   98         TYA
     832E   E9 08      SBC #&08
     8330   8D 05 A3   STA &A305
.print_infoline_exit
     8333   60         RTS
.IsAlphaChar
     8334   48         PHA
     8335   29 5F      AND #&5F
     8337   C9 41      CMP #&41
     8339   90 04      BCC &833F
     833B   C9 5B      CMP #&5B
     833D   90 01      BCC &8340
.isalpha1
     833F   38         SEC
.isalpha2
     8340   68         PLA
     8341   60         RTS
.prt_InfoMsg_Yoffset
     8342   2C C6 A4   BIT &A4C6
     8345   30 EC      BMI &8333
.prt_InfoLine_Yoffset
     8347   20 F1 83   JSR &83F1
     834A   20 D9 81   JSR &81D9
     834D   98         TYA
     834E   48         PHA
     834F   A9 60      LDA #&60
     8351   85 B0      STA &B0
     8353   A9 A4      LDA #&A4
     8355   85 B1      STA &B1
     8357   20 92 83   JSR &8392
     835A   A0 02      LDY #&02
     835C   20 19 81   JSR &8119
     835F   20 80 83   JSR &8380
     8362   20 80 83   JSR &8380
     8365   20 80 83   JSR &8380
     8368   68         PLA
     8369   A8         TAY
     836A   B9 0E A3   LDA &A30E,Y
     836D   29 03      AND #&03
     836F   20 00 81   JSR &8100
     8372   B9 0F A3   LDA &A30F,Y
     8375   20 F8 80   JSR &80F8
.PrintNewLine
     8378   48         PHA
     8379   A9 0D      LDA #&0D
     837B   20 D9 80   JSR &80D9
     837E   68         PLA
     837F   60         RTS
.PrintHex3Byte
     8380   A2 03      LDX #&03
.printhex3byte_loop
     8382   B9 62 A4   LDA &A462,Y
     8385   20 F8 80   JSR &80F8
     8388   88         DEY
     8389   CA         DEX
     838A   D0 F6      BNE &8382
     838C   20 4A 88   JSR &884A
     838F   4C 19 81   JMP &8119
.ReadFileAttribsToB0_Yoffset
     8392   20 F1 83   JSR &83F1
     8395   98         TYA
     8396   48         PHA
     8397   AA         TAX
     8398   A0 12      LDY #&12
     839A   A9 00      LDA #&00
.readfileattribs_clearloop
     839C   88         DEY
     839D   91 B0      STA (&B0),Y
     839F   C0 02      CPY #&02
     83A1   D0 F9      BNE &839C
.readfileattribs_copyloop
     83A3   20 DD 83   JSR &83DD
     83A6   C8         INY
     83A7   C8         INY
     83A8   C0 0E      CPY #&0E
     83AA   D0 F7      BNE &83A3
     83AC   68         PLA
     83AD   AA         TAX
     83AE   BD 0F A2   LDA &A20F,X
     83B1   10 04      BPL &83B7
     83B3   A9 08      LDA #&08
     83B5   91 B0      STA (&B0),Y
.readfileattribs_notlocked
     83B7   BD 0E A3   LDA &A30E,X
     83BA   A0 04      LDY #&04
     83BC   20 CB 83   JSR &83CB
     83BF   A0 0C      LDY #&0C
     83C1   4A         LSR A
     83C2   4A         LSR A
     83C3   48         PHA
     83C4   29 03      AND #&03
     83C6   91 B0      STA (&B0),Y
     83C8   68         PLA
     83C9   A0 08      LDY #&08
.readfileattribs_addrHiBytes
     83CB   4A         LSR A
     83CC   4A         LSR A
     83CD   48         PHA
     83CE   29 03      AND #&03
     83D0   C9 03      CMP #&03
     83D2   D0 05      BNE &83D9
     83D4   A9 FF      LDA #&FF
     83D6   91 B0      STA (&B0),Y
     83D8   C8         INY
.readfileattribs_nothost
     83D9   91 B0      STA (&B0),Y
.readfileattribs_exits
     83DB   68         PLA
     83DC   60         RTS
.readfileattribs_copy2bytes
     83DD   20 E0 83   JSR &83E0
.readfileattribs_copy1byte
     83E0   BD 08 A3   LDA &A308,X
     83E3   91 B0      STA (&B0),Y
     83E5   E8         INX
     83E6   C8         INY
     83E7   60         RTS
.inc_word_AE_and_load
     83E8   E6 AE      INC &AE
     83EA   D0 02      BNE &83EE
     83EC   E6 AF      INC &AF
.inc_word_AE_exit
     83EE   B1 AE      LDA (&AE),Y
     83F0   60         RTS
.RememberAXY
     83F1   48         PHA
     83F2   8A         TXA
     83F3   48         PHA
     83F4   98         TYA
     83F5   48         PHA
     83F6   A9 84      LDA #&84
     83F8   48         PHA
     83F9   A9 13      LDA #&13
     83FB   48         PHA
.rAXY_loop_init
     83FC   A0 05      LDY #&05
.rAXY_loop
     83FE   BA         TSX
     83FF   BD 07 01   LDA &0107,X
     8402   48         PHA
     8403   88         DEY
     8404   D0 F8      BNE &83FE
     8406   A0 0A      LDY #&0A
.rAXY_loop2
     8408   BD 09 01   LDA &0109,X
     840B   9D 0B 01   STA &010B,X
     840E   CA         DEX
     840F   88         DEY
     8410   D0 F6      BNE &8408
     8412   68         PLA
     8413   68         PLA
.rAXY_restore
     8414   68         PLA
     8415   A8         TAY
     8416   68         PLA
     8417   AA         TAX
     8418   68         PLA
     8419   60         RTS
.RememberXYonly
     841A   48         PHA
     841B   8A         TXA
     841C   48         PHA
     841D   98         TYA
     841E   48         PHA
     841F   20 FC 83   JSR &83FC
.axyret1
     8422   BA         TSX
     8423   9D 03 01   STA &0103,X
     8426   4C 14 84   JMP &8414
.DecNo_BIN2BCD
     8429   F8         SED
     842A   A9 00      LDA #&00
     842C   85 B5      STA &B5
     842E   85 B6      STA &B6
     8430   A2 10      LDX #&10
.loop
     8432   26 B8      ROL &B8
     8434   26 B9      ROL &B9
     8436   08         PHP
     8437   A5 B5      LDA &B5
     8439   65 B5      ADC &B5
     843B   85 B5      STA &B5
     843D   A5 B6      LDA &B6
     843F   65 B6      ADC &B6
     8441   85 B6      STA &B6
     8443   28         PLP
     8444   CA         DEX
     8445   D0 EB      BNE &8432
     8447   26 B8      ROL &B8
     8449   26 B9      ROL &B9
     844B   D8         CLD
     844C   60         RTS
.BinaryToBCD
     844D   20 1A 84   JSR &841A
     8450   A8         TAY
     8451   F0 0A      BEQ &845D
     8453   18         CLC
     8454   F8         SED
     8455   A9 00      LDA #&00
.bbcd_loop
     8457   69 01      ADC #&01
     8459   88         DEY
     845A   D0 FB      BNE &8457
     845C   D8         CLD
.bbcd_exit
     845D   60         RTS
.Param_ReadNum
     845E   98         TYA
     845F   48         PHA
     8460   A9 00      LDA #&00
     8462   85 B0      STA &B0
     8464   85 B1      STA &B1
     8466   20 BE 81   JSR &81BE
     8469   F0 4B      BEQ &84B6
     846B   C9 22      CMP #&22
     846D   F0 47      BEQ &84B6
     846F   20 C5 FF   JSR &FFC5
     8472   B0 42      BCS &84B6
.rnloop
     8474   E9 2F      SBC #&2F
     8476   30 3E      BMI &84B6
     8478   C9 0A      CMP #&0A
     847A   B0 3A      BCS &84B6
     847C   48         PHA
     847D   A5 B0      LDA &B0
     847F   0A         ASL A
     8480   48         PHA
     8481   26 B1      ROL &B1
     8483   A6 B1      LDX &B1
     8485   0A         ASL A
     8486   26 B1      ROL &B1
     8488   0A         ASL A
     8489   26 B1      ROL &B1
     848B   85 B0      STA &B0
     848D   68         PLA
     848E   65 B0      ADC &B0
     8490   85 B0      STA &B0
     8492   8A         TXA
     8493   65 B1      ADC &B1
     8495   AA         TAX
     8496   68         PLA
     8497   65 B0      ADC &B0
     8499   85 B0      STA &B0
     849B   8A         TXA
     849C   69 00      ADC #&00
     849E   85 B1      STA &B1
     84A0   C9 20      CMP #&20
     84A2   B0 12      BCS &84B6
     84A4   20 C5 FF   JSR &FFC5
     84A7   90 CB      BCC &8474
     84A9   A2 B0      LDX #&B0
     84AB   20 AC AD   JSR &ADAC
     84AE   B0 06      BCS &84B6
     84B0   A6 B0      LDX &B0
     84B2   68         PLA
     84B3   A5 B1      LDA &B1
     84B5   60         RTS
.rnnotval
     84B6   68         PLA
     84B7   A8         TAY
     84B8   A9 00      LDA #&00
     84BA   AA         TAX
     84BB   38         SEC
     84BC   60         RTS
.fscv5_starCAT
     84BD   20 B7 81   JSR &81B7
     84C0   20 0A 8C   JSR &8C0A
     84C3   20 C8 AE   JSR &AEC8
     84C6   A0 FF      LDY #&FF
     84C8   84 A8      STY &A8
     84CA   C8         INY
     84CB   84 AA      STY &AA
.cat_titleloop
     84CD   B9 00 A2   LDA &A200,Y
     84D0   C0 08      CPY #&08
     84D2   90 03      BCC &84D7
     84D4   B9 F8 A2   LDA &A2F8,Y
.cat_titlelo
     84D7   20 D9 80   JSR &80D9
     84DA   C8         INY
     84DB   C0 0C      CPY #&0C
     84DD   D0 EE      BNE &84CD
     84DF   20 9A 80   JSR &809A
     84E2   20 28 
     84E4   A6 CD      LDX &CD
     84E6   20 94 B7   JSR &B794
     84E9   20 9A 80   JSR &809A
     84EC   29 
     84ED   0D
     84EE   44 72 69 ...
     84F4   A5 CD      LDA &CD
     84F6   20 00 81   JSR &8100
     84F9   A0 0D      LDY #&0D
     84FB   20 0C 82   JSR &820C
     84FE   20 9A 80   JSR &809A
     8501   4F 70 74 ...
     8508   AD 06 A3   LDA &A306
     850B   20 1D 82   JSR &821D
     850E   48         PHA
     850F   20 97 80   JSR &8097
     8512   20 28 
     8514   A0 03      LDY #&03
     8516   68         PLA
     8517   0A         ASL A
     8518   0A         ASL A
     8519   AA         TAX
.cat_printoptionnameloop
     851A   BD 06 86   LDA &8606,X
     851D   20 D9 80   JSR &80D9
     8520   E8         INX
     8521   88         DEY
     8522   10 F6      BPL &851A
     8524   20 9A 80   JSR &809A
     8527   29 
     8528   0D
     8529   44 69 72 ...
     852F   AD CA A4   LDA &A4CA
     8532   20 D4 80   JSR &80D4
     8535   AD C9 A4   LDA &A4C9
     8538   20 D9 80   JSR &80D9
     853B   A0 0B      LDY #&0B
     853D   20 0C 82   JSR &820C
     8540   20 9A 80   JSR &809A
     8543   4C 69 62 ...
     8549   AD CC A4   LDA &A4CC
     854C   20 D4 80   JSR &80D4
     854F   AD CB A4   LDA &A4CB
     8552   20 D9 80   JSR &80D9
     8555   20 78 83   JSR &8378
     8558   A0 00      LDY #&00
.cat_curdirloop
     855A   CC 05 A3   CPY &A305
     855D   B0 17      BCS &8576
     855F   B9 0F A2   LDA &A20F,Y
     8562   4D C9 A4   EOR &A4C9
     8565   29 5F      AND #&5F
     8567   D0 08      BNE &8571
     8569   B9 0F A2   LDA &A20F,Y
     856C   29 80      AND #&80
     856E   99 0F A2   STA &A20F,Y
.cat_curdirnext
     8571   20 49 88   JSR &8849
     8574   90 E4      BCC &855A
.cat_sortloop1
     8576   A0 00      LDY #&00
     8578   20 88 85   JSR &8588
     857B   90 16      BCC &8593
     857D   A9 FF      LDA #&FF
     857F   8D 82 A4   STA &A482
     8582   4C 78 83   JMP &8378
.cat_getnextunmarkedfile_loop
     8585   20 49 88   JSR &8849
.cat_getnextunmarkedfileY
     8588   CC 05 A3   CPY &A305
     858B   B0 05      BCS &8592
     858D   B9 08 A2   LDA &A208,Y
     8590   30 F3      BMI &8585
.cat_exit
     8592   60         RTS
.cat_printfilename
     8593   84 AB      STY &AB
     8595   A2 00      LDX #&00
.cat_copyfnloop
     8597   B9 08 A2   LDA &A208,Y
     859A   20 0C 83   JSR &830C
     859D   9D 60 A4   STA &A460,X
     85A0   C8         INY
     85A1   E8         INX
     85A2   E0 08      CPX #&08
     85A4   D0 F1      BNE &8597
.cat_comparefnloop1
     85A6   20 88 85   JSR &8588
     85A9   B0 23      BCS &85CE
     85AB   38         SEC
     85AC   A2 06      LDX #&06
.cat_comparefnloop2
     85AE   B9 0E A2   LDA &A20E,Y
     85B1   20 0C 83   JSR &830C
     85B4   FD 60 A4   SBC &A460,X
     85B7   88         DEY
     85B8   CA         DEX
     85B9   10 F3      BPL &85AE
     85BB   20 4A 88   JSR &884A
     85BE   B9 0F A2   LDA &A20F,Y
     85C1   20 0C 83   JSR &830C
     85C4   ED 67 A4   SBC &A467
     85C7   90 CA      BCC &8593
     85C9   20 49 88   JSR &8849
     85CC   B0 D8      BCS &85A6
.cat_printfn
     85CE   A4 AB      LDY &AB
     85D0   B9 08 A2   LDA &A208,Y
     85D3   09 80      ORA #&80
     85D5   99 08 A2   STA &A208,Y
     85D8   AD 67 A4   LDA &A467
     85DB   C5 AA      CMP &AA
     85DD   F0 10      BEQ &85EF
     85DF   A6 AA      LDX &AA
     85E1   85 AA      STA &AA
     85E3   D0 0A      BNE &85EF
     85E5   20 78 83   JSR &8378
.cat_newline
     85E8   20 78 83   JSR &8378
     85EB   A0 FF      LDY #&FF
     85ED   D0 09      BNE &85F8
.cat_samedir
     85EF   A4 A8      LDY &A8
     85F1   D0 F5      BNE &85E8
     85F3   A0 05      LDY #&05
     85F5   20 0C 82   JSR &820C
.cat_skipspaces
     85F8   C8         INY
     85F9   84 A8      STY &A8
     85FB   A4 AB      LDY &AB
     85FD   20 16 81   JSR &8116
     8600   20 D9 81   JSR &81D9
     8603   4C 76 85   JMP &8576
.diskoptions_table
     8606   6F 66 66 
     8609   00
     860A   4C 4F 41 ...
     860E   52 55 4E 
     8611   00
     8612   45 58 45 ...
.cmdtable1
     8616   FF
     8617   41 43 43 ...
     861D   B2
     861E   42 41 43 ...
     8624   8C
     8625   43 4C 4F ...
     862A   80
     862B   43 4F 4D ...
     8632   85
     8633   43 4F 50 ...
     8637   AC
     8638   44 45 4C ...
     863E   88
     863F   44 45 53 ...
     8646   82
     8647   44 49 52 
     864A   86
     864B   44 52 49 ...
     8650   81
     8651   45 4E 41 ...
     8657   80
     8658   45 58 
     865A   86
     865B   46 4F 52 ...
     865F   DF
     8660   46 52 45 ...
     8664   84
.info_cmd_index
     8665   49 4E 46 ...
     8669   82
     866A   4C 49 42 
     866D   86
     866E   4D 41 50 
     8671   84
     8672   52 45 4E ...
     8678   8D
     8679   54 49 54 ...
     867E   8A
     867F   56 45 52 ...
     8685   85
     8686   57 49 50 ...
     868A   82
     868B   00         BRK
.cmdtable2
     868C   14
     868D   42 55 49 ...
     8692   88
     8693   44 55 4D ...
     8697   88
     8698   4C 49 53 ...
     869C   88
     869D   52 4F 4D ...
     86A1   8B
     86A2   54 59 50 ...
     86A6   88
     86A7   00         BRK
.cmdtable22
     86A8   1A
     86A9   44 49 53 ...
     86AD   80
     86AE   44 49 53 ...
     86B2   80
     86B3   4D 4D 46 ...
     86B7   80
     86B8   43 41 52 ...
     86BC   80
     86BD   00         BRK
.cmdtable3
     86BE   1F
     86BF   44 55 54 ...
     86C5   80
     86C6   4D 4D 46 ...
     86CA   80
     86CB   55 54 49 ...
     86D0   80
     86D1   00         BRK
.cmdtable4
     86D2   23
     86D3   42 41 53 ...
     86D7   8B
     86D8   42 4F 4F ...
     86DC   87
     86DD   43 41 54 
     86E0   8E
     86E1   44 52 49 ...
     86E6   84
     86E7   46 52 45 ...
     86EB   80
     86EC   49 4E 
     86EE   F4
     86EF   4F 4E 42 ...
     86F5   F4
     86F6   4F 50 
     86F8   C9
     86F9   4F 55 54 
     86FC   84
     86FD   52 45 43 ...
     8702   80
     8703   41 42 4F ...
     8708   80
     8709   00         BRK
.cmdaddr1
     870A   0A 8A
     870C   08 9D
     870E   71 94
     8710   A9 9B
     8712   70 9D
     8714   FD 87
     8716   0C 88
     8718   8D 89
     871A   5C 88
     871C   C5 8B
     871E   4B 82
     8720   74 1E
     8722   CB 9F
     8724   6E 82
     8726   91 89
     8728   CE 9F
     872A   A6 8C
     872C   D8 89
     872E   70 1E
     8730   D4 87
     8732   69 87
.cmdaddr2
     8734   0D BD
     8736   66 BC
     8738   D5 BC
     873A   43 BB
     873C   D1 BC
     873E   C7 82
.cmdaddr22
     8740   66 8D
     8742   66 8D
     8744   73 8D
     8746   73 8D
     8748   CE 8E
.cmdaddr3
     874A   60 9A
     874C   21 9A
     874E   67 9A
     8750   6E 9A
.cmdaddr4
     8752   E5 37
     8754   3D 38
     8756   61 38
     8758   54 39
     875A   F3 38
     875C   4F 38
     875E   3F 39
     8760   4A 3A
     8762   55 38
     8764   6C 36
     8766   D3 B7
     8768   CA 88
.cmdaddrX
.NotCmdTable1
     876A   A2 BC      LDX #&BC
     876C   20 BE 81   JSR &81BE
     876F   B1 F2      LDA (&F2),Y
     8771   C8         INY
     8772   09 20      ORA #&20
     8774   C9 64      CMP #&64
     8776   F0 09      BEQ &8781
     8778   88         DEY
     8779   4C CB 88   JMP &88CB
.fscv3_unreccommand
     877C   20 B7 81   JSR &81B7
     877F   A2 00      LDX #&00
.UnrecCommandTextPointer
     8781   BD 16 86   LDA &8616,X
     8784   85 BE      STA &BE
     8786   98         TYA
     8787   48         PHA
.unrecloop1
     8788   E6 BE      INC &BE
     878A   68         PLA
     878B   48         PHA
     878C   A8         TAY
     878D   20 BE 81   JSR &81BE
     8790   E8         INX
     8791   BD 16 86   LDA &8616,X
     8794   F0 28      BEQ &87BE
     8796   CA         DEX
     8797   88         DEY
     8798   86 BF      STX &BF
.unrecloop2
     879A   E8         INX
     879B   C8         INY
     879C   BD 16 86   LDA &8616,X
     879F   30 16      BMI &87B7
.unrecloop2in
     87A1   51 F2      EOR (&F2),Y
     87A3   29 5F      AND #&5F
     87A5   F0 F3      BEQ &879A
     87A7   CA         DEX
.unrecloop3
     87A8   E8         INX
     87A9   BD 16 86   LDA &8616,X
     87AC   10 FA      BPL &87A8
     87AE   B1 F2      LDA (&F2),Y
     87B0   C9 2E      CMP #&2E
     87B2   D0 D4      BNE &8788
     87B4   C8         INY
     87B5   B0 07      BCS &87BE
.endofcmd_oncmdline
     87B7   B1 F2      LDA (&F2),Y
     87B9   20 34 83   JSR &8334
     87BC   90 CA      BCC &8788
.gocmdcode
     87BE   68         PLA
     87BF   A5 BE      LDA &BE
     87C1   0A         ASL A
     87C2   AA         TAX
     87C3   BD 0B 87   LDA &870B,X
     87C6   10 06      BPL &87CE
.gocmdcode2
     87C8   48         PHA
     87C9   BD 0A 87   LDA &870A,X
     87CC   48         PHA
     87CD   60         RTS
.dommcinit
     87CE   20 BB B5   JSR &B5BB
     87D1   09 80      ORA #&80
     87D3   D0 F3      BNE &87C8
.CMD_WIPE
     87D5   20 28 82   JSR &8228
.wipeloop
     87D8   B9 0F A2   LDA &A20F,Y
     87DB   30 1B      BMI &87F8
     87DD   20 D9 81   JSR &81D9
     87E0   20 C7 9C   JSR &9CC7
     87E3   D0 13      BNE &87F8
     87E5   A6 B6      LDX &B6
     87E7   20 AA 94   JSR &94AA
     87EA   86 B6      STX &B6
     87EC   20 52 88   JSR &8852
     87EF   84 AB      STY &AB
     87F1   20 D6 AE   JSR &AED6
     87F4   A5 AB      LDA &AB
     87F6   85 B6      STA &B6
.wipenext
     87F8   20 82 82   JSR &8282
     87FB   B0 DB      BCS &87D8
     87FD   60         RTS
.CMD_DELETE
     87FE   20 F7 92   JSR &92F7
     8801   20 2B 82   JSR &822B
     8804   20 42 83   JSR &8342
     8807   20 18 83   JSR &8318
     880A   4C D6 AE   JMP &AED6
.CMD_DESTROY
     880D   20 78 9C   JSR &9C78
     8810   20 28 82   JSR &8228
.destroyloop1
     8813   B9 0F A2   LDA &A20F,Y
     8816   30 06      BMI &881E
     8818   20 D9 81   JSR &81D9
     881B   20 78 83   JSR &8378
.destroylocked1
     881E   20 82 82   JSR &8282
     8821   B0 F0      BCS &8813
     8823   20 CF 9C   JSR &9CCF
     8826   D0 29      BNE &8851
     8828   20 AA 94   JSR &94AA
     882B   20 7B 82   JSR &827B
.destroyloop2
     882E   B9 0F A2   LDA &A20F,Y
     8831   30 03      BMI &8836
     8833   20 52 88   JSR &8852
.destroylocked2
     8836   20 82 82   JSR &8282
     8839   B0 F3      BCS &882E
     883B   20 D6 AE   JSR &AED6
.msgDELETED
     883E   20 9A 80   JSR &809A
     8841   44 65 6C ...
     8848   0D
.Y_add8
     8849   C8         INY
.Y_add7
     884A   C8         INY
     884B   C8         INY
     884C   C8         INY
     884D   C8         INY
     884E   C8         INY
     884F   C8         INY
     8850   C8         INY
.Y_rts
     8851   60         RTS
.DeleteCatEntry_AdjustPtr
     8852   20 18 83   JSR &8318
     8855   A4 B6      LDY &B6
     8857   20 C0 82   JSR &82C0
     885A   84 B6      STY &B6
     885C   60         RTS
.CMD_DRIVE
     885D   20 0F 8C   JSR &8C0F
     8860   8D CA A4   STA &A4CA
     8863   60         RTS
.osfileFF_loadfiletoaddr
     8864   20 33 82   JSR &8233
     8867   20 D7 93   JSR &93D7
     886A   20 92 83   JSR &8392
.LoadFile_Ycatoffset
     886D   84 BA      STY &BA
     886F   A2 00      LDX #&00
     8871   A5 BE      LDA &BE
     8873   D0 06      BNE &887B
     8875   C8         INY
     8876   C8         INY
     8877   A2 02      LDX #&02
     8879   D0 08      BNE &8883
.loadAtLoadAddr
     887B   B9 0E A3   LDA &A30E,Y
     887E   85 C2      STA &C2
     8880   20 CC 8B   JSR &8BCC
.load_copyfileinfo_loop
     8883   B9 08 A3   LDA &A308,Y
     8886   95 BC      STA &BC,X
     8888   C8         INY
     8889   E8         INX
     888A   E0 08      CPX #&08
     888C   D0 F5      BNE &8883
     888E   20 E6 8B   JSR &8BE6
     8891   A4 BA      LDY &BA
     8893   20 42 83   JSR &8342
.LoadMemBlockEX
     8896   20 29 AE   JSR &AE29
     8899   20 81 AE   JSR &AE81
     889C   4C A2 88   JMP &88A2
.LoadMemBlock
     889F   20 29 AE   JSR &AE29
.readblock
     88A2   20 28 B4   JSR &B428
.rwblkexit
     88A5   AD 9E A4   LDA &A49E
     88A8   F0 03      BEQ &88AD
     88AA   20 13 8D   JSR &8D13
.rwblknottube
     88AD   20 46 B6   JSR &B646
     88B0   A9 01      LDA #&01
     88B2   60         RTS
.osfile0_savememblock
     88B3   20 B1 8A   JSR &8AB1
     88B6   20 D7 93   JSR &93D7
     88B9   20 92 83   JSR &8392
.SaveMemBlock
     88BC   20 29 AE   JSR &AE29
     88BF   20 4F AD   JSR &AD4F
     88C2   20 D1 B4   JSR &B4D1
     88C5   4C A5 88   JMP &88A5
.fscv2_4_11_starRUN
     88C8   20 B7 81   JSR &81B7
.NotCmdTable4
.SetWordBA_txtptr
     88CB   A9 FF      LDA #&FF
     88CD   85 BE      STA &BE
     88CF   A5 F2      LDA &F2
     88D1   85 BA      STA &BA
     88D3   A5 F3      LDA &F3
     88D5   85 BB      STA &BB
     88D7   8C DA A4   STY &A4DA
     88DA   20 4D 81   JSR &814D
     88DD   8C D9 A4   STY &A4D9
     88E0   20 7B 82   JSR &827B
     88E3   B0 21      BCS &8906
     88E5   AC DA A4   LDY &A4DA
     88E8   AD CB A4   LDA &A4CB
     88EB   85 CC      STA &CC
     88ED   AD CC A4   LDA &A4CC
     88F0   85 CD      STA &CD
     88F2   20 50 81   JSR &8150
     88F5   20 7B 82   JSR &827B
     88F8   B0 0C      BCS &8906
.errBADCOMMAND
     88FA   20 53 80   JSR &8053
     88FD   FE
     88FE   63 6F 6D ...
     8905   00
.runfile_found
     8906   B9 0E A3   LDA &A30E,Y
     8909   20 13 82   JSR &8213
     890C   C9 03      CMP #&03
     890E   D0 42      BNE &8952
     8910   B9 0A A3   LDA &A30A,Y
     8913   39 0B A3   AND &A30B,Y
     8916   C9 FF      CMP #&FF
     8918   D0 38      BNE &8952
     891A   A2 06      LDX #&06
.runfile_exec_loop
     891C   BD 00 A4   LDA &A400,X
     891F   9D 07 A4   STA &A407,X
     8922   CA         DEX
     8923   10 F7      BPL &891C
     8925   A9 0D      LDA #&0D
     8927   8D 0E A4   STA &A40E
     892A   A9 45      LDA #&45
     892C   8D 00 A4   STA &A400
     892F   A9 3A      LDA #&3A
     8931   8D 02 A4   STA &A402
     8934   A5 CD      LDA &CD
     8936   09 30      ORA #&30
     8938   8D 03 A4   STA &A403
     893B   A9 2E      LDA #&2E
     893D   8D 01 A4   STA &A401
     8940   8D 04 A4   STA &A404
     8943   8D 06 A4   STA &A406
     8946   A5 CC      LDA &CC
     8948   8D 05 A4   STA &A405
     894B   A2 00      LDX #&00
     894D   A0 A4      LDY #&A4
     894F   4C F7 FF   JMP &FFF7
.runfile_run
     8952   20 6D 88   JSR &886D
     8955   18         CLC
     8956   AD D9 A4   LDA &A4D9
     8959   A8         TAY
     895A   65 F2      ADC &F2
     895C   8D D9 A4   STA &A4D9
     895F   A5 F3      LDA &F3
     8961   69 00      ADC #&00
     8963   8D DA A4   STA &A4DA
     8966   AD 76 A4   LDA &A476
     8969   2D 77 A4   AND &A477
     896C   0D D6 A4   ORA &A4D6
     896F   C9 FF      CMP #&FF
     8971   F0 16      BEQ &8989
     8973   A5 BE      LDA &BE
     8975   8D 74 A4   STA &A474
     8978   A5 BF      LDA &BF
     897A   8D 75 A4   STA &A475
     897D   20 04 8D   JSR &8D04
     8980   A2 74      LDX #&74
     8982   A0 A4      LDY #&A4
     8984   A9 04      LDA #&04
     8986   4C 06 04   JMP &0406
.runfile_inhost
     8989   A9 01      LDA #&01
     898B   6C BE 00   JMP (&00BE)
.CMD_DIR
     898E   A2 00      LDX #&00
     8990   F0 02      BEQ &8994
.CMD_LIB
     8992   A2 02      LDX #&02
.setdirlib
     8994   20 A0 89   JSR &89A0
     8997   9D CA A4   STA &A4CA,X
     899A   A5 CC      LDA &CC
     899C   9D C9 A4   STA &A4C9,X
     899F   60         RTS
.ReadDirDrvParameters
     89A0   AD C9 A4   LDA &A4C9
     89A3   85 CC      STA &CC
     89A5   20 BE 81   JSR &81BE
     89A8   D0 05      BNE &89AF
     89AA   A9 00      LDA #&00
     89AC   85 CD      STA &CD
     89AE   60         RTS
.ReadDirDrvParameters2
     89AF   20 02 8C   JSR &8C02
.rdd_loop
     89B2   20 A3 81   JSR &81A3
     89B5   B0 10      BCS &89C7
     89B7   C9 3A      CMP #&3A
     89B9   D0 14      BNE &89CF
     89BB   20 12 8C   JSR &8C12
     89BE   20 A3 81   JSR &81A3
     89C1   B0 13      BCS &89D6
     89C3   C9 2E      CMP #&2E
     89C5   F0 EB      BEQ &89B2
.errBADDIRECTORY
     89C7   20 53 80   JSR &8053
     89CA   CE
     89CB   64 69 72 
     89CE   00
.rdd_exit2
     89CF   85 CC      STA &CC
     89D1   20 A3 81   JSR &81A3
     89D4   90 F1      BCC &89C7
.rdd_exit1
     89D6   A5 CD      LDA &CD
     89D8   60         RTS
.CMD_TITLE
     89D9   20 7B 9A   JSR &9A7B
     89DC   20 C2 AE   JSR &AEC2
     89DF   A2 0B      LDX #&0B
     89E1   A9 00      LDA #&00
.cmdtit_loop1
     89E3   20 FC 89   JSR &89FC
     89E6   CA         DEX
     89E7   10 FA      BPL &89E3
.cmdtit_loop2
     89E9   E8         INX
     89EA   20 A3 81   JSR &81A3
     89ED   B0 07      BCS &89F6
     89EF   20 FC 89   JSR &89FC
     89F2   E0 0B      CPX #&0B
     89F4   90 F3      BCC &89E9
.cmdtit_savecat
     89F6   20 D6 AE   JSR &AED6
     89F9   4C 61 9D   JMP &9D61
.SetDiskTitleChr_Xpos
     89FC   9D 00 A4   STA &A400,X
     89FF   E0 08      CPX #&08
     8A01   90 04      BCC &8A07
     8A03   9D F8 A2   STA &A2F8,X
     8A06   60         RTS
.setdisttit_page
     8A07   9D 00 A2   STA &A200,X
     8A0A   60         RTS
.CMD_ACCESS
     8A0B   20 00 93   JSR &9300
     8A0E   20 7B 9A   JSR &9A7B
     8A11   20 47 81   JSR &8147
     8A14   A2 00      LDX #&00
     8A16   20 BE 81   JSR &81BE
     8A19   D0 1F      BNE &8A3A
.cmdac_flag
     8A1B   86 AA      STX &AA
     8A1D   20 36 82   JSR &8236
.cmdac_filefound
     8A20   20 B8 93   JSR &93B8
     8A23   B9 0F A2   LDA &A20F,Y
     8A26   29 7F      AND #&7F
     8A28   05 AA      ORA &AA
     8A2A   99 0F A2   STA &A20F,Y
     8A2D   20 42 83   JSR &8342
     8A30   20 82 82   JSR &8282
     8A33   B0 EB      BCS &8A20
.jmp_savecattodisk
     8A35   4C D6 AE   JMP &AED6
.cmdac_paramloop
     8A38   A2 80      LDX #&80
.cmdac_getparam
     8A3A   20 A3 81   JSR &81A3
     8A3D   B0 DC      BCS &8A1B
     8A3F   29 5F      AND #&5F
     8A41   C9 4C      CMP #&4C
     8A43   F0 F3      BEQ &8A38
.errBADATTRIBUTE
     8A45   20 53 80   JSR &8053
     8A48   CF
     8A49   61 74 74 ...
     8A52   00
.fscv0_starOPT
     8A53   20 F1 83   JSR &83F1
     8A56   8A         TXA
     8A57   C9 04      CMP #&04
     8A59   F0 1E      BEQ &8A79
     8A5B   C9 05      CMP #&05
     8A5D   F0 34      BEQ &8A93
     8A5F   C9 02      CMP #&02
     8A61   90 0B      BCC &8A6E
.errBADOPTION
     8A63   20 53 80   JSR &8053
     8A66   CB
     8A67   6F 70 74 ...
     8A6D   00
.opts0_1
     8A6E   A2 FF      LDX #&FF
     8A70   98         TYA
     8A71   F0 02      BEQ &8A75
     8A73   A2 00      LDX #&00
.opts0_1_Y0
     8A75   8E C6 A4   STX &A4C6
     8A78   60         RTS
.SetBootOption_Yoption
     8A79   98         TYA
     8A7A   48         PHA
     8A7B   20 FD 8B   JSR &8BFD
     8A7E   20 C8 AE   JSR &AEC8
     8A81   68         PLA
     8A82   20 23 82   JSR &8223
     8A85   4D 06 A3   EOR &A306
     8A88   29 30      AND #&30
     8A8A   4D 06 A3   EOR &A306
     8A8D   8D 06 A3   STA &A306
     8A90   4C D6 AE   JMP &AED6
.DiskTrapOption
     8A93   98         TYA
     8A94   08         PHP
     8A95   A5 F4      LDA &F4
     8A97   29 7F      AND #&7F
     8A99   AA         TAX
     8A9A   BD F0 0D   LDA &0DF0,X
     8A9D   29 BF      AND #&BF
     8A9F   28         PLP
     8AA0   F0 02      BEQ &8AA4
     8AA2   09 40      ORA #&40
.skip
     8AA4   9D F0 0D   STA &0DF0,X
     8AA7   60         RTS
.errDISKFULL
     8AA8   20 48 80   JSR &8048
     8AAB   C6
     8AAC   66 75 6C ...
     8AB0   00
.CreateFile_FSP
     8AB1   20 4D 81   JSR &814D
     8AB4   20 7B 82   JSR &827B
     8AB7   90 03      BCC &8ABC
     8AB9   20 18 83   JSR &8318
.createfile_nodel
     8ABC   A5 C0      LDA &C0
     8ABE   48         PHA
     8ABF   A5 C1      LDA &C1
     8AC1   48         PHA
     8AC2   38         SEC
     8AC3   A5 C2      LDA &C2
     8AC5   E5 C0      SBC &C0
     8AC7   85 C0      STA &C0
     8AC9   A5 C3      LDA &C3
     8ACB   E5 C1      SBC &C1
     8ACD   85 C1      STA &C1
     8ACF   AD 7A A4   LDA &A47A
     8AD2   ED 78 A4   SBC &A478
     8AD5   20 06 8B   JSR &8B06
     8AD8   AD 79 A4   LDA &A479
     8ADB   8D 75 A4   STA &A475
     8ADE   AD 78 A4   LDA &A478
     8AE1   8D 74 A4   STA &A474
     8AE4   68         PLA
     8AE5   85 BD      STA &BD
     8AE7   68         PLA
     8AE8   85 BC      STA &BC
     8AEA   60         RTS
.CreateFile_3
     8AEB   85 CD      STA &CD
     8AED   A5 CC      LDA &CC
     8AEF   48         PHA
     8AF0   20 C5 AE   JSR &AEC5
     8AF3   20 86 82   JSR &8286
     8AF6   90 03      BCC &8AFB
     8AF8   20 18 83   JSR &8318
.cd_writedest_cat_nodel
     8AFB   68         PLA
     8AFC   85 CC      STA &CC
     8AFE   20 E3 8B   JSR &8BE3
     8B01   A5 C2      LDA &C2
     8B03   20 15 82   JSR &8215
.CreateFile_2
     8B06   85 C4      STA &C4
     8B08   A9 00      LDA #&00
     8B0A   85 C2      STA &C2
     8B0C   A9 02      LDA #&02
     8B0E   85 C3      STA &C3
     8B10   AC 05 A3   LDY &A305
     8B13   C0 F8      CPY #&F8
     8B15   90 31      BCC &8B48
.errCATALOGUEFULL
     8B17   20 5D 80   JSR &805D
     8B1A   BE
     8B1B   43 61 74 ...
     8B23   00
.cfile_loop
     8B24   F0 82      BEQ &8AA8
     8B26   20 C0 82   JSR &82C0
     8B29   B9 0E A3   LDA &A30E,Y
     8B2C   20 15 82   JSR &8215
     8B2F   85 C2      STA &C2
     8B31   18         CLC
     8B32   A9 FF      LDA #&FF
     8B34   79 0C A3   ADC &A30C,Y
     8B37   B9 0F A3   LDA &A30F,Y
     8B3A   79 0D A3   ADC &A30D,Y
     8B3D   85 C3      STA &C3
     8B3F   B9 0E A3   LDA &A30E,Y
     8B42   29 03      AND #&03
     8B44   65 C2      ADC &C2
     8B46   85 C2      STA &C2
.Getfirstblock_Yoffset
     8B48   38         SEC
     8B49   B9 07 A3   LDA &A307,Y
     8B4C   E5 C3      SBC &C3
     8B4E   48         PHA
     8B4F   B9 06 A3   LDA &A306,Y
     8B52   29 03      AND #&03
     8B54   E5 C2      SBC &C2
     8B56   AA         TAX
     8B57   A9 00      LDA #&00
     8B59   C5 C0      CMP &C0
     8B5B   68         PLA
     8B5C   E5 C1      SBC &C1
     8B5E   8A         TXA
     8B5F   E5 C4      SBC &C4
     8B61   98         TYA
     8B62   90 C0      BCC &8B24
     8B64   84 B0      STY &B0
     8B66   AC 05 A3   LDY &A305
.cfile_insertfileloop
     8B69   C4 B0      CPY &B0
     8B6B   F0 0F      BEQ &8B7C
     8B6D   B9 07 A2   LDA &A207,Y
     8B70   99 0F A2   STA &A20F,Y
     8B73   B9 07 A3   LDA &A307,Y
     8B76   99 0F A3   STA &A30F,Y
     8B79   88         DEY
     8B7A   B0 ED      BCS &8B69
.cfile_atcatentry
     8B7C   AD 76 A4   LDA &A476
     8B7F   29 03      AND #&03
     8B81   0A         ASL A
     8B82   0A         ASL A
     8B83   45 C4      EOR &C4
     8B85   29 FC      AND #&FC
     8B87   45 C4      EOR &C4
     8B89   0A         ASL A
     8B8A   0A         ASL A
     8B8B   4D 74 A4   EOR &A474
     8B8E   29 FC      AND #&FC
     8B90   4D 74 A4   EOR &A474
     8B93   0A         ASL A
     8B94   0A         ASL A
     8B95   45 C2      EOR &C2
     8B97   29 FC      AND #&FC
     8B99   45 C2      EOR &C2
     8B9B   85 C2      STA &C2
     8B9D   A2 00      LDX #&00
     8B9F   98         TYA
     8BA0   48         PHA
.cfile_copyfnloop
     8BA1   B5 C5      LDA &C5,X
     8BA3   99 08 A2   STA &A208,Y
     8BA6   B5 BC      LDA &BC,X
     8BA8   99 08 A3   STA &A308,Y
     8BAB   C8         INY
     8BAC   E8         INX
     8BAD   E0 08      CPX #&08
     8BAF   D0 F0      BNE &8BA1
     8BB1   68         PLA
     8BB2   A8         TAY
     8BB3   48         PHA
     8BB4   20 42 83   JSR &8342
     8BB7   AC 05 A3   LDY &A305
     8BBA   20 49 88   JSR &8849
     8BBD   8C 05 A3   STY &A305
     8BC0   20 D6 AE   JSR &AED6
     8BC3   68         PLA
     8BC4   A8         TAY
     8BC5   60         RTS
.CMD_ENABLE
     8BC6   A9 01      LDA #&01
     8BC8   8D C7 A4   STA &A4C7
     8BCB   60         RTS
.LoadAddrHi2
     8BCC   A9 00      LDA #&00
     8BCE   8D 75 A4   STA &A475
     8BD1   A5 C2      LDA &C2
     8BD3   29 08      AND #&08
     8BD5   8D 74 A4   STA &A474
     8BD8   F0 08      BEQ &8BE2
.SetLoadAddrToHost
     8BDA   A9 FF      LDA #&FF
     8BDC   8D 75 A4   STA &A475
     8BDF   8D 74 A4   STA &A474
.ldadd_nothost
     8BE2   60         RTS
.LoadandEexeAddrHi2
     8BE3   20 CC 8B   JSR &8BCC
.ExecAddrHi2
     8BE6   A9 00      LDA #&00
     8BE8   8D 77 A4   STA &A477
     8BEB   A5 C2      LDA &C2
     8BED   20 13 82   JSR &8213
     8BF0   C9 03      CMP #&03
     8BF2   D0 05      BNE &8BF9
     8BF4   A9 FF      LDA #&FF
     8BF6   8D 77 A4   STA &A477
.exadd_nothost
     8BF9   8D 76 A4   STA &A476
     8BFC   60         RTS
.Set_CurDirDrv_ToDefaults
     8BFD   AD C9 A4   LDA &A4C9
     8C00   85 CC      STA &CC
.Set_CurDrv_ToDefault
     8C02   AD CA A4   LDA &A4CA
.SetCurrentDrive_Adrive
     8C05   29 03      AND #&03
.SetCurrentDrive_Adrive_noand
     8C07   85 CD      STA &CD
     8C09   60         RTS
.Param_OptionalDriveNo
     8C0A   20 BE 81   JSR &81BE
     8C0D   F0 F3      BEQ &8C02
.Param_DriveNo_Syntax
     8C0F   20 7B 9A   JSR &9A7B
.Param_DriveNo_BadDrive
     8C12   20 A3 81   JSR &81A3
     8C15   B0 0B      BCS &8C22
     8C17   C9 3A      CMP #&3A
     8C19   F0 F7      BEQ &8C12
     8C1B   38         SEC
     8C1C   E9 30      SBC #&30
     8C1E   C9 04      CMP #&04
     8C20   90 E5      BCC &8C07
.errBADDRIVE
     8C22   20 53 80   JSR &8053
     8C25   CD
     8C26   64 72 69 ...
     8C2B   00
.jmpSYNTAX
     8C2C   4C 87 9A   JMP &9A87
.errDISKNOTFOUND
     8C2F   20 48 80   JSR &8048
     8C32   D6
     8C33   6E 6F 74 ...
     8C3C   00
.Param_DriveAndDisk
     8C3D   20 7B 9A   JSR &9A7B
     8C40   C9 22      CMP #&22
     8C42   D0 01      BNE &8C45
     8C44   88         DEY
.param_nq1
     8C45   84 B4      STY &B4
     8C47   20 A3 81   JSR &81A3
     8C4A   C9 3A      CMP #&3A
     8C4C   D0 05      BNE &8C53
     8C4E   20 12 8C   JSR &8C12
     8C51   90 20      BCC &8C73
.param_dad
     8C53   A4 B4      LDY &B4
     8C55   20 02 8C   JSR &8C02
     8C58   20 5E 84   JSR &845E
     8C5B   B0 29      BCS &8C86
     8C5D   20 BE 81   JSR &81BE
     8C60   F0 1B      BEQ &8C7D
     8C62   C9 22      CMP #&22
     8C64   D0 01      BNE &8C67
     8C66   88         DEY
.param_nq2
     8C67   A5 B1      LDA &B1
     8C69   D0 B7      BNE &8C22
     8C6B   A5 B0      LDA &B0
     8C6D   C9 04      CMP #&04
     8C6F   B0 B1      BCS &8C22
     8C71   85 CD      STA &CD
.Param_Disk
     8C73   20 5E 84   JSR &845E
     8C76   B0 0E      BCS &8C86
     8C78   20 BE 81   JSR &81BE
     8C7B   D0 AF      BNE &8C2C
.gdnodrv
     8C7D   A5 B1      LDA &B1
     8C7F   85 B9      STA &B9
     8C81   A5 B0      LDA &B0
     8C83   85 B8      STA &B8
.gddfound
     8C85   60         RTS
.gddfind
     8C86   20 C0 B6   JSR &B6C0
     8C89   A2 00      LDX #&00
     8C8B   20 1A B0   JSR &B01A
     8C8E   AD 0D A4   LDA &A40D
     8C91   F0 99      BEQ &8C2C
     8C93   AD 0E A4   LDA &A40E
     8C96   D0 94      BNE &8C2C
.gddlp
     8C98   A5 B9      LDA &B9
     8C9A   30 93      BMI &8C2F
     8C9C   20 0F B7   JSR &B70F
     8C9F   90 E4      BCC &8C85
     8CA1   20 57 B0   JSR &B057
     8CA4   4C 98 8C   JMP &8C98
.CMD_RENAME
     8CA7   20 F7 92   JSR &92F7
     8CAA   20 7B 9A   JSR &9A7B
     8CAD   20 47 81   JSR &8147
     8CB0   98         TYA
     8CB1   48         PHA
     8CB2   20 36 82   JSR &8236
     8CB5   20 B5 93   JSR &93B5
     8CB8   84 C4      STY &C4
     8CBA   68         PLA
     8CBB   A8         TAY
     8CBC   20 7B 9A   JSR &9A7B
     8CBF   A5 CD      LDA &CD
     8CC1   48         PHA
     8CC2   20 47 81   JSR &8147
     8CC5   68         PLA
     8CC6   C5 CD      CMP &CD
     8CC8   D0 14      BNE &8CDE
     8CCA   20 7B 82   JSR &827B
     8CCD   90 12      BCC &8CE1
     8CCF   C4 C4      CPY &C4
     8CD1   F0 0E      BEQ &8CE1
.errFILEEXISTS
     8CD3   20 5D 80   JSR &805D
     8CD6   C4
     8CD7   45 78 69 ...
     8CDD   00
.jmpBADDRIVE
     8CDE   4C 22 8C   JMP &8C22
.rname_ok
     8CE1   A4 C4      LDY &C4
     8CE3   20 49 88   JSR &8849
     8CE6   A2 07      LDX #&07
.rname_loop
     8CE8   B5 C5      LDA &C5,X
     8CEA   99 07 A2   STA &A207,Y
     8CED   88         DEY
     8CEE   CA         DEX
     8CEF   10 F7      BPL &8CE8
     8CF1   4C D6 AE   JMP &AED6
.TUBE_CheckIfPresent
     8CF4   A9 EA      LDA #&EA
     8CF6   A2 00      LDX #&00
     8CF8   A0 FF      LDY #&FF
     8CFA   20 F4 FF   JSR &FFF4
     8CFD   8A         TXA
     8CFE   49 FF      EOR #&FF
     8D00   8D D6 A4   STA &A4D6
     8D03   60         RTS
.TUBE_CLAIM
     8D04   48         PHA
.tclaim_loop
     8D05   A9 CA      LDA #&CA
     8D07   20 06 04   JSR &0406
     8D0A   90 F9      BCC &8D05
     8D0C   68         PLA
     8D0D   60         RTS
.TUBE_RELEASE
     8D0E   20 F4 8C   JSR &8CF4
     8D11   30 07      BMI &8D1A
.TUBE_RELEASE_NoCheck
     8D13   48         PHA
     8D14   A9 8A      LDA #&8A
     8D16   20 06 04   JSR &0406
     8D19   68         PLA
.trelease_exit
     8D1A   60         RTS
.CheckESCAPE
     8D1B   24 FF      BIT &FF
     8D1D   10 1F      BPL &8D3E
.ReportESCAPE
     8D1F   A9 7E      LDA #&7E
     8D21   20 F4 FF   JSR &FFF4
     8D24   20 6D 80   JSR &806D
     8D27   11
     8D28   45 73 63 ...
     8D2E   00
.PrintHex100
     8D2F   48         PHA
     8D30   20 1D 82   JSR &821D
     8D33   20 37 8D   JSR &8D37
     8D36   68         PLA
.PrintNib100
     8D37   20 22 81   JSR &8122
     8D3A   99 00 01   STA &0100,Y
     8D3D   C8         INY
.noesc
     8D3E   60         RTS
.BootOptions
     8D3F   4C 2E 21 ...
     8D46   0D
     8D47   45 2E 21 ...
     8D4E   0D
.AUTOBOOT
     8D4F   A2 00      LDX #&00
.bootprloop
     8D51   BD 09 80   LDA &8009,X
     8D54   F0 06      BEQ &8D5C
     8D56   20 EE FF   JSR &FFEE
     8D59   E8         INX
     8D5A   D0 F5      BNE &8D51
.bootprexit
     8D5C   20 E7 FF   JSR &FFE7
     8D5F   20 E7 FF   JSR &FFE7
     8D62   A5 B3      LDA &B3
     8D64   4C 76 8D   JMP &8D76
.CMD_DISC
     8D67   A5 F4      LDA &F4
     8D69   29 7F      AND #&7F
     8D6B   AA         TAX
     8D6C   BD F0 0D   LDA &0DF0,X
     8D6F   29 40      AND #&40
     8D71   F0 01      BEQ &8D74
     8D73   60         RTS
.CMD_CARD
     8D74   A9 FF      LDA #&FF
.initMMFS
     8D76   20 92 96   JSR &9692
     8D79   48         PHA
     8D7A   A9 06      LDA #&06
     8D7C   20 33 80   JSR &8033
     8D7F   A2 0D      LDX #&0D
.vectloop
     8D81   BD FF 93   LDA &93FF,X
     8D84   9D 12 02   STA &0212,X
     8D87   CA         DEX
     8D88   10 F7      BPL &8D81
     8D8A   A9 A8      LDA #&A8
     8D8C   20 F8 93   JSR &93F8
     8D8F   84 B1      STY &B1
     8D91   86 B0      STX &B0
     8D93   A2 07      LDX #&07
     8D95   A0 1B      LDY #&1B
.extendedvec_loop
     8D97   B9 F2 93   LDA &93F2,Y
     8D9A   91 B0      STA (&B0),Y
     8D9C   C8         INY
     8D9D   B9 F2 93   LDA &93F2,Y
     8DA0   91 B0      STA (&B0),Y
     8DA2   C8         INY
     8DA3   A5 F4      LDA &F4
     8DA5   09 80      ORA #&80
     8DA7   91 B0      STA (&B0),Y
     8DA9   C8         INY
     8DAA   CA         DEX
     8DAB   D0 EA      BNE &8D97
     8DAD   8C 82 A4   STY &A482
     8DB0   8C 83 A4   STY &A483
     8DB3   86 CD      STX &CD
     8DB5   8E 9F A4   STX &A49F
     8DB8   A2 0F      LDX #&0F
     8DBA   A9 8F      LDA #&8F
     8DBC   20 F4 FF   JSR &FFF4
     8DBF   AD D3 A4   LDA &A4D3
     8DC2   30 27      BMI &8DEB
     8DC4   A9 FF      LDA #&FF
     8DC6   8D D3 A4   STA &A4D3
.setdefaults
     8DC9   A9 24      LDA #&24
     8DCB   8D C9 A4   STA &A4C9
     8DCE   8D CB A4   STA &A4CB
     8DD1   A9 00      LDA #&00
     8DD3   8D CC A4   STA &A4CC
     8DD6   A0 00      LDY #&00
     8DD8   8C CA A4   STY &A4CA
     8DDB   8C C0 A4   STY &A4C0
     8DDE   88         DEY
     8DDF   8C C7 A4   STY &A4C7
     8DE2   8C C6 A4   STY &A4C6
     8DE5   8C DD A4   STY &A4DD
     8DE8   20 10 8E   JSR &8E10
.initdfs_noreset
     8DEB   20 F4 8C   JSR &8CF4
     8DEE   68         PLA
     8DEF   D0 0B      BNE &8DFC
     8DF1   20 C8 AE   JSR &AEC8
     8DF4   AD 06 A3   LDA &A306
     8DF7   20 1D 82   JSR &821D
     8DFA   D0 01      BNE &8DFD
.initdfs_exit
     8DFC   60         RTS
.notOPT0
     8DFD   A0 8D      LDY #&8D
     8DFF   A2 3F      LDX #&3F
     8E01   C9 02      CMP #&02
     8E03   90 08      BCC &8E0D
     8E05   F0 04      BEQ &8E0B
     8E07   A2 47      LDX #&47
     8E09   D0 02      BNE &8E0D
.oscliOPT2
     8E0B   A2 49      LDX #&49
.jmpOSCLI
     8E0D   4C F7 FF   JMP &FFF7
.VIDRESET
     8E10   A0 10      LDY #&10
     8E12   A9 00      LDA #&00
.loop
     8E14   99 DF A4   STA &A4DF,Y
     8E17   88         DEY
     8E18   10 FA      BPL &8E14
     8E1A   A9 01      LDA #&01
     8E1C   8D EF A4   STA &A4EF
     8E1F   60         RTS
.MMFS_SERVICECALLS
     8E20   20 CE A3   JSR &A3CE
     8E23   48         PHA
     8E24   A5 F4      LDA &F4
     8E26   29 7F      AND #&7F
     8E28   AA         TAX
     8E29   BD F0 0D   LDA &0DF0,X
     8E2C   30 23      BMI &8E51
.lbl1
     8E2E   68         PLA
     8E2F   C9 12      CMP #&12
     8E31   F0 36      BEQ &8E69
     8E33   C9 0B      CMP #&0B
     8E35   B0 19      BCS &8E50
.label4
     8E37   0A         ASL A
     8E38   AA         TAX
     8E39   BD 54 8E   LDA &8E54,X
     8E3C   48         PHA
     8E3D   BD 53 8E   LDA &8E53,X
     8E40   48         PHA
     8E41   8A         TXA
     8E42   48         PHA
     8E43   A5 F4      LDA &F4
     8E45   29 7F      AND #&7F
     8E47   AA         TAX
     8E48   68         PLA
     8E49   4A         LSR A
     8E4A   C9 0B      CMP #&0B
     8E4C   90 02      BCC &8E50
     8E4E   69 15      ADC #&15
.label3
.SERVICE_NULL
     8E50   60         RTS
.romdisabled
     8E51   68         PLA
     8E52   60         RTS
.data
     8E53   4F 8E
     8E55   4F 8E
     8E57   7B 8E
     8E59   9B 8E
     8E5B   BD 8E
     8E5D   4F 8E
     8E5F   4F 8E
     8E61   4F 8E
     8E63   D2 8E
     8E65   39 8F
     8E67   4F 8E
.SERVICE12_init_filesystem
Macro BP12K_NEST:
     8E69   20 E9 BD   JSR &BDE9
     8E6C   20 72 8E   JSR &8E72
     8E6F   4C F7 BD   JMP &BDF7
.nested
End macro BP12K_NEST
     8E72   C0 04      CPY #&04
     8E74   D0 DA      BNE &8E50
     8E76   20 F1 83   JSR &83F1
     8E79   4C 74 8D   JMP &8D74
.SERVICE02_claim_privworkspace
     8E7C   98         TYA
     8E7D   48         PHA
     8E7E   20 A5 BD   JSR &BDA5
     8E81   A9 FD      LDA #&FD
     8E83   20 F8 93   JSR &93F8
     8E86   CA         DEX
     8E87   30 09      BMI &8E92
     8E89   20 E9 BD   JSR &BDE9
     8E8C   8E D3 A4   STX &A4D3
     8E8F   20 F7 BD   JSR &BDF7
.skipOnSoftReset
     8E92   A5 F4      LDA &F4
     8E94   29 7F      AND #&7F
     8E96   AA         TAX
     8E97   68         PLA
     8E98   A8         TAY
     8E99   A9 02      LDA #&02
.srv3_exit
     8E9B   60         RTS
.SERVICE03_autoboot
Macro BP12K_NEST:
     8E9C   20 E9 BD   JSR &BDE9
     8E9F   20 A5 8E   JSR &8EA5
     8EA2   4C F7 BD   JMP &BDF7
.nested
End macro BP12K_NEST
     8EA5   20 F1 83   JSR &83F1
     8EA8   84 B3      STY &B3
     8EAA   A9 7A      LDA #&7A
     8EAC   20 F4 FF   JSR &FFF4
     8EAF   8A         TXA
     8EB0   30 09      BMI &8EBB
     8EB2   C9 65      CMP #&65
     8EB4   D0 E5      BNE &8E9B
     8EB6   A9 78      LDA #&78
     8EB8   20 F4 FF   JSR &FFF4
.jmpAUTOBOOT
     8EBB   4C 4F 8D   JMP &8D4F
.SERVICE04_unrec_command
Macro BP12K_NEST:
     8EBE   20 E9 BD   JSR &BDE9
     8EC1   20 C7 8E   JSR &8EC7
     8EC4   4C F7 BD   JMP &BDF7
.nested
End macro BP12K_NEST
     8EC7   20 F1 83   JSR &83F1
     8ECA   A2 92      LDX #&92
.jmpunreccmd
     8ECC   4C 81 87   JMP &8781
.NotCmdTable22
     8ECF   A2 76      LDX #&76
     8ED1   D0 F9      BNE &8ECC
.SERVICE08_unrec_OSWORD
Macro BP12K_NEST:
     8ED3   20 E9 BD   JSR &BDE9
     8ED6   20 DC 8E   JSR &8EDC
     8ED9   4C F7 BD   JMP &BDF7
.nested
End macro BP12K_NEST
     8EDC   20 F1 83   JSR &83F1
     8EDF   A4 EF      LDY &EF
     8EE1   30 2F      BMI &8F12
     8EE3   C0 7D      CPY #&7D
     8EE5   90 2B      BCC &8F12
     8EE7   AD 13 02   LDA &0213
     8EEA   C9 FF      CMP #&FF
     8EEC   D0 24      BNE &8F12
     8EEE   AD 12 02   LDA &0212
     8EF1   C9 1B      CMP #&1B
     8EF3   D0 1D      BNE &8F12
     8EF5   AD BC 0D   LDA &0DBC
     8EF8   C5 F4      CMP &F4
     8EFA   D0 16      BNE &8F12
     8EFC   20 92 96   JSR &9692
     8EFF   A6 F0      LDX &F0
     8F01   86 B0      STX &B0
     8F03   A6 F1      LDX &F1
     8F05   86 B1      STX &B1
     8F07   A4 EF      LDY &EF
     8F09   C8         INY
     8F0A   10 07      BPL &8F13
     8F0C   08         PHP
     8F0D   58         CLI
     8F0E   20 7A BA   JSR &BA7A
     8F11   28         PLP
.notMMFS
.exit
     8F12   60         RTS
.notOSWORD7F
     8F13   20 C2 AE   JSR &AEC2
     8F16   C8         INY
     8F17   30 08      BMI &8F21
     8F19   A0 00      LDY #&00
     8F1B   AD 04 A3   LDA &A304
     8F1E   91 B0      STA (&B0),Y
     8F20   60         RTS
.OSWORD7E
     8F21   A9 00      LDA #&00
     8F23   A8         TAY
     8F24   91 B0      STA (&B0),Y
     8F26   C8         INY
     8F27   AD 07 A3   LDA &A307
     8F2A   91 B0      STA (&B0),Y
     8F2C   C8         INY
     8F2D   AD 06 A3   LDA &A306
     8F30   29 03      AND #&03
     8F32   91 B0      STA (&B0),Y
     8F34   C8         INY
     8F35   A9 00      LDA #&00
     8F37   91 B0      STA (&B0),Y
     8F39   60         RTS
.SERVICE09_help
     8F3A   20 F1 83   JSR &83F1
     8F3D   B1 F2      LDA (&F2),Y
     8F3F   A2 A8      LDX #&A8
     8F41   C9 0D      CMP #&0D
     8F43   D0 87      BNE &8ECC
     8F45   98         TYA
     8F46   A0 03      LDY #&03
     8F48   4C 27 9A   JMP &9A27
.FILEV_ENTRY
     8F4B   20 1A 84   JSR &841A
     8F4E   48         PHA
     8F4F   20 F7 92   JSR &92F7
     8F52   86 B0      STX &B0
     8F54   8E DB A4   STX &A4DB
     8F57   84 B1      STY &B1
     8F59   8C DC A4   STY &A4DC
     8F5C   A2 00      LDX #&00
     8F5E   A0 00      LDY #&00
     8F60   20 3D 81   JSR &813D
.filev_copyparams_loop
     8F63   20 2D 81   JSR &812D
     8F66   C0 12      CPY #&12
     8F68   D0 F9      BNE &8F63
     8F6A   68         PLA
     8F6B   AA         TAX
     8F6C   E8         INX
     8F6D   E0 08      CPX #&08
     8F6F   B0 08      BCS &8F79
     8F71   BD 42 94   LDA &9442,X
     8F74   48         PHA
     8F75   BD 3A 94   LDA &943A,X
     8F78   48         PHA
.filev_unknownop
     8F79   A9 00      LDA #&00
     8F7B   60         RTS
.FSCV_ENTRY
     8F7C   C9 0C      CMP #&0C
     8F7E   B0 F9      BCS &8F79
     8F80   86 B5      STX &B5
     8F82   AA         TAX
     8F83   BD 2E 94   LDA &942E,X
     8F86   48         PHA
     8F87   BD 22 94   LDA &9422,X
     8F8A   48         PHA
     8F8B   8A         TXA
     8F8C   A6 B5      LDX &B5
     8F8E   60         RTS
.GBPBV_ENTRY
     8F8F   C9 09      CMP #&09
     8F91   B0 1D      BCS &8FB0
     8F93   20 F1 83   JSR &83F1
     8F96   20 92 96   JSR &9692
     8F99   8E 7D A4   STX &A47D
     8F9C   8C 7E A4   STY &A47E
     8F9F   A8         TAY
     8FA0   4C 51 91   JMP &9151
.upgbpb
     8FA3   20 B1 8F   JSR &8FB1
     8FA6   08         PHP
     8FA7   2C 81 A4   BIT &A481
     8FAA   10 03      BPL &8FAF
     8FAC   20 13 8D   JSR &8D13
.gbpb_nottube
     8FAF   28         PLP
.gbpbv_unrecop
     8FB0   60         RTS
.gbpb_gosub
     8FB1   B9 4A 94   LDA &944A,Y
     8FB4   8D D7 A4   STA &A4D7
     8FB7   B9 53 94   LDA &9453,Y
     8FBA   8D D8 A4   STA &A4D8
     8FBD   B9 5C 94   LDA &945C,Y
     8FC0   4A         LSR A
     8FC1   08         PHP
     8FC2   4A         LSR A
     8FC3   08         PHP
     8FC4   8D 7F A4   STA &A47F
     8FC7   A0 0C      LDY #&0C
.gbpb_ctlblk_loop
     8FC9   B1 B4      LDA (&B4),Y
     8FCB   99 60 A4   STA &A460,Y
     8FCE   88         DEY
     8FCF   10 F8      BPL &8FC9
     8FD1   AD 63 A4   LDA &A463
     8FD4   2D 64 A4   AND &A464
     8FD7   0D D6 A4   ORA &A4D6
     8FDA   18         CLC
     8FDB   69 01      ADC #&01
     8FDD   F0 06      BEQ &8FE5
     8FDF   20 04 8D   JSR &8D04
     8FE2   18         CLC
     8FE3   A9 FF      LDA #&FF
.gbpb_nottube1
     8FE5   8D 81 A4   STA &A481
     8FE8   AD 7F A4   LDA &A47F
     8FEB   B0 07      BCS &8FF4
     8FED   A2 61      LDX #&61
     8FEF   A0 A4      LDY #&A4
     8FF1   20 06 04   JSR &0406
.gbpb_nottube2
     8FF4   28         PLP
     8FF5   B0 04      BCS &8FFB
     8FF7   28         PLP
.gbpb_jmpsub
     8FF8   6C D7 A4   JMP (&A4D7)
.gbpb_rw_seqptr
     8FFB   A2 03      LDX #&03
.gbpb_seqptr_loop1
     8FFD   BD 69 A4   LDA &A469,X
     9000   95 B6      STA &B6,X
     9002   CA         DEX
     9003   10 F8      BPL &8FFD
     9005   A2 B6      LDX #&B6
     9007   AC 60 A4   LDY &A460
     900A   A9 00      LDA #&00
     900C   28         PLP
     900D   B0 03      BCS &9012
     900F   20 78 99   JSR &9978
.gpbp_dontwriteseqptr
     9012   20 DD 96   JSR &96DD
     9015   A2 03      LDX #&03
.gbpb_seqptr_loop2
     9017   B5 B6      LDA &B6,X
     9019   9D 69 A4   STA &A469,X
     901C   CA         DEX
     901D   10 F8      BPL &9017
.gbpb_rwdata
     901F   20 EF 90   JSR &90EF
     9022   30 0D      BMI &9031
.gbpb_data_loop
     9024   AC 60 A4   LDY &A460
     9027   20 F8 8F   JSR &8FF8
     902A   B0 0D      BCS &9039
     902C   A2 09      LDX #&09
     902E   20 2A 91   JSR &912A
.gbpb_data_loopin
     9031   A2 05      LDX #&05
     9033   20 2A 91   JSR &912A
     9036   D0 EC      BNE &9024
     9038   18         CLC
.gbpb_data_loopout
     9039   08         PHP
     903A   20 EF 90   JSR &90EF
     903D   A2 05      LDX #&05
     903F   20 2A 91   JSR &912A
     9042   20 FD 90   JSR &90FD
     9045   A0 0C      LDY #&0C
.gbpb_restorectlblk_loop
     9047   B9 60 A4   LDA &A460,Y
     904A   91 B4      STA (&B4),Y
     904C   88         DEY
     904D   10 F8      BPL &9047
     904F   28         PLP
     9050   60         RTS
.gbpb8_rdfilescurdir
     9051   20 B7 AE   JSR &AEB7
     9054   A9 60      LDA #&60
     9056   8D D7 A4   STA &A4D7
     9059   A9 90      LDA #&90
     905B   8D D8 A4   STA &A4D8
     905E   D0 BF      BNE &901F
.gbpb8_getbyte
     9060   AC 69 A4   LDY &A469
.gbpb8_loop
     9063   CC 05 A3   CPY &A305
     9066   B0 28      BCS &9090
     9068   B9 0F A2   LDA &A20F,Y
     906B   20 34 83   JSR &8334
     906E   45 CC      EOR &CC
     9070   B0 02      BCS &9074
     9072   29 DF      AND #&DF
.gbpb8_notalpha
     9074   29 7F      AND #&7F
     9076   F0 05      BEQ &907D
     9078   20 49 88   JSR &8849
     907B   D0 E6      BNE &9063
.gbpb8_filefound
     907D   A9 07      LDA #&07
     907F   20 16 91   JSR &9116
     9082   85 B0      STA &B0
.gbpb8_copyfn_loop
     9084   B9 08 A2   LDA &A208,Y
     9087   20 16 91   JSR &9116
     908A   C8         INY
     908B   C6 B0      DEC &B0
     908D   D0 F5      BNE &9084
     908F   18         CLC
.gbpb8_endofcat
     9090   8C 69 A4   STY &A469
     9093   AD 04 A3   LDA &A304
     9096   8D 60 A4   STA &A460
     9099   60         RTS
.gbpb5_getmediatitle
     909A   20 B7 AE   JSR &AEB7
     909D   A9 0C      LDA #&0C
     909F   20 16 91   JSR &9116
     90A2   A0 00      LDY #&00
.gbpb5_titleloop
     90A4   C0 08      CPY #&08
     90A6   B0 05      BCS &90AD
     90A8   B9 00 A2   LDA &A200,Y
     90AB   90 03      BCC &90B0
.gbpb5_titlehi
     90AD   B9 F8 A2   LDA &A2F8,Y
.gbpb5_titlelo
     90B0   20 16 91   JSR &9116
     90B3   C8         INY
     90B4   C0 0C      CPY #&0C
     90B6   D0 EC      BNE &90A4
     90B8   AD 06 A3   LDA &A306
     90BB   20 1D 82   JSR &821D
     90BE   20 16 91   JSR &9116
     90C1   A5 CD      LDA &CD
     90C3   4C 16 91   JMP &9116
.gbpb6_rdcurdirdevice
     90C6   20 0D 91   JSR &910D
     90C9   AD CA A4   LDA &A4CA
     90CC   20 08 91   JSR &9108
     90CF   AD C9 A4   LDA &A4C9
     90D2   D0 42      BNE &9116
.gbpb7_rdcurlibdevice
     90D4   20 0D 91   JSR &910D
     90D7   AD CC A4   LDA &A4CC
     90DA   20 08 91   JSR &9108
     90DD   AD CB A4   LDA &A4CB
     90E0   D0 34      BNE &9116
.gpbp_B8memptr
     90E2   AE 61 A4   LDX &A461
     90E5   86 B8      STX &B8
     90E7   AE 62 A4   LDX &A462
     90EA   86 B9      STX &B9
     90EC   A2 00      LDX #&00
     90EE   60         RTS
.gbpb_bytesxferinvert
     90EF   A2 03      LDX #&03
.gbpb_bytesxferinvert_loop
     90F1   A9 FF      LDA #&FF
     90F3   5D 65 A4   EOR &A465,X
     90F6   9D 65 A4   STA &A465,X
     90F9   CA         DEX
     90FA   10 F5      BPL &90F1
     90FC   60         RTS
.gbpb_wordB4_word107D
     90FD   AD 7D A4   LDA &A47D
     9100   85 B4      STA &B4
     9102   AD 7E A4   LDA &A47E
     9105   85 B5      STA &B5
     9107   60         RTS
.gbpb_gb_SAVEBYTE_and_gbpb_SAVE_01
     9108   09 30      ORA #&30
     910A   20 16 91   JSR &9116
.gbpb_SAVE_01
     910D   A9 01      LDA #&01
     910F   D0 05      BNE &9116
.gbpb_getbyteSAVEBYTE
     9111   20 EB 97   JSR &97EB
     9114   B0 1F      BCS &9135
.gbpb_gb_SAVEBYTE
     9116   2C 81 A4   BIT &A481
     9119   10 05      BPL &9120
     911B   8D E5 FE   STA &FEE5
     911E   30 05      BMI &9125
.gBpb_gb_fromhost
     9120   20 E2 90   JSR &90E2
     9123   81 B8      STA (&B8,X)
.gbpb_incDataPtr
     9125   20 F1 83   JSR &83F1
     9128   A2 01      LDX #&01
.gbpb_incdblword1060X
     912A   A0 04      LDY #&04
.gbpb_incdblword_loop
     912C   FE 60 A4   INC &A460,X
     912F   D0 04      BNE &9135
     9131   E8         INX
     9132   88         DEY
     9133   D0 F7      BNE &912C
.gbpb_incdblworkd_exit
     9135   60         RTS
.gbpb_putbytes
     9136   20 3E 91   JSR &913E
     9139   20 A8 98   JSR &98A8
     913C   18         CLC
     913D   60         RTS
.gpbp_pb_LOADBYTE
     913E   2C 81 A4   BIT &A481
     9141   10 06      BPL &9149
     9143   AD E5 FE   LDA &FEE5
     9146   4C 25 91   JMP &9125
.gbpb_pb_fromhost
     9149   20 E2 90   JSR &90E2
     914C   A1 B8      LDA (&B8,X)
     914E   4C 25 91   JMP &9125
.fastgb
     9151   20 FD 90   JSR &90FD
     9154   B9 5C 94   LDA &945C,Y
     9157   29 03      AND #&03
     9159   4A         LSR A
     915A   F0 4A      BEQ &91A6
     915C   8C 6D A4   STY &A46D
     915F   A0 0C      LDY #&0C
.copyl0
     9161   B1 B4      LDA (&B4),Y
     9163   99 60 A4   STA &A460,Y
     9166   88         DEY
     9167   10 F8      BPL &9161
     9169   A8         TAY
     916A   A2 03      LDX #&03
.initl
     916C   BD 65 A4   LDA &A465,X
     916F   9D 6E A4   STA &A46E,X
     9172   CA         DEX
     9173   10 F7      BPL &916C
     9175   AD 69 A4   LDA &A469
     9178   90 09      BCC &9183
     917A   98         TYA
     917B   20 22 82   JSR &8222
     917E   A8         TAY
     917F   B9 10 A5   LDA &A510,Y
     9182   18         CLC
.dcptr
     9183   49 FF      EOR #&FF
     9185   69 01      ADC #&01
     9187   A0 FC      LDY #&FC
.hdrext
     9189   99 69 A3   STA &A369,Y
     918C   A9 00      LDA #&00
     918E   C8         INY
     918F   D0 F8      BNE &9189
     9191   20 BF 92   JSR &92BF
     9194   90 02      BCC &9198
     9196   D0 46      BNE &91DE
.trailr
     9198   20 D5 92   JSR &92D5
.drain
     919B   A9 60      LDA #&60
     919D   85 B4      STA &B4
     919F   A9 A4      LDA #&A4
     91A1   85 B5      STA &B5
     91A3   AC 6D A4   LDY &A46D
.chain
     91A6   4C A3 8F   JMP &8FA3
.morfst
     91A9   AD 71 A4   LDA &A471
     91AC   20 CE 92   JSR &92CE
     91AF   D0 32      BNE &91E3
     91B1   8D 66 A4   STA &A466
     91B4   8D 67 A4   STA &A467
     91B7   AD 6E A4   LDA &A46E
     91BA   D0 DC      BNE &9198
     91BC   18         CLC
.fgbfin
     91BD   08         PHP
     91BE   20 D5 92   JSR &92D5
     91C1   28         PLP
     91C2   20 FD 90   JSR &90FD
     91C5   A0 0C      LDY #&0C
.retnl
     91C7   B9 60 A4   LDA &A460,Y
     91CA   91 B4      STA (&B4),Y
     91CC   88         DEY
     91CD   10 F8      BPL &91C7
     91CF   60         RTS
.setmax
     91D0   8D 67 A4   STA &A467
     91D3   0D 66 A4   ORA &A466
     91D6   D0 4B      BNE &9223
.throw
     91D8   A0 FD      LDY #&FD
     91DA   A9 01      LDA #&01
     91DC   D0 AB      BNE &9189
.align
     91DE   20 9B 91   JSR &919B
     91E1   B0 DA      BCS &91BD
.dofast
     91E3   AE 71 A4   LDX &A471
     91E6   F0 02      BEQ &91EA
     91E8   A2 FF      LDX #&FF
.sclamp
     91EA   8A         TXA
     91EB   0D 70 A4   ORA &A470
     91EE   8D 67 A4   STA &A467
     91F1   8A         TXA
     91F2   0D 6F A4   ORA &A46F
     91F5   AA         TAX
     91F6   AD C2 A4   LDA &A4C2
     91F9   38         SEC
     91FA   6D 6D A4   ADC &A46D
     91FD   49 04      EOR #&04
     91FF   29 E4      AND #&E4
     9201   A8         TAY
     9202   B9 15 A5   LDA &A515,Y
     9205   38         SEC
     9206   ED 6A A4   SBC &A46A
     9209   8D 66 A4   STA &A466
     920C   B9 16 A5   LDA &A516,Y
     920F   ED 6B A4   SBC &A46B
     9212   90 C4      BCC &91D8
     9214   CD 67 A4   CMP &A467
     9217   90 B7      BCC &91D0
     9219   D0 05      BNE &9220
     921B   EC 66 A4   CPX &A466
     921E   B0 B0      BCS &91D0
.sectr0
     9220   8E 66 A4   STX &A466
.sectr1
     9223   AC C2 A4   LDY &A4C2
     9226   20 82 94   JSR &9482
     9229   20 46 98   JSR &9846
     922C   A9 3F      LDA #&3F
     922E   99 1D A5   STA &A51D,Y
     9231   20 3E 98   JSR &983E
     9234   AD 61 A4   LDA &A461
     9237   85 BC      STA &BC
     9239   AD 62 A4   LDA &A462
     923C   85 BD      STA &BD
     923E   AD 63 A4   LDA &A463
     9241   8D 74 A4   STA &A474
     9244   AD 64 A4   LDA &A464
     9247   8D 75 A4   STA &A475
     924A   B9 0F A5   LDA &A50F,Y
     924D   18         CLC
     924E   6D 6A A4   ADC &A46A
     9251   85 C3      STA &C3
     9253   B9 0D A5   LDA &A50D,Y
     9256   6D 6B A4   ADC &A46B
     9259   29 03      AND #&03
     925B   85 C2      STA &C2
     925D   A9 00      LDA #&00
     925F   85 C0      STA &C0
     9261   AD 66 A4   LDA &A466
     9264   85 C1      STA &C1
     9266   AD 67 A4   LDA &A467
     9269   20 23 82   JSR &8223
     926C   05 C2      ORA &C2
     926E   85 C2      STA &C2
     9270   AD 6D A4   LDA &A46D
     9273   EE DD A4   INC &A4DD
     9276   20 E5 92   JSR &92E5
     9279   CE DD A4   DEC &A4DD
     927C   20 BF 92   JSR &92BF
     927F   AC 66 A4   LDY &A466
     9282   98         TYA
     9283   18         CLC
     9284   6D 62 A4   ADC &A462
     9287   8D 62 A4   STA &A462
     928A   AE 67 A4   LDX &A467
     928D   8A         TXA
     928E   6D 63 A4   ADC &A463
     9291   8D 63 A4   STA &A463
     9294   90 03      BCC &9299
     9296   EE 64 A4   INC &A464
.updp
     9299   98         TYA
     929A   AC C2 A4   LDY &A4C2
     929D   18         CLC
     929E   79 11 A5   ADC &A511,Y
     92A1   99 11 A5   STA &A511,Y
     92A4   8D 6A A4   STA &A46A
     92A7   8A         TXA
     92A8   79 12 A5   ADC &A512,Y
     92AB   99 12 A5   STA &A512,Y
     92AE   8D 6B A4   STA &A46B
     92B1   98         TYA
     92B2   20 EB 99   JSR &99EB
     92B5   90 05      BCC &92BC
     92B7   F0 03      BEQ &92BC
     92B9   20 56 99   JSR &9956
.doneit
     92BC   4C A9 91   JMP &91A9
.subwk
     92BF   38         SEC
     92C0   A2 FC      LDX #&FC
.subwkl
     92C2   BD 72 A3   LDA &A372,X
     92C5   FD 69 A3   SBC &A369,X
     92C8   9D 72 A3   STA &A372,X
     92CB   E8         INX
     92CC   D0 F4      BNE &92C2
.testl
     92CE   0D 70 A4   ORA &A470
     92D1   0D 6F A4   ORA &A46F
     92D4   60         RTS
.addtol
     92D5   18         CLC
     92D6   A2 FC      LDX #&FC
.addl
     92D8   BD 72 A3   LDA &A372,X
     92DB   7D 69 A3   ADC &A369,X
     92DE   9D 69 A3   STA &A369,X
     92E1   E8         INX
     92E2   D0 F4      BNE &92D8
     92E4   60         RTS
.docmd
     92E5   C9 03      CMP #&03
     92E7   90 00      BCC &92E9
.dowrcmd
     92E9   4C 9F 88   JMP &889F
.dordcmd
     92EC   4C BC 88   JMP &88BC
.fscv_osabouttoproccmd
     92EF   2C C7 A4   BIT &A4C7
     92F2   30 03      BMI &92F7
     92F4   CE C7 A4   DEC &A4C7
.parameter_fsp
     92F7   A9 FF      LDA #&FF
     92F9   8D CE A4   STA &A4CE
.param_out
     92FC   8D CD A4   STA &A4CD
     92FF   60         RTS
.parameter_afsp
     9300   A9 2A      LDA #&2A
     9302   8D CE A4   STA &A4CE
     9305   A9 23      LDA #&23
     9307   D0 F3      BNE &92FC
.osfile5_rdcatinfo
     9309   20 C3 93   JSR &93C3
     930C   20 92 83   JSR &8392
     930F   A9 01      LDA #&01
     9311   60         RTS
.osfile6_delfile
     9312   20 A0 93   JSR &93A0
     9315   20 92 83   JSR &8392
     9318   20 18 83   JSR &8318
     931B   4C 42 93   JMP &9342
.osfile1_updatecat
     931E   20 C3 93   JSR &93C3
     9321   20 48 93   JSR &9348
     9324   20 64 93   JSR &9364
     9327   50 16      BVC &933F
.osfile3_wrexecaddr
     9329   20 C3 93   JSR &93C3
     932C   20 64 93   JSR &9364
     932F   50 11      BVC &9342
.osfile2_wrloadaddr
     9331   20 C3 93   JSR &93C3
     9334   20 48 93   JSR &9348
     9337   50 09      BVC &9342
.osfile4_wrattribs
     9339   20 C3 93   JSR &93C3
     933C   20 B8 93   JSR &93B8
.osfile_updatelocksavecat
     933F   20 87 93   JSR &9387
.osfile_savecat_retA_1
     9342   20 D6 AE   JSR &AED6
     9345   A9 01      LDA #&01
     9347   60         RTS
.osfile_update_loadaddr_Xoffset
     9348   20 F1 83   JSR &83F1
     934B   A0 02      LDY #&02
     934D   B1 B0      LDA (&B0),Y
     934F   9D 08 A3   STA &A308,X
     9352   C8         INY
     9353   B1 B0      LDA (&B0),Y
     9355   9D 09 A3   STA &A309,X
     9358   C8         INY
     9359   B1 B0      LDA (&B0),Y
     935B   0A         ASL A
     935C   0A         ASL A
     935D   5D 0E A3   EOR &A30E,X
     9360   29 0C      AND #&0C
     9362   10 1B      BPL &937F
.osfile_update_execaddr_Xoffset
     9364   20 F1 83   JSR &83F1
     9367   A0 06      LDY #&06
     9369   B1 B0      LDA (&B0),Y
     936B   9D 0A A3   STA &A30A,X
     936E   C8         INY
     936F   B1 B0      LDA (&B0),Y
     9371   9D 0B A3   STA &A30B,X
     9374   C8         INY
     9375   B1 B0      LDA (&B0),Y
     9377   6A         ROR A
     9378   6A         ROR A
     9379   6A         ROR A
     937A   5D 0E A3   EOR &A30E,X
     937D   29 C0      AND #&C0
.osfile_savemixedbyte
     937F   5D 0E A3   EOR &A30E,X
     9382   9D 0E A3   STA &A30E,X
     9385   B8         CLV
     9386   60         RTS
.osfile_updatelock
     9387   20 F1 83   JSR &83F1
     938A   A0 0E      LDY #&0E
     938C   B1 B0      LDA (&B0),Y
     938E   29 0A      AND #&0A
     9390   F0 02      BEQ &9394
     9392   A9 80      LDA #&80
.osfile_notlocked
     9394   5D 0F A2   EOR &A20F,X
     9397   29 80      AND #&80
     9399   5D 0F A2   EOR &A20F,X
     939C   9D 0F A2   STA &A20F,X
     939F   60         RTS
.CheckFileNotLocked
     93A0   20 CD 93   JSR &93CD
     93A3   90 23      BCC &93C8
.CheckFileNotLockedY
     93A5   B9 0F A2   LDA &A20F,Y
     93A8   10 22      BPL &93CC
.errFILELOCKED
     93AA   20 5D 80   JSR &805D
     93AD   C3
     93AE   4C 6F 63 ...
     93B4   00
.CheckFileNotLockedOrOpenY
     93B5   20 A5 93   JSR &93A5
.CheckFileNotOpenY
     93B8   20 F1 83   JSR &83F1
     93BB   20 27 96   JSR &9627
     93BE   90 21      BCC &93E1
     93C0   4C 8B 95   JMP &958B
.CheckFileExists
     93C3   20 CD 93   JSR &93CD
     93C6   B0 19      BCS &93E1
.ExitCallingSubroutine
     93C8   68         PLA
     93C9   68         PLA
     93CA   A9 00      LDA #&00
.chklock_exit
     93CC   60         RTS
.read_fspBA_findcatentry
     93CD   20 4D 81   JSR &814D
     93D0   20 7B 82   JSR &827B
     93D3   90 0C      BCC &93E1
     93D5   98         TYA
     93D6   AA         TAX
.SetParamBlockPointerB0
     93D7   AD DB A4   LDA &A4DB
     93DA   85 B0      STA &B0
     93DC   AD DC A4   LDA &A4DC
     93DF   85 B1      STA &B1
.checkexit
     93E1   60         RTS
.CalcRAM
     93E2   A9 83      LDA #&83
     93E4   20 F4 FF   JSR &FFF4
     93E7   8C CF A4   STY &A4CF
     93EA   A9 84      LDA #&84
     93EC   20 F4 FF   JSR &FFF4
     93EF   98         TYA
     93F0   38         SEC
     93F1   ED CF A4   SBC &A4CF
     93F4   8D D0 A4   STA &A4D0
     93F7   60         RTS
.osbyte_X0YFF
     93F8   A2 00      LDX #&00
.osbyte_YFF
     93FA   A0 FF      LDY #&FF
     93FC   4C F4 FF   JMP &FFF4
.vectors_table
     93FF   1B FF
     9401   1E FF
     9403   21 FF
     9405   24 FF
     9407   27 FF
     9409   2A FF
     940B   2D FF
.extendedvectors_table
     940D   4B 8F
     940F   00         BRK
     9410   9F 96
     9412   00         BRK
     9413   EB 97
     9415   00         BRK
     9416   A8 98
     9418   00         BRK
     9419   8F 8F
     941B   00         BRK
     941C   C4 94
     941E   00         BRK
     941F   7C 8F
     9421   00         BRK
.fscv_table1
     9422   52
     9423   B7
     9424   C7
     9425   7B
     9426   C7
     9427   BC
     9428   69
     9429   64
     942A   EE
     942B   48
     942C   67
     942D   C7
.fscv_table2
     942E   8A
     942F   97
     9430   88
     9431   87
     9432   88
     9433   84
     9434   94
     9435   94
     9436   92
     9437   82
     9438   82
     9439   88
.finv_tablelo
     943A   63
     943B   B2
     943C   1D
     943D   30
     943E   28
     943F   38
     9440   08
     9441   11
.finv_tablehi
     9442   88
     9443   88
     9444   93
     9445   93
     9446   93
     9447   93
     9448   93
     9449   93
.gbpbv_table1
     944A   C8
     944B   36
     944C   36
     944D   11
     944E   11
     944F   9A
     9450   C6
     9451   D4
     9452   51
.gbpbv_table2
     9453   82
     9454   91
     9455   91
     9456   91
     9457   91
     9458   90
     9459   90
     945A   90
     945B   90
.gbpbv_table3
     945C   04
     945D   02
     945E   03
     945F   06
     9460   07
     9461   04
     9462   04
     9463   04
     9464   04
.fscv7_hndlrange
     9465   A2 11      LDX #&11
     9467   A0 15      LDY #&15
.closeallfiles_exit
     9469   60         RTS
.fscv6_shutdownfilesys
     946A   20 F1 83   JSR &83F1
.CloseSPOOLEXECfiles
     946D   A9 77      LDA #&77
     946F   4C F4 FF   JMP &FFF4
.CMD_CLOSE
.CloseAllFiles_Osbyte77
     9472   20 6D 94   JSR &946D
.CloseAllFiles
     9475   A9 00      LDA #&00
.closeallfiles_loop
     9477   18         CLC
     9478   69 20      ADC #&20
     947A   F0 ED      BEQ &9469
     947C   A8         TAY
     947D   20 D1 94   JSR &94D1
     9480   D0 F5      BNE &9477
.Channel_SetDirDrv_GetCatEntry_Yintch
     9482   20 9D 94   JSR &949D
.Channel_GetCatEntry_Yintch
     9485   A2 06      LDX #&06
.chnl_getcatloop
     9487   B9 0C A5   LDA &A50C,Y
     948A   95 C5      STA &C5,X
     948C   88         DEY
     948D   88         DEY
     948E   CA         DEX
     948F   10 F6      BPL &9487
     9491   20 86 82   JSR &8286
     9494   90 22      BCC &94B8
     9496   8C C3 A4   STY &A4C3
     9499   AC C2 A4   LDY &A4C2
.chkdskchangexit
     949C   60         RTS
.Channel_SetDirDrive_Yintch
     949D   B9 0E A5   LDA &A50E,Y
     94A0   29 7F      AND #&7F
     94A2   85 CC      STA &CC
     94A4   B9 17 A5   LDA &A517,Y
     94A7   4C 05 8C   JMP &8C05
.CheckForDiskChange
     94AA   20 F1 83   JSR &83F1
     94AD   AD 04 A3   LDA &A304
     94B0   20 C5 AE   JSR &AEC5
     94B3   CD 04 A3   CMP &A304
     94B6   F0 E4      BEQ &949C
.errDISKCHANGED
     94B8   20 48 80   JSR &8048
     94BB   C8
     94BC   63 68 61 ...
     94C3   00
.FINDV_ENTRY
     94C4   29 C0      AND #&C0
     94C6   D0 59      BNE &9521
     94C8   20 F1 83   JSR &83F1
.CloseFiles_Yhandle
     94CB   98         TYA
     94CC   F0 A4      BEQ &9472
     94CE   20 CC 97   JSR &97CC
.CloseFile_Yintch
     94D1   48         PHA
     94D2   20 57 97   JSR &9757
     94D5   B0 45      BCS &951C
     94D7   B9 1B A5   LDA &A51B,Y
     94DA   49 FF      EOR #&FF
     94DC   2D C0 A4   AND &A4C0
     94DF   8D C0 A4   STA &A4C0
     94E2   B9 17 A5   LDA &A517,Y
     94E5   29 60      AND #&60
     94E7   F0 33      BEQ &951C
     94E9   20 82 94   JSR &9482
     94EC   B9 17 A5   LDA &A517,Y
     94EF   29 20      AND #&20
     94F1   F0 26      BEQ &9519
     94F3   AE C3 A4   LDX &A4C3
     94F6   B9 14 A5   LDA &A514,Y
     94F9   9D 0C A3   STA &A30C,X
     94FC   B9 15 A5   LDA &A515,Y
     94FF   9D 0D A3   STA &A30D,X
     9502   B9 16 A5   LDA &A516,Y
     9505   20 23 82   JSR &8223
     9508   5D 0E A3   EOR &A30E,X
     950B   29 30      AND #&30
     950D   5D 0E A3   EOR &A30E,X
     9510   9D 0E A3   STA &A30E,X
     9513   20 D6 AE   JSR &AED6
     9516   AC C2 A4   LDY &A4C2
.closefile_buftodisk
     9519   20 46 98   JSR &9846
.closefile_exit
     951C   AE C5 A4   LDX &A4C5
     951F   68         PLA
     9520   60         RTS
.findvnot0_openfile
     9521   20 1A 84   JSR &841A
     9524   86 BA      STX &BA
     9526   84 BB      STY &BB
     9528   85 B4      STA &B4
     952A   24 B4      BIT &B4
     952C   08         PHP
     952D   20 4D 81   JSR &814D
     9530   20 F7 92   JSR &92F7
     9533   20 7B 82   JSR &827B
     9536   B0 22      BCS &955A
     9538   A9 00      LDA #&00
     953A   28         PLP
     953B   50 01      BVC &953E
     953D   60         RTS
.findv_createfile
     953E   08         PHP
     953F   A2 07      LDX #&07
.findv_loop1
     9541   95 BC      STA &BC,X
     9543   9D 74 A4   STA &A474,X
     9546   CA         DEX
     9547   10 F8      BPL &9541
     9549   C6 BE      DEC &BE
     954B   C6 BF      DEC &BF
     954D   CE 76 A4   DEC &A476
     9550   CE 77 A4   DEC &A477
     9553   A9 40      LDA #&40
     9555   85 C3      STA &C3
     9557   20 B1 8A   JSR &8AB1
.findv_filefound
     955A   28         PLP
     955B   08         PHP
     955C   70 03      BVS &9561
     955E   20 A5 93   JSR &93A5
.findv_readorupdate
     9561   20 27 96   JSR &9627
     9564   90 0E      BCC &9574
.findv_loop2
     9566   B9 0C A5   LDA &A50C,Y
     9569   10 20      BPL &958B
     956B   28         PLP
     956C   08         PHP
     956D   30 1C      BMI &958B
     956F   20 22 96   JSR &9622
     9572   B0 F2      BCS &9566
.findv_openchannel
     9574   AC C2 A4   LDY &A4C2
     9577   D0 1B      BNE &9594
.errTOOMANYFILESOPEN
     9579   20 5D 80   JSR &805D
     957C   C0
     957D   54 6F 6F ...
     958A   00
.errFILEOPEN
     958B   20 5D 80   JSR &805D
     958E   C2
     958F   4F 70 65 ...
     9593   00
.SetupChannelInfoBlock_Yintch
     9594   A9 08      LDA #&08
     9596   8D C4 A4   STA &A4C4
.chnlblock_loop1
     9599   BD 08 A2   LDA &A208,X
     959C   99 00 A5   STA &A500,Y
     959F   C8         INY
     95A0   BD 08 A3   LDA &A308,X
     95A3   99 00 A5   STA &A500,Y
     95A6   C8         INY
     95A7   E8         INX
     95A8   CE C4 A4   DEC &A4C4
     95AB   D0 EC      BNE &9599
     95AD   A2 10      LDX #&10
     95AF   A9 00      LDA #&00
.chnlblock_loop2
     95B1   99 00 A5   STA &A500,Y
     95B4   C8         INY
     95B5   CA         DEX
     95B6   D0 F9      BNE &95B1
     95B8   AD C2 A4   LDA &A4C2
     95BB   A8         TAY
     95BC   20 1C 82   JSR &821C
     95BF   69 A5      ADC #&A5
     95C1   99 13 A5   STA &A513,Y
     95C4   AD C1 A4   LDA &A4C1
     95C7   99 1B A5   STA &A51B,Y
     95CA   0D C0 A4   ORA &A4C0
     95CD   8D C0 A4   STA &A4C0
     95D0   B9 09 A5   LDA &A509,Y
     95D3   69 FF      ADC #&FF
     95D5   B9 0B A5   LDA &A50B,Y
     95D8   69 00      ADC #&00
     95DA   99 19 A5   STA &A519,Y
     95DD   B9 0D A5   LDA &A50D,Y
     95E0   09 0F      ORA #&0F
     95E2   69 00      ADC #&00
     95E4   20 15 82   JSR &8215
     95E7   99 1A A5   STA &A51A,Y
     95EA   28         PLP
     95EB   50 2E      BVC &961B
     95ED   30 08      BMI &95F7
     95EF   A9 80      LDA #&80
     95F1   19 0C A5   ORA &A50C,Y
     95F4   99 0C A5   STA &A50C,Y
.chnlblock_setEXT
     95F7   B9 09 A5   LDA &A509,Y
     95FA   99 14 A5   STA &A514,Y
     95FD   B9 0B A5   LDA &A50B,Y
     9600   99 15 A5   STA &A515,Y
     9603   B9 0D A5   LDA &A50D,Y
     9606   20 15 82   JSR &8215
     9609   99 16 A5   STA &A516,Y
.chnlblock_cont
     960C   A5 CD      LDA &CD
     960E   19 17 A5   ORA &A517,Y
     9611   99 17 A5   STA &A517,Y
     9614   98         TYA
     9615   20 1C 82   JSR &821C
     9618   09 10      ORA #&10
     961A   60         RTS
.chnlblock_setBit5
     961B   A9 20      LDA #&20
     961D   99 17 A5   STA &A517,Y
     9620   D0 EA      BNE &960C
.IsFileOpenContinue
     9622   8A         TXA
     9623   48         PHA
     9624   4C 66 96   JMP &9666
.IsFileOpen_Yoffset
     9627   A9 00      LDA #&00
     9629   8D C2 A4   STA &A4C2
     962C   A9 08      LDA #&08
     962E   85 B5      STA &B5
     9630   98         TYA
     9631   AA         TAX
     9632   A0 A0      LDY #&A0
.fop_main_loop
     9634   84 B3      STY &B3
     9636   8A         TXA
     9637   48         PHA
     9638   A9 08      LDA #&08
     963A   85 B2      STA &B2
     963C   A5 B5      LDA &B5
     963E   2C C0 A4   BIT &A4C0
     9641   F0 1D      BEQ &9660
     9643   B9 17 A5   LDA &A517,Y
     9646   45 CD      EOR &CD
     9648   29 03      AND #&03
     964A   D0 1A      BNE &9666
.fop_cmpfn_loop
     964C   BD 08 A2   LDA &A208,X
     964F   59 00 A5   EOR &A500,Y
     9652   29 7F      AND #&7F
     9654   D0 10      BNE &9666
     9656   E8         INX
     9657   C8         INY
     9658   C8         INY
     9659   C6 B2      DEC &B2
     965B   D0 EF      BNE &964C
     965D   38         SEC
     965E   B0 10      BCS &9670
.fop_channelnotopen
     9660   8C C2 A4   STY &A4C2
     9663   8D C1 A4   STA &A4C1
.fop_nothisfile
     9666   38         SEC
     9667   A5 B3      LDA &B3
     9669   E9 20      SBC #&20
     966B   85 B3      STA &B3
     966D   06 B5      ASL &B5
     966F   18         CLC
.fop_matchifCset
     9670   68         PLA
     9671   AA         TAX
     9672   A4 B3      LDY &B3
     9674   A5 B5      LDA &B5
     9676   B0 02      BCS &967A
     9678   D0 BA      BNE &9634
.fop_exit
     967A   60         RTS
.ChannelBufferToDisk_Yhandle_A0
     967B   20 92 96   JSR &9692
.ChannelBufferToDisk_Yhandle
     967E   AD C0 A4   LDA &A4C0
     9681   48         PHA
     9682   98         TYA
     9683   D0 05      BNE &968A
     9685   20 75 94   JSR &9475
     9688   F0 03      BEQ &968D
.chbuf1
     968A   20 CB 94   JSR &94CB
.chbuf2
     968D   68         PLA
     968E   8D C0 A4   STA &A4C0
     9691   60         RTS
.ReturnWithA0
     9692   48         PHA
     9693   8A         TXA
     9694   48         PHA
     9695   A9 00      LDA #&00
     9697   BA         TSX
     9698   9D 09 01   STA &0109,X
     969B   68         PLA
     969C   AA         TAX
     969D   68         PLA
     969E   60         RTS
.ARGSV_ENTRY
     969F   20 F1 83   JSR &83F1
     96A2   C9 FF      CMP #&FF
     96A4   F0 D5      BEQ &967B
     96A6   C0 00      CPY #&00
     96A8   F0 12      BEQ &96BC
     96AA   C9 04      CMP #&04
     96AC   B0 27      BCS &96D5
     96AE   20 92 96   JSR &9692
     96B1   C9 03      CMP #&03
     96B3   F0 47      BEQ &96FC
     96B5   C9 01      CMP #&01
     96B7   D0 24      BNE &96DD
     96B9   4C 78 99   JMP &9978
.argsv_Y0
     96BC   C9 02      CMP #&02
     96BE   B0 15      BCS &96D5
     96C0   20 92 96   JSR &9692
     96C3   F0 11      BEQ &96D6
     96C5   A9 FF      LDA #&FF
     96C7   95 02      STA &02,X
     96C9   95 03      STA &03,X
     96CB   AD D9 A4   LDA &A4D9
     96CE   95 00      STA &00,X
     96D0   AD DA A4   LDA &A4DA
     96D3   95 01      STA &01,X
.argsv_exit
     96D5   60         RTS
.argsv_filesysnumber
     96D6   A9 04      LDA #&04
     96D8   BA         TSX
     96D9   9D 05 01   STA &0105,X
     96DC   60         RTS
.argsv_rdseqptr_or_filelen
     96DD   20 CC 97   JSR &97CC
     96E0   8C C2 A4   STY &A4C2
     96E3   0A         ASL A
     96E4   6D C2 A4   ADC &A4C2
     96E7   A8         TAY
     96E8   B9 10 A5   LDA &A510,Y
     96EB   95 00      STA &00,X
     96ED   B9 11 A5   LDA &A511,Y
     96F0   95 01      STA &01,X
     96F2   B9 12 A5   LDA &A512,Y
     96F5   95 02      STA &02,X
     96F7   A9 00      LDA #&00
     96F9   95 03      STA &03,X
     96FB   60         RTS
.argsv3
     96FC   20 CC 97   JSR &97CC
     96FF   20 68 99   JSR &9968
     9702   B0 1E      BCS &9722
     9704   B9 10 A5   LDA &A510,Y
     9707   48         PHA
     9708   B9 11 A5   LDA &A511,Y
     970B   48         PHA
     970C   B9 12 A5   LDA &A512,Y
     970F   48         PHA
     9710   20 83 99   JSR &9983
     9713   68         PLA
     9714   99 12 A5   STA &A512,Y
     9717   68         PLA
     9718   99 11 A5   STA &A511,Y
     971B   68         PLA
     971C   99 10 A5   STA &A510,Y
     971F   20 C1 99   JSR &99C1
.truncate
     9722   B9 0C A5   LDA &A50C,Y
     9725   30 2A      BMI &9751
     9727   19 0E A5   ORA &A50E,Y
     972A   30 28      BMI &9754
     972C   A9 20      LDA #&20
     972E   20 37 98   JSR &9837
     9731   B5 00      LDA &00,X
     9733   99 14 A5   STA &A514,Y
     9736   B5 01      LDA &01,X
     9738   99 15 A5   STA &A515,Y
     973B   B5 02      LDA &02,X
     973D   99 16 A5   STA &A516,Y
     9740   8A         TXA
     9741   48         PHA
     9742   20 EA 99   JSR &99EA
     9745   68         PLA
     9746   AA         TAX
     9747   90 03      BCC &974C
     9749   20 B2 99   JSR &99B2
.dontchangeptr
     974C   A9 EF      LDA #&EF
     974E   4C 3E 98   JMP &983E
.filereadonly
     9751   4C 94 98   JMP &9894
.filelocked
     9754   4C AA 93   JMP &93AA
.IsHndlinUse_Yintch
     9757   48         PHA
     9758   8E C5 A4   STX &A4C5
     975B   98         TYA
     975C   29 E0      AND #&E0
     975E   8D C2 A4   STA &A4C2
     9761   F0 13      BEQ &9776
     9763   20 1C 82   JSR &821C
     9766   A8         TAY
     9767   A9 00      LDA #&00
     9769   38         SEC
.hndlinsue_loop
     976A   6A         ROR A
     976B   88         DEY
     976C   D0 FC      BNE &976A
     976E   AC C2 A4   LDY &A4C2
     9771   2C C0 A4   BIT &A4C0
     9774   D0 01      BNE &9777
.hndlinuse_notused_C1
     9776   38         SEC
.hndlinuse_used_C0
     9777   68         PLA
     9778   60         RTS
.conv_Yhndl_intch_exYintch
     9779   48         PHA
     977A   98         TYA
.conv_hndl_X_entry
     977B   C9 10      CMP #&10
     977D   90 04      BCC &9783
     977F   C9 18      CMP #&18
     9781   90 02      BCC &9785
.conv_hndl10
     9783   A9 08      LDA #&08
.conv_hndl18
     9785   20 22 82   JSR &8222
     9788   A8         TAY
     9789   68         PLA
     978A   60         RTS
.ClearEXECSPOOLFileHandle
     978B   A9 C6      LDA #&C6
     978D   20 F8 93   JSR &93F8
     9790   8A         TXA
     9791   F0 09      BEQ &979C
     9793   20 AF 97   JSR &97AF
     9796   D0 04      BNE &979C
     9798   A9 C6      LDA #&C6
     979A   D0 0C      BNE &97A8
.ClearSpoolhandle
     979C   A9 C7      LDA #&C7
     979E   20 F8 93   JSR &93F8
     97A1   20 AF 97   JSR &97AF
     97A4   D0 11      BNE &97B7
     97A6   A9 C7      LDA #&C7
.osbyte_X0Y0
     97A8   A2 00      LDX #&00
     97AA   A0 00      LDY #&00
     97AC   4C F4 FF   JMP &FFF4
.ConvertXhndl_exYintch
     97AF   8A         TXA
     97B0   A8         TAY
     97B1   20 79 97   JSR &9779
     97B4   CC C2 A4   CPY &A4C2
.clrsplhndl_exit
     97B7   60         RTS
.fscv1_EOF_Yhndl
     97B8   48         PHA
     97B9   98         TYA
     97BA   48         PHA
     97BB   8A         TXA
     97BC   A8         TAY
     97BD   20 E7 99   JSR &99E7
     97C0   D0 04      BNE &97C6
     97C2   A2 FF      LDX #&FF
     97C4   D0 02      BNE &97C8
.eof_NOTEND
     97C6   A2 00      LDX #&00
.eof_exit
     97C8   68         PLA
     97C9   A8         TAY
     97CA   68         PLA
.checkchannel_okexit
     97CB   60         RTS
.CheckChannel_Yhndl_exYintch
     97CC   20 79 97   JSR &9779
     97CF   20 57 97   JSR &9757
     97D2   90 F7      BCC &97CB
     97D4   20 8B 97   JSR &978B
.errCHANNEL
     97D7   20 5D 80   JSR &805D
     97DA   DE
     97DB   43 68 61 ...
     97E2   00
.errEOF
     97E3   20 5D 80   JSR &805D
     97E6   DF
     97E7   45 4F 46 
     97EA   00
.BGETV_ENTRY
     97EB   20 1A 84   JSR &841A
     97EE   20 E7 99   JSR &99E7
     97F1   D0 13      BNE &9806
     97F3   B9 17 A5   LDA &A517,Y
     97F6   29 10      AND #&10
     97F8   D0 E9      BNE &97E3
     97FA   A9 10      LDA #&10
     97FC   20 37 98   JSR &9837
     97FF   AE C5 A4   LDX &A4C5
     9802   A9 FE      LDA #&FE
     9804   38         SEC
     9805   60         RTS
.bg_notEOF
     9806   B9 17 A5   LDA &A517,Y
     9809   30 0A      BMI &9815
     980B   20 9D 94   JSR &949D
     980E   20 46 98   JSR &9846
     9811   38         SEC
     9812   20 4E 98   JSR &984E
.bg_samesector1
     9815   20 03 9A   JSR &9A03
     9818   A1 BA      LDA (&BA,X)
     981A   18         CLC
     981B   60         RTS
.CalcBufferSectorForPTR
     981C   18         CLC
     981D   B9 0F A5   LDA &A50F,Y
     9820   79 11 A5   ADC &A511,Y
     9823   85 C3      STA &C3
     9825   99 1C A5   STA &A51C,Y
     9828   B9 0D A5   LDA &A50D,Y
     982B   29 03      AND #&03
     982D   79 12 A5   ADC &A512,Y
     9830   85 C2      STA &C2
     9832   99 1D A5   STA &A51D,Y
.ChannelFlags_SetBit7
     9835   A9 80      LDA #&80
.ChannelFlags_SetBits
     9837   19 17 A5   ORA &A517,Y
     983A   D0 05      BNE &9841
.ChannelFlags_ClearBit7
     983C   A9 7F      LDA #&7F
.ChannelFlags_ClearBits
     983E   39 17 A5   AND &A517,Y
.chnflg_save
     9841   99 17 A5   STA &A517,Y
     9844   18         CLC
     9845   60         RTS
.ChannelBufferToDisk_Yintch
     9846   B9 17 A5   LDA &A517,Y
     9849   29 40      AND #&40
     984B   F0 43      BEQ &9890
     984D   18         CLC
.ChannelBufferRW_Yintch_C1read
     984E   EE DD A4   INC &A4DD
     9851   AC C2 A4   LDY &A4C2
     9854   B9 13 A5   LDA &A513,Y
     9857   85 BD      STA &BD
     9859   A9 FF      LDA #&FF
     985B   8D 74 A4   STA &A474
     985E   8D 75 A4   STA &A475
     9861   A9 00      LDA #&00
     9863   85 BC      STA &BC
     9865   85 C0      STA &C0
     9867   A9 01      LDA #&01
     9869   85 C1      STA &C1
     986B   B0 17      BCS &9884
     986D   B9 1C A5   LDA &A51C,Y
     9870   85 C3      STA &C3
     9872   B9 1D A5   LDA &A51D,Y
     9875   85 C2      STA &C2
     9877   20 BC 88   JSR &88BC
     987A   AC C2 A4   LDY &A4C2
     987D   A9 BF      LDA #&BF
     987F   20 3E 98   JSR &983E
     9882   90 06      BCC &988A
.chnbuf_read
     9884   20 1C 98   JSR &981C
     9887   20 9F 88   JSR &889F
.chnbuf_exit
     988A   CE DD A4   DEC &A4DD
     988D   AC C2 A4   LDY &A4C2
.chnbuf_exit2
     9890   60         RTS
.errFILELOCKED2
     9891   4C AA 93   JMP &93AA
.errFILEREADONLY
     9894   20 5D 80   JSR &805D
     9897   C1
     9898   52 65 61 ...
     98A1   00
.bput_Yintchan
     98A2   20 F1 83   JSR &83F1
     98A5   4C AE 98   JMP &98AE
.BPUTV_ENTRY
     98A8   20 F1 83   JSR &83F1
     98AB   20 CC 97   JSR &97CC
.bp_entry
     98AE   48         PHA
     98AF   B9 0C A5   LDA &A50C,Y
     98B2   30 E0      BMI &9894
     98B4   B9 0E A5   LDA &A50E,Y
     98B7   30 D8      BMI &9891
     98B9   20 9D 94   JSR &949D
     98BC   98         TYA
     98BD   18         CLC
     98BE   69 04      ADC #&04
     98C0   20 EB 99   JSR &99EB
     98C3   D0 66      BNE &992B
     98C5   20 85 94   JSR &9485
     98C8   AE C3 A4   LDX &A4C3
     98CB   38         SEC
     98CC   BD 07 A3   LDA &A307,X
     98CF   FD 0F A3   SBC &A30F,X
     98D2   48         PHA
     98D3   BD 06 A3   LDA &A306,X
     98D6   FD 0E A3   SBC &A30E,X
     98D9   29 03      AND #&03
     98DB   D9 1A A5   CMP &A51A,Y
     98DE   D0 1F      BNE &98FF
     98E0   68         PLA
     98E1   D9 19 A5   CMP &A519,Y
     98E4   D0 34      BNE &991A
     98E6   84 B4      STY &B4
     98E8   8C C2 A4   STY &A4C2
     98EB   20 8B 97   JSR &978B
.errCANTEXTEND
     98EE   20 5D 80   JSR &805D
     98F1   BF
     98F2   43 61 6E ...
     98FE   00
.bp_extendby100
     98FF   B9 1A A5   LDA &A51A,Y
     9902   18         CLC
     9903   69 01      ADC #&01
     9905   99 1A A5   STA &A51A,Y
     9908   0A         ASL A
     9909   0A         ASL A
     990A   0A         ASL A
     990B   0A         ASL A
     990C   5D 0E A3   EOR &A30E,X
     990F   29 30      AND #&30
     9911   5D 0E A3   EOR &A30E,X
     9914   9D 0E A3   STA &A30E,X
     9917   68         PLA
     9918   A9 00      LDA #&00
.bp_extendtogap
     991A   9D 0D A3   STA &A30D,X
     991D   99 19 A5   STA &A519,Y
     9920   A9 00      LDA #&00
     9922   9D 0C A3   STA &A30C,X
     9925   20 D6 AE   JSR &AED6
     9928   AC C2 A4   LDY &A4C2
.bp_noextend
     992B   B9 17 A5   LDA &A517,Y
     992E   30 16      BMI &9946
     9930   20 46 98   JSR &9846
     9933   B9 14 A5   LDA &A514,Y
     9936   D0 0A      BNE &9942
     9938   20 EA 99   JSR &99EA
     993B   D0 05      BNE &9942
     993D   20 1C 98   JSR &981C
     9940   D0 04      BNE &9946
.bp_loadbuf
     9942   38         SEC
     9943   20 4E 98   JSR &984E
.bp_savebyte
     9946   A9 40      LDA #&40
     9948   20 37 98   JSR &9837
     994B   20 03 9A   JSR &9A03
     994E   68         PLA
     994F   81 BA      STA (&BA,X)
     9951   20 EA 99   JSR &99EA
     9954   90 11      BCC &9967
.updext
     9956   A9 20      LDA #&20
     9958   20 37 98   JSR &9837
     995B   A2 02      LDX #&02
.bp_setextloop
     995D   B9 10 A5   LDA &A510,Y
     9960   99 14 A5   STA &A514,Y
     9963   C8         INY
     9964   CA         DEX
     9965   10 F6      BPL &995D
.bp_exit
     9967   60         RTS
.cmptoEXT
     9968   B9 14 A5   LDA &A514,Y
     996B   D5 00      CMP &00,X
     996D   B9 15 A5   LDA &A515,Y
     9970   F5 01      SBC &01,X
     9972   B9 16 A5   LDA &A516,Y
     9975   F5 02      SBC &02,X
     9977   60         RTS
.argsv_WriteSeqPointer
     9978   20 F1 83   JSR &83F1
     997B   20 CC 97   JSR &97CC
.wsploop
     997E   20 68 99   JSR &9968
     9981   B0 2F      BCS &99B2
.argsextendloop
     9983   B9 14 A5   LDA &A514,Y
     9986   99 10 A5   STA &A510,Y
     9989   B9 15 A5   LDA &A515,Y
     998C   99 11 A5   STA &A511,Y
     998F   B9 16 A5   LDA &A516,Y
     9992   99 12 A5   STA &A512,Y
     9995   20 C1 99   JSR &99C1
     9998   A5 B6      LDA &B6
     999A   48         PHA
     999B   A5 B7      LDA &B7
     999D   48         PHA
     999E   A5 B8      LDA &B8
     99A0   48         PHA
     99A1   A9 00      LDA #&00
     99A3   20 A2 98   JSR &98A2
     99A6   68         PLA
     99A7   85 B8      STA &B8
     99A9   68         PLA
     99AA   85 B7      STA &B7
     99AC   68         PLA
     99AD   85 B6      STA &B6
     99AF   4C 7E 99   JMP &997E
.SetSeqPointer_Yintch
     99B2   B5 00      LDA &00,X
     99B4   99 10 A5   STA &A510,Y
     99B7   B5 01      LDA &01,X
     99B9   99 11 A5   STA &A511,Y
     99BC   B5 02      LDA &02,X
     99BE   99 12 A5   STA &A512,Y
.IsSeqPointerInBuffer_Yintch
     99C1   A9 6F      LDA #&6F
     99C3   20 3E 98   JSR &983E
     99C6   B9 0F A5   LDA &A50F,Y
     99C9   79 11 A5   ADC &A511,Y
     99CC   8D C4 A4   STA &A4C4
     99CF   B9 0D A5   LDA &A50D,Y
     99D2   29 03      AND #&03
     99D4   79 12 A5   ADC &A512,Y
     99D7   D9 1D A5   CMP &A51D,Y
     99DA   D0 8B      BNE &9967
     99DC   AD C4 A4   LDA &A4C4
     99DF   D9 1C A5   CMP &A51C,Y
     99E2   D0 83      BNE &9967
     99E4   4C 35 98   JMP &9835
.CheckChannel_Yhndl_exYintch_TYA_CmpPTR
     99E7   20 CC 97   JSR &97CC
.TYA_CmpPTR
     99EA   98         TYA
.CmpPTR
     99EB   AA         TAX
     99EC   B9 12 A5   LDA &A512,Y
     99EF   DD 16 A5   CMP &A516,X
     99F2   D0 0E      BNE &9A02
     99F4   B9 11 A5   LDA &A511,Y
     99F7   DD 15 A5   CMP &A515,X
     99FA   D0 06      BNE &9A02
     99FC   B9 10 A5   LDA &A510,Y
     99FF   DD 14 A5   CMP &A514,X
.cmpPE_exit
     9A02   60         RTS
.load_then_incSeqPtr_Yintch
     9A03   B9 10 A5   LDA &A510,Y
     9A06   85 BA      STA &BA
     9A08   B9 13 A5   LDA &A513,Y
     9A0B   85 BB      STA &BB
     9A0D   98         TYA
     9A0E   AA         TAX
     9A0F   FE 10 A5   INC &A510,X
     9A12   D0 0B      BNE &9A1F
     9A14   20 3C 98   JSR &983C
     9A17   FE 11 A5   INC &A511,X
     9A1A   D0 03      BNE &9A1F
     9A1C   FE 12 A5   INC &A512,X
.samesector
     9A1F   A2 00      LDX #&00
     9A21   60         RTS
.CMD_MMFS
     9A22   98         TYA
     9A23   A2 00      LDX #&00
     9A25   A0 14      LDY #&14
.Prthelp_Xtable
     9A27   48         PHA
     9A28   20 9A 80   JSR &809A
     9A2B   0D
Macro SYSTEM_NAME:
     9A2C   4D 4D 46 ...
End macro SYSTEM_NAME
     9A30   20
     9A31   86 BF      STX &BF
     9A33   84 B7      STY &B7
     9A35   A2 00      LDX #&00
.verloop
     9A37   BD 1F 80   LDA &801F,X
     9A3A   F0 06      BEQ &9A42
     9A3C   20 D9 80   JSR &80D9
     9A3F   E8         INX
     9A40   D0 F5      BNE &9A37
.verex
     9A42   A9 0D      LDA #&0D
     9A44   20 D9 80   JSR &80D9
.help_dfs_loop
     9A47   A9 00      LDA #&00
     9A49   85 B9      STA &B9
     9A4B   A0 01      LDY #&01
     9A4D   20 05 9B   JSR &9B05
     9A50   20 A0 9A   JSR &9AA0
     9A53   20 78 83   JSR &8378
     9A56   C6 B7      DEC &B7
     9A58   D0 ED      BNE &9A47
     9A5A   68         PLA
     9A5B   A8         TAY
.morehelp
     9A5C   A2 A8      LDX #&A8
     9A5E   4C 81 87   JMP &8781
.CMD_DUTILS
     9A61   98         TYA
     9A62   A2 BC      LDX #&BC
     9A64   A0 0A      LDY #&0A
     9A66   D0 BF      BNE &9A27
.CMD_UTILS
     9A68   98         TYA
     9A69   A2 76      LDX #&76
     9A6B   A0 05      LDY #&05
     9A6D   D0 B8      BNE &9A27
.CMD_NOTHELPTBL
     9A6F   20 BE 81   JSR &81BE
     9A72   F0 7E      BEQ &9AF2
.cmd_nothelptlb_loop
     9A74   20 A3 81   JSR &81A3
     9A77   90 FB      BCC &9A74
     9A79   B0 E1      BCS &9A5C
.Param_SyntaxErrorIfNull
     9A7B   20 BE 81   JSR &81BE
     9A7E   F0 07      BEQ &9A87
     9A80   60         RTS
.Param_SyntaxErrorIfNotNull
     9A81   20 BE 81   JSR &81BE
     9A84   D0 01      BNE &9A87
     9A86   60         RTS
.errSYNTAX
     9A87   20 6D 80   JSR &806D
     9A8A   DC
     9A8B   53 79 6E ...
     9A93   86 B9      STX &B9
     9A95   20 A0 9A   JSR &9AA0
     9A98   A9 00      LDA #&00
     9A9A   20 F3 9A   JSR &9AF3
     9A9D   4C 00 01   JMP &0100
.prtcmdAtBCadd1
     9AA0   A9 07      LDA #&07
     9AA2   85 B8      STA &B8
     9AA4   A6 BF      LDX &BF
     9AA6   E0 BC      CPX #&BC
     9AA8   90 05      BCC &9AAF
     9AAA   A9 44      LDA #&44
     9AAC   20 F3 9A   JSR &9AF3
.prtcmdloop
     9AAF   E8         INX
     9AB0   BD 16 86   LDA &8616,X
     9AB3   30 06      BMI &9ABB
     9AB5   20 F3 9A   JSR &9AF3
     9AB8   4C AF 9A   JMP &9AAF
.prtcmdloop_exit
     9ABB   A4 B8      LDY &B8
     9ABD   30 03      BMI &9AC2
     9ABF   20 05 9B   JSR &9B05
.prtcmdnospcs
     9AC2   86 BF      STX &BF
     9AC4   BD 16 86   LDA &8616,X
     9AC7   29 7F      AND #&7F
     9AC9   20 CF 9A   JSR &9ACF
     9ACC   20 1D 82   JSR &821D
.prtcmdparam
     9ACF   20 F1 83   JSR &83F1
     9AD2   29 0F      AND #&0F
     9AD4   F0 1C      BEQ &9AF2
     9AD6   A8         TAY
     9AD7   A9 20      LDA #&20
     9AD9   20 F3 9A   JSR &9AF3
     9ADC   A2 FF      LDX #&FF
.prtcmdparam_findloop
     9ADE   E8         INX
     9ADF   BD 12 9B   LDA &9B12,X
     9AE2   10 FA      BPL &9ADE
     9AE4   88         DEY
     9AE5   D0 F7      BNE &9ADE
     9AE7   29 7F      AND #&7F
.prtcmdparam_loop
     9AE9   20 F3 9A   JSR &9AF3
     9AEC   E8         INX
     9AED   BD 12 9B   LDA &9B12,X
     9AF0   10 F7      BPL &9AE9
.prtcmdparamexit
     9AF2   60         RTS
.prtcmd_prtchr
     9AF3   20 F1 83   JSR &83F1
     9AF6   A6 B9      LDX &B9
     9AF8   F0 06      BEQ &9B00
     9AFA   E6 B9      INC &B9
     9AFC   9D 00 01   STA &0100,X
     9AFF   60         RTS
.prtcmdparam_prtchr
     9B00   C6 B8      DEC &B8
     9B02   4C D9 80   JMP &80D9
.prtcmd_Print_Y_Spaces_IfNotErr
     9B05   A5 B9      LDA &B9
     9B07   D0 08      BNE &9B11
     9B09   A9 20      LDA #&20
.prtcmd_yspc_loop
     9B0B   20 F3 9A   JSR &9AF3
     9B0E   88         DEY
     9B0F   10 FA      BPL &9B0B
.prtcmd_yspc_exit
     9B11   60         RTS
.parametertable
     9B12   BC
     9B13   64 72 69 ...
     9B19   BC
     9B1A   61 66 73 ...
     9B1F   A8
     9B20   4C 29 
     9B22   A8
     9B23   3C 64 72 ...
     9B2B   A8
     9B2C   3C 64 72 ...
     9B37   A8
     9B38   3C 64 69 ...
     9B3E   BC
     9B3F   64 6E 6F ...
     9B49   BC
     9B4A   66 73 70 ...
     9B4E   D0
     9B4F   2F 55 2F ...
     9B57   BC
     9B58   74 69 74 ...
     9B5E   A8
     9B5F   3C 6E 75 ...
     9B65   BC
     9B66   73 6F 75 ...
     9B75   BC
     9B76   6F 6C 64 ...
     9B88   A8
     9B89   28 3C 66 ...
     9BA4   B4
     9BA5   30 2F 38 ...
     9BA9   FF
.CMD_COMPACT
     9BAA   20 0A 8C   JSR &8C0A
     9BAD   20 9A 80   JSR &809A
     9BB0   43 6F 6D ...
     9BBC   8D D1 A4   STA &A4D1
     9BBF   8D D2 A4   STA &A4D2
     9BC2   20 00 81   JSR &8100
     9BC5   20 78 83   JSR &8378
     9BC8   A0 00      LDY #&00
     9BCA   20 CB 94   JSR &94CB
     9BCD   20 E2 93   JSR &93E2
     9BD0   20 C5 AE   JSR &AEC5
     9BD3   AC 05 A3   LDY &A305
     9BD6   84 CA      STY &CA
     9BD8   A9 02      LDA #&02
     9BDA   85 C8      STA &C8
     9BDC   A9 00      LDA #&00
     9BDE   85 C9      STA &C9
.compact_loop
     9BE0   A4 CA      LDY &CA
     9BE2   20 C0 82   JSR &82C0
     9BE5   C0 F8      CPY #&F8
     9BE7   D0 28      BNE &9C11
     9BE9   AD 07 A3   LDA &A307
     9BEC   38         SEC
     9BED   E5 C8      SBC &C8
     9BEF   48         PHA
     9BF0   AD 06 A3   LDA &A306
     9BF3   29 03      AND #&03
     9BF5   E5 C9      SBC &C9
     9BF7   20 00 81   JSR &8100
     9BFA   68         PLA
     9BFB   20 F8 80   JSR &80F8
     9BFE   20 9A 80   JSR &809A
     9C01   20 66 72 ...
     9C0E   0D
     9C0F   EA         NOP
     9C10   60         RTS
.compact_checkfile
     9C11   84 CA      STY &CA
     9C13   20 42 83   JSR &8342
     9C16   A4 CA      LDY &CA
     9C18   B9 0C A3   LDA &A30C,Y
     9C1B   C9 01      CMP #&01
     9C1D   A9 00      LDA #&00
     9C1F   85 BC      STA &BC
     9C21   85 C0      STA &C0
     9C23   79 0D A3   ADC &A30D,Y
     9C26   85 C4      STA &C4
     9C28   B9 0E A3   LDA &A30E,Y
     9C2B   08         PHP
     9C2C   20 15 82   JSR &8215
     9C2F   28         PLP
     9C30   69 00      ADC #&00
     9C32   85 C5      STA &C5
     9C34   B9 0F A3   LDA &A30F,Y
     9C37   85 C6      STA &C6
     9C39   B9 0E A3   LDA &A30E,Y
     9C3C   29 03      AND #&03
     9C3E   85 C7      STA &C7
     9C40   C5 C9      CMP &C9
     9C42   D0 14      BNE &9C58
     9C44   A5 C6      LDA &C6
     9C46   C5 C8      CMP &C8
     9C48   D0 0E      BNE &9C58
     9C4A   18         CLC
     9C4B   65 C4      ADC &C4
     9C4D   85 C8      STA &C8
     9C4F   A5 C9      LDA &C9
     9C51   65 C5      ADC &C5
     9C53   85 C9      STA &C9
     9C55   4C 70 9C   JMP &9C70
.compact_movefile
     9C58   A5 C8      LDA &C8
     9C5A   99 0F A3   STA &A30F,Y
     9C5D   B9 0E A3   LDA &A30E,Y
     9C60   29 FC      AND #&FC
     9C62   05 C9      ORA &C9
     9C64   99 0E A3   STA &A30E,Y
     9C67   20 D6 AE   JSR &AED6
     9C6A   20 06 9E   JSR &9E06
     9C6D   20 BA AE   JSR &AEBA
.compact_fileinfo
     9C70   A4 CA      LDY &CA
     9C72   20 47 83   JSR &8347
     9C75   4C E0 9B   JMP &9BE0
.IsEnabledOrGo
     9C78   2C C7 A4   BIT &A4C7
     9C7B   10 07      BPL &9C84
     9C7D   20 CF 9C   JSR &9CCF
     9C80   F0 02      BEQ &9C84
     9C82   68         PLA
     9C83   68         PLA
.isgo
.isgoalready
     9C84   60         RTS
.Get_CopyDATA_Drives
     9C85   20 0F 8C   JSR &8C0F
     9C88   8D D1 A4   STA &A4D1
     9C8B   20 0F 8C   JSR &8C0F
     9C8E   8D D2 A4   STA &A4D2
     9C91   CD D1 A4   CMP &A4D1
     9C94   F0 2E      BEQ &9CC4
     9C96   98         TYA
     9C97   48         PHA
     9C98   20 E2 93   JSR &93E2
     9C9B   20 9A 80   JSR &809A
     9C9E   43 6F 70 ...
     9CAC   AD D1 A4   LDA &A4D1
     9CAF   20 97 80   JSR &8097
     9CB2   20 74 6F ...
     9CB7   AD D2 A4   LDA &A4D2
     9CBA   20 00 81   JSR &8100
     9CBD   20 78 83   JSR &8378
     9CC0   68         PLA
     9CC1   A8         TAY
     9CC2   18         CLC
     9CC3   60         RTS
.baddrv
     9CC4   4C 22 8C   JMP &8C22
.ConfirmYNcolon
     9CC7   20 9A 80   JSR &809A
     9CCA   20 3A 20 
     9CCD   90 0F      BCC &9CDE
.GoYN
     9CCF   20 9A 80   JSR &809A
     9CD2   47 6F 20 ...
     9CDD   EA         NOP
.ConfirmYN
     9CDE   20 F7 9C   JSR &9CF7
     9CE1   20 E0 FF   JSR &FFE0
     9CE4   B0 1D      BCS &9D03
     9CE6   29 5F      AND #&5F
     9CE8   C9 59      CMP #&59
     9CEA   08         PHP
     9CEB   F0 02      BEQ &9CEF
     9CED   A9 4E      LDA #&4E
.confYN
     9CEF   20 D9 80   JSR &80D9
     9CF2   20 78 83   JSR &8378
     9CF5   28         PLP
     9CF6   60         RTS
.osbyte0F_flushinbuf2
     9CF7   20 F1 83   JSR &83F1
     9CFA   A9 0F      LDA #&0F
     9CFC   A2 01      LDX #&01
     9CFE   A0 00      LDY #&00
     9D00   4C F4 FF   JMP &FFF4
.err_ESCAPE
     9D03   4C 1F 8D   JMP &8D1F
.err_DISKFULL2
     9D06   4C A8 8A   JMP &8AA8
.CMD_BACKUP
     9D09   20 85 9C   JSR &9C85
     9D0C   20 78 9C   JSR &9C78
     9D0F   A9 00      LDA #&00
     9D11   85 C7      STA &C7
     9D13   85 C9      STA &C9
     9D15   85 C8      STA &C8
     9D17   85 C6      STA &C6
     9D19   AD D1 A4   LDA &A4D1
     9D1C   85 CD      STA &CD
     9D1E   20 C8 AE   JSR &AEC8
     9D21   AD 07 A3   LDA &A307
     9D24   85 C4      STA &C4
     9D26   AD 06 A3   LDA &A306
     9D29   29 03      AND #&03
     9D2B   85 C5      STA &C5
     9D2D   AD D2 A4   LDA &A4D2
     9D30   85 CD      STA &CD
     9D32   20 C8 AE   JSR &AEC8
     9D35   AD 06 A3   LDA &A306
     9D38   29 03      AND #&03
     9D3A   C5 C5      CMP &C5
     9D3C   90 C8      BCC &9D06
     9D3E   D0 07      BNE &9D47
     9D40   AD 07 A3   LDA &A307
     9D43   C5 C4      CMP &C4
     9D45   90 BF      BCC &9D06
.backup_copy
     9D47   20 06 9E   JSR &9E06
     9D4A   20 C8 AE   JSR &AEC8
     9D4D   A2 0A      LDX #&0A
.tloop
     9D4F   E0 08      CPX #&08
     9D51   90 05      BCC &9D58
     9D53   BD F8 A2   LDA &A2F8,X
     9D56   B0 03      BCS &9D5B
.tskip1
     9D58   BD 00 A2   LDA &A200,X
.tskip2
     9D5B   9D 00 A4   STA &A400,X
     9D5E   CA         DEX
     9D5F   10 EE      BPL &9D4F
.UpdateDiskTableTitle
     9D61   20 42 AF   JSR &AF42
     9D64   A0 0B      LDY #&0B
.loop
     9D66   B9 00 A4   LDA &A400,Y
     9D69   91 B0      STA (&B0),Y
     9D6B   88         DEY
     9D6C   10 F8      BPL &9D66
     9D6E   4C 14 B0   JMP &B014
.CMD_COPY
     9D71   20 00 93   JSR &9300
     9D74   20 85 9C   JSR &9C85
     9D77   20 7B 9A   JSR &9A7B
     9D7A   20 47 81   JSR &8147
     9D7D   AD D1 A4   LDA &A4D1
     9D80   85 CD      STA &CD
     9D82   20 36 82   JSR &8236
.copy_loop1
     9D85   A5 CC      LDA &CC
     9D87   48         PHA
     9D88   A5 B6      LDA &B6
     9D8A   48         PHA
     9D8B   20 47 83   JSR &8347
     9D8E   A2 00      LDX #&00
.copy_loop2
     9D90   B9 08 A2   LDA &A208,Y
     9D93   95 C5      STA &C5,X
     9D95   9D 50 A4   STA &A450,X
     9D98   B9 08 A3   LDA &A308,Y
     9D9B   95 BB      STA &BB,X
     9D9D   9D 47 A4   STA &A447,X
     9DA0   E8         INX
     9DA1   C8         INY
     9DA2   E0 08      CPX #&08
     9DA4   D0 EA      BNE &9D90
     9DA6   20 F6 9D   JSR &9DF6
     9DA9   AD D2 A4   LDA &A4D2
     9DAC   20 EB 8A   JSR &8AEB
     9DAF   A5 C2      LDA &C2
     9DB1   29 03      AND #&03
     9DB3   48         PHA
     9DB4   A5 C3      LDA &C3
     9DB6   48         PHA
     9DB7   20 F6 9D   JSR &9DF6
     9DBA   68         PLA
     9DBB   85 C8      STA &C8
     9DBD   68         PLA
     9DBE   85 C9      STA &C9
     9DC0   A5 C1      LDA &C1
     9DC2   20 15 82   JSR &8215
     9DC5   AA         TAX
     9DC6   A5 BF      LDA &BF
     9DC8   C9 01      CMP #&01
     9DCA   A5 C0      LDA &C0
     9DCC   69 00      ADC #&00
     9DCE   85 C4      STA &C4
     9DD0   8A         TXA
     9DD1   69 00      ADC #&00
     9DD3   85 C5      STA &C5
     9DD5   A5 C2      LDA &C2
     9DD7   85 C6      STA &C6
     9DD9   A5 C1      LDA &C1
     9DDB   29 03      AND #&03
     9DDD   85 C7      STA &C7
     9DDF   20 06 9E   JSR &9E06
     9DE2   AD D1 A4   LDA &A4D1
     9DE5   85 CD      STA &CD
     9DE7   20 C5 AE   JSR &AEC5
     9DEA   68         PLA
     9DEB   85 B6      STA &B6
     9DED   68         PLA
     9DEE   85 CC      STA &CC
     9DF0   20 82 82   JSR &8282
     9DF3   B0 90      BCS &9D85
     9DF5   60         RTS
.cd_swapvars
     9DF6   A2 11      LDX #&11
.cd_swapvars_loop
     9DF8   BC 45 A4   LDY &A445,X
     9DFB   B5 BA      LDA &BA,X
     9DFD   94 BA      STY &BA,X
     9DFF   9D 45 A4   STA &A445,X
     9E02   CA         DEX
     9E03   10 F3      BPL &9DF8
     9E05   60         RTS
.CopyDATABLOCK
     9E06   A9 00      LDA #&00
     9E08   85 BC      STA &BC
     9E0A   85 C0      STA &C0
     9E0C   AD CF A4   LDA &A4CF
     9E0F   85 BD      STA &BD
     9E11   F0 57      BEQ &9E6A
.cd_loop
     9E13   A4 C4      LDY &C4
     9E15   CC D0 A4   CPY &A4D0
     9E18   A5 C5      LDA &C5
     9E1A   E9 00      SBC #&00
     9E1C   90 03      BCC &9E21
     9E1E   AC D0 A4   LDY &A4D0
.cd_part
     9E21   84 C1      STY &C1
     9E23   A5 C6      LDA &C6
     9E25   85 C3      STA &C3
     9E27   A5 C7      LDA &C7
     9E29   85 C2      STA &C2
     9E2B   AD D1 A4   LDA &A4D1
     9E2E   85 CD      STA &CD
     9E30   20 DA 8B   JSR &8BDA
     9E33   20 9F 88   JSR &889F
     9E36   AD D2 A4   LDA &A4D2
     9E39   85 CD      STA &CD
     9E3B   A5 C8      LDA &C8
     9E3D   85 C3      STA &C3
     9E3F   A5 C9      LDA &C9
     9E41   85 C2      STA &C2
     9E43   20 DA 8B   JSR &8BDA
     9E46   20 BC 88   JSR &88BC
     9E49   A5 C1      LDA &C1
     9E4B   18         CLC
     9E4C   65 C8      ADC &C8
     9E4E   85 C8      STA &C8
     9E50   90 02      BCC &9E54
     9E52   E6 C9      INC &C9
.cd_inc1
     9E54   A5 C1      LDA &C1
     9E56   18         CLC
     9E57   65 C6      ADC &C6
     9E59   85 C6      STA &C6
     9E5B   90 02      BCC &9E5F
     9E5D   E6 C7      INC &C7
.cd_inc2
     9E5F   38         SEC
     9E60   A5 C4      LDA &C4
     9E62   E5 C1      SBC &C1
     9E64   85 C4      STA &C4
     9E66   B0 02      BCS &9E6A
     9E68   C6 C5      DEC &C5
.cd_loopentry
     9E6A   A5 C4      LDA &C4
     9E6C   05 C5      ORA &C5
     9E6E   D0 A3      BNE &9E13
     9E70   60         RTS
.CMD_VERIFY
     9E71   A9 00      LDA #&00
     9E73   F0 02      BEQ &9E77
.CMD_FORM
     9E75   A9 FF      LDA #&FF
.vform1
     9E77   85 C9      STA &C9
     9E79   85 B2      STA &B2
     9E7B   10 18      BPL &9E95
     9E7D   20 7B 9A   JSR &9A7B
     9E80   20 5E 84   JSR &845E
     9E83   B0 0D      BCS &9E92
     9E85   0A         ASL A
     9E86   D0 0A      BNE &9E92
     9E88   86 B5      STX &B5
     9E8A   E0 28      CPX #&28
     9E8C   F0 07      BEQ &9E95
     9E8E   E0 50      CPX #&50
     9E90   F0 03      BEQ &9E95
.vform2_syntax
     9E92   4C 87 9A   JMP &9A87
.vform3_ok
     9E95   20 BE 81   JSR &81BE
     9E98   84 CA      STY &CA
     9E9A   D0 49      BNE &9EE5
     9E9C   24 C9      BIT &C9
     9E9E   30 0B      BMI &9EAB
     9EA0   20 9A 80   JSR &809A
     9EA3   56 65 72 ...
     9EA9   90 0A      BCC &9EB5
.vform4_form
     9EAB   20 9A 80   JSR &809A
     9EAE   46 6F 72 ...
     9EB4   EA         NOP
.vform4_askdrive
     9EB5   20 9A 80   JSR &809A
     9EB8   20 77 68 ...
     9EC7   EA         NOP
     9EC8   20 E0 FF   JSR &FFE0
     9ECB   B0 2F      BCS &9EFC
     9ECD   C9 20      CMP #&20
     9ECF   90 2E      BCC &9EFF
     9ED1   20 D9 80   JSR &80D9
     9ED4   38         SEC
     9ED5   E9 30      SBC #&30
     9ED7   C9 04      CMP #&04
     9ED9   B0 24      BCS &9EFF
     9EDB   85 CD      STA &CD
     9EDD   20 78 83   JSR &8378
     9EE0   A4 CA      LDY &CA
     9EE2   4C E8 9E   JMP &9EE8
.vform5_driveloop
     9EE5   20 12 8C   JSR &8C12
.vform6_drivein
     9EE8   84 CA      STY &CA
     9EEA   24 B2      BIT &B2
     9EEC   10 03      BPL &9EF1
     9EEE   20 78 9C   JSR &9C78
.vform7_go
     9EF1   20 02 9F   JSR &9F02
     9EF4   A4 CA      LDY &CA
     9EF6   20 BE 81   JSR &81BE
     9EF9   D0 EA      BNE &9EE5
     9EFB   60         RTS
.jmp_reportEscape
     9EFC   4C 1F 8D   JMP &8D1F
.jmp_errBadDrive
     9EFF   4C 22 8C   JMP &8C22
.VFCurDrv
     9F02   24 C9      BIT &C9
     9F04   30 11      BMI &9F17
     9F06   20 58 AD   JSR &AD58
     9F09   20 9A 80   JSR &809A
     9F0C   56 65 72 ...
     9F15   90 18      BCC &9F2F
.vf1
     9F17   38         SEC
     9F18   20 59 AD   JSR &AD59
     9F1B   20 BB 9F   JSR &9FBB
     9F1E   20 9A 80   JSR &809A
     9F21   46 6F 72 ...
     9F2B   A6 CD      LDX &CD
     9F2D   86 B2      STX &B2
.vf2
     9F2F   20 9A 80   JSR &809A
     9F32   20 64 72 ...
     9F39   A5 CD      LDA &CD
     9F3B   20 97 80   JSR &8097
     9F3E   20 74 72 ...
     9F47   EA         NOP
     9F48   24 C9      BIT &C9
     9F4A   30 29      BMI &9F75
     9F4C   20 C8 AE   JSR &AEC8
     9F4F   AD 06 A3   LDA &A306
     9F52   29 03      AND #&03
     9F54   AA         TAX
     9F55   AD 07 A3   LDA &A307
     9F58   A0 0A      LDY #&0A
     9F5A   84 B0      STY &B0
     9F5C   A0 FF      LDY #&FF
.trkloop1
     9F5E   38         SEC
.trkloop2
     9F5F   C8         INY
     9F60   E5 B0      SBC &B0
     9F62   B0 FB      BCS &9F5F
     9F64   CA         DEX
     9F65   10 F7      BPL &9F5E
     9F67   65 B0      ADC &B0
     9F69   48         PHA
     9F6A   98         TYA
     9F6B   AA         TAX
     9F6C   68         PLA
     9F6D   F0 01      BEQ &9F70
     9F6F   E8         INX
.trkex
     9F70   8A         TXA
     9F71   F0 45      BEQ &9FB8
     9F73   85 B5      STA &B5
.vf4
     9F75   A2 FF      LDX #&FF
     9F77   8E 82 A4   STX &A482
     9F7A   E8         INX
     9F7B   86 B4      STX &B4
.vf5_trackloop
     9F7D   A9 08      LDA #&08
     9F7F   20 D9 80   JSR &80D9
     9F82   20 D9 80   JSR &80D9
     9F85   A5 B4      LDA &B4
     9F87   20 F8 80   JSR &80F8
     9F8A   20 ED AE   JSR &AEED
     9F8D   E6 B4      INC &B4
     9F8F   A5 B4      LDA &B4
     9F91   C5 B5      CMP &B5
     9F93   D0 E8      BNE &9F7D
     9F95   24 C9      BIT &C9
     9F97   10 1F      BPL &9FB8
     9F99   20 9F B9   JSR &B99F
     9F9C   20 BB 9F   JSR &9FBB
     9F9F   A5 B5      LDA &B5
     9FA1   C9 28      CMP #&28
     9FA3   D0 06      BNE &9FAB
     9FA5   A0 01      LDY #&01
     9FA7   A2 90      LDX #&90
     9FA9   D0 04      BNE &9FAF
.vf7
     9FAB   A0 03      LDY #&03
     9FAD   A2 20      LDX #&20
.vf8
     9FAF   8E 07 A3   STX &A307
     9FB2   8C 06 A3   STY &A306
     9FB5   20 D6 AE   JSR &AED6
.vf6_exit
     9FB8   4C 78 83   JMP &8378
.ClearCatalogue
     9FBB   A0 FF      LDY #&FF
     9FBD   8C 82 A4   STY &A482
     9FC0   C8         INY
     9FC1   98         TYA
.ccatloop
     9FC2   99 00 A2   STA &A200,Y
     9FC5   99 00 A3   STA &A300,Y
     9FC8   C8         INY
     9FC9   D0 F7      BNE &9FC2
     9FCB   60         RTS
.CMD_FREE
     9FCC   38         SEC
     9FCD   B0 01      BCS &9FD0
.CMD_MAP
     9FCF   18         CLC
.Label_A7F7
     9FD0   66 C6      ROR &C6
     9FD2   20 0A 8C   JSR &8C0A
     9FD5   20 C5 AE   JSR &AEC5
     9FD8   24 C6      BIT &C6
     9FDA   30 15      BMI &9FF1
     9FDC   20 BA 80   JSR &80BA
     9FDF   41 64 64 ...
     9FF0   0D
.Label_A818_free
     9FF1   AD 06 A3   LDA &A306
     9FF4   29 03      AND #&03
     9FF6   85 C5      STA &C5
     9FF8   85 C2      STA &C2
     9FFA   AD 07 A3   LDA &A307
     9FFD   85 C4      STA &C4
     9FFF   38         SEC
     A000   E9 02      SBC #&02
     A002   85 C1      STA &C1
     A004   B0 02      BCS &A008
     A006   C6 C2      DEC &C2
.Label_A82F
     A008   A9 02      LDA #&02
     A00A   85 BB      STA &BB
     A00C   A9 00      LDA #&00
     A00E   85 BC      STA &BC
     A010   85 BF      STA &BF
     A012   85 C0      STA &C0
     A014   AD 05 A3   LDA &A305
     A017   29 F8      AND #&F8
     A019   A8         TAY
     A01A   F0 26      BEQ &A042
     A01C   D0 11      BNE &A02F
.Label_A845_fileloop
     A01E   20 B1 A0   JSR &A0B1
     A021   20 C0 82   JSR &82C0
     A024   A5 C4      LDA &C4
     A026   38         SEC
     A027   E5 BB      SBC &BB
     A029   A5 C5      LDA &C5
     A02B   E5 BC      SBC &BC
     A02D   90 13      BCC &A042
.Label_A856_fileloop_entry
     A02F   B9 07 A3   LDA &A307,Y
     A032   38         SEC
     A033   E5 BB      SBC &BB
     A035   85 C1      STA &C1
     A037   B9 06 A3   LDA &A306,Y
     A03A   29 03      AND #&03
     A03C   E5 BC      SBC &BC
     A03E   85 C2      STA &C2
     A040   90 DC      BCC &A01E
.Label_A86B_nofiles
     A042   84 BD      STY &BD
     A044   24 C6      BIT &C6
     A046   30 2B      BMI &A073
     A048   A5 C1      LDA &C1
     A04A   05 C2      ORA &C2
     A04C   F0 25      BEQ &A073
     A04E   A5 BC      LDA &BC
     A050   20 10 81   JSR &8110
     A053   A5 BB      LDA &BB
     A055   20 08 81   JSR &8108
     A058   20 BA 80   JSR &80BA
     A05B   20 20 20 ...
     A063   A5 C2      LDA &C2
     A065   20 10 81   JSR &8110
     A068   A5 C1      LDA &C1
     A06A   20 08 81   JSR &8108
     A06D   20 E7 FF   JSR &FFE7
     A070   20 B1 A0   JSR &A0B1
.Label_A87A_free
     A073   A5 C1      LDA &C1
     A075   18         CLC
     A076   65 BF      ADC &BF
     A078   85 BF      STA &BF
     A07A   A5 C2      LDA &C2
     A07C   65 C0      ADC &C0
     A07E   85 C0      STA &C0
     A080   A4 BD      LDY &BD
     A082   D0 9A      BNE &A01E
     A084   24 C6      BIT &C6
     A086   10 28      BPL &A0B0
     A088   A8         TAY
     A089   A6 BF      LDX &BF
     A08B   A9 F8      LDA #&F8
     A08D   38         SEC
     A08E   ED 05 A3   SBC &A305
     A091   20 DB A0   JSR &A0DB
     A094   46 72 65 ...
     A098   0D
     A099   A5 C4      LDA &C4
     A09B   38         SEC
     A09C   E5 BF      SBC &BF
     A09E   AA         TAX
     A09F   A5 C5      LDA &C5
     A0A1   E5 C0      SBC &C0
     A0A3   A8         TAY
     A0A4   AD 05 A3   LDA &A305
     A0A7   20 DB A0   JSR &A0DB
     A0AA   55 73 65 ...
     A0AE   0D
     A0AF   EA         NOP
.Label_A8BD_rst
     A0B0   60         RTS
.Sub_A8E2_nextblock
     A0B1   B9 06 A3   LDA &A306,Y
     A0B4   48         PHA
     A0B5   20 15 82   JSR &8215
     A0B8   85 BC      STA &BC
     A0BA   68         PLA
     A0BB   29 03      AND #&03
     A0BD   18         CLC
     A0BE   65 BC      ADC &BC
     A0C0   85 BC      STA &BC
     A0C2   B9 04 A3   LDA &A304,Y
     A0C5   C9 01      CMP #&01
     A0C7   A9 00      LDA #&00
     A0C9   79 05 A3   ADC &A305,Y
     A0CC   90 02      BCC &A0D0
     A0CE   E6 BC      INC &BC
.Label_A902
     A0D0   18         CLC
     A0D1   79 07 A3   ADC &A307,Y
     A0D4   85 BB      STA &BB
     A0D6   90 02      BCC &A0DA
     A0D8   E6 BC      INC &BC
.Label_A90C
     A0DA   60         RTS
.Sub_A90D_freeinfo
     A0DB   4A         LSR A
     A0DC   4A         LSR A
     A0DD   4A         LSR A
     A0DE   20 05 81   JSR &8105
     A0E1   20 BA 80   JSR &80BA
     A0E4   20 46 69 ...
     A0EB   86 BC      STX &BC
     A0ED   84 BD      STY &BD
     A0EF   98         TYA
     A0F0   20 10 81   JSR &8110
     A0F3   8A         TXA
     A0F4   20 08 81   JSR &8108
     A0F7   20 BA 80   JSR &80BA
     A0FA   20 53 65 ...
     A103   A9 00      LDA #&00
     A105   85 BB      STA &BB
     A107   85 BE      STA &BE
     A109   A2 1F      LDX #&1F
     A10B   86 C1      STX &C1
     A10D   A2 09      LDX #&09
.Label_A941_loop1
     A10F   9D 00 A4   STA &A400,X
     A112   CA         DEX
     A113   10 FA      BPL &A10F
.Label_A947_loop2
     A115   06 BB      ASL &BB
     A117   26 BC      ROL &BC
     A119   26 BD      ROL &BD
     A11B   26 BE      ROL &BE
     A11D   A2 00      LDX #&00
     A11F   A0 09      LDY #&09
.Label_A953_loop3
     A121   BD 00 A4   LDA &A400,X
     A124   2A         ROL A
     A125   C9 0A      CMP #&0A
     A127   90 02      BCC &A12B
     A129   E9 0A      SBC #&0A
.Label_A95D
     A12B   9D 00 A4   STA &A400,X
     A12E   E8         INX
     A12F   88         DEY
     A130   10 EF      BPL &A121
     A132   C6 C1      DEC &C1
     A134   10 DF      BPL &A115
     A136   A0 20      LDY #&20
     A138   A2 05      LDX #&05
.Label_A96C_loop4
     A13A   D0 02      BNE &A13E
     A13C   A0 2C      LDY #&2C
.Label_A970
     A13E   BD 00 A4   LDA &A400,X
     A141   D0 07      BNE &A14A
     A143   C0 2C      CPY #&2C
     A145   F0 03      BEQ &A14A
     A147   98         TYA
     A148   D0 04      BNE &A14E
.Label_A97D
     A14A   A0 2C      LDY #&2C
     A14C   09 30      ORA #&30
.Label_A982
     A14E   20 EE FF   JSR &FFEE
     A151   E0 03      CPX #&03
     A153   D0 04      BNE &A159
     A155   98         TYA
     A156   20 EE FF   JSR &FFEE
.Label_A98D
     A159   CA         DEX
     A15A   10 DE      BPL &A13A
     A15C   20 BA 80   JSR &80BA
     A15F   20 42 79 ...
     A166   EA         NOP
     A167   4C BA 80   JMP &80BA
.ReportMMCErrS
     A16A   A2 FF      LDX #&FF
     A16C   D0 02      BNE &A170
.ReportMMCErr
     A16E   A2 00      LDX #&00
.rmmc
     A170   A0 FF      LDY #&FF
     A172   8C 82 A4   STY &A482
     A175   85 B0      STA &B0
     A177   86 B1      STX &B1
     A179   20 40 80   JSR &8040
     A17C   68         PLA
     A17D   85 B8      STA &B8
     A17F   68         PLA
     A180   85 B9      STA &B9
     A182   A0 00      LDY #&00
     A184   8C 9F A4   STY &A49F
     A187   8C 00 01   STY &0100
.rmmc_loop
     A18A   C8         INY
     A18B   F0 07      BEQ &A194
     A18D   B1 B8      LDA (&B8),Y
     A18F   99 00 01   STA &0100,Y
     A192   D0 F6      BNE &A18A
.rmmc_cont
     A194   A5 B0      LDA &B0
     A196   20 2F 8D   JSR &8D2F
     A199   A5 B1      LDA &B1
     A19B   F0 18      BEQ &A1B5
     A19D   A9 2F      LDA #&2F
     A19F   99 00 01   STA &0100,Y
     A1A2   C8         INY
     A1A3   AD 89 A4   LDA &A489
     A1A6   20 2F 8D   JSR &8D2F
     A1A9   AD 8A A4   LDA &A48A
     A1AC   20 2F 8D   JSR &8D2F
     A1AF   AD 8B A4   LDA &A48B
     A1B2   20 2F 8D   JSR &8D2F
.rmmc_j100
     A1B5   A9 00      LDA #&00
     A1B7   99 00 01   STA &0100,Y
     A1BA   4C 00 01   JMP &0100
Including file TubeHost230.asm
.TUBE_CODE_500
     A200   37 05
     A202   96 05
     A204   F2 05
     A206   07 06
     A208   27 06
     A20A   68 06
     A20C   5E 05
     A20E   2D 05
     A210   20 05
     A212   42 05
     A214   A9 05
     A216   D1 05
     A218   86
     A219   88
     A21A   96
     A21B   98
     A21C   18
     A21D   18
     A21E   82
     A21F   18
     A220   20 C5 06   JSR &06C5
     A223   A8         TAY
     A224   20 C5 06   JSR &06C5
     A227   20 D4 FF   JSR &FFD4
     A22A   4C 9C 05   JMP &059C
     A22D   20 C5 06   JSR &06C5
     A230   A8         TAY
     A231   20 D7 FF   JSR &FFD7
     A234   4C 3A 05   JMP &053A
     A237   20 E0 FF   JSR &FFE0
     A23A   6A         ROR A
     A23B   20 95 06   JSR &0695
     A23E   2A         ROL A
     A23F   4C 9E 05   JMP &059E
     A242   20 C5 06   JSR &06C5
     A245   F0 0B      BEQ &A252
     A247   48         PHA
     A248   20 82 05   JSR &0582
     A24B   68         PLA
     A24C   20 CE FF   JSR &FFCE
     A24F   4C 9E 05   JMP &059E
.Label_AD2D
     A252   20 C5 06   JSR &06C5
     A255   A8         TAY
     A256   A9 00      LDA #&00
     A258   20 CE FF   JSR &FFCE
     A25B   4C 9C 05   JMP &059C
     A25E   20 C5 06   JSR &06C5
     A261   A8         TAY
     A262   A2 04      LDX #&04
.Label_AD3F
     A264   20 C5 06   JSR &06C5
     A267   95 FF      STA &FF,X
     A269   CA         DEX
     A26A   D0 F8      BNE &A264
     A26C   20 C5 06   JSR &06C5
     A26F   20 DA FF   JSR &FFDA
     A272   20 95 06   JSR &0695
     A275   A2 03      LDX #&03
.Label_AD52
     A277   B5 00      LDA &00,X
     A279   20 95 06   JSR &0695
     A27C   CA         DEX
     A27D   10 F8      BPL &A277
     A27F   4C 36 00   JMP &0036
     A282   A2 00      LDX #&00
     A284   A0 00      LDY #&00
.Label_AD61
     A286   20 C5 06   JSR &06C5
     A289   99 00 07   STA &0700,Y
     A28C   C8         INY
     A28D   F0 04      BEQ &A293
     A28F   C9 0D      CMP #&0D
     A291   D0 F3      BNE &A286
.Label_AD6E
     A293   A0 07      LDY #&07
     A295   60         RTS
     A296   20 82 05   JSR &0582
     A299   20 F7 FF   JSR &FFF7
     A29C   A9 7F      LDA #&7F
.Label_AD79
     A29E   2C E2 FE   BIT &FEE2
     A2A1   50 FB      BVC &A29E
     A2A3   8D E3 FE   STA &FEE3
.Label_AD81
     A2A6   4C 36 00   JMP &0036
     A2A9   A2 10      LDX #&10
.Label_AD86
     A2AB   20 C5 06   JSR &06C5
     A2AE   95 01      STA &01,X
     A2B0   CA         DEX
     A2B1   D0 F8      BNE &A2AB
     A2B3   20 82 05   JSR &0582
     A2B6   86 00      STX &00
     A2B8   84 01      STY &01
     A2BA   A0 00      LDY #&00
     A2BC   20 C5 06   JSR &06C5
     A2BF   20 DD FF   JSR &FFDD
     A2C2   20 95 06   JSR &0695
     A2C5   A2 10      LDX #&10
.Label_ADA2
     A2C7   B5 01      LDA &01,X
     A2C9   20 95 06   JSR &0695
     A2CC   CA         DEX
     A2CD   D0 F8      BNE &A2C7
     A2CF   F0 D5      BEQ &A2A6
     A2D1   A2 0D      LDX #&0D
.Label_ADAE
     A2D3   20 C5 06   JSR &06C5
     A2D6   95 FF      STA &FF,X
     A2D8   CA         DEX
     A2D9   D0 F8      BNE &A2D3
     A2DB   20 C5 06   JSR &06C5
     A2DE   A0 00      LDY #&00
     A2E0   20 D1 FF   JSR &FFD1
     A2E3   48         PHA
     A2E4   A2 0C      LDX #&0C
.Label_ADC1
     A2E6   B5 00      LDA &00,X
     A2E8   20 95 06   JSR &0695
     A2EB   CA         DEX
     A2EC   10 F8      BPL &A2E6
     A2EE   68         PLA
     A2EF   4C 3A 05   JMP &053A
     A2F2   20 C5 06   JSR &06C5
     A2F5   AA         TAX
     A2F6   20 C5 06   JSR &06C5
     A2F9   20 F4 FF   JSR &FFF4
.Label_ADD7
     A2FC   2C E2 FE   BIT &FEE2
     A2FF   50 FB      BVC &A2FC
     A301   8E E3 FE   STX &FEE3
.Label_ADDF
     A304   4C 36 00   JMP &0036
     A307   20 C5 06   JSR &06C5
     A30A   AA         TAX
     A30B   20 C5 06   JSR &06C5
     A30E   A8         TAY
     A30F   20 C5 06   JSR &06C5
     A312   20 F4 FF   JSR &FFF4
     A315   49 9D      EOR #&9D
     A317   F0 EB      BEQ &A304
     A319   6A         ROR A
     A31A   20 95 06   JSR &0695
.Label_ADF8
     A31D   2C E2 FE   BIT &FEE2
     A320   50 FB      BVC &A31D
     A322   8C E3 FE   STY &FEE3
     A325   70 D5      BVS &A2FC
     A327   20 C5 06   JSR &06C5
     A32A   A8         TAY
.Label_AE06
     A32B   2C E2 FE   BIT &FEE2
     A32E   10 FB      BPL &A32B
     A330   AE E3 FE   LDX &FEE3
     A333   CA         DEX
     A334   30 0F      BMI &A345
.Label_AE11
     A336   2C E2 FE   BIT &FEE2
     A339   10 FB      BPL &A336
     A33B   AD E3 FE   LDA &FEE3
     A33E   9D 28 01   STA &0128,X
     A341   CA         DEX
     A342   10 F2      BPL &A336
     A344   98         TYA
.Label_AE20
     A345   A2 28      LDX #&28
     A347   A0 01      LDY #&01
     A349   20 F1 FF   JSR &FFF1
.Label_AE27
     A34C   2C E2 FE   BIT &FEE2
     A34F   10 FB      BPL &A34C
     A351   AE E3 FE   LDX &FEE3
     A354   CA         DEX
     A355   30 0E      BMI &A365
.Label_AE32
     A357   BC 28 01   LDY &0128,X
.Label_AE35
     A35A   2C E2 FE   BIT &FEE2
     A35D   50 FB      BVC &A35A
     A35F   8C E3 FE   STY &FEE3
     A362   CA         DEX
     A363   10 F2      BPL &A357
.Label_AE40
     A365   4C 36 00   JMP &0036
     A368   A2 04      LDX #&04
.Label_AE45
     A36A   20 C5 06   JSR &06C5
     A36D   95 00      STA &00,X
     A36F   CA         DEX
     A370   10 F8      BPL &A36A
     A372   E8         INX
     A373   A0 00      LDY #&00
     A375   8A         TXA
     A376   20 F1 FF   JSR &FFF1
     A379   90 05      BCC &A380
     A37B   A9 FF      LDA #&FF
     A37D   4C 9E 05   JMP &059E
.Label_AE5B
     A380   A2 00      LDX #&00
     A382   A9 7F      LDA #&7F
     A384   20 95 06   JSR &0695
.Label_AE62
     A387   BD 00 07   LDA &0700,X
     A38A   20 95 06   JSR &0695
     A38D   E8         INX
     A38E   C9 0D      CMP #&0D
     A390   D0 F5      BNE &A387
     A392   4C 36 00   JMP &0036
.Label_AE70
     A395   2C E2 FE   BIT &FEE2
     A398   50 FB      BVC &A395
     A39A   8D E3 FE   STA &FEE3
     A39D   60         RTS
.Label_AE79
     A39E   2C E6 FE   BIT &FEE6
     A3A1   50 FB      BVC &A39E
     A3A3   8D E7 FE   STA &FEE7
     A3A6   60         RTS
     A3A7   A5 FF      LDA &FF
     A3A9   38         SEC
     A3AA   6A         ROR A
     A3AB   30 0F      BMI &A3BC
     A3AD   48         PHA
     A3AE   A9 00      LDA #&00
     A3B0   20 BC 06   JSR &06BC
     A3B3   98         TYA
     A3B4   20 BC 06   JSR &06BC
     A3B7   8A         TXA
     A3B8   20 BC 06   JSR &06BC
     A3BB   68         PLA
.Label_AE97
     A3BC   2C E0 FE   BIT &FEE0
     A3BF   50 FB      BVC &A3BC
     A3C1   8D E1 FE   STA &FEE1
     A3C4   60         RTS
.Label_AEA0
     A3C5   2C E2 FE   BIT &FEE2
     A3C8   10 FB      BPL &A3C5
     A3CA   AD E3 FE   LDA &FEE3
     A3CD   60         RTS
.SERVICE09_TUBEHelp
     A3CE   C9 09      CMP #&09
     A3D0   D0 2A      BNE &A3FC
     A3D2   98         TYA
     A3D3   48         PHA
     A3D4   B1 F2      LDA (&F2),Y
     A3D6   C9 0D      CMP #&0D
     A3D8   D0 1E      BNE &A3F8
     A3DA   A9 E9      LDA #&E9
     A3DC   20 F8 93   JSR &93F8
     A3DF   A6 F4      LDX &F4
     A3E1   98         TYA
     A3E2   F0 14      BEQ &A3F8
     A3E4   20 9A 80   JSR &809A
     A3E7   0D
     A3E8   54 55 42 ...
     A3F6   0D
     A3F7   EA         NOP
.Label_AED3
     A3F8   68         PLA
     A3F9   A8         TAY
     A3FA   A9 09      LDA #&09
.SERVICEFE_TUBEPostInit
     A3FC   C9 FE      CMP #&FE
     A3FE   90 5C      BCC &A45C
     A400   D0 1B      BNE &A41D
     A402   C0 00      CPY #&00
     A404   F0 56      BEQ &A45C
     A406   A2 06      LDX #&06
     A408   A9 14      LDA #&14
     A40A   20 F4 FF   JSR &FFF4
.servFE_tubemsg_loop
     A40D   2C E0 FE   BIT &FEE0
     A410   10 FB      BPL &A40D
     A412   AD E1 FE   LDA &FEE1
     A415   F0 43      BEQ &A45A
     A417   20 EE FF   JSR &FFEE
     A41A   4C 0D A4   JMP &A40D
.SERVICEFF_TUBEInit
     A41D   A9 AD      LDA #&AD
     A41F   8D 20 02   STA &0220
     A422   A9 06      LDA #&06
     A424   8D 21 02   STA &0221
     A427   A9 16      LDA #&16
     A429   8D 02 02   STA &0202
     A42C   A9 00      LDA #&00
     A42E   8D 03 02   STA &0203
     A431   A9 8E      LDA #&8E
     A433   8D E0 FE   STA &FEE0
     A436   A0 00      LDY #&00
.servFF_copytubecode_loop
     A438   B9 9E A4   LDA &A49E,Y
     A43B   99 00 04   STA &0400,Y
     A43E   B9 00 A2   LDA &A200,Y
     A441   99 00 05   STA &0500,Y
     A444   B9 00 A3   LDA &A300,Y
     A447   99 00 06   STA &0600,Y
     A44A   88         DEY
     A44B   D0 EB      BNE &A438
     A44D   20 21 04   JSR &0421
     A450   A2 41      LDX #&41
.servFF_copytubezpcode_loop
     A452   BD 5D A4   LDA &A45D,X
     A455   95 16      STA &16,X
     A457   CA         DEX
     A458   10 F8      BPL &A452
.servFE_exitA_0
     A45A   A9 00      LDA #&00
.servFE_exit
     A45C   60         RTS
.TUBE_ZP_CODE_0016
     A45D   A9 FF      LDA #&FF
     A45F   20 9E 06   JSR &069E
     A462   AD E3 FE   LDA &FEE3
     A465   A9 00      LDA #&00
     A467   20 95 06   JSR &0695
     A46A   A8         TAY
     A46B   B1 FD      LDA (&FD),Y
     A46D   20 95 06   JSR &0695
.Label_AF4B
     A470   C8         INY
     A471   B1 FD      LDA (&FD),Y
     A473   20 95 06   JSR &0695
     A476   AA         TAX
     A477   D0 F7      BNE &A470
     A479   A2 FF      LDX #&FF
     A47B   9A         TXS
     A47C   58         CLI
.Label_AF58
     A47D   2C E0 FE   BIT &FEE0
     A480   10 06      BPL &A488
.Label_AF5D
     A482   AD E1 FE   LDA &FEE1
     A485   20 EE FF   JSR &FFEE
.Label_AF63
     A488   2C E2 FE   BIT &FEE2
     A48B   10 F0      BPL &A47D
     A48D   2C E0 FE   BIT &FEE0
     A490   30 F0      BMI &A482
     A492   AE E3 FE   LDX &FEE3
     A495   86 51      STX &51
     A497   6C 00 05   JMP (&0500)
     A49A   00 80
     A49C   00 00
.TUBE_CODE_400
     A49E   4C 84 04   JMP &0484
     A4A1   4C A7 06   JMP &06A7
     A4A4   C9 80      CMP #&80
     A4A6   90 2B      BCC &A4D3
     A4A8   C9 C0      CMP #&C0
     A4AA   B0 1A      BCS &A4C6
     A4AC   09 40      ORA #&40
     A4AE   C5 15      CMP &15
     A4B0   D0 20      BNE &A4D2
     A4B2   08         PHP
     A4B3   78         SEI
     A4B4   A9 05      LDA #&05
     A4B6   20 9E 06   JSR &069E
     A4B9   A5 15      LDA &15
     A4BB   20 9E 06   JSR &069E
     A4BE   28         PLP
     A4BF   A9 80      LDA #&80
     A4C1   85 15      STA &15
     A4C3   85 14      STA &14
     A4C5   60         RTS
.Label_AFA1
     A4C6   06 14      ASL &14
     A4C8   B0 06      BCS &A4D0
     A4CA   C5 15      CMP &15
     A4CC   F0 04      BEQ &A4D2
     A4CE   18         CLC
     A4CF   60         RTS
.Label_AFAB
     A4D0   85 15      STA &15
.Label_AFAD
     A4D2   60         RTS
.Label_AFAE
     A4D3   08         PHP
     A4D4   78         SEI
     A4D5   84 13      STY &13
     A4D7   86 12      STX &12
     A4D9   20 9E 06   JSR &069E
     A4DC   AA         TAX
     A4DD   A0 03      LDY #&03
     A4DF   A5 15      LDA &15
     A4E1   20 9E 06   JSR &069E
.Label_AFBF
     A4E4   B1 12      LDA (&12),Y
     A4E6   20 9E 06   JSR &069E
     A4E9   88         DEY
     A4EA   10 F8      BPL &A4E4
     A4EC   A0 18      LDY #&18
     A4EE   8C E0 FE   STY &FEE0
     A4F1   BD 18 05   LDA &0518,X
     A4F4   8D E0 FE   STA &FEE0
     A4F7   4A         LSR A
     A4F8   4A         LSR A
     A4F9   90 06      BCC &A501
     A4FB   2C E5 FE   BIT &FEE5
     A4FE   2C E5 FE   BIT &FEE5
.Label_AFDC
     A501   20 9E 06   JSR &069E
.Label_AFDF
     A504   2C E6 FE   BIT &FEE6
     A507   50 FB      BVC &A504
     A509   B0 0D      BCS &A518
     A50B   E0 04      CPX #&04
     A50D   D0 11      BNE &A520
.Label_AFEA
     A50F   20 14 04   JSR &0414
     A512   20 95 06   JSR &0695
     A515   4C 32 00   JMP &0032
.Label_AFF3
     A518   4A         LSR A
     A519   90 05      BCC &A520
     A51B   A0 88      LDY #&88
     A51D   8C E0 FE   STY &FEE0
.Label_AFFB
     A520   28         PLP
     A521   60         RTS
     A522   58         CLI
     A523   B0 0A      BCS &A52F
     A525   D0 03      BNE &A52A
     A527   4C 9C 05   JMP &059C
.Label_B005
     A52A   AE 8D 02   LDX &028D
     A52D   F0 E0      BEQ &A50F
.Label_B00A
     A52F   A9 FF      LDA #&FF
     A531   20 06 04   JSR &0406
     A534   90 F9      BCC &A52F
     A536   20 CE 04   JSR &04CE
.Label_B014
     A539   08         PHP
     A53A   78         SEI
     A53B   A9 07      LDA #&07
     A53D   20 C7 04   JSR &04C7
     A540   A0 00      LDY #&00
     A542   84 00      STY &00
.Label_B01F
     A544   B1 00      LDA (&00),Y
     A546   8D E5 FE   STA &FEE5
     A549   EA         NOP
     A54A   EA         NOP
     A54B   EA         NOP
     A54C   C8         INY
     A54D   D0 F5      BNE &A544
     A54F   28         PLP
     A550   E6 54      INC &54
     A552   D0 06      BNE &A55A
     A554   E6 55      INC &55
     A556   D0 02      BNE &A55A
     A558   E6 56      INC &56
.Label_B035
     A55A   E6 01      INC &01
     A55C   24 01      BIT &01
     A55E   50 D9      BVC &A539
     A560   20 CE 04   JSR &04CE
     A563   A9 04      LDA #&04
     A565   A0 00      LDY #&00
     A567   A2 53      LDX #&53
     A569   4C 06 04   JMP &0406
     A56C   A9 80      LDA #&80
     A56E   85 54      STA &54
     A570   85 01      STA &01
     A572   A9 20      LDA #&20
     A574   2D 06 80   AND &8006
     A577   A8         TAY
     A578   84 53      STY &53
     A57A   F0 19      BEQ &A595
     A57C   AE 07 80   LDX &8007
.Label_B05A
     A57F   E8         INX
     A580   BD 00 80   LDA &8000,X
     A583   D0 FA      BNE &A57F
     A585   BD 01 80   LDA &8001,X
     A588   85 53      STA &53
     A58A   BD 02 80   LDA &8002,X
     A58D   85 54      STA &54
     A58F   BC 03 80   LDY &8003,X
     A592   BD 04 80   LDA &8004,X
.Label_B070
     A595   85 56      STA &56
     A597   84 55      STY &55
     A599   60         RTS
Processed file 'TubeHost230.asm' ok
Including file FAT.asm
.FATLoadRootDirectory
     AB00   A9 DD      LDA #&DD
     AB02   8D 82 A4   STA &A482
     AB05   A9 00      LDA #&00
     AB07   85 BE      STA &BE
     AB09   85 BF      STA &BF
     AB0B   85 C0      STA &C0
     AB0D   20 14 AB   JSR &AB14
     AB10   F0 12      BEQ &AB24
     AB12   18         CLC
     AB13   60         RTS
.isfat
     AB14   20 CD B3   JSR &B3CD
     AB17   AD FE A3   LDA &A3FE
     AB1A   C9 55      CMP #&55
     AB1C   D0 05      BNE &AB23
     AB1E   AD FF A3   LDA &A3FF
     AB21   C9 AA      CMP #&AA
.ifx
     AB23   60         RTS
.fat
     AB24   AD 00 A2   LDA &A200
     AB27   C9 EB      CMP #&EB
     AB29   D0 0E      BNE &AB39
     AB2B   AD 02 A2   LDA &A202
     AB2E   C9 90      CMP #&90
     AB30   D0 07      BNE &AB39
     AB32   AD 0C A2   LDA &A20C
     AB35   C9 02      CMP #&02
     AB37   F0 2F      BEQ &AB68
.mbr
     AB39   AD C6 A3   LDA &A3C6
     AB3C   0A         ASL A
     AB3D   85 BE      STA &BE
     AB3F   AD C7 A3   LDA &A3C7
     AB42   2A         ROL A
     AB43   85 BF      STA &BF
     AB45   AD C8 A3   LDA &A3C8
     AB48   2A         ROL A
     AB49   B0 0C      BCS &AB57
     AB4B   85 C0      STA &C0
     AB4D   AD C9 A3   LDA &A3C9
     AB50   D0 05      BNE &AB57
     AB52   20 14 AB   JSR &AB14
     AB55   F0 11      BEQ &AB68
.faterr1
     AB57   20 6D 80   JSR &806D
     AB5A   FF
     AB5B   43 61 72 ...
     AB67   00
.nombr
     AB68   AD 0B A2   LDA &A20B
     AB6B   D0 EA      BNE &AB57
     AB6D   AD 0C A2   LDA &A20C
     AB70   C9 02      CMP #&02
     AB72   D0 E3      BNE &AB57
     AB74   AD 11 A2   LDA &A211
     AB77   85 C1      STA &C1
     AB79   AD 12 A2   LDA &A212
     AB7C   4A         LSR A
     AB7D   66 C1      ROR &C1
     AB7F   4A         LSR A
     AB80   66 C1      ROR &C1
     AB82   4A         LSR A
     AB83   66 C1      ROR &C1
     AB85   85 C2      STA &C2
     AB87   AD 0D A2   LDA &A20D
     AB8A   85 C3      STA &C3
     AB8C   AD 0E A2   LDA &A20E
     AB8F   0A         ASL A
     AB90   2E 0F A2   ROL &A20F
     AB93   B0 C2      BCS &AB57
     AB95   65 BE      ADC &BE
     AB97   85 BE      STA &BE
     AB99   AD 0F A2   LDA &A20F
     AB9C   65 BF      ADC &BF
     AB9E   85 BF      STA &BF
     ABA0   90 02      BCC &ABA4
     ABA2   E6 C0      INC &C0
.skipinc1
     ABA4   AD 11 A2   LDA &A211
     ABA7   0D 12 A2   ORA &A212
     ABAA   F0 14      BEQ &ABC0
     ABAC   AD 16 A2   LDA &A216
     ABAF   8D 24 A2   STA &A224
     ABB2   AD 17 A2   LDA &A217
     ABB5   8D 25 A2   STA &A225
     ABB8   A9 00      LDA #&00
     ABBA   8D 26 A2   STA &A226
     ABBD   8D 27 A2   STA &A227
.fat32
     ABC0   0E 24 A2   ASL &A224
     ABC3   2E 25 A2   ROL &A225
     ABC6   2E 26 A2   ROL &A226
     ABC9   2E 27 A2   ROL &A227
     ABCC   B0 89      BCS &AB57
     ABCE   AE 10 A2   LDX &A210
.loop
     ABD1   18         CLC
     ABD2   A5 BE      LDA &BE
     ABD4   6D 24 A2   ADC &A224
     ABD7   85 BE      STA &BE
     ABD9   A5 BF      LDA &BF
     ABDB   6D 25 A2   ADC &A225
     ABDE   85 BF      STA &BF
     ABE0   A5 C0      LDA &C0
     ABE2   6D 26 A2   ADC &A226
     ABE5   85 C0      STA &C0
     ABE7   CA         DEX
     ABE8   D0 E7      BNE &ABD1
     ABEA   20 CD B3   JSR &B3CD
     ABED   38         SEC
     ABEE   60         RTS
.FATSearchRootDirectory
     ABEF   A5 C0      LDA &C0
     ABF1   48         PHA
     ABF2   A5 BF      LDA &BF
     ABF4   48         PHA
     ABF5   A5 BE      LDA &BE
     ABF7   48         PHA
.FATSearchRootDirectoryloop
     ABF8   A2 00      LDX #&00
     ABFA   86 C4      STX &C4
     ABFC   A9 A2      LDA #&A2
     ABFE   85 C5      STA &C5
     AC00   E8         INX
.dirloop
     AC01   A0 0B      LDY #&0B
     AC03   B1 C4      LDA (&C4),Y
     AC05   29 0F      AND #&0F
     AC07   D0 0F      BNE &AC18
     AC09   88         DEY
.comploop
     AC0A   B1 C4      LDA (&C4),Y
     AC0C   F0 2D      BEQ &AC3B
     AC0E   D9 F0 A4   CMP &A4F0,Y
     AC11   D0 05      BNE &AC18
     AC13   88         DEY
     AC14   10 F4      BPL &AC0A
     AC16   30 28      BMI &AC40
.nextfile
     AC18   18         CLC
     AC19   A5 C4      LDA &C4
     AC1B   69 20      ADC #&20
     AC1D   85 C4      STA &C4
     AC1F   D0 E0      BNE &AC01
     AC21   E6 C5      INC &C5
     AC23   CA         DEX
     AC24   10 DB      BPL &AC01
.incfatsector
     AC26   A5 BE      LDA &BE
     AC28   18         CLC
     AC29   69 02      ADC #&02
     AC2B   85 BE      STA &BE
     AC2D   90 06      BCC &AC35
     AC2F   E6 BF      INC &BF
     AC31   D0 02      BNE &AC35
     AC33   E6 C0      INC &C0
.readnextfatsector
     AC35   20 CD B3   JSR &B3CD
     AC38   4C F8 AB   JMP &ABF8
.filenotfound
     AC3B   68         PLA
     AC3C   68         PLA
     AC3D   68         PLA
     AC3E   38         SEC
     AC3F   60         RTS
.filefound
     AC40   18         CLC
     AC41   68         PLA
     AC42   65 C1      ADC &C1
     AC44   85 BE      STA &BE
     AC46   68         PLA
     AC47   65 C2      ADC &C2
     AC49   85 BF      STA &BF
     AC4B   68         PLA
     AC4C   69 00      ADC #&00
     AC4E   85 C0      STA &C0
     AC50   A6 C3      LDX &C3
     AC52   A0 14      LDY #&14
     AC54   B1 C4      LDA (&C4),Y
     AC56   48         PHA
     AC57   A0 1B      LDY #&1B
     AC59   B1 C4      LDA (&C4),Y
     AC5B   48         PHA
     AC5C   88         DEY
     AC5D   B1 C4      LDA (&C4),Y
     AC5F   38         SEC
     AC60   E9 02      SBC #&02
     AC62   85 C3      STA &C3
     AC64   68         PLA
     AC65   E9 00      SBC #&00
     AC67   85 C4      STA &C4
     AC69   68         PLA
     AC6A   E9 00      SBC #&00
     AC6C   85 C5      STA &C5
     AC6E   05 C4      ORA &C4
     AC70   05 C3      ORA &C3
     AC72   F0 1C      BEQ &AC90
     AC74   06 C3      ASL &C3
     AC76   26 C4      ROL &C4
     AC78   26 C5      ROL &C5
.clustloop
     AC7A   18         CLC
     AC7B   A5 BE      LDA &BE
     AC7D   65 C3      ADC &C3
     AC7F   85 BE      STA &BE
     AC81   A5 BF      LDA &BF
     AC83   65 C4      ADC &C4
     AC85   85 BF      STA &BF
     AC87   A5 C0      LDA &C0
     AC89   65 C5      ADC &C5
     AC8B   85 C0      STA &C0
     AC8D   CA         DEX
     AC8E   D0 EA      BNE &AC7A
.exit
     AC90   18         CLC
     AC91   60         RTS
Processed file 'FAT.asm' ok
.CalculateCRC7
     AC92   A0 0F      LDY #&0F
     AC94   A9 00      LDA #&00
.c7loop1
     AC96   59 DF A4   EOR &A4DF,Y
     AC99   0A         ASL A
     AC9A   A2 07      LDX #&07
.c7loop2
     AC9C   90 02      BCC &ACA0
     AC9E   49 12      EOR #&12
.c7b7z1
     ACA0   0A         ASL A
     ACA1   CA         DEX
     ACA2   D0 F8      BNE &AC9C
     ACA4   90 02      BCC &ACA8
     ACA6   49 12      EOR #&12
.c7b7z2
     ACA8   88         DEY
     ACA9   10 EB      BPL &AC96
     ACAB   09 01      ORA #&01
     ACAD   60         RTS
.CheckCRC7
     ACAE   20 F1 83   JSR &83F1
     ACB1   20 92 AC   JSR &AC92
     ACB4   CD EF A4   CMP &A4EF
     ACB7   D0 01      BNE &ACBA
     ACB9   60         RTS
.errBadSum
     ACBA   20 53 80   JSR &8053
     ACBD   FF
     ACBE   53 75 6D 
     ACC1   00
.storeDRIVE_INDEX4_ResetCRC7
     ACC2   9D E3 A4   STA &A4E3,X
.ResetCRC7
     ACC5   20 F1 83   JSR &83F1
     ACC8   20 92 AC   JSR &AC92
     ACCB   8D EF A4   STA &A4EF
     ACCE   60         RTS
.MMC_Sector_Reset
     ACCF   A0 0A      LDY #&0A
.loop
     ACD1   B9 44 AD   LDA &AD44,Y
     ACD4   99 F0 A4   STA &A4F0,Y
     ACD7   88         DEY
     ACD8   10 F7      BPL &ACD1
     ACDA   20 38 B3   JSR &B338
     ACDD   8D EC A4   STA &A4EC
     ACE0   8C EB A4   STY &A4EB
     ACE3   A9 00      LDA #&00
     ACE5   8D EA A4   STA &A4EA
     ACE8   20 C5 AC   JSR &ACC5
     ACEB   20 00 AB   JSR &AB00
     ACEE   90 05      BCC &ACF5
     ACF0   20 EF AB   JSR &ABEF
     ACF3   B0 3A      BCS &AD2F
.nofat
     ACF5   A5 BE      LDA &BE
     ACF7   8D E7 A4   STA &A4E7
     ACFA   A5 BF      LDA &BF
     ACFC   8D E8 A4   STA &A4E8
     ACFF   A5 C0      LDA &C0
     AD01   8D E9 A4   STA &A4E9
     AD04   A9 FF      LDA #&FF
     AD06   8D EA A4   STA &A4EA
     AD09   A9 00      LDA #&00
     AD0B   20 06 B0   JSR &B006
     AD0E   A2 00      LDX #&00
     AD10   AD 08 A2   LDA &A208
     AD13   49 A0      EOR #&A0
     AD15   C9 10      CMP #&10
     AD17   B0 01      BCS &AD1A
     AD19   AA         TAX
.skip
     AD1A   E8         INX
     AD1B   8E EE A4   STX &A4EE
     AD1E   A2 00      LDX #&00
     AD20   AD 09 A2   LDA &A209
     AD23   CD EE A4   CMP &A4EE
     AD26   B0 01      BCS &AD29
     AD28   AA         TAX
.skip2
     AD29   8E ED A4   STX &A4ED
     AD2C   4C C5 AC   JMP &ACC5
.fileerr
     AD2F   20 6D 80   JSR &806D
     AD32   FF
     AD33   49 6D 61 ...
     AD43   00
.filemmb
     AD44   42 45 45 ...
.CheckWriteProtect
     AD4F   A6 CD      LDX &CD
     AD51   BD E3 A4   LDA &A4E3,X
     AD54   0A         ASL A
     AD55   30 13      BMI &AD6A
     AD57   60         RTS
.CheckCurDrvFormatted
     AD58   18         CLC
.CheckCurDrvUnformatted
.chkdrv1
     AD59   A6 CD      LDX &CD
     AD5B   BD E3 A4   LDA &A4E3,X
     AD5E   10 18      BPL &AD78
     AD60   29 20      AND #&20
     AD62   B0 03      BCS &AD67
     AD64   D0 1E      BNE &AD84
     AD66   60         RTS
.chkdrv2
     AD67   F0 2D      BEQ &AD96
     AD69   60         RTS
.errReadOnly
     AD6A   20 48 80   JSR &8048
     AD6D   C9
     AD6E   72 65 61 ...
     AD77   00
.errNoDisk
     AD78   20 6D 80   JSR &806D
     AD7B   C7
     AD7C   4E 6F 20 ...
     AD83   00
.errNotFormatted
     AD84   20 48 80   JSR &8048
     AD87   C7
     AD88   6E 6F 74 ...
     AD95   00
.errFormatted
     AD96   20 48 80   JSR &8048
     AD99   C7
     AD9A   61 6C 72 ...
     ADAB   00
.calculate_div_mod_511_zp_x
     ADAC   B5 01      LDA &01,X
     ADAE   4A         LSR A
     ADAF   48         PHA
     ADB0   90 06      BCC &ADB8
     ADB2   75 00      ADC &00,X
     ADB4   68         PLA
     ADB5   69 00      ADC #&00
     ADB7   48         PHA
.done
     ADB8   75 00      ADC &00,X
     ADBA   85 B2      STA &B2
     ADBC   B5 01      LDA &01,X
     ADBE   69 00      ADC #&00
     ADC0   29 01      AND #&01
     ADC2   85 B3      STA &B3
     ADC4   68         PLA
     ADC5   18         CLC
     ADC6   6D ED A4   ADC &A4ED
     ADC9   CD EE A4   CMP &A4EE
     ADCC   60         RTS
.DiskStart
     ADCD   20 C4 B5   JSR &B5C4
     ADD0   20 58 AD   JSR &AD58
.DiskStartX
     ADD3   A0 00      LDY #&00
     ADD5   84 BE      STY &BE
     ADD7   84 BF      STY &BF
     ADD9   84 C0      STY &C0
     ADDB   8A         TXA
     ADDC   30 0C      BMI &ADEA
     ADDE   BD DF A4   LDA &A4DF,X
     ADE1   85 BE      STA &BE
     ADE3   BD E3 A4   LDA &A4E3,X
Macro MASK_DISKNO:
     ADE6   29 1F      AND #&1F
End macro MASK_DISKNO
     ADE8   85 BF      STA &BF
.skip_drive
     ADEA   A2 BE      LDX #&BE
     ADEC   20 AC AD   JSR &ADAC
     ADEF   48         PHA
     ADF0   A5 B3      LDA &B3
     ADF2   85 BF      STA &BF
     ADF4   A5 B2      LDA &B2
     ADF6   A0 05      LDY #&05
.dsxloop1
     ADF8   0A         ASL A
     ADF9   26 BF      ROL &BF
     ADFB   26 C0      ROL &C0
     ADFD   88         DEY
     ADFE   D0 F8      BNE &ADF8
     AE00   85 BE      STA &BE
     AE02   A0 03      LDY #&03
.dsxloop2
     AE04   A5 B2      LDA &B2
     AE06   18         CLC
     AE07   65 BF      ADC &BF
     AE09   85 BF      STA &BF
     AE0B   A5 B3      LDA &B3
     AE0D   65 C0      ADC &C0
     AE0F   85 C0      STA &C0
     AE11   88         DEY
     AE12   D0 F0      BNE &AE04
     AE14   68         PLA
     AE15   A8         TAY
     AE16   20 D0 AF   JSR &AFD0
     AE19   A9 20      LDA #&20
     AE1B   18         CLC
     AE1C   65 BE      ADC &BE
     AE1E   85 BE      STA &BE
     AE20   90 06      BCC &AE28
     AE22   E6 BF      INC &BF
     AE24   D0 02      BNE &AE28
     AE26   E6 C0      INC &C0
.done
     AE28   60         RTS
.CalcRWVars
     AE29   20 CD AD   JSR &ADCD
     AE2C   18         CLC
     AE2D   AD 97 A4   LDA &A497
     AE30   65 BE      ADC &BE
     AE32   85 BE      STA &BE
     AE34   AD 96 A4   LDA &A496
     AE37   29 03      AND #&03
     AE39   48         PHA
     AE3A   65 BF      ADC &BF
     AE3C   85 BF      STA &BF
     AE3E   90 02      BCC &AE42
     AE40   E6 C0      INC &C0
.cvskip
     AE42   AD 95 A4   LDA &A495
     AE45   85 CE      STA &CE
     AE47   AD 96 A4   LDA &A496
     AE4A   4A         LSR A
     AE4B   4A         LSR A
     AE4C   4A         LSR A
     AE4D   4A         LSR A
     AE4E   29 03      AND #&03
     AE50   85 CF      STA &CF
     AE52   AD 94 A4   LDA &A494
     AE55   85 C3      STA &C3
     AE57   F0 06      BEQ &AE5F
     AE59   E6 CE      INC &CE
     AE5B   D0 02      BNE &AE5F
     AE5D   E6 CF      INC &CF
.cvskip2
     AE5F   18         CLC
     AE60   AD 97 A4   LDA &A497
     AE63   65 CE      ADC &CE
     AE65   AA         TAX
     AE66   68         PLA
     AE67   65 CF      ADC &CF
     AE69   C9 03      CMP #&03
     AE6B   90 06      BCC &AE73
     AE6D   D0 05      BNE &AE74
     AE6F   E0 21      CPX #&21
     AE71   B0 01      BCS &AE74
.cvnoof
     AE73   60         RTS
.errOverflow
     AE74   20 48 80   JSR &8048
     AE77   FF
     AE78   6F 76 65 ...
     AE80   00
.CheckForException
     AE81   AD 74 A4   LDA &A474
     AE84   2D 75 A4   AND &A475
     AE87   0D D6 A4   ORA &A4D6
     AE8A   49 FF      EOR #&FF
     AE8C   D0 18      BNE &AEA6
     AE8E   18         CLC
     AE8F   AD 90 A4   LDA &A490
     AE92   6D 94 A4   ADC &A494
     AE95   AA         TAX
     AE96   AD 91 A4   LDA &A491
     AE99   30 0C      BMI &AEA7
     AE9B   6D 95 A4   ADC &A495
     AE9E   10 06      BPL &AEA6
     AEA0   0A         ASL A
     AEA1   D0 04      BNE &AEA7
     AEA3   8A         TXA
     AEA4   D0 01      BNE &AEA7
.noexception
     AEA6   60         RTS
.errException
     AEA7   20 6D 80   JSR &806D
     AEAA   FF
     AEAB   4E 6F 74 ...
     AEB6   00
.Set_CurDirDrv_ToDefaults_CheckCurDrvCat
     AEB7   20 FD 8B   JSR &8BFD
.CheckCurDrvCat
     AEBA   AD 82 A4   LDA &A482
     AEBD   C5 CD      CMP &CD
     AEBF   D0 07      BNE &AEC8
     AEC1   60         RTS
.Set_CurDirDrv_ToDefaults_and_load
     AEC2   20 FD 8B   JSR &8BFD
.LoadCurDrvCat2
     AEC5   20 F1 83   JSR &83F1
.LoadCurDrvCat
     AEC8   20 CD AD   JSR &ADCD
     AECB   20 CD B3   JSR &B3CD
.rwcatexit
     AECE   A5 CD      LDA &CD
     AED0   8D 82 A4   STA &A482
     AED3   4C 46 B6   JMP &B646
.SaveCatToDisk
     AED6   AD 04 A3   LDA &A304
     AED9   18         CLC
     AEDA   F8         SED
     AEDB   69 01      ADC #&01
     AEDD   8D 04 A3   STA &A304
     AEE0   D8         CLD
     AEE1   20 CD AD   JSR &ADCD
     AEE4   20 4F AD   JSR &AD4F
     AEE7   20 E4 B3   JSR &B3E4
     AEEA   4C CE AE   JMP &AECE
.RW_Track
     AEED   A5 B4      LDA &B4
     AEEF   D0 05      BNE &AEF6
     AEF1   A6 CD      LDX &CD
     AEF3   20 D3 AD   JSR &ADD3
.rwtrk1
     AEF6   A9 05      LDA #&05
     AEF8   85 B6      STA &B6
.rwtrk2_loop
     AEFA   24 C9      BIT &C9
     AEFC   30 06      BMI &AF04
     AEFE   20 CD B3   JSR &B3CD
     AF01   4C 07 AF   JMP &AF07
.rwtrk3
     AF04   20 E4 B3   JSR &B3E4
.rwtrk4
     AF07   E6 BE      INC &BE
     AF09   E6 BE      INC &BE
     AF0B   D0 06      BNE &AF13
     AF0D   E6 BF      INC &BF
     AF0F   D0 02      BNE &AF13
     AF11   E6 C0      INC &C0
.rwtrk5
     AF13   C6 B6      DEC &B6
     AF15   D0 E3      BNE &AEFA
     AF17   60         RTS
.GetIndex
     AF18   A2 B8      LDX #&B8
     AF1A   20 AC AD   JSR &ADAC
Macro DO_ASLA_X4:
     AF1D   20 23 82   JSR &8223
End macro DO_ASLA_X4
     AF20   A4 B2      LDY &B2
     AF22   C8         INY
     AF23   85 B0      STA &B0
     AF25   66 B3      ROR &B3
     AF27   98         TYA
     AF28   D0 01      BNE &AF2B
     AF2A   38         SEC
.skip
     AF2B   2A         ROL A
     AF2C   2A         ROL A
     AF2D   2A         ROL A
     AF2E   2A         ROL A
     AF2F   48         PHA
     AF30   29 0F      AND #&0F
     AF32   05 B0      ORA &B0
     AF34   A8         TAY
     AF35   68         PLA
     AF36   29 F0      AND #&F0
     AF38   85 B0      STA &B0
     AF3A   A9 00      LDA #&00
     AF3C   69 A2      ADC #&A2
     AF3E   85 B1      STA &B1
     AF40   98         TYA
     AF41   60         RTS
.GetDriveStatus
     AF42   18         CLC
.GetDriveStatusC
     AF43   20 59 AD   JSR &AD59
     AF46   BD DF A4   LDA &A4DF,X
     AF49   85 B8      STA &B8
     AF4B   BD E3 A4   LDA &A4E3,X
Macro MASK_DISKNO:
     AF4E   29 1F      AND #&1F
End macro MASK_DISKNO
     AF50   85 B9      STA &B9
.GetDiskStatus
     AF52   20 18 AF   JSR &AF18
     AF55   20 FA AF   JSR &AFFA
     AF58   A0 0F      LDY #&0F
     AF5A   B1 B0      LDA (&B0),Y
     AF5C   C9 FF      CMP #&FF
     AF5E   F0 02      BEQ &AF62
     AF60   AA         TAX
     AF61   60         RTS
.ErrNotValid
     AF62   20 48 80   JSR &8048
     AF65   C7
     AF66   6E 75 6D ...
     AF76   00
.LoadDrive
     AF77   A6 CD      LDX &CD
.LoadDriveX
     AF79   8A         TXA
     AF7A   48         PHA
     AF7B   A9 C0      LDA #&C0
     AF7D   85 B7      STA &B7
     AF7F   20 52 AF   JSR &AF52
     AF82   F0 0A      BEQ &AF8E
     AF84   10 04      BPL &AF8A
     AF86   A9 E0      LDA #&E0
     AF88   D0 02      BNE &AF8C
.ldiskrw
     AF8A   A9 80      LDA #&80
.ldisknf
     AF8C   85 B7      STA &B7
.ldiskro
     AF8E   20 AE AC   JSR &ACAE
     AF91   8A         TXA
     AF92   48         PHA
     AF93   A2 03      LDX #&03
.uldloop
     AF95   BD DF A4   LDA &A4DF,X
     AF98   C5 B8      CMP &B8
     AF9A   D0 0C      BNE &AFA8
     AF9C   BD E3 A4   LDA &A4E3,X
Macro MASK_DISKNO:
     AF9F   29 1F      AND #&1F
End macro MASK_DISKNO
     AFA1   C5 B9      CMP &B9
     AFA3   D0 03      BNE &AFA8
     AFA5   9D E3 A4   STA &A4E3,X
.uldskip
     AFA8   CA         DEX
     AFA9   10 EA      BPL &AF95
     AFAB   68         PLA
     AFAC   AA         TAX
     AFAD   68         PLA
     AFAE   AA         TAX
     AFAF   A5 B8      LDA &B8
     AFB1   9D DF A4   STA &A4DF,X
     AFB4   A5 B9      LDA &B9
     AFB6   05 B7      ORA &B7
     AFB8   4C C2 AC   JMP &ACC2
.DiskTableSec
     AFBB   AD D4 A4   LDA &A4D4
     AFBE   48         PHA
     AFBF   4A         LSR A
     AFC0   4A         LSR A
     AFC1   4A         LSR A
     AFC2   4A         LSR A
     AFC3   A8         TAY
     AFC4   68         PLA
     AFC5   29 0F      AND #&0F
     AFC7   0A         ASL A
     AFC8   85 BE      STA &BE
     AFCA   A9 00      LDA #&00
     AFCC   85 BF      STA &BF
     AFCE   85 C0      STA &C0
.add_chunk_sector
     AFD0   98         TYA
     AFD1   F0 10      BEQ &AFE3
     AFD3   18         CLC
.loop
     AFD4   A9 3D      LDA #&3D
     AFD6   65 BF      ADC &BF
     AFD8   85 BF      STA &BF
     AFDA   A9 06      LDA #&06
     AFDC   65 C0      ADC &C0
     AFDE   85 C0      STA &C0
     AFE0   88         DEY
     AFE1   D0 F1      BNE &AFD4
.done
.add_mmc_sector
     AFE3   AD E7 A4   LDA &A4E7
     AFE6   18         CLC
     AFE7   65 BE      ADC &BE
     AFE9   85 BE      STA &BE
     AFEB   AD E8 A4   LDA &A4E8
     AFEE   65 BF      ADC &BF
     AFF0   85 BF      STA &BF
     AFF2   AD E9 A4   LDA &A4E9
     AFF5   65 C0      ADC &C0
     AFF7   85 C0      STA &C0
.ldtloaded
     AFF9   60         RTS
.CheckDiskTable
     AFFA   2C 82 A4   BIT &A482
     AFFD   10 07      BPL &B006
     AFFF   70 05      BVS &B006
     B001   CD D4 A4   CMP &A4D4
     B004   F0 F3      BEQ &AFF9
.LoadDiskTable
     B006   8D D4 A4   STA &A4D4
     B009   A9 80      LDA #&80
     B00B   8D 82 A4   STA &A482
     B00E   20 BB AF   JSR &AFBB
     B011   4C CD B3   JMP &B3CD
.SaveDiskTable
     B014   20 BB AF   JSR &AFBB
     B017   4C E4 B3   JMP &B3E4
.GetDiskFirstAllX
     B01A   86 B7      STX &B7
.GetDiskFirstAll
     B01C   A9 00      LDA #&00
     B01E   85 B8      STA &B8
     B020   85 B9      STA &B9
.GetDiskFirst
     B022   20 18 AF   JSR &AF18
     B025   85 B2      STA &B2
     B027   20 FA AF   JSR &AFFA
     B02A   4C 8E B0   JMP &B08E
.print_pluralized_disks
     B02D   98         TYA
     B02E   48         PHA
     B02F   A2 00      LDX #&00
     B031   20 AA B7   JSR &B7AA
     B034   20 9A 80   JSR &809A
     B037   20 64 69 ...
     B03C   EA         NOP
     B03D   68         PLA
     B03E   AA         TAX
     B03F   B5 01      LDA &01,X
     B041   D0 04      BNE &B047
     B043   D6 00      DEC &00,X
     B045   F0 05      BEQ &B04C
.NotOne
     B047   A9 73      LDA #&73
     B049   20 D9 80   JSR &80D9
.nos
     B04C   4C 9A 80   JMP &809A
.gdnextloop
     B04F   C9 FF      CMP #&FF
     B051   F0 43      BEQ &B096
     B053   24 B7      BIT &B7
     B055   30 3D      BMI &B094
.GetDiskNext
     B057   20 1B 8D   JSR &8D1B
     B05A   18         CLC
     B05B   A5 B0      LDA &B0
     B05D   69 10      ADC #&10
     B05F   85 B0      STA &B0
     B061   D0 25      BNE &B088
     B063   A5 B1      LDA &B1
     B065   49 01      EOR #&01
     B067   85 B1      STA &B1
     B069   6A         ROR A
     B06A   B0 1C      BCS &B088
     B06C   AD EE A4   LDA &A4EE
Macro DO_ASLA_X4:
     B06F   20 23 82   JSR &8223
End macro DO_ASLA_X4
     B072   18         CLC
     B073   E5 B2      SBC &B2
     B075   F0 1F      BEQ &B096
     B077   E6 B2      INC &B2
     B079   A5 B2      LDA &B2
     B07B   20 FA AF   JSR &AFFA
     B07E   A5 B2      LDA &B2
     B080   29 0F      AND #&0F
     B082   D0 04      BNE &B088
     B084   A9 10      LDA #&10
     B086   85 B0      STA &B0
.gdx1
     B088   E6 B8      INC &B8
     B08A   D0 02      BNE &B08E
     B08C   E6 B9      INC &B9
.gdx50
.gdfirst
     B08E   A0 0F      LDY #&0F
     B090   B1 B0      LDA (&B0),Y
     B092   30 BB      BMI &B04F
.gdfrmt
     B094   18         CLC
     B095   60         RTS
.gdfin
     B096   A9 FF      LDA #&FF
     B098   85 B9      STA &B9
     B09A   38         SEC
     B09B   60         RTS
.bcd_inc16_zp_x_A8
     B09C   A2 A8      LDX #&A8
.bcd_inc16_zp_x
     B09E   F8         SED
     B09F   18         CLC
     B0A0   B5 00      LDA &00,X
     B0A2   69 01      ADC #&01
     B0A4   95 00      STA &00,X
     B0A6   B5 01      LDA &01,X
     B0A8   69 00      ADC #&00
     B0AA   95 01      STA &01,X
     B0AC   D8         CLD
     B0AD   60         RTS
Including file MMC_Compact.asm
.MMC_GetByte
.P1_ReadByte
     B0AE   A9 FF      LDA #&FF
     B0B0   A2 BF      LDX #&BF
     B0B2   38         SEC
Macro READ_BIT:
     B0B3   8E 60 FE   STX &FE60
     B0B6   2E 60 FE   ROL &FE60
     B0B9   2A         ROL A
End macro READ_BIT
.P1_ReadBits7
Macro READ_BIT:
     B0BA   8E 60 FE   STX &FE60
     B0BD   2E 60 FE   ROL &FE60
     B0C0   2A         ROL A
End macro READ_BIT
Macro READ_BIT:
     B0C1   8E 60 FE   STX &FE60
     B0C4   2E 60 FE   ROL &FE60
     B0C7   2A         ROL A
End macro READ_BIT
Macro READ_BIT:
     B0C8   8E 60 FE   STX &FE60
     B0CB   2E 60 FE   ROL &FE60
     B0CE   2A         ROL A
End macro READ_BIT
Macro READ_BIT:
     B0CF   8E 60 FE   STX &FE60
     B0D2   2E 60 FE   ROL &FE60
     B0D5   2A         ROL A
End macro READ_BIT
Macro READ_BIT:
     B0D6   8E 60 FE   STX &FE60
     B0D9   2E 60 FE   ROL &FE60
     B0DC   2A         ROL A
End macro READ_BIT
Macro READ_BIT:
     B0DD   8E 60 FE   STX &FE60
     B0E0   2E 60 FE   ROL &FE60
     B0E3   2A         ROL A
End macro READ_BIT
Macro READ_BIT:
     B0E4   8E 60 FE   STX &FE60
     B0E7   2E 60 FE   ROL &FE60
     B0EA   2A         ROL A
End macro READ_BIT
     B0EB   60         RTS
.P1_WaitResp
     B0EC   A9 FF      LDA #&FF
     B0EE   A2 BF      LDX #&BF
     B0F0   A0 00      LDY #&00
.loop
     B0F2   88         DEY
     B0F3   F0 08      BEQ &B0FD
     B0F5   8E 60 FE   STX &FE60
     B0F8   2E 60 FE   ROL &FE60
     B0FB   B0 F5      BCS &B0F2
.timeout
     B0FD   2A         ROL A
     B0FE   60         RTS
.P1_WriteByte
     B0FF   48         PHA
     B100   AD 62 FE   LDA &FE62
     B103   09 20      ORA #&20
     B105   8D 62 FE   STA &FE62
     B108   68         PLA
     B109   6A         ROR A
     B10A   6A         ROR A
     B10B   29 BF      AND #&BF
     B10D   8D 60 FE   STA &FE60
     B110   09 40      ORA #&40
     B112   8D 60 FE   STA &FE60
     B115   2A         ROL A
     B116   29 BF      AND #&BF
     B118   8D 60 FE   STA &FE60
     B11B   09 40      ORA #&40
     B11D   8D 60 FE   STA &FE60
     B120   2A         ROL A
     B121   29 BF      AND #&BF
     B123   8D 60 FE   STA &FE60
     B126   09 40      ORA #&40
     B128   8D 60 FE   STA &FE60
     B12B   2A         ROL A
     B12C   29 BF      AND #&BF
     B12E   8D 60 FE   STA &FE60
     B131   09 40      ORA #&40
     B133   8D 60 FE   STA &FE60
     B136   2A         ROL A
     B137   29 BF      AND #&BF
     B139   8D 60 FE   STA &FE60
     B13C   09 40      ORA #&40
     B13E   8D 60 FE   STA &FE60
     B141   2A         ROL A
     B142   29 BF      AND #&BF
     B144   8D 60 FE   STA &FE60
     B147   09 40      ORA #&40
     B149   8D 60 FE   STA &FE60
     B14C   2A         ROL A
     B14D   29 BF      AND #&BF
     B14F   8D 60 FE   STA &FE60
     B152   09 40      ORA #&40
     B154   8D 60 FE   STA &FE60
     B157   2A         ROL A
     B158   29 BF      AND #&BF
     B15A   8D 60 FE   STA &FE60
     B15D   09 40      ORA #&40
     B15F   8D 60 FE   STA &FE60
     B162   2A         ROL A
     B163   48         PHA
     B164   AD 62 FE   LDA &FE62
     B167   29 DF      AND #&DF
     B169   8D 62 FE   STA &FE62
     B16C   68         PLA
     B16D   60         RTS
.MMC_DEVICE_RESET
     B16E   AD 62 FE   LDA &FE62
     B171   09 40      ORA #&40
     B173   29 5F      AND #&5F
     B175   8D 62 FE   STA &FE62
     B178   60         RTS
.MMC_SlowClocks
     B179   4C 7E B1   JMP &B17E
Including file MMC_PrinterCommon.asm
.MMC_16Clocks
     B17C   A0 02      LDY #&02
.MMC_Clocks
.loop
     B17E   20 AE B0   JSR &B0AE
     B181   88         DEY
     B182   D0 FA      BNE &B17E
     B184   60         RTS
.MMC_DoCommand
     B185   A2 00      LDX #&00
     B187   A0 07      LDY #&07
.loop1
     B189   BD 87 A4   LDA &A487,X
     B18C   20 FF B0   JSR &B0FF
     B18F   E8         INX
     B190   88         DEY
     B191   D0 F6      BNE &B189
     B193   20 EC B0   JSR &B0EC
     B196   4C BA B0   JMP &B0BA
.MMC_WaitForData
.loop
     B199   20 AE B0   JSR &B0AE
     B19C   C9 FE      CMP #&FE
     B19E   D0 F9      BNE &B199
     B1A0   60         RTS
.MMC_Read256
     B1A1   A2 00      LDX #&00
     B1A3   F0 02      BEQ &B1A7
.MMC_ReadBLS
     B1A5   A6 C3      LDX &C3
.MMC_ReadX
     B1A7   A0 00      LDY #&00
     B1A9   AD 9E A4   LDA &A49E
     B1AC   D0 0E      BNE &B1BC
.MMC_ReadToMemory
     B1AE   8A         TXA
     B1AF   48         PHA
     B1B0   20 AE B0   JSR &B0AE
     B1B3   91 BC      STA (&BC),Y
     B1B5   68         PLA
     B1B6   AA         TAX
     B1B7   C8         INY
     B1B8   CA         DEX
     B1B9   D0 F3      BNE &B1AE
     B1BB   60         RTS
.MMC_ReadToTube
     B1BC   8A         TXA
     B1BD   48         PHA
     B1BE   20 AE B0   JSR &B0AE
     B1C1   8D E5 FE   STA &FEE5
     B1C4   68         PLA
     B1C5   AA         TAX
     B1C6   C8         INY
     B1C7   CA         DEX
     B1C8   D0 F2      BNE &B1BC
     B1CA   60         RTS
.MMC_ReadBuffer
     B1CB   A0 FF      LDY #&FF
     B1CD   8C 82 A4   STY &A482
     B1D0   C8         INY
.loop
     B1D1   20 AE B0   JSR &B0AE
     B1D4   99 00 A2   STA &A200,Y
     B1D7   C8         INY
     B1D8   D0 F7      BNE &B1D1
     B1DA   60         RTS
.MMC_SendingData
     B1DB   20 7C B1   JSR &B17C
     B1DE   A9 FE      LDA #&FE
     B1E0   4C FF B0   JMP &B0FF
.MMC_EndWrite
     B1E3   20 7C B1   JSR &B17C
.ewu1
     B1E6   20 AE B0   JSR &B0AE
     B1E9   A8         TAY
     B1EA   29 1F      AND #&1F
     B1EC   C9 1F      CMP #&1F
     B1EE   F0 F6      BEQ &B1E6
     B1F0   C9 05      CMP #&05
     B1F2   D0 2E      BNE &B222
.ewu2
     B1F4   20 AE B0   JSR &B0AE
     B1F7   C9 FF      CMP #&FF
     B1F9   D0 F9      BNE &B1F4
     B1FB   60         RTS
.MMC_Write256
     B1FC   AC 9E A4   LDY &A49E
     B1FF   D0 09      BNE &B20A
.loop1
     B201   B1 BC      LDA (&BC),Y
     B203   20 FF B0   JSR &B0FF
     B206   C8         INY
     B207   D0 F8      BNE &B201
     B209   60         RTS
.tube
     B20A   A0 00      LDY #&00
.loop2
     B20C   AD E5 FE   LDA &FEE5
     B20F   20 FF B0   JSR &B0FF
     B212   C8         INY
     B213   D0 F7      BNE &B20C
     B215   60         RTS
.MMC_WriteBuffer
     B216   A0 00      LDY #&00
.loop
     B218   B9 00 A2   LDA &A200,Y
     B21B   20 FF B0   JSR &B0FF
     B21E   C8         INY
     B21F   D0 F7      BNE &B218
     B221   60         RTS
Processed file 'MMC_PrinterCommon.asm' ok
Processed file 'MMC_Compact.asm' ok
.errWrite2
     B222   98         TYA
     B223   20 6A A1   JSR &A16A
     B226   C5
     B227   4D 4D 43 ...
     B240   00         BRK
Including file MMC.asm
.MMC_SetCommand
     B241   8D 88 A4   STA &A488
     B244   A9 00      LDA #&00
     B246   8D 89 A4   STA &A489
     B249   8D 8A A4   STA &A48A
     B24C   8D 8B A4   STA &A48B
     B24F   8D 8C A4   STA &A48C
     B252   A9 FF      LDA #&FF
     B254   8D 87 A4   STA &A487
     B257   8D 8D A4   STA &A48D
     B25A   8D 8E A4   STA &A48E
     B25D   60         RTS
.MMC_INIT
     B25E   20 36 80   JSR &8036
     B261   A9 00      LDA #&00
     B263   8D 9F A4   STA &A49F
     B266   A9 32      LDA #&32
     B268   85 C2      STA &C2
.iloop
     B26A   A0 0A      LDY #&0A
     B26C   20 79 B1   JSR &B179
     B26F   A9 40      LDA #&40
     B271   20 41 B2   JSR &B241
     B274   A9 95      LDA #&95
     B276   8D 8D A4   STA &A48D
     B279   20 85 B1   JSR &B185
     B27C   29 81      AND #&81
     B27E   C9 01      CMP #&01
     B280   D0 2F      BNE &B2B1
     B282   8D DE A4   STA &A4DE
     B285   A9 48      LDA #&48
     B287   20 41 B2   JSR &B241
     B28A   A9 01      LDA #&01
     B28C   8D 8B A4   STA &A48B
     B28F   A9 AA      LDA #&AA
     B291   8D 8C A4   STA &A48C
     B294   A9 87      LDA #&87
     B296   8D 8D A4   STA &A48D
     B299   20 85 B1   JSR &B185
     B29C   C9 01      CMP #&01
     B29E   F0 24      BEQ &B2C4
     B2A0   A9 00      LDA #&00
     B2A2   8D DE A4   STA &A4DE
.il1
     B2A5   A9 41      LDA #&41
     B2A7   20 41 B2   JSR &B241
     B2AA   20 85 B1   JSR &B185
     B2AD   C9 02      CMP #&02
     B2AF   90 09      BCC &B2BA
.ifail
     B2B1   C6 C2      DEC &C2
     B2B3   D0 B5      BNE &B26A
.ifaildone
     B2B5   20 40 80   JSR &8040
     B2B8   38         SEC
     B2B9   60         RTS
.il11
     B2BA   24 FF      BIT &FF
     B2BC   30 F3      BMI &B2B1
     B2BE   C9 00      CMP #&00
     B2C0   D0 E3      BNE &B2A5
     B2C2   F0 42      BEQ &B306
.isdhc
     B2C4   20 AE B0   JSR &B0AE
     B2C7   20 AE B0   JSR &B0AE
     B2CA   20 AE B0   JSR &B0AE
     B2CD   20 AE B0   JSR &B0AE
.isdhc2
     B2D0   A9 77      LDA #&77
     B2D2   20 41 B2   JSR &B241
     B2D5   20 85 B1   JSR &B185
     B2D8   A9 69      LDA #&69
     B2DA   20 41 B2   JSR &B241
     B2DD   A9 40      LDA #&40
     B2DF   8D 89 A4   STA &A489
     B2E2   20 85 B1   JSR &B185
     B2E5   D0 E9      BNE &B2D0
     B2E7   A9 7A      LDA #&7A
     B2E9   20 41 B2   JSR &B241
     B2EC   20 85 B1   JSR &B185
     B2EF   D0 C0      BNE &B2B1
     B2F1   20 AE B0   JSR &B0AE
     B2F4   29 40      AND #&40
     B2F6   48         PHA
     B2F7   20 AE B0   JSR &B0AE
     B2FA   20 AE B0   JSR &B0AE
     B2FD   20 AE B0   JSR &B0AE
     B300   68         PLA
     B301   D0 03      BNE &B306
     B303   8D DE A4   STA &A4DE
.iok
     B306   A9 50      LDA #&50
     B308   20 41 B2   JSR &B241
     B30B   A9 02      LDA #&02
     B30D   8D 8B A4   STA &A48B
     B310   20 85 B1   JSR &B185
     B313   D0 0A      BNE &B31F
     B315   A9 40      LDA #&40
     B317   8D 9F A4   STA &A49F
     B31A   20 40 80   JSR &8040
     B31D   18         CLC
     B31E   60         RTS
.blkerr
     B31F   20 6A A1   JSR &A16A
     B322   FF
     B323   53 65 74 ...
     B337   00
.MMC_GetCIDCRC
     B338   A9 4A      LDA #&4A
     B33A   20 41 B2   JSR &B241
     B33D   20 85 B3   JSR &B385
     B340   A0 10      LDY #&10
     B342   20 7E B1   JSR &B17E
     B345   20 AE B0   JSR &B0AE
     B348   A8         TAY
     B349   4C AE B0   JMP &B0AE
.MMC_SetupWrite
     B34C   A9 58      LDA #&58
     B34E   D0 02      BNE &B352
.MMC_SetupRead
     B350   A9 51      LDA #&51
.setuprw
     B352   20 41 B2   JSR &B241
.setCommandAddress
     B355   AD DE A4   LDA &A4DE
     B358   D0 13      BNE &B36D
     B35A   8D 8C A4   STA &A48C
     B35D   A5 C0      LDA &C0
     B35F   8D 89 A4   STA &A489
     B362   A5 BF      LDA &BF
     B364   8D 8A A4   STA &A48A
     B367   A5 BE      LDA &BE
     B369   8D 8B A4   STA &A48B
     B36C   60         RTS
.setCommandAddressSDHC
     B36D   A9 00      LDA #&00
     B36F   8D 89 A4   STA &A489
     B372   A5 C0      LDA &C0
     B374   4A         LSR A
     B375   8D 8A A4   STA &A48A
     B378   A5 BF      LDA &BF
     B37A   6A         ROR A
     B37B   8D 8B A4   STA &A48B
     B37E   A5 BE      LDA &BE
     B380   6A         ROR A
     B381   8D 8C A4   STA &A48C
     B384   60         RTS
.MMC_StartRead
     B385   20 85 B1   JSR &B185
     B388   D0 03      BNE &B38D
     B38A   4C 99 B1   JMP &B199
.errRead
     B38D   20 6A A1   JSR &A16A
     B390   C5
     B391   4D 4D 43 ...
     B3A0   00
.MMC_StartWrite
     B3A1   20 85 B1   JSR &B185
     B3A4   D0 03      BNE &B3A9
     B3A6   4C DB B1   JMP &B1DB
.errWrite
     B3A9   20 6A A1   JSR &A16A
     B3AC   C5
     B3AD   4D 4D 43 ...
     B3BD   00
.SetupCatRW
     B3BE   20 36 80   JSR &8036
     B3C1   A9 00      LDA #&00
     B3C3   8D 9E A4   STA &A49E
     B3C6   85 BC      STA &BC
     B3C8   A9 A2      LDA #&A2
     B3CA   85 BD      STA &BD
     B3CC   60         RTS
.MMC_ReadCatalogue
     B3CD   20 BE B3   JSR &B3BE
     B3D0   20 50 B3   JSR &B350
     B3D3   20 85 B3   JSR &B385
     B3D6   20 A1 B1   JSR &B1A1
     B3D9   E6 BD      INC &BD
     B3DB   20 A1 B1   JSR &B1A1
     B3DE   20 7C B1   JSR &B17C
     B3E1   4C 40 80   JMP &8040
.MMC_WriteCatalogue
     B3E4   20 BE B3   JSR &B3BE
     B3E7   20 4C B3   JSR &B34C
     B3EA   20 A1 B3   JSR &B3A1
     B3ED   20 FC B1   JSR &B1FC
     B3F0   E6 BD      INC &BD
     B3F2   20 FC B1   JSR &B1FC
     B3F5   20 E3 B1   JSR &B1E3
     B3F8   4C 40 80   JMP &8040
.MMC_RWBlock_CheckIfToTube
     B3FB   48         PHA
     B3FC   AD 90 A4   LDA &A490
     B3FF   8D 72 A4   STA &A472
     B402   AD 91 A4   LDA &A491
     B405   8D 73 A4   STA &A473
     B408   AD 74 A4   LDA &A474
     B40B   2D 75 A4   AND &A475
     B40E   0D D6 A4   ORA &A4D6
     B411   49 FF      EOR #&FF
     B413   8D 9E A4   STA &A49E
     B416   38         SEC
     B417   F0 0D      BEQ &B426
     B419   20 04 8D   JSR &8D04
     B41C   A2 72      LDX #&72
     B41E   A0 A4      LDY #&A4
     B420   68         PLA
     B421   48         PHA
     B422   20 06 04   JSR &0406
     B425   18         CLC
.notTube
     B426   68         PLA
     B427   60         RTS
.MMC_ReadBlock
     B428   20 36 80   JSR &8036
     B42B   20 32 B4   JSR &B432
     B42E   4C 40 80   JMP &8040
.rb1_exit
     B431   60         RTS
.rdblk
     B432   A6 CE      LDX &CE
     B434   D0 04      BNE &B43A
     B436   A5 CF      LDA &CF
     B438   F0 F7      BEQ &B431
.rb1
     B43A   A9 01      LDA #&01
     B43C   20 FB B3   JSR &B3FB
     B43F   A6 CE      LDX &CE
     B441   66 BE      ROR &BE
     B443   66 C2      ROR &C2
     B445   10 07      BPL &B44E
     B447   E8         INX
     B448   86 CE      STX &CE
     B44A   D0 02      BNE &B44E
     B44C   E6 CF      INC &CF
.rb2
     B44E   06 BE      ASL &BE
     B450   20 50 B3   JSR &B350
     B453   A5 CF      LDA &CF
     B455   D0 0E      BNE &B465
     B457   A6 CE      LDX &CE
     B459   E0 03      CPX #&03
     B45B   B0 08      BCS &B465
.rb4_loop
     B45D   A5 C3      LDA &C3
     B45F   D0 40      BNE &B4A1
     B461   E0 01      CPX #&01
     B463   F0 33      BEQ &B498
.rb3
     B465   24 C2      BIT &C2
     B467   10 0D      BPL &B476
     B469   20 85 B3   JSR &B385
     B46C   A0 00      LDY #&00
     B46E   84 C2      STY &C2
     B470   20 7E B1   JSR &B17E
     B473   4C 7E B4   JMP &B47E
.rb6_loop
     B476   20 85 B3   JSR &B385
     B479   20 A1 B1   JSR &B1A1
     B47C   E6 BD      INC &BD
.rb7
     B47E   20 A1 B1   JSR &B1A1
     B481   E6 BD      INC &BD
     B483   20 7C B1   JSR &B17C
     B486   20 51 B6   JSR &B651
     B489   20 6E B5   JSR &B56E
     B48C   F0 A3      BEQ &B431
     B48E   A5 CF      LDA &CF
     B490   D0 E4      BNE &B476
     B492   E0 03      CPX #&03
     B494   B0 E0      BCS &B476
     B496   90 C5      BCC &B45D
.rb9
     B498   20 85 B3   JSR &B385
     B49B   20 A1 B1   JSR &B1A1
     B49E   4C C8 B4   JMP &B4C8
.rb5
     B4A1   20 85 B3   JSR &B385
     B4A4   24 C2      BIT &C2
     B4A6   10 08      BPL &B4B0
     B4A8   A0 00      LDY #&00
     B4AA   20 7E B1   JSR &B17E
     B4AD   4C B9 B4   JMP &B4B9
.rbx1
     B4B0   C6 CE      DEC &CE
     B4B2   F0 05      BEQ &B4B9
     B4B4   20 A1 B1   JSR &B1A1
     B4B7   E6 BD      INC &BD
.rbx2
     B4B9   20 A5 B1   JSR &B1A5
     B4BC   98         TYA
     B4BD   49 FF      EOR #&FF
     B4BF   A8         TAY
     B4C0   C8         INY
     B4C1   20 7E B1   JSR &B17E
     B4C4   A5 CE      LDA &CE
     B4C6   D0 05      BNE &B4CD
.rbx4
     B4C8   A0 00      LDY #&00
     B4CA   20 7E B1   JSR &B17E
.rbx3
     B4CD   4C 7C B1   JMP &B17C
.wb1_exit
     B4D0   60         RTS
.MMC_WriteBlock
     B4D1   20 36 80   JSR &8036
     B4D4   20 DA B4   JSR &B4DA
     B4D7   4C 40 80   JMP &8040
.wrblk
     B4DA   A6 CE      LDX &CE
     B4DC   D0 04      BNE &B4E2
     B4DE   A5 CF      LDA &CF
     B4E0   F0 EE      BEQ &B4D0
.wb1
     B4E2   A9 00      LDA #&00
     B4E4   20 FB B3   JSR &B3FB
     B4E7   A6 CE      LDX &CE
     B4E9   66 BE      ROR &BE
     B4EB   6A         ROR A
     B4EC   06 BE      ASL &BE
     B4EE   48         PHA
     B4EF   20 4C B3   JSR &B34C
     B4F2   68         PLA
     B4F3   10 32      BPL &B527
     B4F5   A9 51      LDA #&51
     B4F7   8D 88 A4   STA &A488
     B4FA   20 85 B3   JSR &B385
     B4FD   20 CB B1   JSR &B1CB
     B500   A0 00      LDY #&00
     B502   20 7E B1   JSR &B17E
     B505   A0 02      LDY #&02
     B507   20 7E B1   JSR &B17E
     B50A   A9 58      LDA #&58
     B50C   8D 88 A4   STA &A488
     B50F   20 A1 B3   JSR &B3A1
     B512   20 16 B2   JSR &B216
     B515   20 FC B1   JSR &B1FC
     B518   20 E3 B1   JSR &B1E3
     B51B   A9 FF      LDA #&FF
     B51D   20 70 B5   JSR &B570
     B520   F0 AE      BEQ &B4D0
     B522   E6 BD      INC &BD
.wb4
     B524   20 51 B6   JSR &B651
.wb2
     B527   A5 CF      LDA &CF
     B529   D0 2D      BNE &B558
     B52B   A6 CE      LDX &CE
     B52D   F0 3E      BEQ &B56D
     B52F   CA         DEX
     B530   D0 26      BNE &B558
     B532   A9 51      LDA #&51
     B534   8D 88 A4   STA &A488
     B537   20 85 B3   JSR &B385
     B53A   A0 00      LDY #&00
     B53C   20 7E B1   JSR &B17E
     B53F   20 CB B1   JSR &B1CB
     B542   A0 02      LDY #&02
     B544   20 7E B1   JSR &B17E
     B547   A9 58      LDA #&58
     B549   8D 88 A4   STA &A488
     B54C   20 A1 B3   JSR &B3A1
     B54F   20 FC B1   JSR &B1FC
     B552   20 16 B2   JSR &B216
     B555   4C E3 B1   JMP &B1E3
.wb3
     B558   20 A1 B3   JSR &B3A1
     B55B   20 FC B1   JSR &B1FC
     B55E   E6 BD      INC &BD
     B560   20 FC B1   JSR &B1FC
     B563   E6 BD      INC &BD
     B565   20 E3 B1   JSR &B1E3
     B568   20 6E B5   JSR &B56E
     B56B   D0 B7      BNE &B524
.wb5
     B56D   60         RTS
.dec_seccountby2
     B56E   A9 FE      LDA #&FE
.dec_seccount
     B570   18         CLC
     B571   65 CE      ADC &CE
     B573   85 CE      STA &CE
     B575   AA         TAX
     B576   A9 FF      LDA #&FF
     B578   65 CF      ADC &CF
     B57A   85 CF      STA &CF
     B57C   05 CE      ORA &CE
     B57E   60         RTS
.MMC_ReadDiscTitle
     B57F   20 36 80   JSR &8036
     B582   A9 00      LDA #&00
     B584   8D 9E A4   STA &A49E
     B587   A2 02      LDX #&02
.loop
     B589   B5 B4      LDA &B4,X
     B58B   95 BE      STA &BE,X
     B58D   CA         DEX
     B58E   10 F9      BPL &B589
     B590   20 50 B3   JSR &B350
     B593   20 85 B3   JSR &B385
     B596   A9 00      LDA #&00
     B598   85 BC      STA &BC
     B59A   A9 A4      LDA #&A4
     B59C   85 BD      STA &BD
     B59E   A9 08      LDA #&08
     B5A0   85 C3      STA &C3
     B5A2   20 A5 B1   JSR &B1A5
     B5A5   A0 F8      LDY #&F8
     B5A7   20 7E B1   JSR &B17E
     B5AA   A9 08      LDA #&08
     B5AC   85 BC      STA &BC
     B5AE   85 C3      STA &C3
     B5B0   20 A5 B1   JSR &B1A5
     B5B3   A0 FA      LDY #&FA
     B5B5   20 7E B1   JSR &B17E
     B5B8   4C 40 80   JMP &8040
.MMC_BEGIN2
     B5BB   20 F1 83   JSR &83F1
     B5BE   20 C4 B5   JSR &B5C4
     B5C1   4C 46 B6   JMP &B646
.MMC_BEGIN1
     B5C4   A2 09      LDX #&09
.begloop1
     B5C6   B5 BC      LDA &BC,X
     B5C8   9D 90 A4   STA &A490,X
     B5CB   CA         DEX
     B5CC   10 F8      BPL &B5C6
     B5CE   20 6E B1   JSR &B16E
     B5D1   2C 9F A4   BIT &A49F
     B5D4   70 08      BVS &B5DE
     B5D6   20 5E B2   JSR &B25E
     B5D9   B0 12      BCS &B5ED
     B5DB   20 1B B6   JSR &B61B
.beg2
     B5DE   20 AE AC   JSR &ACAE
     B5E1   AD EA A4   LDA &A4EA
     B5E4   F0 01      BEQ &B5E7
     B5E6   60         RTS
.beg3
     B5E7   20 CF AC   JSR &ACCF
     B5EA   4C F7 B5   JMP &B5F7
.carderr
     B5ED   20 6D 80   JSR &806D
     B5F0   FF
     B5F1   43 61 72 ...
     B5F6   00
.MMC_LoadDisks
     B5F7   A2 03      LDX #&03
.loop
     B5F9   20 0D B6   JSR &B60D
     B5FC   BD 00 A2   LDA &A200,X
     B5FF   85 B8      STA &B8
     B601   BD 04 A2   LDA &A204,X
     B604   85 B9      STA &B9
     B606   20 79 AF   JSR &AF79
     B609   CA         DEX
     B60A   10 ED      BPL &B5F9
     B60C   60         RTS
.LoadBaseSector
     B60D   8A         TXA
     B60E   48         PHA
     B60F   AD ED A4   LDA &A4ED
Macro DO_ASLA_X4:
     B612   20 23 82   JSR &8223
End macro DO_ASLA_X4
     B615   20 06 B0   JSR &B006
     B618   68         PLA
     B619   AA         TAX
     B61A   60         RTS
.MMC_CheckCardID
     B61B   20 AE AC   JSR &ACAE
     B61E   AD EA A4   LDA &A4EA
     B621   F0 0D      BEQ &B630
     B623   20 38 B3   JSR &B338
     B626   CD EC A4   CMP &A4EC
     B629   D0 06      BNE &B631
     B62B   CC EB A4   CPY &A4EB
     B62E   D0 01      BNE &B631
.cid_x
     B630   60         RTS
.errCardChanged
     B631   A9 00      LDA #&00
     B633   8D 9F A4   STA &A49F
     B636   20 6D 80   JSR &806D
     B639   FF
     B63A   57 72 6F ...
     B645   00
.MMC_END
     B646   A2 09      LDX #&09
.eloop0
     B648   BD 90 A4   LDA &A490,X
     B64B   95 BC      STA &BC,X
     B64D   CA         DEX
     B64E   10 F8      BPL &B648
     B650   60         RTS
.incCommandAddress
     B651   AD DE A4   LDA &A4DE
     B654   D0 11      BNE &B667
     B656   EE 8B A4   INC &A48B
.incMS
     B659   EE 8B A4   INC &A48B
     B65C   D0 08      BNE &B666
     B65E   EE 8A A4   INC &A48A
     B661   D0 03      BNE &B666
     B663   EE 89 A4   INC &A489
.incDone
     B666   60         RTS
.incCommandAddressSDHC
     B667   EE 8C A4   INC &A48C
     B66A   F0 ED      BEQ &B659
     B66C   60         RTS
Processed file 'MMC.asm' ok
.CMD_DRECAT
     B66D   20 81 9A   JSR &9A81
     B670   A2 FF      LDX #&FF
     B672   20 D3 AD   JSR &ADD3
     B675   A2 02      LDX #&02
.drc_loop1
     B677   B5 BE      LDA &BE,X
     B679   95 B4      STA &B4,X
     B67B   CA         DEX
     B67C   10 F9      BPL &B677
     B67E   20 1A B0   JSR &B01A
.drc_loop2
     B681   20 7F B5   JSR &B57F
     B684   A0 0B      LDY #&0B
.drc_loop4
     B686   B9 00 A4   LDA &A400,Y
     B689   91 B0      STA (&B0),Y
     B68B   88         DEY
     B68C   10 F8      BPL &B686
     B68E   A5 B1      LDA &B1
     B690   C9 A3      CMP #&A3
     B692   90 14      BCC &B6A8
     B694   A5 B0      LDA &B0
     B696   C9 F0      CMP #&F0
     B698   90 0E      BCC &B6A8
     B69A   20 14 B0   JSR &B014
     B69D   A5 B2      LDA &B2
     B69F   29 0F      AND #&0F
     B6A1   C9 0F      CMP #&0F
     B6A3   90 03      BCC &B6A8
     B6A5   A9 3F      LDA #&3F
     B6A7   2C
.skipsave
     B6A8   A9 20      LDA #&20
     B6AA   65 B4      ADC &B4
     B6AC   85 B4      STA &B4
     B6AE   A9 03      LDA #&03
     B6B0   65 B5      ADC &B5
     B6B2   85 B5      STA &B5
     B6B4   90 02      BCC &B6B8
     B6B6   E6 B6      INC &B6
.drc_label3
     B6B8   20 57 B0   JSR &B057
     B6BB   90 C4      BCC &B681
     B6BD   4C 14 B0   JMP &B014
.DMatchInit
     B6C0   A2 00      LDX #&00
     B6C2   8E 0E A4   STX &A40E
     B6C5   18         CLC
     B6C6   20 C2 FF   JSR &FFC2
     B6C9   F0 20      BEQ &B6EB
.dmiLoop
     B6CB   20 C5 FF   JSR &FFC5
     B6CE   B0 1B      BCS &B6EB
     B6D0   C9 2A      CMP #&2A
     B6D2   F0 24      BEQ &B6F8
     B6D4   C9 61      CMP #&61
     B6D6   90 06      BCC &B6DE
     B6D8   C9 7B      CMP #&7B
     B6DA   B0 02      BCS &B6DE
     B6DC   49 20      EOR #&20
.dmiUcase
     B6DE   9D 00 A4   STA &A400,X
     B6E1   E8         INX
     B6E2   E0 0C      CPX #&0C
     B6E4   D0 E5      BNE &B6CB
.dmiEnd
     B6E6   20 C5 FF   JSR &FFC5
     B6E9   90 12      BCC &B6FD
.dmiExit
     B6EB   C9 0D      CMP #&0D
     B6ED   D0 1D      BNE &B70C
     B6EF   A9 00      LDA #&00
     B6F1   9D 00 A4   STA &A400,X
     B6F4   8E 0D A4   STX &A40D
     B6F7   60         RTS
.dmiStar
     B6F8   8D 0E A4   STA &A40E
     B6FB   F0 E9      BEQ &B6E6
.ErrBadString
     B6FD   20 6D 80   JSR &806D
     B700   FF
     B701   42 61 64 ...
     B70B   00
.dmiSyntax
     B70C   4C 87 9A   JMP &9A87
.DMatch
     B70F   A0 00      LDY #&00
     B711   AE 0D A4   LDX &A40D
     B714   F0 17      BEQ &B72D
.dmatlp
     B716   B1 B0      LDA (&B0),Y
     B718   F0 25      BEQ &B73F
     B71A   C9 61      CMP #&61
     B71C   90 06      BCC &B724
     B71E   C9 7B      CMP #&7B
     B720   B0 02      BCS &B724
     B722   49 20      EOR #&20
.dmnotlc
     B724   D9 00 A4   CMP &A400,Y
     B727   D0 16      BNE &B73F
     B729   C8         INY
     B72A   CA         DEX
     B72B   D0 E9      BNE &B716
.dmatend
     B72D   B1 B0      LDA (&B0),Y
     B72F   F0 0C      BEQ &B73D
     B731   AD 0D A4   LDA &A40D
     B734   C9 0C      CMP #&0C
     B736   F0 05      BEQ &B73D
     B738   AD 0E A4   LDA &A40E
     B73B   F0 02      BEQ &B73F
.dmmatyes
     B73D   18         CLC
     B73E   60         RTS
.dmatnomatch
     B73F   38         SEC
     B740   60         RTS
.PrintDCat
     B741   B0 05      BCS &B748
     B743   A9 20      LDA #&20
     B745   20 D9 80   JSR &80D9
.pdcnospc
     B748   20 29 84   JSR &8429
     B74B   A2 20      LDX #&20
     B74D   20 A8 B7   JSR &B7A8
     B750   A9 20      LDA #&20
     B752   20 D9 80   JSR &80D9
     B755   A0 0F      LDY #&0F
     B757   B1 B0      LDA (&B0),Y
     B759   30 2F      BMI &B78A
     B75B   A0 00      LDY #&00
.pdcloop
     B75D   B1 B0      LDA (&B0),Y
     B75F   F0 12      BEQ &B773
     B761   C9 20      CMP #&20
     B763   90 04      BCC &B769
     B765   C9 7F      CMP #&7F
     B767   D0 02      BNE &B76B
.pdcdot
     B769   A9 2E      LDA #&2E
.pdcprint
     B76B   20 D9 80   JSR &80D9
     B76E   C8         INY
     B76F   C0 0C      CPY #&0C
     B771   D0 EA      BNE &B75D
.pdcspc
     B773   A9 20      LDA #&20
.pdcspclp
     B775   20 D9 80   JSR &80D9
     B778   C8         INY
     B779   C0 0D      CPY #&0D
     B77B   D0 F8      BNE &B775
     B77D   AA         TAX
     B77E   A0 0F      LDY #&0F
     B780   B1 B0      LDA (&B0),Y
     B782   D0 02      BNE &B786
     B784   A2 50      LDX #&50
.pdcnoprot
     B786   8A         TXA
     B787   4C D9 80   JMP &80D9
.pdcnotform
     B78A   A0 0D      LDY #&0D
     B78C   20 0C 82   JSR &820C
     B78F   A9 55      LDA #&55
     B791   4C D9 80   JMP &80D9
.PrtDiskNo
     B794   20 1A 84   JSR &841A
     B797   BD DF A4   LDA &A4DF,X
     B79A   85 B8      STA &B8
     B79C   BD E3 A4   LDA &A4E3,X
Macro MASK_DISKNO:
     B79F   29 1F      AND #&1F
End macro MASK_DISKNO
     B7A1   85 B9      STA &B9
     B7A3   20 29 84   JSR &8429
     B7A6   A2 00      LDX #&00
.DecNo_Print
     B7A8   A0 B5      LDY #&B5
.DecNo_Print_zp_y
     B7AA   B9 00 00   LDA &0000,Y
     B7AD   48         PHA
     B7AE   B9 01 00   LDA &0001,Y
     B7B1   A0 04      LDY #&04
     B7B3   20 B7 B7   JSR &B7B7
     B7B6   68         PLA
.PrintDec
     B7B7   48         PHA
     B7B8   4A         LSR A
     B7B9   4A         LSR A
     B7BA   4A         LSR A
     B7BB   4A         LSR A
     B7BC   20 C0 B7   JSR &B7C0
     B7BF   68         PLA
.pdec1
     B7C0   29 0F      AND #&0F
     B7C2   F0 07      BEQ &B7CB
     B7C4   A2 30      LDX #&30
     B7C6   09 30      ORA #&30
     B7C8   4C D9 80   JMP &80D9
.pdec2
     B7CB   88         DEY
     B7CC   D0 02      BNE &B7D0
     B7CE   A2 30      LDX #&30
.pdec3
     B7D0   8A         TXA
     B7D1   4C D9 80   JMP &80D9
.CMD_DABOUT
     B7D4   A2 00      LDX #&00
.loop
     B7D6   BD 09 80   LDA &8009,X
     B7D9   D0 02      BNE &B7DD
     B7DB   A9 0D      LDA #&0D
.print
     B7DD   20 E3 FF   JSR &FFE3
     B7E0   E8         INX
     B7E1   E0 2A      CPX #&2A
     B7E3   D0 F1      BNE &B7D6
     B7E5   60         RTS
.CMD_DBASE
     B7E6   20 BE 81   JSR &81BE
     B7E9   F0 20      BEQ &B80B
     B7EB   20 5E 84   JSR &845E
     B7EE   B0 4B      BCS &B83B
     B7F0   D0 49      BNE &B83B
     B7F2   EC EE A4   CPX &A4EE
     B7F5   B0 44      BCS &B83B
     B7F7   8E ED A4   STX &A4ED
     B7FA   20 C5 AC   JSR &ACC5
     B7FD   A9 00      LDA #&00
     B7FF   20 06 B0   JSR &B006
     B802   AD ED A4   LDA &A4ED
     B805   8D 09 A2   STA &A209
     B808   4C 14 B0   JMP &B014
.info
     B80B   20 9A 80   JSR &809A
     B80E   4D 4D 42 ...
     B818   AD ED A4   LDA &A4ED
     B81B   20 2E B8   JSR &B82E
     B81E   20 9A 80   JSR &809A
     B821   4D 4D 42 ...
     B82B   AD EE A4   LDA &A4EE
.printdec
     B82E   20 4D 84   JSR &844D
     B831   A2 00      LDX #&00
     B833   A0 02      LDY #&02
     B835   20 B7 B7   JSR &B7B7
     B838   4C 78 83   JMP &8378
.invalid
     B83B   4C 63 8A   JMP &8A63
.CMD_DBOOT
     B83E   20 7B 9A   JSR &9A7B
     B841   A9 00      LDA #&00
     B843   85 CD      STA &CD
     B845   20 73 8C   JSR &8C73
     B848   20 77 AF   JSR &AF77
     B84B   A9 00      LDA #&00
     B84D   4C 76 8D   JMP &8D76
.CMD_DIN
     B850   20 3D 8C   JSR &8C3D
     B853   4C 77 AF   JMP &AF77
.CMD_DOUT
     B856   20 0A 8C   JSR &8C0A
.unloaddrive
     B859   20 AE AC   JSR &ACAE
     B85C   A6 CD      LDX &CD
     B85E   8A         TXA
     B85F   4C C2 AC   JMP &ACC2
.CMD_DCAT
     B862   A9 00      LDA #&00
     B864   85 B7      STA &B7
     B866   85 A8      STA &A8
     B868   85 A9      STA &A9
     B86A   20 5E 84   JSR &845E
     B86D   B0 25      BCS &B894
     B86F   86 AA      STX &AA
     B871   86 B8      STX &B8
     B873   85 AB      STA &AB
     B875   85 B9      STA &B9
     B877   20 5E 84   JSR &845E
     B87A   B0 1F      BCS &B89B
     B87C   86 AA      STX &AA
     B87E   85 AB      STA &AB
     B880   E4 B8      CPX &B8
     B882   E5 B9      SBC &B9
     B884   10 1B      BPL &B8A1
.badrange
     B886   20 6D 80   JSR &806D
     B889   FF
     B88A   42 61 64 ...
     B893   00
.dc_1
     B894   A2 FE      LDX #&FE
     B896   86 AA      STX &AA
     B898   E8         INX
     B899   86 AB      STX &AB
.dc_2
     B89B   A9 00      LDA #&00
     B89D   85 B8      STA &B8
     B89F   85 B9      STA &B9
.dc_3
     B8A1   E6 AA      INC &AA
     B8A3   D0 02      BNE &B8A7
     B8A5   E6 AB      INC &AB
.dc_4
     B8A7   20 C0 B6   JSR &B6C0
     B8AA   20 22 B0   JSR &B022
     B8AD   A2 00      LDX #&00
     B8AF   AD 0D A4   LDA &A40D
     B8B2   D0 04      BNE &B8B8
     B8B4   CA         DEX
     B8B5   8E 0E A4   STX &A40E
.dclp
     B8B8   A5 B9      LDA &B9
     B8BA   30 1D      BMI &B8D9
     B8BC   A5 B8      LDA &B8
     B8BE   C5 AA      CMP &AA
     B8C0   A5 B9      LDA &B9
     B8C2   E5 AB      SBC &AB
     B8C4   B0 13      BCS &B8D9
     B8C6   20 0F B7   JSR &B70F
     B8C9   B0 08      BCS &B8D3
     B8CB   20 41 B7   JSR &B741
     B8CE   A2 A8      LDX #&A8
     B8D0   20 9C B0   JSR &B09C
.dcnxt
     B8D3   20 57 B0   JSR &B057
     B8D6   4C B8 B8   JMP &B8B8
.dcfin
     B8D9   A9 86      LDA #&86
     B8DB   20 F4 FF   JSR &FFF4
     B8DE   E0 00      CPX #&00
     B8E0   F0 03      BEQ &B8E5
     B8E2   20 78 83   JSR &8378
.dcEven
     B8E5   A0 A8      LDY #&A8
     B8E7   20 2D B0   JSR &B02D
     B8EA   20 66 6F ...
     B8F0   EA         NOP
     B8F1   4C 78 83   JMP &8378
.CMD_DFREE
     B8F4   20 81 9A   JSR &9A81
     B8F7   A2 00      LDX #&00
     B8F9   86 A8      STX &A8
     B8FB   86 A9      STX &A9
     B8FD   86 AA      STX &AA
     B8FF   86 AB      STX &AB
     B901   CA         DEX
     B902   20 1A B0   JSR &B01A
.dfreelp
     B905   10 05      BPL &B90C
     B907   A2 A8      LDX #&A8
     B909   20 9C B0   JSR &B09C
.dffmted
     B90C   A2 AA      LDX #&AA
     B90E   20 9E B0   JSR &B09E
     B911   20 57 B0   JSR &B057
     B914   90 EF      BCC &B905
.dffin
     B916   A2 00      LDX #&00
     B918   A0 A8      LDY #&A8
     B91A   20 AA B7   JSR &B7AA
     B91D   20 9A 80   JSR &809A
     B920   20 6F 66 ...
     B924   A0 AA      LDY #&AA
     B926   20 2D B0   JSR &B02D
     B929   20 66 72 ...
     B93C   EA         NOP
     B93D   4C 78 83   JMP &8378
.CMD_DONBOOT
     B940   20 3D 8C   JSR &8C3D
     B943   20 0D B6   JSR &B60D
     B946   A6 CD      LDX &CD
     B948   A5 B8      LDA &B8
     B94A   9D 00 A2   STA &A200,X
     B94D   A5 B9      LDA &B9
     B94F   9D 04 A2   STA &A204,X
     B952   4C 14 B0   JMP &B014
.CMD_DDRIVE
     B955   84 B3      STY &B3
     B957   A9 FF      LDA #&FF
     B959   85 B7      STA &B7
     B95B   A9 03      LDA #&03
     B95D   85 CD      STA &CD
     B95F   A4 B3      LDY &B3
     B961   20 BE 81   JSR &81BE
     B964   F0 05      BEQ &B96B
     B966   20 12 8C   JSR &8C12
     B969   90 02      BCC &B96D
.ddsknoparam
     B96B   A9 00      LDA #&00
.ddskloop
     B96D   48         PHA
     B96E   AA         TAX
     B96F   A9 3A      LDA #&3A
     B971   20 EE FF   JSR &FFEE
     B974   8A         TXA
     B975   09 30      ORA #&30
     B977   20 EE FF   JSR &FFEE
     B97A   BD E3 A4   LDA &A4E3,X
     B97D   10 13      BPL &B992
Macro MASK_DISKNO:
     B97F   29 1F      AND #&1F
End macro MASK_DISKNO
     B981   85 B9      STA &B9
     B983   BD DF A4   LDA &A4DF,X
     B986   85 B8      STA &B8
     B988   20 22 B0   JSR &B022
     B98B   C9 FF      CMP #&FF
     B98D   F0 03      BEQ &B992
     B98F   20 41 B7   JSR &B741
.ddcont
     B992   20 E7 FF   JSR &FFE7
     B995   68         PLA
     B996   C5 CD      CMP &CD
     B998   F0 04      BEQ &B99E
     B99A   69 01      ADC #&01
     B99C   90 CF      BCC &B96D
.ddskexit
     B99E   60         RTS
.MarkDriveAsFormatted
     B99F   38         SEC
     B9A0   20 43 AF   JSR &AF43
     B9A3   10 26      BPL &B9CB
     B9A5   A9 00      LDA #&00
     B9A7   A8         TAY
.masf_loop
     B9A8   91 B0      STA (&B0),Y
     B9AA   C8         INY
     B9AB   C0 0F      CPY #&0F
     B9AD   D0 F9      BNE &B9A8
     B9AF   98         TYA
     B9B0   D0 0E      BNE &B9C0
.dop_Protect
     B9B2   A9 00      LDA #&00
     B9B4   2C
.dop_Unprotect
     B9B5   A9 0F      LDA #&0F
.dlul
     B9B7   48         PHA
.dkconfirmed
     B9B8   20 42 AF   JSR &AF42
     B9BB   30 0B      BMI &B9C8
.drestore
     B9BD   68         PLA
     B9BE   A0 0F      LDY #&0F
.masf_status
     B9C0   91 B0      STA (&B0),Y
     B9C2   20 14 B0   JSR &B014
     B9C5   4C 77 AF   JMP &AF77
.jmpErrNotFormatted
     B9C8   4C 84 AD   JMP &AD84
.jmpErrFormatted
     B9CB   4C 96 AD   JMP &AD96
.dop_Kill
     B9CE   20 78 9C   JSR &9C78
     B9D1   20 42 AF   JSR &AF42
     B9D4   20 4F AD   JSR &AD4F
     B9D7   20 22 B0   JSR &B022
     B9DA   20 9A 80   JSR &809A
     B9DD   4B 69 6C ...
     B9E1   EA         NOP
     B9E2   18         CLC
     B9E3   20 41 B7   JSR &B741
     B9E6   20 9A 80   JSR &809A
     B9E9   20 3A 20 
     B9EC   EA         NOP
     B9ED   20 DE 9C   JSR &9CDE
     B9F0   D0 05      BNE &B9F7
     B9F2   A9 F0      LDA #&F0
     B9F4   48         PHA
     B9F5   D0 C1      BNE &B9B8
.dkcancel
     B9F7   60         RTS
.dop_Restore
     B9F8   A9 0F      LDA #&0F
     B9FA   48         PHA
     B9FB   38         SEC
     B9FC   20 43 AF   JSR &AF43
     B9FF   30 BC      BMI &B9BD
     BA01   10 C8      BPL &B9CB
.dop_New
     BA03   A2 FF      LDX #&FF
     BA05   20 1A B0   JSR &B01A
.fdkloop
     BA08   B0 2F      BCS &BA39
     BA0A   C9 F0      CMP #&F0
     BA0C   F0 06      BEQ &BA14
     BA0E   20 57 B0   JSR &B057
     BA11   4C 08 BA   JMP &BA08
.fdkfound
     BA14   20 29 84   JSR &8429
     BA17   20 77 AF   JSR &AF77
     BA1A   20 9A 80   JSR &809A
     BA1D   44 69 73 ...
     BA22   A2 00      LDX #&00
     BA24   20 A8 B7   JSR &B7A8
     BA27   20 9A 80   JSR &809A
     BA2A   20 69 6E ...
     BA2F   A5 CD      LDA &CD
     BA31   09 30      ORA #&30
     BA33   20 EE FF   JSR &FFEE
     BA36   4C E7 FF   JMP &FFE7
.ErrNoFreeDisks
     BA39   20 6D 80   JSR &806D
     BA3C   FF
     BA3D   4E 6F 20 ...
     BA4A   00
.CMD_DOP
     BA4B   20 BE 81   JSR &81BE
     BA4E   F0 0C      BEQ &BA5C
     BA50   29 DF      AND #&DF
     BA52   A2 05      LDX #&05
.optloop
     BA54   DD 6B BA   CMP &BA6B,X
     BA57   F0 06      BEQ &BA5F
     BA59   CA         DEX
     BA5A   10 F8      BPL &BA54
.opterr
     BA5C   4C 63 8A   JMP &8A63
.optok
     BA5F   BD 70 BA   LDA &BA70,X
     BA62   48         PHA
     BA63   BD 75 BA   LDA &BA75,X
     BA66   48         PHA
     BA67   C8         INY
     BA68   4C 0A 8C   JMP &8C0A
.dop
     BA6B   52 4B 4E ...
.dopexhi
     BA70   B9
     BA71   B9
     BA72   BA
     BA73   B9
     BA74   B9
.dopexlo
     BA75   F7
     BA76   CD
     BA77   02
     BA78   B4
     BA79   B1
Including file OSWORD7F.asm
.Osword7F_8271_Emulation
     BA7A   A0 01      LDY #&01
     BA7C   A2 02      LDX #&02
     BA7E   20 2D 81   JSR &812D
     BA81   A0 00      LDY #&00
     BA83   84 C3      STY &C3
     BA85   84 CF      STY &CF
     BA87   B1 B0      LDA (&B0),Y
     BA89   30 03      BMI &BA8E
     BA8B   20 05 8C   JSR &8C05
.ownoreset
     BA8E   20 BB B5   JSR &B5BB
     BA91   A6 CD      LDX &CD
     BA93   20 D3 AD   JSR &ADD3
     BA96   A0 05      LDY #&05
     BA98   B1 B0      LDA (&B0),Y
     BA9A   18         CLC
     BA9B   69 07      ADC #&07
     BA9D   85 B2      STA &B2
     BA9F   20 A9 BA   JSR &BAA9
     BAA2   A4 B2      LDY &B2
     BAA4   91 B0      STA (&B0),Y
.owuknown
     BAA6   A9 00      LDA #&00
     BAA8   60         RTS
.ow7F
     BAA9   A6 CD      LDX &CD
     BAAB   BD E3 A4   LDA &A4E3,X
     BAAE   10 21      BPL &BAD1
     BAB0   29 20      AND #&20
     BAB2   D0 1A      BNE &BACE
     BAB4   C8         INY
     BAB5   B1 B0      LDA (&B0),Y
     BAB7   85 B3      STA &B3
     BAB9   C9 53      CMP #&53
     BABB   F0 1A      BEQ &BAD7
     BABD   C9 57      CMP #&57
     BABF   F0 16      BEQ &BAD7
     BAC1   C9 4B      CMP #&4B
     BAC3   D0 E1      BNE &BAA6
     BAC5   BD E3 A4   LDA &A4E3,X
     BAC8   0A         ASL A
     BAC9   10 0C      BPL &BAD7
     BACB   A9 12      LDA #&12
     BACD   60         RTS
.ownosector
     BACE   A9 1E      LDA #&1E
     BAD0   60         RTS
.owdrvnotrdy
     BAD1   A9 10      LDA #&10
     BAD3   60         RTS
.owfault
     BAD4   A9 FF      LDA #&FF
     BAD6   60         RTS
.owrw
     BAD7   A5 B2      LDA &B2
     BAD9   C9 0A      CMP #&0A
     BADB   D0 F7      BNE &BAD4
     BADD   A9 00      LDA #&00
     BADF   85 B5      STA &B5
     BAE1   C8         INY
     BAE2   B1 B0      LDA (&B0),Y
     BAE4   C9 50      CMP #&50
     BAE6   B0 E6      BCS &BACE
     BAE8   0A         ASL A
     BAE9   85 B4      STA &B4
     BAEB   0A         ASL A
     BAEC   26 B5      ROL &B5
     BAEE   0A         ASL A
     BAEF   26 B5      ROL &B5
     BAF1   65 B4      ADC &B4
     BAF3   85 B4      STA &B4
     BAF5   90 02      BCC &BAF9
     BAF7   E6 B5      INC &B5
.owsk1
     BAF9   C8         INY
     BAFA   B1 B0      LDA (&B0),Y
     BAFC   C9 0A      CMP #&0A
     BAFE   B0 CE      BCS &BACE
     BB00   65 B4      ADC &B4
     BB02   85 B4      STA &B4
     BB04   90 02      BCC &BB08
     BB06   E6 B5      INC &B5
.owsk2
     BB08   C8         INY
     BB09   B1 B0      LDA (&B0),Y
     BB0B   29 1F      AND #&1F
     BB0D   F0 2C      BEQ &BB3B
     BB0F   85 CE      STA &CE
     BB11   18         CLC
     BB12   88         DEY
     BB13   71 B0      ADC (&B0),Y
     BB15   C9 0B      CMP #&0B
     BB17   B0 B5      BCS &BACE
     BB19   18         CLC
     BB1A   A5 BE      LDA &BE
     BB1C   65 B4      ADC &B4
     BB1E   85 BE      STA &BE
     BB20   A5 BF      LDA &BF
     BB22   65 B5      ADC &B5
     BB24   85 BF      STA &BF
     BB26   90 02      BCC &BB2A
     BB28   E6 C0      INC &C0
.owsk4
     BB2A   A5 B3      LDA &B3
     BB2C   C9 4B      CMP #&4B
     BB2E   F0 0E      BEQ &BB3E
     BB30   20 28 B4   JSR &B428
.owexit
     BB33   AD 9E A4   LDA &A49E
     BB36   F0 03      BEQ &BB3B
     BB38   20 13 8D   JSR &8D13
.owretok
     BB3B   A9 00      LDA #&00
     BB3D   60         RTS
.owwrite
     BB3E   20 D1 B4   JSR &B4D1
     BB41   4C 33 BB   JMP &BB33
Processed file 'OSWORD7F.asm' ok
Including file ROMS.asm
.CMD_ROMS
     BB44   20 60 BC   JSR &BC60
     BB47   85 A8      STA &A8
     BB49   A9 0F      LDA #&0F
     BB4B   85 AA      STA &AA
     BB4D   20 53 BC   JSR &BC53
     BB50   38         SEC
     BB51   20 C2 FF   JSR &FFC2
     BB54   84 AB      STY &AB
     BB56   18         CLC
     BB57   F0 1F      BEQ &BB78
.loopROMnumbers
     BB59   20 5E 84   JSR &845E
     BB5C   B0 1A      BCS &BB78
     BB5E   C9 00      CMP #&00
     BB60   D0 F7      BNE &BB59
     BB62   E0 10      CPX #&10
     BB64   B0 F3      BCS &BB59
     BB66   8A         TXA
     BB67   84 AB      STY &AB
     BB69   85 AA      STA &AA
     BB6B   20 CC BB   JSR &BBCC
     BB6E   A4 AB      LDY &AB
     BB70   20 BE 81   JSR &81BE
     BB73   84 AB      STY &AB
     BB75   D0 E2      BNE &BB59
     BB77   60         RTS
.Label_A9FF_notnum
     BB78   66 A8      ROR &A8
.Label_AA01_loop
     BB7A   24 A8      BIT &A8
     BB7C   10 05      BPL &BB83
     BB7E   20 8B BB   JSR &BB8B
     BB81   90 03      BCC &BB86
.Label_AA0A
     BB83   20 CC BB   JSR &BBCC
.Label_AA0D_nomatch
     BB86   C6 AA      DEC &AA
     BB88   10 F0      BPL &BB7A
     BB8A   60         RTS
.Sub_AA12_titlecmp
     BB8B   A9 09      LDA #&09
     BB8D   85 F6      STA &F6
     BB8F   A9 80      LDA #&80
     BB91   85 F7      STA &F7
     BB93   A4 AB      LDY &AB
.Label_AA1C_loop
     BB95   B1 F2      LDA (&F2),Y
     BB97   C9 0D      CMP #&0D
     BB99   F0 22      BEQ &BBBD
     BB9B   C9 22      CMP #&22
     BB9D   F0 1E      BEQ &BBBD
     BB9F   C8         INY
     BBA0   C9 2A      CMP #&2A
     BBA2   F0 26      BEQ &BBCA
     BBA4   20 0C 83   JSR &830C
     BBA7   85 AE      STA &AE
     BBA9   20 45 BC   JSR &BC45
     BBAC   F0 0D      BEQ &BBBB
     BBAE   A6 AE      LDX &AE
     BBB0   E0 23      CPX #&23
     BBB2   F0 E1      BEQ &BB95
     BBB4   20 0C 83   JSR &830C
     BBB7   C5 AE      CMP &AE
     BBB9   F0 DA      BEQ &BB95
.Label_AA42_nomatch
     BBBB   18         CLC
     BBBC   60         RTS
.Label_AA44
     BBBD   20 45 BC   JSR &BC45
     BBC0   F0 08      BEQ &BBCA
     BBC2   C9 20      CMP #&20
     BBC4   F0 F7      BEQ &BBBD
     BBC6   C9 0D      CMP #&0D
     BBC8   D0 F1      BNE &BBBB
.Label_AA51_match
     BBCA   38         SEC
     BBCB   60         RTS
.Label_AA53_RomInfo
     BBCC   A4 AA      LDY &AA
     BBCE   B1 AC      LDA (&AC),Y
     BBD0   F0 E9      BEQ &BBBB
     BBD2   48         PHA
     BBD3   20 9A 80   JSR &809A
     BBD6   52 6F 6D ...
     BBDA   98         TYA
     BBDB   20 F5 80   JSR &80F5
     BBDE   20 9A 80   JSR &809A
     BBE1   20 3A 20 
     BBE4   A9 28      LDA #&28
     BBE6   20 D9 80   JSR &80D9
     BBE9   68         PLA
     BBEA   48         PHA
     BBEB   30 04      BMI &BBF1
     BBED   A0 20      LDY #&20
     BBEF   D0 02      BNE &BBF3
.Label_AA78
     BBF1   A0 53      LDY #&53
.Label_AA7A
     BBF3   98         TYA
     BBF4   20 D9 80   JSR &80D9
     BBF7   68         PLA
     BBF8   A0 20      LDY #&20
     BBFA   0A         ASL A
     BBFB   10 02      BPL &BBFF
     BBFD   A0 4C      LDY #&4C
.Label_AA86
     BBFF   98         TYA
     BC00   20 D9 80   JSR &80D9
     BC03   A9 29      LDA #&29
     BC05   20 D9 80   JSR &80D9
     BC08   20 19 81   JSR &8119
     BC0B   20 13 BC   JSR &BC13
     BC0E   20 78 83   JSR &8378
     BC11   38         SEC
     BC12   60         RTS
.Label_AA9A_PrtRomTitle
     BC13   A9 07      LDA #&07
     BC15   85 F6      STA &F6
     BC17   A9 80      LDA #&80
     BC19   85 F7      STA &F7
     BC1B   20 45 BC   JSR &BC45
     BC1E   85 AE      STA &AE
     BC20   E6 F6      INC &F6
     BC22   A0 1E      LDY #&1E
     BC24   20 38 BC   JSR &BC38
     BC27   B0 1B      BCS &BC44
     BC29   20 19 81   JSR &8119
     BC2C   90 09      BCC &BC37
.Label_AAB8_loop
     BC2E   C9 20      CMP #&20
     BC30   B0 02      BCS &BC34
     BC32   A9 20      LDA #&20
.Label_AABE
     BC34   20 D9 80   JSR &80D9
.DEY_Sub_AAC2_PrintRomStr
     BC37   88         DEY
.Sub_AAC2_PrintRomStr
     BC38   A5 F6      LDA &F6
     BC3A   C5 AE      CMP &AE
     BC3C   B0 06      BCS &BC44
     BC3E   20 45 BC   JSR &BC45
     BC41   D0 EB      BNE &BC2E
     BC43   18         CLC
.Label_AACE_rts
     BC44   60         RTS
.Sub_AACF_ReadRom
     BC45   98         TYA
     BC46   48         PHA
     BC47   A4 AA      LDY &AA
     BC49   20 B9 FF   JSR &FFB9
     BC4C   E6 F6      INC &F6
     BC4E   AA         TAX
     BC4F   68         PLA
     BC50   A8         TAY
     BC51   8A         TXA
     BC52   60         RTS
.Sub_AADD_RomTablePtrBA
     BC53   20 1A 84   JSR &841A
     BC56   A9 AA      LDA #&AA
     BC58   20 F8 93   JSR &93F8
     BC5B   86 AC      STX &AC
     BC5D   84 AD      STY &AD
     BC5F   60         RTS
.Sub_AAEA_StackAZero
     BC60   BA         TSX
     BC61   A9 00      LDA #&00
     BC63   9D 07 01   STA &0107,X
     BC66   60         RTS
Processed file 'ROMS.asm' ok
Including file Utilities.asm
.CMD_DUMP
     BC67   A9 40      LDA #&40
     BC69   20 66 BD   JSR &BD66
     BC6C   A9 00      LDA #&00
     BC6E   48         PHA
     BC6F   AA         TAX
     BC70   F0 06      BEQ &BC78
.dump_inc_address
     BC72   69 08      ADC #&08
     BC74   48         PHA
     BC75   90 01      BCC &BC78
     BC77   E8         INX
.dump_loop
     BC78   8A         TXA
     BC79   20 08 81   JSR &8108
     BC7C   68         PLA
     BC7D   48         PHA
     BC7E   20 08 81   JSR &8108
     BC81   8A         TXA
     BC82   48         PHA
     BC83   20 19 81   JSR &8119
     BC86   A2 07      LDX #&07
.dump_getbytes_loop
     BC88   20 D7 FF   JSR &FFD7
     BC8B   B0 0B      BCS &BC98
     BC8D   95 A8      STA &A8,X
     BC8F   20 08 81   JSR &8108
     BC92   20 19 81   JSR &8119
     BC95   CA         DEX
     BC96   10 F0      BPL &BC88
.dump_eof
     BC98   08         PHP
     BC99   90 12      BCC &BCAD
.dump_padnum_loop
     BC9B   A9 2A      LDA #&2A
     BC9D   20 EE FF   JSR &FFEE
     BCA0   20 EE FF   JSR &FFEE
     BCA3   20 19 81   JSR &8119
     BCA6   A9 00      LDA #&00
     BCA8   95 A8      STA &A8,X
     BCAA   CA         DEX
     BCAB   10 EE      BPL &BC9B
.dump_noteof
     BCAD   A2 07      LDX #&07
.dump_chr_loop
     BCAF   B5 A8      LDA &A8,X
     BCB1   29 7F      AND #&7F
     BCB3   C9 7F      CMP #&7F
     BCB5   F0 04      BEQ &BCBB
     BCB7   C9 20      CMP #&20
     BCB9   B0 02      BCS &BCBD
.showchrdot
     BCBB   A9 2E      LDA #&2E
.showchrexit
     BCBD   20 EE FF   JSR &FFEE
     BCC0   CA         DEX
     BCC1   10 EC      BPL &BCAF
     BCC3   20 E7 FF   JSR &FFE7
     BCC6   28         PLP
     BCC7   68         PLA
     BCC8   AA         TAX
     BCC9   68         PLA
     BCCA   24 FF      BIT &FF
     BCCC   30 3A      BMI &BD08
     BCCE   90 A2      BCC &BC72
     BCD0   B0 31      BCS &BD03
.CMD_TYPE
     BCD2   A9 00      LDA #&00
     BCD4   F0 02      BEQ &BCD8
.CMD_LIST
     BCD6   A9 FF      LDA #&FF
.type
     BCD8   85 AA      STA &AA
     BCDA   A9 40      LDA #&40
     BCDC   20 66 BD   JSR &BD66
     BCDF   A9 0D      LDA #&0D
.list_loop_entry
     BCE1   25 AA      AND &AA
     BCE3   49 0D      EOR #&0D
     BCE5   AA         TAX
.list_loop
     BCE6   20 D7 FF   JSR &FFD7
     BCE9   B0 15      BCS &BD00
     BCEB   C9 0A      CMP #&0A
     BCED   F0 F7      BEQ &BCE6
     BCEF   48         PHA
     BCF0   8A         TXA
     BCF1   D0 03      BNE &BCF6
     BCF3   20 97 BD   JSR &BD97
.list_skiplineno
     BCF6   68         PLA
     BCF7   20 E3 FF   JSR &FFE3
     BCFA   24 FF      BIT &FF
     BCFC   30 0A      BMI &BD08
     BCFE   10 E1      BPL &BCE1
.list_eof
     BD00   20 E7 FF   JSR &FFE7
.Utils_CloseFile_Yhandle
     BD03   A9 00      LDA #&00
     BD05   4C CE FF   JMP &FFCE
.Utils_ESCAPE_CloseFileY
     BD08   20 03 BD   JSR &BD03
     BD0B   4C 1F 8D   JMP &8D1F
.CMD_BUILD
     BD0E   A9 80      LDA #&80
     BD10   20 66 BD   JSR &BD66
.loop_newline
     BD13   20 97 BD   JSR &BD97
     BD16   A2 00      LDX #&00
.loop_line
     BD18   20 E0 FF   JSR &FFE0
     BD1B   B0 EB      BCS &BD08
     BD1D   C9 15      CMP #&15
     BD1F   F0 11      BEQ &BD32
     BD21   C9 7F      CMP #&7F
     BD23   F0 14      BEQ &BD39
     BD25   20 E3 FF   JSR &FFE3
     BD28   20 D4 FF   JSR &FFD4
     BD2B   E8         INX
     BD2C   C9 0D      CMP #&0D
     BD2E   D0 E8      BNE &BD18
     BD30   F0 E1      BEQ &BD13
.clearline
     BD32   20 3F BD   JSR &BD3F
     BD35   D0 FB      BNE &BD32
     BD37   F0 DF      BEQ &BD18
.subpointer
     BD39   20 3F BD   JSR &BD3F
     BD3C   4C 18 BD   JMP &BD18
.fpdec
     BD3F   8A         TXA
     BD40   F0 23      BEQ &BD65
     BD42   48         PHA
     BD43   A9 7F      LDA #&7F
     BD45   20 EE FF   JSR &FFEE
     BD48   A9 00      LDA #&00
     BD4A   A2 AA      LDX #&AA
     BD4C   20 DA FF   JSR &FFDA
     BD4F   A5 AA      LDA &AA
     BD51   D0 08      BNE &BD5B
     BD53   A5 AB      LDA &AB
     BD55   D0 02      BNE &BD59
     BD57   C6 AC      DEC &AC
.decmsb
     BD59   C6 AB      DEC &AB
.declsb
     BD5B   C6 AA      DEC &AA
.fpdecdone
     BD5D   A9 03      LDA #&03
     BD5F   20 DA FF   JSR &FFDA
     BD62   68         PLA
     BD63   AA         TAX
     BD64   CA         DEX
.fpdecrts
     BD65   60         RTS
.Utils_FilenameAtXY
     BD66   85 AF      STA &AF
     BD68   BA         TSX
     BD69   A9 00      LDA #&00
     BD6B   9D 07 01   STA &0107,X
     BD6E   85 A8      STA &A8
     BD70   85 A9      STA &A9
     BD72   88         DEY
.utils_skipspcloop
     BD73   C8         INY
     BD74   B1 F2      LDA (&F2),Y
     BD76   C9 20      CMP #&20
     BD78   F0 F9      BEQ &BD73
     BD7A   C9 0D      CMP #&0D
     BD7C   D0 03      BNE &BD81
     BD7E   4C 87 9A   JMP &9A87
.utils_notnullstr
     BD81   98         TYA
     BD82   18         CLC
     BD83   65 F2      ADC &F2
     BD85   AA         TAX
     BD86   A5 F3      LDA &F3
     BD88   69 00      ADC #&00
     BD8A   A8         TAY
     BD8B   A5 AF      LDA &AF
     BD8D   20 CE FF   JSR &FFCE
     BD90   F0 02      BEQ &BD94
     BD92   A8         TAY
     BD93   60         RTS
.utils_filenotfound
     BD94   4C 3B 82   JMP &823B
.Utils_PrintLineNoA8
     BD97   20 9C B0   JSR &B09C
     BD9A   20 08 81   JSR &8108
     BD9D   A5 A8      LDA &A8
     BD9F   20 08 81   JSR &8108
     BDA2   4C 19 81   JMP &8119
Processed file 'Utilities.asm' ok
.Init12K
     BDA5   08         PHP
     BDA6   48         PHA
     BDA7   8A         TXA
     BDA8   48         PHA
     BDA9   98         TYA
     BDAA   48         PHA
     BDAB   A9 00      LDA #&00
     BDAD   85 B0      STA &B0
     BDAF   A9 7F      LDA #&7F
     BDB1   85 B1      STA &B1
     BDB3   A5 F4      LDA &F4
     BDB5   09 80      ORA #&80
     BDB7   AA         TAX
     BDB8   A0 FF      LDY #&FF
     BDBA   D0 09      BNE &BDC5
.loop
     BDBC   B1 B0      LDA (&B0),Y
     BDBE   86 F4      STX &F4
     BDC0   8E 30 FE   STX &FE30
     BDC3   91 B0      STA (&B0),Y
.start_loop
     BDC5   8A         TXA
     BDC6   29 7F      AND #&7F
     BDC8   85 F4      STA &F4
     BDCA   8D 30 FE   STA &FE30
     BDCD   C8         INY
     BDCE   D0 EC      BNE &BDBC
     BDD0   E6 B1      INC &B1
     BDD2   A5 B1      LDA &B1
     BDD4   C9 B0      CMP #&B0
     BDD6   F0 0A      BEQ &BDE2
     BDD8   C9 A2      CMP #&A2
     BDDA   D0 E0      BNE &BDBC
     BDDC   A9 AB      LDA #&AB
     BDDE   85 B1      STA &B1
     BDE0   D0 DA      BNE &BDBC
.done
     BDE2   68         PLA
     BDE3   A8         TAY
     BDE4   68         PLA
     BDE5   AA         TAX
     BDE6   68         PLA
     BDE7   28         PLP
     BDE8   60         RTS
.PageIn12K
     BDE9   08         PHP
     BDEA   48         PHA
     BDEB   A5 F4      LDA &F4
     BDED   09 80      ORA #&80
     BDEF   85 F4      STA &F4
     BDF1   8D 30 FE   STA &FE30
     BDF4   68         PLA
     BDF5   28         PLP
     BDF6   60         RTS
.PageOut12K
     BDF7   08         PHP
     BDF8   48         PHA
     BDF9   A5 F4      LDA &F4
     BDFB   29 7F      AND #&7F
     BDFD   85 F4      STA &F4
     BDFF   8D 30 FE   STA &FE30
     BE02   68         PLA
     BE03   28         PLP
     BE04   60         RTS
    code ends at&BE05  (574 bytes free )
Saving file 'build/C/SWMMFS+'
Processed file 'mmfs100.asm' ok
Processed file 'top_SWMMFS+.asm' ok
