Including file DEVICE.asm
Processed file 'DEVICE.asm' ok
Including file mmfs100.asm
     B6FE   19
     B6FF   67
Including file VERSION.asm
Processed file 'VERSION.asm' ok
Including file SYSVARS.asm
Processed file 'SYSVARS.asm' ok
.langentry
     8000   00         BRK
     8001   00         BRK
     8002   00         BRK
.serventry
     8003   4C 9D 8D   JMP &8D9D
.romtype
     8006   82
.copywoffset
     8007   28
.binversion
     8008   7B
.title
Macro BUILD_NAME:
Macro BASE_NAME:
     8009   4D 6F 64 ...
Macro SYSTEM_NAME:
     8011   4D 4D 46 ...
End macro SYSTEM_NAME
     8016   20 53 57 ...
End macro BASE_NAME
Macro DEVICE_NAME:
     801C   20 50 69 ...
End macro DEVICE_NAME
Macro DFS_EMUL_NAME:
End macro DFS_EMUL_NAME
     8023   00
End macro BUILD_NAME
.version
Macro BUILD_VERSION:
     8024   31 2E 35 ...
     8028   00
End macro BUILD_VERSION
.copyright
Macro BUILD_COPYRIGHT:
     8029   28 43 29 ...
     8037   00
End macro BUILD_COPYRIGHT
.header_end
.Go_FSCV
     8038   6C 1E 02   JMP (&021E)
.SetLEDS
     803B   A2 06      LDX #&06
     803D   8E 40 FE   STX &FE40
     8040   E8         INX
     8041   8E 40 FE   STX &FE40
     8044   60         RTS
.ResetLEDS
     8045   20 FA 83   JSR &83FA
     8048   A9 76      LDA #&76
     804A   4C F4 FF   JMP &FFF4
.errDISK
     804D   20 62 80   JSR &8062
     8050   00         BRK
     8051   44 69 73 ...
     8056   90 21      BCC &8079
.errBAD
     8058   20 62 80   JSR &8062
     805B   00         BRK
     805C   42 61 64 ...
     8060   90 17      BCC &8079
.ReportErrorCB
     8062   AD DD B9   LDA &B9DD
     8065   D0 03      BNE &806A
     8067   20 CC 96   JSR &96CC
.brk100_notbuf
     806A   A9 FF      LDA #&FF
     806C   8D 82 B9   STA &B982
     806F   8D DD B9   STA &B9DD
.ReportError
     8072   A2 02      LDX #&02
     8074   A9 00      LDA #&00
     8076   8D 00 01   STA &0100
.ErrCONTINUE
     8079   20 45 80   JSR &8045
.ReportError2
     807C   68         PLA
     807D   85 AE      STA &AE
     807F   68         PLA
     8080   85 AF      STA &AF
     8082   A0 00      LDY #&00
     8084   20 F1 83   JSR &83F1
     8087   8D 01 01   STA &0101
     808A   CA         DEX
.errstr_loop
     808B   E8         INX
     808C   20 F1 83   JSR &83F1
     808F   9D 00 01   STA &0100,X
     8092   30 27      BMI &80BB
     8094   D0 F5      BNE &808B
     8096   20 6E 8C   JSR &8C6E
     8099   4C 00 01   JMP &0100
.PrintNibble_PrintString
     809C   20 09 81   JSR &8109
.PrintString
     809F   85 B3      STA &B3
     80A1   68         PLA
     80A2   85 AE      STA &AE
     80A4   68         PLA
     80A5   85 AF      STA &AF
     80A7   A5 B3      LDA &B3
     80A9   48         PHA
     80AA   98         TYA
     80AB   48         PHA
     80AC   A0 00      LDY #&00
.prtstr_loop
     80AE   20 F1 83   JSR &83F1
     80B1   30 05      BMI &80B8
     80B3   20 E2 80   JSR &80E2
     80B6   10 F6      BPL &80AE
.prtstr_return1
     80B8   68         PLA
     80B9   A8         TAY
     80BA   68         PLA
.prtstr_return2
     80BB   18         CLC
     80BC   6C AE 00   JMP (&00AE)
.PrintStringSPL
     80BF   85 B3      STA &B3
     80C1   68         PLA
     80C2   85 AE      STA &AE
     80C4   68         PLA
     80C5   85 AF      STA &AF
     80C7   A5 B3      LDA &B3
     80C9   48         PHA
     80CA   98         TYA
     80CB   48         PHA
     80CC   A0 00      LDY #&00
.pstr_loop
     80CE   20 F1 83   JSR &83F1
     80D1   30 E5      BMI &80B8
     80D3   20 E3 FF   JSR &FFE3
     80D6   4C CE 80   JMP &80CE
.PrintSpace
     80D9   A9 20      LDA #&20
     80DB   D0 05      BNE &80E2
.PrintNibFullStop
     80DD   20 09 81   JSR &8109
.PrintFullStop
     80E0   A9 2E      LDA #&2E
.PrintChrA
     80E2   20 FA 83   JSR &83FA
     80E5   48         PHA
     80E6   A9 EC      LDA #&EC
     80E8   20 39 93   JSR &9339
     80EB   8A         TXA
     80EC   48         PHA
     80ED   09 10      ORA #&10
     80EF   AA         TAX
     80F0   20 F9 80   JSR &80F9
     80F3   68         PLA
     80F4   AA         TAX
     80F5   68         PLA
     80F6   20 E3 FF   JSR &FFE3
.osbyte03_Xoutstream
     80F9   A9 03      LDA #&03
     80FB   4C F4 FF   JMP &FFF4
.PrintBCD
     80FE   20 32 84   JSR &8432
.PrintHex
     8101   48         PHA
     8102   20 26 82   JSR &8226
     8105   20 09 81   JSR &8109
     8108   68         PLA
.PrintNibble
     8109   20 2B 81   JSR &812B
     810C   D0 D4      BNE &80E2
.PrintBCDSPL
     810E   20 32 84   JSR &8432
.PrintHexSPL
     8111   48         PHA
     8112   20 26 82   JSR &8226
     8115   20 19 81   JSR &8119
     8118   68         PLA
.PrintNibbleSPL
     8119   20 2B 81   JSR &812B
     811C   4C EE FF   JMP &FFEE
.Print2SpacesSPL
     811F   20 22 81   JSR &8122
.PrintSpaceSPL
     8122   48         PHA
     8123   A9 20      LDA #&20
     8125   20 EE FF   JSR &FFEE
     8128   68         PLA
     8129   18         CLC
     812A   60         RTS
.NibToASC
     812B   29 0F      AND #&0F
     812D   C9 0A      CMP #&0A
     812F   90 02      BCC &8133
     8131   69 06      ADC #&06
.nibasc
     8133   69 30      ADC #&30
     8135   60         RTS
.CopyVarsB0BA
     8136   20 46 81   JSR &8146
     8139   CA         DEX
     813A   CA         DEX
     813B   20 3E 81   JSR &813E
.cpybyte1
     813E   B1 B0      LDA (&B0),Y
     8140   9D 72 B9   STA &B972,X
     8143   E8         INX
     8144   C8         INY
     8145   60         RTS
.CopyWordB0BA
     8146   20 49 81   JSR &8149
.cpybyte2
     8149   B1 B0      LDA (&B0),Y
     814B   95 BA      STA &BA,X
     814D   E8         INX
     814E   C8         INY
     814F   60         RTS
.read_fspTextPointer
     8150   20 D8 8B   JSR &8BD8
     8153   4C 66 81   JMP &8166
.read_fspBA_reset
     8156   20 D8 8B   JSR &8BD8
.read_fspBA
     8159   A5 BA      LDA &BA
     815B   85 F2      STA &F2
     815D   A5 BB      LDA &BB
     815F   85 F3      STA &F3
     8161   A0 00      LDY #&00
     8163   20 C7 81   JSR &81C7
.rdafsp_entry
     8166   A2 20      LDX #&20
     8168   20 AC 81   JSR &81AC
     816B   B0 1B      BCS &8188
     816D   8D 00 B9   STA &B900
     8170   C9 2E      CMP #&2E
     8172   D0 04      BNE &8178
.rdafsp_setdrv
     8174   86 CC      STX &CC
     8176   F0 EE      BEQ &8166
.rdafsp_notdot
     8178   C9 3A      CMP #&3A
     817A   D0 15      BNE &8191
     817C   20 ED 8B   JSR &8BED
     817F   20 AC 81   JSR &81AC
     8182   B0 04      BCS &8188
     8184   C9 2E      CMP #&2E
     8186   F0 DE      BEQ &8166
.errBadName
     8188   20 58 80   JSR &8058
     818B   CC
     818C   6E 61 6D ...
     8190   00
.rdafsp_notcolon
     8191   AA         TAX
     8192   20 AC 81   JSR &81AC
     8195   B0 34      BCS &81CB
     8197   C9 2E      CMP #&2E
     8199   F0 D9      BEQ &8174
     819B   A2 01      LDX #&01
.rdafsp_rdfnloop
     819D   9D 00 B9   STA &B900,X
     81A0   E8         INX
     81A1   20 AC 81   JSR &81AC
     81A4   B0 27      BCS &81CD
     81A6   E0 07      CPX #&07
     81A8   D0 F3      BNE &819D
     81AA   F0 DC      BEQ &8188
.GSREAD_A
     81AC   20 C5 FF   JSR &FFC5
     81AF   08         PHP
     81B0   29 7F      AND #&7F
     81B2   C9 0D      CMP #&0D
     81B4   F0 08      BEQ &81BE
     81B6   C9 20      CMP #&20
     81B8   90 CE      BCC &8188
     81BA   C9 7F      CMP #&7F
     81BC   F0 CA      BEQ &8188
.dogsrd_exit
     81BE   28         PLP
     81BF   60         RTS
.SetTextPointerYX
     81C0   86 F2      STX &F2
     81C2   84 F3      STY &F3
     81C4   A0 00      LDY #&00
     81C6   60         RTS
.GSINIT_A
     81C7   18         CLC
     81C8   4C C2 FF   JMP &FFC2
.Rdafsp_padall
     81CB   A2 01      LDX #&01
.rdafsp_padX
     81CD   A9 20      LDA #&20
.rdafsp_padloop
     81CF   9D 00 B9   STA &B900,X
     81D2   E8         INX
     81D3   E0 40      CPX #&40
     81D5   D0 F8      BNE &81CF
     81D7   A2 06      LDX #&06
.rdafsp_cpyfnloop
     81D9   BD 00 B9   LDA &B900,X
     81DC   95 C5      STA &C5,X
     81DE   CA         DEX
     81DF   10 F8      BPL &81D9
     81E1   60         RTS
.prt_filename_Yoffset
     81E2   20 FA 83   JSR &83FA
     81E5   B9 0F B7   LDA &B70F,Y
     81E8   08         PHP
     81E9   29 7F      AND #&7F
     81EB   D0 05      BNE &81F2
     81ED   20 1F 81   JSR &811F
     81F0   F0 06      BEQ &81F8
.prt_filename_prtchr
     81F2   20 E2 80   JSR &80E2
     81F5   20 E0 80   JSR &80E0
.prt_filename_nodir
     81F8   A2 06      LDX #&06
.prt_filename_loop
     81FA   B9 08 B7   LDA &B708,Y
     81FD   29 7F      AND #&7F
     81FF   20 E2 80   JSR &80E2
     8202   C8         INY
     8203   CA         DEX
     8204   10 F4      BPL &81FA
     8206   20 1F 81   JSR &811F
     8209   A9 20      LDA #&20
     820B   28         PLP
     820C   10 02      BPL &8210
     820E   A9 4C      LDA #&4C
.prt_filename_notlocked
     8210   20 E2 80   JSR &80E2
     8213   A0 01      LDY #&01
.prt_Yspaces
     8215   20 22 81   JSR &8122
     8218   88         DEY
     8219   D0 FA      BNE &8215
     821B   60         RTS
.A_rorx6and3
     821C   4A         LSR A
     821D   4A         LSR A
.A_rorx4and3
     821E   4A         LSR A
     821F   4A         LSR A
.A_rorx2and3
     8220   4A         LSR A
     8221   4A         LSR A
     8222   29 03      AND #&03
     8224   60         RTS
.A_rorx5
     8225   4A         LSR A
.A_rorx4
     8226   4A         LSR A
     8227   4A         LSR A
     8228   4A         LSR A
     8229   4A         LSR A
     822A   60         RTS
.A_rolx5
     822B   0A         ASL A
.A_rolx4
     822C   0A         ASL A
     822D   0A         ASL A
     822E   0A         ASL A
     822F   0A         ASL A
.getcat_exit
     8230   60         RTS
.parameter_afsp_Param_SyntaxErrorIfNull_getcatentry_fspTxtP
     8231   20 41 92   JSR &9241
.Param_SyntaxErrorIfNull_getcatentry_fspTxtP
     8234   20 BD 99   JSR &99BD
.getcatentry_fspTxtP
     8237   20 50 81   JSR &8150
     823A   30 03      BMI &823F
.getcatentry_fspBA
     823C   20 56 81   JSR &8156
.getcatentry
     823F   20 84 82   JSR &8284
     8242   B0 EC      BCS &8230
.err_FILENOTFOUND
     8244   20 72 80   JSR &8072
     8247   D6
     8248   4E 6F 74 ...
     8251   00
.fscv9_starEX
     8252   20 C0 81   JSR &81C0
.CMD_EX
     8255   20 D8 8B   JSR &8BD8
     8258   20 C7 81   JSR &81C7
     825B   F0 03      BEQ &8260
     825D   20 93 89   JSR &8993
.cmd_ex_nullstr
     8260   A9 2A      LDA #&2A
     8262   8D 00 B9   STA &B900
     8265   20 CB 81   JSR &81CB
     8268   20 41 92   JSR &9241
     826B   20 3F 82   JSR &823F
     826E   4C 7B 82   JMP &827B
.fscv10_starINFO
     8271   20 C0 81   JSR &81C0
     8274   A9 4E      LDA #&4E
     8276   85 BF      STA &BF
.CMD_INFO
     8278   20 31 82   JSR &8231
.cmd_info_loop
     827B   20 50 83   JSR &8350
     827E   20 8B 82   JSR &828B
     8281   B0 F8      BCS &827B
     8283   60         RTS
.get_cat_firstentry80
.get_cat_firstentry81
     8284   20 04 A1   JSR &A104
     8287   A2 00      LDX #&00
     8289   F0 18      BEQ &82A3
.get_cat_nextentry
     828B   A2 00      LDX #&00
     828D   F0 18      BEQ &82A7
.get_cat_firstentry80fname
     828F   A2 06      LDX #&06
.getcatloop1
     8291   B5 C5      LDA &C5,X
     8293   9D 58 B9   STA &B958,X
     8296   CA         DEX
     8297   10 F8      BPL &8291
     8299   A9 20      LDA #&20
     829B   8D 5F B9   STA &B95F
     829E   20 04 A1   JSR &A104
     82A1   A2 58      LDX #&58
.getcatentry2
     82A3   A9 00      LDA #&00
     82A5   85 B6      STA &B6
.getcatsetupB7
     82A7   A9 B7      LDA #&B7
     82A9   85 B7      STA &B7
.getcatloop2
     82AB   A0 00      LDY #&00
     82AD   A5 B6      LDA &B6
     82AF   CD 05 B8   CMP &B805
     82B2   B0 49      BCS &82FD
     82B4   69 08      ADC #&08
     82B6   85 B6      STA &B6
     82B8   20 D2 82   JSR &82D2
     82BB   90 EE      BCC &82AB
     82BD   A5 CC      LDA &CC
     82BF   A0 07      LDY #&07
     82C1   20 FF 82   JSR &82FF
     82C4   D0 E5      BNE &82AB
     82C6   A4 B6      LDY &B6
     82C8   38         SEC
.Y_sub8
     82C9   88         DEY
     82CA   88         DEY
     82CB   88         DEY
     82CC   88         DEY
     82CD   88         DEY
     82CE   88         DEY
     82CF   88         DEY
     82D0   88         DEY
.NotCmdTable2
     82D1   60         RTS
.MatchFilename
     82D2   20 FA 83   JSR &83FA
.matfn_loop1
     82D5   BD 00 B9   LDA &B900,X
     82D8   CD CE B9   CMP &B9CE
     82DB   D0 13      BNE &82F0
     82DD   E8         INX
.matfn_loop2
     82DE   20 D2 82   JSR &82D2
     82E1   B0 1B      BCS &82FE
     82E3   C8         INY
     82E4   C0 07      CPY #&07
     82E6   90 F6      BCC &82DE
.matfn_loop3
     82E8   BD 00 B9   LDA &B900,X
     82EB   C9 20      CMP #&20
     82ED   D0 0E      BNE &82FD
     82EF   60         RTS
.matfn_nomatch
     82F0   C0 07      CPY #&07
     82F2   B0 F4      BCS &82E8
     82F4   20 FF 82   JSR &82FF
     82F7   D0 04      BNE &82FD
     82F9   E8         INX
     82FA   C8         INY
     82FB   D0 D8      BNE &82D5
.matfn_exitC0
     82FD   18         CLC
.matfn_exit
     82FE   60         RTS
.MatchChr
     82FF   CD CE B9   CMP &B9CE
     8302   F0 10      BEQ &8314
     8304   CD CD B9   CMP &B9CD
     8307   F0 0B      BEQ &8314
     8309   20 3D 83   JSR &833D
     830C   51 B6      EOR (&B6),Y
     830E   B0 02      BCS &8312
     8310   29 5F      AND #&5F
.matchr_notalpha
     8312   29 7F      AND #&7F
.matchr_exit
     8314   60         RTS
.UcaseA2
     8315   08         PHP
     8316   20 3D 83   JSR &833D
     8319   B0 02      BCS &831D
     831B   29 5F      AND #&5F
.ucasea
     831D   29 7F      AND #&7F
     831F   28         PLP
     8320   60         RTS
.DeleteCatEntry_YFileOffset
     8321   20 F6 92   JSR &92F6
.delcatloop
     8324   B9 10 B7   LDA &B710,Y
     8327   99 08 B7   STA &B708,Y
     832A   B9 10 B8   LDA &B810,Y
     832D   99 08 B8   STA &B808,Y
     8330   C8         INY
     8331   CC 05 B8   CPY &B805
     8334   90 EE      BCC &8324
     8336   98         TYA
     8337   E9 08      SBC #&08
     8339   8D 05 B8   STA &B805
.print_infoline_exit
     833C   60         RTS
.IsAlphaChar
     833D   48         PHA
     833E   29 5F      AND #&5F
     8340   C9 41      CMP #&41
     8342   90 04      BCC &8348
     8344   C9 5B      CMP #&5B
     8346   90 01      BCC &8349
.isalpha1
     8348   38         SEC
.isalpha2
     8349   68         PLA
     834A   60         RTS
.prt_InfoMsg_Yoffset
     834B   2C C6 B9   BIT &B9C6
     834E   30 EC      BMI &833C
.prt_InfoLine_Yoffset
     8350   20 FA 83   JSR &83FA
     8353   20 E2 81   JSR &81E2
     8356   98         TYA
     8357   48         PHA
     8358   A9 60      LDA #&60
     835A   85 B0      STA &B0
     835C   A9 B9      LDA #&B9
     835E   85 B1      STA &B1
     8360   20 9B 83   JSR &839B
     8363   A0 02      LDY #&02
     8365   20 22 81   JSR &8122
     8368   20 89 83   JSR &8389
     836B   20 89 83   JSR &8389
     836E   20 89 83   JSR &8389
     8371   68         PLA
     8372   A8         TAY
     8373   B9 0E B8   LDA &B80E,Y
     8376   29 03      AND #&03
     8378   20 09 81   JSR &8109
     837B   B9 0F B8   LDA &B80F,Y
     837E   20 01 81   JSR &8101
.PrintNewLine
     8381   48         PHA
     8382   A9 0D      LDA #&0D
     8384   20 E2 80   JSR &80E2
     8387   68         PLA
     8388   60         RTS
.PrintHex3Byte
     8389   A2 03      LDX #&03
.printhex3byte_loop
     838B   B9 62 B9   LDA &B962,Y
     838E   20 01 81   JSR &8101
     8391   88         DEY
     8392   CA         DEX
     8393   D0 F6      BNE &838B
     8395   20 FC 87   JSR &87FC
     8398   4C 22 81   JMP &8122
.ReadFileAttribsToB0_Yoffset
     839B   20 FA 83   JSR &83FA
     839E   98         TYA
     839F   48         PHA
     83A0   AA         TAX
     83A1   A0 12      LDY #&12
     83A3   A9 00      LDA #&00
.readfileattribs_clearloop
     83A5   88         DEY
     83A6   91 B0      STA (&B0),Y
     83A8   C0 02      CPY #&02
     83AA   D0 F9      BNE &83A5
.readfileattribs_copyloop
     83AC   20 E6 83   JSR &83E6
     83AF   C8         INY
     83B0   C8         INY
     83B1   C0 0E      CPY #&0E
     83B3   D0 F7      BNE &83AC
     83B5   68         PLA
     83B6   AA         TAX
     83B7   BD 0F B7   LDA &B70F,X
     83BA   10 04      BPL &83C0
     83BC   A9 08      LDA #&08
     83BE   91 B0      STA (&B0),Y
.readfileattribs_notlocked
     83C0   BD 0E B8   LDA &B80E,X
     83C3   A0 04      LDY #&04
     83C5   20 D4 83   JSR &83D4
     83C8   A0 0C      LDY #&0C
     83CA   4A         LSR A
     83CB   4A         LSR A
     83CC   48         PHA
     83CD   29 03      AND #&03
     83CF   91 B0      STA (&B0),Y
     83D1   68         PLA
     83D2   A0 08      LDY #&08
.readfileattribs_addrHiBytes
     83D4   4A         LSR A
     83D5   4A         LSR A
     83D6   48         PHA
     83D7   29 03      AND #&03
     83D9   C9 03      CMP #&03
     83DB   D0 05      BNE &83E2
     83DD   A9 FF      LDA #&FF
     83DF   91 B0      STA (&B0),Y
     83E1   C8         INY
.readfileattribs_nothost
     83E2   91 B0      STA (&B0),Y
.readfileattribs_exits
     83E4   68         PLA
     83E5   60         RTS
.readfileattribs_copy2bytes
     83E6   20 E9 83   JSR &83E9
.readfileattribs_copy1byte
     83E9   BD 08 B8   LDA &B808,X
     83EC   91 B0      STA (&B0),Y
     83EE   E8         INX
     83EF   C8         INY
     83F0   60         RTS
.inc_word_AE_and_load
     83F1   E6 AE      INC &AE
     83F3   D0 02      BNE &83F7
     83F5   E6 AF      INC &AF
.inc_word_AE_exit
     83F7   B1 AE      LDA (&AE),Y
     83F9   60         RTS
.RememberAXY
     83FA   48         PHA
     83FB   8A         TXA
     83FC   48         PHA
     83FD   98         TYA
     83FE   48         PHA
     83FF   A9 84      LDA #&84
     8401   48         PHA
     8402   A9 1C      LDA #&1C
     8404   48         PHA
.rAXY_loop_init
     8405   A0 05      LDY #&05
.rAXY_loop
     8407   BA         TSX
     8408   BD 07 01   LDA &0107,X
     840B   48         PHA
     840C   88         DEY
     840D   D0 F8      BNE &8407
     840F   A0 0A      LDY #&0A
.rAXY_loop2
     8411   BD 09 01   LDA &0109,X
     8414   9D 0B 01   STA &010B,X
     8417   CA         DEX
     8418   88         DEY
     8419   D0 F6      BNE &8411
     841B   68         PLA
     841C   68         PLA
.rAXY_restore
     841D   68         PLA
     841E   A8         TAY
     841F   68         PLA
     8420   AA         TAX
     8421   68         PLA
     8422   60         RTS
.RememberXYonly
     8423   48         PHA
     8424   8A         TXA
     8425   48         PHA
     8426   98         TYA
     8427   48         PHA
     8428   20 05 84   JSR &8405
.axyret1
     842B   BA         TSX
     842C   9D 03 01   STA &0103,X
     842F   4C 1D 84   JMP &841D
.BinaryToBCD
     8432   20 23 84   JSR &8423
     8435   A8         TAY
     8436   F0 0A      BEQ &8442
     8438   18         CLC
     8439   F8         SED
     843A   A9 00      LDA #&00
.bbcd_loop
     843C   69 01      ADC #&01
     843E   88         DEY
     843F   D0 FB      BNE &843C
     8441   D8         CLD
.bbcd_exit
     8442   60         RTS
.Param_ReadNum
     8443   20 C7 81   JSR &81C7
     8446   38         SEC
     8447   F0 2A      BEQ &8473
     8449   08         PHP
     844A   A9 00      LDA #&00
     844C   85 B9      STA &B9
     844E   F0 18      BEQ &8468
.L1
     8450   38         SEC
     8451   E9 30      SBC #&30
     8453   90 1D      BCC &8472
     8455   C9 0A      CMP #&0A
     8457   B0 19      BCS &8472
     8459   85 B8      STA &B8
     845B   A5 B9      LDA &B9
     845D   0A         ASL A
     845E   85 B9      STA &B9
     8460   0A         ASL A
     8461   0A         ASL A
     8462   65 B9      ADC &B9
     8464   65 B8      ADC &B8
     8466   85 B9      STA &B9
.L2
     8468   20 C5 FF   JSR &FFC5
     846B   90 E3      BCC &8450
     846D   A6 B9      LDX &B9
     846F   28         PLP
     8470   18         CLC
     8471   60         RTS
.L3
     8472   28         PLP
.L4
     8473   60         RTS
.fscv5_starCAT
     8474   20 C0 81   JSR &81C0
     8477   20 E5 8B   JSR &8BE5
     847A   20 12 A1   JSR &A112
     847D   A0 FF      LDY #&FF
     847F   84 A8      STY &A8
     8481   C8         INY
     8482   84 AA      STY &AA
.cat_titleloop
     8484   B9 00 B7   LDA &B700,Y
     8487   C0 08      CPY #&08
     8489   90 03      BCC &848E
     848B   B9 F8 B7   LDA &B7F8,Y
.cat_titlelo
     848E   20 E2 80   JSR &80E2
     8491   C8         INY
     8492   C0 0C      CPY #&0C
     8494   D0 EE      BNE &8484
     8496   20 9F 80   JSR &809F
     8499   20 28 
     849B   AD 04 B8   LDA &B804
     849E   20 01 81   JSR &8101
     84A1   20 9F 80   JSR &809F
     84A4   29 
     84A5   0D
     84A6   44 72 69 ...
     84AC   A5 CD      LDA &CD
     84AE   20 09 81   JSR &8109
     84B1   A0 0D      LDY #&0D
     84B3   20 15 82   JSR &8215
     84B6   20 9F 80   JSR &809F
     84B9   4F 70 74 ...
     84C0   AD 06 B8   LDA &B806
     84C3   20 26 82   JSR &8226
     84C6   48         PHA
     84C7   20 9C 80   JSR &809C
     84CA   20 28 
     84CC   A0 03      LDY #&03
     84CE   68         PLA
     84CF   0A         ASL A
     84D0   0A         ASL A
     84D1   AA         TAX
.cat_printoptionnameloop
     84D2   BD BE 85   LDA &85BE,X
     84D5   20 E2 80   JSR &80E2
     84D8   E8         INX
     84D9   88         DEY
     84DA   10 F6      BPL &84D2
     84DC   20 9F 80   JSR &809F
     84DF   29 
     84E0   0D
     84E1   44 69 72 ...
     84E7   AD CA B9   LDA &B9CA
     84EA   20 DD 80   JSR &80DD
     84ED   AD C9 B9   LDA &B9C9
     84F0   20 E2 80   JSR &80E2
     84F3   A0 0B      LDY #&0B
     84F5   20 15 82   JSR &8215
     84F8   20 9F 80   JSR &809F
     84FB   4C 69 62 ...
     8501   AD CC B9   LDA &B9CC
     8504   20 DD 80   JSR &80DD
     8507   AD CB B9   LDA &B9CB
     850A   20 E2 80   JSR &80E2
     850D   20 81 83   JSR &8381
     8510   A0 00      LDY #&00
.cat_curdirloop
     8512   CC 05 B8   CPY &B805
     8515   B0 17      BCS &852E
     8517   B9 0F B7   LDA &B70F,Y
     851A   4D C9 B9   EOR &B9C9
     851D   29 5F      AND #&5F
     851F   D0 08      BNE &8529
     8521   B9 0F B7   LDA &B70F,Y
     8524   29 80      AND #&80
     8526   99 0F B7   STA &B70F,Y
.cat_curdirnext
     8529   20 FB 87   JSR &87FB
     852C   90 E4      BCC &8512
.cat_sortloop1
     852E   A0 00      LDY #&00
     8530   20 40 85   JSR &8540
     8533   90 16      BCC &854B
     8535   A9 FF      LDA #&FF
     8537   8D 82 B9   STA &B982
     853A   4C 81 83   JMP &8381
.cat_getnextunmarkedfile_loop
     853D   20 FB 87   JSR &87FB
.cat_getnextunmarkedfileY
     8540   CC 05 B8   CPY &B805
     8543   B0 05      BCS &854A
     8545   B9 08 B7   LDA &B708,Y
     8548   30 F3      BMI &853D
.cat_exit
     854A   60         RTS
.cat_printfilename
     854B   84 AB      STY &AB
     854D   A2 00      LDX #&00
.cat_copyfnloop
     854F   B9 08 B7   LDA &B708,Y
     8552   20 15 83   JSR &8315
     8555   9D 60 B9   STA &B960,X
     8558   C8         INY
     8559   E8         INX
     855A   E0 08      CPX #&08
     855C   D0 F1      BNE &854F
.cat_comparefnloop1
     855E   20 40 85   JSR &8540
     8561   B0 23      BCS &8586
     8563   38         SEC
     8564   A2 06      LDX #&06
.cat_comparefnloop2
     8566   B9 0E B7   LDA &B70E,Y
     8569   20 15 83   JSR &8315
     856C   FD 60 B9   SBC &B960,X
     856F   88         DEY
     8570   CA         DEX
     8571   10 F3      BPL &8566
     8573   20 FC 87   JSR &87FC
     8576   B9 0F B7   LDA &B70F,Y
     8579   20 15 83   JSR &8315
     857C   ED 67 B9   SBC &B967
     857F   90 CA      BCC &854B
     8581   20 FB 87   JSR &87FB
     8584   B0 D8      BCS &855E
.cat_printfn
     8586   A4 AB      LDY &AB
     8588   B9 08 B7   LDA &B708,Y
     858B   09 80      ORA #&80
     858D   99 08 B7   STA &B708,Y
     8590   AD 67 B9   LDA &B967
     8593   C5 AA      CMP &AA
     8595   F0 10      BEQ &85A7
     8597   A6 AA      LDX &AA
     8599   85 AA      STA &AA
     859B   D0 0A      BNE &85A7
     859D   20 81 83   JSR &8381
.cat_newline
     85A0   20 81 83   JSR &8381
     85A3   A0 FF      LDY #&FF
     85A5   D0 09      BNE &85B0
.cat_samedir
     85A7   A4 A8      LDY &A8
     85A9   D0 F5      BNE &85A0
     85AB   A0 05      LDY #&05
     85AD   20 15 82   JSR &8215
.cat_skipspaces
     85B0   C8         INY
     85B1   84 A8      STY &A8
     85B3   A4 AB      LDY &AB
     85B5   20 1F 81   JSR &811F
     85B8   20 E2 81   JSR &81E2
     85BB   4C 2E 85   JMP &852E
.diskoptions_table
     85BE   6F 66 66 
     85C1   00
     85C2   4C 4F 41 ...
     85C6   52 55 4E 
     85C9   00
     85CA   45 58 45 ...
.cmdtable1
     85CE   FF
     85CF   41 43 43 ...
     85D5   B2
     85D6   42 41 43 ...
     85DC   8C
     85DD   43 4C 4F ...
     85E2   80
     85E3   43 4F 4D ...
     85EA   85
     85EB   43 4F 50 ...
     85EF   AC
     85F0   44 45 4C ...
     85F6   88
     85F7   44 45 53 ...
     85FE   82
     85FF   44 49 52 
     8602   86
     8603   44 52 49 ...
     8608   81
     8609   45 4E 41 ...
     860F   80
     8610   45 58 
     8612   86
     8613   46 4F 52 ...
     8617   DF
     8618   46 52 45 ...
     861C   84
.info_cmd_index
     861D   49 4E 46 ...
     8621   82
     8622   4C 49 42 
     8625   86
     8626   4D 41 50 
     8629   84
     862A   52 45 4E ...
     8630   8D
     8631   54 49 54 ...
     8636   8A
     8637   56 45 52 ...
     863D   85
     863E   57 49 50 ...
     8642   82
     8643   00         BRK
.cmdtable2
     8644   14
     8645   42 55 49 ...
     864A   88
     864B   44 55 4D ...
     864F   88
     8650   4C 49 53 ...
     8654   88
     8655   52 4F 4D ...
     8659   8B
     865A   54 59 50 ...
     865E   88
     865F   00         BRK
.cmdtable22
     8660   1A
     8661   44 49 53 ...
     8665   80
     8666   44 49 53 ...
     866A   80
     866B   4D 4D 46 ...
     866F   80
     8670   43 41 52 ...
     8674   80
     8675   00         BRK
.cmdtable3
     8676   1F
     8677   44 55 54 ...
     867D   80
     867E   4D 4D 46 ...
     8682   80
     8683   55 54 49 ...
     8688   80
     8689   00         BRK
.cmdtable4
     868A   23
     868B   41 43 43 ...
     8691   BE
     8692   42 4F 4F ...
     8696   89
     8697   42 55 47 
     869A   80
     869B   43 41 54 
     869E   8E
     869F   44 49 52 
     86A2   89
     86A3   44 52 49 ...
     86A8   80
     86A9   49 4E 
     86AB   F4
     86AC   4F 55 54 
     86AF   84
     86B0   52 45 4E ...
     86B6   F7
     86B7   41 42 4F ...
     86BC   80
     86BD   00         BRK
.cmdaddr1
     86BE   E8 89
     86C0   32 9C
     86C2   B2 93
     86C4   D3 9A
     86C6   8B 9C
     86C8   AF 87
     86CA   BE 87
     86CC   71 89
     86CE   0E 88
     86D0   A0 8B
     86D2   54 82
     86D4   8F 1D
     86D6   EB 9E
     86D8   77 82
     86DA   75 89
     86DC   EE 9E
     86DE   06 8C
     86E0   BC 89
     86E2   8B 1D
     86E4   86 87
     86E6   1B 87
.cmdaddr2
     86E8   00 B2
     86EA   59 B1
     86EC   C8 B1
     86EE   3A B0
     86F0   C4 B1
     86F2   D0 82
.cmdaddr22
     86F4   D1 8C
     86F6   D1 8C
     86F8   DB 8C
     86FA   DB 8C
     86FC   18 8E
.cmdaddr3
     86FE   A2 99
     8700   62 99
     8702   A9 99
     8704   B0 99
.cmdaddr4
     8706   F6 2C
     8708   0D 2B
     870A   DC 25
     870C   F2 2A
     870E   A3 2B
     8710   A6 2C
     8712   3C 2B
     8714   76 2C
     8716   33 2D
     8718   CA A5
     871A   AE 88
.cmdaddrX
.NotCmdTable1
     871C   A2 BC      LDX #&BC
     871E   20 C7 81   JSR &81C7
     8721   B1 F2      LDA (&F2),Y
     8723   C8         INY
     8724   09 20      ORA #&20
     8726   C9 64      CMP #&64
     8728   F0 09      BEQ &8733
     872A   88         DEY
     872B   4C AF 88   JMP &88AF
.fscv3_unreccommand
     872E   20 C0 81   JSR &81C0
     8731   A2 00      LDX #&00
.UnrecCommandTextPointer
     8733   BD CE 85   LDA &85CE,X
     8736   85 BE      STA &BE
     8738   98         TYA
     8739   48         PHA
.unrecloop1
     873A   E6 BE      INC &BE
     873C   68         PLA
     873D   48         PHA
     873E   A8         TAY
     873F   20 C7 81   JSR &81C7
     8742   E8         INX
     8743   BD CE 85   LDA &85CE,X
     8746   F0 28      BEQ &8770
     8748   CA         DEX
     8749   88         DEY
     874A   86 BF      STX &BF
.unrecloop2
     874C   E8         INX
     874D   C8         INY
     874E   BD CE 85   LDA &85CE,X
     8751   30 16      BMI &8769
.unrecloop2in
     8753   51 F2      EOR (&F2),Y
     8755   29 5F      AND #&5F
     8757   F0 F3      BEQ &874C
     8759   CA         DEX
.unrecloop3
     875A   E8         INX
     875B   BD CE 85   LDA &85CE,X
     875E   10 FA      BPL &875A
     8760   B1 F2      LDA (&F2),Y
     8762   C9 2E      CMP #&2E
     8764   D0 D4      BNE &873A
     8766   C8         INY
     8767   B0 07      BCS &8770
.endofcmd_oncmdline
     8769   B1 F2      LDA (&F2),Y
     876B   20 3D 83   JSR &833D
     876E   90 CA      BCC &873A
.gocmdcode
     8770   68         PLA
     8771   A5 BE      LDA &BE
     8773   0A         ASL A
     8774   AA         TAX
     8775   BD BF 86   LDA &86BF,X
     8778   10 06      BPL &8780
.gocmdcode2
     877A   48         PHA
     877B   BD BE 86   LDA &86BE,X
     877E   48         PHA
     877F   60         RTS
.dommcinit
     8780   20 64 A5   JSR &A564
     8783   09 80      ORA #&80
     8785   D0 F3      BNE &877A
.CMD_WIPE
     8787   20 31 82   JSR &8231
.wipeloop
     878A   B9 0F B7   LDA &B70F,Y
     878D   30 1B      BMI &87AA
     878F   20 E2 81   JSR &81E2
     8792   20 F1 9B   JSR &9BF1
     8795   D0 13      BNE &87AA
     8797   A6 B6      LDX &B6
     8799   20 EB 93   JSR &93EB
     879C   86 B6      STX &B6
     879E   20 04 88   JSR &8804
     87A1   84 AB      STY &AB
     87A3   20 16 A1   JSR &A116
     87A6   A5 AB      LDA &AB
     87A8   85 B6      STA &B6
.wipenext
     87AA   20 8B 82   JSR &828B
     87AD   B0 DB      BCS &878A
     87AF   60         RTS
.CMD_DELETE
     87B0   20 38 92   JSR &9238
     87B3   20 34 82   JSR &8234
     87B6   20 4B 83   JSR &834B
     87B9   20 21 83   JSR &8321
     87BC   4C 16 A1   JMP &A116
.CMD_DESTROY
     87BF   20 A2 9B   JSR &9BA2
     87C2   20 31 82   JSR &8231
.destroyloop1
     87C5   B9 0F B7   LDA &B70F,Y
     87C8   30 06      BMI &87D0
     87CA   20 E2 81   JSR &81E2
     87CD   20 81 83   JSR &8381
.destroylocked1
     87D0   20 8B 82   JSR &828B
     87D3   B0 F0      BCS &87C5
     87D5   20 F9 9B   JSR &9BF9
     87D8   D0 29      BNE &8803
     87DA   20 EB 93   JSR &93EB
     87DD   20 84 82   JSR &8284
.destroyloop2
     87E0   B9 0F B7   LDA &B70F,Y
     87E3   30 03      BMI &87E8
     87E5   20 04 88   JSR &8804
.destroylocked2
     87E8   20 8B 82   JSR &828B
     87EB   B0 F3      BCS &87E0
     87ED   20 16 A1   JSR &A116
.msgDELETED
     87F0   20 9F 80   JSR &809F
     87F3   44 65 6C ...
     87FA   0D
.Y_add8
     87FB   C8         INY
.Y_add7
     87FC   C8         INY
     87FD   C8         INY
     87FE   C8         INY
     87FF   C8         INY
     8800   C8         INY
     8801   C8         INY
     8802   C8         INY
.Y_rts
     8803   60         RTS
.DeleteCatEntry_AdjustPtr
     8804   20 21 83   JSR &8321
     8807   A4 B6      LDY &B6
     8809   20 C9 82   JSR &82C9
     880C   84 B6      STY &B6
     880E   60         RTS
.CMD_DRIVE
     880F   20 EA 8B   JSR &8BEA
     8812   8D CA B9   STA &B9CA
     8815   60         RTS
.osfileFF_loadfiletoaddr
     8816   20 3C 82   JSR &823C
     8819   20 18 93   JSR &9318
     881C   20 9B 83   JSR &839B
.LoadFile_Ycatoffset
     881F   84 BA      STY &BA
     8821   A2 00      LDX #&00
     8823   A5 BE      LDA &BE
     8825   D0 06      BNE &882D
     8827   C8         INY
     8828   C8         INY
     8829   A2 02      LDX #&02
     882B   D0 08      BNE &8835
.loadAtLoadAddr
     882D   B9 0E B8   LDA &B80E,Y
     8830   85 C2      STA &C2
     8832   20 A7 8B   JSR &8BA7
.load_copyfileinfo_loop
     8835   B9 08 B8   LDA &B808,Y
     8838   95 BC      STA &BC,X
     883A   C8         INY
     883B   E8         INX
     883C   E0 08      CPX #&08
     883E   D0 F5      BNE &8835
     8840   20 C1 8B   JSR &8BC1
     8843   A4 BA      LDY &BA
     8845   20 4B 83   JSR &834B
.LoadMemBlockEX
     8848   20 C5 A0   JSR &A0C5
.LoadMemBlock
     884B   A9 85      LDA #&85
     884D   D0 0B      BNE &885A
.osfile0_savememblock
     884F   20 8C 8A   JSR &8A8C
     8852   20 18 93   JSR &9318
     8855   20 9B 83   JSR &839B
.SaveMemBlock
     8858   A9 A5      LDA #&A5
.exec_block_rw
     885A   8D B6 B9   STA &B9B6
     885D   A9 05      LDA #&05
     885F   8D B5 B9   STA &B9B5
     8862   A5 CD      LDA &CD
     8864   8D B0 B9   STA &B9B0
     8867   A2 02      LDX #&02
.loop0
     8869   B5 BB      LDA &BB,X
     886B   9D B0 B9   STA &B9B0,X
     886E   BD 73 B9   LDA &B973,X
     8871   9D B2 B9   STA &B9B2,X
     8874   CA         DEX
     8875   D0 F2      BNE &8869
     8877   A5 C2      LDA &C2
     8879   29 03      AND #&03
     887B   AA         TAX
     887C   A5 C3      LDA &C3
     887E   A0 FF      LDY #&FF
.loop1
     8880   38         SEC
.loop2
     8881   C8         INY
     8882   E9 0A      SBC #&0A
     8884   B0 FB      BCS &8881
     8886   CA         DEX
     8887   10 F7      BPL &8880
     8889   69 0A      ADC #&0A
     888B   8C B7 B9   STY &B9B7
     888E   8D B8 B9   STA &B9B8
     8891   A5 C1      LDA &C1
     8893   8D B9 B9   STA &B9B9
     8896   A5 C2      LDA &C2
     8898   4A         LSR A
     8899   4A         LSR A
     889A   4A         LSR A
     889B   4A         LSR A
     889C   29 03      AND #&03
     889E   8D BA B9   STA &B9BA
     88A1   A5 C0      LDA &C0
     88A3   8D BB B9   STA &B9BB
     88A6   20 67 A1   JSR &A167
     88A9   A9 01      LDA #&01
     88AB   60         RTS
.fscv2_4_11_starRUN
     88AC   20 C0 81   JSR &81C0
.NotCmdTable4
.SetWordBA_txtptr
     88AF   A9 FF      LDA #&FF
     88B1   85 BE      STA &BE
     88B3   A5 F2      LDA &F2
     88B5   85 BA      STA &BA
     88B7   A5 F3      LDA &F3
     88B9   85 BB      STA &BB
     88BB   8C DA B9   STY &B9DA
     88BE   20 56 81   JSR &8156
     88C1   8C D9 B9   STY &B9D9
     88C4   20 84 82   JSR &8284
     88C7   B0 21      BCS &88EA
     88C9   AC DA B9   LDY &B9DA
     88CC   AD CB B9   LDA &B9CB
     88CF   85 CC      STA &CC
     88D1   AD CC B9   LDA &B9CC
     88D4   85 CD      STA &CD
     88D6   20 59 81   JSR &8159
     88D9   20 84 82   JSR &8284
     88DC   B0 0C      BCS &88EA
.errBADCOMMAND
     88DE   20 58 80   JSR &8058
     88E1   FE
     88E2   63 6F 6D ...
     88E9   00
.runfile_found
     88EA   B9 0E B8   LDA &B80E,Y
     88ED   20 1C 82   JSR &821C
     88F0   C9 03      CMP #&03
     88F2   D0 42      BNE &8936
     88F4   B9 0A B8   LDA &B80A,Y
     88F7   39 0B B8   AND &B80B,Y
     88FA   C9 FF      CMP #&FF
     88FC   D0 38      BNE &8936
     88FE   A2 06      LDX #&06
.runfile_exec_loop
     8900   BD 00 B9   LDA &B900,X
     8903   9D 07 B9   STA &B907,X
     8906   CA         DEX
     8907   10 F7      BPL &8900
     8909   A9 0D      LDA #&0D
     890B   8D 0E B9   STA &B90E
     890E   A9 45      LDA #&45
     8910   8D 00 B9   STA &B900
     8913   A9 3A      LDA #&3A
     8915   8D 02 B9   STA &B902
     8918   A5 CD      LDA &CD
     891A   09 30      ORA #&30
     891C   8D 03 B9   STA &B903
     891F   A9 2E      LDA #&2E
     8921   8D 01 B9   STA &B901
     8924   8D 04 B9   STA &B904
     8927   8D 06 B9   STA &B906
     892A   A5 CC      LDA &CC
     892C   8D 05 B9   STA &B905
     892F   A2 00      LDX #&00
     8931   A0 B9      LDY #&B9
     8933   4C F7 FF   JMP &FFF7
.runfile_run
     8936   20 1F 88   JSR &881F
     8939   18         CLC
     893A   AD D9 B9   LDA &B9D9
     893D   A8         TAY
     893E   65 F2      ADC &F2
     8940   8D D9 B9   STA &B9D9
     8943   A5 F3      LDA &F3
     8945   69 00      ADC #&00
     8947   8D DA B9   STA &B9DA
     894A   AD 76 B9   LDA &B976
     894D   2D 77 B9   AND &B977
     8950   0D D6 B9   ORA &B9D6
     8953   C9 FF      CMP #&FF
     8955   F0 16      BEQ &896D
     8957   A5 BE      LDA &BE
     8959   8D 74 B9   STA &B974
     895C   A5 BF      LDA &BF
     895E   8D 75 B9   STA &B975
     8961   20 64 8C   JSR &8C64
     8964   A2 74      LDX #&74
     8966   A0 B9      LDY #&B9
     8968   A9 04      LDA #&04
     896A   4C 06 04   JMP &0406
.runfile_inhost
     896D   A9 01      LDA #&01
     896F   6C BE 00   JMP (&00BE)
.CMD_DIR
     8972   A2 00      LDX #&00
     8974   F0 02      BEQ &8978
.CMD_LIB
     8976   A2 02      LDX #&02
.setdirlib
     8978   20 84 89   JSR &8984
     897B   9D CA B9   STA &B9CA,X
     897E   A5 CC      LDA &CC
     8980   9D C9 B9   STA &B9C9,X
     8983   60         RTS
.ReadDirDrvParameters
     8984   AD C9 B9   LDA &B9C9
     8987   85 CC      STA &CC
     8989   20 C7 81   JSR &81C7
     898C   D0 05      BNE &8993
     898E   A9 00      LDA #&00
     8990   85 CD      STA &CD
     8992   60         RTS
.ReadDirDrvParameters2
     8993   20 DD 8B   JSR &8BDD
.rdd_loop
     8996   20 AC 81   JSR &81AC
     8999   B0 10      BCS &89AB
     899B   C9 3A      CMP #&3A
     899D   D0 14      BNE &89B3
     899F   20 ED 8B   JSR &8BED
     89A2   20 AC 81   JSR &81AC
     89A5   B0 13      BCS &89BA
     89A7   C9 2E      CMP #&2E
     89A9   F0 EB      BEQ &8996
.errBADDIRECTORY
     89AB   20 58 80   JSR &8058
     89AE   CE
     89AF   64 69 72 
     89B2   00
.rdd_exit2
     89B3   85 CC      STA &CC
     89B5   20 AC 81   JSR &81AC
     89B8   90 F1      BCC &89AB
.rdd_exit1
     89BA   A5 CD      LDA &CD
     89BC   60         RTS
.CMD_TITLE
     89BD   20 BD 99   JSR &99BD
     89C0   20 0C A1   JSR &A10C
     89C3   A2 0B      LDX #&0B
     89C5   A9 00      LDA #&00
.cmdtit_loop1
     89C7   20 DD 89   JSR &89DD
     89CA   CA         DEX
     89CB   10 FA      BPL &89C7
.cmdtit_loop2
     89CD   E8         INX
     89CE   20 AC 81   JSR &81AC
     89D1   B0 07      BCS &89DA
     89D3   20 DD 89   JSR &89DD
     89D6   E0 0B      CPX #&0B
     89D8   90 F3      BCC &89CD
.cmdtit_savecat
     89DA   4C 16 A1   JMP &A116
.SetDiskTitleChr_Xpos
     89DD   E0 08      CPX #&08
     89DF   90 04      BCC &89E5
     89E1   9D F8 B7   STA &B7F8,X
     89E4   60         RTS
.setdisttit_page
     89E5   9D 00 B7   STA &B700,X
     89E8   60         RTS
.CMD_ACCESS
     89E9   20 41 92   JSR &9241
     89EC   20 BD 99   JSR &99BD
     89EF   20 50 81   JSR &8150
     89F2   A2 00      LDX #&00
     89F4   20 C7 81   JSR &81C7
     89F7   D0 1F      BNE &8A18
.cmdac_flag
     89F9   86 AA      STX &AA
     89FB   20 3F 82   JSR &823F
.cmdac_filefound
     89FE   20 F9 92   JSR &92F9
     8A01   B9 0F B7   LDA &B70F,Y
     8A04   29 7F      AND #&7F
     8A06   05 AA      ORA &AA
     8A08   99 0F B7   STA &B70F,Y
     8A0B   20 4B 83   JSR &834B
     8A0E   20 8B 82   JSR &828B
     8A11   B0 EB      BCS &89FE
.jmp_savecattodisk
     8A13   4C 16 A1   JMP &A116
.cmdac_paramloop
     8A16   A2 80      LDX #&80
.cmdac_getparam
     8A18   20 AC 81   JSR &81AC
     8A1B   B0 DC      BCS &89F9
     8A1D   29 5F      AND #&5F
     8A1F   C9 4C      CMP #&4C
     8A21   F0 F3      BEQ &8A16
.errBADATTRIBUTE
     8A23   20 58 80   JSR &8058
     8A26   CF
     8A27   61 74 74 ...
     8A30   00
.fscv0_starOPT
     8A31   20 FA 83   JSR &83FA
     8A34   8A         TXA
     8A35   C9 04      CMP #&04
     8A37   F0 1E      BEQ &8A57
     8A39   C9 05      CMP #&05
     8A3B   F0 34      BEQ &8A71
     8A3D   C9 02      CMP #&02
     8A3F   90 0B      BCC &8A4C
.errBADOPTION
     8A41   20 58 80   JSR &8058
     8A44   CB
     8A45   6F 70 74 ...
     8A4B   00
.opts0_1
     8A4C   A2 FF      LDX #&FF
     8A4E   98         TYA
     8A4F   F0 02      BEQ &8A53
     8A51   A2 00      LDX #&00
.opts0_1_Y0
     8A53   8E C6 B9   STX &B9C6
     8A56   60         RTS
.SetBootOption_Yoption
     8A57   98         TYA
     8A58   48         PHA
     8A59   20 D8 8B   JSR &8BD8
     8A5C   20 12 A1   JSR &A112
     8A5F   68         PLA
     8A60   20 2C 82   JSR &822C
     8A63   4D 06 B8   EOR &B806
     8A66   29 30      AND #&30
     8A68   4D 06 B8   EOR &B806
     8A6B   8D 06 B8   STA &B806
     8A6E   4C 16 A1   JMP &A116
.DiskTrapOption
     8A71   98         TYA
     8A72   08         PHP
     8A73   A6 F4      LDX &F4
     8A75   BD F0 0D   LDA &0DF0,X
     8A78   29 BF      AND #&BF
     8A7A   28         PLP
     8A7B   F0 02      BEQ &8A7F
     8A7D   09 40      ORA #&40
.skip
     8A7F   9D F0 0D   STA &0DF0,X
     8A82   60         RTS
.errDISKFULL
     8A83   20 4D 80   JSR &804D
     8A86   C6
     8A87   66 75 6C ...
     8A8B   00
.CreateFile_FSP
     8A8C   20 56 81   JSR &8156
     8A8F   20 84 82   JSR &8284
     8A92   90 03      BCC &8A97
     8A94   20 21 83   JSR &8321
.createfile_nodel
     8A97   A5 C0      LDA &C0
     8A99   48         PHA
     8A9A   A5 C1      LDA &C1
     8A9C   48         PHA
     8A9D   38         SEC
     8A9E   A5 C2      LDA &C2
     8AA0   E5 C0      SBC &C0
     8AA2   85 C0      STA &C0
     8AA4   A5 C3      LDA &C3
     8AA6   E5 C1      SBC &C1
     8AA8   85 C1      STA &C1
     8AAA   AD 7A B9   LDA &B97A
     8AAD   ED 78 B9   SBC &B978
     8AB0   20 E1 8A   JSR &8AE1
     8AB3   AD 79 B9   LDA &B979
     8AB6   8D 75 B9   STA &B975
     8AB9   AD 78 B9   LDA &B978
     8ABC   8D 74 B9   STA &B974
     8ABF   68         PLA
     8AC0   85 BD      STA &BD
     8AC2   68         PLA
     8AC3   85 BC      STA &BC
     8AC5   60         RTS
.CreateFile_3
     8AC6   85 CD      STA &CD
     8AC8   A5 CC      LDA &CC
     8ACA   48         PHA
     8ACB   20 0F A1   JSR &A10F
     8ACE   20 8F 82   JSR &828F
     8AD1   90 03      BCC &8AD6
     8AD3   20 21 83   JSR &8321
.cd_writedest_cat_nodel
     8AD6   68         PLA
     8AD7   85 CC      STA &CC
     8AD9   20 BE 8B   JSR &8BBE
     8ADC   A5 C2      LDA &C2
     8ADE   20 1E 82   JSR &821E
.CreateFile_2
     8AE1   85 C4      STA &C4
     8AE3   A9 00      LDA #&00
     8AE5   85 C2      STA &C2
     8AE7   A9 02      LDA #&02
     8AE9   85 C3      STA &C3
     8AEB   AC 05 B8   LDY &B805
     8AEE   C0 F8      CPY #&F8
     8AF0   90 31      BCC &8B23
.errCATALOGUEFULL
     8AF2   20 62 80   JSR &8062
     8AF5   BE
     8AF6   43 61 74 ...
     8AFE   00
.cfile_loop
     8AFF   F0 82      BEQ &8A83
     8B01   20 C9 82   JSR &82C9
     8B04   B9 0E B8   LDA &B80E,Y
     8B07   20 1E 82   JSR &821E
     8B0A   85 C2      STA &C2
     8B0C   18         CLC
     8B0D   A9 FF      LDA #&FF
     8B0F   79 0C B8   ADC &B80C,Y
     8B12   B9 0F B8   LDA &B80F,Y
     8B15   79 0D B8   ADC &B80D,Y
     8B18   85 C3      STA &C3
     8B1A   B9 0E B8   LDA &B80E,Y
     8B1D   29 03      AND #&03
     8B1F   65 C2      ADC &C2
     8B21   85 C2      STA &C2
.Getfirstblock_Yoffset
     8B23   38         SEC
     8B24   B9 07 B8   LDA &B807,Y
     8B27   E5 C3      SBC &C3
     8B29   48         PHA
     8B2A   B9 06 B8   LDA &B806,Y
     8B2D   29 03      AND #&03
     8B2F   E5 C2      SBC &C2
     8B31   AA         TAX
     8B32   A9 00      LDA #&00
     8B34   C5 C0      CMP &C0
     8B36   68         PLA
     8B37   E5 C1      SBC &C1
     8B39   8A         TXA
     8B3A   E5 C4      SBC &C4
     8B3C   98         TYA
     8B3D   90 C0      BCC &8AFF
     8B3F   84 B0      STY &B0
     8B41   AC 05 B8   LDY &B805
.cfile_insertfileloop
     8B44   C4 B0      CPY &B0
     8B46   F0 0F      BEQ &8B57
     8B48   B9 07 B7   LDA &B707,Y
     8B4B   99 0F B7   STA &B70F,Y
     8B4E   B9 07 B8   LDA &B807,Y
     8B51   99 0F B8   STA &B80F,Y
     8B54   88         DEY
     8B55   B0 ED      BCS &8B44
.cfile_atcatentry
     8B57   AD 76 B9   LDA &B976
     8B5A   29 03      AND #&03
     8B5C   0A         ASL A
     8B5D   0A         ASL A
     8B5E   45 C4      EOR &C4
     8B60   29 FC      AND #&FC
     8B62   45 C4      EOR &C4
     8B64   0A         ASL A
     8B65   0A         ASL A
     8B66   4D 74 B9   EOR &B974
     8B69   29 FC      AND #&FC
     8B6B   4D 74 B9   EOR &B974
     8B6E   0A         ASL A
     8B6F   0A         ASL A
     8B70   45 C2      EOR &C2
     8B72   29 FC      AND #&FC
     8B74   45 C2      EOR &C2
     8B76   85 C2      STA &C2
     8B78   A2 00      LDX #&00
     8B7A   98         TYA
     8B7B   48         PHA
.cfile_copyfnloop
     8B7C   B5 C5      LDA &C5,X
     8B7E   99 08 B7   STA &B708,Y
     8B81   B5 BC      LDA &BC,X
     8B83   99 08 B8   STA &B808,Y
     8B86   C8         INY
     8B87   E8         INX
     8B88   E0 08      CPX #&08
     8B8A   D0 F0      BNE &8B7C
     8B8C   68         PLA
     8B8D   A8         TAY
     8B8E   48         PHA
     8B8F   20 4B 83   JSR &834B
     8B92   AC 05 B8   LDY &B805
     8B95   20 FB 87   JSR &87FB
     8B98   8C 05 B8   STY &B805
     8B9B   20 16 A1   JSR &A116
     8B9E   68         PLA
     8B9F   A8         TAY
     8BA0   60         RTS
.CMD_ENABLE
     8BA1   A9 01      LDA #&01
     8BA3   8D C7 B9   STA &B9C7
     8BA6   60         RTS
.LoadAddrHi2
     8BA7   A9 00      LDA #&00
     8BA9   8D 75 B9   STA &B975
     8BAC   A5 C2      LDA &C2
     8BAE   29 08      AND #&08
     8BB0   8D 74 B9   STA &B974
     8BB3   F0 08      BEQ &8BBD
.SetLoadAddrToHost
     8BB5   A9 FF      LDA #&FF
     8BB7   8D 75 B9   STA &B975
     8BBA   8D 74 B9   STA &B974
.ldadd_nothost
     8BBD   60         RTS
.LoadandEexeAddrHi2
     8BBE   20 A7 8B   JSR &8BA7
.ExecAddrHi2
     8BC1   A9 00      LDA #&00
     8BC3   8D 77 B9   STA &B977
     8BC6   A5 C2      LDA &C2
     8BC8   20 1C 82   JSR &821C
     8BCB   C9 03      CMP #&03
     8BCD   D0 05      BNE &8BD4
     8BCF   A9 FF      LDA #&FF
     8BD1   8D 77 B9   STA &B977
.exadd_nothost
     8BD4   8D 76 B9   STA &B976
     8BD7   60         RTS
.Set_CurDirDrv_ToDefaults
     8BD8   AD C9 B9   LDA &B9C9
     8BDB   85 CC      STA &CC
.Set_CurDrv_ToDefault
     8BDD   AD CA B9   LDA &B9CA
.SetCurrentDrive_Adrive
     8BE0   29 03      AND #&03
.SetCurrentDrive_Adrive_noand
     8BE2   85 CD      STA &CD
     8BE4   60         RTS
.Param_OptionalDriveNo
     8BE5   20 C7 81   JSR &81C7
     8BE8   F0 F3      BEQ &8BDD
.Param_DriveNo_Syntax
     8BEA   20 BD 99   JSR &99BD
.Param_DriveNo_BadDrive
     8BED   20 AC 81   JSR &81AC
     8BF0   B0 0B      BCS &8BFD
     8BF2   C9 3A      CMP #&3A
     8BF4   F0 F7      BEQ &8BED
     8BF6   38         SEC
     8BF7   E9 30      SBC #&30
     8BF9   C9 04      CMP #&04
     8BFB   90 E5      BCC &8BE2
.errBADDRIVE
     8BFD   20 58 80   JSR &8058
     8C00   CD
     8C01   64 72 69 ...
     8C06   00
.CMD_RENAME
     8C07   20 38 92   JSR &9238
     8C0A   20 BD 99   JSR &99BD
     8C0D   20 50 81   JSR &8150
     8C10   98         TYA
     8C11   48         PHA
     8C12   20 3F 82   JSR &823F
     8C15   20 F6 92   JSR &92F6
     8C18   84 C4      STY &C4
     8C1A   68         PLA
     8C1B   A8         TAY
     8C1C   20 BD 99   JSR &99BD
     8C1F   A5 CD      LDA &CD
     8C21   48         PHA
     8C22   20 50 81   JSR &8150
     8C25   68         PLA
     8C26   C5 CD      CMP &CD
     8C28   D0 14      BNE &8C3E
     8C2A   20 84 82   JSR &8284
     8C2D   90 12      BCC &8C41
     8C2F   C4 C4      CPY &C4
     8C31   F0 0E      BEQ &8C41
.errFILEEXISTS
     8C33   20 62 80   JSR &8062
     8C36   C4
     8C37   45 78 69 ...
     8C3D   00
.jmpBADDRIVE
     8C3E   4C FD 8B   JMP &8BFD
.rname_ok
     8C41   A4 C4      LDY &C4
     8C43   20 FB 87   JSR &87FB
     8C46   A2 07      LDX #&07
.rname_loop
     8C48   B5 C5      LDA &C5,X
     8C4A   99 07 B7   STA &B707,Y
     8C4D   88         DEY
     8C4E   CA         DEX
     8C4F   10 F7      BPL &8C48
     8C51   4C 16 A1   JMP &A116
.TUBE_CheckIfPresent
     8C54   A9 EA      LDA #&EA
     8C56   A2 00      LDX #&00
     8C58   A0 FF      LDY #&FF
     8C5A   20 F4 FF   JSR &FFF4
     8C5D   8A         TXA
     8C5E   49 FF      EOR #&FF
     8C60   8D D6 B9   STA &B9D6
     8C63   60         RTS
.TUBE_CLAIM
     8C64   48         PHA
.tclaim_loop
     8C65   A9 CA      LDA #&CA
     8C67   20 06 04   JSR &0406
     8C6A   90 F9      BCC &8C65
     8C6C   68         PLA
     8C6D   60         RTS
.TUBE_RELEASE
     8C6E   20 54 8C   JSR &8C54
     8C71   30 07      BMI &8C7A
.TUBE_RELEASE_NoCheck
     8C73   48         PHA
     8C74   A9 8A      LDA #&8A
     8C76   20 06 04   JSR &0406
     8C79   68         PLA
.trelease_exit
     8C7A   60         RTS
.CheckESCAPE
     8C7B   24 FF      BIT &FF
     8C7D   10 1F      BPL &8C9E
.ReportESCAPE
     8C7F   A9 7E      LDA #&7E
     8C81   20 F4 FF   JSR &FFF4
     8C84   20 72 80   JSR &8072
     8C87   11
     8C88   45 73 63 ...
     8C8E   00
.PrintHex100
     8C8F   48         PHA
     8C90   20 26 82   JSR &8226
     8C93   20 97 8C   JSR &8C97
     8C96   68         PLA
.PrintNib100
     8C97   20 2B 81   JSR &812B
     8C9A   9D 00 01   STA &0100,X
     8C9D   E8         INX
.noesc
     8C9E   60         RTS
.BootOptions
     8C9F   4C 2E 21 ...
     8CA6   0D
     8CA7   45 2E 21 ...
     8CAE   0D
.AUTOBOOT
     8CAF   A5 B3      LDA &B3
     8CB1   20 9F 80   JSR &809F
Macro BOOT_NAME:
Macro BASE_NAME:
     8CB4   4D 6F 64 ...
Macro SYSTEM_NAME:
     8CBC   4D 4D 46 ...
End macro SYSTEM_NAME
     8CC1   20 53 57 ...
End macro BASE_NAME
Macro DEVICE_NAME:
     8CC7   20 50 69 ...
End macro DEVICE_NAME
Macro DFS_EMUL_NAME:
End macro DFS_EMUL_NAME
     8CCE   0D
     8CCF   0D
End macro BOOT_NAME
     8CD0   90 0C      BCC &8CDE
.CMD_DISC
     8CD2   A6 F4      LDX &F4
     8CD4   BD F0 0D   LDA &0DF0,X
     8CD7   29 40      AND #&40
     8CD9   F0 01      BEQ &8CDC
     8CDB   60         RTS
.CMD_CARD
     8CDC   A9 FF      LDA #&FF
.initMMFS
     8CDE   20 D3 95   JSR &95D3
     8CE1   48         PHA
     8CE2   A9 06      LDA #&06
     8CE4   20 38 80   JSR &8038
     8CE7   A2 0D      LDX #&0D
.vectloop
     8CE9   BD 40 93   LDA &9340,X
     8CEC   9D 12 02   STA &0212,X
     8CEF   CA         DEX
     8CF0   10 F7      BPL &8CE9
     8CF2   A9 A8      LDA #&A8
     8CF4   20 39 93   JSR &9339
     8CF7   84 B1      STY &B1
     8CF9   86 B0      STX &B0
     8CFB   A2 07      LDX #&07
     8CFD   A0 1B      LDY #&1B
.extendedvec_loop
     8CFF   B9 33 93   LDA &9333,Y
     8D02   91 B0      STA (&B0),Y
     8D04   C8         INY
     8D05   B9 33 93   LDA &9333,Y
     8D08   91 B0      STA (&B0),Y
     8D0A   C8         INY
     8D0B   A5 F4      LDA &F4
     8D0D   91 B0      STA (&B0),Y
     8D0F   C8         INY
     8D10   CA         DEX
     8D11   D0 EC      BNE &8CFF
     8D13   8C 82 B9   STY &B982
     8D16   8C 83 B9   STY &B983
     8D19   86 CD      STX &CD
     8D1B   8E AF B9   STX &B9AF
     8D1E   A2 0F      LDX #&0F
     8D20   A9 8F      LDA #&8F
     8D22   20 F4 FF   JSR &FFF4
     8D25   AD D3 B9   LDA &B9D3
     8D28   30 2F      BMI &8D59
     8D2A   A9 FF      LDA #&FF
     8D2C   8D D3 B9   STA &B9D3
.setdefaults
     8D2F   A9 20      LDA #&20
     8D31   8D C0 BA   STA &BAC0
     8D34   8D D0 BA   STA &BAD0
     8D37   A9 24      LDA #&24
     8D39   8D C9 B9   STA &B9C9
     8D3C   8D CB B9   STA &B9CB
     8D3F   A9 00      LDA #&00
     8D41   8D CC B9   STA &B9CC
     8D44   A0 00      LDY #&00
     8D46   8C CA B9   STY &B9CA
     8D49   8C C0 B9   STY &B9C0
     8D4C   88         DEY
     8D4D   8C C7 B9   STY &B9C7
     8D50   8C C6 B9   STY &B9C6
     8D53   8C DD B9   STY &B9DD
     8D56   20 8D 8D   JSR &8D8D
.initdfs_noreset
     8D59   20 54 8C   JSR &8C54
     8D5C   A9 FD      LDA #&FD
     8D5E   20 39 93   JSR &9339
     8D61   E0 00      CPX #&00
     8D63   F0 06      BEQ &8D6B
     8D65   20 64 A5   JSR &A564
     8D68   20 4A AB   JSR &AB4A
.skipautoload
     8D6B   68         PLA
     8D6C   D0 0B      BNE &8D79
     8D6E   20 12 A1   JSR &A112
     8D71   AD 06 B8   LDA &B806
     8D74   20 26 82   JSR &8226
     8D77   D0 01      BNE &8D7A
.initdfs_exit
     8D79   60         RTS
.notOPT0
     8D7A   A0 8C      LDY #&8C
     8D7C   A2 9F      LDX #&9F
     8D7E   C9 02      CMP #&02
     8D80   90 08      BCC &8D8A
     8D82   F0 04      BEQ &8D88
     8D84   A2 A7      LDX #&A7
     8D86   D0 02      BNE &8D8A
.oscliOPT2
     8D88   A2 A9      LDX #&A9
.jmpOSCLI
     8D8A   4C F7 FF   JMP &FFF7
.VIDRESET
     8D8D   A0 0F      LDY #&0F
     8D8F   A9 00      LDA #&00
.loop
     8D91   99 E0 B9   STA &B9E0,Y
     8D94   88         DEY
     8D95   10 FA      BPL &8D91
     8D97   A9 01      LDA #&01
     8D99   8D F0 B9   STA &B9F0
     8D9C   60         RTS
.MMFS_SERVICECALLS
     8D9D   20 66 B4   JSR &B466
     8DA0   48         PHA
     8DA1   BD F0 0D   LDA &0DF0,X
     8DA4   30 1E      BMI &8DC4
.lbl1
     8DA6   68         PLA
     8DA7   C9 12      CMP #&12
     8DA9   F0 31      BEQ &8DDC
     8DAB   C9 0B      CMP #&0B
     8DAD   B0 14      BCS &8DC3
.label4
     8DAF   0A         ASL A
     8DB0   AA         TAX
     8DB1   BD C7 8D   LDA &8DC7,X
     8DB4   48         PHA
     8DB5   BD C6 8D   LDA &8DC6,X
     8DB8   48         PHA
     8DB9   8A         TXA
     8DBA   A6 F4      LDX &F4
     8DBC   4A         LSR A
     8DBD   C9 0B      CMP #&0B
     8DBF   90 02      BCC &8DC3
     8DC1   69 15      ADC #&15
.label3
.SERVICE_NULL
     8DC3   60         RTS
.romdisabled
     8DC4   68         PLA
     8DC5   60         RTS
.data
     8DC6   C2 8D
     8DC8   C2 8D
     8DCA   E5 8D
     8DCC   F7 8D
     8DCE   10 8E
     8DD0   C2 8D
     8DD2   C2 8D
     8DD4   C2 8D
     8DD6   1C 8E
     8DD8   7A 8E
     8DDA   C2 8D
.SERVICE12_init_filesystem
Macro BP12K_NEST:
End macro BP12K_NEST
     8DDC   C0 04      CPY #&04
     8DDE   D0 E3      BNE &8DC3
     8DE0   20 FA 83   JSR &83FA
     8DE3   4C DC 8C   JMP &8CDC
.SERVICE02_claim_privworkspace
     8DE6   98         TYA
     8DE7   48         PHA
     8DE8   A9 FD      LDA #&FD
     8DEA   20 39 93   JSR &9339
     8DED   CA         DEX
     8DEE   8E D3 B9   STX &B9D3
     8DF1   A6 F4      LDX &F4
     8DF3   68         PLA
     8DF4   A8         TAY
     8DF5   A9 02      LDA #&02
.srv3_exit
     8DF7   60         RTS
.SERVICE03_autoboot
Macro BP12K_NEST:
End macro BP12K_NEST
     8DF8   20 FA 83   JSR &83FA
     8DFB   84 B3      STY &B3
     8DFD   A9 7A      LDA #&7A
     8DFF   20 F4 FF   JSR &FFF4
     8E02   8A         TXA
     8E03   30 09      BMI &8E0E
     8E05   C9 65      CMP #&65
     8E07   D0 EE      BNE &8DF7
     8E09   A9 78      LDA #&78
     8E0B   20 F4 FF   JSR &FFF4
.jmpAUTOBOOT
     8E0E   4C AF 8C   JMP &8CAF
.SERVICE04_unrec_command
Macro BP12K_NEST:
End macro BP12K_NEST
     8E11   20 FA 83   JSR &83FA
     8E14   A2 92      LDX #&92
.jmpunreccmd
     8E16   4C 33 87   JMP &8733
.NotCmdTable22
     8E19   A2 76      LDX #&76
     8E1B   D0 F9      BNE &8E16
.SERVICE08_unrec_OSWORD
Macro BP12K_NEST:
End macro BP12K_NEST
     8E1D   20 FA 83   JSR &83FA
     8E20   A4 EF      LDY &EF
     8E22   30 2F      BMI &8E53
     8E24   C0 7D      CPY #&7D
     8E26   90 2B      BCC &8E53
     8E28   AD 13 02   LDA &0213
     8E2B   C9 FF      CMP #&FF
     8E2D   D0 24      BNE &8E53
     8E2F   AD 12 02   LDA &0212
     8E32   C9 1B      CMP #&1B
     8E34   D0 1D      BNE &8E53
     8E36   AD BC 0D   LDA &0DBC
     8E39   C5 F4      CMP &F4
     8E3B   D0 16      BNE &8E53
     8E3D   20 D3 95   JSR &95D3
     8E40   A6 F0      LDX &F0
     8E42   86 B0      STX &B0
     8E44   A6 F1      LDX &F1
     8E46   86 B1      STX &B1
     8E48   A4 EF      LDY &EF
     8E4A   C8         INY
     8E4B   10 07      BPL &8E54
     8E4D   08         PHP
     8E4E   58         CLI
     8E4F   20 B6 AE   JSR &AEB6
     8E52   28         PLP
.notMMFS
.exit
     8E53   60         RTS
.notOSWORD7F
     8E54   20 0C A1   JSR &A10C
     8E57   C8         INY
     8E58   30 08      BMI &8E62
     8E5A   A0 00      LDY #&00
     8E5C   AD 04 B8   LDA &B804
     8E5F   91 B0      STA (&B0),Y
     8E61   60         RTS
.OSWORD7E
     8E62   A9 00      LDA #&00
     8E64   A8         TAY
     8E65   91 B0      STA (&B0),Y
     8E67   C8         INY
     8E68   AD 07 B8   LDA &B807
     8E6B   91 B0      STA (&B0),Y
     8E6D   C8         INY
     8E6E   AD 06 B8   LDA &B806
     8E71   29 03      AND #&03
     8E73   91 B0      STA (&B0),Y
     8E75   C8         INY
     8E76   A9 00      LDA #&00
     8E78   91 B0      STA (&B0),Y
     8E7A   60         RTS
.SERVICE09_help
     8E7B   20 FA 83   JSR &83FA
     8E7E   B1 F2      LDA (&F2),Y
     8E80   A2 A8      LDX #&A8
     8E82   C9 0D      CMP #&0D
     8E84   D0 90      BNE &8E16
     8E86   98         TYA
     8E87   A0 03      LDY #&03
     8E89   4C 68 99   JMP &9968
.FILEV_ENTRY
     8E8C   20 23 84   JSR &8423
     8E8F   48         PHA
     8E90   20 38 92   JSR &9238
     8E93   86 B0      STX &B0
     8E95   8E DB B9   STX &B9DB
     8E98   84 B1      STY &B1
     8E9A   8C DC B9   STY &B9DC
     8E9D   A2 00      LDX #&00
     8E9F   A0 00      LDY #&00
     8EA1   20 46 81   JSR &8146
.filev_copyparams_loop
     8EA4   20 36 81   JSR &8136
     8EA7   C0 12      CPY #&12
     8EA9   D0 F9      BNE &8EA4
     8EAB   68         PLA
     8EAC   AA         TAX
     8EAD   E8         INX
     8EAE   E0 08      CPX #&08
     8EB0   B0 08      BCS &8EBA
     8EB2   BD 83 93   LDA &9383,X
     8EB5   48         PHA
     8EB6   BD 7B 93   LDA &937B,X
     8EB9   48         PHA
.filev_unknownop
     8EBA   A9 00      LDA #&00
     8EBC   60         RTS
.FSCV_ENTRY
     8EBD   C9 0C      CMP #&0C
     8EBF   B0 F9      BCS &8EBA
     8EC1   86 B5      STX &B5
     8EC3   AA         TAX
     8EC4   BD 6F 93   LDA &936F,X
     8EC7   48         PHA
     8EC8   BD 63 93   LDA &9363,X
     8ECB   48         PHA
     8ECC   8A         TXA
     8ECD   A6 B5      LDX &B5
     8ECF   60         RTS
.GBPBV_ENTRY
     8ED0   C9 09      CMP #&09
     8ED2   B0 1D      BCS &8EF1
     8ED4   20 FA 83   JSR &83FA
     8ED7   20 D3 95   JSR &95D3
     8EDA   8E 7D B9   STX &B97D
     8EDD   8C 7E B9   STY &B97E
     8EE0   A8         TAY
     8EE1   4C 92 90   JMP &9092
.upgbpb
     8EE4   20 F2 8E   JSR &8EF2
     8EE7   08         PHP
     8EE8   2C 81 B9   BIT &B981
     8EEB   10 03      BPL &8EF0
     8EED   20 73 8C   JSR &8C73
.gbpb_nottube
     8EF0   28         PLP
.gbpbv_unrecop
     8EF1   60         RTS
.gbpb_gosub
     8EF2   B9 8B 93   LDA &938B,Y
     8EF5   8D D7 B9   STA &B9D7
     8EF8   B9 94 93   LDA &9394,Y
     8EFB   8D D8 B9   STA &B9D8
     8EFE   B9 9D 93   LDA &939D,Y
     8F01   4A         LSR A
     8F02   08         PHP
     8F03   4A         LSR A
     8F04   08         PHP
     8F05   8D 7F B9   STA &B97F
     8F08   A0 0C      LDY #&0C
.gbpb_ctlblk_loop
     8F0A   B1 B4      LDA (&B4),Y
     8F0C   99 60 B9   STA &B960,Y
     8F0F   88         DEY
     8F10   10 F8      BPL &8F0A
     8F12   AD 63 B9   LDA &B963
     8F15   2D 64 B9   AND &B964
     8F18   0D D6 B9   ORA &B9D6
     8F1B   18         CLC
     8F1C   69 01      ADC #&01
     8F1E   F0 06      BEQ &8F26
     8F20   20 64 8C   JSR &8C64
     8F23   18         CLC
     8F24   A9 FF      LDA #&FF
.gbpb_nottube1
     8F26   8D 81 B9   STA &B981
     8F29   AD 7F B9   LDA &B97F
     8F2C   B0 07      BCS &8F35
     8F2E   A2 61      LDX #&61
     8F30   A0 B9      LDY #&B9
     8F32   20 06 04   JSR &0406
.gbpb_nottube2
     8F35   28         PLP
     8F36   B0 04      BCS &8F3C
     8F38   28         PLP
.gbpb_jmpsub
     8F39   6C D7 B9   JMP (&B9D7)
.gbpb_rw_seqptr
     8F3C   A2 03      LDX #&03
.gbpb_seqptr_loop1
     8F3E   BD 69 B9   LDA &B969,X
     8F41   95 B6      STA &B6,X
     8F43   CA         DEX
     8F44   10 F8      BPL &8F3E
     8F46   A2 B6      LDX #&B6
     8F48   AC 60 B9   LDY &B960
     8F4B   A9 00      LDA #&00
     8F4D   28         PLP
     8F4E   B0 03      BCS &8F53
     8F50   20 B9 98   JSR &98B9
.gpbp_dontwriteseqptr
     8F53   20 1E 96   JSR &961E
     8F56   A2 03      LDX #&03
.gbpb_seqptr_loop2
     8F58   B5 B6      LDA &B6,X
     8F5A   9D 69 B9   STA &B969,X
     8F5D   CA         DEX
     8F5E   10 F8      BPL &8F58
.gbpb_rwdata
     8F60   20 30 90   JSR &9030
     8F63   30 0D      BMI &8F72
.gbpb_data_loop
     8F65   AC 60 B9   LDY &B960
     8F68   20 39 8F   JSR &8F39
     8F6B   B0 0D      BCS &8F7A
     8F6D   A2 09      LDX #&09
     8F6F   20 6B 90   JSR &906B
.gbpb_data_loopin
     8F72   A2 05      LDX #&05
     8F74   20 6B 90   JSR &906B
     8F77   D0 EC      BNE &8F65
     8F79   18         CLC
.gbpb_data_loopout
     8F7A   08         PHP
     8F7B   20 30 90   JSR &9030
     8F7E   A2 05      LDX #&05
     8F80   20 6B 90   JSR &906B
     8F83   20 3E 90   JSR &903E
     8F86   A0 0C      LDY #&0C
.gbpb_restorectlblk_loop
     8F88   B9 60 B9   LDA &B960,Y
     8F8B   91 B4      STA (&B4),Y
     8F8D   88         DEY
     8F8E   10 F8      BPL &8F88
     8F90   28         PLP
     8F91   60         RTS
.gbpb8_rdfilescurdir
     8F92   20 01 A1   JSR &A101
     8F95   A9 A1      LDA #&A1
     8F97   8D D7 B9   STA &B9D7
     8F9A   A9 8F      LDA #&8F
     8F9C   8D D8 B9   STA &B9D8
     8F9F   D0 BF      BNE &8F60
.gbpb8_getbyte
     8FA1   AC 69 B9   LDY &B969
.gbpb8_loop
     8FA4   CC 05 B8   CPY &B805
     8FA7   B0 28      BCS &8FD1
     8FA9   B9 0F B7   LDA &B70F,Y
     8FAC   20 3D 83   JSR &833D
     8FAF   45 CC      EOR &CC
     8FB1   B0 02      BCS &8FB5
     8FB3   29 DF      AND #&DF
.gbpb8_notalpha
     8FB5   29 7F      AND #&7F
     8FB7   F0 05      BEQ &8FBE
     8FB9   20 FB 87   JSR &87FB
     8FBC   D0 E6      BNE &8FA4
.gbpb8_filefound
     8FBE   A9 07      LDA #&07
     8FC0   20 57 90   JSR &9057
     8FC3   85 B0      STA &B0
.gbpb8_copyfn_loop
     8FC5   B9 08 B7   LDA &B708,Y
     8FC8   20 57 90   JSR &9057
     8FCB   C8         INY
     8FCC   C6 B0      DEC &B0
     8FCE   D0 F5      BNE &8FC5
     8FD0   18         CLC
.gbpb8_endofcat
     8FD1   8C 69 B9   STY &B969
     8FD4   AD 04 B8   LDA &B804
     8FD7   8D 60 B9   STA &B960
     8FDA   60         RTS
.gbpb5_getmediatitle
     8FDB   20 01 A1   JSR &A101
     8FDE   A9 0C      LDA #&0C
     8FE0   20 57 90   JSR &9057
     8FE3   A0 00      LDY #&00
.gbpb5_titleloop
     8FE5   C0 08      CPY #&08
     8FE7   B0 05      BCS &8FEE
     8FE9   B9 00 B7   LDA &B700,Y
     8FEC   90 03      BCC &8FF1
.gbpb5_titlehi
     8FEE   B9 F8 B7   LDA &B7F8,Y
.gbpb5_titlelo
     8FF1   20 57 90   JSR &9057
     8FF4   C8         INY
     8FF5   C0 0C      CPY #&0C
     8FF7   D0 EC      BNE &8FE5
     8FF9   AD 06 B8   LDA &B806
     8FFC   20 26 82   JSR &8226
     8FFF   20 57 90   JSR &9057
     9002   A5 CD      LDA &CD
     9004   4C 57 90   JMP &9057
.gbpb6_rdcurdirdevice
     9007   20 4E 90   JSR &904E
     900A   AD CA B9   LDA &B9CA
     900D   20 49 90   JSR &9049
     9010   AD C9 B9   LDA &B9C9
     9013   D0 42      BNE &9057
.gbpb7_rdcurlibdevice
     9015   20 4E 90   JSR &904E
     9018   AD CC B9   LDA &B9CC
     901B   20 49 90   JSR &9049
     901E   AD CB B9   LDA &B9CB
     9021   D0 34      BNE &9057
.gpbp_B8memptr
     9023   AE 61 B9   LDX &B961
     9026   86 B8      STX &B8
     9028   AE 62 B9   LDX &B962
     902B   86 B9      STX &B9
     902D   A2 00      LDX #&00
     902F   60         RTS
.gbpb_bytesxferinvert
     9030   A2 03      LDX #&03
.gbpb_bytesxferinvert_loop
     9032   A9 FF      LDA #&FF
     9034   5D 65 B9   EOR &B965,X
     9037   9D 65 B9   STA &B965,X
     903A   CA         DEX
     903B   10 F5      BPL &9032
     903D   60         RTS
.gbpb_wordB4_word107D
     903E   AD 7D B9   LDA &B97D
     9041   85 B4      STA &B4
     9043   AD 7E B9   LDA &B97E
     9046   85 B5      STA &B5
     9048   60         RTS
.gbpb_gb_SAVEBYTE_and_gbpb_SAVE_01
     9049   09 30      ORA #&30
     904B   20 57 90   JSR &9057
.gbpb_SAVE_01
     904E   A9 01      LDA #&01
     9050   D0 05      BNE &9057
.gbpb_getbyteSAVEBYTE
     9052   20 2C 97   JSR &972C
     9055   B0 1F      BCS &9076
.gbpb_gb_SAVEBYTE
     9057   2C 81 B9   BIT &B981
     905A   10 05      BPL &9061
     905C   8D E5 FE   STA &FEE5
     905F   30 05      BMI &9066
.gBpb_gb_fromhost
     9061   20 23 90   JSR &9023
     9064   81 B8      STA (&B8,X)
.gbpb_incDataPtr
     9066   20 FA 83   JSR &83FA
     9069   A2 01      LDX #&01
.gbpb_incdblword1060X
     906B   A0 04      LDY #&04
.gbpb_incdblword_loop
     906D   FE 60 B9   INC &B960,X
     9070   D0 04      BNE &9076
     9072   E8         INX
     9073   88         DEY
     9074   D0 F7      BNE &906D
.gbpb_incdblworkd_exit
     9076   60         RTS
.gbpb_putbytes
     9077   20 7F 90   JSR &907F
     907A   20 E9 97   JSR &97E9
     907D   18         CLC
     907E   60         RTS
.gpbp_pb_LOADBYTE
     907F   2C 81 B9   BIT &B981
     9082   10 06      BPL &908A
     9084   AD E5 FE   LDA &FEE5
     9087   4C 66 90   JMP &9066
.gbpb_pb_fromhost
     908A   20 23 90   JSR &9023
     908D   A1 B8      LDA (&B8,X)
     908F   4C 66 90   JMP &9066
.fastgb
     9092   20 3E 90   JSR &903E
     9095   B9 9D 93   LDA &939D,Y
     9098   29 03      AND #&03
     909A   4A         LSR A
     909B   F0 4A      BEQ &90E7
     909D   8C 6D B9   STY &B96D
     90A0   A0 0C      LDY #&0C
.copyl0
     90A2   B1 B4      LDA (&B4),Y
     90A4   99 60 B9   STA &B960,Y
     90A7   88         DEY
     90A8   10 F8      BPL &90A2
     90AA   A8         TAY
     90AB   A2 03      LDX #&03
.initl
     90AD   BD 65 B9   LDA &B965,X
     90B0   9D 6E B9   STA &B96E,X
     90B3   CA         DEX
     90B4   10 F7      BPL &90AD
     90B6   AD 69 B9   LDA &B969
     90B9   90 09      BCC &90C4
     90BB   98         TYA
     90BC   20 2B 82   JSR &822B
     90BF   A8         TAY
     90C0   B9 10 BA   LDA &BA10,Y
     90C3   18         CLC
.dcptr
     90C4   49 FF      EOR #&FF
     90C6   69 01      ADC #&01
     90C8   A0 FC      LDY #&FC
.hdrext
     90CA   99 69 B8   STA &B869,Y
     90CD   A9 00      LDA #&00
     90CF   C8         INY
     90D0   D0 F8      BNE &90CA
     90D2   20 00 92   JSR &9200
     90D5   90 02      BCC &90D9
     90D7   D0 46      BNE &911F
.trailr
     90D9   20 16 92   JSR &9216
.drain
     90DC   A9 60      LDA #&60
     90DE   85 B4      STA &B4
     90E0   A9 B9      LDA #&B9
     90E2   85 B5      STA &B5
     90E4   AC 6D B9   LDY &B96D
.chain
     90E7   4C E4 8E   JMP &8EE4
.morfst
     90EA   AD 71 B9   LDA &B971
     90ED   20 0F 92   JSR &920F
     90F0   D0 32      BNE &9124
     90F2   8D 66 B9   STA &B966
     90F5   8D 67 B9   STA &B967
     90F8   AD 6E B9   LDA &B96E
     90FB   D0 DC      BNE &90D9
     90FD   18         CLC
.fgbfin
     90FE   08         PHP
     90FF   20 16 92   JSR &9216
     9102   28         PLP
     9103   20 3E 90   JSR &903E
     9106   A0 0C      LDY #&0C
.retnl
     9108   B9 60 B9   LDA &B960,Y
     910B   91 B4      STA (&B4),Y
     910D   88         DEY
     910E   10 F8      BPL &9108
     9110   60         RTS
.setmax
     9111   8D 67 B9   STA &B967
     9114   0D 66 B9   ORA &B966
     9117   D0 4B      BNE &9164
.throw
     9119   A0 FD      LDY #&FD
     911B   A9 01      LDA #&01
     911D   D0 AB      BNE &90CA
.align
     911F   20 DC 90   JSR &90DC
     9122   B0 DA      BCS &90FE
.dofast
     9124   AE 71 B9   LDX &B971
     9127   F0 02      BEQ &912B
     9129   A2 FF      LDX #&FF
.sclamp
     912B   8A         TXA
     912C   0D 70 B9   ORA &B970
     912F   8D 67 B9   STA &B967
     9132   8A         TXA
     9133   0D 6F B9   ORA &B96F
     9136   AA         TAX
     9137   AD C2 B9   LDA &B9C2
     913A   38         SEC
     913B   6D 6D B9   ADC &B96D
     913E   49 04      EOR #&04
     9140   29 E4      AND #&E4
     9142   A8         TAY
     9143   B9 15 BA   LDA &BA15,Y
     9146   38         SEC
     9147   ED 6A B9   SBC &B96A
     914A   8D 66 B9   STA &B966
     914D   B9 16 BA   LDA &BA16,Y
     9150   ED 6B B9   SBC &B96B
     9153   90 C4      BCC &9119
     9155   CD 67 B9   CMP &B967
     9158   90 B7      BCC &9111
     915A   D0 05      BNE &9161
     915C   EC 66 B9   CPX &B966
     915F   B0 B0      BCS &9111
.sectr0
     9161   8E 66 B9   STX &B966
.sectr1
     9164   AC C2 B9   LDY &B9C2
     9167   20 C3 93   JSR &93C3
     916A   20 87 97   JSR &9787
     916D   A9 3F      LDA #&3F
     916F   99 1D BA   STA &BA1D,Y
     9172   20 7F 97   JSR &977F
     9175   AD 61 B9   LDA &B961
     9178   85 BC      STA &BC
     917A   AD 62 B9   LDA &B962
     917D   85 BD      STA &BD
     917F   AD 63 B9   LDA &B963
     9182   8D 74 B9   STA &B974
     9185   AD 64 B9   LDA &B964
     9188   8D 75 B9   STA &B975
     918B   B9 0F BA   LDA &BA0F,Y
     918E   18         CLC
     918F   6D 6A B9   ADC &B96A
     9192   85 C3      STA &C3
     9194   B9 0D BA   LDA &BA0D,Y
     9197   6D 6B B9   ADC &B96B
     919A   29 03      AND #&03
     919C   85 C2      STA &C2
     919E   A9 00      LDA #&00
     91A0   85 C0      STA &C0
     91A2   AD 66 B9   LDA &B966
     91A5   85 C1      STA &C1
     91A7   AD 67 B9   LDA &B967
     91AA   20 2C 82   JSR &822C
     91AD   05 C2      ORA &C2
     91AF   85 C2      STA &C2
     91B1   AD 6D B9   LDA &B96D
     91B4   EE DD B9   INC &B9DD
     91B7   20 26 92   JSR &9226
     91BA   CE DD B9   DEC &B9DD
     91BD   20 00 92   JSR &9200
     91C0   AC 66 B9   LDY &B966
     91C3   98         TYA
     91C4   18         CLC
     91C5   6D 62 B9   ADC &B962
     91C8   8D 62 B9   STA &B962
     91CB   AE 67 B9   LDX &B967
     91CE   8A         TXA
     91CF   6D 63 B9   ADC &B963
     91D2   8D 63 B9   STA &B963
     91D5   90 03      BCC &91DA
     91D7   EE 64 B9   INC &B964
.updp
     91DA   98         TYA
     91DB   AC C2 B9   LDY &B9C2
     91DE   18         CLC
     91DF   79 11 BA   ADC &BA11,Y
     91E2   99 11 BA   STA &BA11,Y
     91E5   8D 6A B9   STA &B96A
     91E8   8A         TXA
     91E9   79 12 BA   ADC &BA12,Y
     91EC   99 12 BA   STA &BA12,Y
     91EF   8D 6B B9   STA &B96B
     91F2   98         TYA
     91F3   20 2C 99   JSR &992C
     91F6   90 05      BCC &91FD
     91F8   F0 03      BEQ &91FD
     91FA   20 97 98   JSR &9897
.doneit
     91FD   4C EA 90   JMP &90EA
.subwk
     9200   38         SEC
     9201   A2 FC      LDX #&FC
.subwkl
     9203   BD 72 B8   LDA &B872,X
     9206   FD 69 B8   SBC &B869,X
     9209   9D 72 B8   STA &B872,X
     920C   E8         INX
     920D   D0 F4      BNE &9203
.testl
     920F   0D 70 B9   ORA &B970
     9212   0D 6F B9   ORA &B96F
     9215   60         RTS
.addtol
     9216   18         CLC
     9217   A2 FC      LDX #&FC
.addl
     9219   BD 72 B8   LDA &B872,X
     921C   7D 69 B8   ADC &B869,X
     921F   9D 69 B8   STA &B869,X
     9222   E8         INX
     9223   D0 F4      BNE &9219
     9225   60         RTS
.docmd
     9226   C9 03      CMP #&03
     9228   90 00      BCC &922A
.dowrcmd
     922A   4C 4B 88   JMP &884B
.dordcmd
     922D   4C 58 88   JMP &8858
.fscv_osabouttoproccmd
     9230   2C C7 B9   BIT &B9C7
     9233   30 03      BMI &9238
     9235   CE C7 B9   DEC &B9C7
.parameter_fsp
     9238   A9 FF      LDA #&FF
     923A   8D CE B9   STA &B9CE
.param_out
     923D   8D CD B9   STA &B9CD
     9240   60         RTS
.parameter_afsp
     9241   A9 2A      LDA #&2A
     9243   8D CE B9   STA &B9CE
     9246   A9 23      LDA #&23
     9248   D0 F3      BNE &923D
.osfile5_rdcatinfo
     924A   20 04 93   JSR &9304
     924D   20 9B 83   JSR &839B
     9250   A9 01      LDA #&01
     9252   60         RTS
.osfile6_delfile
     9253   20 E1 92   JSR &92E1
     9256   20 9B 83   JSR &839B
     9259   20 21 83   JSR &8321
     925C   4C 83 92   JMP &9283
.osfile1_updatecat
     925F   20 04 93   JSR &9304
     9262   20 89 92   JSR &9289
     9265   20 A5 92   JSR &92A5
     9268   50 16      BVC &9280
.osfile3_wrexecaddr
     926A   20 04 93   JSR &9304
     926D   20 A5 92   JSR &92A5
     9270   50 11      BVC &9283
.osfile2_wrloadaddr
     9272   20 04 93   JSR &9304
     9275   20 89 92   JSR &9289
     9278   50 09      BVC &9283
.osfile4_wrattribs
     927A   20 04 93   JSR &9304
     927D   20 F9 92   JSR &92F9
.osfile_updatelocksavecat
     9280   20 C8 92   JSR &92C8
.osfile_savecat_retA_1
     9283   20 16 A1   JSR &A116
     9286   A9 01      LDA #&01
     9288   60         RTS
.osfile_update_loadaddr_Xoffset
     9289   20 FA 83   JSR &83FA
     928C   A0 02      LDY #&02
     928E   B1 B0      LDA (&B0),Y
     9290   9D 08 B8   STA &B808,X
     9293   C8         INY
     9294   B1 B0      LDA (&B0),Y
     9296   9D 09 B8   STA &B809,X
     9299   C8         INY
     929A   B1 B0      LDA (&B0),Y
     929C   0A         ASL A
     929D   0A         ASL A
     929E   5D 0E B8   EOR &B80E,X
     92A1   29 0C      AND #&0C
     92A3   10 1B      BPL &92C0
.osfile_update_execaddr_Xoffset
     92A5   20 FA 83   JSR &83FA
     92A8   A0 06      LDY #&06
     92AA   B1 B0      LDA (&B0),Y
     92AC   9D 0A B8   STA &B80A,X
     92AF   C8         INY
     92B0   B1 B0      LDA (&B0),Y
     92B2   9D 0B B8   STA &B80B,X
     92B5   C8         INY
     92B6   B1 B0      LDA (&B0),Y
     92B8   6A         ROR A
     92B9   6A         ROR A
     92BA   6A         ROR A
     92BB   5D 0E B8   EOR &B80E,X
     92BE   29 C0      AND #&C0
.osfile_savemixedbyte
     92C0   5D 0E B8   EOR &B80E,X
     92C3   9D 0E B8   STA &B80E,X
     92C6   B8         CLV
     92C7   60         RTS
.osfile_updatelock
     92C8   20 FA 83   JSR &83FA
     92CB   A0 0E      LDY #&0E
     92CD   B1 B0      LDA (&B0),Y
     92CF   29 0A      AND #&0A
     92D1   F0 02      BEQ &92D5
     92D3   A9 80      LDA #&80
.osfile_notlocked
     92D5   5D 0F B7   EOR &B70F,X
     92D8   29 80      AND #&80
     92DA   5D 0F B7   EOR &B70F,X
     92DD   9D 0F B7   STA &B70F,X
     92E0   60         RTS
.CheckFileNotLocked
     92E1   20 0E 93   JSR &930E
     92E4   90 23      BCC &9309
.CheckFileNotLockedY
     92E6   B9 0F B7   LDA &B70F,Y
     92E9   10 22      BPL &930D
.errFILELOCKED
     92EB   20 62 80   JSR &8062
     92EE   C3
     92EF   4C 6F 63 ...
     92F5   00
.CheckFileNotLockedOrOpenY
     92F6   20 E6 92   JSR &92E6
.CheckFileNotOpenY
     92F9   20 FA 83   JSR &83FA
     92FC   20 68 95   JSR &9568
     92FF   90 21      BCC &9322
     9301   4C CC 94   JMP &94CC
.CheckFileExists
     9304   20 0E 93   JSR &930E
     9307   B0 19      BCS &9322
.ExitCallingSubroutine
     9309   68         PLA
     930A   68         PLA
     930B   A9 00      LDA #&00
.chklock_exit
     930D   60         RTS
.read_fspBA_findcatentry
     930E   20 56 81   JSR &8156
     9311   20 84 82   JSR &8284
     9314   90 0C      BCC &9322
     9316   98         TYA
     9317   AA         TAX
.SetParamBlockPointerB0
     9318   AD DB B9   LDA &B9DB
     931B   85 B0      STA &B0
     931D   AD DC B9   LDA &B9DC
     9320   85 B1      STA &B1
.checkexit
     9322   60         RTS
.CalcRAM
     9323   A9 83      LDA #&83
     9325   20 F4 FF   JSR &FFF4
     9328   8C CF B9   STY &B9CF
     932B   A9 84      LDA #&84
     932D   20 F4 FF   JSR &FFF4
     9330   98         TYA
     9331   38         SEC
     9332   ED CF B9   SBC &B9CF
     9335   8D D0 B9   STA &B9D0
     9338   60         RTS
.osbyte_X0YFF
     9339   A2 00      LDX #&00
.osbyte_YFF
     933B   A0 FF      LDY #&FF
     933D   4C F4 FF   JMP &FFF4
.vectors_table
     9340   1B FF
     9342   1E FF
     9344   21 FF
     9346   24 FF
     9348   27 FF
     934A   2A FF
     934C   2D FF
.extendedvectors_table
     934E   8C 8E
     9350   00         BRK
     9351   E0 95
     9353   00         BRK
     9354   2C 97
     9356   00         BRK
     9357   E9 97
     9359   00         BRK
     935A   D0 8E
     935C   00         BRK
     935D   05 94
     935F   00         BRK
     9360   BD 8E
     9362   00         BRK
.fscv_table1
     9363   30
     9364   F8
     9365   AB
     9366   2D
     9367   AB
     9368   73
     9369   AA
     936A   A5
     936B   2F
     936C   51
     936D   70
     936E   AB
.fscv_table2
     936F   8A
     9370   96
     9371   88
     9372   87
     9373   88
     9374   84
     9375   93
     9376   93
     9377   92
     9378   82
     9379   82
     937A   88
.finv_tablelo
     937B   15
     937C   4E
     937D   5E
     937E   71
     937F   69
     9380   79
     9381   49
     9382   52
.finv_tablehi
     9383   88
     9384   88
     9385   92
     9386   92
     9387   92
     9388   92
     9389   92
     938A   92
.gbpbv_table1
     938B   D1
     938C   77
     938D   77
     938E   52
     938F   52
     9390   DB
     9391   07
     9392   15
     9393   92
.gbpbv_table2
     9394   82
     9395   90
     9396   90
     9397   90
     9398   90
     9399   8F
     939A   90
     939B   90
     939C   8F
.gbpbv_table3
     939D   04
     939E   02
     939F   03
     93A0   06
     93A1   07
     93A2   04
     93A3   04
     93A4   04
     93A5   04
.fscv7_hndlrange
     93A6   A2 11      LDX #&11
     93A8   A0 15      LDY #&15
.closeallfiles_exit
     93AA   60         RTS
.fscv6_shutdownfilesys
     93AB   20 FA 83   JSR &83FA
.CloseSPOOLEXECfiles
     93AE   A9 77      LDA #&77
     93B0   4C F4 FF   JMP &FFF4
.CMD_CLOSE
.CloseAllFiles_Osbyte77
     93B3   20 AE 93   JSR &93AE
.CloseAllFiles
     93B6   A9 00      LDA #&00
.closeallfiles_loop
     93B8   18         CLC
     93B9   69 20      ADC #&20
     93BB   F0 ED      BEQ &93AA
     93BD   A8         TAY
     93BE   20 12 94   JSR &9412
     93C1   D0 F5      BNE &93B8
.Channel_SetDirDrv_GetCatEntry_Yintch
     93C3   20 DE 93   JSR &93DE
.Channel_GetCatEntry_Yintch
     93C6   A2 06      LDX #&06
.chnl_getcatloop
     93C8   B9 0C BA   LDA &BA0C,Y
     93CB   95 C5      STA &C5,X
     93CD   88         DEY
     93CE   88         DEY
     93CF   CA         DEX
     93D0   10 F6      BPL &93C8
     93D2   20 8F 82   JSR &828F
     93D5   90 22      BCC &93F9
     93D7   8C C3 B9   STY &B9C3
     93DA   AC C2 B9   LDY &B9C2
.chkdskchangexit
     93DD   60         RTS
.Channel_SetDirDrive_Yintch
     93DE   B9 0E BA   LDA &BA0E,Y
     93E1   29 7F      AND #&7F
     93E3   85 CC      STA &CC
     93E5   B9 17 BA   LDA &BA17,Y
     93E8   4C E0 8B   JMP &8BE0
.CheckForDiskChange
     93EB   20 FA 83   JSR &83FA
     93EE   AD 04 B8   LDA &B804
     93F1   20 0F A1   JSR &A10F
     93F4   CD 04 B8   CMP &B804
     93F7   F0 E4      BEQ &93DD
.errDISKCHANGED
     93F9   20 4D 80   JSR &804D
     93FC   C8
     93FD   63 68 61 ...
     9404   00
.FINDV_ENTRY
     9405   29 C0      AND #&C0
     9407   D0 59      BNE &9462
     9409   20 FA 83   JSR &83FA
.CloseFiles_Yhandle
     940C   98         TYA
     940D   F0 A4      BEQ &93B3
     940F   20 0D 97   JSR &970D
.CloseFile_Yintch
     9412   48         PHA
     9413   20 98 96   JSR &9698
     9416   B0 45      BCS &945D
     9418   B9 1B BA   LDA &BA1B,Y
     941B   49 FF      EOR #&FF
     941D   2D C0 B9   AND &B9C0
     9420   8D C0 B9   STA &B9C0
     9423   B9 17 BA   LDA &BA17,Y
     9426   29 60      AND #&60
     9428   F0 33      BEQ &945D
     942A   20 C3 93   JSR &93C3
     942D   B9 17 BA   LDA &BA17,Y
     9430   29 20      AND #&20
     9432   F0 26      BEQ &945A
     9434   AE C3 B9   LDX &B9C3
     9437   B9 14 BA   LDA &BA14,Y
     943A   9D 0C B8   STA &B80C,X
     943D   B9 15 BA   LDA &BA15,Y
     9440   9D 0D B8   STA &B80D,X
     9443   B9 16 BA   LDA &BA16,Y
     9446   20 2C 82   JSR &822C
     9449   5D 0E B8   EOR &B80E,X
     944C   29 30      AND #&30
     944E   5D 0E B8   EOR &B80E,X
     9451   9D 0E B8   STA &B80E,X
     9454   20 16 A1   JSR &A116
     9457   AC C2 B9   LDY &B9C2
.closefile_buftodisk
     945A   20 87 97   JSR &9787
.closefile_exit
     945D   AE C5 B9   LDX &B9C5
     9460   68         PLA
     9461   60         RTS
.findvnot0_openfile
     9462   20 23 84   JSR &8423
     9465   86 BA      STX &BA
     9467   84 BB      STY &BB
     9469   85 B4      STA &B4
     946B   24 B4      BIT &B4
     946D   08         PHP
     946E   20 56 81   JSR &8156
     9471   20 38 92   JSR &9238
     9474   20 84 82   JSR &8284
     9477   B0 22      BCS &949B
     9479   A9 00      LDA #&00
     947B   28         PLP
     947C   50 01      BVC &947F
     947E   60         RTS
.findv_createfile
     947F   08         PHP
     9480   A2 07      LDX #&07
.findv_loop1
     9482   95 BC      STA &BC,X
     9484   9D 74 B9   STA &B974,X
     9487   CA         DEX
     9488   10 F8      BPL &9482
     948A   C6 BE      DEC &BE
     948C   C6 BF      DEC &BF
     948E   CE 76 B9   DEC &B976
     9491   CE 77 B9   DEC &B977
     9494   A9 40      LDA #&40
     9496   85 C3      STA &C3
     9498   20 8C 8A   JSR &8A8C
.findv_filefound
     949B   28         PLP
     949C   08         PHP
     949D   70 03      BVS &94A2
     949F   20 E6 92   JSR &92E6
.findv_readorupdate
     94A2   20 68 95   JSR &9568
     94A5   90 0E      BCC &94B5
.findv_loop2
     94A7   B9 0C BA   LDA &BA0C,Y
     94AA   10 20      BPL &94CC
     94AC   28         PLP
     94AD   08         PHP
     94AE   30 1C      BMI &94CC
     94B0   20 63 95   JSR &9563
     94B3   B0 F2      BCS &94A7
.findv_openchannel
     94B5   AC C2 B9   LDY &B9C2
     94B8   D0 1B      BNE &94D5
.errTOOMANYFILESOPEN
     94BA   20 62 80   JSR &8062
     94BD   C0
     94BE   54 6F 6F ...
     94CB   00
.errFILEOPEN
     94CC   20 62 80   JSR &8062
     94CF   C2
     94D0   4F 70 65 ...
     94D4   00
.SetupChannelInfoBlock_Yintch
     94D5   A9 08      LDA #&08
     94D7   8D C4 B9   STA &B9C4
.chnlblock_loop1
     94DA   BD 08 B7   LDA &B708,X
     94DD   99 00 BA   STA &BA00,Y
     94E0   C8         INY
     94E1   BD 08 B8   LDA &B808,X
     94E4   99 00 BA   STA &BA00,Y
     94E7   C8         INY
     94E8   E8         INX
     94E9   CE C4 B9   DEC &B9C4
     94EC   D0 EC      BNE &94DA
     94EE   A2 10      LDX #&10
     94F0   A9 00      LDA #&00
.chnlblock_loop2
     94F2   99 00 BA   STA &BA00,Y
     94F5   C8         INY
     94F6   CA         DEX
     94F7   D0 F9      BNE &94F2
     94F9   AD C2 B9   LDA &B9C2
     94FC   A8         TAY
     94FD   20 25 82   JSR &8225
     9500   69 BA      ADC #&BA
     9502   99 13 BA   STA &BA13,Y
     9505   AD C1 B9   LDA &B9C1
     9508   99 1B BA   STA &BA1B,Y
     950B   0D C0 B9   ORA &B9C0
     950E   8D C0 B9   STA &B9C0
     9511   B9 09 BA   LDA &BA09,Y
     9514   69 FF      ADC #&FF
     9516   B9 0B BA   LDA &BA0B,Y
     9519   69 00      ADC #&00
     951B   99 19 BA   STA &BA19,Y
     951E   B9 0D BA   LDA &BA0D,Y
     9521   09 0F      ORA #&0F
     9523   69 00      ADC #&00
     9525   20 1E 82   JSR &821E
     9528   99 1A BA   STA &BA1A,Y
     952B   28         PLP
     952C   50 2E      BVC &955C
     952E   30 08      BMI &9538
     9530   A9 80      LDA #&80
     9532   19 0C BA   ORA &BA0C,Y
     9535   99 0C BA   STA &BA0C,Y
.chnlblock_setEXT
     9538   B9 09 BA   LDA &BA09,Y
     953B   99 14 BA   STA &BA14,Y
     953E   B9 0B BA   LDA &BA0B,Y
     9541   99 15 BA   STA &BA15,Y
     9544   B9 0D BA   LDA &BA0D,Y
     9547   20 1E 82   JSR &821E
     954A   99 16 BA   STA &BA16,Y
.chnlblock_cont
     954D   A5 CD      LDA &CD
     954F   19 17 BA   ORA &BA17,Y
     9552   99 17 BA   STA &BA17,Y
     9555   98         TYA
     9556   20 25 82   JSR &8225
     9559   09 10      ORA #&10
     955B   60         RTS
.chnlblock_setBit5
     955C   A9 20      LDA #&20
     955E   99 17 BA   STA &BA17,Y
     9561   D0 EA      BNE &954D
.IsFileOpenContinue
     9563   8A         TXA
     9564   48         PHA
     9565   4C A7 95   JMP &95A7
.IsFileOpen_Yoffset
     9568   A9 00      LDA #&00
     956A   8D C2 B9   STA &B9C2
     956D   A9 08      LDA #&08
     956F   85 B5      STA &B5
     9571   98         TYA
     9572   AA         TAX
     9573   A0 A0      LDY #&A0
.fop_main_loop
     9575   84 B3      STY &B3
     9577   8A         TXA
     9578   48         PHA
     9579   A9 08      LDA #&08
     957B   85 B2      STA &B2
     957D   A5 B5      LDA &B5
     957F   2C C0 B9   BIT &B9C0
     9582   F0 1D      BEQ &95A1
     9584   B9 17 BA   LDA &BA17,Y
     9587   45 CD      EOR &CD
     9589   29 03      AND #&03
     958B   D0 1A      BNE &95A7
.fop_cmpfn_loop
     958D   BD 08 B7   LDA &B708,X
     9590   59 00 BA   EOR &BA00,Y
     9593   29 7F      AND #&7F
     9595   D0 10      BNE &95A7
     9597   E8         INX
     9598   C8         INY
     9599   C8         INY
     959A   C6 B2      DEC &B2
     959C   D0 EF      BNE &958D
     959E   38         SEC
     959F   B0 10      BCS &95B1
.fop_channelnotopen
     95A1   8C C2 B9   STY &B9C2
     95A4   8D C1 B9   STA &B9C1
.fop_nothisfile
     95A7   38         SEC
     95A8   A5 B3      LDA &B3
     95AA   E9 20      SBC #&20
     95AC   85 B3      STA &B3
     95AE   06 B5      ASL &B5
     95B0   18         CLC
.fop_matchifCset
     95B1   68         PLA
     95B2   AA         TAX
     95B3   A4 B3      LDY &B3
     95B5   A5 B5      LDA &B5
     95B7   B0 02      BCS &95BB
     95B9   D0 BA      BNE &9575
.fop_exit
     95BB   60         RTS
.ChannelBufferToDisk_Yhandle_A0
     95BC   20 D3 95   JSR &95D3
.ChannelBufferToDisk_Yhandle
     95BF   AD C0 B9   LDA &B9C0
     95C2   48         PHA
     95C3   98         TYA
     95C4   D0 05      BNE &95CB
     95C6   20 B6 93   JSR &93B6
     95C9   F0 03      BEQ &95CE
.chbuf1
     95CB   20 0C 94   JSR &940C
.chbuf2
     95CE   68         PLA
     95CF   8D C0 B9   STA &B9C0
     95D2   60         RTS
.ReturnWithA0
     95D3   48         PHA
     95D4   8A         TXA
     95D5   48         PHA
     95D6   A9 00      LDA #&00
     95D8   BA         TSX
     95D9   9D 09 01   STA &0109,X
     95DC   68         PLA
     95DD   AA         TAX
     95DE   68         PLA
     95DF   60         RTS
.ARGSV_ENTRY
     95E0   20 FA 83   JSR &83FA
     95E3   C9 FF      CMP #&FF
     95E5   F0 D5      BEQ &95BC
     95E7   C0 00      CPY #&00
     95E9   F0 12      BEQ &95FD
     95EB   C9 04      CMP #&04
     95ED   B0 27      BCS &9616
     95EF   20 D3 95   JSR &95D3
     95F2   C9 03      CMP #&03
     95F4   F0 47      BEQ &963D
     95F6   C9 01      CMP #&01
     95F8   D0 24      BNE &961E
     95FA   4C B9 98   JMP &98B9
.argsv_Y0
     95FD   C9 02      CMP #&02
     95FF   B0 15      BCS &9616
     9601   20 D3 95   JSR &95D3
     9604   F0 11      BEQ &9617
     9606   A9 FF      LDA #&FF
     9608   95 02      STA &02,X
     960A   95 03      STA &03,X
     960C   AD D9 B9   LDA &B9D9
     960F   95 00      STA &00,X
     9611   AD DA B9   LDA &B9DA
     9614   95 01      STA &01,X
.argsv_exit
     9616   60         RTS
.argsv_filesysnumber
     9617   A9 04      LDA #&04
     9619   BA         TSX
     961A   9D 05 01   STA &0105,X
     961D   60         RTS
.argsv_rdseqptr_or_filelen
     961E   20 0D 97   JSR &970D
     9621   8C C2 B9   STY &B9C2
     9624   0A         ASL A
     9625   6D C2 B9   ADC &B9C2
     9628   A8         TAY
     9629   B9 10 BA   LDA &BA10,Y
     962C   95 00      STA &00,X
     962E   B9 11 BA   LDA &BA11,Y
     9631   95 01      STA &01,X
     9633   B9 12 BA   LDA &BA12,Y
     9636   95 02      STA &02,X
     9638   A9 00      LDA #&00
     963A   95 03      STA &03,X
     963C   60         RTS
.argsv3
     963D   20 0D 97   JSR &970D
     9640   20 A9 98   JSR &98A9
     9643   B0 1E      BCS &9663
     9645   B9 10 BA   LDA &BA10,Y
     9648   48         PHA
     9649   B9 11 BA   LDA &BA11,Y
     964C   48         PHA
     964D   B9 12 BA   LDA &BA12,Y
     9650   48         PHA
     9651   20 C4 98   JSR &98C4
     9654   68         PLA
     9655   99 12 BA   STA &BA12,Y
     9658   68         PLA
     9659   99 11 BA   STA &BA11,Y
     965C   68         PLA
     965D   99 10 BA   STA &BA10,Y
     9660   20 02 99   JSR &9902
.truncate
     9663   B9 0C BA   LDA &BA0C,Y
     9666   30 2A      BMI &9692
     9668   19 0E BA   ORA &BA0E,Y
     966B   30 28      BMI &9695
     966D   A9 20      LDA #&20
     966F   20 78 97   JSR &9778
     9672   B5 00      LDA &00,X
     9674   99 14 BA   STA &BA14,Y
     9677   B5 01      LDA &01,X
     9679   99 15 BA   STA &BA15,Y
     967C   B5 02      LDA &02,X
     967E   99 16 BA   STA &BA16,Y
     9681   8A         TXA
     9682   48         PHA
     9683   20 2B 99   JSR &992B
     9686   68         PLA
     9687   AA         TAX
     9688   90 03      BCC &968D
     968A   20 F3 98   JSR &98F3
.dontchangeptr
     968D   A9 EF      LDA #&EF
     968F   4C 7F 97   JMP &977F
.filereadonly
     9692   4C D5 97   JMP &97D5
.filelocked
     9695   4C EB 92   JMP &92EB
.IsHndlinUse_Yintch
     9698   48         PHA
     9699   8E C5 B9   STX &B9C5
     969C   98         TYA
     969D   29 E0      AND #&E0
     969F   8D C2 B9   STA &B9C2
     96A2   F0 13      BEQ &96B7
     96A4   20 25 82   JSR &8225
     96A7   A8         TAY
     96A8   A9 00      LDA #&00
     96AA   38         SEC
.hndlinsue_loop
     96AB   6A         ROR A
     96AC   88         DEY
     96AD   D0 FC      BNE &96AB
     96AF   AC C2 B9   LDY &B9C2
     96B2   2C C0 B9   BIT &B9C0
     96B5   D0 01      BNE &96B8
.hndlinuse_notused_C1
     96B7   38         SEC
.hndlinuse_used_C0
     96B8   68         PLA
     96B9   60         RTS
.conv_Yhndl_intch_exYintch
     96BA   48         PHA
     96BB   98         TYA
.conv_hndl_X_entry
     96BC   C9 10      CMP #&10
     96BE   90 04      BCC &96C4
     96C0   C9 18      CMP #&18
     96C2   90 02      BCC &96C6
.conv_hndl10
     96C4   A9 08      LDA #&08
.conv_hndl18
     96C6   20 2B 82   JSR &822B
     96C9   A8         TAY
     96CA   68         PLA
     96CB   60         RTS
.ClearEXECSPOOLFileHandle
     96CC   A9 C6      LDA #&C6
     96CE   20 39 93   JSR &9339
     96D1   8A         TXA
     96D2   F0 09      BEQ &96DD
     96D4   20 F0 96   JSR &96F0
     96D7   D0 04      BNE &96DD
     96D9   A9 C6      LDA #&C6
     96DB   D0 0C      BNE &96E9
.ClearSpoolhandle
     96DD   A9 C7      LDA #&C7
     96DF   20 39 93   JSR &9339
     96E2   20 F0 96   JSR &96F0
     96E5   D0 11      BNE &96F8
     96E7   A9 C7      LDA #&C7
.osbyte_X0Y0
     96E9   A2 00      LDX #&00
     96EB   A0 00      LDY #&00
     96ED   4C F4 FF   JMP &FFF4
.ConvertXhndl_exYintch
     96F0   8A         TXA
     96F1   A8         TAY
     96F2   20 BA 96   JSR &96BA
     96F5   CC C2 B9   CPY &B9C2
.clrsplhndl_exit
     96F8   60         RTS
.fscv1_EOF_Yhndl
     96F9   48         PHA
     96FA   98         TYA
     96FB   48         PHA
     96FC   8A         TXA
     96FD   A8         TAY
     96FE   20 28 99   JSR &9928
     9701   D0 04      BNE &9707
     9703   A2 FF      LDX #&FF
     9705   D0 02      BNE &9709
.eof_NOTEND
     9707   A2 00      LDX #&00
.eof_exit
     9709   68         PLA
     970A   A8         TAY
     970B   68         PLA
.checkchannel_okexit
     970C   60         RTS
.CheckChannel_Yhndl_exYintch
     970D   20 BA 96   JSR &96BA
     9710   20 98 96   JSR &9698
     9713   90 F7      BCC &970C
     9715   20 CC 96   JSR &96CC
.errCHANNEL
     9718   20 62 80   JSR &8062
     971B   DE
     971C   43 68 61 ...
     9723   00
.errEOF
     9724   20 62 80   JSR &8062
     9727   DF
     9728   45 4F 46 
     972B   00
.BGETV_ENTRY
     972C   20 23 84   JSR &8423
     972F   20 28 99   JSR &9928
     9732   D0 13      BNE &9747
     9734   B9 17 BA   LDA &BA17,Y
     9737   29 10      AND #&10
     9739   D0 E9      BNE &9724
     973B   A9 10      LDA #&10
     973D   20 78 97   JSR &9778
     9740   AE C5 B9   LDX &B9C5
     9743   A9 FE      LDA #&FE
     9745   38         SEC
     9746   60         RTS
.bg_notEOF
     9747   B9 17 BA   LDA &BA17,Y
     974A   30 0A      BMI &9756
     974C   20 DE 93   JSR &93DE
     974F   20 87 97   JSR &9787
     9752   38         SEC
     9753   20 8F 97   JSR &978F
.bg_samesector1
     9756   20 44 99   JSR &9944
     9759   A1 BA      LDA (&BA,X)
     975B   18         CLC
     975C   60         RTS
.CalcBufferSectorForPTR
     975D   18         CLC
     975E   B9 0F BA   LDA &BA0F,Y
     9761   79 11 BA   ADC &BA11,Y
     9764   85 C3      STA &C3
     9766   99 1C BA   STA &BA1C,Y
     9769   B9 0D BA   LDA &BA0D,Y
     976C   29 03      AND #&03
     976E   79 12 BA   ADC &BA12,Y
     9771   85 C2      STA &C2
     9773   99 1D BA   STA &BA1D,Y
.ChannelFlags_SetBit7
     9776   A9 80      LDA #&80
.ChannelFlags_SetBits
     9778   19 17 BA   ORA &BA17,Y
     977B   D0 05      BNE &9782
.ChannelFlags_ClearBit7
     977D   A9 7F      LDA #&7F
.ChannelFlags_ClearBits
     977F   39 17 BA   AND &BA17,Y
.chnflg_save
     9782   99 17 BA   STA &BA17,Y
     9785   18         CLC
     9786   60         RTS
.ChannelBufferToDisk_Yintch
     9787   B9 17 BA   LDA &BA17,Y
     978A   29 40      AND #&40
     978C   F0 43      BEQ &97D1
     978E   18         CLC
.ChannelBufferRW_Yintch_C1read
     978F   EE DD B9   INC &B9DD
     9792   AC C2 B9   LDY &B9C2
     9795   B9 13 BA   LDA &BA13,Y
     9798   85 BD      STA &BD
     979A   A9 FF      LDA #&FF
     979C   8D 74 B9   STA &B974
     979F   8D 75 B9   STA &B975
     97A2   A9 00      LDA #&00
     97A4   85 BC      STA &BC
     97A6   85 C0      STA &C0
     97A8   A9 01      LDA #&01
     97AA   85 C1      STA &C1
     97AC   B0 17      BCS &97C5
     97AE   B9 1C BA   LDA &BA1C,Y
     97B1   85 C3      STA &C3
     97B3   B9 1D BA   LDA &BA1D,Y
     97B6   85 C2      STA &C2
     97B8   20 58 88   JSR &8858
     97BB   AC C2 B9   LDY &B9C2
     97BE   A9 BF      LDA #&BF
     97C0   20 7F 97   JSR &977F
     97C3   90 06      BCC &97CB
.chnbuf_read
     97C5   20 5D 97   JSR &975D
     97C8   20 4B 88   JSR &884B
.chnbuf_exit
     97CB   CE DD B9   DEC &B9DD
     97CE   AC C2 B9   LDY &B9C2
.chnbuf_exit2
     97D1   60         RTS
.errFILELOCKED2
     97D2   4C EB 92   JMP &92EB
.errFILEREADONLY
     97D5   20 62 80   JSR &8062
     97D8   C1
     97D9   52 65 61 ...
     97E2   00
.bput_Yintchan
     97E3   20 FA 83   JSR &83FA
     97E6   4C EF 97   JMP &97EF
.BPUTV_ENTRY
     97E9   20 FA 83   JSR &83FA
     97EC   20 0D 97   JSR &970D
.bp_entry
     97EF   48         PHA
     97F0   B9 0C BA   LDA &BA0C,Y
     97F3   30 E0      BMI &97D5
     97F5   B9 0E BA   LDA &BA0E,Y
     97F8   30 D8      BMI &97D2
     97FA   20 DE 93   JSR &93DE
     97FD   98         TYA
     97FE   18         CLC
     97FF   69 04      ADC #&04
     9801   20 2C 99   JSR &992C
     9804   D0 66      BNE &986C
     9806   20 C6 93   JSR &93C6
     9809   AE C3 B9   LDX &B9C3
     980C   38         SEC
     980D   BD 07 B8   LDA &B807,X
     9810   FD 0F B8   SBC &B80F,X
     9813   48         PHA
     9814   BD 06 B8   LDA &B806,X
     9817   FD 0E B8   SBC &B80E,X
     981A   29 03      AND #&03
     981C   D9 1A BA   CMP &BA1A,Y
     981F   D0 1F      BNE &9840
     9821   68         PLA
     9822   D9 19 BA   CMP &BA19,Y
     9825   D0 34      BNE &985B
     9827   84 B4      STY &B4
     9829   8C C2 B9   STY &B9C2
     982C   20 CC 96   JSR &96CC
.errCANTEXTEND
     982F   20 62 80   JSR &8062
     9832   BF
     9833   43 61 6E ...
     983F   00
.bp_extendby100
     9840   B9 1A BA   LDA &BA1A,Y
     9843   18         CLC
     9844   69 01      ADC #&01
     9846   99 1A BA   STA &BA1A,Y
     9849   0A         ASL A
     984A   0A         ASL A
     984B   0A         ASL A
     984C   0A         ASL A
     984D   5D 0E B8   EOR &B80E,X
     9850   29 30      AND #&30
     9852   5D 0E B8   EOR &B80E,X
     9855   9D 0E B8   STA &B80E,X
     9858   68         PLA
     9859   A9 00      LDA #&00
.bp_extendtogap
     985B   9D 0D B8   STA &B80D,X
     985E   99 19 BA   STA &BA19,Y
     9861   A9 00      LDA #&00
     9863   9D 0C B8   STA &B80C,X
     9866   20 16 A1   JSR &A116
     9869   AC C2 B9   LDY &B9C2
.bp_noextend
     986C   B9 17 BA   LDA &BA17,Y
     986F   30 16      BMI &9887
     9871   20 87 97   JSR &9787
     9874   B9 14 BA   LDA &BA14,Y
     9877   D0 0A      BNE &9883
     9879   20 2B 99   JSR &992B
     987C   D0 05      BNE &9883
     987E   20 5D 97   JSR &975D
     9881   D0 04      BNE &9887
.bp_loadbuf
     9883   38         SEC
     9884   20 8F 97   JSR &978F
.bp_savebyte
     9887   A9 40      LDA #&40
     9889   20 78 97   JSR &9778
     988C   20 44 99   JSR &9944
     988F   68         PLA
     9890   81 BA      STA (&BA,X)
     9892   20 2B 99   JSR &992B
     9895   90 11      BCC &98A8
.updext
     9897   A9 20      LDA #&20
     9899   20 78 97   JSR &9778
     989C   A2 02      LDX #&02
.bp_setextloop
     989E   B9 10 BA   LDA &BA10,Y
     98A1   99 14 BA   STA &BA14,Y
     98A4   C8         INY
     98A5   CA         DEX
     98A6   10 F6      BPL &989E
.bp_exit
     98A8   60         RTS
.cmptoEXT
     98A9   B9 14 BA   LDA &BA14,Y
     98AC   D5 00      CMP &00,X
     98AE   B9 15 BA   LDA &BA15,Y
     98B1   F5 01      SBC &01,X
     98B3   B9 16 BA   LDA &BA16,Y
     98B6   F5 02      SBC &02,X
     98B8   60         RTS
.argsv_WriteSeqPointer
     98B9   20 FA 83   JSR &83FA
     98BC   20 0D 97   JSR &970D
.wsploop
     98BF   20 A9 98   JSR &98A9
     98C2   B0 2F      BCS &98F3
.argsextendloop
     98C4   B9 14 BA   LDA &BA14,Y
     98C7   99 10 BA   STA &BA10,Y
     98CA   B9 15 BA   LDA &BA15,Y
     98CD   99 11 BA   STA &BA11,Y
     98D0   B9 16 BA   LDA &BA16,Y
     98D3   99 12 BA   STA &BA12,Y
     98D6   20 02 99   JSR &9902
     98D9   A5 B6      LDA &B6
     98DB   48         PHA
     98DC   A5 B7      LDA &B7
     98DE   48         PHA
     98DF   A5 B8      LDA &B8
     98E1   48         PHA
     98E2   A9 00      LDA #&00
     98E4   20 E3 97   JSR &97E3
     98E7   68         PLA
     98E8   85 B8      STA &B8
     98EA   68         PLA
     98EB   85 B7      STA &B7
     98ED   68         PLA
     98EE   85 B6      STA &B6
     98F0   4C BF 98   JMP &98BF
.SetSeqPointer_Yintch
     98F3   B5 00      LDA &00,X
     98F5   99 10 BA   STA &BA10,Y
     98F8   B5 01      LDA &01,X
     98FA   99 11 BA   STA &BA11,Y
     98FD   B5 02      LDA &02,X
     98FF   99 12 BA   STA &BA12,Y
.IsSeqPointerInBuffer_Yintch
     9902   A9 6F      LDA #&6F
     9904   20 7F 97   JSR &977F
     9907   B9 0F BA   LDA &BA0F,Y
     990A   79 11 BA   ADC &BA11,Y
     990D   8D C4 B9   STA &B9C4
     9910   B9 0D BA   LDA &BA0D,Y
     9913   29 03      AND #&03
     9915   79 12 BA   ADC &BA12,Y
     9918   D9 1D BA   CMP &BA1D,Y
     991B   D0 8B      BNE &98A8
     991D   AD C4 B9   LDA &B9C4
     9920   D9 1C BA   CMP &BA1C,Y
     9923   D0 83      BNE &98A8
     9925   4C 76 97   JMP &9776
.CheckChannel_Yhndl_exYintch_TYA_CmpPTR
     9928   20 0D 97   JSR &970D
.TYA_CmpPTR
     992B   98         TYA
.CmpPTR
     992C   AA         TAX
     992D   B9 12 BA   LDA &BA12,Y
     9930   DD 16 BA   CMP &BA16,X
     9933   D0 0E      BNE &9943
     9935   B9 11 BA   LDA &BA11,Y
     9938   DD 15 BA   CMP &BA15,X
     993B   D0 06      BNE &9943
     993D   B9 10 BA   LDA &BA10,Y
     9940   DD 14 BA   CMP &BA14,X
.cmpPE_exit
     9943   60         RTS
.load_then_incSeqPtr_Yintch
     9944   B9 10 BA   LDA &BA10,Y
     9947   85 BA      STA &BA
     9949   B9 13 BA   LDA &BA13,Y
     994C   85 BB      STA &BB
     994E   98         TYA
     994F   AA         TAX
     9950   FE 10 BA   INC &BA10,X
     9953   D0 0B      BNE &9960
     9955   20 7D 97   JSR &977D
     9958   FE 11 BA   INC &BA11,X
     995B   D0 03      BNE &9960
     995D   FE 12 BA   INC &BA12,X
.samesector
     9960   A2 00      LDX #&00
     9962   60         RTS
.CMD_MMFS
     9963   98         TYA
     9964   A2 00      LDX #&00
     9966   A0 14      LDY #&14
.Prthelp_Xtable
     9968   48         PHA
     9969   20 9F 80   JSR &809F
     996C   0D
Macro SYSTEM_NAME:
     996D   4D 4D 46 ...
End macro SYSTEM_NAME
     9972   20
     9973   86 BF      STX &BF
     9975   84 B7      STY &B7
     9977   A2 00      LDX #&00
.verloop
     9979   BD 24 80   LDA &8024,X
     997C   F0 06      BEQ &9984
     997E   20 E2 80   JSR &80E2
     9981   E8         INX
     9982   D0 F5      BNE &9979
.verex
     9984   A9 0D      LDA #&0D
     9986   20 E2 80   JSR &80E2
.help_dfs_loop
     9989   A9 00      LDA #&00
     998B   85 B9      STA &B9
     998D   A0 01      LDY #&01
     998F   20 41 9A   JSR &9A41
     9992   20 DC 99   JSR &99DC
     9995   20 81 83   JSR &8381
     9998   C6 B7      DEC &B7
     999A   D0 ED      BNE &9989
     999C   68         PLA
     999D   A8         TAY
.morehelp
     999E   A2 A8      LDX #&A8
     99A0   4C 33 87   JMP &8733
.CMD_DUTILS
     99A3   98         TYA
     99A4   A2 BC      LDX #&BC
     99A6   A0 09      LDY #&09
     99A8   D0 BE      BNE &9968
.CMD_UTILS
     99AA   98         TYA
     99AB   A2 76      LDX #&76
     99AD   A0 05      LDY #&05
     99AF   D0 B7      BNE &9968
.CMD_NOTHELPTBL
     99B1   20 C7 81   JSR &81C7
     99B4   F0 78      BEQ &9A2E
.cmd_nothelptlb_loop
     99B6   20 AC 81   JSR &81AC
     99B9   90 FB      BCC &99B6
     99BB   B0 E1      BCS &999E
.Param_SyntaxErrorIfNull
     99BD   20 C7 81   JSR &81C7
     99C0   F0 01      BEQ &99C3
     99C2   60         RTS
.errSYNTAX
     99C3   20 72 80   JSR &8072
     99C6   DC
     99C7   53 79 6E ...
     99CF   86 B9      STX &B9
     99D1   20 DC 99   JSR &99DC
     99D4   A9 00      LDA #&00
     99D6   20 2F 9A   JSR &9A2F
     99D9   4C 00 01   JMP &0100
.prtcmdAtBCadd1
     99DC   A9 07      LDA #&07
     99DE   85 B8      STA &B8
     99E0   A6 BF      LDX &BF
     99E2   E0 BC      CPX #&BC
     99E4   90 05      BCC &99EB
     99E6   A9 44      LDA #&44
     99E8   20 2F 9A   JSR &9A2F
.prtcmdloop
     99EB   E8         INX
     99EC   BD CE 85   LDA &85CE,X
     99EF   30 06      BMI &99F7
     99F1   20 2F 9A   JSR &9A2F
     99F4   4C EB 99   JMP &99EB
.prtcmdloop_exit
     99F7   A4 B8      LDY &B8
     99F9   30 03      BMI &99FE
     99FB   20 41 9A   JSR &9A41
.prtcmdnospcs
     99FE   86 BF      STX &BF
     9A00   BD CE 85   LDA &85CE,X
     9A03   29 7F      AND #&7F
     9A05   20 0B 9A   JSR &9A0B
     9A08   20 26 82   JSR &8226
.prtcmdparam
     9A0B   20 FA 83   JSR &83FA
     9A0E   29 0F      AND #&0F
     9A10   F0 1C      BEQ &9A2E
     9A12   A8         TAY
     9A13   A9 20      LDA #&20
     9A15   20 2F 9A   JSR &9A2F
     9A18   A2 FF      LDX #&FF
.prtcmdparam_findloop
     9A1A   E8         INX
     9A1B   BD 4E 9A   LDA &9A4E,X
     9A1E   10 FA      BPL &9A1A
     9A20   88         DEY
     9A21   D0 F7      BNE &9A1A
     9A23   29 7F      AND #&7F
.prtcmdparam_loop
     9A25   20 2F 9A   JSR &9A2F
     9A28   E8         INX
     9A29   BD 4E 9A   LDA &9A4E,X
     9A2C   10 F7      BPL &9A25
.prtcmdparamexit
     9A2E   60         RTS
.prtcmd_prtchr
     9A2F   20 FA 83   JSR &83FA
     9A32   A6 B9      LDX &B9
     9A34   F0 06      BEQ &9A3C
     9A36   E6 B9      INC &B9
     9A38   9D 00 01   STA &0100,X
     9A3B   60         RTS
.prtcmdparam_prtchr
     9A3C   C6 B8      DEC &B8
     9A3E   4C E2 80   JMP &80E2
.prtcmd_Print_Y_Spaces_IfNotErr
     9A41   A5 B9      LDA &B9
     9A43   D0 08      BNE &9A4D
     9A45   A9 20      LDA #&20
.prtcmd_yspc_loop
     9A47   20 2F 9A   JSR &9A2F
     9A4A   88         DEY
     9A4B   10 FA      BPL &9A47
.prtcmd_yspc_exit
     9A4D   60         RTS
.parametertable
     9A4E   BC
     9A4F   64 72 69 ...
     9A55   BC
     9A56   61 66 73 ...
     9A5B   A8
     9A5C   4C 29 
     9A5E   A8
     9A5F   3C 64 72 ...
     9A67   A8
     9A68   3C 64 72 ...
     9A73   A8
     9A74   3C 64 69 ...
     9A7A   BC
     9A7B   64 6F 73 ...
     9A84   BC
     9A85   66 73 70 ...
     9A89   A8
     9A8A   3C 64 6F ...
     9A95   BC
     9A96   74 69 74 ...
     9A9C   A8
     9A9D   3C 6E 75 ...
     9AA3   BC
     9AA4   73 6F 75 ...
     9AB3   BC
     9AB4   6F 6C 64 ...
     9AC6   BC
     9AC7   66 69 6C ...
     9ACE   B4
     9ACF   30 2F 38 ...
     9AD3   FF
.CMD_COMPACT
     9AD4   20 E5 8B   JSR &8BE5
     9AD7   20 9F 80   JSR &809F
     9ADA   43 6F 6D ...
     9AE6   8D D1 B9   STA &B9D1
     9AE9   8D D2 B9   STA &B9D2
     9AEC   20 09 81   JSR &8109
     9AEF   20 81 83   JSR &8381
     9AF2   A0 00      LDY #&00
     9AF4   20 0C 94   JSR &940C
     9AF7   20 23 93   JSR &9323
     9AFA   20 0F A1   JSR &A10F
     9AFD   AC 05 B8   LDY &B805
     9B00   84 CA      STY &CA
     9B02   A9 02      LDA #&02
     9B04   85 C8      STA &C8
     9B06   A9 00      LDA #&00
     9B08   85 C9      STA &C9
.compact_loop
     9B0A   A4 CA      LDY &CA
     9B0C   20 C9 82   JSR &82C9
     9B0F   C0 F8      CPY #&F8
     9B11   D0 28      BNE &9B3B
     9B13   AD 07 B8   LDA &B807
     9B16   38         SEC
     9B17   E5 C8      SBC &C8
     9B19   48         PHA
     9B1A   AD 06 B8   LDA &B806
     9B1D   29 03      AND #&03
     9B1F   E5 C9      SBC &C9
     9B21   20 09 81   JSR &8109
     9B24   68         PLA
     9B25   20 01 81   JSR &8101
     9B28   20 9F 80   JSR &809F
     9B2B   20 66 72 ...
     9B38   0D
     9B39   EA         NOP
     9B3A   60         RTS
.compact_checkfile
     9B3B   84 CA      STY &CA
     9B3D   20 4B 83   JSR &834B
     9B40   A4 CA      LDY &CA
     9B42   B9 0C B8   LDA &B80C,Y
     9B45   C9 01      CMP #&01
     9B47   A9 00      LDA #&00
     9B49   85 BC      STA &BC
     9B4B   85 C0      STA &C0
     9B4D   79 0D B8   ADC &B80D,Y
     9B50   85 C4      STA &C4
     9B52   B9 0E B8   LDA &B80E,Y
     9B55   08         PHP
     9B56   20 1E 82   JSR &821E
     9B59   28         PLP
     9B5A   69 00      ADC #&00
     9B5C   85 C5      STA &C5
     9B5E   B9 0F B8   LDA &B80F,Y
     9B61   85 C6      STA &C6
     9B63   B9 0E B8   LDA &B80E,Y
     9B66   29 03      AND #&03
     9B68   85 C7      STA &C7
     9B6A   C5 C9      CMP &C9
     9B6C   D0 14      BNE &9B82
     9B6E   A5 C6      LDA &C6
     9B70   C5 C8      CMP &C8
     9B72   D0 0E      BNE &9B82
     9B74   18         CLC
     9B75   65 C4      ADC &C4
     9B77   85 C8      STA &C8
     9B79   A5 C9      LDA &C9
     9B7B   65 C5      ADC &C5
     9B7D   85 C9      STA &C9
     9B7F   4C 9A 9B   JMP &9B9A
.compact_movefile
     9B82   A5 C8      LDA &C8
     9B84   99 0F B8   STA &B80F,Y
     9B87   B9 0E B8   LDA &B80E,Y
     9B8A   29 FC      AND #&FC
     9B8C   05 C9      ORA &C9
     9B8E   99 0E B8   STA &B80E,Y
     9B91   20 16 A1   JSR &A116
     9B94   20 21 9D   JSR &9D21
     9B97   20 04 A1   JSR &A104
.compact_fileinfo
     9B9A   A4 CA      LDY &CA
     9B9C   20 50 83   JSR &8350
     9B9F   4C 0A 9B   JMP &9B0A
.IsEnabledOrGo
     9BA2   2C C7 B9   BIT &B9C7
     9BA5   10 07      BPL &9BAE
     9BA7   20 F9 9B   JSR &9BF9
     9BAA   F0 02      BEQ &9BAE
     9BAC   68         PLA
     9BAD   68         PLA
.isgo
.isgoalready
     9BAE   60         RTS
.Get_CopyDATA_Drives
     9BAF   20 EA 8B   JSR &8BEA
     9BB2   8D D1 B9   STA &B9D1
     9BB5   20 EA 8B   JSR &8BEA
     9BB8   8D D2 B9   STA &B9D2
     9BBB   CD D1 B9   CMP &B9D1
     9BBE   F0 2E      BEQ &9BEE
     9BC0   98         TYA
     9BC1   48         PHA
     9BC2   20 23 93   JSR &9323
     9BC5   20 9F 80   JSR &809F
     9BC8   43 6F 70 ...
     9BD6   AD D1 B9   LDA &B9D1
     9BD9   20 9C 80   JSR &809C
     9BDC   20 74 6F ...
     9BE1   AD D2 B9   LDA &B9D2
     9BE4   20 09 81   JSR &8109
     9BE7   20 81 83   JSR &8381
     9BEA   68         PLA
     9BEB   A8         TAY
     9BEC   18         CLC
     9BED   60         RTS
.baddrv
     9BEE   4C FD 8B   JMP &8BFD
.ConfirmYNcolon
     9BF1   20 9F 80   JSR &809F
     9BF4   20 3A 20 
     9BF7   90 0F      BCC &9C08
.GoYN
     9BF9   20 9F 80   JSR &809F
     9BFC   47 6F 20 ...
     9C07   EA         NOP
.ConfirmYN
     9C08   20 21 9C   JSR &9C21
     9C0B   20 E0 FF   JSR &FFE0
     9C0E   B0 1D      BCS &9C2D
     9C10   29 5F      AND #&5F
     9C12   C9 59      CMP #&59
     9C14   08         PHP
     9C15   F0 02      BEQ &9C19
     9C17   A9 4E      LDA #&4E
.confYN
     9C19   20 E2 80   JSR &80E2
     9C1C   20 81 83   JSR &8381
     9C1F   28         PLP
     9C20   60         RTS
.osbyte0F_flushinbuf2
     9C21   20 FA 83   JSR &83FA
     9C24   A9 0F      LDA #&0F
     9C26   A2 01      LDX #&01
     9C28   A0 00      LDY #&00
     9C2A   4C F4 FF   JMP &FFF4
.err_ESCAPE
     9C2D   4C 7F 8C   JMP &8C7F
.err_DISKFULL2
     9C30   4C 83 8A   JMP &8A83
.CMD_BACKUP
     9C33   20 AF 9B   JSR &9BAF
     9C36   20 A2 9B   JSR &9BA2
     9C39   A9 00      LDA #&00
     9C3B   85 C7      STA &C7
     9C3D   85 C9      STA &C9
     9C3F   85 C8      STA &C8
     9C41   85 C6      STA &C6
     9C43   AD D1 B9   LDA &B9D1
     9C46   85 CD      STA &CD
     9C48   20 12 A1   JSR &A112
     9C4B   AD 07 B8   LDA &B807
     9C4E   85 C4      STA &C4
     9C50   AD 06 B8   LDA &B806
     9C53   29 03      AND #&03
     9C55   85 C5      STA &C5
     9C57   AD D2 B9   LDA &B9D2
     9C5A   85 CD      STA &CD
     9C5C   20 12 A1   JSR &A112
     9C5F   AD 06 B8   LDA &B806
     9C62   29 03      AND #&03
     9C64   C5 C5      CMP &C5
     9C66   90 C8      BCC &9C30
     9C68   D0 07      BNE &9C71
     9C6A   AD 07 B8   LDA &B807
     9C6D   C5 C4      CMP &C4
     9C6F   90 BF      BCC &9C30
.backup_copy
     9C71   20 21 9D   JSR &9D21
     9C74   20 12 A1   JSR &A112
     9C77   A2 0A      LDX #&0A
.tloop
     9C79   E0 08      CPX #&08
     9C7B   90 05      BCC &9C82
     9C7D   BD F8 B7   LDA &B7F8,X
     9C80   B0 03      BCS &9C85
.tskip1
     9C82   BD 00 B7   LDA &B700,X
.tskip2
     9C85   9D 00 B9   STA &B900,X
     9C88   CA         DEX
     9C89   10 EE      BPL &9C79
     9C8B   60         RTS
.CMD_COPY
     9C8C   20 41 92   JSR &9241
     9C8F   20 AF 9B   JSR &9BAF
     9C92   20 BD 99   JSR &99BD
     9C95   20 50 81   JSR &8150
     9C98   AD D1 B9   LDA &B9D1
     9C9B   85 CD      STA &CD
     9C9D   20 3F 82   JSR &823F
.copy_loop1
     9CA0   A5 CC      LDA &CC
     9CA2   48         PHA
     9CA3   A5 B6      LDA &B6
     9CA5   48         PHA
     9CA6   20 50 83   JSR &8350
     9CA9   A2 00      LDX #&00
.copy_loop2
     9CAB   B9 08 B7   LDA &B708,Y
     9CAE   95 C5      STA &C5,X
     9CB0   9D 50 B9   STA &B950,X
     9CB3   B9 08 B8   LDA &B808,Y
     9CB6   95 BB      STA &BB,X
     9CB8   9D 47 B9   STA &B947,X
     9CBB   E8         INX
     9CBC   C8         INY
     9CBD   E0 08      CPX #&08
     9CBF   D0 EA      BNE &9CAB
     9CC1   20 11 9D   JSR &9D11
     9CC4   AD D2 B9   LDA &B9D2
     9CC7   20 C6 8A   JSR &8AC6
     9CCA   A5 C2      LDA &C2
     9CCC   29 03      AND #&03
     9CCE   48         PHA
     9CCF   A5 C3      LDA &C3
     9CD1   48         PHA
     9CD2   20 11 9D   JSR &9D11
     9CD5   68         PLA
     9CD6   85 C8      STA &C8
     9CD8   68         PLA
     9CD9   85 C9      STA &C9
     9CDB   A5 C1      LDA &C1
     9CDD   20 1E 82   JSR &821E
     9CE0   AA         TAX
     9CE1   A5 BF      LDA &BF
     9CE3   C9 01      CMP #&01
     9CE5   A5 C0      LDA &C0
     9CE7   69 00      ADC #&00
     9CE9   85 C4      STA &C4
     9CEB   8A         TXA
     9CEC   69 00      ADC #&00
     9CEE   85 C5      STA &C5
     9CF0   A5 C2      LDA &C2
     9CF2   85 C6      STA &C6
     9CF4   A5 C1      LDA &C1
     9CF6   29 03      AND #&03
     9CF8   85 C7      STA &C7
     9CFA   20 21 9D   JSR &9D21
     9CFD   AD D1 B9   LDA &B9D1
     9D00   85 CD      STA &CD
     9D02   20 0F A1   JSR &A10F
     9D05   68         PLA
     9D06   85 B6      STA &B6
     9D08   68         PLA
     9D09   85 CC      STA &CC
     9D0B   20 8B 82   JSR &828B
     9D0E   B0 90      BCS &9CA0
     9D10   60         RTS
.cd_swapvars
     9D11   A2 11      LDX #&11
.cd_swapvars_loop
     9D13   BC 45 B9   LDY &B945,X
     9D16   B5 BA      LDA &BA,X
     9D18   94 BA      STY &BA,X
     9D1A   9D 45 B9   STA &B945,X
     9D1D   CA         DEX
     9D1E   10 F3      BPL &9D13
     9D20   60         RTS
.CopyDATABLOCK
     9D21   A9 00      LDA #&00
     9D23   85 BC      STA &BC
     9D25   85 C0      STA &C0
     9D27   AD CF B9   LDA &B9CF
     9D2A   85 BD      STA &BD
     9D2C   F0 57      BEQ &9D85
.cd_loop
     9D2E   A4 C4      LDY &C4
     9D30   CC D0 B9   CPY &B9D0
     9D33   A5 C5      LDA &C5
     9D35   E9 00      SBC #&00
     9D37   90 03      BCC &9D3C
     9D39   AC D0 B9   LDY &B9D0
.cd_part
     9D3C   84 C1      STY &C1
     9D3E   A5 C6      LDA &C6
     9D40   85 C3      STA &C3
     9D42   A5 C7      LDA &C7
     9D44   85 C2      STA &C2
     9D46   AD D1 B9   LDA &B9D1
     9D49   85 CD      STA &CD
     9D4B   20 B5 8B   JSR &8BB5
     9D4E   20 4B 88   JSR &884B
     9D51   AD D2 B9   LDA &B9D2
     9D54   85 CD      STA &CD
     9D56   A5 C8      LDA &C8
     9D58   85 C3      STA &C3
     9D5A   A5 C9      LDA &C9
     9D5C   85 C2      STA &C2
     9D5E   20 B5 8B   JSR &8BB5
     9D61   20 58 88   JSR &8858
     9D64   A5 C1      LDA &C1
     9D66   18         CLC
     9D67   65 C8      ADC &C8
     9D69   85 C8      STA &C8
     9D6B   90 02      BCC &9D6F
     9D6D   E6 C9      INC &C9
.cd_inc1
     9D6F   A5 C1      LDA &C1
     9D71   18         CLC
     9D72   65 C6      ADC &C6
     9D74   85 C6      STA &C6
     9D76   90 02      BCC &9D7A
     9D78   E6 C7      INC &C7
.cd_inc2
     9D7A   38         SEC
     9D7B   A5 C4      LDA &C4
     9D7D   E5 C1      SBC &C1
     9D7F   85 C4      STA &C4
     9D81   B0 02      BCS &9D85
     9D83   C6 C5      DEC &C5
.cd_loopentry
     9D85   A5 C4      LDA &C4
     9D87   05 C5      ORA &C5
     9D89   D0 A3      BNE &9D2E
     9D8B   60         RTS
.CMD_VERIFY
     9D8C   A9 00      LDA #&00
     9D8E   F0 02      BEQ &9D92
.CMD_FORM
     9D90   A9 FF      LDA #&FF
.vform1
     9D92   85 C9      STA &C9
     9D94   85 B2      STA &B2
     9D96   10 15      BPL &9DAD
     9D98   20 BD 99   JSR &99BD
     9D9B   20 43 84   JSR &8443
     9D9E   B0 0A      BCS &9DAA
     9DA0   86 B5      STX &B5
     9DA2   E0 28      CPX #&28
     9DA4   F0 07      BEQ &9DAD
     9DA6   E0 50      CPX #&50
     9DA8   F0 03      BEQ &9DAD
.vform2_syntax
     9DAA   4C C3 99   JMP &99C3
.vform3_ok
     9DAD   20 C7 81   JSR &81C7
     9DB0   84 CA      STY &CA
     9DB2   D0 49      BNE &9DFD
     9DB4   24 C9      BIT &C9
     9DB6   30 0B      BMI &9DC3
     9DB8   20 9F 80   JSR &809F
     9DBB   56 65 72 ...
     9DC1   90 0A      BCC &9DCD
.vform4_form
     9DC3   20 9F 80   JSR &809F
     9DC6   46 6F 72 ...
     9DCC   EA         NOP
.vform4_askdrive
     9DCD   20 9F 80   JSR &809F
     9DD0   20 77 68 ...
     9DDF   EA         NOP
     9DE0   20 E0 FF   JSR &FFE0
     9DE3   B0 31      BCS &9E16
     9DE5   C9 20      CMP #&20
     9DE7   90 30      BCC &9E19
     9DE9   20 E2 80   JSR &80E2
     9DEC   38         SEC
     9DED   E9 30      SBC #&30
     9DEF   C9 04      CMP #&04
     9DF1   B0 26      BCS &9E19
     9DF3   85 CD      STA &CD
     9DF5   20 81 83   JSR &8381
     9DF8   A4 CA      LDY &CA
     9DFA   4C 00 9E   JMP &9E00
.vform5_driveloop
     9DFD   20 ED 8B   JSR &8BED
.vform6_drivein
     9E00   84 CA      STY &CA
     9E02   24 B2      BIT &B2
     9E04   10 05      BPL &9E0B
     9E06   46 B2      LSR &B2
     9E08   20 A2 9B   JSR &9BA2
.vform7_go
     9E0B   20 1C 9E   JSR &9E1C
     9E0E   A4 CA      LDY &CA
     9E10   20 C7 81   JSR &81C7
     9E13   D0 E8      BNE &9DFD
     9E15   60         RTS
.jmp_reportEscape
     9E16   4C 7F 8C   JMP &8C7F
.jmp_errBadDrive
     9E19   4C FD 8B   JMP &8BFD
.VFCurDrv
     9E1C   24 C9      BIT &C9
     9E1E   30 0E      BMI &9E2E
     9E20   20 9F 80   JSR &809F
     9E23   56 65 72 ...
     9E2C   90 12      BCC &9E40
.vf1
     9E2E   20 9F 80   JSR &809F
     9E31   46 6F 72 ...
     9E3B   A6 CD      LDX &CD
     9E3D   8E B0 B9   STX &B9B0
.vf2
     9E40   20 9F 80   JSR &809F
     9E43   20 64 72 ...
     9E4A   A5 CD      LDA &CD
     9E4C   20 9C 80   JSR &809C
     9E4F   20 74 72 ...
     9E58   EA         NOP
     9E59   A9 63      LDA #&63
     9E5B   A2 05      LDX #&05
     9E5D   24 C9      BIT &C9
     9E5F   30 2D      BMI &9E8E
     9E61   20 12 A1   JSR &A112
     9E64   AD 06 B8   LDA &B806
     9E67   29 03      AND #&03
     9E69   AA         TAX
     9E6A   AD 07 B8   LDA &B807
     9E6D   A0 0A      LDY #&0A
     9E6F   84 B0      STY &B0
     9E71   A0 FF      LDY #&FF
.trkloop1
     9E73   38         SEC
.trkloop2
     9E74   C8         INY
     9E75   E5 B0      SBC &B0
     9E77   B0 FB      BCS &9E74
     9E79   CA         DEX
     9E7A   10 F7      BPL &9E73
     9E7C   65 B0      ADC &B0
     9E7E   48         PHA
     9E7F   98         TYA
     9E80   AA         TAX
     9E81   68         PLA
     9E82   F0 01      BEQ &9E85
     9E84   E8         INX
.trkex
     9E85   8A         TXA
     9E86   F0 41      BEQ &9EC9
     9E88   85 B5      STA &B5
     9E8A   A9 5F      LDA #&5F
     9E8C   A2 03      LDX #&03
.vf4
     9E8E   8D B6 B9   STA &B9B6
     9E91   8E B5 B9   STX &B9B5
     9E94   A9 00      LDA #&00
     9E96   85 B4      STA &B4
.vf5_trackloop
     9E98   A9 08      LDA #&08
     9E9A   20 E2 80   JSR &80E2
     9E9D   20 E2 80   JSR &80E2
     9EA0   A5 B4      LDA &B4
     9EA2   8D B7 B9   STA &B9B7
     9EA5   20 01 81   JSR &8101
     9EA8   20 49 A1   JSR &A149
     9EAB   F0 0A      BEQ &9EB7
     9EAD   48         PHA
     9EAE   A9 3F      LDA #&3F
     9EB0   20 E2 80   JSR &80E2
     9EB3   68         PLA
     9EB4   4C 6A A1   JMP &A16A
.vfx1
     9EB7   E6 B4      INC &B4
     9EB9   A5 B4      LDA &B4
     9EBB   C5 B5      CMP &B5
     9EBD   D0 D9      BNE &9E98
     9EBF   24 C9      BIT &C9
     9EC1   10 06      BPL &9EC9
     9EC3   20 CC 9E   JSR &9ECC
     9EC6   20 16 A1   JSR &A116
.vf6_exit
     9EC9   4C 81 83   JMP &8381
.ClearCatalogue
     9ECC   A0 00      LDY #&00
     9ECE   98         TYA
.ccatloop
     9ECF   99 00 B7   STA &B700,Y
     9ED2   99 00 B8   STA &B800,Y
     9ED5   C8         INY
     9ED6   D0 F7      BNE &9ECF
     9ED8   A4 B5      LDY &B5
.loop2
     9EDA   A9 0A      LDA #&0A
     9EDC   18         CLC
     9EDD   6D 07 B8   ADC &B807
     9EE0   8D 07 B8   STA &B807
     9EE3   90 03      BCC &9EE8
     9EE5   EE 06 B8   INC &B806
.label3
     9EE8   88         DEY
     9EE9   D0 EF      BNE &9EDA
     9EEB   60         RTS
.CMD_FREE
     9EEC   38         SEC
     9EED   B0 01      BCS &9EF0
.CMD_MAP
     9EEF   18         CLC
.Label_A7F7
     9EF0   66 C6      ROR &C6
     9EF2   20 E5 8B   JSR &8BE5
     9EF5   20 0F A1   JSR &A10F
     9EF8   24 C6      BIT &C6
     9EFA   30 15      BMI &9F11
     9EFC   20 BF 80   JSR &80BF
     9EFF   41 64 64 ...
     9F10   0D
.Label_A818_free
     9F11   AD 06 B8   LDA &B806
     9F14   29 03      AND #&03
     9F16   85 C5      STA &C5
     9F18   85 C2      STA &C2
     9F1A   AD 07 B8   LDA &B807
     9F1D   85 C4      STA &C4
     9F1F   38         SEC
     9F20   E9 02      SBC #&02
     9F22   85 C1      STA &C1
     9F24   B0 02      BCS &9F28
     9F26   C6 C2      DEC &C2
.Label_A82F
     9F28   A9 02      LDA #&02
     9F2A   85 BB      STA &BB
     9F2C   A9 00      LDA #&00
     9F2E   85 BC      STA &BC
     9F30   85 BF      STA &BF
     9F32   85 C0      STA &C0
     9F34   AD 05 B8   LDA &B805
     9F37   29 F8      AND #&F8
     9F39   A8         TAY
     9F3A   F0 26      BEQ &9F62
     9F3C   D0 11      BNE &9F4F
.Label_A845_fileloop
     9F3E   20 D1 9F   JSR &9FD1
     9F41   20 C9 82   JSR &82C9
     9F44   A5 C4      LDA &C4
     9F46   38         SEC
     9F47   E5 BB      SBC &BB
     9F49   A5 C5      LDA &C5
     9F4B   E5 BC      SBC &BC
     9F4D   90 13      BCC &9F62
.Label_A856_fileloop_entry
     9F4F   B9 07 B8   LDA &B807,Y
     9F52   38         SEC
     9F53   E5 BB      SBC &BB
     9F55   85 C1      STA &C1
     9F57   B9 06 B8   LDA &B806,Y
     9F5A   29 03      AND #&03
     9F5C   E5 BC      SBC &BC
     9F5E   85 C2      STA &C2
     9F60   90 DC      BCC &9F3E
.Label_A86B_nofiles
     9F62   84 BD      STY &BD
     9F64   24 C6      BIT &C6
     9F66   30 2B      BMI &9F93
     9F68   A5 C1      LDA &C1
     9F6A   05 C2      ORA &C2
     9F6C   F0 25      BEQ &9F93
     9F6E   A5 BC      LDA &BC
     9F70   20 19 81   JSR &8119
     9F73   A5 BB      LDA &BB
     9F75   20 11 81   JSR &8111
     9F78   20 BF 80   JSR &80BF
     9F7B   20 20 20 ...
     9F83   A5 C2      LDA &C2
     9F85   20 19 81   JSR &8119
     9F88   A5 C1      LDA &C1
     9F8A   20 11 81   JSR &8111
     9F8D   20 E7 FF   JSR &FFE7
     9F90   20 D1 9F   JSR &9FD1
.Label_A87A_free
     9F93   A5 C1      LDA &C1
     9F95   18         CLC
     9F96   65 BF      ADC &BF
     9F98   85 BF      STA &BF
     9F9A   A5 C2      LDA &C2
     9F9C   65 C0      ADC &C0
     9F9E   85 C0      STA &C0
     9FA0   A4 BD      LDY &BD
     9FA2   D0 9A      BNE &9F3E
     9FA4   24 C6      BIT &C6
     9FA6   10 28      BPL &9FD0
     9FA8   A8         TAY
     9FA9   A6 BF      LDX &BF
     9FAB   A9 F8      LDA #&F8
     9FAD   38         SEC
     9FAE   ED 05 B8   SBC &B805
     9FB1   20 FB 9F   JSR &9FFB
     9FB4   46 72 65 ...
     9FB8   0D
     9FB9   A5 C4      LDA &C4
     9FBB   38         SEC
     9FBC   E5 BF      SBC &BF
     9FBE   AA         TAX
     9FBF   A5 C5      LDA &C5
     9FC1   E5 C0      SBC &C0
     9FC3   A8         TAY
     9FC4   AD 05 B8   LDA &B805
     9FC7   20 FB 9F   JSR &9FFB
     9FCA   55 73 65 ...
     9FCE   0D
     9FCF   EA         NOP
.Label_A8BD_rst
     9FD0   60         RTS
.Sub_A8E2_nextblock
     9FD1   B9 06 B8   LDA &B806,Y
     9FD4   48         PHA
     9FD5   20 1E 82   JSR &821E
     9FD8   85 BC      STA &BC
     9FDA   68         PLA
     9FDB   29 03      AND #&03
     9FDD   18         CLC
     9FDE   65 BC      ADC &BC
     9FE0   85 BC      STA &BC
     9FE2   B9 04 B8   LDA &B804,Y
     9FE5   C9 01      CMP #&01
     9FE7   A9 00      LDA #&00
     9FE9   79 05 B8   ADC &B805,Y
     9FEC   90 02      BCC &9FF0
     9FEE   E6 BC      INC &BC
.Label_A902
     9FF0   18         CLC
     9FF1   79 07 B8   ADC &B807,Y
     9FF4   85 BB      STA &BB
     9FF6   90 02      BCC &9FFA
     9FF8   E6 BC      INC &BC
.Label_A90C
     9FFA   60         RTS
.Sub_A90D_freeinfo
     9FFB   4A         LSR A
     9FFC   4A         LSR A
     9FFD   4A         LSR A
     9FFE   20 0E 81   JSR &810E
     A001   20 BF 80   JSR &80BF
     A004   20 46 69 ...
     A00B   86 BC      STX &BC
     A00D   84 BD      STY &BD
     A00F   98         TYA
     A010   20 19 81   JSR &8119
     A013   8A         TXA
     A014   20 11 81   JSR &8111
     A017   20 BF 80   JSR &80BF
     A01A   20 53 65 ...
     A023   A9 00      LDA #&00
     A025   85 BB      STA &BB
     A027   85 BE      STA &BE
     A029   A2 1F      LDX #&1F
     A02B   86 C1      STX &C1
     A02D   A2 09      LDX #&09
.Label_A941_loop1
     A02F   9D 00 B9   STA &B900,X
     A032   CA         DEX
     A033   10 FA      BPL &A02F
.Label_A947_loop2
     A035   06 BB      ASL &BB
     A037   26 BC      ROL &BC
     A039   26 BD      ROL &BD
     A03B   26 BE      ROL &BE
     A03D   A2 00      LDX #&00
     A03F   A0 09      LDY #&09
.Label_A953_loop3
     A041   BD 00 B9   LDA &B900,X
     A044   2A         ROL A
     A045   C9 0A      CMP #&0A
     A047   90 02      BCC &A04B
     A049   E9 0A      SBC #&0A
.Label_A95D
     A04B   9D 00 B9   STA &B900,X
     A04E   E8         INX
     A04F   88         DEY
     A050   10 EF      BPL &A041
     A052   C6 C1      DEC &C1
     A054   10 DF      BPL &A035
     A056   A0 20      LDY #&20
     A058   A2 05      LDX #&05
.Label_A96C_loop4
     A05A   D0 02      BNE &A05E
     A05C   A0 2C      LDY #&2C
.Label_A970
     A05E   BD 00 B9   LDA &B900,X
     A061   D0 07      BNE &A06A
     A063   C0 2C      CPY #&2C
     A065   F0 03      BEQ &A06A
     A067   98         TYA
     A068   D0 04      BNE &A06E
.Label_A97D
     A06A   A0 2C      LDY #&2C
     A06C   09 30      ORA #&30
.Label_A982
     A06E   20 EE FF   JSR &FFEE
     A071   E0 03      CPX #&03
     A073   D0 04      BNE &A079
     A075   98         TYA
     A076   20 EE FF   JSR &FFEE
.Label_A98D
     A079   CA         DEX
     A07A   10 DE      BPL &A05A
     A07C   20 BF 80   JSR &80BF
     A07F   20 42 79 ...
     A086   EA         NOP
     A087   4C BF 80   JMP &80BF
.CalculateCRC7
     A08A   A0 0F      LDY #&0F
     A08C   A9 00      LDA #&00
.c7loop1
     A08E   59 E0 B9   EOR &B9E0,Y
     A091   0A         ASL A
     A092   A2 07      LDX #&07
.c7loop2
     A094   90 02      BCC &A098
     A096   49 12      EOR #&12
.c7b7z1
     A098   0A         ASL A
     A099   CA         DEX
     A09A   D0 F8      BNE &A094
     A09C   90 02      BCC &A0A0
     A09E   49 12      EOR #&12
.c7b7z2
     A0A0   88         DEY
     A0A1   10 EB      BPL &A08E
     A0A3   09 01      ORA #&01
     A0A5   60         RTS
.CheckCRC7
     A0A6   20 FA 83   JSR &83FA
     A0A9   20 8A A0   JSR &A08A
     A0AC   CD F0 B9   CMP &B9F0
     A0AF   D0 01      BNE &A0B2
     A0B1   60         RTS
.errBadSum
     A0B2   20 58 80   JSR &8058
     A0B5   FF
     A0B6   53 75 6D 
     A0B9   00
.ResetCRC7
     A0BA   20 FA 83   JSR &83FA
     A0BD   20 8A A0   JSR &A08A
     A0C0   8D F0 B9   STA &B9F0
     A0C3   18         CLC
     A0C4   60         RTS
.CheckForException
     A0C5   AD 74 B9   LDA &B974
     A0C8   2D 75 B9   AND &B975
     A0CB   0D D6 B9   ORA &B9D6
     A0CE   49 FF      EOR #&FF
     A0D0   D0 1E      BNE &A0F0
     A0D2   A5 C2      LDA &C2
     A0D4   29 30      AND #&30
     A0D6   D0 19      BNE &A0F1
     A0D8   A5 C1      LDA &C1
     A0DA   30 15      BMI &A0F1
     A0DC   18         CLC
     A0DD   A5 BC      LDA &BC
     A0DF   65 C0      ADC &C0
     A0E1   AA         TAX
     A0E2   A5 BD      LDA &BD
     A0E4   30 0B      BMI &A0F1
     A0E6   65 C1      ADC &C1
     A0E8   10 06      BPL &A0F0
     A0EA   0A         ASL A
     A0EB   D0 04      BNE &A0F1
     A0ED   8A         TXA
     A0EE   D0 01      BNE &A0F1
.noexception
     A0F0   60         RTS
.errException
     A0F1   20 72 80   JSR &8072
     A0F4   FF
     A0F5   4E 6F 74 ...
     A100   00
.Set_CurDirDrv_ToDefaults_CheckCurDrvCat
     A101   20 D8 8B   JSR &8BD8
.CheckCurDrvCat
     A104   AD 82 B9   LDA &B982
     A107   C5 CD      CMP &CD
     A109   D0 07      BNE &A112
     A10B   60         RTS
.Set_CurDirDrv_ToDefaults_and_load
     A10C   20 D8 8B   JSR &8BD8
.LoadCurDrvCat2
     A10F   20 FA 83   JSR &83FA
.LoadCurDrvCat
     A112   A9 53      LDA #&53
     A114   D0 0D      BNE &A123
.SaveCatToDisk
     A116   AD 04 B8   LDA &B804
     A119   18         CLC
     A11A   F8         SED
     A11B   69 01      ADC #&01
     A11D   8D 04 B8   STA &B804
     A120   D8         CLD
     A121   A9 4B      LDA #&4B
.exec_cat_rw
     A123   48         PHA
     A124   A5 CD      LDA &CD
     A126   A2 00      LDX #&00
.loop
     A128   9D B0 B9   STA &B9B0,X
     A12B   BD 40 A1   LDA &A140,X
     A12E   E8         INX
     A12F   E0 0A      CPX #&0A
     A131   D0 F5      BNE &A128
     A133   68         PLA
     A134   8D B6 B9   STA &B9B6
     A137   20 67 A1   JSR &A167
     A13A   A5 CD      LDA &CD
     A13C   8D 82 B9   STA &B982
     A13F   60         RTS
.datax
     A140   00
     A141   B7
     A142   FF
     A143   FF
     A144   03
     A145   53
     A146   00
     A147   00
     A148   22
.OW7F_Execute
     A149   A5 B0      LDA &B0
     A14B   48         PHA
     A14C   A5 B1      LDA &B1
     A14E   48         PHA
     A14F   A9 B0      LDA #&B0
     A151   85 B0      STA &B0
     A153   A9 B9      LDA #&B9
     A155   85 B1      STA &B1
     A157   20 B6 AE   JSR &AEB6
     A15A   68         PLA
     A15B   85 B1      STA &B1
     A15D   68         PLA
     A15E   85 B0      STA &B0
     A160   AE B5 B9   LDX &B9B5
     A163   BD B7 B9   LDA &B9B7,X
     A166   60         RTS
.OW7F_Execute_and_ReportIfDiskFault
     A167   20 49 A1   JSR &A149
.ReportIfDiskFault
     A16A   D0 01      BNE &A16D
     A16C   60         RTS
.l0
     A16D   C9 10      CMP #&10
     A16F   D0 10      BNE &A181
     A171   20 62 80   JSR &8062
     A174   C7
     A175   44 72 69 ...
     A180   00
.l1
     A181   C9 12      CMP #&12
     A183   D0 0E      BNE &A193
     A185   20 4D 80   JSR &804D
     A188   C9
     A189   72 65 61 ...
     A192   00
.l2
     A193   A5 CD      LDA &CD
     A195   8D B0 B9   STA &B9B0
     A198   A2 06      LDX #&06
.loop1
     A19A   BD F6 A1   LDA &A1F6,X
     A19D   9D B1 B9   STA &B9B1,X
     A1A0   CA         DEX
     A1A1   10 F7      BPL &A19A
     A1A3   20 49 A1   JSR &A149
     A1A6   48         PHA
     A1A7   A5 CD      LDA &CD
     A1A9   29 02      AND #&02
     A1AB   0A         ASL A
     A1AC   0A         ASL A
     A1AD   69 12      ADC #&12
     A1AF   8D B7 B9   STA &B9B7
     A1B2   20 49 A1   JSR &A149
     A1B5   48         PHA
     A1B6   20 4D 80   JSR &804D
     A1B9   00         BRK
     A1BA   EA         NOP
     A1BB   20 79 80   JSR &8079
     A1BE   C7
     A1BF   73 65 63 ...
     A1D3   EA         NOP
     A1D4   A9 3A      LDA #&3A
     A1D6   20 B1 AE   JSR &AEB1
     A1D9   A5 CD      LDA &CD
     A1DB   20 97 8C   JSR &8C97
     A1DE   A9 20      LDA #&20
     A1E0   20 B1 AE   JSR &AEB1
     A1E3   68         PLA
     A1E4   20 8F 8C   JSR &8C8F
     A1E7   A9 2F      LDA #&2F
     A1E9   20 B1 AE   JSR &AEB1
     A1EC   68         PLA
     A1ED   20 8F 8C   JSR &8C8F
     A1F0   20 79 80   JSR &8079
     A1F3   C7
     A1F4   00
     A1F5   EA         NOP
.spec
     A1F6   00
     A1F7   00
     A1F8   00
     A1F9   00
     A1FA   01
     A1FB   7D
     A1FC   06
.bcd_inc16_zp_x_A8
     A1FD   A2 A8      LDX #&A8
.bcd_inc16_zp_x
     A1FF   F8         SED
     A200   18         CLC
     A201   B5 00      LDA &00,X
     A203   69 01      ADC #&01
     A205   95 00      STA &00,X
     A207   B5 01      LDA &01,X
     A209   69 00      ADC #&00
     A20B   95 01      STA &01,X
     A20D   D8         CLD
     A20E   60         RTS
Including file MMC_Pi1MHz.asm
.MMC_DEVICE_RESET
     A20F   A9 00      LDA #&00
     A211   8D A6 FC   STA &FCA6
     A214   A0 F0      LDY #&F0
     A216   8C A7 FC   STY &FCA7
     A219   A2 FF      LDX #&FF
     A21B   8E A8 FC   STX &FCA8
     A21E   8D A9 FC   STA &FCA9
     A221   8D A9 FC   STA &FCA9
     A224   8D A9 FC   STA &FCA9
     A227   8D A9 FC   STA &FCA9
     A22A   8D A9 FC   STA &FCA9
     A22D   A0 E0      LDY #&E0
     A22F   8C A9 FC   STY &FCA9
     A232   8E A9 FC   STX &FCA9
     A235   8D A9 FC   STA &FCA9
     A238   A0 0C      LDY #&0C
     A23A   8C A6 FC   STY &FCA6
     A23D   A0 01      LDY #&01
     A23F   8C A9 FC   STY &FCA9
     A242   8D A9 FC   STA &FCA9
     A245   8D A9 FC   STA &FCA9
     A248   8D A9 FC   STA &FCA9
     A24B   60         RTS
.MMC_16Clocks
     A24C   60         RTS
.MMC_Clocks
     A24D   F0 07      BEQ &A256
.count
     A24F   AD A9 FC   LDA &FCA9
     A252   88         DEY
     A253   D0 FA      BNE &A24F
     A255   60         RTS
.skip_sector
.MMC_ReadBuffer
.MMC_WriteBuffer
     A256   A9 E1      LDA #&E1
     A258   8D A7 FC   STA &FCA7
     A25B   60         RTS
.MMC_DoCommand
     A25C   AD 88 B9   LDA &B988
     A25F   C9 51      CMP #&51
     A261   D0 43      BNE &A2A6
.setup_read_buffer
     A263   A9 00      LDA #&00
.setup_buffer
     A265   A2 00      LDX #&00
     A267   8E A6 FC   STX &FCA6
     A26A   A0 F0      LDY #&F0
     A26C   8C A7 FC   STY &FCA7
     A26F   A2 FF      LDX #&FF
     A271   8E A8 FC   STX &FCA8
     A274   8D A9 FC   STA &FCA9
     A277   A2 08      LDX #&08
     A279   8E A6 FC   STX &FCA6
     A27C   AE 8C B9   LDX &B98C
     A27F   8E A9 FC   STX &FCA9
     A282   AE 8B B9   LDX &B98B
     A285   8E A9 FC   STX &FCA9
     A288   AE 8A B9   LDX &B98A
     A28B   8E A9 FC   STX &FCA9
     A28E   AE 89 B9   LDX &B989
     A291   8E A9 FC   STX &FCA9
     A294   90 03      BCC &A299
     A296   8C AA FC   STY &FCAA
.skip
     A299   A2 E0      LDX #&E0
     A29B   8E A7 FC   STX &FCA7
     A29E   A9 00      LDA #&00
     A2A0   8D A6 FC   STA &FCA6
.MMC_send_cid
.MMC_send_op
.MMC_set_blk_size
.MMC_return
     A2A3   A9 00      LDA #&00
.dbgMmc
     A2A5   60         RTS
.notareadcommand
     A2A6   A9 01      LDA #&01
     A2A8   18         CLC
     A2A9   90 BA      BCC &A265
.MMC_EndWrite
     A2AB   A9 F0      LDA #&F0
     A2AD   8D AA FC   STA &FCAA
     A2B0   EA         NOP
.MMC_WaitForData
.loop
     A2B1   AD AA FC   LDA &FCAA
     A2B4   30 FB      BMI &A2B1
     A2B6   A9 E0      LDA #&E0
     A2B8   8D A7 FC   STA &FCA7
     A2BB   A9 00      LDA #&00
     A2BD   8D A6 FC   STA &FCA6
     A2C0   60         RTS
.MMC_Read256
     A2C1   AC AE B9   LDY &B9AE
     A2C4   D0 09      BNE &A2CF
.rdl1
     A2C6   AD A9 FC   LDA &FCA9
     A2C9   91 BC      STA (&BC),Y
     A2CB   C8         INY
     A2CC   D0 F8      BNE &A2C6
     A2CE   60         RTS
.rdlT20
     A2CF   A2 00      LDX #&00
     A2D1   F0 11      BEQ &A2E4
.MMC_ReadBLS
     A2D3   A6 C6      LDX &C6
     A2D5   AC AE B9   LDY &B9AE
     A2D8   D0 0A      BNE &A2E4
.rdl2
     A2DA   AD A9 FC   LDA &FCA9
     A2DD   91 BC      STA (&BC),Y
     A2DF   C8         INY
     A2E0   CA         DEX
     A2E1   D0 F7      BNE &A2DA
     A2E3   60         RTS
.rdlT1
.rdlT2
.rdlT3
     A2E4   AD A9 FC   LDA &FCA9
     A2E7   8D E5 FE   STA &FEE5
     A2EA   20 F5 A2   JSR &A2F5
     A2ED   20 F5 A2   JSR &A2F5
     A2F0   EA         NOP
     A2F1   CA         DEX
     A2F2   D0 F0      BNE &A2E4
     A2F4   60         RTS
.donothing16cycles
     A2F5   EA         NOP
.donothing14cycles
     A2F6   EA         NOP
.MMC_SendingData
.donothing
     A2F7   60         RTS
.MMC_Write256
     A2F8   AC AE B9   LDY &B9AE
     A2FB   D0 09      BNE &A306
.wr1
     A2FD   B1 BC      LDA (&BC),Y
     A2FF   8D A9 FC   STA &FCA9
     A302   C8         INY
     A303   D0 F8      BNE &A2FD
     A305   60         RTS
.wrT1
     A306   A0 00      LDY #&00
.wrT2
     A308   AD E5 FE   LDA &FEE5
     A30B   8D A9 FC   STA &FCA9
     A30E   20 F5 A2   JSR &A2F5
     A311   20 F5 A2   JSR &A2F5
     A314   EA         NOP
     A315   C8         INY
     A316   D0 F0      BNE &A308
     A318   60         RTS
Processed file 'MMC_Pi1MHz.asm' ok
.errWrite2
     A319   98         TYA
     A31A   20 73 AE   JSR &AE73
     A31D   57 72 69 ...
     A332   00
Including file MMC.asm
.MMC_INIT
     A333   A9 01      LDA #&01
     A335   8D DE B9   STA &B9DE
     A338   A9 40      LDA #&40
     A33A   8D AF B9   STA &B9AF
     A33D   20 45 80   JSR &8045
     A340   18         CLC
     A341   60         RTS
.MMC_GetCIDCRC
     A342   A9 AA      LDA #&AA
     A344   A8         TAY
     A345   60         RTS
.MMC_SetupWrite
     A346   A9 58      LDA #&58
     A348   D0 02      BNE &A34C
.MMC_SetupRead
     A34A   A9 51      LDA #&51
.setuprw
     A34C   8D 88 B9   STA &B988
.setCommandAddress
.setCommandAddressSDHC
     A34F   A9 00      LDA #&00
     A351   8D 89 B9   STA &B989
     A354   A5 C0      LDA &C0
     A356   4A         LSR A
     A357   8D 8A B9   STA &B98A
     A35A   A5 BF      LDA &BF
     A35C   6A         ROR A
     A35D   8D 8B B9   STA &B98B
     A360   A5 BE      LDA &BE
     A362   6A         ROR A
     A363   8D 8C B9   STA &B98C
     A366   60         RTS
.MMC_StartRead
     A367   20 5C A2   JSR &A25C
     A36A   D0 03      BNE &A36F
     A36C   4C B1 A2   JMP &A2B1
.errRead
     A36F   20 73 AE   JSR &AE73
     A372   52 65 61 ...
     A37D   00
.MMC_StartWrite
     A37E   20 5C A2   JSR &A25C
     A381   D0 03      BNE &A386
     A383   4C F7 A2   JMP &A2F7
.errWrite
     A386   20 73 AE   JSR &AE73
     A389   57 72 69 ...
     A395   00
.SetupCatRW
     A396   20 3B 80   JSR &803B
     A399   A9 00      LDA #&00
     A39B   8D AE B9   STA &B9AE
     A39E   85 BC      STA &BC
     A3A0   A9 B7      LDA #&B7
     A3A2   85 BD      STA &BD
     A3A4   60         RTS
.MMC_ReadCatalogue
     A3A5   20 96 A3   JSR &A396
     A3A8   20 4A A3   JSR &A34A
     A3AB   20 67 A3   JSR &A367
     A3AE   20 C1 A2   JSR &A2C1
     A3B1   E6 BD      INC &BD
     A3B3   20 C1 A2   JSR &A2C1
     A3B6   20 4C A2   JSR &A24C
     A3B9   4C 45 80   JMP &8045
.MMC_WriteCatalogue
     A3BC   20 96 A3   JSR &A396
     A3BF   20 46 A3   JSR &A346
     A3C2   20 7E A3   JSR &A37E
     A3C5   20 F8 A2   JSR &A2F8
     A3C8   E6 BD      INC &BD
     A3CA   20 F8 A2   JSR &A2F8
     A3CD   20 AB A2   JSR &A2AB
     A3D0   4C 45 80   JMP &8045
.MMC_RWBlock_CheckIfToTube
     A3D3   48         PHA
     A3D4   AD AC B9   LDA &B9AC
     A3D7   2D AD B9   AND &B9AD
     A3DA   0D D6 B9   ORA &B9D6
     A3DD   49 FF      EOR #&FF
     A3DF   8D AE B9   STA &B9AE
     A3E2   38         SEC
     A3E3   F0 0D      BEQ &A3F2
     A3E5   20 64 8C   JSR &8C64
     A3E8   A2 AA      LDX #&AA
     A3EA   A0 B9      LDY #&B9
     A3EC   68         PLA
     A3ED   48         PHA
     A3EE   20 06 04   JSR &0406
     A3F1   18         CLC
.notTube
     A3F2   68         PLA
     A3F3   60         RTS
.MMC_ReadBlock
     A3F4   4E A6 B9   LSR &B9A6
     A3F7   20 3B 80   JSR &803B
     A3FA   20 04 A4   JSR &A404
     A3FD   4C 45 80   JMP &8045
.rb_err
     A400   6E A6 B9   ROR &B9A6
.rb1_exit
     A403   60         RTS
.rdblk
     A404   A6 C4      LDX &C4
     A406   D0 04      BNE &A40C
     A408   A5 C5      LDA &C5
     A40A   F0 F7      BEQ &A403
.rb1
     A40C   A9 01      LDA #&01
     A40E   20 D3 A3   JSR &A3D3
     A411   A6 C4      LDX &C4
     A413   66 BE      ROR &BE
     A415   66 C1      ROR &C1
     A417   10 07      BPL &A420
     A419   E8         INX
     A41A   86 C4      STX &C4
     A41C   D0 02      BNE &A420
     A41E   E6 C5      INC &C5
.rb2
     A420   06 BE      ASL &BE
     A422   20 4A A3   JSR &A34A
     A425   A5 C5      LDA &C5
     A427   D0 0E      BNE &A437
     A429   A6 C4      LDX &C4
     A42B   E0 03      CPX #&03
     A42D   B0 08      BCS &A437
.rb4_loop
     A42F   A5 C6      LDA &C6
     A431   D0 47      BNE &A47A
     A433   E0 01      CPX #&01
     A435   F0 3A      BEQ &A471
.rb3
     A437   24 C1      BIT &C1
     A439   10 0D      BPL &A448
     A43B   20 67 A3   JSR &A367
     A43E   A0 00      LDY #&00
     A440   84 C1      STY &C1
     A442   20 4D A2   JSR &A24D
     A445   4C 50 A4   JMP &A450
.rb6_loop
     A448   20 67 A3   JSR &A367
     A44B   20 C1 A2   JSR &A2C1
     A44E   E6 BD      INC &BD
.rb7
     A450   20 C1 A2   JSR &A2C1
     A453   E6 BD      INC &BD
     A455   20 4C A2   JSR &A24C
     A458   20 53 A5   JSR &A553
     A45B   F0 A6      BEQ &A403
     A45D   20 07 AE   JSR &AE07
     A460   B0 9E      BCS &A400
     A462   20 4A A3   JSR &A34A
     A465   A6 C4      LDX &C4
     A467   A5 C5      LDA &C5
     A469   D0 DD      BNE &A448
     A46B   E0 03      CPX #&03
     A46D   B0 D9      BCS &A448
     A46F   90 BE      BCC &A42F
.rb9
     A471   20 67 A3   JSR &A367
     A474   20 C1 A2   JSR &A2C1
     A477   4C A1 A4   JMP &A4A1
.rb5
     A47A   20 67 A3   JSR &A367
     A47D   24 C1      BIT &C1
     A47F   10 08      BPL &A489
     A481   A0 00      LDY #&00
     A483   20 4D A2   JSR &A24D
     A486   4C 92 A4   JMP &A492
.rbx1
     A489   C6 C4      DEC &C4
     A48B   F0 05      BEQ &A492
     A48D   20 C1 A2   JSR &A2C1
     A490   E6 BD      INC &BD
.rbx2
     A492   20 D3 A2   JSR &A2D3
     A495   98         TYA
     A496   49 FF      EOR #&FF
     A498   A8         TAY
     A499   C8         INY
     A49A   20 4D A2   JSR &A24D
     A49D   A5 C4      LDA &C4
     A49F   D0 05      BNE &A4A6
.rbx4
     A4A1   A0 00      LDY #&00
     A4A3   20 4D A2   JSR &A24D
.rbx3
     A4A6   4C 4C A2   JMP &A24C
.wb1_exit
     A4A9   60         RTS
.MMC_WriteBlock
     A4AA   4E A6 B9   LSR &B9A6
     A4AD   20 3B 80   JSR &803B
     A4B0   20 B6 A4   JSR &A4B6
     A4B3   4C 45 80   JMP &8045
.wrblk
     A4B6   A6 C4      LDX &C4
     A4B8   D0 04      BNE &A4BE
     A4BA   A5 C5      LDA &C5
     A4BC   F0 EB      BEQ &A4A9
.wb1
     A4BE   A9 00      LDA #&00
     A4C0   20 D3 A3   JSR &A3D3
     A4C3   A6 C4      LDX &C4
     A4C5   66 BE      ROR &BE
     A4C7   6A         ROR A
     A4C8   06 BE      ASL &BE
     A4CA   48         PHA
     A4CB   20 46 A3   JSR &A346
     A4CE   68         PLA
     A4CF   10 37      BPL &A508
     A4D1   A9 51      LDA #&51
     A4D3   8D 88 B9   STA &B988
     A4D6   20 67 A3   JSR &A367
     A4D9   20 56 A2   JSR &A256
     A4DC   A0 00      LDY #&00
     A4DE   20 4D A2   JSR &A24D
     A4E1   A0 02      LDY #&02
     A4E3   20 4D A2   JSR &A24D
     A4E6   A9 58      LDA #&58
     A4E8   8D 88 B9   STA &B988
     A4EB   20 7E A3   JSR &A37E
     A4EE   20 56 A2   JSR &A256
     A4F1   20 F8 A2   JSR &A2F8
     A4F4   20 AB A2   JSR &A2AB
     A4F7   A9 FF      LDA #&FF
     A4F9   20 55 A5   JSR &A555
     A4FC   F0 AB      BEQ &A4A9
     A4FE   E6 BD      INC &BD
.wb4
     A500   20 07 AE   JSR &AE07
     A503   B0 4A      BCS &A54F
     A505   20 46 A3   JSR &A346
.wb2
     A508   A5 C5      LDA &C5
     A50A   D0 2D      BNE &A539
     A50C   A6 C4      LDX &C4
     A50E   F0 3E      BEQ &A54E
     A510   CA         DEX
     A511   D0 26      BNE &A539
     A513   A9 51      LDA #&51
     A515   8D 88 B9   STA &B988
     A518   20 67 A3   JSR &A367
     A51B   A0 00      LDY #&00
     A51D   20 4D A2   JSR &A24D
     A520   20 56 A2   JSR &A256
     A523   A0 02      LDY #&02
     A525   20 4D A2   JSR &A24D
     A528   A9 58      LDA #&58
     A52A   8D 88 B9   STA &B988
     A52D   20 7E A3   JSR &A37E
     A530   20 F8 A2   JSR &A2F8
     A533   20 56 A2   JSR &A256
     A536   4C AB A2   JMP &A2AB
.wb3
     A539   20 7E A3   JSR &A37E
     A53C   20 F8 A2   JSR &A2F8
     A53F   E6 BD      INC &BD
     A541   20 F8 A2   JSR &A2F8
     A544   E6 BD      INC &BD
     A546   20 AB A2   JSR &A2AB
     A549   20 53 A5   JSR &A553
     A54C   D0 B2      BNE &A500
.wb5
     A54E   60         RTS
.wb_err
     A54F   6E A6 B9   ROR &B9A6
     A552   60         RTS
.dec_seccountby2
     A553   A9 FE      LDA #&FE
.dec_seccount
     A555   18         CLC
     A556   65 C4      ADC &C4
     A558   85 C4      STA &C4
     A55A   AA         TAX
     A55B   A9 FF      LDA #&FF
     A55D   65 C5      ADC &C5
     A55F   85 C5      STA &C5
     A561   05 C4      ORA &C4
     A563   60         RTS
.MMC_BEGIN2
     A564   20 FA 83   JSR &83FA
     A567   20 6D A5   JSR &A56D
     A56A   4C C0 A5   JMP &A5C0
.MMC_BEGIN1
     A56D   A2 0F      LDX #&0F
.begloop1
     A56F   B5 BC      LDA &BC,X
     A571   9D 90 B9   STA &B990,X
     A574   CA         DEX
     A575   10 F8      BPL &A56F
     A577   20 0F A2   JSR &A20F
     A57A   2C AF B9   BIT &B9AF
     A57D   50 01      BVC &A580
     A57F   60         RTS
.begX
     A580   20 33 A3   JSR &A333
     A583   B0 06      BCS &A58B
     A585   20 95 A5   JSR &A595
     A588   4C 51 A6   JMP &A651
.carderr
     A58B   20 72 80   JSR &8072
     A58E   FF
     A58F   43 61 72 ...
     A594   00
.MMC_CheckCardID
     A595   20 A6 A0   JSR &A0A6
     A598   AD E4 B9   LDA &B9E4
     A59B   F0 0D      BEQ &A5AA
     A59D   20 42 A3   JSR &A342
     A5A0   CD EF B9   CMP &B9EF
     A5A3   D0 06      BNE &A5AB
     A5A5   CC EE B9   CPY &B9EE
     A5A8   D0 01      BNE &A5AB
.cid_x
     A5AA   60         RTS
.errCardChanged
     A5AB   A9 00      LDA #&00
     A5AD   8D AF B9   STA &B9AF
     A5B0   20 72 80   JSR &8072
     A5B3   FF
     A5B4   57 72 6F ...
     A5BF   00
.MMC_END
     A5C0   A2 0F      LDX #&0F
.eloop0
     A5C2   BD 90 B9   LDA &B990,X
     A5C5   95 BC      STA &BC,X
     A5C7   CA         DEX
     A5C8   10 F8      BPL &A5C2
     A5CA   60         RTS
Processed file 'MMC.asm' ok
.CMD_DABOUT
     A5CB   A2 00      LDX #&00
.loop
     A5CD   BD 09 80   LDA &8009,X
     A5D0   D0 02      BNE &A5D4
     A5D2   A9 0D      LDA #&0D
.print
     A5D4   20 E3 FF   JSR &FFE3
     A5D7   E8         INX
     A5D8   E0 2F      CPX #&2F
     A5DA   D0 F1      BNE &A5CD
     A5DC   60         RTS
Including file MM32.asm
.mm32_cmd_dbug
.l1
     A5DD   20 9F 80   JSR &809F
     A5E0   46 41 54 ...
     A5E9   A0 00      LDY #&00
     A5EB   20 27 A6   JSR &A627
     A5EE   20 9F 80   JSR &809F
     A5F1   44 41 54 ...
     A5FA   A0 02      LDY #&02
     A5FC   20 27 A6   JSR &A627
     A5FF   20 9F 80   JSR &809F
     A602   43 4C 55 ...
     A60B   A0 04      LDY #&04
     A60D   20 2D A6   JSR &A62D
     A610   A2 00      LDX #&00
.loop
     A612   8A         TXA
     A613   20 01 81   JSR &8101
     A616   A9 3A      LDA #&3A
     A618   20 EE FF   JSR &FFEE
     A61B   20 36 A6   JSR &A636
     A61E   20 E7 FF   JSR &FFE7
     A621   E8         INX
     A622   E0 03      CPX #&03
     A624   D0 EC      BNE &A612
     A626   60         RTS
.phex2
     A627   B9 E1 B9   LDA &B9E1,Y
     A62A   20 01 81   JSR &8101
.phex1
     A62D   B9 E0 B9   LDA &B9E0,Y
     A630   20 01 81   JSR &8101
     A633   4C E7 FF   JMP &FFE7
.mm32_pclust
     A636   BD EB B9   LDA &B9EB,X
     A639   20 01 81   JSR &8101
     A63C   BD E8 B9   LDA &B9E8,X
     A63F   20 01 81   JSR &8101
     A642   BD E5 B9   LDA &B9E5,X
     A645   20 01 81   JSR &8101
     A648   60         RTS
.mm32_readblock
     A649   A9 FF      LDA #&FF
     A64B   8D 82 B9   STA &B982
     A64E   4C A5 A3   JMP &A3A5
.mm32_init_dos
     A651   20 A6 A0   JSR &A0A6
     A654   AD E4 B9   LDA &B9E4
     A657   F0 01      BEQ &A65A
     A659   60         RTS
.init
     A65A   20 E1 A6   JSR &A6E1
     A65D   90 71      BCC &A6D0
     A65F   AD 0C B7   LDA &B70C
     A662   C9 02      CMP #&02
     A664   D0 6A      BNE &A6D0
     A666   4D 2C B7   EOR &B72C
     A669   0D 26 B7   ORA &B726
     A66C   D0 62      BNE &A6D0
     A66E   AD 25 B7   LDA &B725
     A671   4A         LSR A
     A672   F0 5C      BEQ &A6D0
     A674   AD 0D B7   LDA &B70D
     A677   85 CB      STA &CB
     A679   A5 C7      LDA &C7
     A67B   A4 C8      LDY &C8
     A67D   18         CLC
     A67E   6D 0E B7   ADC &B70E
     A681   AA         TAX
     A682   98         TYA
     A683   6D 0F B7   ADC &B70F
     A686   B0 48      BCS &A6D0
     A688   86 C7      STX &C7
     A68A   85 C8      STA &C8
.loop1
     A68C   A8         TAY
     A68D   8A         TXA
     A68E   6D 24 B7   ADC &B724
     A691   AA         TAX
     A692   98         TYA
     A693   6D 25 B7   ADC &B725
     A696   B0 38      BCS &A6D0
     A698   CE 10 B7   DEC &B710
     A69B   D0 EF      BNE &A68C
     A69D   A8         TAY
     A69E   0E 0D B7   ASL &B70D
     A6A1   8A         TXA
     A6A2   38         SEC
     A6A3   ED 0D B7   SBC &B70D
     A6A6   85 C9      STA &C9
     A6A8   98         TYA
     A6A9   E9 00      SBC #&00
     A6AB   85 CA      STA &CA
     A6AD   20 A6 A0   JSR &A0A6
     A6B0   20 42 A3   JSR &A342
     A6B3   8D EF B9   STA &B9EF
     A6B6   8C EE B9   STY &B9EE
     A6B9   A0 05      LDY #&05
.loop2
     A6BB   B9 C6 00   LDA &00C6,Y
     A6BE   99 DF B9   STA &B9DF,Y
     A6C1   88         DEY
     A6C2   D0 F7      BNE &A6BB
     A6C4   98         TYA
     A6C5   A0 08      LDY #&08
.loop3
     A6C7   99 E5 B9   STA &B9E5,Y
     A6CA   88         DEY
     A6CB   10 FA      BPL &A6C7
     A6CD   4C BA A0   JMP &A0BA
.faterr
     A6D0   20 72 80   JSR &8072
     A6D3   FF
     A6D4   43 61 72 ...
     A6E0   00
.read_VBR
     A6E1   A9 00      LDA #&00
     A6E3   85 C7      STA &C7
     A6E5   85 C8      STA &C8
     A6E7   85 BE      STA &BE
     A6E9   85 BF      STA &BF
     A6EB   85 C0      STA &C0
     A6ED   20 22 A7   JSR &A722
     A6F0   90 41      BCC &A733
     A6F2   AD 00 B7   LDA &B700
     A6F5   C9 EB      CMP #&EB
     A6F7   D0 0E      BNE &A707
     A6F9   AD 02 B7   LDA &B702
     A6FC   C9 90      CMP #&90
     A6FE   D0 07      BNE &A707
     A700   AD 0C B7   LDA &B70C
     A703   C9 02      CMP #&02
     A705   F0 2C      BEQ &A733
.mbr
     A707   AD C6 B8   LDA &B8C6
     A70A   85 C7      STA &C7
     A70C   85 BE      STA &BE
     A70E   AD C7 B8   LDA &B8C7
     A711   85 C8      STA &C8
     A713   85 BF      STA &BF
     A715   AD C8 B8   LDA &B8C8
     A718   0D C9 B8   ORA &B8C9
     A71B   D0 17      BNE &A734
     A71D   85 C0      STA &C0
     A71F   20 6C AE   JSR &AE6C
.isfat
     A722   20 49 A6   JSR &A649
     A725   AD FE B8   LDA &B8FE
     A728   C9 55      CMP #&55
     A72A   D0 08      BNE &A734
     A72C   AD FF B8   LDA &B8FF
     A72F   C9 AA      CMP #&AA
     A731   D0 01      BNE &A734
.ifx
     A733   60         RTS
.bad
     A734   18         CLC
     A735   60         RTS
.mm32_SECT_X_First
     A736   B9 E5 B9   LDA &B9E5,Y
     A739   85 C8      STA &C8
     A73B   B9 E8 B9   LDA &B9E8,Y
     A73E   85 C9      STA &C9
     A740   B9 EB B9   LDA &B9EB,Y
     A743   85 C2      STA &C2
     A745   29 3F      AND #&3F
     A747   85 CA      STA &CA
     A749   05 C8      ORA &C8
     A74B   05 C9      ORA &C9
     A74D   D0 0C      BNE &A75B
     A74F   C0 02      CPY #&02
     A751   F0 04      BEQ &A757
     A753   24 C2      BIT &C2
     A755   10 0F      BPL &A766
.l1
     A757   A9 02      LDA #&02
     A759   85 C8      STA &C8
.l2
     A75B   AD E4 B9   LDA &B9E4
     A75E   85 CB      STA &CB
     A760   A9 00      LDA #&00
     A762   85 CE      STA &CE
     A764   B8         CLV
     A765   60         RTS
.l3
     A766   2C 69 A7   BIT &A769
.l4
     A769   60         RTS
.mm32_SECT_X_Next
     A76A   C6 CB      DEC &CB
     A76C   F0 02      BEQ &A770
     A76E   18         CLC
     A76F   60         RTS
.l1
     A770   20 79 A7   JSR &A779
     A773   AD E4 B9   LDA &B9E4
     A776   85 CB      STA &CB
     A778   60         RTS
.next_cluster
     A779   20 23 84   JSR &8423
     A77C   C6 CE      DEC &CE
     A77E   10 1D      BPL &A79D
     A780   AD AE B9   LDA &B9AE
     A783   48         PHA
     A784   A5 BC      LDA &BC
     A786   48         PHA
     A787   A5 BD      LDA &BD
     A789   48         PHA
     A78A   A5 C6      LDA &C6
     A78C   48         PHA
     A78D   20 C0 A7   JSR &A7C0
     A790   68         PLA
     A791   85 C6      STA &C6
     A793   68         PLA
     A794   85 BD      STA &BD
     A796   68         PLA
     A797   85 BC      STA &BC
     A799   68         PLA
     A79A   8D AE B9   STA &B9AE
.l1
     A79D   18         CLC
     A79E   A5 CE      LDA &CE
     A7A0   F0 12      BEQ &A7B4
     A7A2   E6 C8      INC &C8
     A7A4   D0 0D      BNE &A7B3
     A7A6   E6 C9      INC &C9
     A7A8   D0 09      BNE &A7B3
     A7AA   E6 CA      INC &CA
.l2
     A7AC   A5 CA      LDA &CA
     A7AE   29 C0      AND #&C0
     A7B0   F0 01      BEQ &A7B3
     A7B2   38         SEC
.l3
     A7B3   60         RTS
.l4
     A7B4   A2 02      LDX #&02
.loop1
     A7B6   BD A0 B9   LDA &B9A0,X
     A7B9   95 C8      STA &C8,X
     A7BB   CA         DEX
     A7BC   10 F8      BPL &A7B6
     A7BE   30 EC      BMI &A7AC
.read_fat
     A7C0   A5 C8      LDA &C8
     A7C2   0A         ASL A
     A7C3   85 CB      STA &CB
     A7C5   A5 C9      LDA &C9
     A7C7   2A         ROL A
     A7C8   A8         TAY
     A7C9   A5 CA      LDA &CA
     A7CB   2A         ROL A
     A7CC   AA         TAX
     A7CD   98         TYA
     A7CE   6D E0 B9   ADC &B9E0
     A7D1   85 BE      STA &BE
     A7D3   8A         TXA
     A7D4   6D E1 B9   ADC &B9E1
     A7D7   85 BF      STA &BF
     A7D9   A9 00      LDA #&00
     A7DB   8D AE B9   STA &B9AE
     A7DE   85 C0      STA &C0
     A7E0   20 6C AE   JSR &AE6C
     A7E3   20 3B 80   JSR &803B
     A7E6   20 4A A3   JSR &A34A
     A7E9   20 67 A3   JSR &A367
     A7EC   A9 A0      LDA #&A0
     A7EE   85 BC      STA &BC
     A7F0   A9 B9      LDA #&B9
     A7F2   85 BD      STA &BD
     A7F4   A5 CB      LDA &CB
     A7F6   20 3F A8   JSR &A83F
.loop1
     A7F9   E6 CE      INC &CE
     A7FB   A9 04      LDA #&04
     A7FD   85 C6      STA &C6
     A7FF   20 D3 A2   JSR &A2D3
     A802   E6 CB      INC &CB
     A804   E6 CB      INC &CB
     A806   F0 31      BEQ &A839
     A808   38         SEC
     A809   AD A2 B9   LDA &B9A2
     A80C   29 C0      AND #&C0
     A80E   0D A3 B9   ORA &B9A3
     A811   D0 1B      BNE &A82E
     A813   AD A0 B9   LDA &B9A0
     A816   E5 C8      SBC &C8
     A818   A8         TAY
     A819   AD A1 B9   LDA &B9A1
     A81C   E5 C9      SBC &C9
     A81E   D0 11      BNE &A831
     A820   AD A2 B9   LDA &B9A2
     A823   E5 CA      SBC &CA
     A825   D0 0A      BNE &A831
     A827   88         DEY
     A828   C4 CE      CPY &CE
     A82A   F0 CD      BEQ &A7F9
     A82C   D0 03      BNE &A831
.l2
     A82E   6E A2 B9   ROR &B9A2
.l3
     A831   38         SEC
     A832   A9 00      LDA #&00
     A834   E5 CB      SBC &CB
     A836   20 3F A8   JSR &A83F
.l4
     A839   20 4C A2   JSR &A24C
     A83C   4C 45 80   JMP &8045
.clocks
     A83F   0A         ASL A
     A840   48         PHA
     A841   90 05      BCC &A848
     A843   A0 00      LDY #&00
     A845   20 4D A2   JSR &A24D
.l1
     A848   68         PLA
     A849   F0 04      BEQ &A84F
     A84B   A8         TAY
     A84C   4C 4D A2   JMP &A24D
.l2
     A84F   60         RTS
.mm32_Scan_Dir
     A850   A0 02      LDY #&02
     A852   20 36 A7   JSR &A736
.loop1
     A855   20 2E AE   JSR &AE2E
     A858   B0 0F      BCS &A869
     A85A   20 49 A6   JSR &A649
     A85D   20 6A A8   JSR &A86A
     A860   90 07      BCC &A869
     A862   F0 05      BEQ &A869
     A864   20 6A A7   JSR &A76A
     A867   90 EC      BCC &A855
.exit
     A869   60         RTS
.scan_block
     A86A   A9 00      LDA #&00
     A86C   85 AB      STA &AB
     A86E   85 B0      STA &B0
     A870   A9 B7      LDA #&B7
.loop1
     A872   85 B1      STA &B1
.loop2
     A874   A0 00      LDY #&00
     A876   B1 B0      LDA (&B0),Y
     A878   F0 75      BEQ &A8EF
     A87A   30 5F      BMI &A8DB
     A87C   C9 21      CMP #&21
     A87E   90 5B      BCC &A8DB
     A880   A0 15      LDY #&15
     A882   B1 B0      LDA (&B0),Y
     A884   29 0F      AND #&0F
     A886   D0 53      BNE &A8DB
     A888   88         DEY
     A889   B1 B0      LDA (&B0),Y
     A88B   29 F0      AND #&F0
     A88D   D0 4C      BNE &A8DB
     A88F   A0 0B      LDY #&0B
     A891   B1 B0      LDA (&B0),Y
     A893   29 0E      AND #&0E
     A895   D0 44      BNE &A8DB
     A897   B1 B0      LDA (&B0),Y
     A899   4A         LSR A
     A89A   29 08      AND #&08
     A89C   85 B8      STA &B8
     A89E   F0 04      BEQ &A8A4
     A8A0   A9 80      LDA #&80
     A8A2   D0 0C      BNE &A8B0
.l1
     A8A4   24 B2      BIT &B2
     A8A6   30 33      BMI &A8DB
     A8A8   6A         ROR A
     A8A9   85 B9      STA &B9
     A8AB   20 C8 A9   JSR &A9C8
     A8AE   05 B9      ORA &B9
.l2
     A8B0   85 B9      STA &B9
     A8B2   20 58 A9   JSR &A958
     A8B5   20 F5 A9   JSR &A9F5
     A8B8   B0 21      BCS &A8DB
     A8BA   A5 AA      LDA &AA
     A8BC   F0 14      BEQ &A8D2
     A8BE   C9 03      CMP #&03
     A8C0   D0 03      BNE &A8C5
     A8C2   4C 24 A9   JMP &A924
.lock_or_unlock
     A8C5   C9 02      CMP #&02
     A8C7   F0 06      BEQ &A8CF
     A8C9   20 13 A9   JSR &A913
     A8CC   4C D2 A8   JMP &A8D2
.lock
     A8CF   20 02 A9   JSR &A902
.s1
     A8D2   24 B7      BIT &B7
     A8D4   30 02      BMI &A8D8
     A8D6   18         CLC
     A8D7   60         RTS
.logging
     A8D8   20 83 A9   JSR &A983
.skip
     A8DB   20 7B 8C   JSR &8C7B
     A8DE   18         CLC
     A8DF   A5 B0      LDA &B0
     A8E1   69 20      ADC #&20
     A8E3   85 B0      STA &B0
     A8E5   90 8D      BCC &A874
     A8E7   A5 B1      LDA &B1
     A8E9   69 00      ADC #&00
     A8EB   C9 B8      CMP #&B8
     A8ED   F0 83      BEQ &A872
.exit
     A8EF   08         PHP
     A8F0   48         PHA
     A8F1   A5 AB      LDA &AB
     A8F3   C9 FF      CMP #&FF
     A8F5   D0 03      BNE &A8FA
     A8F7   20 BC A3   JSR &A3BC
.nowrite
     A8FA   A0 00      LDY #&00
     A8FC   84 AB      STY &AB
     A8FE   68         PLA
     A8FF   28         PLP
     A900   38         SEC
     A901   60         RTS
.lock_fat_file
     A902   A9 80      LDA #&80
     A904   85 B9      STA &B9
     A906   A0 0B      LDY #&0B
     A908   B1 B0      LDA (&B0),Y
     A90A   09 01      ORA #&01
     A90C   91 B0      STA (&B0),Y
     A90E   A9 FF      LDA #&FF
     A910   85 AB      STA &AB
     A912   60         RTS
.unlock_fat_file
     A913   A9 00      LDA #&00
     A915   85 B9      STA &B9
     A917   A0 0B      LDY #&0B
     A919   B1 B0      LDA (&B0),Y
     A91B   29 FE      AND #&FE
     A91D   91 B0      STA (&B0),Y
     A91F   A9 FF      LDA #&FF
     A921   85 AB      STA &AB
     A923   60         RTS
.rename_fat_file
     A924   A2 21      LDX #&21
     A926   A0 00      LDY #&00
     A928   A9 2E      LDA #&2E
     A92A   85 BA      STA &BA
     A92C   A9 08      LDA #&08
     A92E   20 37 A9   JSR &A937
     A931   A9 02      LDA #&02
     A933   85 BA      STA &BA
     A935   A9 0B      LDA #&0B
.copy_and_pad_with_spaces
     A937   85 BB      STA &BB
.loop
     A939   BD 00 B9   LDA &B900,X
     A93C   E8         INX
     A93D   C5 BA      CMP &BA
     A93F   F0 0E      BEQ &A94F
     A941   C4 BB      CPY &BB
     A943   F0 F4      BEQ &A939
     A945   91 B0      STA (&B0),Y
     A947   C8         INY
     A948   D0 EF      BNE &A939
.padloop
     A94A   A9 20      LDA #&20
     A94C   91 B0      STA (&B0),Y
     A94E   C8         INY
.pad
     A94F   C4 BB      CPY &BB
     A951   D0 F7      BNE &A94A
     A953   20 BC A3   JSR &A3BC
     A956   18         CLC
     A957   60         RTS
.copy_name
     A958   A2 01      LDX #&01
     A95A   A0 00      LDY #&00
.loop1
     A95C   B1 B0      LDA (&B0),Y
     A95E   C9 21      CMP #&21
     A960   90 04      BCC &A966
     A962   9D 00 B9   STA &B900,X
     A965   E8         INX
.l1
     A966   C8         INY
     A967   C0 08      CPY #&08
     A969   D0 06      BNE &A971
.l11
     A96B   A9 2E      LDA #&2E
     A96D   9D 00 B9   STA &B900,X
     A970   E8         INX
.l2
     A971   C0 0B      CPY #&0B
     A973   D0 E7      BNE &A95C
.l3
     A975   A9 02      LDA #&02
     A977   8D 00 B9   STA &B900
     A97A   9D 00 B9   STA &B900,X
     A97D   A9 00      LDA #&00
     A97F   9D 01 B9   STA &B901,X
     A982   60         RTS
.print_dir_entry
     A983   A2 03      LDX #&03
     A985   20 C1 A9   JSR &A9C1
     A988   A2 20      LDX #&20
     A98A   A5 B8      LDA &B8
     A98C   F0 02      BEQ &A990
     A98E   A2 2F      LDX #&2F
.l99
     A990   8A         TXA
     A991   A0 01      LDY #&01
     A993   A2 0E      LDX #&0E
.loop1
     A995   20 E2 80   JSR &80E2
     A998   B9 00 B9   LDA &B900,Y
     A99B   C9 20      CMP #&20
     A99D   90 11      BCC &A9B0
     A99F   C9 2E      CMP #&2E
     A9A1   F0 04      BEQ &A9A7
.l0
     A9A3   CA         DEX
     A9A4   C8         INY
     A9A5   D0 EE      BNE &A995
.l1
     A9A7   B9 01 B9   LDA &B901,Y
     A9AA   C9 20      CMP #&20
     A9AC   A9 2E      LDA #&2E
     A9AE   B0 F3      BCS &A9A3
.lx
     A9B0   20 C1 A9   JSR &A9C1
     A9B3   A9 4C      LDA #&4C
     A9B5   24 B9      BIT &B9
     A9B7   30 02      BMI &A9BB
     A9B9   A9 20      LDA #&20
.l00
     A9BB   20 E2 80   JSR &80E2
     A9BE   4C D9 80   JMP &80D9
.lspc
     A9C1   20 D9 80   JSR &80D9
     A9C4   CA         DEX
     A9C5   D0 FA      BNE &A9C1
     A9C7   60         RTS
.is_XSD
     A9C8   A0 0B      LDY #&0B
     A9CA   B1 B0      LDA (&B0),Y
     A9CC   29 10      AND #&10
     A9CE   D0 19      BNE &A9E9
     A9D0   A2 FF      LDX #&FF
.loop1
     A9D2   A0 08      LDY #&08
     A9D4   18         CLC
.loop2
     A9D5   E8         INX
     A9D6   BD EC A9   LDA &A9EC,X
     A9D9   30 0A      BMI &A9E5
     A9DB   F0 0C      BEQ &A9E9
     A9DD   51 B0      EOR (&B0),Y
     A9DF   F0 01      BEQ &A9E2
     A9E1   38         SEC
.x1
     A9E2   C8         INY
     A9E3   D0 F0      BNE &A9D5
.x2
     A9E5   B0 EB      BCS &A9D2
     A9E7   0A         ASL A
     A9E8   60         RTS
.l2
     A9E9   A9 80      LDA #&80
     A9EB   60         RTS
.ext_table
     A9EC   53 53 44 
     A9EF   80
     A9F0   44 53 44 
     A9F3   A0
     A9F4   00         BRK
.dir_match
     A9F5   A2 0F      LDX #&0F
     A9F7   A0 00      LDY #&00
.l00
     A9F9   E8         INX
     A9FA   86 BA      STX &BA
.l0
     A9FC   84 BB      STY &BB
.l1
     A9FE   BD 00 B9   LDA &B900,X
     AA01   F0 19      BEQ &AA1C
     AA03   C9 01      CMP #&01
     AA05   F0 F2      BEQ &A9F9
     AA07   B9 00 B9   LDA &B900,Y
     AA0A   F0 11      BEQ &AA1D
     AA0C   DD 00 B9   CMP &B900,X
     AA0F   D0 04      BNE &AA15
     AA11   C8         INY
     AA12   E8         INX
     AA13   D0 E9      BNE &A9FE
.l2
     AA15   A6 BA      LDX &BA
     AA17   A4 BB      LDY &BB
     AA19   C8         INY
     AA1A   D0 E0      BNE &A9FC
.ex1
     AA1C   18         CLC
.ex2
     AA1D   60         RTS
.mm32_param_count
     AA1E   A9 00      LDA #&00
.mm32_param_count_a
     AA20   48         PHA
     AA21   98         TYA
     AA22   48         PHA
     AA23   A2 00      LDX #&00
.loop1
     AA25   20 C7 81   JSR &81C7
     AA28   F0 08      BEQ &AA32
     AA2A   E8         INX
.loop2
     AA2B   20 AC 81   JSR &81AC
     AA2E   90 FB      BCC &AA2B
     AA30   B0 F3      BCS &AA25
.l1
     AA32   68         PLA
     AA33   A8         TAY
     AA34   68         PLA
     AA35   10 03      BPL &AA3A
     AA37   CA         DEX
     AA38   30 0A      BMI &AA44
.l2
     AA3A   E0 01      CPX #&01
     AA3C   F0 05      BEQ &AA43
     AA3E   B0 04      BCS &AA44
     AA40   6A         ROR A
     AA41   B0 01      BCS &AA44
.l3
     AA43   60         RTS
.err
     AA44   4C C3 99   JMP &99C3
.mm32_param_drive
     AA47   90 10      BCC &AA59
     AA49   20 C7 81   JSR &81C7
     AA4C   20 ED 8B   JSR &8BED
     AA4F   20 AC 81   JSR &81AC
     AA52   A5 CD      LDA &CD
     AA54   B0 06      BCS &AA5C
     AA56   4C FD 8B   JMP &8BFD
.l1
     AA59   AD CA B9   LDA &B9CA
.l2
     AA5C   29 01      AND #&01
     AA5E   85 CD      STA &CD
     AA60   60         RTS
.mm32_param_filename
     AA61   66 B7      ROR &B7
     AA63   A2 01      LDX #&01
     AA65   86 B2      STX &B2
     AA67   86 B3      STX &B3
     AA69   86 B4      STX &B4
     AA6B   86 B5      STX &B5
     AA6D   20 C7 81   JSR &81C7
     AA70   F0 48      BEQ &AABA
.loop1
     AA72   20 AC 81   JSR &81AC
     AA75   B0 43      BCS &AABA
     AA77   C9 2F      CMP #&2F
     AA79   D0 09      BNE &AA84
     AA7B   66 B2      ROR &B2
     AA7D   D0 F3      BNE &AA72
.loop2
     AA7F   20 AC 81   JSR &81AC
     AA82   B0 36      BCS &AABA
.l0
     AA84   24 B7      BIT &B7
     AA86   10 0E      BPL &AA96
     AA88   C9 2A      CMP #&2A
     AA8A   D0 0A      BNE &AA96
     AA8C   24 B3      BIT &B3
     AA8E   30 EF      BMI &AA7F
     AA90   66 B3      ROR &B3
     AA92   A9 01      LDA #&01
     AA94   D0 1B      BNE &AAB1
.l1
     AA96   46 B3      LSR &B3
     AA98   C9 2E      CMP #&2E
     AA9A   D0 08      BNE &AAA4
     AA9C   24 B5      BIT &B5
     AA9E   10 11      BPL &AAB1
     AAA0   66 B4      ROR &B4
     AAA2   30 0D      BMI &AAB1
.l2
     AAA4   38         SEC
     AAA5   66 B5      ROR &B5
     AAA7   C9 61      CMP #&61
     AAA9   90 06      BCC &AAB1
     AAAB   C9 7B      CMP #&7B
     AAAD   B0 02      BCS &AAB1
     AAAF   49 20      EOR #&20
.l3
     AAB1   9D 10 B9   STA &B910,X
     AAB4   E8         INX
     AAB5   E0 10      CPX #&10
     AAB7   D0 C6      BNE &AA7F
     AAB9   60         RTS
.exloop
     AABA   CA         DEX
     AABB   F0 18      BEQ &AAD5
     AABD   24 B7      BIT &B7
     AABF   30 0A      BMI &AACB
     AAC1   24 B4      BIT &B4
     AAC3   30 06      BMI &AACB
     AAC5   A9 2E      LDA #&2E
     AAC7   9D 11 B9   STA &B911,X
     AACA   E8         INX
.lx1
     AACB   A9 02      LDA #&02
     AACD   8D 10 B9   STA &B910
     AAD0   E8         INX
     AAD1   9D 10 B9   STA &B910,X
     AAD4   E8         INX
.lx2
     AAD5   A9 00      LDA #&00
     AAD7   9D 10 B9   STA &B910,X
     AADA   AD 10 B9   LDA &B910
     AADD   18         CLC
     AADE   60         RTS
.mm32_swap_str_16_32
     AADF   A2 10      LDX #&10
.loop
     AAE1   BD 0F B9   LDA &B90F,X
     AAE4   48         PHA
     AAE5   BD 1F B9   LDA &B91F,X
     AAE8   9D 0F B9   STA &B90F,X
     AAEB   68         PLA
     AAEC   9D 1F B9   STA &B91F,X
     AAEF   CA         DEX
     AAF0   D0 EF      BNE &AAE1
     AAF2   60         RTS
.mm32_cmd_dcat
     AAF3   20 1E AA   JSR &AA1E
     AAF6   38         SEC
     AAF7   20 61 AA   JSR &AA61
     AAFA   A9 00      LDA #&00
     AAFC   85 AA      STA &AA
     AAFE   20 50 A8   JSR &A850
     AB01   A9 86      LDA #&86
     AB03   20 F4 FF   JSR &FFF4
     AB06   E0 00      CPX #&00
     AB08   F0 03      BEQ &AB0D
     AB0A   20 81 83   JSR &8381
.dcEven
     AB0D   60         RTS
.mm32_cmd_dboot
     AB0E   A9 00      LDA #&00
     AB10   85 CD      STA &CD
     AB12   20 1E AA   JSR &AA1E
     AB15   B0 11      BCS &AB28
     AB17   A2 00      LDX #&00
.loop
     AB19   BD 35 AB   LDA &AB35,X
     AB1C   9D 10 B9   STA &B910,X
     AB1F   F0 03      BEQ &AB24
     AB21   E8         INX
     AB22   D0 F5      BNE &AB19
.l1
     AB24   85 B7      STA &B7
     AB26   85 B2      STA &B2
.l2
     AB28   A9 00      LDA #&00
     AB2A   20 AE AB   JSR &ABAE
     AB2D   90 01      BCC &AB30
     AB2F   60         RTS
.l3
     AB30   A9 00      LDA #&00
     AB32   4C DE 8C   JMP &8CDE
.bootdisk
     AB35   02
     AB36   42 4F 4F ...
     AB3B   02
     AB3C   00
.mm32_cmd_din
     AB3D   A9 80      LDA #&80
     AB3F   20 20 AA   JSR &AA20
     AB42   20 47 AA   JSR &AA47
     AB45   A9 00      LDA #&00
     AB47   4C AD AB   JMP &ABAD
.mm32_cmd_autoload
     AB4A   A2 00      LDX #&00
     AB4C   86 CD      STX &CD
.loop
     AB4E   BD 64 AB   LDA &AB64,X
     AB51   9D 10 B9   STA &B910,X
     AB54   F0 03      BEQ &AB59
     AB56   E8         INX
     AB57   D0 F5      BNE &AB4E
.l1
     AB59   85 B7      STA &B7
     AB5B   85 B2      STA &B2
     AB5D   18         CLC
     AB5E   A9 02      LDA #&02
     AB60   4C AE AB   JMP &ABAE
     AB63   60         RTS
.bootdisk
     AB64   02
     AB65   42 4F 4F ...
     AB6A   02
     AB6B   00
.mm32_add_ssd_ext
     AB6C   A0 01      LDY #&01
.l0
     AB6E   B9 10 B9   LDA &B910,Y
     AB71   C8         INY
     AB72   C9 2E      CMP #&2E
     AB74   D0 F8      BNE &AB6E
.s1
     AB76   A9 53      LDA #&53
     AB78   99 10 B9   STA &B910,Y
     AB7B   99 11 B9   STA &B911,Y
     AB7E   A9 44      LDA #&44
     AB80   99 12 B9   STA &B912,Y
     AB83   A9 02      LDA #&02
     AB85   99 13 B9   STA &B913,Y
     AB88   A9 00      LDA #&00
     AB8A   99 14 B9   STA &B914,Y
     AB8D   60         RTS
.mm32_upd_dsktbl
     AB8E   A2 00      LDX #&00
     AB90   A5 CD      LDA &CD
     AB92   0A         ASL A
     AB93   0A         ASL A
     AB94   0A         ASL A
     AB95   0A         ASL A
     AB96   A8         TAY
.l0
     AB97   BD 10 B9   LDA &B910,X
     AB9A   99 C0 BA   STA &BAC0,Y
     AB9D   E8         INX
     AB9E   C8         INY
     AB9F   E0 10      CPX #&10
     ABA1   D0 F4      BNE &AB97
     ABA3   60         RTS
.mm32_cmd_ddir
     ABA4   20 1E AA   JSR &AA1E
     ABA7   A9 02      LDA #&02
     ABA9   85 CD      STA &CD
     ABAB   A9 01      LDA #&01
.mm32_chain_open
     ABAD   38         SEC
.mm32_chain_open2
     ABAE   48         PHA
     ABAF   90 08      BCC &ABB9
     ABB1   18         CLC
     ABB2   20 61 AA   JSR &AA61
     ABB5   B0 33      BCS &ABEA
     ABB7   F0 65      BEQ &AC1E
.l0
     ABB9   A5 CD      LDA &CD
     ABBB   C9 02      CMP #&02
     ABBD   66 B2      ROR &B2
     ABBF   A9 00      LDA #&00
     ABC1   85 AA      STA &AA
     ABC3   20 50 A8   JSR &A850
     ABC6   90 2C      BCC &ABF4
     ABC8   68         PLA
     ABC9   48         PHA
     ABCA   29 01      AND #&01
     ABCC   D0 1C      BNE &ABEA
     ABCE   20 6C AB   JSR &AB6C
     ABD1   20 50 A8   JSR &A850
     ABD4   90 1E      BCC &ABF4
.mm32_change_ext_dsd
     ABD6   A0 01      LDY #&01
.l0
     ABD8   B9 10 B9   LDA &B910,Y
     ABDB   C8         INY
     ABDC   C9 2E      CMP #&2E
     ABDE   D0 F8      BNE &ABD8
.s1
     ABE0   A9 44      LDA #&44
     ABE2   99 10 B9   STA &B910,Y
     ABE5   20 50 A8   JSR &A850
     ABE8   90 0A      BCC &ABF4
.notfound
     ABEA   68         PLA
     ABEB   29 02      AND #&02
     ABED   F0 02      BEQ &ABF1
     ABEF   38         SEC
     ABF0   60         RTS
.notautoload
     ABF1   4C 44 82   JMP &8244
.found
     ABF4   68         PLA
     ABF5   48         PHA
     ABF6   29 01      AND #&01
     ABF8   F0 06      BEQ &AC00
     ABFA   68         PLA
     ABFB   A5 B8      LDA &B8
     ABFD   D0 28      BNE &AC27
     ABFF   60         RTS
.file
     AC00   68         PLA
     AC01   A6 B8      LDX &B8
     AC03   F0 22      BEQ &AC27
     AC05   29 02      AND #&02
     AC07   F0 02      BEQ &AC0B
     AC09   38         SEC
     AC0A   60         RTS
.notautoload2
     AC0B   20 72 80   JSR &8072
     AC0E   D6
     AC0F   49 73 20 ...
     AC1B   00
     AC1C   EA         NOP
     AC1D   60         RTS
.zerolen
     AC1E   68         PLA
     AC1F   A5 B2      LDA &B2
     AC21   29 80      AND #&80
     AC23   A8         TAY
     AC24   4C 93 AC   JMP &AC93
.okay
     AC27   20 8E AB   JSR &AB8E
     AC2A   A0 1A      LDY #&1A
     AC2C   B1 B0      LDA (&B0),Y
     AC2E   85 B7      STA &B7
     AC30   C8         INY
     AC31   B1 B0      LDA (&B0),Y
     AC33   85 B8      STA &B8
     AC35   A0 14      LDY #&14
     AC37   B1 B0      LDA (&B0),Y
     AC39   05 B9      ORA &B9
     AC3B   85 B9      STA &B9
     AC3D   A5 CD      LDA &CD
     AC3F   C9 02      CMP #&02
     AC41   F0 1D      BEQ &AC60
     AC43   49 01      EOR #&01
     AC45   AA         TAX
     AC46   A5 B7      LDA &B7
     AC48   DD E5 B9   CMP &B9E5,X
     AC4B   D0 13      BNE &AC60
     AC4D   A5 B8      LDA &B8
     AC4F   DD E8 B9   CMP &B9E8,X
     AC52   D0 0C      BNE &AC60
     AC54   A5 B9      LDA &B9
     AC56   DD EB B9   CMP &B9EB,X
     AC59   D0 05      BNE &AC60
     AC5B   A0 00      LDY #&00
     AC5D   20 95 AC   JSR &AC95
.l1
     AC60   20 A6 A0   JSR &A0A6
     AC63   A6 CD      LDX &CD
     AC65   A5 B7      LDA &B7
     AC67   9D E5 B9   STA &B9E5,X
     AC6A   A5 B8      LDA &B8
     AC6C   9D E8 B9   STA &B9E8,X
     AC6F   A5 B9      LDA &B9
     AC71   9D EB B9   STA &B9EB,X
     AC74   4C BA A0   JMP &A0BA
.mm32_cmd_dout
     AC77   20 1E AA   JSR &AA1E
     AC7A   20 47 AA   JSR &AA47
     AC7D   A2 00      LDX #&00
     AC7F   A5 CD      LDA &CD
     AC81   0A         ASL A
     AC82   0A         ASL A
     AC83   0A         ASL A
     AC84   0A         ASL A
     AC85   A8         TAY
     AC86   A9 20      LDA #&20
.s0
     AC88   99 C0 BA   STA &BAC0,Y
     AC8B   E8         INX
     AC8C   C8         INY
     AC8D   E0 10      CPX #&10
     AC8F   D0 F7      BNE &AC88
     AC91   A0 00      LDY #&00
.mm32_clear_cluster_index
     AC93   A6 CD      LDX &CD
.mm32_clear_cluster_index_x
     AC95   20 A6 A0   JSR &A0A6
     AC98   A9 00      LDA #&00
     AC9A   9D E5 B9   STA &B9E5,X
     AC9D   9D E8 B9   STA &B9E8,X
     ACA0   98         TYA
     ACA1   9D EB B9   STA &B9EB,X
     ACA4   4C BA A0   JMP &A0BA
.mm32_cmd_ddrive
     ACA7   A0 00      LDY #&00
.l1
     ACA9   98         TYA
     ACAA   48         PHA
     ACAB   A9 3A      LDA #&3A
     ACAD   20 EE FF   JSR &FFEE
     ACB0   68         PLA
     ACB1   48         PHA
     ACB2   18         CLC
     ACB3   69 30      ADC #&30
     ACB5   20 EE FF   JSR &FFEE
     ACB8   A9 20      LDA #&20
     ACBA   20 EE FF   JSR &FFEE
     ACBD   68         PLA
     ACBE   48         PHA
     ACBF   0A         ASL A
     ACC0   0A         ASL A
     ACC1   0A         ASL A
     ACC2   0A         ASL A
     ACC3   AA         TAX
     ACC4   A0 00      LDY #&00
     ACC6   BD C0 BA   LDA &BAC0,X
     ACC9   C9 02      CMP #&02
     ACCB   D0 1C      BNE &ACE9
     ACCD   E8         INX
.l2
     ACCE   BD C0 BA   LDA &BAC0,X
     ACD1   C9 02      CMP #&02
     ACD3   F0 09      BEQ &ACDE
     ACD5   20 EE FF   JSR &FFEE
     ACD8   E8         INX
     ACD9   C8         INY
     ACDA   C0 10      CPY #&10
     ACDC   D0 F0      BNE &ACCE
.s1
     ACDE   20 81 83   JSR &8381
     ACE1   68         PLA
     ACE2   A8         TAY
     ACE3   C8         INY
     ACE4   C0 02      CPY #&02
     ACE6   D0 C1      BNE &ACA9
     ACE8   60         RTS
.empty
     ACE9   20 9F 80   JSR &809F
     ACEC   3C 45 6D ...
     ACF3   EA         NOP
     ACF4   4C DE AC   JMP &ACDE
.mm32_cmd_daccess
     ACF7   A9 80      LDA #&80
     ACF9   20 20 AA   JSR &AA20
     ACFC   38         SEC
     ACFD   20 61 AA   JSR &AA61
     AD00   A2 01      LDX #&01
     AD02   20 C7 81   JSR &81C7
     AD05   D0 14      BNE &AD1B
.gotflag
     AD07   86 AA      STX &AA
     AD09   20 50 A8   JSR &A850
     AD0C   A9 86      LDA #&86
     AD0E   20 F4 FF   JSR &FFF4
     AD11   E0 00      CPX #&00
     AD13   F0 03      BEQ &AD18
     AD15   20 81 83   JSR &8381
.dcEven
     AD18   60         RTS
.parmloop
     AD19   A2 02      LDX #&02
.getparm
     AD1B   20 AC 81   JSR &81AC
     AD1E   B0 E7      BCS &AD07
     AD20   29 5F      AND #&5F
     AD22   C9 4C      CMP #&4C
     AD24   F0 F3      BEQ &AD19
.errbadparm
     AD26   20 58 80   JSR &8058
     AD29   CF
     AD2A   61 74 74 ...
     AD33   00
.mm32_cmd_drename
     AD34   A9 81      LDA #&81
     AD36   20 20 AA   JSR &AA20
     AD39   18         CLC
     AD3A   20 61 AA   JSR &AA61
     AD3D   20 DF AA   JSR &AADF
     AD40   18         CLC
     AD41   20 61 AA   JSR &AA61
     AD44   20 70 AD   JSR &AD70
     AD47   90 16      BCC &AD5F
     AD49   A9 00      LDA #&00
     AD4B   85 AA      STA &AA
     AD4D   20 50 A8   JSR &A850
     AD50   90 10      BCC &AD62
     AD52   20 DF AA   JSR &AADF
     AD55   A9 03      LDA #&03
     AD57   85 AA      STA &AA
     AD59   20 50 A8   JSR &A850
     AD5C   B0 0F      BCS &AD6D
     AD5E   60         RTS
.badname
     AD5F   4C 88 81   JMP &8188
.destexists
     AD62   20 62 80   JSR &8062
     AD65   C4
     AD66   45 78 69 ...
     AD6C   00
.notfound
     AD6D   4C 44 82   JMP &8244
.mm32_check_filename
     AD70   AD 10 B9   LDA &B910
     AD73   C9 02      CMP #&02
     AD75   D0 2B      BNE &ADA2
     AD77   AD 11 B9   LDA &B911
     AD7A   C9 2E      CMP #&2E
     AD7C   F0 24      BEQ &ADA2
     AD7E   A2 01      LDX #&01
     AD80   86 BA      STX &BA
.checknameloop
     AD82   BD 10 B9   LDA &B910,X
     AD85   E8         INX
     AD86   E0 11      CPX #&11
     AD88   F0 18      BEQ &ADA2
     AD8A   C9 02      CMP #&02
     AD8C   F0 15      BEQ &ADA3
     AD8E   C9 2E      CMP #&2E
     AD90   D0 04      BNE &AD96
     AD92   C6 BA      DEC &BA
     AD94   30 0C      BMI &ADA2
.notdot
     AD96   A0 0E      LDY #&0E
.checkcharloop
     AD98   D9 A3 AD   CMP &ADA3,Y
     AD9B   F0 05      BEQ &ADA2
     AD9D   88         DEY
     AD9E   D0 F8      BNE &AD98
     ADA0   F0 E0      BEQ &AD82
.badname
     ADA2   18         CLC
.checknameend
     ADA3   60         RTS
.invalid_chars
     ADA4   22
     ADA5   2A
     ADA6   2B
     ADA7   2C
     ADA8   2F
     ADA9   3A
     ADAA   3B
     ADAB   3C
     ADAC   3D
     ADAD   3E
     ADAE   3F
     ADAF   5B
     ADB0   5C
     ADB1   5D
.invalid_chars_end
.mm32_disk_seek_sector
     ADB2   8C A5 B9   STY &B9A5
     ADB5   8D A4 B9   STA &B9A4
     ADB8   A5 CD      LDA &CD
     ADBA   29 01      AND #&01
     ADBC   A8         TAY
     ADBD   20 36 A7   JSR &A736
     ADC0   70 0B      BVS &ADCD
     ADC2   24 C2      BIT &C2
     ADC4   A5 CD      LDA &CD
     ADC6   6A         ROR A
     ADC7   6A         ROR A
     ADC8   90 04      BCC &ADCE
     ADCA   70 02      BVS &ADCE
.l1
     ADCC   B8         CLV
.l2
     ADCD   60         RTS
.l3
     ADCE   50 05      BVC &ADD5
     ADD0   2E A5 B9   ROL &B9A5
     ADD3   B0 F7      BCS &ADCC
.l4
     ADD5   AC A5 B9   LDY &B9A5
     ADD8   F0 04      BEQ &ADDE
.loop1
     ADDA   A2 04      LDX #&04
     ADDC   D0 08      BNE &ADE6
.l5
     ADDE   AD A4 B9   LDA &B9A4
     ADE1   4A         LSR A
     ADE2   F0 11      BEQ &ADF5
     ADE4   AA         TAX
     ADE5   CA         DEX
.loop2
     ADE6   20 6A A7   JSR &A76A
     ADE9   B0 E1      BCS &ADCC
     ADEB   CA         DEX
     ADEC   10 F8      BPL &ADE6
     ADEE   88         DEY
     ADEF   F0 ED      BEQ &ADDE
     ADF1   C0 FF      CPY #&FF
     ADF3   D0 E5      BNE &ADDA
.l6
     ADF5   20 2E AE   JSR &AE2E
     ADF8   B0 D2      BCS &ADCC
     ADFA   6E A4 B9   ROR &B9A4
     ADFD   90 02      BCC &AE01
     ADFF   E6 BE      INC &BE
.l7
     AE01   0E A4 B9   ASL &B9A4
     AE04   B8         CLV
     AE05   18         CLC
     AE06   60         RTS
.mm32_disk_next_sector
     AE07   20 23 84   JSR &8423
     AE0A   A0 01      LDY #&01
     AE0C   AE A4 B9   LDX &B9A4
     AE0F   E8         INX
     AE10   E8         INX
     AE11   E0 0A      CPX #&0A
     AE13   D0 0E      BNE &AE23
     AE15   A2 00      LDX #&00
     AE17   EE A5 B9   INC &B9A5
     AE1A   24 C2      BIT &C2
     AE1C   50 05      BVC &AE23
     AE1E   A0 06      LDY #&06
     AE20   EE A5 B9   INC &B9A5
.l1
     AE23   8E A4 B9   STX &B9A4
.loop1
     AE26   20 6A A7   JSR &A76A
     AE29   B0 47      BCS &AE72
     AE2B   88         DEY
     AE2C   D0 F8      BNE &AE26
.mm32_SECT_X_Address
     AE2E   A2 02      LDX #&02
.loop1
     AE30   B5 C8      LDA &C8,X
     AE32   95 BE      STA &BE,X
     AE34   CA         DEX
     AE35   10 F9      BPL &AE30
     AE37   AD E4 B9   LDA &B9E4
.loop2
     AE3A   4A         LSR A
     AE3B   B0 09      BCS &AE46
     AE3D   06 BE      ASL &BE
     AE3F   26 BF      ROL &BF
     AE41   26 C0      ROL &C0
     AE43   90 F5      BCC &AE3A
     AE45   60         RTS
.l3
     AE46   18         CLC
     AE47   A5 BE      LDA &BE
     AE49   6D E2 B9   ADC &B9E2
     AE4C   85 BE      STA &BE
     AE4E   A5 BF      LDA &BF
     AE50   6D E3 B9   ADC &B9E3
     AE53   85 BF      STA &BF
     AE55   90 02      BCC &AE59
     AE57   E6 C0      INC &C0
.l4
     AE59   38         SEC
     AE5A   AD E4 B9   LDA &B9E4
     AE5D   E5 CB      SBC &CB
     AE5F   18         CLC
     AE60   65 BE      ADC &BE
     AE62   85 BE      STA &BE
     AE64   90 06      BCC &AE6C
     AE66   E6 BF      INC &BF
     AE68   D0 02      BNE &AE6C
     AE6A   E6 C0      INC &C0
.l5
.mm32_lba_to_256
     AE6C   06 BE      ASL &BE
     AE6E   26 BF      ROL &BF
     AE70   26 C0      ROL &C0
.l2rts
     AE72   60         RTS
.mm32_MMC_error
     AE73   85 B0      STA &B0
     AE75   20 62 80   JSR &8062
     AE78   C5
     AE79   4D 4D 43 ...
     AE7D   EA         NOP
     AE7E   68         PLA
     AE7F   85 B8      STA &B8
     AE81   68         PLA
     AE82   85 B9      STA &B9
     AE84   A0 00      LDY #&00
     AE86   8C AF B9   STY &B9AF
.loop1
     AE89   C8         INY
     AE8A   B1 B8      LDA (&B8),Y
     AE8C   F0 05      BEQ &AE93
     AE8E   20 B1 AE   JSR &AEB1
     AE91   D0 F6      BNE &AE89
.l1
     AE93   A8         TAY
     AE94   A5 B0      LDA &B0
     AE96   20 8F 8C   JSR &8C8F
     AE99   A9 2F      LDA #&2F
     AE9B   20 B1 AE   JSR &AEB1
.loop2
     AE9E   B9 89 B9   LDA &B989,Y
     AEA1   20 8F 8C   JSR &8C8F
     AEA4   C8         INY
     AEA5   C0 04      CPY #&04
     AEA7   D0 F5      BNE &AE9E
     AEA9   A9 00      LDA #&00
     AEAB   9D 00 01   STA &0100,X
     AEAE   4C 00 01   JMP &0100
.mm32_PrintChr100
     AEB1   9D 00 01   STA &0100,X
     AEB4   E8         INX
     AEB5   60         RTS
.Osword7F_8271_Emulation
     AEB6   A0 06      LDY #&06
     AEB8   B1 B0      LDA (&B0),Y
     AEBA   A2 10      LDX #&10
.loop1
     AEBC   DD 1B B0   CMP &B01B,X
     AEBF   F0 05      BEQ &AEC6
     AEC1   CA         DEX
     AEC2   10 F8      BPL &AEBC
     AEC4   30 0F      BMI &AED5
.l2
     AEC6   20 F8 AE   JSR &AEF8
     AEC9   48         PHA
     AECA   A0 05      LDY #&05
     AECC   B1 B0      LDA (&B0),Y
     AECE   18         CLC
     AECF   69 07      ADC #&07
     AED1   A8         TAY
     AED2   68         PLA
     AED3   91 B0      STA (&B0),Y
.l3
     AED5   A9 00      LDA #&00
     AED7   60         RTS
.spec_reg
     AED8   A0 07      LDY #&07
     AEDA   B1 B0      LDA (&B0),Y
     AEDC   C9 06      CMP #&06
     AEDE   D0 04      BNE &AEE4
     AEE0   AD A4 B9   LDA &B9A4
     AEE3   60         RTS
.l1
     AEE4   C9 12      CMP #&12
     AEE6   D0 09      BNE &AEF1
.l2
     AEE8   AD A5 B9   LDA &B9A5
     AEEB   24 C2      BIT &C2
     AEED   50 01      BVC &AEF0
     AEEF   4A         LSR A
.l3
     AEF0   60         RTS
.l4
     AEF1   C9 1A      CMP #&1A
     AEF3   F0 F3      BEQ &AEE8
     AEF5   A9 00      LDA #&00
     AEF7   60         RTS
.ow7f_1
     AEF8   BD 2B B0   LDA &B02B,X
     AEFB   F0 DB      BEQ &AED8
     AEFD   48         PHA
     AEFE   88         DEY
     AEFF   29 0F      AND #&0F
     AF01   D1 B0      CMP (&B0),Y
     AF03   D0 27      BNE &AF2C
     AF05   20 6D A5   JSR &A56D
     AF08   68         PLA
     AF09   85 C7      STA &C7
     AF0B   A0 0B      LDY #&0B
.loop1
     AF0D   B1 B0      LDA (&B0),Y
     AF0F   99 BB 00   STA &00BB,Y
     AF12   C0 05      CPY #&05
     AF14   B0 03      BCS &AF19
     AF16   99 A9 B9   STA &B9A9,Y
.l0
     AF19   88         DEY
     AF1A   D0 F1      BNE &AF0D
     AF1C   B1 B0      LDA (&B0),Y
     AF1E   30 03      BMI &AF23
     AF20   20 E0 8B   JSR &8BE0
.l1
     AF23   20 36 AF   JSR &AF36
     AF26   48         PHA
     AF27   20 C0 A5   JSR &A5C0
     AF2A   68         PLA
     AF2B   60         RTS
.owfault
     AF2C   68         PLA
     AF2D   A9 FF      LDA #&FF
     AF2F   60         RTS
.owdrvnotrdy
     AF30   A9 10      LDA #&10
     AF32   60         RTS
.ownosector
     AF33   A9 1E      LDA #&1E
     AF35   60         RTS
.ow7f_2
     AF36   A9 10      LDA #&10
     AF38   24 C7      BIT &C7
     AF3A   D0 04      BNE &AF40
     AF3C   10 33      BPL &AF71
     AF3E   30 23      BMI &AF63
.l10
     AF40   A5 C2      LDA &C2
     AF42   0A         ASL A
     AF43   85 BE      STA &BE
     AF45   A5 C3      LDA &C3
     AF47   2A         ROL A
     AF48   85 BF      STA &BF
     AF4A   A5 C4      LDA &C4
     AF4C   30 E5      BMI &AF33
     AF4E   2A         ROL A
     AF4F   85 C0      STA &C0
     AF51   A5 C5      LDA &C5
     AF53   0A         ASL A
     AF54   85 C4      STA &C4
     AF56   B0 DB      BCS &AF33
     AF58   A9 00      LDA #&00
     AF5A   85 C5      STA &C5
     AF5C   85 C6      STA &C6
     AF5E   26 C7      ROL &C7
     AF60   4C D1 AF   JMP &AFD1
.l11
     AF63   A5 C6      LDA &C6
     AF65   F0 27      BEQ &AF8E
     AF67   E6 C4      INC &C4
     AF69   D0 23      BNE &AF8E
     AF6B   E6 C5      INC &C5
     AF6D   D0 1F      BNE &AF8E
     AF6F   F0 C2      BEQ &AF33
.l0
     AF71   A5 C4      LDA &C4
     AF73   50 02      BVC &AF77
     AF75   A9 0A      LDA #&0A
.l1
     AF77   29 1F      AND #&1F
     AF79   85 C4      STA &C4
     AF7B   70 07      BVS &AF84
     AF7D   18         CLC
     AF7E   65 C3      ADC &C3
     AF80   C9 0B      CMP #&0B
     AF82   B0 AF      BCS &AF33
.l2
     AF84   A9 00      LDA #&00
     AF86   85 C5      STA &C5
     AF88   85 C6      STA &C6
     AF8A   50 02      BVC &AF8E
     AF8C   85 C3      STA &C3
.l3
     AF8E   A5 C3      LDA &C3
     AF90   C9 0A      CMP #&0A
     AF92   B0 9F      BCS &AF33
.l4
     AF94   A4 C2      LDY &C2
     AF96   20 B2 AD   JSR &ADB2
     AF99   70 95      BVS &AF30
     AF9B   B0 96      BCS &AF33
     AF9D   26 C7      ROL &C7
     AF9F   24 C7      BIT &C7
     AFA1   50 07      BVC &AFAA
     AFA3   24 C2      BIT &C2
     AFA5   10 03      BPL &AFAA
     AFA7   A9 12      LDA #&12
     AFA9   60         RTS
.l5
     AFAA   24 C7      BIT &C7
     AFAC   30 40      BMI &AFEE
     AFAE   66 C3      ROR &C3
     AFB0   B0 1F      BCS &AFD1
     AFB2   A5 C4      LDA &C4
     AFB4   C9 02      CMP #&02
     AFB6   D0 19      BNE &AFD1
     AFB8   A5 BD      LDA &BD
     AFBA   C9 B7      CMP #&B7
     AFBC   D0 13      BNE &AFD1
     AFBE   AD AC B9   LDA &B9AC
     AFC1   2D AD B9   AND &B9AD
     AFC4   0D D6 B9   ORA &B9D6
     AFC7   49 FF      EOR #&FF
     AFC9   05 BC      ORA &BC
     AFCB   05 C5      ORA &C5
     AFCD   05 C6      ORA &C6
     AFCF   F0 2F      BEQ &B000
.l6
     AFD1   24 C7      BIT &C7
     AFD3   70 13      BVS &AFE8
     AFD5   20 F4 A3   JSR &A3F4
.l7
     AFD8   AD AE B9   LDA &B9AE
     AFDB   F0 03      BEQ &AFE0
     AFDD   20 73 8C   JSR &8C73
.l8
     AFE0   2C A6 B9   BIT &B9A6
     AFE3   30 33      BMI &B018
.OK
     AFE5   A9 00      LDA #&00
     AFE7   60         RTS
.l9
     AFE8   20 AA A4   JSR &A4AA
     AFEB   4C D8 AF   JMP &AFD8
.vform
     AFEE   A0 FF      LDY #&FF
     AFF0   8C 82 B9   STY &B982
     AFF3   50 0B      BVC &B000
     AFF5   C8         INY
     AFF6   98         TYA
.floop
     AFF7   99 00 B7   STA &B700,Y
     AFFA   99 00 B8   STA &B800,Y
     AFFD   C8         INY
     AFFE   D0 F7      BNE &AFF7
.cat
.loop
     B000   24 C7      BIT &C7
     B002   70 06      BVS &B00A
     B004   20 A5 A3   JSR &A3A5
     B007   4C 0D B0   JMP &B00D
.k1
     B00A   20 BC A3   JSR &A3BC
.k2
     B00D   C6 C4      DEC &C4
     B00F   C6 C4      DEC &C4
     B011   F0 D2      BEQ &AFE5
     B013   20 07 AE   JSR &AE07
     B016   90 E8      BCC &B000
.ownosector2
     B018   A9 1E      LDA #&1E
     B01A   60         RTS
.owtable1
     B01B   7D
     B01C   4A
     B01D   4B
     B01E   4C
     B01F   4E
     B020   4F
     B021   52
     B022   53
     B023   54
     B024   56
     B025   57
     B026   5E
     B027   5F
     B028   63
     B029   A5
     B02A   85
.owtable2
     B02B   00
     B02C   23
     B02D   23
     B02E   34
     B02F   23
     B030   23
     B031   03
     B032   03
     B033   14
     B034   03
     B035   03
     B036   45
     B037   43
     B038   65
     B039   A5
     B03A   85
Processed file 'MM32.asm' ok
Including file ROMS.asm
.CMD_ROMS
     B03B   20 53 B1   JSR &B153
     B03E   85 A8      STA &A8
     B040   A9 0F      LDA #&0F
     B042   85 AA      STA &AA
     B044   20 46 B1   JSR &B146
     B047   38         SEC
     B048   20 C2 FF   JSR &FFC2
     B04B   84 AB      STY &AB
     B04D   18         CLC
     B04E   F0 1B      BEQ &B06B
.loopROMnumbers
     B050   20 43 84   JSR &8443
     B053   B0 16      BCS &B06B
     B055   E0 10      CPX #&10
     B057   B0 F7      BCS &B050
     B059   8A         TXA
     B05A   84 AB      STY &AB
     B05C   85 AA      STA &AA
     B05E   20 BF B0   JSR &B0BF
     B061   A4 AB      LDY &AB
     B063   20 C7 81   JSR &81C7
     B066   84 AB      STY &AB
     B068   D0 E6      BNE &B050
     B06A   60         RTS
.Label_A9FF_notnum
     B06B   66 A8      ROR &A8
.Label_AA01_loop
     B06D   24 A8      BIT &A8
     B06F   10 05      BPL &B076
     B071   20 7E B0   JSR &B07E
     B074   90 03      BCC &B079
.Label_AA0A
     B076   20 BF B0   JSR &B0BF
.Label_AA0D_nomatch
     B079   C6 AA      DEC &AA
     B07B   10 F0      BPL &B06D
     B07D   60         RTS
.Sub_AA12_titlecmp
     B07E   A9 09      LDA #&09
     B080   85 F6      STA &F6
     B082   A9 80      LDA #&80
     B084   85 F7      STA &F7
     B086   A4 AB      LDY &AB
.Label_AA1C_loop
     B088   B1 F2      LDA (&F2),Y
     B08A   C9 0D      CMP #&0D
     B08C   F0 22      BEQ &B0B0
     B08E   C9 22      CMP #&22
     B090   F0 1E      BEQ &B0B0
     B092   C8         INY
     B093   C9 2A      CMP #&2A
     B095   F0 26      BEQ &B0BD
     B097   20 15 83   JSR &8315
     B09A   85 AE      STA &AE
     B09C   20 38 B1   JSR &B138
     B09F   F0 0D      BEQ &B0AE
     B0A1   A6 AE      LDX &AE
     B0A3   E0 23      CPX #&23
     B0A5   F0 E1      BEQ &B088
     B0A7   20 15 83   JSR &8315
     B0AA   C5 AE      CMP &AE
     B0AC   F0 DA      BEQ &B088
.Label_AA42_nomatch
     B0AE   18         CLC
     B0AF   60         RTS
.Label_AA44
     B0B0   20 38 B1   JSR &B138
     B0B3   F0 08      BEQ &B0BD
     B0B5   C9 20      CMP #&20
     B0B7   F0 F7      BEQ &B0B0
     B0B9   C9 0D      CMP #&0D
     B0BB   D0 F1      BNE &B0AE
.Label_AA51_match
     B0BD   38         SEC
     B0BE   60         RTS
.Label_AA53_RomInfo
     B0BF   A4 AA      LDY &AA
     B0C1   B1 AC      LDA (&AC),Y
     B0C3   F0 E9      BEQ &B0AE
     B0C5   48         PHA
     B0C6   20 9F 80   JSR &809F
     B0C9   52 6F 6D ...
     B0CD   98         TYA
     B0CE   20 FE 80   JSR &80FE
     B0D1   20 9F 80   JSR &809F
     B0D4   20 3A 20 
     B0D7   A9 28      LDA #&28
     B0D9   20 E2 80   JSR &80E2
     B0DC   68         PLA
     B0DD   48         PHA
     B0DE   30 04      BMI &B0E4
     B0E0   A0 20      LDY #&20
     B0E2   D0 02      BNE &B0E6
.Label_AA78
     B0E4   A0 53      LDY #&53
.Label_AA7A
     B0E6   98         TYA
     B0E7   20 E2 80   JSR &80E2
     B0EA   68         PLA
     B0EB   A0 20      LDY #&20
     B0ED   0A         ASL A
     B0EE   10 02      BPL &B0F2
     B0F0   A0 4C      LDY #&4C
.Label_AA86
     B0F2   98         TYA
     B0F3   20 E2 80   JSR &80E2
     B0F6   A9 29      LDA #&29
     B0F8   20 E2 80   JSR &80E2
     B0FB   20 22 81   JSR &8122
     B0FE   20 06 B1   JSR &B106
     B101   20 81 83   JSR &8381
     B104   38         SEC
     B105   60         RTS
.Label_AA9A_PrtRomTitle
     B106   A9 07      LDA #&07
     B108   85 F6      STA &F6
     B10A   A9 80      LDA #&80
     B10C   85 F7      STA &F7
     B10E   20 38 B1   JSR &B138
     B111   85 AE      STA &AE
     B113   E6 F6      INC &F6
     B115   A0 1E      LDY #&1E
     B117   20 2B B1   JSR &B12B
     B11A   B0 1B      BCS &B137
     B11C   20 22 81   JSR &8122
     B11F   90 09      BCC &B12A
.Label_AAB8_loop
     B121   C9 20      CMP #&20
     B123   B0 02      BCS &B127
     B125   A9 20      LDA #&20
.Label_AABE
     B127   20 E2 80   JSR &80E2
.DEY_Sub_AAC2_PrintRomStr
     B12A   88         DEY
.Sub_AAC2_PrintRomStr
     B12B   A5 F6      LDA &F6
     B12D   C5 AE      CMP &AE
     B12F   B0 06      BCS &B137
     B131   20 38 B1   JSR &B138
     B134   D0 EB      BNE &B121
     B136   18         CLC
.Label_AACE_rts
     B137   60         RTS
.Sub_AACF_ReadRom
     B138   98         TYA
     B139   48         PHA
     B13A   A4 AA      LDY &AA
     B13C   20 B9 FF   JSR &FFB9
     B13F   E6 F6      INC &F6
     B141   AA         TAX
     B142   68         PLA
     B143   A8         TAY
     B144   8A         TXA
     B145   60         RTS
.Sub_AADD_RomTablePtrBA
     B146   20 23 84   JSR &8423
     B149   A9 AA      LDA #&AA
     B14B   20 39 93   JSR &9339
     B14E   86 AC      STX &AC
     B150   84 AD      STY &AD
     B152   60         RTS
.Sub_AAEA_StackAZero
     B153   BA         TSX
     B154   A9 00      LDA #&00
     B156   9D 07 01   STA &0107,X
     B159   60         RTS
Processed file 'ROMS.asm' ok
Including file Utilities.asm
.CMD_DUMP
     B15A   A9 40      LDA #&40
     B15C   20 59 B2   JSR &B259
     B15F   A9 00      LDA #&00
     B161   48         PHA
     B162   AA         TAX
     B163   F0 06      BEQ &B16B
.dump_inc_address
     B165   69 08      ADC #&08
     B167   48         PHA
     B168   90 01      BCC &B16B
     B16A   E8         INX
.dump_loop
     B16B   8A         TXA
     B16C   20 11 81   JSR &8111
     B16F   68         PLA
     B170   48         PHA
     B171   20 11 81   JSR &8111
     B174   8A         TXA
     B175   48         PHA
     B176   20 22 81   JSR &8122
     B179   A2 07      LDX #&07
.dump_getbytes_loop
     B17B   20 D7 FF   JSR &FFD7
     B17E   B0 0B      BCS &B18B
     B180   95 A8      STA &A8,X
     B182   20 11 81   JSR &8111
     B185   20 22 81   JSR &8122
     B188   CA         DEX
     B189   10 F0      BPL &B17B
.dump_eof
     B18B   08         PHP
     B18C   90 12      BCC &B1A0
.dump_padnum_loop
     B18E   A9 2A      LDA #&2A
     B190   20 EE FF   JSR &FFEE
     B193   20 EE FF   JSR &FFEE
     B196   20 22 81   JSR &8122
     B199   A9 00      LDA #&00
     B19B   95 A8      STA &A8,X
     B19D   CA         DEX
     B19E   10 EE      BPL &B18E
.dump_noteof
     B1A0   A2 07      LDX #&07
.dump_chr_loop
     B1A2   B5 A8      LDA &A8,X
     B1A4   29 7F      AND #&7F
     B1A6   C9 7F      CMP #&7F
     B1A8   F0 04      BEQ &B1AE
     B1AA   C9 20      CMP #&20
     B1AC   B0 02      BCS &B1B0
.showchrdot
     B1AE   A9 2E      LDA #&2E
.showchrexit
     B1B0   20 EE FF   JSR &FFEE
     B1B3   CA         DEX
     B1B4   10 EC      BPL &B1A2
     B1B6   20 E7 FF   JSR &FFE7
     B1B9   28         PLP
     B1BA   68         PLA
     B1BB   AA         TAX
     B1BC   68         PLA
     B1BD   24 FF      BIT &FF
     B1BF   30 3A      BMI &B1FB
     B1C1   90 A2      BCC &B165
     B1C3   B0 31      BCS &B1F6
.CMD_TYPE
     B1C5   A9 00      LDA #&00
     B1C7   F0 02      BEQ &B1CB
.CMD_LIST
     B1C9   A9 FF      LDA #&FF
.type
     B1CB   85 AA      STA &AA
     B1CD   A9 40      LDA #&40
     B1CF   20 59 B2   JSR &B259
     B1D2   A9 0D      LDA #&0D
.list_loop_entry
     B1D4   25 AA      AND &AA
     B1D6   49 0D      EOR #&0D
     B1D8   AA         TAX
.list_loop
     B1D9   20 D7 FF   JSR &FFD7
     B1DC   B0 15      BCS &B1F3
     B1DE   C9 0A      CMP #&0A
     B1E0   F0 F7      BEQ &B1D9
     B1E2   48         PHA
     B1E3   8A         TXA
     B1E4   D0 03      BNE &B1E9
     B1E6   20 8A B2   JSR &B28A
.list_skiplineno
     B1E9   68         PLA
     B1EA   20 E3 FF   JSR &FFE3
     B1ED   24 FF      BIT &FF
     B1EF   30 0A      BMI &B1FB
     B1F1   10 E1      BPL &B1D4
.list_eof
     B1F3   20 E7 FF   JSR &FFE7
.Utils_CloseFile_Yhandle
     B1F6   A9 00      LDA #&00
     B1F8   4C CE FF   JMP &FFCE
.Utils_ESCAPE_CloseFileY
     B1FB   20 F6 B1   JSR &B1F6
     B1FE   4C 7F 8C   JMP &8C7F
.CMD_BUILD
     B201   A9 80      LDA #&80
     B203   20 59 B2   JSR &B259
.loop_newline
     B206   20 8A B2   JSR &B28A
     B209   A2 00      LDX #&00
.loop_line
     B20B   20 E0 FF   JSR &FFE0
     B20E   B0 EB      BCS &B1FB
     B210   C9 15      CMP #&15
     B212   F0 11      BEQ &B225
     B214   C9 7F      CMP #&7F
     B216   F0 14      BEQ &B22C
     B218   20 E3 FF   JSR &FFE3
     B21B   20 D4 FF   JSR &FFD4
     B21E   E8         INX
     B21F   C9 0D      CMP #&0D
     B221   D0 E8      BNE &B20B
     B223   F0 E1      BEQ &B206
.clearline
     B225   20 32 B2   JSR &B232
     B228   D0 FB      BNE &B225
     B22A   F0 DF      BEQ &B20B
.subpointer
     B22C   20 32 B2   JSR &B232
     B22F   4C 0B B2   JMP &B20B
.fpdec
     B232   8A         TXA
     B233   F0 23      BEQ &B258
     B235   48         PHA
     B236   A9 7F      LDA #&7F
     B238   20 EE FF   JSR &FFEE
     B23B   A9 00      LDA #&00
     B23D   A2 AA      LDX #&AA
     B23F   20 DA FF   JSR &FFDA
     B242   A5 AA      LDA &AA
     B244   D0 08      BNE &B24E
     B246   A5 AB      LDA &AB
     B248   D0 02      BNE &B24C
     B24A   C6 AC      DEC &AC
.decmsb
     B24C   C6 AB      DEC &AB
.declsb
     B24E   C6 AA      DEC &AA
.fpdecdone
     B250   A9 03      LDA #&03
     B252   20 DA FF   JSR &FFDA
     B255   68         PLA
     B256   AA         TAX
     B257   CA         DEX
.fpdecrts
     B258   60         RTS
.Utils_FilenameAtXY
     B259   85 AF      STA &AF
     B25B   BA         TSX
     B25C   A9 00      LDA #&00
     B25E   9D 07 01   STA &0107,X
     B261   85 A8      STA &A8
     B263   85 A9      STA &A9
     B265   88         DEY
.utils_skipspcloop
     B266   C8         INY
     B267   B1 F2      LDA (&F2),Y
     B269   C9 20      CMP #&20
     B26B   F0 F9      BEQ &B266
     B26D   C9 0D      CMP #&0D
     B26F   D0 03      BNE &B274
     B271   4C C3 99   JMP &99C3
.utils_notnullstr
     B274   98         TYA
     B275   18         CLC
     B276   65 F2      ADC &F2
     B278   AA         TAX
     B279   A5 F3      LDA &F3
     B27B   69 00      ADC #&00
     B27D   A8         TAY
     B27E   A5 AF      LDA &AF
     B280   20 CE FF   JSR &FFCE
     B283   F0 02      BEQ &B287
     B285   A8         TAY
     B286   60         RTS
.utils_filenotfound
     B287   4C 44 82   JMP &8244
.Utils_PrintLineNoA8
     B28A   20 FD A1   JSR &A1FD
     B28D   20 11 81   JSR &8111
     B290   A5 A8      LDA &A8
     B292   20 11 81   JSR &8111
     B295   4C 22 81   JMP &8122
Processed file 'Utilities.asm' ok
Including file TubeHost230.asm
.TUBE_CODE_500
     B298   37 05
     B29A   96 05
     B29C   F2 05
     B29E   07 06
     B2A0   27 06
     B2A2   68 06
     B2A4   5E 05
     B2A6   2D 05
     B2A8   20 05
     B2AA   42 05
     B2AC   A9 05
     B2AE   D1 05
     B2B0   86
     B2B1   88
     B2B2   96
     B2B3   98
     B2B4   18
     B2B5   18
     B2B6   82
     B2B7   18
     B2B8   20 C5 06   JSR &06C5
     B2BB   A8         TAY
     B2BC   20 C5 06   JSR &06C5
     B2BF   20 D4 FF   JSR &FFD4
     B2C2   4C 9C 05   JMP &059C
     B2C5   20 C5 06   JSR &06C5
     B2C8   A8         TAY
     B2C9   20 D7 FF   JSR &FFD7
     B2CC   4C 3A 05   JMP &053A
     B2CF   20 E0 FF   JSR &FFE0
     B2D2   6A         ROR A
     B2D3   20 95 06   JSR &0695
     B2D6   2A         ROL A
     B2D7   4C 9E 05   JMP &059E
     B2DA   20 C5 06   JSR &06C5
     B2DD   F0 0B      BEQ &B2EA
     B2DF   48         PHA
     B2E0   20 82 05   JSR &0582
     B2E3   68         PLA
     B2E4   20 CE FF   JSR &FFCE
     B2E7   4C 9E 05   JMP &059E
.Label_AD2D
     B2EA   20 C5 06   JSR &06C5
     B2ED   A8         TAY
     B2EE   A9 00      LDA #&00
     B2F0   20 CE FF   JSR &FFCE
     B2F3   4C 9C 05   JMP &059C
     B2F6   20 C5 06   JSR &06C5
     B2F9   A8         TAY
     B2FA   A2 04      LDX #&04
.Label_AD3F
     B2FC   20 C5 06   JSR &06C5
     B2FF   95 FF      STA &FF,X
     B301   CA         DEX
     B302   D0 F8      BNE &B2FC
     B304   20 C5 06   JSR &06C5
     B307   20 DA FF   JSR &FFDA
     B30A   20 95 06   JSR &0695
     B30D   A2 03      LDX #&03
.Label_AD52
     B30F   B5 00      LDA &00,X
     B311   20 95 06   JSR &0695
     B314   CA         DEX
     B315   10 F8      BPL &B30F
     B317   4C 36 00   JMP &0036
     B31A   A2 00      LDX #&00
     B31C   A0 00      LDY #&00
.Label_AD61
     B31E   20 C5 06   JSR &06C5
     B321   99 00 07   STA &0700,Y
     B324   C8         INY
     B325   F0 04      BEQ &B32B
     B327   C9 0D      CMP #&0D
     B329   D0 F3      BNE &B31E
.Label_AD6E
     B32B   A0 07      LDY #&07
     B32D   60         RTS
     B32E   20 82 05   JSR &0582
     B331   20 F7 FF   JSR &FFF7
     B334   A9 7F      LDA #&7F
.Label_AD79
     B336   2C E2 FE   BIT &FEE2
     B339   50 FB      BVC &B336
     B33B   8D E3 FE   STA &FEE3
.Label_AD81
     B33E   4C 36 00   JMP &0036
     B341   A2 10      LDX #&10
.Label_AD86
     B343   20 C5 06   JSR &06C5
     B346   95 01      STA &01,X
     B348   CA         DEX
     B349   D0 F8      BNE &B343
     B34B   20 82 05   JSR &0582
     B34E   86 00      STX &00
     B350   84 01      STY &01
     B352   A0 00      LDY #&00
     B354   20 C5 06   JSR &06C5
     B357   20 DD FF   JSR &FFDD
     B35A   20 95 06   JSR &0695
     B35D   A2 10      LDX #&10
.Label_ADA2
     B35F   B5 01      LDA &01,X
     B361   20 95 06   JSR &0695
     B364   CA         DEX
     B365   D0 F8      BNE &B35F
     B367   F0 D5      BEQ &B33E
     B369   A2 0D      LDX #&0D
.Label_ADAE
     B36B   20 C5 06   JSR &06C5
     B36E   95 FF      STA &FF,X
     B370   CA         DEX
     B371   D0 F8      BNE &B36B
     B373   20 C5 06   JSR &06C5
     B376   A0 00      LDY #&00
     B378   20 D1 FF   JSR &FFD1
     B37B   48         PHA
     B37C   A2 0C      LDX #&0C
.Label_ADC1
     B37E   B5 00      LDA &00,X
     B380   20 95 06   JSR &0695
     B383   CA         DEX
     B384   10 F8      BPL &B37E
     B386   68         PLA
     B387   4C 3A 05   JMP &053A
     B38A   20 C5 06   JSR &06C5
     B38D   AA         TAX
     B38E   20 C5 06   JSR &06C5
     B391   20 F4 FF   JSR &FFF4
.Label_ADD7
     B394   2C E2 FE   BIT &FEE2
     B397   50 FB      BVC &B394
     B399   8E E3 FE   STX &FEE3
.Label_ADDF
     B39C   4C 36 00   JMP &0036
     B39F   20 C5 06   JSR &06C5
     B3A2   AA         TAX
     B3A3   20 C5 06   JSR &06C5
     B3A6   A8         TAY
     B3A7   20 C5 06   JSR &06C5
     B3AA   20 F4 FF   JSR &FFF4
     B3AD   49 9D      EOR #&9D
     B3AF   F0 EB      BEQ &B39C
     B3B1   6A         ROR A
     B3B2   20 95 06   JSR &0695
.Label_ADF8
     B3B5   2C E2 FE   BIT &FEE2
     B3B8   50 FB      BVC &B3B5
     B3BA   8C E3 FE   STY &FEE3
     B3BD   70 D5      BVS &B394
     B3BF   20 C5 06   JSR &06C5
     B3C2   A8         TAY
.Label_AE06
     B3C3   2C E2 FE   BIT &FEE2
     B3C6   10 FB      BPL &B3C3
     B3C8   AE E3 FE   LDX &FEE3
     B3CB   CA         DEX
     B3CC   30 0F      BMI &B3DD
.Label_AE11
     B3CE   2C E2 FE   BIT &FEE2
     B3D1   10 FB      BPL &B3CE
     B3D3   AD E3 FE   LDA &FEE3
     B3D6   9D 28 01   STA &0128,X
     B3D9   CA         DEX
     B3DA   10 F2      BPL &B3CE
     B3DC   98         TYA
.Label_AE20
     B3DD   A2 28      LDX #&28
     B3DF   A0 01      LDY #&01
     B3E1   20 F1 FF   JSR &FFF1
.Label_AE27
     B3E4   2C E2 FE   BIT &FEE2
     B3E7   10 FB      BPL &B3E4
     B3E9   AE E3 FE   LDX &FEE3
     B3EC   CA         DEX
     B3ED   30 0E      BMI &B3FD
.Label_AE32
     B3EF   BC 28 01   LDY &0128,X
.Label_AE35
     B3F2   2C E2 FE   BIT &FEE2
     B3F5   50 FB      BVC &B3F2
     B3F7   8C E3 FE   STY &FEE3
     B3FA   CA         DEX
     B3FB   10 F2      BPL &B3EF
.Label_AE40
     B3FD   4C 36 00   JMP &0036
     B400   A2 04      LDX #&04
.Label_AE45
     B402   20 C5 06   JSR &06C5
     B405   95 00      STA &00,X
     B407   CA         DEX
     B408   10 F8      BPL &B402
     B40A   E8         INX
     B40B   A0 00      LDY #&00
     B40D   8A         TXA
     B40E   20 F1 FF   JSR &FFF1
     B411   90 05      BCC &B418
     B413   A9 FF      LDA #&FF
     B415   4C 9E 05   JMP &059E
.Label_AE5B
     B418   A2 00      LDX #&00
     B41A   A9 7F      LDA #&7F
     B41C   20 95 06   JSR &0695
.Label_AE62
     B41F   BD 00 07   LDA &0700,X
     B422   20 95 06   JSR &0695
     B425   E8         INX
     B426   C9 0D      CMP #&0D
     B428   D0 F5      BNE &B41F
     B42A   4C 36 00   JMP &0036
.Label_AE70
     B42D   2C E2 FE   BIT &FEE2
     B430   50 FB      BVC &B42D
     B432   8D E3 FE   STA &FEE3
     B435   60         RTS
.Label_AE79
     B436   2C E6 FE   BIT &FEE6
     B439   50 FB      BVC &B436
     B43B   8D E7 FE   STA &FEE7
     B43E   60         RTS
     B43F   A5 FF      LDA &FF
     B441   38         SEC
     B442   6A         ROR A
     B443   30 0F      BMI &B454
     B445   48         PHA
     B446   A9 00      LDA #&00
     B448   20 BC 06   JSR &06BC
     B44B   98         TYA
     B44C   20 BC 06   JSR &06BC
     B44F   8A         TXA
     B450   20 BC 06   JSR &06BC
     B453   68         PLA
.Label_AE97
     B454   2C E0 FE   BIT &FEE0
     B457   50 FB      BVC &B454
     B459   8D E1 FE   STA &FEE1
     B45C   60         RTS
.Label_AEA0
     B45D   2C E2 FE   BIT &FEE2
     B460   10 FB      BPL &B45D
     B462   AD E3 FE   LDA &FEE3
     B465   60         RTS
.SERVICE09_TUBEHelp
     B466   C9 09      CMP #&09
     B468   D0 2A      BNE &B494
     B46A   98         TYA
     B46B   48         PHA
     B46C   B1 F2      LDA (&F2),Y
     B46E   C9 0D      CMP #&0D
     B470   D0 1E      BNE &B490
     B472   A9 E9      LDA #&E9
     B474   20 39 93   JSR &9339
     B477   A6 F4      LDX &F4
     B479   98         TYA
     B47A   F0 14      BEQ &B490
     B47C   20 9F 80   JSR &809F
     B47F   0D
     B480   54 55 42 ...
     B48E   0D
     B48F   EA         NOP
.Label_AED3
     B490   68         PLA
     B491   A8         TAY
     B492   A9 09      LDA #&09
.SERVICEFE_TUBEPostInit
     B494   C9 FE      CMP #&FE
     B496   90 5C      BCC &B4F4
     B498   D0 1B      BNE &B4B5
     B49A   C0 00      CPY #&00
     B49C   F0 56      BEQ &B4F4
     B49E   A2 06      LDX #&06
     B4A0   A9 14      LDA #&14
     B4A2   20 F4 FF   JSR &FFF4
.servFE_tubemsg_loop
     B4A5   2C E0 FE   BIT &FEE0
     B4A8   10 FB      BPL &B4A5
     B4AA   AD E1 FE   LDA &FEE1
     B4AD   F0 43      BEQ &B4F2
     B4AF   20 EE FF   JSR &FFEE
     B4B2   4C A5 B4   JMP &B4A5
.SERVICEFF_TUBEInit
     B4B5   A9 AD      LDA #&AD
     B4B7   8D 20 02   STA &0220
     B4BA   A9 06      LDA #&06
     B4BC   8D 21 02   STA &0221
     B4BF   A9 16      LDA #&16
     B4C1   8D 02 02   STA &0202
     B4C4   A9 00      LDA #&00
     B4C6   8D 03 02   STA &0203
     B4C9   A9 8E      LDA #&8E
     B4CB   8D E0 FE   STA &FEE0
     B4CE   A0 00      LDY #&00
.servFF_copytubecode_loop
     B4D0   B9 36 B5   LDA &B536,Y
     B4D3   99 00 04   STA &0400,Y
     B4D6   B9 98 B2   LDA &B298,Y
     B4D9   99 00 05   STA &0500,Y
     B4DC   B9 98 B3   LDA &B398,Y
     B4DF   99 00 06   STA &0600,Y
     B4E2   88         DEY
     B4E3   D0 EB      BNE &B4D0
     B4E5   20 21 04   JSR &0421
     B4E8   A2 41      LDX #&41
.servFF_copytubezpcode_loop
     B4EA   BD F5 B4   LDA &B4F5,X
     B4ED   95 16      STA &16,X
     B4EF   CA         DEX
     B4F0   10 F8      BPL &B4EA
.servFE_exitA_0
     B4F2   A9 00      LDA #&00
.servFE_exit
     B4F4   60         RTS
.TUBE_ZP_CODE_0016
     B4F5   A9 FF      LDA #&FF
     B4F7   20 9E 06   JSR &069E
     B4FA   AD E3 FE   LDA &FEE3
     B4FD   A9 00      LDA #&00
     B4FF   20 95 06   JSR &0695
     B502   A8         TAY
     B503   B1 FD      LDA (&FD),Y
     B505   20 95 06   JSR &0695
.Label_AF4B
     B508   C8         INY
     B509   B1 FD      LDA (&FD),Y
     B50B   20 95 06   JSR &0695
     B50E   AA         TAX
     B50F   D0 F7      BNE &B508
     B511   A2 FF      LDX #&FF
     B513   9A         TXS
     B514   58         CLI
.Label_AF58
     B515   2C E0 FE   BIT &FEE0
     B518   10 06      BPL &B520
.Label_AF5D
     B51A   AD E1 FE   LDA &FEE1
     B51D   20 EE FF   JSR &FFEE
.Label_AF63
     B520   2C E2 FE   BIT &FEE2
     B523   10 F0      BPL &B515
     B525   2C E0 FE   BIT &FEE0
     B528   30 F0      BMI &B51A
     B52A   AE E3 FE   LDX &FEE3
     B52D   86 51      STX &51
     B52F   6C 00 05   JMP (&0500)
     B532   00 80
     B534   00 00
.TUBE_CODE_400
     B536   4C 84 04   JMP &0484
     B539   4C A7 06   JMP &06A7
     B53C   C9 80      CMP #&80
     B53E   90 2B      BCC &B56B
     B540   C9 C0      CMP #&C0
     B542   B0 1A      BCS &B55E
     B544   09 40      ORA #&40
     B546   C5 15      CMP &15
     B548   D0 20      BNE &B56A
     B54A   08         PHP
     B54B   78         SEI
     B54C   A9 05      LDA #&05
     B54E   20 9E 06   JSR &069E
     B551   A5 15      LDA &15
     B553   20 9E 06   JSR &069E
     B556   28         PLP
     B557   A9 80      LDA #&80
     B559   85 15      STA &15
     B55B   85 14      STA &14
     B55D   60         RTS
.Label_AFA1
     B55E   06 14      ASL &14
     B560   B0 06      BCS &B568
     B562   C5 15      CMP &15
     B564   F0 04      BEQ &B56A
     B566   18         CLC
     B567   60         RTS
.Label_AFAB
     B568   85 15      STA &15
.Label_AFAD
     B56A   60         RTS
.Label_AFAE
     B56B   08         PHP
     B56C   78         SEI
     B56D   84 13      STY &13
     B56F   86 12      STX &12
     B571   20 9E 06   JSR &069E
     B574   AA         TAX
     B575   A0 03      LDY #&03
     B577   A5 15      LDA &15
     B579   20 9E 06   JSR &069E
.Label_AFBF
     B57C   B1 12      LDA (&12),Y
     B57E   20 9E 06   JSR &069E
     B581   88         DEY
     B582   10 F8      BPL &B57C
     B584   A0 18      LDY #&18
     B586   8C E0 FE   STY &FEE0
     B589   BD 18 05   LDA &0518,X
     B58C   8D E0 FE   STA &FEE0
     B58F   4A         LSR A
     B590   4A         LSR A
     B591   90 06      BCC &B599
     B593   2C E5 FE   BIT &FEE5
     B596   2C E5 FE   BIT &FEE5
.Label_AFDC
     B599   20 9E 06   JSR &069E
.Label_AFDF
     B59C   2C E6 FE   BIT &FEE6
     B59F   50 FB      BVC &B59C
     B5A1   B0 0D      BCS &B5B0
     B5A3   E0 04      CPX #&04
     B5A5   D0 11      BNE &B5B8
.Label_AFEA
     B5A7   20 14 04   JSR &0414
     B5AA   20 95 06   JSR &0695
     B5AD   4C 32 00   JMP &0032
.Label_AFF3
     B5B0   4A         LSR A
     B5B1   90 05      BCC &B5B8
     B5B3   A0 88      LDY #&88
     B5B5   8C E0 FE   STY &FEE0
.Label_AFFB
     B5B8   28         PLP
     B5B9   60         RTS
     B5BA   58         CLI
     B5BB   B0 0A      BCS &B5C7
     B5BD   D0 03      BNE &B5C2
     B5BF   4C 9C 05   JMP &059C
.Label_B005
     B5C2   AE 8D 02   LDX &028D
     B5C5   F0 E0      BEQ &B5A7
.Label_B00A
     B5C7   A9 FF      LDA #&FF
     B5C9   20 06 04   JSR &0406
     B5CC   90 F9      BCC &B5C7
     B5CE   20 CE 04   JSR &04CE
.Label_B014
     B5D1   08         PHP
     B5D2   78         SEI
     B5D3   A9 07      LDA #&07
     B5D5   20 C7 04   JSR &04C7
     B5D8   A0 00      LDY #&00
     B5DA   84 00      STY &00
.Label_B01F
     B5DC   B1 00      LDA (&00),Y
     B5DE   8D E5 FE   STA &FEE5
     B5E1   EA         NOP
     B5E2   EA         NOP
     B5E3   EA         NOP
     B5E4   C8         INY
     B5E5   D0 F5      BNE &B5DC
     B5E7   28         PLP
     B5E8   E6 54      INC &54
     B5EA   D0 06      BNE &B5F2
     B5EC   E6 55      INC &55
     B5EE   D0 02      BNE &B5F2
     B5F0   E6 56      INC &56
.Label_B035
     B5F2   E6 01      INC &01
     B5F4   24 01      BIT &01
     B5F6   50 D9      BVC &B5D1
     B5F8   20 CE 04   JSR &04CE
     B5FB   A9 04      LDA #&04
     B5FD   A0 00      LDY #&00
     B5FF   A2 53      LDX #&53
     B601   4C 06 04   JMP &0406
     B604   A9 80      LDA #&80
     B606   85 54      STA &54
     B608   85 01      STA &01
     B60A   A9 20      LDA #&20
     B60C   2D 06 80   AND &8006
     B60F   A8         TAY
     B610   84 53      STY &53
     B612   F0 19      BEQ &B62D
     B614   AE 07 80   LDX &8007
.Label_B05A
     B617   E8         INX
     B618   BD 00 80   LDA &8000,X
     B61B   D0 FA      BNE &B617
     B61D   BD 01 80   LDA &8001,X
     B620   85 53      STA &53
     B622   BD 02 80   LDA &8002,X
     B625   85 54      STA &54
     B627   BC 03 80   LDY &8003,X
     B62A   BD 04 80   LDA &8004,X
.Label_B070
     B62D   85 56      STA &56
     B62F   84 55      STY &55
     B631   60         RTS
Processed file 'TubeHost230.asm' ok
    code ends at&B632  (204 bytes free )
Saving file 'build/1/SWMMFS'
Processed file 'mmfs100.asm' ok
Processed file 'top_SWMMFS.asm' ok
