Including file DEVICE.asm
Processed file 'DEVICE.asm' ok
Including file mmfs100.asm
     B6FE   19
     B6FF   67
Including file VERSION.asm
Processed file 'VERSION.asm' ok
Including file SYSVARS.asm
Processed file 'SYSVARS.asm' ok
.langentry
     8000   00         BRK
     8001   00         BRK
     8002   00         BRK
.serventry
     8003   4C 91 8D   JMP &8D91
.romtype
     8006   82
.copywoffset
     8007   27
.binversion
     8008   7B
.title
Macro BUILD_NAME:
Macro BASE_NAME:
     8009   4D 6F 64 ...
Macro SYSTEM_NAME:
     8011   4D 4D 46 ...
End macro SYSTEM_NAME
     8016   20 53 57 ...
End macro BASE_NAME
Macro DEVICE_NAME:
     801C   20 54 75 ...
End macro DEVICE_NAME
Macro DFS_EMUL_NAME:
End macro DFS_EMUL_NAME
     8022   00
End macro BUILD_NAME
.version
Macro BUILD_VERSION:
     8023   31 2E 36 ...
     8027   00
End macro BUILD_VERSION
.copyright
Macro BUILD_COPYRIGHT:
     8028   28 43 29 ...
     8036   00
End macro BUILD_COPYRIGHT
.header_end
.Go_FSCV
     8037   6C 1E 02   JMP (&021E)
.SetLEDS
     803A   A2 06      LDX #&06
     803C   8E 40 FE   STX &FE40
     803F   E8         INX
     8040   8E 40 FE   STX &FE40
     8043   60         RTS
.ResetLEDS
     8044   20 F6 83   JSR &83F6
     8047   A9 76      LDA #&76
     8049   4C F4 FF   JMP &FFF4
.errDISK
     804C   20 61 80   JSR &8061
     804F   00         BRK
     8050   44 69 73 ...
     8055   90 21      BCC &8078
.errBAD
     8057   20 61 80   JSR &8061
     805A   00         BRK
     805B   42 61 64 ...
     805F   90 17      BCC &8078
.ReportErrorCB
     8061   AD DD B9   LDA &B9DD
     8064   D0 03      BNE &8069
     8066   20 C0 96   JSR &96C0
.brk100_notbuf
     8069   A9 FF      LDA #&FF
     806B   8D 82 B9   STA &B982
     806E   8D DD B9   STA &B9DD
.ReportError
     8071   A2 02      LDX #&02
     8073   A9 00      LDA #&00
     8075   8D 00 01   STA &0100
.ErrCONTINUE
     8078   20 44 80   JSR &8044
.ReportError2
     807B   68         PLA
     807C   85 AE      STA &AE
     807E   68         PLA
     807F   85 AF      STA &AF
     8081   A0 00      LDY #&00
     8083   20 ED 83   JSR &83ED
     8086   8D 01 01   STA &0101
     8089   CA         DEX
.errstr_loop
     808A   E8         INX
     808B   20 ED 83   JSR &83ED
     808E   9D 00 01   STA &0100,X
     8091   30 27      BMI &80BA
     8093   D0 F5      BNE &808A
     8095   20 63 8C   JSR &8C63
     8098   4C 00 01   JMP &0100
.PrintNibble_PrintString
     809B   20 05 81   JSR &8105
.PrintString
     809E   85 B3      STA &B3
     80A0   68         PLA
     80A1   85 AE      STA &AE
     80A3   68         PLA
     80A4   85 AF      STA &AF
     80A6   A5 B3      LDA &B3
     80A8   48         PHA
     80A9   98         TYA
     80AA   48         PHA
     80AB   A0 00      LDY #&00
.prtstr_loop
     80AD   20 ED 83   JSR &83ED
     80B0   30 05      BMI &80B7
     80B2   20 E1 80   JSR &80E1
     80B5   10 F6      BPL &80AD
.prtstr_return1
     80B7   68         PLA
     80B8   A8         TAY
     80B9   68         PLA
.prtstr_return2
     80BA   18         CLC
     80BB   6C AE 00   JMP (&00AE)
.PrintStringSPL
     80BE   85 B3      STA &B3
     80C0   68         PLA
     80C1   85 AE      STA &AE
     80C3   68         PLA
     80C4   85 AF      STA &AF
     80C6   A5 B3      LDA &B3
     80C8   48         PHA
     80C9   98         TYA
     80CA   48         PHA
     80CB   A0 00      LDY #&00
.pstr_loop
     80CD   20 ED 83   JSR &83ED
     80D0   30 E5      BMI &80B7
     80D2   20 E3 FF   JSR &FFE3
     80D5   4C CD 80   JMP &80CD
.PrintSpace
     80D8   A9 20      LDA #&20
     80DA   D0 05      BNE &80E1
.PrintNibFullStop
     80DC   20 05 81   JSR &8105
.PrintFullStop
     80DF   A9 2E      LDA #&2E
.PrintChrA
     80E1   20 F6 83   JSR &83F6
     80E4   48         PHA
     80E5   A9 EC      LDA #&EC
     80E7   20 2D 93   JSR &932D
     80EA   8A         TXA
     80EB   48         PHA
     80EC   09 10      ORA #&10
     80EE   AA         TAX
     80EF   20 F8 80   JSR &80F8
     80F2   68         PLA
     80F3   AA         TAX
     80F4   68         PLA
     80F5   20 E3 FF   JSR &FFE3
.osbyte03_Xoutstream
     80F8   A9 03      LDA #&03
     80FA   4C F4 FF   JMP &FFF4
.PrintHex
     80FD   48         PHA
     80FE   20 22 82   JSR &8222
     8101   20 05 81   JSR &8105
     8104   68         PLA
.PrintNibble
     8105   20 27 81   JSR &8127
     8108   D0 D7      BNE &80E1
.PrintBCDSPL
     810A   20 2E 84   JSR &842E
.PrintHexSPL
     810D   48         PHA
     810E   20 22 82   JSR &8222
     8111   20 15 81   JSR &8115
     8114   68         PLA
.PrintNibbleSPL
     8115   20 27 81   JSR &8127
     8118   4C EE FF   JMP &FFEE
.Print2SpacesSPL
     811B   20 1E 81   JSR &811E
.PrintSpaceSPL
     811E   48         PHA
     811F   A9 20      LDA #&20
     8121   20 EE FF   JSR &FFEE
     8124   68         PLA
     8125   18         CLC
     8126   60         RTS
.NibToASC
     8127   29 0F      AND #&0F
     8129   C9 0A      CMP #&0A
     812B   90 02      BCC &812F
     812D   69 06      ADC #&06
.nibasc
     812F   69 30      ADC #&30
     8131   60         RTS
.CopyVarsB0BA
     8132   20 42 81   JSR &8142
     8135   CA         DEX
     8136   CA         DEX
     8137   20 3A 81   JSR &813A
.cpybyte1
     813A   B1 B0      LDA (&B0),Y
     813C   9D 72 B9   STA &B972,X
     813F   E8         INX
     8140   C8         INY
     8141   60         RTS
.CopyWordB0BA
     8142   20 45 81   JSR &8145
.cpybyte2
     8145   B1 B0      LDA (&B0),Y
     8147   95 BA      STA &BA,X
     8149   E8         INX
     814A   C8         INY
     814B   60         RTS
.read_fspTextPointer
     814C   20 CD 8B   JSR &8BCD
     814F   4C 62 81   JMP &8162
.read_fspBA_reset
     8152   20 CD 8B   JSR &8BCD
.read_fspBA
     8155   A5 BA      LDA &BA
     8157   85 F2      STA &F2
     8159   A5 BB      LDA &BB
     815B   85 F3      STA &F3
     815D   A0 00      LDY #&00
     815F   20 C3 81   JSR &81C3
.rdafsp_entry
     8162   A2 20      LDX #&20
     8164   20 A8 81   JSR &81A8
     8167   B0 1B      BCS &8184
     8169   8D 00 B9   STA &B900
     816C   C9 2E      CMP #&2E
     816E   D0 04      BNE &8174
.rdafsp_setdrv
     8170   86 CC      STX &CC
     8172   F0 EE      BEQ &8162
.rdafsp_notdot
     8174   C9 3A      CMP #&3A
     8176   D0 15      BNE &818D
     8178   20 E2 8B   JSR &8BE2
     817B   20 A8 81   JSR &81A8
     817E   B0 04      BCS &8184
     8180   C9 2E      CMP #&2E
     8182   F0 DE      BEQ &8162
.errBadName
     8184   20 57 80   JSR &8057
     8187   CC
     8188   6E 61 6D ...
     818C   00
.rdafsp_notcolon
     818D   AA         TAX
     818E   20 A8 81   JSR &81A8
     8191   B0 34      BCS &81C7
     8193   C9 2E      CMP #&2E
     8195   F0 D9      BEQ &8170
     8197   A2 01      LDX #&01
.rdafsp_rdfnloop
     8199   9D 00 B9   STA &B900,X
     819C   E8         INX
     819D   20 A8 81   JSR &81A8
     81A0   B0 27      BCS &81C9
     81A2   E0 07      CPX #&07
     81A4   D0 F3      BNE &8199
     81A6   F0 DC      BEQ &8184
.GSREAD_A
     81A8   20 C5 FF   JSR &FFC5
     81AB   08         PHP
     81AC   29 7F      AND #&7F
     81AE   C9 0D      CMP #&0D
     81B0   F0 08      BEQ &81BA
     81B2   C9 20      CMP #&20
     81B4   90 CE      BCC &8184
     81B6   C9 7F      CMP #&7F
     81B8   F0 CA      BEQ &8184
.dogsrd_exit
     81BA   28         PLP
     81BB   60         RTS
.SetTextPointerYX
     81BC   86 F2      STX &F2
     81BE   84 F3      STY &F3
     81C0   A0 00      LDY #&00
     81C2   60         RTS
.GSINIT_A
     81C3   18         CLC
     81C4   4C C2 FF   JMP &FFC2
.Rdafsp_padall
     81C7   A2 01      LDX #&01
.rdafsp_padX
     81C9   A9 20      LDA #&20
.rdafsp_padloop
     81CB   9D 00 B9   STA &B900,X
     81CE   E8         INX
     81CF   E0 40      CPX #&40
     81D1   D0 F8      BNE &81CB
     81D3   A2 06      LDX #&06
.rdafsp_cpyfnloop
     81D5   BD 00 B9   LDA &B900,X
     81D8   95 C5      STA &C5,X
     81DA   CA         DEX
     81DB   10 F8      BPL &81D5
     81DD   60         RTS
.prt_filename_Yoffset
     81DE   20 F6 83   JSR &83F6
     81E1   B9 0F B7   LDA &B70F,Y
     81E4   08         PHP
     81E5   29 7F      AND #&7F
     81E7   D0 05      BNE &81EE
     81E9   20 1B 81   JSR &811B
     81EC   F0 06      BEQ &81F4
.prt_filename_prtchr
     81EE   20 E1 80   JSR &80E1
     81F1   20 DF 80   JSR &80DF
.prt_filename_nodir
     81F4   A2 06      LDX #&06
.prt_filename_loop
     81F6   B9 08 B7   LDA &B708,Y
     81F9   29 7F      AND #&7F
     81FB   20 E1 80   JSR &80E1
     81FE   C8         INY
     81FF   CA         DEX
     8200   10 F4      BPL &81F6
     8202   20 1B 81   JSR &811B
     8205   A9 20      LDA #&20
     8207   28         PLP
     8208   10 02      BPL &820C
     820A   A9 4C      LDA #&4C
.prt_filename_notlocked
     820C   20 E1 80   JSR &80E1
     820F   A0 01      LDY #&01
.prt_Yspaces
     8211   20 1E 81   JSR &811E
     8214   88         DEY
     8215   D0 FA      BNE &8211
     8217   60         RTS
.A_rorx6and3
     8218   4A         LSR A
     8219   4A         LSR A
.A_rorx4and3
     821A   4A         LSR A
     821B   4A         LSR A
.A_rorx2and3
     821C   4A         LSR A
     821D   4A         LSR A
     821E   29 03      AND #&03
     8220   60         RTS
.A_rorx5
     8221   4A         LSR A
.A_rorx4
     8222   4A         LSR A
     8223   4A         LSR A
     8224   4A         LSR A
     8225   4A         LSR A
     8226   60         RTS
.A_rolx5
     8227   0A         ASL A
.A_rolx4
     8228   0A         ASL A
     8229   0A         ASL A
     822A   0A         ASL A
     822B   0A         ASL A
.getcat_exit
     822C   60         RTS
.parameter_afsp_Param_SyntaxErrorIfNull_getcatentry_fspTxtP
     822D   20 35 92   JSR &9235
.Param_SyntaxErrorIfNull_getcatentry_fspTxtP
     8230   20 B1 99   JSR &99B1
.getcatentry_fspTxtP
     8233   20 4C 81   JSR &814C
     8236   30 03      BMI &823B
.getcatentry_fspBA
     8238   20 52 81   JSR &8152
.getcatentry
     823B   20 80 82   JSR &8280
     823E   B0 EC      BCS &822C
.err_FILENOTFOUND
     8240   20 71 80   JSR &8071
     8243   D6
     8244   4E 6F 74 ...
     824D   00
.fscv9_starEX
     824E   20 BC 81   JSR &81BC
.CMD_EX
     8251   20 CD 8B   JSR &8BCD
     8254   20 C3 81   JSR &81C3
     8257   F0 03      BEQ &825C
     8259   20 88 89   JSR &8988
.cmd_ex_nullstr
     825C   A9 2A      LDA #&2A
     825E   8D 00 B9   STA &B900
     8261   20 C7 81   JSR &81C7
     8264   20 35 92   JSR &9235
     8267   20 3B 82   JSR &823B
     826A   4C 77 82   JMP &8277
.fscv10_starINFO
     826D   20 BC 81   JSR &81BC
     8270   A9 4E      LDA #&4E
     8272   85 BF      STA &BF
.CMD_INFO
     8274   20 2D 82   JSR &822D
.cmd_info_loop
     8277   20 4C 83   JSR &834C
     827A   20 87 82   JSR &8287
     827D   B0 F8      BCS &8277
     827F   60         RTS
.get_cat_firstentry80
.get_cat_firstentry81
     8280   20 F8 A0   JSR &A0F8
     8283   A2 00      LDX #&00
     8285   F0 18      BEQ &829F
.get_cat_nextentry
     8287   A2 00      LDX #&00
     8289   F0 18      BEQ &82A3
.get_cat_firstentry80fname
     828B   A2 06      LDX #&06
.getcatloop1
     828D   B5 C5      LDA &C5,X
     828F   9D 58 B9   STA &B958,X
     8292   CA         DEX
     8293   10 F8      BPL &828D
     8295   A9 20      LDA #&20
     8297   8D 5F B9   STA &B95F
     829A   20 F8 A0   JSR &A0F8
     829D   A2 58      LDX #&58
.getcatentry2
     829F   A9 00      LDA #&00
     82A1   85 B6      STA &B6
.getcatsetupB7
     82A3   A9 B7      LDA #&B7
     82A5   85 B7      STA &B7
.getcatloop2
     82A7   A0 00      LDY #&00
     82A9   A5 B6      LDA &B6
     82AB   CD 05 B8   CMP &B805
     82AE   B0 49      BCS &82F9
     82B0   69 08      ADC #&08
     82B2   85 B6      STA &B6
     82B4   20 CE 82   JSR &82CE
     82B7   90 EE      BCC &82A7
     82B9   A5 CC      LDA &CC
     82BB   A0 07      LDY #&07
     82BD   20 FB 82   JSR &82FB
     82C0   D0 E5      BNE &82A7
     82C2   A4 B6      LDY &B6
     82C4   38         SEC
.Y_sub8
     82C5   88         DEY
     82C6   88         DEY
     82C7   88         DEY
     82C8   88         DEY
     82C9   88         DEY
     82CA   88         DEY
     82CB   88         DEY
     82CC   88         DEY
.NotCmdTable2
     82CD   60         RTS
.MatchFilename
     82CE   20 F6 83   JSR &83F6
.matfn_loop1
     82D1   BD 00 B9   LDA &B900,X
     82D4   CD CE B9   CMP &B9CE
     82D7   D0 13      BNE &82EC
     82D9   E8         INX
.matfn_loop2
     82DA   20 CE 82   JSR &82CE
     82DD   B0 1B      BCS &82FA
     82DF   C8         INY
     82E0   C0 07      CPY #&07
     82E2   90 F6      BCC &82DA
.matfn_loop3
     82E4   BD 00 B9   LDA &B900,X
     82E7   C9 20      CMP #&20
     82E9   D0 0E      BNE &82F9
     82EB   60         RTS
.matfn_nomatch
     82EC   C0 07      CPY #&07
     82EE   B0 F4      BCS &82E4
     82F0   20 FB 82   JSR &82FB
     82F3   D0 04      BNE &82F9
     82F5   E8         INX
     82F6   C8         INY
     82F7   D0 D8      BNE &82D1
.matfn_exitC0
     82F9   18         CLC
.matfn_exit
     82FA   60         RTS
.MatchChr
     82FB   CD CE B9   CMP &B9CE
     82FE   F0 10      BEQ &8310
     8300   CD CD B9   CMP &B9CD
     8303   F0 0B      BEQ &8310
     8305   20 39 83   JSR &8339
     8308   51 B6      EOR (&B6),Y
     830A   B0 02      BCS &830E
     830C   29 5F      AND #&5F
.matchr_notalpha
     830E   29 7F      AND #&7F
.matchr_exit
     8310   60         RTS
.UcaseA2
     8311   08         PHP
     8312   20 39 83   JSR &8339
     8315   B0 02      BCS &8319
     8317   29 5F      AND #&5F
.ucasea
     8319   29 7F      AND #&7F
     831B   28         PLP
     831C   60         RTS
.DeleteCatEntry_YFileOffset
     831D   20 EA 92   JSR &92EA
.delcatloop
     8320   B9 10 B7   LDA &B710,Y
     8323   99 08 B7   STA &B708,Y
     8326   B9 10 B8   LDA &B810,Y
     8329   99 08 B8   STA &B808,Y
     832C   C8         INY
     832D   CC 05 B8   CPY &B805
     8330   90 EE      BCC &8320
     8332   98         TYA
     8333   E9 08      SBC #&08
     8335   8D 05 B8   STA &B805
.print_infoline_exit
     8338   60         RTS
.IsAlphaChar
     8339   48         PHA
     833A   29 5F      AND #&5F
     833C   C9 41      CMP #&41
     833E   90 04      BCC &8344
     8340   C9 5B      CMP #&5B
     8342   90 01      BCC &8345
.isalpha1
     8344   38         SEC
.isalpha2
     8345   68         PLA
     8346   60         RTS
.prt_InfoMsg_Yoffset
     8347   2C C6 B9   BIT &B9C6
     834A   30 EC      BMI &8338
.prt_InfoLine_Yoffset
     834C   20 F6 83   JSR &83F6
     834F   20 DE 81   JSR &81DE
     8352   98         TYA
     8353   48         PHA
     8354   A9 60      LDA #&60
     8356   85 B0      STA &B0
     8358   A9 B9      LDA #&B9
     835A   85 B1      STA &B1
     835C   20 97 83   JSR &8397
     835F   A0 02      LDY #&02
     8361   20 1E 81   JSR &811E
     8364   20 85 83   JSR &8385
     8367   20 85 83   JSR &8385
     836A   20 85 83   JSR &8385
     836D   68         PLA
     836E   A8         TAY
     836F   B9 0E B8   LDA &B80E,Y
     8372   29 03      AND #&03
     8374   20 05 81   JSR &8105
     8377   B9 0F B8   LDA &B80F,Y
     837A   20 FD 80   JSR &80FD
.PrintNewLine
     837D   48         PHA
     837E   A9 0D      LDA #&0D
     8380   20 E1 80   JSR &80E1
     8383   68         PLA
     8384   60         RTS
.PrintHex3Byte
     8385   A2 03      LDX #&03
.printhex3byte_loop
     8387   B9 62 B9   LDA &B962,Y
     838A   20 FD 80   JSR &80FD
     838D   88         DEY
     838E   CA         DEX
     838F   D0 F6      BNE &8387
     8391   20 F1 87   JSR &87F1
     8394   4C 1E 81   JMP &811E
.ReadFileAttribsToB0_Yoffset
     8397   20 F6 83   JSR &83F6
     839A   98         TYA
     839B   48         PHA
     839C   AA         TAX
     839D   A0 12      LDY #&12
     839F   A9 00      LDA #&00
.readfileattribs_clearloop
     83A1   88         DEY
     83A2   91 B0      STA (&B0),Y
     83A4   C0 02      CPY #&02
     83A6   D0 F9      BNE &83A1
.readfileattribs_copyloop
     83A8   20 E2 83   JSR &83E2
     83AB   C8         INY
     83AC   C8         INY
     83AD   C0 0E      CPY #&0E
     83AF   D0 F7      BNE &83A8
     83B1   68         PLA
     83B2   AA         TAX
     83B3   BD 0F B7   LDA &B70F,X
     83B6   10 04      BPL &83BC
     83B8   A9 08      LDA #&08
     83BA   91 B0      STA (&B0),Y
.readfileattribs_notlocked
     83BC   BD 0E B8   LDA &B80E,X
     83BF   A0 04      LDY #&04
     83C1   20 D0 83   JSR &83D0
     83C4   A0 0C      LDY #&0C
     83C6   4A         LSR A
     83C7   4A         LSR A
     83C8   48         PHA
     83C9   29 03      AND #&03
     83CB   91 B0      STA (&B0),Y
     83CD   68         PLA
     83CE   A0 08      LDY #&08
.readfileattribs_addrHiBytes
     83D0   4A         LSR A
     83D1   4A         LSR A
     83D2   48         PHA
     83D3   29 03      AND #&03
     83D5   C9 03      CMP #&03
     83D7   D0 05      BNE &83DE
     83D9   A9 FF      LDA #&FF
     83DB   91 B0      STA (&B0),Y
     83DD   C8         INY
.readfileattribs_nothost
     83DE   91 B0      STA (&B0),Y
.readfileattribs_exits
     83E0   68         PLA
     83E1   60         RTS
.readfileattribs_copy2bytes
     83E2   20 E5 83   JSR &83E5
.readfileattribs_copy1byte
     83E5   BD 08 B8   LDA &B808,X
     83E8   91 B0      STA (&B0),Y
     83EA   E8         INX
     83EB   C8         INY
     83EC   60         RTS
.inc_word_AE_and_load
     83ED   E6 AE      INC &AE
     83EF   D0 02      BNE &83F3
     83F1   E6 AF      INC &AF
.inc_word_AE_exit
     83F3   B1 AE      LDA (&AE),Y
     83F5   60         RTS
.RememberAXY
     83F6   48         PHA
     83F7   8A         TXA
     83F8   48         PHA
     83F9   98         TYA
     83FA   48         PHA
     83FB   A9 84      LDA #&84
     83FD   48         PHA
     83FE   A9 18      LDA #&18
     8400   48         PHA
.rAXY_loop_init
     8401   A0 05      LDY #&05
.rAXY_loop
     8403   BA         TSX
     8404   BD 07 01   LDA &0107,X
     8407   48         PHA
     8408   88         DEY
     8409   D0 F8      BNE &8403
     840B   A0 0A      LDY #&0A
.rAXY_loop2
     840D   BD 09 01   LDA &0109,X
     8410   9D 0B 01   STA &010B,X
     8413   CA         DEX
     8414   88         DEY
     8415   D0 F6      BNE &840D
     8417   68         PLA
     8418   68         PLA
.rAXY_restore
     8419   68         PLA
     841A   A8         TAY
     841B   68         PLA
     841C   AA         TAX
     841D   68         PLA
     841E   60         RTS
.RememberXYonly
     841F   48         PHA
     8420   8A         TXA
     8421   48         PHA
     8422   98         TYA
     8423   48         PHA
     8424   20 01 84   JSR &8401
.axyret1
     8427   BA         TSX
     8428   9D 03 01   STA &0103,X
     842B   4C 19 84   JMP &8419
.BinaryToBCD
     842E   20 1F 84   JSR &841F
     8431   A8         TAY
     8432   F0 0A      BEQ &843E
     8434   18         CLC
     8435   F8         SED
     8436   A9 00      LDA #&00
.bbcd_loop
     8438   69 01      ADC #&01
     843A   88         DEY
     843B   D0 FB      BNE &8438
     843D   D8         CLD
.bbcd_exit
     843E   60         RTS
.Param_ReadNum
     843F   20 C3 81   JSR &81C3
     8442   38         SEC
     8443   F0 2A      BEQ &846F
     8445   08         PHP
     8446   A9 00      LDA #&00
     8448   85 B9      STA &B9
     844A   F0 18      BEQ &8464
.L1
     844C   38         SEC
     844D   E9 30      SBC #&30
     844F   90 1D      BCC &846E
     8451   C9 0A      CMP #&0A
     8453   B0 19      BCS &846E
     8455   85 B8      STA &B8
     8457   A5 B9      LDA &B9
     8459   0A         ASL A
     845A   85 B9      STA &B9
     845C   0A         ASL A
     845D   0A         ASL A
     845E   65 B9      ADC &B9
     8460   65 B8      ADC &B8
     8462   85 B9      STA &B9
.L2
     8464   20 C5 FF   JSR &FFC5
     8467   90 E3      BCC &844C
     8469   A6 B9      LDX &B9
     846B   28         PLP
     846C   18         CLC
     846D   60         RTS
.L3
     846E   28         PLP
.L4
     846F   60         RTS
.fscv5_starCAT
     8470   20 BC 81   JSR &81BC
     8473   20 DA 8B   JSR &8BDA
     8476   20 06 A1   JSR &A106
     8479   A0 FF      LDY #&FF
     847B   84 A8      STY &A8
     847D   C8         INY
     847E   84 AA      STY &AA
.cat_titleloop
     8480   B9 00 B7   LDA &B700,Y
     8483   C0 08      CPY #&08
     8485   90 03      BCC &848A
     8487   B9 F8 B7   LDA &B7F8,Y
.cat_titlelo
     848A   20 E1 80   JSR &80E1
     848D   C8         INY
     848E   C0 0C      CPY #&0C
     8490   D0 EE      BNE &8480
     8492   20 9E 80   JSR &809E
     8495   20 28 
     8497   AD 04 B8   LDA &B804
     849A   20 FD 80   JSR &80FD
     849D   20 9E 80   JSR &809E
     84A0   29 
     84A1   0D
     84A2   44 72 69 ...
     84A8   A5 CD      LDA &CD
     84AA   20 05 81   JSR &8105
     84AD   A0 0D      LDY #&0D
     84AF   20 11 82   JSR &8211
     84B2   20 9E 80   JSR &809E
     84B5   4F 70 74 ...
     84BC   AD 06 B8   LDA &B806
     84BF   20 22 82   JSR &8222
     84C2   48         PHA
     84C3   20 9B 80   JSR &809B
     84C6   20 28 
     84C8   A0 03      LDY #&03
     84CA   68         PLA
     84CB   0A         ASL A
     84CC   0A         ASL A
     84CD   AA         TAX
.cat_printoptionnameloop
     84CE   BD BA 85   LDA &85BA,X
     84D1   20 E1 80   JSR &80E1
     84D4   E8         INX
     84D5   88         DEY
     84D6   10 F6      BPL &84CE
     84D8   20 9E 80   JSR &809E
     84DB   29 
     84DC   0D
     84DD   44 69 72 ...
     84E3   AD CA B9   LDA &B9CA
     84E6   20 DC 80   JSR &80DC
     84E9   AD C9 B9   LDA &B9C9
     84EC   20 E1 80   JSR &80E1
     84EF   A0 0B      LDY #&0B
     84F1   20 11 82   JSR &8211
     84F4   20 9E 80   JSR &809E
     84F7   4C 69 62 ...
     84FD   AD CC B9   LDA &B9CC
     8500   20 DC 80   JSR &80DC
     8503   AD CB B9   LDA &B9CB
     8506   20 E1 80   JSR &80E1
     8509   20 7D 83   JSR &837D
     850C   A0 00      LDY #&00
.cat_curdirloop
     850E   CC 05 B8   CPY &B805
     8511   B0 17      BCS &852A
     8513   B9 0F B7   LDA &B70F,Y
     8516   4D C9 B9   EOR &B9C9
     8519   29 5F      AND #&5F
     851B   D0 08      BNE &8525
     851D   B9 0F B7   LDA &B70F,Y
     8520   29 80      AND #&80
     8522   99 0F B7   STA &B70F,Y
.cat_curdirnext
     8525   20 F0 87   JSR &87F0
     8528   90 E4      BCC &850E
.cat_sortloop1
     852A   A0 00      LDY #&00
     852C   20 3C 85   JSR &853C
     852F   90 16      BCC &8547
     8531   A9 FF      LDA #&FF
     8533   8D 82 B9   STA &B982
     8536   4C 7D 83   JMP &837D
.cat_getnextunmarkedfile_loop
     8539   20 F0 87   JSR &87F0
.cat_getnextunmarkedfileY
     853C   CC 05 B8   CPY &B805
     853F   B0 05      BCS &8546
     8541   B9 08 B7   LDA &B708,Y
     8544   30 F3      BMI &8539
.cat_exit
     8546   60         RTS
.cat_printfilename
     8547   84 AB      STY &AB
     8549   A2 00      LDX #&00
.cat_copyfnloop
     854B   B9 08 B7   LDA &B708,Y
     854E   20 11 83   JSR &8311
     8551   9D 60 B9   STA &B960,X
     8554   C8         INY
     8555   E8         INX
     8556   E0 08      CPX #&08
     8558   D0 F1      BNE &854B
.cat_comparefnloop1
     855A   20 3C 85   JSR &853C
     855D   B0 23      BCS &8582
     855F   38         SEC
     8560   A2 06      LDX #&06
.cat_comparefnloop2
     8562   B9 0E B7   LDA &B70E,Y
     8565   20 11 83   JSR &8311
     8568   FD 60 B9   SBC &B960,X
     856B   88         DEY
     856C   CA         DEX
     856D   10 F3      BPL &8562
     856F   20 F1 87   JSR &87F1
     8572   B9 0F B7   LDA &B70F,Y
     8575   20 11 83   JSR &8311
     8578   ED 67 B9   SBC &B967
     857B   90 CA      BCC &8547
     857D   20 F0 87   JSR &87F0
     8580   B0 D8      BCS &855A
.cat_printfn
     8582   A4 AB      LDY &AB
     8584   B9 08 B7   LDA &B708,Y
     8587   09 80      ORA #&80
     8589   99 08 B7   STA &B708,Y
     858C   AD 67 B9   LDA &B967
     858F   C5 AA      CMP &AA
     8591   F0 10      BEQ &85A3
     8593   A6 AA      LDX &AA
     8595   85 AA      STA &AA
     8597   D0 0A      BNE &85A3
     8599   20 7D 83   JSR &837D
.cat_newline
     859C   20 7D 83   JSR &837D
     859F   A0 FF      LDY #&FF
     85A1   D0 09      BNE &85AC
.cat_samedir
     85A3   A4 A8      LDY &A8
     85A5   D0 F5      BNE &859C
     85A7   A0 05      LDY #&05
     85A9   20 11 82   JSR &8211
.cat_skipspaces
     85AC   C8         INY
     85AD   84 A8      STY &A8
     85AF   A4 AB      LDY &AB
     85B1   20 1B 81   JSR &811B
     85B4   20 DE 81   JSR &81DE
     85B7   4C 2A 85   JMP &852A
.diskoptions_table
     85BA   6F 66 66 
     85BD   00
     85BE   4C 4F 41 ...
     85C2   52 55 4E 
     85C5   00
     85C6   45 58 45 ...
.cmdtable1
     85CA   FF
     85CB   41 43 43 ...
     85D1   B2
     85D2   42 41 43 ...
     85D8   8C
     85D9   43 4C 4F ...
     85DE   80
     85DF   43 4F 4D ...
     85E6   85
     85E7   43 4F 50 ...
     85EB   AC
     85EC   44 45 4C ...
     85F2   88
     85F3   44 45 53 ...
     85FA   82
     85FB   44 49 52 
     85FE   86
     85FF   44 52 49 ...
     8604   81
     8605   45 4E 41 ...
     860B   80
     860C   45 58 
     860E   86
     860F   46 4F 52 ...
     8613   DF
     8614   46 52 45 ...
     8618   84
.info_cmd_index
     8619   49 4E 46 ...
     861D   82
     861E   4C 49 42 
     8621   86
     8622   4D 41 50 
     8625   84
     8626   52 45 4E ...
     862C   8D
     862D   54 49 54 ...
     8632   8A
     8633   56 45 52 ...
     8639   85
     863A   57 49 50 ...
     863E   82
     863F   00         BRK
.cmdtable2
     8640   14
     8641   42 55 49 ...
     8646   88
     8647   44 55 4D ...
     864B   88
     864C   4C 49 53 ...
     8650   88
     8651   54 59 50 ...
     8655   88
     8656   00         BRK
.cmdtable22
     8657   19
     8658   44 49 53 ...
     865C   80
     865D   44 49 53 ...
     8661   80
     8662   4D 4D 46 ...
     8666   80
     8667   43 41 52 ...
     866B   80
     866C   00         BRK
.cmdtable3
     866D   1E
     866E   44 55 54 ...
     8674   80
     8675   4D 4D 46 ...
     8679   80
     867A   55 54 49 ...
     867F   80
     8680   00         BRK
.cmdtable4
     8681   22
     8682   41 43 43 ...
     8688   BE
     8689   42 4F 4F ...
     868D   89
     868E   42 55 47 
     8691   80
     8692   43 41 54 
     8695   8E
     8696   44 49 52 
     8699   89
     869A   44 52 49 ...
     869F   80
     86A0   49 4E 
     86A2   F4
     86A3   4F 55 54 
     86A6   84
     86A7   52 45 4E ...
     86AD   F7
     86AE   41 42 4F ...
     86B3   80
     86B4   00         BRK
.cmdaddr1
     86B5   DD 89
     86B7   26 9C
     86B9   A6 93
     86BB   C7 9A
     86BD   7F 9C
     86BF   A4 87
     86C1   B3 87
     86C3   66 89
     86C5   03 88
     86C7   95 8B
     86C9   50 82
     86CB   83 1D
     86CD   DF 9E
     86CF   73 82
     86D1   6A 89
     86D3   E2 9E
     86D5   FB 8B
     86D7   B1 89
     86D9   7F 1D
     86DB   7B 87
     86DD   10 87
.cmdaddr2
     86DF   6E B2
     86E1   C7 B1
     86E3   36 B2
     86E5   32 B2
     86E7   CC 82
.cmdaddr22
     86E9   C5 8C
     86EB   C5 8C
     86ED   CF 8C
     86EF   CF 8C
     86F1   0C 8E
.cmdaddr3
     86F3   96 99
     86F5   56 99
     86F7   9D 99
     86F9   A4 99
.cmdaddr4
     86FB   83 2E
     86FD   9A 2C
     86FF   69 27
     8701   7F 2C
     8703   30 2D
     8705   33 2E
     8707   C9 2C
     8709   03 2E
     870B   C0 2E
     870D   57 A7
     870F   A3 88
.cmdaddrX
.NotCmdTable1
     8711   A2 B7      LDX #&B7
     8713   20 C3 81   JSR &81C3
     8716   B1 F2      LDA (&F2),Y
     8718   C8         INY
     8719   09 20      ORA #&20
     871B   C9 64      CMP #&64
     871D   F0 09      BEQ &8728
     871F   88         DEY
     8720   4C A4 88   JMP &88A4
.fscv3_unreccommand
     8723   20 BC 81   JSR &81BC
     8726   A2 00      LDX #&00
.UnrecCommandTextPointer
     8728   BD CA 85   LDA &85CA,X
     872B   85 BE      STA &BE
     872D   98         TYA
     872E   48         PHA
.unrecloop1
     872F   E6 BE      INC &BE
     8731   68         PLA
     8732   48         PHA
     8733   A8         TAY
     8734   20 C3 81   JSR &81C3
     8737   E8         INX
     8738   BD CA 85   LDA &85CA,X
     873B   F0 28      BEQ &8765
     873D   CA         DEX
     873E   88         DEY
     873F   86 BF      STX &BF
.unrecloop2
     8741   E8         INX
     8742   C8         INY
     8743   BD CA 85   LDA &85CA,X
     8746   30 16      BMI &875E
.unrecloop2in
     8748   51 F2      EOR (&F2),Y
     874A   29 5F      AND #&5F
     874C   F0 F3      BEQ &8741
     874E   CA         DEX
.unrecloop3
     874F   E8         INX
     8750   BD CA 85   LDA &85CA,X
     8753   10 FA      BPL &874F
     8755   B1 F2      LDA (&F2),Y
     8757   C9 2E      CMP #&2E
     8759   D0 D4      BNE &872F
     875B   C8         INY
     875C   B0 07      BCS &8765
.endofcmd_oncmdline
     875E   B1 F2      LDA (&F2),Y
     8760   20 39 83   JSR &8339
     8763   90 CA      BCC &872F
.gocmdcode
     8765   68         PLA
     8766   A5 BE      LDA &BE
     8768   0A         ASL A
     8769   AA         TAX
     876A   BD B6 86   LDA &86B6,X
     876D   10 06      BPL &8775
.gocmdcode2
     876F   48         PHA
     8770   BD B5 86   LDA &86B5,X
     8773   48         PHA
     8774   60         RTS
.dommcinit
     8775   20 F1 A6   JSR &A6F1
     8778   09 80      ORA #&80
     877A   D0 F3      BNE &876F
.CMD_WIPE
     877C   20 2D 82   JSR &822D
.wipeloop
     877F   B9 0F B7   LDA &B70F,Y
     8782   30 1B      BMI &879F
     8784   20 DE 81   JSR &81DE
     8787   20 E5 9B   JSR &9BE5
     878A   D0 13      BNE &879F
     878C   A6 B6      LDX &B6
     878E   20 DF 93   JSR &93DF
     8791   86 B6      STX &B6
     8793   20 F9 87   JSR &87F9
     8796   84 AB      STY &AB
     8798   20 0A A1   JSR &A10A
     879B   A5 AB      LDA &AB
     879D   85 B6      STA &B6
.wipenext
     879F   20 87 82   JSR &8287
     87A2   B0 DB      BCS &877F
     87A4   60         RTS
.CMD_DELETE
     87A5   20 2C 92   JSR &922C
     87A8   20 30 82   JSR &8230
     87AB   20 47 83   JSR &8347
     87AE   20 1D 83   JSR &831D
     87B1   4C 0A A1   JMP &A10A
.CMD_DESTROY
     87B4   20 96 9B   JSR &9B96
     87B7   20 2D 82   JSR &822D
.destroyloop1
     87BA   B9 0F B7   LDA &B70F,Y
     87BD   30 06      BMI &87C5
     87BF   20 DE 81   JSR &81DE
     87C2   20 7D 83   JSR &837D
.destroylocked1
     87C5   20 87 82   JSR &8287
     87C8   B0 F0      BCS &87BA
     87CA   20 ED 9B   JSR &9BED
     87CD   D0 29      BNE &87F8
     87CF   20 DF 93   JSR &93DF
     87D2   20 80 82   JSR &8280
.destroyloop2
     87D5   B9 0F B7   LDA &B70F,Y
     87D8   30 03      BMI &87DD
     87DA   20 F9 87   JSR &87F9
.destroylocked2
     87DD   20 87 82   JSR &8287
     87E0   B0 F3      BCS &87D5
     87E2   20 0A A1   JSR &A10A
.msgDELETED
     87E5   20 9E 80   JSR &809E
     87E8   44 65 6C ...
     87EF   0D
.Y_add8
     87F0   C8         INY
.Y_add7
     87F1   C8         INY
     87F2   C8         INY
     87F3   C8         INY
     87F4   C8         INY
     87F5   C8         INY
     87F6   C8         INY
     87F7   C8         INY
.Y_rts
     87F8   60         RTS
.DeleteCatEntry_AdjustPtr
     87F9   20 1D 83   JSR &831D
     87FC   A4 B6      LDY &B6
     87FE   20 C5 82   JSR &82C5
     8801   84 B6      STY &B6
     8803   60         RTS
.CMD_DRIVE
     8804   20 DF 8B   JSR &8BDF
     8807   8D CA B9   STA &B9CA
     880A   60         RTS
.osfileFF_loadfiletoaddr
     880B   20 38 82   JSR &8238
     880E   20 0C 93   JSR &930C
     8811   20 97 83   JSR &8397
.LoadFile_Ycatoffset
     8814   84 BA      STY &BA
     8816   A2 00      LDX #&00
     8818   A5 BE      LDA &BE
     881A   D0 06      BNE &8822
     881C   C8         INY
     881D   C8         INY
     881E   A2 02      LDX #&02
     8820   D0 08      BNE &882A
.loadAtLoadAddr
     8822   B9 0E B8   LDA &B80E,Y
     8825   85 C2      STA &C2
     8827   20 9C 8B   JSR &8B9C
.load_copyfileinfo_loop
     882A   B9 08 B8   LDA &B808,Y
     882D   95 BC      STA &BC,X
     882F   C8         INY
     8830   E8         INX
     8831   E0 08      CPX #&08
     8833   D0 F5      BNE &882A
     8835   20 B6 8B   JSR &8BB6
     8838   A4 BA      LDY &BA
     883A   20 47 83   JSR &8347
.LoadMemBlockEX
     883D   20 B9 A0   JSR &A0B9
.LoadMemBlock
     8840   A9 85      LDA #&85
     8842   D0 0B      BNE &884F
.osfile0_savememblock
     8844   20 81 8A   JSR &8A81
     8847   20 0C 93   JSR &930C
     884A   20 97 83   JSR &8397
.SaveMemBlock
     884D   A9 A5      LDA #&A5
.exec_block_rw
     884F   8D B6 B9   STA &B9B6
     8852   A9 05      LDA #&05
     8854   8D B5 B9   STA &B9B5
     8857   A5 CD      LDA &CD
     8859   8D B0 B9   STA &B9B0
     885C   A2 02      LDX #&02
.loop0
     885E   B5 BB      LDA &BB,X
     8860   9D B0 B9   STA &B9B0,X
     8863   BD 73 B9   LDA &B973,X
     8866   9D B2 B9   STA &B9B2,X
     8869   CA         DEX
     886A   D0 F2      BNE &885E
     886C   A5 C2      LDA &C2
     886E   29 03      AND #&03
     8870   AA         TAX
     8871   A5 C3      LDA &C3
     8873   A0 FF      LDY #&FF
.loop1
     8875   38         SEC
.loop2
     8876   C8         INY
     8877   E9 0A      SBC #&0A
     8879   B0 FB      BCS &8876
     887B   CA         DEX
     887C   10 F7      BPL &8875
     887E   69 0A      ADC #&0A
     8880   8C B7 B9   STY &B9B7
     8883   8D B8 B9   STA &B9B8
     8886   A5 C1      LDA &C1
     8888   8D B9 B9   STA &B9B9
     888B   A5 C2      LDA &C2
     888D   4A         LSR A
     888E   4A         LSR A
     888F   4A         LSR A
     8890   4A         LSR A
     8891   29 03      AND #&03
     8893   8D BA B9   STA &B9BA
     8896   A5 C0      LDA &C0
     8898   8D BB B9   STA &B9BB
     889B   20 5B A1   JSR &A15B
     889E   A9 01      LDA #&01
     88A0   60         RTS
.fscv2_4_11_starRUN
     88A1   20 BC 81   JSR &81BC
.NotCmdTable4
.SetWordBA_txtptr
     88A4   A9 FF      LDA #&FF
     88A6   85 BE      STA &BE
     88A8   A5 F2      LDA &F2
     88AA   85 BA      STA &BA
     88AC   A5 F3      LDA &F3
     88AE   85 BB      STA &BB
     88B0   8C DA B9   STY &B9DA
     88B3   20 52 81   JSR &8152
     88B6   8C D9 B9   STY &B9D9
     88B9   20 80 82   JSR &8280
     88BC   B0 21      BCS &88DF
     88BE   AC DA B9   LDY &B9DA
     88C1   AD CB B9   LDA &B9CB
     88C4   85 CC      STA &CC
     88C6   AD CC B9   LDA &B9CC
     88C9   85 CD      STA &CD
     88CB   20 55 81   JSR &8155
     88CE   20 80 82   JSR &8280
     88D1   B0 0C      BCS &88DF
.errBADCOMMAND
     88D3   20 57 80   JSR &8057
     88D6   FE
     88D7   63 6F 6D ...
     88DE   00
.runfile_found
     88DF   B9 0E B8   LDA &B80E,Y
     88E2   20 18 82   JSR &8218
     88E5   C9 03      CMP #&03
     88E7   D0 42      BNE &892B
     88E9   B9 0A B8   LDA &B80A,Y
     88EC   39 0B B8   AND &B80B,Y
     88EF   C9 FF      CMP #&FF
     88F1   D0 38      BNE &892B
     88F3   A2 06      LDX #&06
.runfile_exec_loop
     88F5   BD 00 B9   LDA &B900,X
     88F8   9D 07 B9   STA &B907,X
     88FB   CA         DEX
     88FC   10 F7      BPL &88F5
     88FE   A9 0D      LDA #&0D
     8900   8D 0E B9   STA &B90E
     8903   A9 45      LDA #&45
     8905   8D 00 B9   STA &B900
     8908   A9 3A      LDA #&3A
     890A   8D 02 B9   STA &B902
     890D   A5 CD      LDA &CD
     890F   09 30      ORA #&30
     8911   8D 03 B9   STA &B903
     8914   A9 2E      LDA #&2E
     8916   8D 01 B9   STA &B901
     8919   8D 04 B9   STA &B904
     891C   8D 06 B9   STA &B906
     891F   A5 CC      LDA &CC
     8921   8D 05 B9   STA &B905
     8924   A2 00      LDX #&00
     8926   A0 B9      LDY #&B9
     8928   4C F7 FF   JMP &FFF7
.runfile_run
     892B   20 14 88   JSR &8814
     892E   18         CLC
     892F   AD D9 B9   LDA &B9D9
     8932   A8         TAY
     8933   65 F2      ADC &F2
     8935   8D D9 B9   STA &B9D9
     8938   A5 F3      LDA &F3
     893A   69 00      ADC #&00
     893C   8D DA B9   STA &B9DA
     893F   AD 76 B9   LDA &B976
     8942   2D 77 B9   AND &B977
     8945   0D D6 B9   ORA &B9D6
     8948   C9 FF      CMP #&FF
     894A   F0 16      BEQ &8962
     894C   A5 BE      LDA &BE
     894E   8D 74 B9   STA &B974
     8951   A5 BF      LDA &BF
     8953   8D 75 B9   STA &B975
     8956   20 59 8C   JSR &8C59
     8959   A2 74      LDX #&74
     895B   A0 B9      LDY #&B9
     895D   A9 04      LDA #&04
     895F   4C 06 04   JMP &0406
.runfile_inhost
     8962   A9 01      LDA #&01
     8964   6C BE 00   JMP (&00BE)
.CMD_DIR
     8967   A2 00      LDX #&00
     8969   F0 02      BEQ &896D
.CMD_LIB
     896B   A2 02      LDX #&02
.setdirlib
     896D   20 79 89   JSR &8979
     8970   9D CA B9   STA &B9CA,X
     8973   A5 CC      LDA &CC
     8975   9D C9 B9   STA &B9C9,X
     8978   60         RTS
.ReadDirDrvParameters
     8979   AD C9 B9   LDA &B9C9
     897C   85 CC      STA &CC
     897E   20 C3 81   JSR &81C3
     8981   D0 05      BNE &8988
     8983   A9 00      LDA #&00
     8985   85 CD      STA &CD
     8987   60         RTS
.ReadDirDrvParameters2
     8988   20 D2 8B   JSR &8BD2
.rdd_loop
     898B   20 A8 81   JSR &81A8
     898E   B0 10      BCS &89A0
     8990   C9 3A      CMP #&3A
     8992   D0 14      BNE &89A8
     8994   20 E2 8B   JSR &8BE2
     8997   20 A8 81   JSR &81A8
     899A   B0 13      BCS &89AF
     899C   C9 2E      CMP #&2E
     899E   F0 EB      BEQ &898B
.errBADDIRECTORY
     89A0   20 57 80   JSR &8057
     89A3   CE
     89A4   64 69 72 
     89A7   00
.rdd_exit2
     89A8   85 CC      STA &CC
     89AA   20 A8 81   JSR &81A8
     89AD   90 F1      BCC &89A0
.rdd_exit1
     89AF   A5 CD      LDA &CD
     89B1   60         RTS
.CMD_TITLE
     89B2   20 B1 99   JSR &99B1
     89B5   20 00 A1   JSR &A100
     89B8   A2 0B      LDX #&0B
     89BA   A9 00      LDA #&00
.cmdtit_loop1
     89BC   20 D2 89   JSR &89D2
     89BF   CA         DEX
     89C0   10 FA      BPL &89BC
.cmdtit_loop2
     89C2   E8         INX
     89C3   20 A8 81   JSR &81A8
     89C6   B0 07      BCS &89CF
     89C8   20 D2 89   JSR &89D2
     89CB   E0 0B      CPX #&0B
     89CD   90 F3      BCC &89C2
.cmdtit_savecat
     89CF   4C 0A A1   JMP &A10A
.SetDiskTitleChr_Xpos
     89D2   E0 08      CPX #&08
     89D4   90 04      BCC &89DA
     89D6   9D F8 B7   STA &B7F8,X
     89D9   60         RTS
.setdisttit_page
     89DA   9D 00 B7   STA &B700,X
     89DD   60         RTS
.CMD_ACCESS
     89DE   20 35 92   JSR &9235
     89E1   20 B1 99   JSR &99B1
     89E4   20 4C 81   JSR &814C
     89E7   A2 00      LDX #&00
     89E9   20 C3 81   JSR &81C3
     89EC   D0 1F      BNE &8A0D
.cmdac_flag
     89EE   86 AA      STX &AA
     89F0   20 3B 82   JSR &823B
.cmdac_filefound
     89F3   20 ED 92   JSR &92ED
     89F6   B9 0F B7   LDA &B70F,Y
     89F9   29 7F      AND #&7F
     89FB   05 AA      ORA &AA
     89FD   99 0F B7   STA &B70F,Y
     8A00   20 47 83   JSR &8347
     8A03   20 87 82   JSR &8287
     8A06   B0 EB      BCS &89F3
.jmp_savecattodisk
     8A08   4C 0A A1   JMP &A10A
.cmdac_paramloop
     8A0B   A2 80      LDX #&80
.cmdac_getparam
     8A0D   20 A8 81   JSR &81A8
     8A10   B0 DC      BCS &89EE
     8A12   29 5F      AND #&5F
     8A14   C9 4C      CMP #&4C
     8A16   F0 F3      BEQ &8A0B
.errBADATTRIBUTE
     8A18   20 57 80   JSR &8057
     8A1B   CF
     8A1C   61 74 74 ...
     8A25   00
.fscv0_starOPT
     8A26   20 F6 83   JSR &83F6
     8A29   8A         TXA
     8A2A   C9 04      CMP #&04
     8A2C   F0 1E      BEQ &8A4C
     8A2E   C9 05      CMP #&05
     8A30   F0 34      BEQ &8A66
     8A32   C9 02      CMP #&02
     8A34   90 0B      BCC &8A41
.errBADOPTION
     8A36   20 57 80   JSR &8057
     8A39   CB
     8A3A   6F 70 74 ...
     8A40   00
.opts0_1
     8A41   A2 FF      LDX #&FF
     8A43   98         TYA
     8A44   F0 02      BEQ &8A48
     8A46   A2 00      LDX #&00
.opts0_1_Y0
     8A48   8E C6 B9   STX &B9C6
     8A4B   60         RTS
.SetBootOption_Yoption
     8A4C   98         TYA
     8A4D   48         PHA
     8A4E   20 CD 8B   JSR &8BCD
     8A51   20 06 A1   JSR &A106
     8A54   68         PLA
     8A55   20 28 82   JSR &8228
     8A58   4D 06 B8   EOR &B806
     8A5B   29 30      AND #&30
     8A5D   4D 06 B8   EOR &B806
     8A60   8D 06 B8   STA &B806
     8A63   4C 0A A1   JMP &A10A
.DiskTrapOption
     8A66   98         TYA
     8A67   08         PHP
     8A68   A6 F4      LDX &F4
     8A6A   BD F0 0D   LDA &0DF0,X
     8A6D   29 BF      AND #&BF
     8A6F   28         PLP
     8A70   F0 02      BEQ &8A74
     8A72   09 40      ORA #&40
.skip
     8A74   9D F0 0D   STA &0DF0,X
     8A77   60         RTS
.errDISKFULL
     8A78   20 4C 80   JSR &804C
     8A7B   C6
     8A7C   66 75 6C ...
     8A80   00
.CreateFile_FSP
     8A81   20 52 81   JSR &8152
     8A84   20 80 82   JSR &8280
     8A87   90 03      BCC &8A8C
     8A89   20 1D 83   JSR &831D
.createfile_nodel
     8A8C   A5 C0      LDA &C0
     8A8E   48         PHA
     8A8F   A5 C1      LDA &C1
     8A91   48         PHA
     8A92   38         SEC
     8A93   A5 C2      LDA &C2
     8A95   E5 C0      SBC &C0
     8A97   85 C0      STA &C0
     8A99   A5 C3      LDA &C3
     8A9B   E5 C1      SBC &C1
     8A9D   85 C1      STA &C1
     8A9F   AD 7A B9   LDA &B97A
     8AA2   ED 78 B9   SBC &B978
     8AA5   20 D6 8A   JSR &8AD6
     8AA8   AD 79 B9   LDA &B979
     8AAB   8D 75 B9   STA &B975
     8AAE   AD 78 B9   LDA &B978
     8AB1   8D 74 B9   STA &B974
     8AB4   68         PLA
     8AB5   85 BD      STA &BD
     8AB7   68         PLA
     8AB8   85 BC      STA &BC
     8ABA   60         RTS
.CreateFile_3
     8ABB   85 CD      STA &CD
     8ABD   A5 CC      LDA &CC
     8ABF   48         PHA
     8AC0   20 03 A1   JSR &A103
     8AC3   20 8B 82   JSR &828B
     8AC6   90 03      BCC &8ACB
     8AC8   20 1D 83   JSR &831D
.cd_writedest_cat_nodel
     8ACB   68         PLA
     8ACC   85 CC      STA &CC
     8ACE   20 B3 8B   JSR &8BB3
     8AD1   A5 C2      LDA &C2
     8AD3   20 1A 82   JSR &821A
.CreateFile_2
     8AD6   85 C4      STA &C4
     8AD8   A9 00      LDA #&00
     8ADA   85 C2      STA &C2
     8ADC   A9 02      LDA #&02
     8ADE   85 C3      STA &C3
     8AE0   AC 05 B8   LDY &B805
     8AE3   C0 F8      CPY #&F8
     8AE5   90 31      BCC &8B18
.errCATALOGUEFULL
     8AE7   20 61 80   JSR &8061
     8AEA   BE
     8AEB   43 61 74 ...
     8AF3   00
.cfile_loop
     8AF4   F0 82      BEQ &8A78
     8AF6   20 C5 82   JSR &82C5
     8AF9   B9 0E B8   LDA &B80E,Y
     8AFC   20 1A 82   JSR &821A
     8AFF   85 C2      STA &C2
     8B01   18         CLC
     8B02   A9 FF      LDA #&FF
     8B04   79 0C B8   ADC &B80C,Y
     8B07   B9 0F B8   LDA &B80F,Y
     8B0A   79 0D B8   ADC &B80D,Y
     8B0D   85 C3      STA &C3
     8B0F   B9 0E B8   LDA &B80E,Y
     8B12   29 03      AND #&03
     8B14   65 C2      ADC &C2
     8B16   85 C2      STA &C2
.Getfirstblock_Yoffset
     8B18   38         SEC
     8B19   B9 07 B8   LDA &B807,Y
     8B1C   E5 C3      SBC &C3
     8B1E   48         PHA
     8B1F   B9 06 B8   LDA &B806,Y
     8B22   29 03      AND #&03
     8B24   E5 C2      SBC &C2
     8B26   AA         TAX
     8B27   A9 00      LDA #&00
     8B29   C5 C0      CMP &C0
     8B2B   68         PLA
     8B2C   E5 C1      SBC &C1
     8B2E   8A         TXA
     8B2F   E5 C4      SBC &C4
     8B31   98         TYA
     8B32   90 C0      BCC &8AF4
     8B34   84 B0      STY &B0
     8B36   AC 05 B8   LDY &B805
.cfile_insertfileloop
     8B39   C4 B0      CPY &B0
     8B3B   F0 0F      BEQ &8B4C
     8B3D   B9 07 B7   LDA &B707,Y
     8B40   99 0F B7   STA &B70F,Y
     8B43   B9 07 B8   LDA &B807,Y
     8B46   99 0F B8   STA &B80F,Y
     8B49   88         DEY
     8B4A   B0 ED      BCS &8B39
.cfile_atcatentry
     8B4C   AD 76 B9   LDA &B976
     8B4F   29 03      AND #&03
     8B51   0A         ASL A
     8B52   0A         ASL A
     8B53   45 C4      EOR &C4
     8B55   29 FC      AND #&FC
     8B57   45 C4      EOR &C4
     8B59   0A         ASL A
     8B5A   0A         ASL A
     8B5B   4D 74 B9   EOR &B974
     8B5E   29 FC      AND #&FC
     8B60   4D 74 B9   EOR &B974
     8B63   0A         ASL A
     8B64   0A         ASL A
     8B65   45 C2      EOR &C2
     8B67   29 FC      AND #&FC
     8B69   45 C2      EOR &C2
     8B6B   85 C2      STA &C2
     8B6D   A2 00      LDX #&00
     8B6F   98         TYA
     8B70   48         PHA
.cfile_copyfnloop
     8B71   B5 C5      LDA &C5,X
     8B73   99 08 B7   STA &B708,Y
     8B76   B5 BC      LDA &BC,X
     8B78   99 08 B8   STA &B808,Y
     8B7B   C8         INY
     8B7C   E8         INX
     8B7D   E0 08      CPX #&08
     8B7F   D0 F0      BNE &8B71
     8B81   68         PLA
     8B82   A8         TAY
     8B83   48         PHA
     8B84   20 47 83   JSR &8347
     8B87   AC 05 B8   LDY &B805
     8B8A   20 F0 87   JSR &87F0
     8B8D   8C 05 B8   STY &B805
     8B90   20 0A A1   JSR &A10A
     8B93   68         PLA
     8B94   A8         TAY
     8B95   60         RTS
.CMD_ENABLE
     8B96   A9 01      LDA #&01
     8B98   8D C7 B9   STA &B9C7
     8B9B   60         RTS
.LoadAddrHi2
     8B9C   A9 00      LDA #&00
     8B9E   8D 75 B9   STA &B975
     8BA1   A5 C2      LDA &C2
     8BA3   29 08      AND #&08
     8BA5   8D 74 B9   STA &B974
     8BA8   F0 08      BEQ &8BB2
.SetLoadAddrToHost
     8BAA   A9 FF      LDA #&FF
     8BAC   8D 75 B9   STA &B975
     8BAF   8D 74 B9   STA &B974
.ldadd_nothost
     8BB2   60         RTS
.LoadandEexeAddrHi2
     8BB3   20 9C 8B   JSR &8B9C
.ExecAddrHi2
     8BB6   A9 00      LDA #&00
     8BB8   8D 77 B9   STA &B977
     8BBB   A5 C2      LDA &C2
     8BBD   20 18 82   JSR &8218
     8BC0   C9 03      CMP #&03
     8BC2   D0 05      BNE &8BC9
     8BC4   A9 FF      LDA #&FF
     8BC6   8D 77 B9   STA &B977
.exadd_nothost
     8BC9   8D 76 B9   STA &B976
     8BCC   60         RTS
.Set_CurDirDrv_ToDefaults
     8BCD   AD C9 B9   LDA &B9C9
     8BD0   85 CC      STA &CC
.Set_CurDrv_ToDefault
     8BD2   AD CA B9   LDA &B9CA
.SetCurrentDrive_Adrive
     8BD5   29 03      AND #&03
.SetCurrentDrive_Adrive_noand
     8BD7   85 CD      STA &CD
     8BD9   60         RTS
.Param_OptionalDriveNo
     8BDA   20 C3 81   JSR &81C3
     8BDD   F0 F3      BEQ &8BD2
.Param_DriveNo_Syntax
     8BDF   20 B1 99   JSR &99B1
.Param_DriveNo_BadDrive
     8BE2   20 A8 81   JSR &81A8
     8BE5   B0 0B      BCS &8BF2
     8BE7   C9 3A      CMP #&3A
     8BE9   F0 F7      BEQ &8BE2
     8BEB   38         SEC
     8BEC   E9 30      SBC #&30
     8BEE   C9 04      CMP #&04
     8BF0   90 E5      BCC &8BD7
.errBADDRIVE
     8BF2   20 57 80   JSR &8057
     8BF5   CD
     8BF6   64 72 69 ...
     8BFB   00
.CMD_RENAME
     8BFC   20 2C 92   JSR &922C
     8BFF   20 B1 99   JSR &99B1
     8C02   20 4C 81   JSR &814C
     8C05   98         TYA
     8C06   48         PHA
     8C07   20 3B 82   JSR &823B
     8C0A   20 EA 92   JSR &92EA
     8C0D   84 C4      STY &C4
     8C0F   68         PLA
     8C10   A8         TAY
     8C11   20 B1 99   JSR &99B1
     8C14   A5 CD      LDA &CD
     8C16   48         PHA
     8C17   20 4C 81   JSR &814C
     8C1A   68         PLA
     8C1B   C5 CD      CMP &CD
     8C1D   D0 14      BNE &8C33
     8C1F   20 80 82   JSR &8280
     8C22   90 12      BCC &8C36
     8C24   C4 C4      CPY &C4
     8C26   F0 0E      BEQ &8C36
.errFILEEXISTS
     8C28   20 61 80   JSR &8061
     8C2B   C4
     8C2C   45 78 69 ...
     8C32   00
.jmpBADDRIVE
     8C33   4C F2 8B   JMP &8BF2
.rname_ok
     8C36   A4 C4      LDY &C4
     8C38   20 F0 87   JSR &87F0
     8C3B   A2 07      LDX #&07
.rname_loop
     8C3D   B5 C5      LDA &C5,X
     8C3F   99 07 B7   STA &B707,Y
     8C42   88         DEY
     8C43   CA         DEX
     8C44   10 F7      BPL &8C3D
     8C46   4C 0A A1   JMP &A10A
.TUBE_CheckIfPresent
     8C49   A9 EA      LDA #&EA
     8C4B   A2 00      LDX #&00
     8C4D   A0 FF      LDY #&FF
     8C4F   20 F4 FF   JSR &FFF4
     8C52   8A         TXA
     8C53   49 FF      EOR #&FF
     8C55   8D D6 B9   STA &B9D6
     8C58   60         RTS
.TUBE_CLAIM
     8C59   48         PHA
.tclaim_loop
     8C5A   A9 CA      LDA #&CA
     8C5C   20 06 04   JSR &0406
     8C5F   90 F9      BCC &8C5A
     8C61   68         PLA
     8C62   60         RTS
.TUBE_RELEASE
     8C63   20 49 8C   JSR &8C49
     8C66   30 07      BMI &8C6F
.TUBE_RELEASE_NoCheck
     8C68   48         PHA
     8C69   A9 8A      LDA #&8A
     8C6B   20 06 04   JSR &0406
     8C6E   68         PLA
.trelease_exit
     8C6F   60         RTS
.CheckESCAPE
     8C70   24 FF      BIT &FF
     8C72   10 1F      BPL &8C93
.ReportESCAPE
     8C74   A9 7E      LDA #&7E
     8C76   20 F4 FF   JSR &FFF4
     8C79   20 71 80   JSR &8071
     8C7C   11
     8C7D   45 73 63 ...
     8C83   00
.PrintHex100
     8C84   48         PHA
     8C85   20 22 82   JSR &8222
     8C88   20 8C 8C   JSR &8C8C
     8C8B   68         PLA
.PrintNib100
     8C8C   20 27 81   JSR &8127
     8C8F   9D 00 01   STA &0100,X
     8C92   E8         INX
.noesc
     8C93   60         RTS
.BootOptions
     8C94   4C 2E 21 ...
     8C9B   0D
     8C9C   45 2E 21 ...
     8CA3   0D
.AUTOBOOT
     8CA4   A5 B3      LDA &B3
     8CA6   20 9E 80   JSR &809E
Macro BOOT_NAME:
Macro BASE_NAME:
     8CA9   4D 6F 64 ...
Macro SYSTEM_NAME:
     8CB1   4D 4D 46 ...
End macro SYSTEM_NAME
     8CB6   20 53 57 ...
End macro BASE_NAME
Macro DEVICE_NAME:
     8CBC   20 54 75 ...
End macro DEVICE_NAME
Macro DFS_EMUL_NAME:
End macro DFS_EMUL_NAME
     8CC2   0D
     8CC3   0D
End macro BOOT_NAME
     8CC4   90 0C      BCC &8CD2
.CMD_DISC
     8CC6   A6 F4      LDX &F4
     8CC8   BD F0 0D   LDA &0DF0,X
     8CCB   29 40      AND #&40
     8CCD   F0 01      BEQ &8CD0
     8CCF   60         RTS
.CMD_CARD
     8CD0   A9 FF      LDA #&FF
.initMMFS
     8CD2   20 C7 95   JSR &95C7
     8CD5   48         PHA
     8CD6   A9 06      LDA #&06
     8CD8   20 37 80   JSR &8037
     8CDB   A2 0D      LDX #&0D
.vectloop
     8CDD   BD 34 93   LDA &9334,X
     8CE0   9D 12 02   STA &0212,X
     8CE3   CA         DEX
     8CE4   10 F7      BPL &8CDD
     8CE6   A9 A8      LDA #&A8
     8CE8   20 2D 93   JSR &932D
     8CEB   84 B1      STY &B1
     8CED   86 B0      STX &B0
     8CEF   A2 07      LDX #&07
     8CF1   A0 1B      LDY #&1B
.extendedvec_loop
     8CF3   B9 27 93   LDA &9327,Y
     8CF6   91 B0      STA (&B0),Y
     8CF8   C8         INY
     8CF9   B9 27 93   LDA &9327,Y
     8CFC   91 B0      STA (&B0),Y
     8CFE   C8         INY
     8CFF   A5 F4      LDA &F4
     8D01   91 B0      STA (&B0),Y
     8D03   C8         INY
     8D04   CA         DEX
     8D05   D0 EC      BNE &8CF3
     8D07   8C 82 B9   STY &B982
     8D0A   8C 83 B9   STY &B983
     8D0D   86 CD      STX &CD
     8D0F   8E AF B9   STX &B9AF
     8D12   A2 0F      LDX #&0F
     8D14   A9 8F      LDA #&8F
     8D16   20 F4 FF   JSR &FFF4
     8D19   AD D3 B9   LDA &B9D3
     8D1C   30 2F      BMI &8D4D
     8D1E   A9 FF      LDA #&FF
     8D20   8D D3 B9   STA &B9D3
.setdefaults
     8D23   A9 20      LDA #&20
     8D25   8D C0 BA   STA &BAC0
     8D28   8D D0 BA   STA &BAD0
     8D2B   A9 24      LDA #&24
     8D2D   8D C9 B9   STA &B9C9
     8D30   8D CB B9   STA &B9CB
     8D33   A9 00      LDA #&00
     8D35   8D CC B9   STA &B9CC
     8D38   A0 00      LDY #&00
     8D3A   8C CA B9   STY &B9CA
     8D3D   8C C0 B9   STY &B9C0
     8D40   88         DEY
     8D41   8C C7 B9   STY &B9C7
     8D44   8C C6 B9   STY &B9C6
     8D47   8C DD B9   STY &B9DD
     8D4A   20 81 8D   JSR &8D81
.initdfs_noreset
     8D4D   20 49 8C   JSR &8C49
     8D50   A9 FD      LDA #&FD
     8D52   20 2D 93   JSR &932D
     8D55   E0 00      CPX #&00
     8D57   F0 06      BEQ &8D5F
     8D59   20 F1 A6   JSR &A6F1
     8D5C   20 D7 AC   JSR &ACD7
.skipautoload
     8D5F   68         PLA
     8D60   D0 0B      BNE &8D6D
     8D62   20 06 A1   JSR &A106
     8D65   AD 06 B8   LDA &B806
     8D68   20 22 82   JSR &8222
     8D6B   D0 01      BNE &8D6E
.initdfs_exit
     8D6D   60         RTS
.notOPT0
     8D6E   A0 8C      LDY #&8C
     8D70   A2 94      LDX #&94
     8D72   C9 02      CMP #&02
     8D74   90 08      BCC &8D7E
     8D76   F0 04      BEQ &8D7C
     8D78   A2 9C      LDX #&9C
     8D7A   D0 02      BNE &8D7E
.oscliOPT2
     8D7C   A2 9E      LDX #&9E
.jmpOSCLI
     8D7E   4C F7 FF   JMP &FFF7
.VIDRESET
     8D81   A0 0F      LDY #&0F
     8D83   A9 00      LDA #&00
.loop
     8D85   99 E0 B9   STA &B9E0,Y
     8D88   88         DEY
     8D89   10 FA      BPL &8D85
     8D8B   A9 01      LDA #&01
     8D8D   8D F0 B9   STA &B9F0
     8D90   60         RTS
.MMFS_SERVICECALLS
     8D91   20 D4 B4   JSR &B4D4
     8D94   48         PHA
     8D95   BD F0 0D   LDA &0DF0,X
     8D98   30 1E      BMI &8DB8
.lbl1
     8D9A   68         PLA
     8D9B   C9 12      CMP #&12
     8D9D   F0 31      BEQ &8DD0
     8D9F   C9 0B      CMP #&0B
     8DA1   B0 14      BCS &8DB7
.label4
     8DA3   0A         ASL A
     8DA4   AA         TAX
     8DA5   BD BB 8D   LDA &8DBB,X
     8DA8   48         PHA
     8DA9   BD BA 8D   LDA &8DBA,X
     8DAC   48         PHA
     8DAD   8A         TXA
     8DAE   A6 F4      LDX &F4
     8DB0   4A         LSR A
     8DB1   C9 0B      CMP #&0B
     8DB3   90 02      BCC &8DB7
     8DB5   69 15      ADC #&15
.label3
.SERVICE_NULL
     8DB7   60         RTS
.romdisabled
     8DB8   68         PLA
     8DB9   60         RTS
.data
     8DBA   B6 8D
     8DBC   B6 8D
     8DBE   D9 8D
     8DC0   EB 8D
     8DC2   04 8E
     8DC4   B6 8D
     8DC6   B6 8D
     8DC8   B6 8D
     8DCA   10 8E
     8DCC   6E 8E
     8DCE   B6 8D
.SERVICE12_init_filesystem
Macro BP12K_NEST:
End macro BP12K_NEST
     8DD0   C0 04      CPY #&04
     8DD2   D0 E3      BNE &8DB7
     8DD4   20 F6 83   JSR &83F6
     8DD7   4C D0 8C   JMP &8CD0
.SERVICE02_claim_privworkspace
     8DDA   98         TYA
     8DDB   48         PHA
     8DDC   A9 FD      LDA #&FD
     8DDE   20 2D 93   JSR &932D
     8DE1   CA         DEX
     8DE2   8E D3 B9   STX &B9D3
     8DE5   A6 F4      LDX &F4
     8DE7   68         PLA
     8DE8   A8         TAY
     8DE9   A9 02      LDA #&02
.srv3_exit
     8DEB   60         RTS
.SERVICE03_autoboot
Macro BP12K_NEST:
End macro BP12K_NEST
     8DEC   20 F6 83   JSR &83F6
     8DEF   84 B3      STY &B3
     8DF1   A9 7A      LDA #&7A
     8DF3   20 F4 FF   JSR &FFF4
     8DF6   8A         TXA
     8DF7   30 09      BMI &8E02
     8DF9   C9 65      CMP #&65
     8DFB   D0 EE      BNE &8DEB
     8DFD   A9 78      LDA #&78
     8DFF   20 F4 FF   JSR &FFF4
.jmpAUTOBOOT
     8E02   4C A4 8C   JMP &8CA4
.SERVICE04_unrec_command
Macro BP12K_NEST:
End macro BP12K_NEST
     8E05   20 F6 83   JSR &83F6
     8E08   A2 8D      LDX #&8D
.jmpunreccmd
     8E0A   4C 28 87   JMP &8728
.NotCmdTable22
     8E0D   A2 76      LDX #&76
     8E0F   D0 F9      BNE &8E0A
.SERVICE08_unrec_OSWORD
Macro BP12K_NEST:
End macro BP12K_NEST
     8E11   20 F6 83   JSR &83F6
     8E14   A4 EF      LDY &EF
     8E16   30 2F      BMI &8E47
     8E18   C0 7D      CPY #&7D
     8E1A   90 2B      BCC &8E47
     8E1C   AD 13 02   LDA &0213
     8E1F   C9 FF      CMP #&FF
     8E21   D0 24      BNE &8E47
     8E23   AD 12 02   LDA &0212
     8E26   C9 1B      CMP #&1B
     8E28   D0 1D      BNE &8E47
     8E2A   AD BC 0D   LDA &0DBC
     8E2D   C5 F4      CMP &F4
     8E2F   D0 16      BNE &8E47
     8E31   20 C7 95   JSR &95C7
     8E34   A6 F0      LDX &F0
     8E36   86 B0      STX &B0
     8E38   A6 F1      LDX &F1
     8E3A   86 B1      STX &B1
     8E3C   A4 EF      LDY &EF
     8E3E   C8         INY
     8E3F   10 07      BPL &8E48
     8E41   08         PHP
     8E42   58         CLI
     8E43   20 43 B0   JSR &B043
     8E46   28         PLP
.notMMFS
.exit
     8E47   60         RTS
.notOSWORD7F
     8E48   20 00 A1   JSR &A100
     8E4B   C8         INY
     8E4C   30 08      BMI &8E56
     8E4E   A0 00      LDY #&00
     8E50   AD 04 B8   LDA &B804
     8E53   91 B0      STA (&B0),Y
     8E55   60         RTS
.OSWORD7E
     8E56   A9 00      LDA #&00
     8E58   A8         TAY
     8E59   91 B0      STA (&B0),Y
     8E5B   C8         INY
     8E5C   AD 07 B8   LDA &B807
     8E5F   91 B0      STA (&B0),Y
     8E61   C8         INY
     8E62   AD 06 B8   LDA &B806
     8E65   29 03      AND #&03
     8E67   91 B0      STA (&B0),Y
     8E69   C8         INY
     8E6A   A9 00      LDA #&00
     8E6C   91 B0      STA (&B0),Y
     8E6E   60         RTS
.SERVICE09_help
     8E6F   20 F6 83   JSR &83F6
     8E72   B1 F2      LDA (&F2),Y
     8E74   A2 A3      LDX #&A3
     8E76   C9 0D      CMP #&0D
     8E78   D0 90      BNE &8E0A
     8E7A   98         TYA
     8E7B   A0 03      LDY #&03
     8E7D   4C 5C 99   JMP &995C
.FILEV_ENTRY
     8E80   20 1F 84   JSR &841F
     8E83   48         PHA
     8E84   20 2C 92   JSR &922C
     8E87   86 B0      STX &B0
     8E89   8E DB B9   STX &B9DB
     8E8C   84 B1      STY &B1
     8E8E   8C DC B9   STY &B9DC
     8E91   A2 00      LDX #&00
     8E93   A0 00      LDY #&00
     8E95   20 42 81   JSR &8142
.filev_copyparams_loop
     8E98   20 32 81   JSR &8132
     8E9B   C0 12      CPY #&12
     8E9D   D0 F9      BNE &8E98
     8E9F   68         PLA
     8EA0   AA         TAX
     8EA1   E8         INX
     8EA2   E0 08      CPX #&08
     8EA4   B0 08      BCS &8EAE
     8EA6   BD 77 93   LDA &9377,X
     8EA9   48         PHA
     8EAA   BD 6F 93   LDA &936F,X
     8EAD   48         PHA
.filev_unknownop
     8EAE   A9 00      LDA #&00
     8EB0   60         RTS
.FSCV_ENTRY
     8EB1   C9 0C      CMP #&0C
     8EB3   B0 F9      BCS &8EAE
     8EB5   86 B5      STX &B5
     8EB7   AA         TAX
     8EB8   BD 63 93   LDA &9363,X
     8EBB   48         PHA
     8EBC   BD 57 93   LDA &9357,X
     8EBF   48         PHA
     8EC0   8A         TXA
     8EC1   A6 B5      LDX &B5
     8EC3   60         RTS
.GBPBV_ENTRY
     8EC4   C9 09      CMP #&09
     8EC6   B0 1D      BCS &8EE5
     8EC8   20 F6 83   JSR &83F6
     8ECB   20 C7 95   JSR &95C7
     8ECE   8E 7D B9   STX &B97D
     8ED1   8C 7E B9   STY &B97E
     8ED4   A8         TAY
     8ED5   4C 86 90   JMP &9086
.upgbpb
     8ED8   20 E6 8E   JSR &8EE6
     8EDB   08         PHP
     8EDC   2C 81 B9   BIT &B981
     8EDF   10 03      BPL &8EE4
     8EE1   20 68 8C   JSR &8C68
.gbpb_nottube
     8EE4   28         PLP
.gbpbv_unrecop
     8EE5   60         RTS
.gbpb_gosub
     8EE6   B9 7F 93   LDA &937F,Y
     8EE9   8D D7 B9   STA &B9D7
     8EEC   B9 88 93   LDA &9388,Y
     8EEF   8D D8 B9   STA &B9D8
     8EF2   B9 91 93   LDA &9391,Y
     8EF5   4A         LSR A
     8EF6   08         PHP
     8EF7   4A         LSR A
     8EF8   08         PHP
     8EF9   8D 7F B9   STA &B97F
     8EFC   A0 0C      LDY #&0C
.gbpb_ctlblk_loop
     8EFE   B1 B4      LDA (&B4),Y
     8F00   99 60 B9   STA &B960,Y
     8F03   88         DEY
     8F04   10 F8      BPL &8EFE
     8F06   AD 63 B9   LDA &B963
     8F09   2D 64 B9   AND &B964
     8F0C   0D D6 B9   ORA &B9D6
     8F0F   18         CLC
     8F10   69 01      ADC #&01
     8F12   F0 06      BEQ &8F1A
     8F14   20 59 8C   JSR &8C59
     8F17   18         CLC
     8F18   A9 FF      LDA #&FF
.gbpb_nottube1
     8F1A   8D 81 B9   STA &B981
     8F1D   AD 7F B9   LDA &B97F
     8F20   B0 07      BCS &8F29
     8F22   A2 61      LDX #&61
     8F24   A0 B9      LDY #&B9
     8F26   20 06 04   JSR &0406
.gbpb_nottube2
     8F29   28         PLP
     8F2A   B0 04      BCS &8F30
     8F2C   28         PLP
.gbpb_jmpsub
     8F2D   6C D7 B9   JMP (&B9D7)
.gbpb_rw_seqptr
     8F30   A2 03      LDX #&03
.gbpb_seqptr_loop1
     8F32   BD 69 B9   LDA &B969,X
     8F35   95 B6      STA &B6,X
     8F37   CA         DEX
     8F38   10 F8      BPL &8F32
     8F3A   A2 B6      LDX #&B6
     8F3C   AC 60 B9   LDY &B960
     8F3F   A9 00      LDA #&00
     8F41   28         PLP
     8F42   B0 03      BCS &8F47
     8F44   20 AD 98   JSR &98AD
.gpbp_dontwriteseqptr
     8F47   20 12 96   JSR &9612
     8F4A   A2 03      LDX #&03
.gbpb_seqptr_loop2
     8F4C   B5 B6      LDA &B6,X
     8F4E   9D 69 B9   STA &B969,X
     8F51   CA         DEX
     8F52   10 F8      BPL &8F4C
.gbpb_rwdata
     8F54   20 24 90   JSR &9024
     8F57   30 0D      BMI &8F66
.gbpb_data_loop
     8F59   AC 60 B9   LDY &B960
     8F5C   20 2D 8F   JSR &8F2D
     8F5F   B0 0D      BCS &8F6E
     8F61   A2 09      LDX #&09
     8F63   20 5F 90   JSR &905F
.gbpb_data_loopin
     8F66   A2 05      LDX #&05
     8F68   20 5F 90   JSR &905F
     8F6B   D0 EC      BNE &8F59
     8F6D   18         CLC
.gbpb_data_loopout
     8F6E   08         PHP
     8F6F   20 24 90   JSR &9024
     8F72   A2 05      LDX #&05
     8F74   20 5F 90   JSR &905F
     8F77   20 32 90   JSR &9032
     8F7A   A0 0C      LDY #&0C
.gbpb_restorectlblk_loop
     8F7C   B9 60 B9   LDA &B960,Y
     8F7F   91 B4      STA (&B4),Y
     8F81   88         DEY
     8F82   10 F8      BPL &8F7C
     8F84   28         PLP
     8F85   60         RTS
.gbpb8_rdfilescurdir
     8F86   20 F5 A0   JSR &A0F5
     8F89   A9 95      LDA #&95
     8F8B   8D D7 B9   STA &B9D7
     8F8E   A9 8F      LDA #&8F
     8F90   8D D8 B9   STA &B9D8
     8F93   D0 BF      BNE &8F54
.gbpb8_getbyte
     8F95   AC 69 B9   LDY &B969
.gbpb8_loop
     8F98   CC 05 B8   CPY &B805
     8F9B   B0 28      BCS &8FC5
     8F9D   B9 0F B7   LDA &B70F,Y
     8FA0   20 39 83   JSR &8339
     8FA3   45 CC      EOR &CC
     8FA5   B0 02      BCS &8FA9
     8FA7   29 DF      AND #&DF
.gbpb8_notalpha
     8FA9   29 7F      AND #&7F
     8FAB   F0 05      BEQ &8FB2
     8FAD   20 F0 87   JSR &87F0
     8FB0   D0 E6      BNE &8F98
.gbpb8_filefound
     8FB2   A9 07      LDA #&07
     8FB4   20 4B 90   JSR &904B
     8FB7   85 B0      STA &B0
.gbpb8_copyfn_loop
     8FB9   B9 08 B7   LDA &B708,Y
     8FBC   20 4B 90   JSR &904B
     8FBF   C8         INY
     8FC0   C6 B0      DEC &B0
     8FC2   D0 F5      BNE &8FB9
     8FC4   18         CLC
.gbpb8_endofcat
     8FC5   8C 69 B9   STY &B969
     8FC8   AD 04 B8   LDA &B804
     8FCB   8D 60 B9   STA &B960
     8FCE   60         RTS
.gbpb5_getmediatitle
     8FCF   20 F5 A0   JSR &A0F5
     8FD2   A9 0C      LDA #&0C
     8FD4   20 4B 90   JSR &904B
     8FD7   A0 00      LDY #&00
.gbpb5_titleloop
     8FD9   C0 08      CPY #&08
     8FDB   B0 05      BCS &8FE2
     8FDD   B9 00 B7   LDA &B700,Y
     8FE0   90 03      BCC &8FE5
.gbpb5_titlehi
     8FE2   B9 F8 B7   LDA &B7F8,Y
.gbpb5_titlelo
     8FE5   20 4B 90   JSR &904B
     8FE8   C8         INY
     8FE9   C0 0C      CPY #&0C
     8FEB   D0 EC      BNE &8FD9
     8FED   AD 06 B8   LDA &B806
     8FF0   20 22 82   JSR &8222
     8FF3   20 4B 90   JSR &904B
     8FF6   A5 CD      LDA &CD
     8FF8   4C 4B 90   JMP &904B
.gbpb6_rdcurdirdevice
     8FFB   20 42 90   JSR &9042
     8FFE   AD CA B9   LDA &B9CA
     9001   20 3D 90   JSR &903D
     9004   AD C9 B9   LDA &B9C9
     9007   D0 42      BNE &904B
.gbpb7_rdcurlibdevice
     9009   20 42 90   JSR &9042
     900C   AD CC B9   LDA &B9CC
     900F   20 3D 90   JSR &903D
     9012   AD CB B9   LDA &B9CB
     9015   D0 34      BNE &904B
.gpbp_B8memptr
     9017   AE 61 B9   LDX &B961
     901A   86 B8      STX &B8
     901C   AE 62 B9   LDX &B962
     901F   86 B9      STX &B9
     9021   A2 00      LDX #&00
     9023   60         RTS
.gbpb_bytesxferinvert
     9024   A2 03      LDX #&03
.gbpb_bytesxferinvert_loop
     9026   A9 FF      LDA #&FF
     9028   5D 65 B9   EOR &B965,X
     902B   9D 65 B9   STA &B965,X
     902E   CA         DEX
     902F   10 F5      BPL &9026
     9031   60         RTS
.gbpb_wordB4_word107D
     9032   AD 7D B9   LDA &B97D
     9035   85 B4      STA &B4
     9037   AD 7E B9   LDA &B97E
     903A   85 B5      STA &B5
     903C   60         RTS
.gbpb_gb_SAVEBYTE_and_gbpb_SAVE_01
     903D   09 30      ORA #&30
     903F   20 4B 90   JSR &904B
.gbpb_SAVE_01
     9042   A9 01      LDA #&01
     9044   D0 05      BNE &904B
.gbpb_getbyteSAVEBYTE
     9046   20 20 97   JSR &9720
     9049   B0 1F      BCS &906A
.gbpb_gb_SAVEBYTE
     904B   2C 81 B9   BIT &B981
     904E   10 05      BPL &9055
     9050   8D E5 FE   STA &FEE5
     9053   30 05      BMI &905A
.gBpb_gb_fromhost
     9055   20 17 90   JSR &9017
     9058   81 B8      STA (&B8,X)
.gbpb_incDataPtr
     905A   20 F6 83   JSR &83F6
     905D   A2 01      LDX #&01
.gbpb_incdblword1060X
     905F   A0 04      LDY #&04
.gbpb_incdblword_loop
     9061   FE 60 B9   INC &B960,X
     9064   D0 04      BNE &906A
     9066   E8         INX
     9067   88         DEY
     9068   D0 F7      BNE &9061
.gbpb_incdblworkd_exit
     906A   60         RTS
.gbpb_putbytes
     906B   20 73 90   JSR &9073
     906E   20 DD 97   JSR &97DD
     9071   18         CLC
     9072   60         RTS
.gpbp_pb_LOADBYTE
     9073   2C 81 B9   BIT &B981
     9076   10 06      BPL &907E
     9078   AD E5 FE   LDA &FEE5
     907B   4C 5A 90   JMP &905A
.gbpb_pb_fromhost
     907E   20 17 90   JSR &9017
     9081   A1 B8      LDA (&B8,X)
     9083   4C 5A 90   JMP &905A
.fastgb
     9086   20 32 90   JSR &9032
     9089   B9 91 93   LDA &9391,Y
     908C   29 03      AND #&03
     908E   4A         LSR A
     908F   F0 4A      BEQ &90DB
     9091   8C 6D B9   STY &B96D
     9094   A0 0C      LDY #&0C
.copyl0
     9096   B1 B4      LDA (&B4),Y
     9098   99 60 B9   STA &B960,Y
     909B   88         DEY
     909C   10 F8      BPL &9096
     909E   A8         TAY
     909F   A2 03      LDX #&03
.initl
     90A1   BD 65 B9   LDA &B965,X
     90A4   9D 6E B9   STA &B96E,X
     90A7   CA         DEX
     90A8   10 F7      BPL &90A1
     90AA   AD 69 B9   LDA &B969
     90AD   90 09      BCC &90B8
     90AF   98         TYA
     90B0   20 27 82   JSR &8227
     90B3   A8         TAY
     90B4   B9 10 BA   LDA &BA10,Y
     90B7   18         CLC
.dcptr
     90B8   49 FF      EOR #&FF
     90BA   69 01      ADC #&01
     90BC   A0 FC      LDY #&FC
.hdrext
     90BE   99 69 B8   STA &B869,Y
     90C1   A9 00      LDA #&00
     90C3   C8         INY
     90C4   D0 F8      BNE &90BE
     90C6   20 F4 91   JSR &91F4
     90C9   90 02      BCC &90CD
     90CB   D0 46      BNE &9113
.trailr
     90CD   20 0A 92   JSR &920A
.drain
     90D0   A9 60      LDA #&60
     90D2   85 B4      STA &B4
     90D4   A9 B9      LDA #&B9
     90D6   85 B5      STA &B5
     90D8   AC 6D B9   LDY &B96D
.chain
     90DB   4C D8 8E   JMP &8ED8
.morfst
     90DE   AD 71 B9   LDA &B971
     90E1   20 03 92   JSR &9203
     90E4   D0 32      BNE &9118
     90E6   8D 66 B9   STA &B966
     90E9   8D 67 B9   STA &B967
     90EC   AD 6E B9   LDA &B96E
     90EF   D0 DC      BNE &90CD
     90F1   18         CLC
.fgbfin
     90F2   08         PHP
     90F3   20 0A 92   JSR &920A
     90F6   28         PLP
     90F7   20 32 90   JSR &9032
     90FA   A0 0C      LDY #&0C
.retnl
     90FC   B9 60 B9   LDA &B960,Y
     90FF   91 B4      STA (&B4),Y
     9101   88         DEY
     9102   10 F8      BPL &90FC
     9104   60         RTS
.setmax
     9105   8D 67 B9   STA &B967
     9108   0D 66 B9   ORA &B966
     910B   D0 4B      BNE &9158
.throw
     910D   A0 FD      LDY #&FD
     910F   A9 01      LDA #&01
     9111   D0 AB      BNE &90BE
.align
     9113   20 D0 90   JSR &90D0
     9116   B0 DA      BCS &90F2
.dofast
     9118   AE 71 B9   LDX &B971
     911B   F0 02      BEQ &911F
     911D   A2 FF      LDX #&FF
.sclamp
     911F   8A         TXA
     9120   0D 70 B9   ORA &B970
     9123   8D 67 B9   STA &B967
     9126   8A         TXA
     9127   0D 6F B9   ORA &B96F
     912A   AA         TAX
     912B   AD C2 B9   LDA &B9C2
     912E   38         SEC
     912F   6D 6D B9   ADC &B96D
     9132   49 04      EOR #&04
     9134   29 E4      AND #&E4
     9136   A8         TAY
     9137   B9 15 BA   LDA &BA15,Y
     913A   38         SEC
     913B   ED 6A B9   SBC &B96A
     913E   8D 66 B9   STA &B966
     9141   B9 16 BA   LDA &BA16,Y
     9144   ED 6B B9   SBC &B96B
     9147   90 C4      BCC &910D
     9149   CD 67 B9   CMP &B967
     914C   90 B7      BCC &9105
     914E   D0 05      BNE &9155
     9150   EC 66 B9   CPX &B966
     9153   B0 B0      BCS &9105
.sectr0
     9155   8E 66 B9   STX &B966
.sectr1
     9158   AC C2 B9   LDY &B9C2
     915B   20 B7 93   JSR &93B7
     915E   20 7B 97   JSR &977B
     9161   A9 3F      LDA #&3F
     9163   99 1D BA   STA &BA1D,Y
     9166   20 73 97   JSR &9773
     9169   AD 61 B9   LDA &B961
     916C   85 BC      STA &BC
     916E   AD 62 B9   LDA &B962
     9171   85 BD      STA &BD
     9173   AD 63 B9   LDA &B963
     9176   8D 74 B9   STA &B974
     9179   AD 64 B9   LDA &B964
     917C   8D 75 B9   STA &B975
     917F   B9 0F BA   LDA &BA0F,Y
     9182   18         CLC
     9183   6D 6A B9   ADC &B96A
     9186   85 C3      STA &C3
     9188   B9 0D BA   LDA &BA0D,Y
     918B   6D 6B B9   ADC &B96B
     918E   29 03      AND #&03
     9190   85 C2      STA &C2
     9192   A9 00      LDA #&00
     9194   85 C0      STA &C0
     9196   AD 66 B9   LDA &B966
     9199   85 C1      STA &C1
     919B   AD 67 B9   LDA &B967
     919E   20 28 82   JSR &8228
     91A1   05 C2      ORA &C2
     91A3   85 C2      STA &C2
     91A5   AD 6D B9   LDA &B96D
     91A8   EE DD B9   INC &B9DD
     91AB   20 1A 92   JSR &921A
     91AE   CE DD B9   DEC &B9DD
     91B1   20 F4 91   JSR &91F4
     91B4   AC 66 B9   LDY &B966
     91B7   98         TYA
     91B8   18         CLC
     91B9   6D 62 B9   ADC &B962
     91BC   8D 62 B9   STA &B962
     91BF   AE 67 B9   LDX &B967
     91C2   8A         TXA
     91C3   6D 63 B9   ADC &B963
     91C6   8D 63 B9   STA &B963
     91C9   90 03      BCC &91CE
     91CB   EE 64 B9   INC &B964
.updp
     91CE   98         TYA
     91CF   AC C2 B9   LDY &B9C2
     91D2   18         CLC
     91D3   79 11 BA   ADC &BA11,Y
     91D6   99 11 BA   STA &BA11,Y
     91D9   8D 6A B9   STA &B96A
     91DC   8A         TXA
     91DD   79 12 BA   ADC &BA12,Y
     91E0   99 12 BA   STA &BA12,Y
     91E3   8D 6B B9   STA &B96B
     91E6   98         TYA
     91E7   20 20 99   JSR &9920
     91EA   90 05      BCC &91F1
     91EC   F0 03      BEQ &91F1
     91EE   20 8B 98   JSR &988B
.doneit
     91F1   4C DE 90   JMP &90DE
.subwk
     91F4   38         SEC
     91F5   A2 FC      LDX #&FC
.subwkl
     91F7   BD 72 B8   LDA &B872,X
     91FA   FD 69 B8   SBC &B869,X
     91FD   9D 72 B8   STA &B872,X
     9200   E8         INX
     9201   D0 F4      BNE &91F7
.testl
     9203   0D 70 B9   ORA &B970
     9206   0D 6F B9   ORA &B96F
     9209   60         RTS
.addtol
     920A   18         CLC
     920B   A2 FC      LDX #&FC
.addl
     920D   BD 72 B8   LDA &B872,X
     9210   7D 69 B8   ADC &B869,X
     9213   9D 69 B8   STA &B869,X
     9216   E8         INX
     9217   D0 F4      BNE &920D
     9219   60         RTS
.docmd
     921A   C9 03      CMP #&03
     921C   90 03      BCC &9221
.dordcmd
     921E   4C 40 88   JMP &8840
.dowrcmd
     9221   4C 4D 88   JMP &884D
.fscv_osabouttoproccmd
     9224   2C C7 B9   BIT &B9C7
     9227   30 03      BMI &922C
     9229   CE C7 B9   DEC &B9C7
.parameter_fsp
     922C   A9 FF      LDA #&FF
     922E   8D CE B9   STA &B9CE
.param_out
     9231   8D CD B9   STA &B9CD
     9234   60         RTS
.parameter_afsp
     9235   A9 2A      LDA #&2A
     9237   8D CE B9   STA &B9CE
     923A   A9 23      LDA #&23
     923C   D0 F3      BNE &9231
.osfile5_rdcatinfo
     923E   20 F8 92   JSR &92F8
     9241   20 97 83   JSR &8397
     9244   A9 01      LDA #&01
     9246   60         RTS
.osfile6_delfile
     9247   20 D5 92   JSR &92D5
     924A   20 97 83   JSR &8397
     924D   20 1D 83   JSR &831D
     9250   4C 77 92   JMP &9277
.osfile1_updatecat
     9253   20 F8 92   JSR &92F8
     9256   20 7D 92   JSR &927D
     9259   20 99 92   JSR &9299
     925C   50 16      BVC &9274
.osfile3_wrexecaddr
     925E   20 F8 92   JSR &92F8
     9261   20 99 92   JSR &9299
     9264   50 11      BVC &9277
.osfile2_wrloadaddr
     9266   20 F8 92   JSR &92F8
     9269   20 7D 92   JSR &927D
     926C   50 09      BVC &9277
.osfile4_wrattribs
     926E   20 F8 92   JSR &92F8
     9271   20 ED 92   JSR &92ED
.osfile_updatelocksavecat
     9274   20 BC 92   JSR &92BC
.osfile_savecat_retA_1
     9277   20 0A A1   JSR &A10A
     927A   A9 01      LDA #&01
     927C   60         RTS
.osfile_update_loadaddr_Xoffset
     927D   20 F6 83   JSR &83F6
     9280   A0 02      LDY #&02
     9282   B1 B0      LDA (&B0),Y
     9284   9D 08 B8   STA &B808,X
     9287   C8         INY
     9288   B1 B0      LDA (&B0),Y
     928A   9D 09 B8   STA &B809,X
     928D   C8         INY
     928E   B1 B0      LDA (&B0),Y
     9290   0A         ASL A
     9291   0A         ASL A
     9292   5D 0E B8   EOR &B80E,X
     9295   29 0C      AND #&0C
     9297   10 1B      BPL &92B4
.osfile_update_execaddr_Xoffset
     9299   20 F6 83   JSR &83F6
     929C   A0 06      LDY #&06
     929E   B1 B0      LDA (&B0),Y
     92A0   9D 0A B8   STA &B80A,X
     92A3   C8         INY
     92A4   B1 B0      LDA (&B0),Y
     92A6   9D 0B B8   STA &B80B,X
     92A9   C8         INY
     92AA   B1 B0      LDA (&B0),Y
     92AC   6A         ROR A
     92AD   6A         ROR A
     92AE   6A         ROR A
     92AF   5D 0E B8   EOR &B80E,X
     92B2   29 C0      AND #&C0
.osfile_savemixedbyte
     92B4   5D 0E B8   EOR &B80E,X
     92B7   9D 0E B8   STA &B80E,X
     92BA   B8         CLV
     92BB   60         RTS
.osfile_updatelock
     92BC   20 F6 83   JSR &83F6
     92BF   A0 0E      LDY #&0E
     92C1   B1 B0      LDA (&B0),Y
     92C3   29 0A      AND #&0A
     92C5   F0 02      BEQ &92C9
     92C7   A9 80      LDA #&80
.osfile_notlocked
     92C9   5D 0F B7   EOR &B70F,X
     92CC   29 80      AND #&80
     92CE   5D 0F B7   EOR &B70F,X
     92D1   9D 0F B7   STA &B70F,X
     92D4   60         RTS
.CheckFileNotLocked
     92D5   20 02 93   JSR &9302
     92D8   90 23      BCC &92FD
.CheckFileNotLockedY
     92DA   B9 0F B7   LDA &B70F,Y
     92DD   10 22      BPL &9301
.errFILELOCKED
     92DF   20 61 80   JSR &8061
     92E2   C3
     92E3   4C 6F 63 ...
     92E9   00
.CheckFileNotLockedOrOpenY
     92EA   20 DA 92   JSR &92DA
.CheckFileNotOpenY
     92ED   20 F6 83   JSR &83F6
     92F0   20 5C 95   JSR &955C
     92F3   90 21      BCC &9316
     92F5   4C C0 94   JMP &94C0
.CheckFileExists
     92F8   20 02 93   JSR &9302
     92FB   B0 19      BCS &9316
.ExitCallingSubroutine
     92FD   68         PLA
     92FE   68         PLA
     92FF   A9 00      LDA #&00
.chklock_exit
     9301   60         RTS
.read_fspBA_findcatentry
     9302   20 52 81   JSR &8152
     9305   20 80 82   JSR &8280
     9308   90 0C      BCC &9316
     930A   98         TYA
     930B   AA         TAX
.SetParamBlockPointerB0
     930C   AD DB B9   LDA &B9DB
     930F   85 B0      STA &B0
     9311   AD DC B9   LDA &B9DC
     9314   85 B1      STA &B1
.checkexit
     9316   60         RTS
.CalcRAM
     9317   A9 83      LDA #&83
     9319   20 F4 FF   JSR &FFF4
     931C   8C CF B9   STY &B9CF
     931F   A9 84      LDA #&84
     9321   20 F4 FF   JSR &FFF4
     9324   98         TYA
     9325   38         SEC
     9326   ED CF B9   SBC &B9CF
     9329   8D D0 B9   STA &B9D0
     932C   60         RTS
.osbyte_X0YFF
     932D   A2 00      LDX #&00
.osbyte_YFF
     932F   A0 FF      LDY #&FF
     9331   4C F4 FF   JMP &FFF4
.vectors_table
     9334   1B FF
     9336   1E FF
     9338   21 FF
     933A   24 FF
     933C   27 FF
     933E   2A FF
     9340   2D FF
.extendedvectors_table
     9342   80 8E
     9344   00         BRK
     9345   D4 95
     9347   00         BRK
     9348   20 97
     934A   00         BRK
     934B   DD 97
     934D   00         BRK
     934E   C4 8E
     9350   00         BRK
     9351   F9 93
     9353   00         BRK
     9354   B1 8E
     9356   00         BRK
.fscv_table1
     9357   25
     9358   EC
     9359   A0
     935A   22
     935B   A0
     935C   6F
     935D   9E
     935E   99
     935F   23
     9360   4D
     9361   6C
     9362   A0
.fscv_table2
     9363   8A
     9364   96
     9365   88
     9366   87
     9367   88
     9368   84
     9369   93
     936A   93
     936B   92
     936C   82
     936D   82
     936E   88
.finv_tablelo
     936F   0A
     9370   43
     9371   52
     9372   65
     9373   5D
     9374   6D
     9375   3D
     9376   46
.finv_tablehi
     9377   88
     9378   88
     9379   92
     937A   92
     937B   92
     937C   92
     937D   92
     937E   92
.gbpbv_table1
     937F   CD
     9380   6B
     9381   6B
     9382   46
     9383   46
     9384   CF
     9385   FB
     9386   09
     9387   86
.gbpbv_table2
     9388   82
     9389   90
     938A   90
     938B   90
     938C   90
     938D   8F
     938E   8F
     938F   90
     9390   8F
.gbpbv_table3
     9391   04
     9392   02
     9393   03
     9394   06
     9395   07
     9396   04
     9397   04
     9398   04
     9399   04
.fscv7_hndlrange
     939A   A2 11      LDX #&11
     939C   A0 15      LDY #&15
.closeallfiles_exit
     939E   60         RTS
.fscv6_shutdownfilesys
     939F   20 F6 83   JSR &83F6
.CloseSPOOLEXECfiles
     93A2   A9 77      LDA #&77
     93A4   4C F4 FF   JMP &FFF4
.CMD_CLOSE
.CloseAllFiles_Osbyte77
     93A7   20 A2 93   JSR &93A2
.CloseAllFiles
     93AA   A9 00      LDA #&00
.closeallfiles_loop
     93AC   18         CLC
     93AD   69 20      ADC #&20
     93AF   F0 ED      BEQ &939E
     93B1   A8         TAY
     93B2   20 06 94   JSR &9406
     93B5   D0 F5      BNE &93AC
.Channel_SetDirDrv_GetCatEntry_Yintch
     93B7   20 D2 93   JSR &93D2
.Channel_GetCatEntry_Yintch
     93BA   A2 06      LDX #&06
.chnl_getcatloop
     93BC   B9 0C BA   LDA &BA0C,Y
     93BF   95 C5      STA &C5,X
     93C1   88         DEY
     93C2   88         DEY
     93C3   CA         DEX
     93C4   10 F6      BPL &93BC
     93C6   20 8B 82   JSR &828B
     93C9   90 22      BCC &93ED
     93CB   8C C3 B9   STY &B9C3
     93CE   AC C2 B9   LDY &B9C2
.chkdskchangexit
     93D1   60         RTS
.Channel_SetDirDrive_Yintch
     93D2   B9 0E BA   LDA &BA0E,Y
     93D5   29 7F      AND #&7F
     93D7   85 CC      STA &CC
     93D9   B9 17 BA   LDA &BA17,Y
     93DC   4C D5 8B   JMP &8BD5
.CheckForDiskChange
     93DF   20 F6 83   JSR &83F6
     93E2   AD 04 B8   LDA &B804
     93E5   20 03 A1   JSR &A103
     93E8   CD 04 B8   CMP &B804
     93EB   F0 E4      BEQ &93D1
.errDISKCHANGED
     93ED   20 4C 80   JSR &804C
     93F0   C8
     93F1   63 68 61 ...
     93F8   00
.FINDV_ENTRY
     93F9   29 C0      AND #&C0
     93FB   D0 59      BNE &9456
     93FD   20 F6 83   JSR &83F6
.CloseFiles_Yhandle
     9400   98         TYA
     9401   F0 A4      BEQ &93A7
     9403   20 01 97   JSR &9701
.CloseFile_Yintch
     9406   48         PHA
     9407   20 8C 96   JSR &968C
     940A   B0 45      BCS &9451
     940C   B9 1B BA   LDA &BA1B,Y
     940F   49 FF      EOR #&FF
     9411   2D C0 B9   AND &B9C0
     9414   8D C0 B9   STA &B9C0
     9417   B9 17 BA   LDA &BA17,Y
     941A   29 60      AND #&60
     941C   F0 33      BEQ &9451
     941E   20 B7 93   JSR &93B7
     9421   B9 17 BA   LDA &BA17,Y
     9424   29 20      AND #&20
     9426   F0 26      BEQ &944E
     9428   AE C3 B9   LDX &B9C3
     942B   B9 14 BA   LDA &BA14,Y
     942E   9D 0C B8   STA &B80C,X
     9431   B9 15 BA   LDA &BA15,Y
     9434   9D 0D B8   STA &B80D,X
     9437   B9 16 BA   LDA &BA16,Y
     943A   20 28 82   JSR &8228
     943D   5D 0E B8   EOR &B80E,X
     9440   29 30      AND #&30
     9442   5D 0E B8   EOR &B80E,X
     9445   9D 0E B8   STA &B80E,X
     9448   20 0A A1   JSR &A10A
     944B   AC C2 B9   LDY &B9C2
.closefile_buftodisk
     944E   20 7B 97   JSR &977B
.closefile_exit
     9451   AE C5 B9   LDX &B9C5
     9454   68         PLA
     9455   60         RTS
.findvnot0_openfile
     9456   20 1F 84   JSR &841F
     9459   86 BA      STX &BA
     945B   84 BB      STY &BB
     945D   85 B4      STA &B4
     945F   24 B4      BIT &B4
     9461   08         PHP
     9462   20 52 81   JSR &8152
     9465   20 2C 92   JSR &922C
     9468   20 80 82   JSR &8280
     946B   B0 22      BCS &948F
     946D   A9 00      LDA #&00
     946F   28         PLP
     9470   50 01      BVC &9473
     9472   60         RTS
.findv_createfile
     9473   08         PHP
     9474   A2 07      LDX #&07
.findv_loop1
     9476   95 BC      STA &BC,X
     9478   9D 74 B9   STA &B974,X
     947B   CA         DEX
     947C   10 F8      BPL &9476
     947E   C6 BE      DEC &BE
     9480   C6 BF      DEC &BF
     9482   CE 76 B9   DEC &B976
     9485   CE 77 B9   DEC &B977
     9488   A9 40      LDA #&40
     948A   85 C3      STA &C3
     948C   20 81 8A   JSR &8A81
.findv_filefound
     948F   28         PLP
     9490   08         PHP
     9491   70 03      BVS &9496
     9493   20 DA 92   JSR &92DA
.findv_readorupdate
     9496   20 5C 95   JSR &955C
     9499   90 0E      BCC &94A9
.findv_loop2
     949B   B9 0C BA   LDA &BA0C,Y
     949E   10 20      BPL &94C0
     94A0   28         PLP
     94A1   08         PHP
     94A2   30 1C      BMI &94C0
     94A4   20 57 95   JSR &9557
     94A7   B0 F2      BCS &949B
.findv_openchannel
     94A9   AC C2 B9   LDY &B9C2
     94AC   D0 1B      BNE &94C9
.errTOOMANYFILESOPEN
     94AE   20 61 80   JSR &8061
     94B1   C0
     94B2   54 6F 6F ...
     94BF   00
.errFILEOPEN
     94C0   20 61 80   JSR &8061
     94C3   C2
     94C4   4F 70 65 ...
     94C8   00
.SetupChannelInfoBlock_Yintch
     94C9   A9 08      LDA #&08
     94CB   8D C4 B9   STA &B9C4
.chnlblock_loop1
     94CE   BD 08 B7   LDA &B708,X
     94D1   99 00 BA   STA &BA00,Y
     94D4   C8         INY
     94D5   BD 08 B8   LDA &B808,X
     94D8   99 00 BA   STA &BA00,Y
     94DB   C8         INY
     94DC   E8         INX
     94DD   CE C4 B9   DEC &B9C4
     94E0   D0 EC      BNE &94CE
     94E2   A2 10      LDX #&10
     94E4   A9 00      LDA #&00
.chnlblock_loop2
     94E6   99 00 BA   STA &BA00,Y
     94E9   C8         INY
     94EA   CA         DEX
     94EB   D0 F9      BNE &94E6
     94ED   AD C2 B9   LDA &B9C2
     94F0   A8         TAY
     94F1   20 21 82   JSR &8221
     94F4   69 BA      ADC #&BA
     94F6   99 13 BA   STA &BA13,Y
     94F9   AD C1 B9   LDA &B9C1
     94FC   99 1B BA   STA &BA1B,Y
     94FF   0D C0 B9   ORA &B9C0
     9502   8D C0 B9   STA &B9C0
     9505   B9 09 BA   LDA &BA09,Y
     9508   69 FF      ADC #&FF
     950A   B9 0B BA   LDA &BA0B,Y
     950D   69 00      ADC #&00
     950F   99 19 BA   STA &BA19,Y
     9512   B9 0D BA   LDA &BA0D,Y
     9515   09 0F      ORA #&0F
     9517   69 00      ADC #&00
     9519   20 1A 82   JSR &821A
     951C   99 1A BA   STA &BA1A,Y
     951F   28         PLP
     9520   50 2E      BVC &9550
     9522   30 08      BMI &952C
     9524   A9 80      LDA #&80
     9526   19 0C BA   ORA &BA0C,Y
     9529   99 0C BA   STA &BA0C,Y
.chnlblock_setEXT
     952C   B9 09 BA   LDA &BA09,Y
     952F   99 14 BA   STA &BA14,Y
     9532   B9 0B BA   LDA &BA0B,Y
     9535   99 15 BA   STA &BA15,Y
     9538   B9 0D BA   LDA &BA0D,Y
     953B   20 1A 82   JSR &821A
     953E   99 16 BA   STA &BA16,Y
.chnlblock_cont
     9541   A5 CD      LDA &CD
     9543   19 17 BA   ORA &BA17,Y
     9546   99 17 BA   STA &BA17,Y
     9549   98         TYA
     954A   20 21 82   JSR &8221
     954D   09 10      ORA #&10
     954F   60         RTS
.chnlblock_setBit5
     9550   A9 20      LDA #&20
     9552   99 17 BA   STA &BA17,Y
     9555   D0 EA      BNE &9541
.IsFileOpenContinue
     9557   8A         TXA
     9558   48         PHA
     9559   4C 9B 95   JMP &959B
.IsFileOpen_Yoffset
     955C   A9 00      LDA #&00
     955E   8D C2 B9   STA &B9C2
     9561   A9 08      LDA #&08
     9563   85 B5      STA &B5
     9565   98         TYA
     9566   AA         TAX
     9567   A0 A0      LDY #&A0
.fop_main_loop
     9569   84 B3      STY &B3
     956B   8A         TXA
     956C   48         PHA
     956D   A9 08      LDA #&08
     956F   85 B2      STA &B2
     9571   A5 B5      LDA &B5
     9573   2C C0 B9   BIT &B9C0
     9576   F0 1D      BEQ &9595
     9578   B9 17 BA   LDA &BA17,Y
     957B   45 CD      EOR &CD
     957D   29 03      AND #&03
     957F   D0 1A      BNE &959B
.fop_cmpfn_loop
     9581   BD 08 B7   LDA &B708,X
     9584   59 00 BA   EOR &BA00,Y
     9587   29 7F      AND #&7F
     9589   D0 10      BNE &959B
     958B   E8         INX
     958C   C8         INY
     958D   C8         INY
     958E   C6 B2      DEC &B2
     9590   D0 EF      BNE &9581
     9592   38         SEC
     9593   B0 10      BCS &95A5
.fop_channelnotopen
     9595   8C C2 B9   STY &B9C2
     9598   8D C1 B9   STA &B9C1
.fop_nothisfile
     959B   38         SEC
     959C   A5 B3      LDA &B3
     959E   E9 20      SBC #&20
     95A0   85 B3      STA &B3
     95A2   06 B5      ASL &B5
     95A4   18         CLC
.fop_matchifCset
     95A5   68         PLA
     95A6   AA         TAX
     95A7   A4 B3      LDY &B3
     95A9   A5 B5      LDA &B5
     95AB   B0 02      BCS &95AF
     95AD   D0 BA      BNE &9569
.fop_exit
     95AF   60         RTS
.ChannelBufferToDisk_Yhandle_A0
     95B0   20 C7 95   JSR &95C7
.ChannelBufferToDisk_Yhandle
     95B3   AD C0 B9   LDA &B9C0
     95B6   48         PHA
     95B7   98         TYA
     95B8   D0 05      BNE &95BF
     95BA   20 AA 93   JSR &93AA
     95BD   F0 03      BEQ &95C2
.chbuf1
     95BF   20 00 94   JSR &9400
.chbuf2
     95C2   68         PLA
     95C3   8D C0 B9   STA &B9C0
     95C6   60         RTS
.ReturnWithA0
     95C7   48         PHA
     95C8   8A         TXA
     95C9   48         PHA
     95CA   A9 00      LDA #&00
     95CC   BA         TSX
     95CD   9D 09 01   STA &0109,X
     95D0   68         PLA
     95D1   AA         TAX
     95D2   68         PLA
     95D3   60         RTS
.ARGSV_ENTRY
     95D4   20 F6 83   JSR &83F6
     95D7   C9 FF      CMP #&FF
     95D9   F0 D5      BEQ &95B0
     95DB   C0 00      CPY #&00
     95DD   F0 12      BEQ &95F1
     95DF   C9 04      CMP #&04
     95E1   B0 27      BCS &960A
     95E3   20 C7 95   JSR &95C7
     95E6   C9 03      CMP #&03
     95E8   F0 47      BEQ &9631
     95EA   C9 01      CMP #&01
     95EC   D0 24      BNE &9612
     95EE   4C AD 98   JMP &98AD
.argsv_Y0
     95F1   C9 02      CMP #&02
     95F3   B0 15      BCS &960A
     95F5   20 C7 95   JSR &95C7
     95F8   F0 11      BEQ &960B
     95FA   A9 FF      LDA #&FF
     95FC   95 02      STA &02,X
     95FE   95 03      STA &03,X
     9600   AD D9 B9   LDA &B9D9
     9603   95 00      STA &00,X
     9605   AD DA B9   LDA &B9DA
     9608   95 01      STA &01,X
.argsv_exit
     960A   60         RTS
.argsv_filesysnumber
     960B   A9 04      LDA #&04
     960D   BA         TSX
     960E   9D 05 01   STA &0105,X
     9611   60         RTS
.argsv_rdseqptr_or_filelen
     9612   20 01 97   JSR &9701
     9615   8C C2 B9   STY &B9C2
     9618   0A         ASL A
     9619   6D C2 B9   ADC &B9C2
     961C   A8         TAY
     961D   B9 10 BA   LDA &BA10,Y
     9620   95 00      STA &00,X
     9622   B9 11 BA   LDA &BA11,Y
     9625   95 01      STA &01,X
     9627   B9 12 BA   LDA &BA12,Y
     962A   95 02      STA &02,X
     962C   A9 00      LDA #&00
     962E   95 03      STA &03,X
     9630   60         RTS
.argsv3
     9631   20 01 97   JSR &9701
     9634   20 9D 98   JSR &989D
     9637   B0 1E      BCS &9657
     9639   B9 10 BA   LDA &BA10,Y
     963C   48         PHA
     963D   B9 11 BA   LDA &BA11,Y
     9640   48         PHA
     9641   B9 12 BA   LDA &BA12,Y
     9644   48         PHA
     9645   20 B8 98   JSR &98B8
     9648   68         PLA
     9649   99 12 BA   STA &BA12,Y
     964C   68         PLA
     964D   99 11 BA   STA &BA11,Y
     9650   68         PLA
     9651   99 10 BA   STA &BA10,Y
     9654   20 F6 98   JSR &98F6
.truncate
     9657   B9 0C BA   LDA &BA0C,Y
     965A   30 2A      BMI &9686
     965C   19 0E BA   ORA &BA0E,Y
     965F   30 28      BMI &9689
     9661   A9 20      LDA #&20
     9663   20 6C 97   JSR &976C
     9666   B5 00      LDA &00,X
     9668   99 14 BA   STA &BA14,Y
     966B   B5 01      LDA &01,X
     966D   99 15 BA   STA &BA15,Y
     9670   B5 02      LDA &02,X
     9672   99 16 BA   STA &BA16,Y
     9675   8A         TXA
     9676   48         PHA
     9677   20 1F 99   JSR &991F
     967A   68         PLA
     967B   AA         TAX
     967C   90 03      BCC &9681
     967E   20 E7 98   JSR &98E7
.dontchangeptr
     9681   A9 EF      LDA #&EF
     9683   4C 73 97   JMP &9773
.filereadonly
     9686   4C C9 97   JMP &97C9
.filelocked
     9689   4C DF 92   JMP &92DF
.IsHndlinUse_Yintch
     968C   48         PHA
     968D   8E C5 B9   STX &B9C5
     9690   98         TYA
     9691   29 E0      AND #&E0
     9693   8D C2 B9   STA &B9C2
     9696   F0 13      BEQ &96AB
     9698   20 21 82   JSR &8221
     969B   A8         TAY
     969C   A9 00      LDA #&00
     969E   38         SEC
.hndlinsue_loop
     969F   6A         ROR A
     96A0   88         DEY
     96A1   D0 FC      BNE &969F
     96A3   AC C2 B9   LDY &B9C2
     96A6   2C C0 B9   BIT &B9C0
     96A9   D0 01      BNE &96AC
.hndlinuse_notused_C1
     96AB   38         SEC
.hndlinuse_used_C0
     96AC   68         PLA
     96AD   60         RTS
.conv_Yhndl_intch_exYintch
     96AE   48         PHA
     96AF   98         TYA
.conv_hndl_X_entry
     96B0   C9 10      CMP #&10
     96B2   90 04      BCC &96B8
     96B4   C9 18      CMP #&18
     96B6   90 02      BCC &96BA
.conv_hndl10
     96B8   A9 08      LDA #&08
.conv_hndl18
     96BA   20 27 82   JSR &8227
     96BD   A8         TAY
     96BE   68         PLA
     96BF   60         RTS
.ClearEXECSPOOLFileHandle
     96C0   A9 C6      LDA #&C6
     96C2   20 2D 93   JSR &932D
     96C5   8A         TXA
     96C6   F0 09      BEQ &96D1
     96C8   20 E4 96   JSR &96E4
     96CB   D0 04      BNE &96D1
     96CD   A9 C6      LDA #&C6
     96CF   D0 0C      BNE &96DD
.ClearSpoolhandle
     96D1   A9 C7      LDA #&C7
     96D3   20 2D 93   JSR &932D
     96D6   20 E4 96   JSR &96E4
     96D9   D0 11      BNE &96EC
     96DB   A9 C7      LDA #&C7
.osbyte_X0Y0
     96DD   A2 00      LDX #&00
     96DF   A0 00      LDY #&00
     96E1   4C F4 FF   JMP &FFF4
.ConvertXhndl_exYintch
     96E4   8A         TXA
     96E5   A8         TAY
     96E6   20 AE 96   JSR &96AE
     96E9   CC C2 B9   CPY &B9C2
.clrsplhndl_exit
     96EC   60         RTS
.fscv1_EOF_Yhndl
     96ED   48         PHA
     96EE   98         TYA
     96EF   48         PHA
     96F0   8A         TXA
     96F1   A8         TAY
     96F2   20 1C 99   JSR &991C
     96F5   D0 04      BNE &96FB
     96F7   A2 FF      LDX #&FF
     96F9   D0 02      BNE &96FD
.eof_NOTEND
     96FB   A2 00      LDX #&00
.eof_exit
     96FD   68         PLA
     96FE   A8         TAY
     96FF   68         PLA
.checkchannel_okexit
     9700   60         RTS
.CheckChannel_Yhndl_exYintch
     9701   20 AE 96   JSR &96AE
     9704   20 8C 96   JSR &968C
     9707   90 F7      BCC &9700
     9709   20 C0 96   JSR &96C0
.errCHANNEL
     970C   20 61 80   JSR &8061
     970F   DE
     9710   43 68 61 ...
     9717   00
.errEOF
     9718   20 61 80   JSR &8061
     971B   DF
     971C   45 4F 46 
     971F   00
.BGETV_ENTRY
     9720   20 1F 84   JSR &841F
     9723   20 1C 99   JSR &991C
     9726   D0 13      BNE &973B
     9728   B9 17 BA   LDA &BA17,Y
     972B   29 10      AND #&10
     972D   D0 E9      BNE &9718
     972F   A9 10      LDA #&10
     9731   20 6C 97   JSR &976C
     9734   AE C5 B9   LDX &B9C5
     9737   A9 FE      LDA #&FE
     9739   38         SEC
     973A   60         RTS
.bg_notEOF
     973B   B9 17 BA   LDA &BA17,Y
     973E   30 0A      BMI &974A
     9740   20 D2 93   JSR &93D2
     9743   20 7B 97   JSR &977B
     9746   38         SEC
     9747   20 83 97   JSR &9783
.bg_samesector1
     974A   20 38 99   JSR &9938
     974D   A1 BA      LDA (&BA,X)
     974F   18         CLC
     9750   60         RTS
.CalcBufferSectorForPTR
     9751   18         CLC
     9752   B9 0F BA   LDA &BA0F,Y
     9755   79 11 BA   ADC &BA11,Y
     9758   85 C3      STA &C3
     975A   99 1C BA   STA &BA1C,Y
     975D   B9 0D BA   LDA &BA0D,Y
     9760   29 03      AND #&03
     9762   79 12 BA   ADC &BA12,Y
     9765   85 C2      STA &C2
     9767   99 1D BA   STA &BA1D,Y
.ChannelFlags_SetBit7
     976A   A9 80      LDA #&80
.ChannelFlags_SetBits
     976C   19 17 BA   ORA &BA17,Y
     976F   D0 05      BNE &9776
.ChannelFlags_ClearBit7
     9771   A9 7F      LDA #&7F
.ChannelFlags_ClearBits
     9773   39 17 BA   AND &BA17,Y
.chnflg_save
     9776   99 17 BA   STA &BA17,Y
     9779   18         CLC
     977A   60         RTS
.ChannelBufferToDisk_Yintch
     977B   B9 17 BA   LDA &BA17,Y
     977E   29 40      AND #&40
     9780   F0 43      BEQ &97C5
     9782   18         CLC
.ChannelBufferRW_Yintch_C1read
     9783   EE DD B9   INC &B9DD
     9786   AC C2 B9   LDY &B9C2
     9789   B9 13 BA   LDA &BA13,Y
     978C   85 BD      STA &BD
     978E   A9 FF      LDA #&FF
     9790   8D 74 B9   STA &B974
     9793   8D 75 B9   STA &B975
     9796   A9 00      LDA #&00
     9798   85 BC      STA &BC
     979A   85 C0      STA &C0
     979C   A9 01      LDA #&01
     979E   85 C1      STA &C1
     97A0   B0 17      BCS &97B9
     97A2   B9 1C BA   LDA &BA1C,Y
     97A5   85 C3      STA &C3
     97A7   B9 1D BA   LDA &BA1D,Y
     97AA   85 C2      STA &C2
     97AC   20 4D 88   JSR &884D
     97AF   AC C2 B9   LDY &B9C2
     97B2   A9 BF      LDA #&BF
     97B4   20 73 97   JSR &9773
     97B7   90 06      BCC &97BF
.chnbuf_read
     97B9   20 51 97   JSR &9751
     97BC   20 40 88   JSR &8840
.chnbuf_exit
     97BF   CE DD B9   DEC &B9DD
     97C2   AC C2 B9   LDY &B9C2
.chnbuf_exit2
     97C5   60         RTS
.errFILELOCKED2
     97C6   4C DF 92   JMP &92DF
.errFILEREADONLY
     97C9   20 61 80   JSR &8061
     97CC   C1
     97CD   52 65 61 ...
     97D6   00
.bput_Yintchan
     97D7   20 F6 83   JSR &83F6
     97DA   4C E3 97   JMP &97E3
.BPUTV_ENTRY
     97DD   20 F6 83   JSR &83F6
     97E0   20 01 97   JSR &9701
.bp_entry
     97E3   48         PHA
     97E4   B9 0C BA   LDA &BA0C,Y
     97E7   30 E0      BMI &97C9
     97E9   B9 0E BA   LDA &BA0E,Y
     97EC   30 D8      BMI &97C6
     97EE   20 D2 93   JSR &93D2
     97F1   98         TYA
     97F2   18         CLC
     97F3   69 04      ADC #&04
     97F5   20 20 99   JSR &9920
     97F8   D0 66      BNE &9860
     97FA   20 BA 93   JSR &93BA
     97FD   AE C3 B9   LDX &B9C3
     9800   38         SEC
     9801   BD 07 B8   LDA &B807,X
     9804   FD 0F B8   SBC &B80F,X
     9807   48         PHA
     9808   BD 06 B8   LDA &B806,X
     980B   FD 0E B8   SBC &B80E,X
     980E   29 03      AND #&03
     9810   D9 1A BA   CMP &BA1A,Y
     9813   D0 1F      BNE &9834
     9815   68         PLA
     9816   D9 19 BA   CMP &BA19,Y
     9819   D0 34      BNE &984F
     981B   84 B4      STY &B4
     981D   8C C2 B9   STY &B9C2
     9820   20 C0 96   JSR &96C0
.errCANTEXTEND
     9823   20 61 80   JSR &8061
     9826   BF
     9827   43 61 6E ...
     9833   00
.bp_extendby100
     9834   B9 1A BA   LDA &BA1A,Y
     9837   18         CLC
     9838   69 01      ADC #&01
     983A   99 1A BA   STA &BA1A,Y
     983D   0A         ASL A
     983E   0A         ASL A
     983F   0A         ASL A
     9840   0A         ASL A
     9841   5D 0E B8   EOR &B80E,X
     9844   29 30      AND #&30
     9846   5D 0E B8   EOR &B80E,X
     9849   9D 0E B8   STA &B80E,X
     984C   68         PLA
     984D   A9 00      LDA #&00
.bp_extendtogap
     984F   9D 0D B8   STA &B80D,X
     9852   99 19 BA   STA &BA19,Y
     9855   A9 00      LDA #&00
     9857   9D 0C B8   STA &B80C,X
     985A   20 0A A1   JSR &A10A
     985D   AC C2 B9   LDY &B9C2
.bp_noextend
     9860   B9 17 BA   LDA &BA17,Y
     9863   30 16      BMI &987B
     9865   20 7B 97   JSR &977B
     9868   B9 14 BA   LDA &BA14,Y
     986B   D0 0A      BNE &9877
     986D   20 1F 99   JSR &991F
     9870   D0 05      BNE &9877
     9872   20 51 97   JSR &9751
     9875   D0 04      BNE &987B
.bp_loadbuf
     9877   38         SEC
     9878   20 83 97   JSR &9783
.bp_savebyte
     987B   A9 40      LDA #&40
     987D   20 6C 97   JSR &976C
     9880   20 38 99   JSR &9938
     9883   68         PLA
     9884   81 BA      STA (&BA,X)
     9886   20 1F 99   JSR &991F
     9889   90 11      BCC &989C
.updext
     988B   A9 20      LDA #&20
     988D   20 6C 97   JSR &976C
     9890   A2 02      LDX #&02
.bp_setextloop
     9892   B9 10 BA   LDA &BA10,Y
     9895   99 14 BA   STA &BA14,Y
     9898   C8         INY
     9899   CA         DEX
     989A   10 F6      BPL &9892
.bp_exit
     989C   60         RTS
.cmptoEXT
     989D   B9 14 BA   LDA &BA14,Y
     98A0   D5 00      CMP &00,X
     98A2   B9 15 BA   LDA &BA15,Y
     98A5   F5 01      SBC &01,X
     98A7   B9 16 BA   LDA &BA16,Y
     98AA   F5 02      SBC &02,X
     98AC   60         RTS
.argsv_WriteSeqPointer
     98AD   20 F6 83   JSR &83F6
     98B0   20 01 97   JSR &9701
.wsploop
     98B3   20 9D 98   JSR &989D
     98B6   B0 2F      BCS &98E7
.argsextendloop
     98B8   B9 14 BA   LDA &BA14,Y
     98BB   99 10 BA   STA &BA10,Y
     98BE   B9 15 BA   LDA &BA15,Y
     98C1   99 11 BA   STA &BA11,Y
     98C4   B9 16 BA   LDA &BA16,Y
     98C7   99 12 BA   STA &BA12,Y
     98CA   20 F6 98   JSR &98F6
     98CD   A5 B6      LDA &B6
     98CF   48         PHA
     98D0   A5 B7      LDA &B7
     98D2   48         PHA
     98D3   A5 B8      LDA &B8
     98D5   48         PHA
     98D6   A9 00      LDA #&00
     98D8   20 D7 97   JSR &97D7
     98DB   68         PLA
     98DC   85 B8      STA &B8
     98DE   68         PLA
     98DF   85 B7      STA &B7
     98E1   68         PLA
     98E2   85 B6      STA &B6
     98E4   4C B3 98   JMP &98B3
.SetSeqPointer_Yintch
     98E7   B5 00      LDA &00,X
     98E9   99 10 BA   STA &BA10,Y
     98EC   B5 01      LDA &01,X
     98EE   99 11 BA   STA &BA11,Y
     98F1   B5 02      LDA &02,X
     98F3   99 12 BA   STA &BA12,Y
.IsSeqPointerInBuffer_Yintch
     98F6   A9 6F      LDA #&6F
     98F8   20 73 97   JSR &9773
     98FB   B9 0F BA   LDA &BA0F,Y
     98FE   79 11 BA   ADC &BA11,Y
     9901   8D C4 B9   STA &B9C4
     9904   B9 0D BA   LDA &BA0D,Y
     9907   29 03      AND #&03
     9909   79 12 BA   ADC &BA12,Y
     990C   D9 1D BA   CMP &BA1D,Y
     990F   D0 8B      BNE &989C
     9911   AD C4 B9   LDA &B9C4
     9914   D9 1C BA   CMP &BA1C,Y
     9917   D0 83      BNE &989C
     9919   4C 6A 97   JMP &976A
.CheckChannel_Yhndl_exYintch_TYA_CmpPTR
     991C   20 01 97   JSR &9701
.TYA_CmpPTR
     991F   98         TYA
.CmpPTR
     9920   AA         TAX
     9921   B9 12 BA   LDA &BA12,Y
     9924   DD 16 BA   CMP &BA16,X
     9927   D0 0E      BNE &9937
     9929   B9 11 BA   LDA &BA11,Y
     992C   DD 15 BA   CMP &BA15,X
     992F   D0 06      BNE &9937
     9931   B9 10 BA   LDA &BA10,Y
     9934   DD 14 BA   CMP &BA14,X
.cmpPE_exit
     9937   60         RTS
.load_then_incSeqPtr_Yintch
     9938   B9 10 BA   LDA &BA10,Y
     993B   85 BA      STA &BA
     993D   B9 13 BA   LDA &BA13,Y
     9940   85 BB      STA &BB
     9942   98         TYA
     9943   AA         TAX
     9944   FE 10 BA   INC &BA10,X
     9947   D0 0B      BNE &9954
     9949   20 71 97   JSR &9771
     994C   FE 11 BA   INC &BA11,X
     994F   D0 03      BNE &9954
     9951   FE 12 BA   INC &BA12,X
.samesector
     9954   A2 00      LDX #&00
     9956   60         RTS
.CMD_MMFS
     9957   98         TYA
     9958   A2 00      LDX #&00
     995A   A0 14      LDY #&14
.Prthelp_Xtable
     995C   48         PHA
     995D   20 9E 80   JSR &809E
     9960   0D
Macro SYSTEM_NAME:
     9961   4D 4D 46 ...
End macro SYSTEM_NAME
     9966   20
     9967   86 BF      STX &BF
     9969   84 B7      STY &B7
     996B   A2 00      LDX #&00
.verloop
     996D   BD 23 80   LDA &8023,X
     9970   F0 06      BEQ &9978
     9972   20 E1 80   JSR &80E1
     9975   E8         INX
     9976   D0 F5      BNE &996D
.verex
     9978   A9 0D      LDA #&0D
     997A   20 E1 80   JSR &80E1
.help_dfs_loop
     997D   A9 00      LDA #&00
     997F   85 B9      STA &B9
     9981   A0 01      LDY #&01
     9983   20 35 9A   JSR &9A35
     9986   20 D0 99   JSR &99D0
     9989   20 7D 83   JSR &837D
     998C   C6 B7      DEC &B7
     998E   D0 ED      BNE &997D
     9990   68         PLA
     9991   A8         TAY
.morehelp
     9992   A2 A3      LDX #&A3
     9994   4C 28 87   JMP &8728
.CMD_DUTILS
     9997   98         TYA
     9998   A2 B7      LDX #&B7
     999A   A0 09      LDY #&09
     999C   D0 BE      BNE &995C
.CMD_UTILS
     999E   98         TYA
     999F   A2 76      LDX #&76
     99A1   A0 04      LDY #&04
     99A3   D0 B7      BNE &995C
.CMD_NOTHELPTBL
     99A5   20 C3 81   JSR &81C3
     99A8   F0 78      BEQ &9A22
.cmd_nothelptlb_loop
     99AA   20 A8 81   JSR &81A8
     99AD   90 FB      BCC &99AA
     99AF   B0 E1      BCS &9992
.Param_SyntaxErrorIfNull
     99B1   20 C3 81   JSR &81C3
     99B4   F0 01      BEQ &99B7
     99B6   60         RTS
.errSYNTAX
     99B7   20 71 80   JSR &8071
     99BA   DC
     99BB   53 79 6E ...
     99C3   86 B9      STX &B9
     99C5   20 D0 99   JSR &99D0
     99C8   A9 00      LDA #&00
     99CA   20 23 9A   JSR &9A23
     99CD   4C 00 01   JMP &0100
.prtcmdAtBCadd1
     99D0   A9 07      LDA #&07
     99D2   85 B8      STA &B8
     99D4   A6 BF      LDX &BF
     99D6   E0 B7      CPX #&B7
     99D8   90 05      BCC &99DF
     99DA   A9 44      LDA #&44
     99DC   20 23 9A   JSR &9A23
.prtcmdloop
     99DF   E8         INX
     99E0   BD CA 85   LDA &85CA,X
     99E3   30 06      BMI &99EB
     99E5   20 23 9A   JSR &9A23
     99E8   4C DF 99   JMP &99DF
.prtcmdloop_exit
     99EB   A4 B8      LDY &B8
     99ED   30 03      BMI &99F2
     99EF   20 35 9A   JSR &9A35
.prtcmdnospcs
     99F2   86 BF      STX &BF
     99F4   BD CA 85   LDA &85CA,X
     99F7   29 7F      AND #&7F
     99F9   20 FF 99   JSR &99FF
     99FC   20 22 82   JSR &8222
.prtcmdparam
     99FF   20 F6 83   JSR &83F6
     9A02   29 0F      AND #&0F
     9A04   F0 1C      BEQ &9A22
     9A06   A8         TAY
     9A07   A9 20      LDA #&20
     9A09   20 23 9A   JSR &9A23
     9A0C   A2 FF      LDX #&FF
.prtcmdparam_findloop
     9A0E   E8         INX
     9A0F   BD 42 9A   LDA &9A42,X
     9A12   10 FA      BPL &9A0E
     9A14   88         DEY
     9A15   D0 F7      BNE &9A0E
     9A17   29 7F      AND #&7F
.prtcmdparam_loop
     9A19   20 23 9A   JSR &9A23
     9A1C   E8         INX
     9A1D   BD 42 9A   LDA &9A42,X
     9A20   10 F7      BPL &9A19
.prtcmdparamexit
     9A22   60         RTS
.prtcmd_prtchr
     9A23   20 F6 83   JSR &83F6
     9A26   A6 B9      LDX &B9
     9A28   F0 06      BEQ &9A30
     9A2A   E6 B9      INC &B9
     9A2C   9D 00 01   STA &0100,X
     9A2F   60         RTS
.prtcmdparam_prtchr
     9A30   C6 B8      DEC &B8
     9A32   4C E1 80   JMP &80E1
.prtcmd_Print_Y_Spaces_IfNotErr
     9A35   A5 B9      LDA &B9
     9A37   D0 08      BNE &9A41
     9A39   A9 20      LDA #&20
.prtcmd_yspc_loop
     9A3B   20 23 9A   JSR &9A23
     9A3E   88         DEY
     9A3F   10 FA      BPL &9A3B
.prtcmd_yspc_exit
     9A41   60         RTS
.parametertable
     9A42   BC
     9A43   64 72 69 ...
     9A49   BC
     9A4A   61 66 73 ...
     9A4F   A8
     9A50   4C 29 
     9A52   A8
     9A53   3C 64 72 ...
     9A5B   A8
     9A5C   3C 64 72 ...
     9A67   A8
     9A68   3C 64 69 ...
     9A6E   BC
     9A6F   64 6F 73 ...
     9A78   BC
     9A79   66 73 70 ...
     9A7D   A8
     9A7E   3C 64 6F ...
     9A89   BC
     9A8A   74 69 74 ...
     9A90   A8
     9A91   3C 6E 75 ...
     9A97   BC
     9A98   73 6F 75 ...
     9AA7   BC
     9AA8   6F 6C 64 ...
     9ABA   BC
     9ABB   66 69 6C ...
     9AC2   B4
     9AC3   30 2F 38 ...
     9AC7   FF
.CMD_COMPACT
     9AC8   20 DA 8B   JSR &8BDA
     9ACB   20 9E 80   JSR &809E
     9ACE   43 6F 6D ...
     9ADA   8D D1 B9   STA &B9D1
     9ADD   8D D2 B9   STA &B9D2
     9AE0   20 05 81   JSR &8105
     9AE3   20 7D 83   JSR &837D
     9AE6   A0 00      LDY #&00
     9AE8   20 00 94   JSR &9400
     9AEB   20 17 93   JSR &9317
     9AEE   20 03 A1   JSR &A103
     9AF1   AC 05 B8   LDY &B805
     9AF4   84 CA      STY &CA
     9AF6   A9 02      LDA #&02
     9AF8   85 C8      STA &C8
     9AFA   A9 00      LDA #&00
     9AFC   85 C9      STA &C9
.compact_loop
     9AFE   A4 CA      LDY &CA
     9B00   20 C5 82   JSR &82C5
     9B03   C0 F8      CPY #&F8
     9B05   D0 28      BNE &9B2F
     9B07   AD 07 B8   LDA &B807
     9B0A   38         SEC
     9B0B   E5 C8      SBC &C8
     9B0D   48         PHA
     9B0E   AD 06 B8   LDA &B806
     9B11   29 03      AND #&03
     9B13   E5 C9      SBC &C9
     9B15   20 05 81   JSR &8105
     9B18   68         PLA
     9B19   20 FD 80   JSR &80FD
     9B1C   20 9E 80   JSR &809E
     9B1F   20 66 72 ...
     9B2C   0D
     9B2D   EA         NOP
     9B2E   60         RTS
.compact_checkfile
     9B2F   84 CA      STY &CA
     9B31   20 47 83   JSR &8347
     9B34   A4 CA      LDY &CA
     9B36   B9 0C B8   LDA &B80C,Y
     9B39   C9 01      CMP #&01
     9B3B   A9 00      LDA #&00
     9B3D   85 BC      STA &BC
     9B3F   85 C0      STA &C0
     9B41   79 0D B8   ADC &B80D,Y
     9B44   85 C4      STA &C4
     9B46   B9 0E B8   LDA &B80E,Y
     9B49   08         PHP
     9B4A   20 1A 82   JSR &821A
     9B4D   28         PLP
     9B4E   69 00      ADC #&00
     9B50   85 C5      STA &C5
     9B52   B9 0F B8   LDA &B80F,Y
     9B55   85 C6      STA &C6
     9B57   B9 0E B8   LDA &B80E,Y
     9B5A   29 03      AND #&03
     9B5C   85 C7      STA &C7
     9B5E   C5 C9      CMP &C9
     9B60   D0 14      BNE &9B76
     9B62   A5 C6      LDA &C6
     9B64   C5 C8      CMP &C8
     9B66   D0 0E      BNE &9B76
     9B68   18         CLC
     9B69   65 C4      ADC &C4
     9B6B   85 C8      STA &C8
     9B6D   A5 C9      LDA &C9
     9B6F   65 C5      ADC &C5
     9B71   85 C9      STA &C9
     9B73   4C 8E 9B   JMP &9B8E
.compact_movefile
     9B76   A5 C8      LDA &C8
     9B78   99 0F B8   STA &B80F,Y
     9B7B   B9 0E B8   LDA &B80E,Y
     9B7E   29 FC      AND #&FC
     9B80   05 C9      ORA &C9
     9B82   99 0E B8   STA &B80E,Y
     9B85   20 0A A1   JSR &A10A
     9B88   20 15 9D   JSR &9D15
     9B8B   20 F8 A0   JSR &A0F8
.compact_fileinfo
     9B8E   A4 CA      LDY &CA
     9B90   20 4C 83   JSR &834C
     9B93   4C FE 9A   JMP &9AFE
.IsEnabledOrGo
     9B96   2C C7 B9   BIT &B9C7
     9B99   10 07      BPL &9BA2
     9B9B   20 ED 9B   JSR &9BED
     9B9E   F0 02      BEQ &9BA2
     9BA0   68         PLA
     9BA1   68         PLA
.isgo
.isgoalready
     9BA2   60         RTS
.Get_CopyDATA_Drives
     9BA3   20 DF 8B   JSR &8BDF
     9BA6   8D D1 B9   STA &B9D1
     9BA9   20 DF 8B   JSR &8BDF
     9BAC   8D D2 B9   STA &B9D2
     9BAF   CD D1 B9   CMP &B9D1
     9BB2   F0 2E      BEQ &9BE2
     9BB4   98         TYA
     9BB5   48         PHA
     9BB6   20 17 93   JSR &9317
     9BB9   20 9E 80   JSR &809E
     9BBC   43 6F 70 ...
     9BCA   AD D1 B9   LDA &B9D1
     9BCD   20 9B 80   JSR &809B
     9BD0   20 74 6F ...
     9BD5   AD D2 B9   LDA &B9D2
     9BD8   20 05 81   JSR &8105
     9BDB   20 7D 83   JSR &837D
     9BDE   68         PLA
     9BDF   A8         TAY
     9BE0   18         CLC
     9BE1   60         RTS
.baddrv
     9BE2   4C F2 8B   JMP &8BF2
.ConfirmYNcolon
     9BE5   20 9E 80   JSR &809E
     9BE8   20 3A 20 
     9BEB   90 0F      BCC &9BFC
.GoYN
     9BED   20 9E 80   JSR &809E
     9BF0   47 6F 20 ...
     9BFB   EA         NOP
.ConfirmYN
     9BFC   20 15 9C   JSR &9C15
     9BFF   20 E0 FF   JSR &FFE0
     9C02   B0 1D      BCS &9C21
     9C04   29 5F      AND #&5F
     9C06   C9 59      CMP #&59
     9C08   08         PHP
     9C09   F0 02      BEQ &9C0D
     9C0B   A9 4E      LDA #&4E
.confYN
     9C0D   20 E1 80   JSR &80E1
     9C10   20 7D 83   JSR &837D
     9C13   28         PLP
     9C14   60         RTS
.osbyte0F_flushinbuf2
     9C15   20 F6 83   JSR &83F6
     9C18   A9 0F      LDA #&0F
     9C1A   A2 01      LDX #&01
     9C1C   A0 00      LDY #&00
     9C1E   4C F4 FF   JMP &FFF4
.err_ESCAPE
     9C21   4C 74 8C   JMP &8C74
.err_DISKFULL2
     9C24   4C 78 8A   JMP &8A78
.CMD_BACKUP
     9C27   20 A3 9B   JSR &9BA3
     9C2A   20 96 9B   JSR &9B96
     9C2D   A9 00      LDA #&00
     9C2F   85 C7      STA &C7
     9C31   85 C9      STA &C9
     9C33   85 C8      STA &C8
     9C35   85 C6      STA &C6
     9C37   AD D1 B9   LDA &B9D1
     9C3A   85 CD      STA &CD
     9C3C   20 06 A1   JSR &A106
     9C3F   AD 07 B8   LDA &B807
     9C42   85 C4      STA &C4
     9C44   AD 06 B8   LDA &B806
     9C47   29 03      AND #&03
     9C49   85 C5      STA &C5
     9C4B   AD D2 B9   LDA &B9D2
     9C4E   85 CD      STA &CD
     9C50   20 06 A1   JSR &A106
     9C53   AD 06 B8   LDA &B806
     9C56   29 03      AND #&03
     9C58   C5 C5      CMP &C5
     9C5A   90 C8      BCC &9C24
     9C5C   D0 07      BNE &9C65
     9C5E   AD 07 B8   LDA &B807
     9C61   C5 C4      CMP &C4
     9C63   90 BF      BCC &9C24
.backup_copy
     9C65   20 15 9D   JSR &9D15
     9C68   20 06 A1   JSR &A106
     9C6B   A2 0A      LDX #&0A
.tloop
     9C6D   E0 08      CPX #&08
     9C6F   90 05      BCC &9C76
     9C71   BD F8 B7   LDA &B7F8,X
     9C74   B0 03      BCS &9C79
.tskip1
     9C76   BD 00 B7   LDA &B700,X
.tskip2
     9C79   9D 00 B9   STA &B900,X
     9C7C   CA         DEX
     9C7D   10 EE      BPL &9C6D
     9C7F   60         RTS
.CMD_COPY
     9C80   20 35 92   JSR &9235
     9C83   20 A3 9B   JSR &9BA3
     9C86   20 B1 99   JSR &99B1
     9C89   20 4C 81   JSR &814C
     9C8C   AD D1 B9   LDA &B9D1
     9C8F   85 CD      STA &CD
     9C91   20 3B 82   JSR &823B
.copy_loop1
     9C94   A5 CC      LDA &CC
     9C96   48         PHA
     9C97   A5 B6      LDA &B6
     9C99   48         PHA
     9C9A   20 4C 83   JSR &834C
     9C9D   A2 00      LDX #&00
.copy_loop2
     9C9F   B9 08 B7   LDA &B708,Y
     9CA2   95 C5      STA &C5,X
     9CA4   9D 50 B9   STA &B950,X
     9CA7   B9 08 B8   LDA &B808,Y
     9CAA   95 BB      STA &BB,X
     9CAC   9D 47 B9   STA &B947,X
     9CAF   E8         INX
     9CB0   C8         INY
     9CB1   E0 08      CPX #&08
     9CB3   D0 EA      BNE &9C9F
     9CB5   20 05 9D   JSR &9D05
     9CB8   AD D2 B9   LDA &B9D2
     9CBB   20 BB 8A   JSR &8ABB
     9CBE   A5 C2      LDA &C2
     9CC0   29 03      AND #&03
     9CC2   48         PHA
     9CC3   A5 C3      LDA &C3
     9CC5   48         PHA
     9CC6   20 05 9D   JSR &9D05
     9CC9   68         PLA
     9CCA   85 C8      STA &C8
     9CCC   68         PLA
     9CCD   85 C9      STA &C9
     9CCF   A5 C1      LDA &C1
     9CD1   20 1A 82   JSR &821A
     9CD4   AA         TAX
     9CD5   A5 BF      LDA &BF
     9CD7   C9 01      CMP #&01
     9CD9   A5 C0      LDA &C0
     9CDB   69 00      ADC #&00
     9CDD   85 C4      STA &C4
     9CDF   8A         TXA
     9CE0   69 00      ADC #&00
     9CE2   85 C5      STA &C5
     9CE4   A5 C2      LDA &C2
     9CE6   85 C6      STA &C6
     9CE8   A5 C1      LDA &C1
     9CEA   29 03      AND #&03
     9CEC   85 C7      STA &C7
     9CEE   20 15 9D   JSR &9D15
     9CF1   AD D1 B9   LDA &B9D1
     9CF4   85 CD      STA &CD
     9CF6   20 03 A1   JSR &A103
     9CF9   68         PLA
     9CFA   85 B6      STA &B6
     9CFC   68         PLA
     9CFD   85 CC      STA &CC
     9CFF   20 87 82   JSR &8287
     9D02   B0 90      BCS &9C94
     9D04   60         RTS
.cd_swapvars
     9D05   A2 11      LDX #&11
.cd_swapvars_loop
     9D07   BC 45 B9   LDY &B945,X
     9D0A   B5 BA      LDA &BA,X
     9D0C   94 BA      STY &BA,X
     9D0E   9D 45 B9   STA &B945,X
     9D11   CA         DEX
     9D12   10 F3      BPL &9D07
     9D14   60         RTS
.CopyDATABLOCK
     9D15   A9 00      LDA #&00
     9D17   85 BC      STA &BC
     9D19   85 C0      STA &C0
     9D1B   AD CF B9   LDA &B9CF
     9D1E   85 BD      STA &BD
     9D20   F0 57      BEQ &9D79
.cd_loop
     9D22   A4 C4      LDY &C4
     9D24   CC D0 B9   CPY &B9D0
     9D27   A5 C5      LDA &C5
     9D29   E9 00      SBC #&00
     9D2B   90 03      BCC &9D30
     9D2D   AC D0 B9   LDY &B9D0
.cd_part
     9D30   84 C1      STY &C1
     9D32   A5 C6      LDA &C6
     9D34   85 C3      STA &C3
     9D36   A5 C7      LDA &C7
     9D38   85 C2      STA &C2
     9D3A   AD D1 B9   LDA &B9D1
     9D3D   85 CD      STA &CD
     9D3F   20 AA 8B   JSR &8BAA
     9D42   20 40 88   JSR &8840
     9D45   AD D2 B9   LDA &B9D2
     9D48   85 CD      STA &CD
     9D4A   A5 C8      LDA &C8
     9D4C   85 C3      STA &C3
     9D4E   A5 C9      LDA &C9
     9D50   85 C2      STA &C2
     9D52   20 AA 8B   JSR &8BAA
     9D55   20 4D 88   JSR &884D
     9D58   A5 C1      LDA &C1
     9D5A   18         CLC
     9D5B   65 C8      ADC &C8
     9D5D   85 C8      STA &C8
     9D5F   90 02      BCC &9D63
     9D61   E6 C9      INC &C9
.cd_inc1
     9D63   A5 C1      LDA &C1
     9D65   18         CLC
     9D66   65 C6      ADC &C6
     9D68   85 C6      STA &C6
     9D6A   90 02      BCC &9D6E
     9D6C   E6 C7      INC &C7
.cd_inc2
     9D6E   38         SEC
     9D6F   A5 C4      LDA &C4
     9D71   E5 C1      SBC &C1
     9D73   85 C4      STA &C4
     9D75   B0 02      BCS &9D79
     9D77   C6 C5      DEC &C5
.cd_loopentry
     9D79   A5 C4      LDA &C4
     9D7B   05 C5      ORA &C5
     9D7D   D0 A3      BNE &9D22
     9D7F   60         RTS
.CMD_VERIFY
     9D80   A9 00      LDA #&00
     9D82   F0 02      BEQ &9D86
.CMD_FORM
     9D84   A9 FF      LDA #&FF
.vform1
     9D86   85 C9      STA &C9
     9D88   85 B2      STA &B2
     9D8A   10 15      BPL &9DA1
     9D8C   20 B1 99   JSR &99B1
     9D8F   20 3F 84   JSR &843F
     9D92   B0 0A      BCS &9D9E
     9D94   86 B5      STX &B5
     9D96   E0 28      CPX #&28
     9D98   F0 07      BEQ &9DA1
     9D9A   E0 50      CPX #&50
     9D9C   F0 03      BEQ &9DA1
.vform2_syntax
     9D9E   4C B7 99   JMP &99B7
.vform3_ok
     9DA1   20 C3 81   JSR &81C3
     9DA4   84 CA      STY &CA
     9DA6   D0 49      BNE &9DF1
     9DA8   24 C9      BIT &C9
     9DAA   30 0B      BMI &9DB7
     9DAC   20 9E 80   JSR &809E
     9DAF   56 65 72 ...
     9DB5   90 0A      BCC &9DC1
.vform4_form
     9DB7   20 9E 80   JSR &809E
     9DBA   46 6F 72 ...
     9DC0   EA         NOP
.vform4_askdrive
     9DC1   20 9E 80   JSR &809E
     9DC4   20 77 68 ...
     9DD3   EA         NOP
     9DD4   20 E0 FF   JSR &FFE0
     9DD7   B0 31      BCS &9E0A
     9DD9   C9 20      CMP #&20
     9DDB   90 30      BCC &9E0D
     9DDD   20 E1 80   JSR &80E1
     9DE0   38         SEC
     9DE1   E9 30      SBC #&30
     9DE3   C9 04      CMP #&04
     9DE5   B0 26      BCS &9E0D
     9DE7   85 CD      STA &CD
     9DE9   20 7D 83   JSR &837D
     9DEC   A4 CA      LDY &CA
     9DEE   4C F4 9D   JMP &9DF4
.vform5_driveloop
     9DF1   20 E2 8B   JSR &8BE2
.vform6_drivein
     9DF4   84 CA      STY &CA
     9DF6   24 B2      BIT &B2
     9DF8   10 05      BPL &9DFF
     9DFA   46 B2      LSR &B2
     9DFC   20 96 9B   JSR &9B96
.vform7_go
     9DFF   20 10 9E   JSR &9E10
     9E02   A4 CA      LDY &CA
     9E04   20 C3 81   JSR &81C3
     9E07   D0 E8      BNE &9DF1
     9E09   60         RTS
.jmp_reportEscape
     9E0A   4C 74 8C   JMP &8C74
.jmp_errBadDrive
     9E0D   4C F2 8B   JMP &8BF2
.VFCurDrv
     9E10   24 C9      BIT &C9
     9E12   30 0E      BMI &9E22
     9E14   20 9E 80   JSR &809E
     9E17   56 65 72 ...
     9E20   90 12      BCC &9E34
.vf1
     9E22   20 9E 80   JSR &809E
     9E25   46 6F 72 ...
     9E2F   A6 CD      LDX &CD
     9E31   8E B0 B9   STX &B9B0
.vf2
     9E34   20 9E 80   JSR &809E
     9E37   20 64 72 ...
     9E3E   A5 CD      LDA &CD
     9E40   20 9B 80   JSR &809B
     9E43   20 74 72 ...
     9E4C   EA         NOP
     9E4D   A9 63      LDA #&63
     9E4F   A2 05      LDX #&05
     9E51   24 C9      BIT &C9
     9E53   30 2D      BMI &9E82
     9E55   20 06 A1   JSR &A106
     9E58   AD 06 B8   LDA &B806
     9E5B   29 03      AND #&03
     9E5D   AA         TAX
     9E5E   AD 07 B8   LDA &B807
     9E61   A0 0A      LDY #&0A
     9E63   84 B0      STY &B0
     9E65   A0 FF      LDY #&FF
.trkloop1
     9E67   38         SEC
.trkloop2
     9E68   C8         INY
     9E69   E5 B0      SBC &B0
     9E6B   B0 FB      BCS &9E68
     9E6D   CA         DEX
     9E6E   10 F7      BPL &9E67
     9E70   65 B0      ADC &B0
     9E72   48         PHA
     9E73   98         TYA
     9E74   AA         TAX
     9E75   68         PLA
     9E76   F0 01      BEQ &9E79
     9E78   E8         INX
.trkex
     9E79   8A         TXA
     9E7A   F0 41      BEQ &9EBD
     9E7C   85 B5      STA &B5
     9E7E   A9 5F      LDA #&5F
     9E80   A2 03      LDX #&03
.vf4
     9E82   8D B6 B9   STA &B9B6
     9E85   8E B5 B9   STX &B9B5
     9E88   A9 00      LDA #&00
     9E8A   85 B4      STA &B4
.vf5_trackloop
     9E8C   A9 08      LDA #&08
     9E8E   20 E1 80   JSR &80E1
     9E91   20 E1 80   JSR &80E1
     9E94   A5 B4      LDA &B4
     9E96   8D B7 B9   STA &B9B7
     9E99   20 FD 80   JSR &80FD
     9E9C   20 3D A1   JSR &A13D
     9E9F   F0 0A      BEQ &9EAB
     9EA1   48         PHA
     9EA2   A9 3F      LDA #&3F
     9EA4   20 E1 80   JSR &80E1
     9EA7   68         PLA
     9EA8   4C 5E A1   JMP &A15E
.vfx1
     9EAB   E6 B4      INC &B4
     9EAD   A5 B4      LDA &B4
     9EAF   C5 B5      CMP &B5
     9EB1   D0 D9      BNE &9E8C
     9EB3   24 C9      BIT &C9
     9EB5   10 06      BPL &9EBD
     9EB7   20 C0 9E   JSR &9EC0
     9EBA   20 0A A1   JSR &A10A
.vf6_exit
     9EBD   4C 7D 83   JMP &837D
.ClearCatalogue
     9EC0   A0 00      LDY #&00
     9EC2   98         TYA
.ccatloop
     9EC3   99 00 B7   STA &B700,Y
     9EC6   99 00 B8   STA &B800,Y
     9EC9   C8         INY
     9ECA   D0 F7      BNE &9EC3
     9ECC   A4 B5      LDY &B5
.loop2
     9ECE   A9 0A      LDA #&0A
     9ED0   18         CLC
     9ED1   6D 07 B8   ADC &B807
     9ED4   8D 07 B8   STA &B807
     9ED7   90 03      BCC &9EDC
     9ED9   EE 06 B8   INC &B806
.label3
     9EDC   88         DEY
     9EDD   D0 EF      BNE &9ECE
     9EDF   60         RTS
.CMD_FREE
     9EE0   38         SEC
     9EE1   B0 01      BCS &9EE4
.CMD_MAP
     9EE3   18         CLC
.Label_A7F7
     9EE4   66 C6      ROR &C6
     9EE6   20 DA 8B   JSR &8BDA
     9EE9   20 03 A1   JSR &A103
     9EEC   24 C6      BIT &C6
     9EEE   30 15      BMI &9F05
     9EF0   20 BE 80   JSR &80BE
     9EF3   41 64 64 ...
     9F04   0D
.Label_A818_free
     9F05   AD 06 B8   LDA &B806
     9F08   29 03      AND #&03
     9F0A   85 C5      STA &C5
     9F0C   85 C2      STA &C2
     9F0E   AD 07 B8   LDA &B807
     9F11   85 C4      STA &C4
     9F13   38         SEC
     9F14   E9 02      SBC #&02
     9F16   85 C1      STA &C1
     9F18   B0 02      BCS &9F1C
     9F1A   C6 C2      DEC &C2
.Label_A82F
     9F1C   A9 02      LDA #&02
     9F1E   85 BB      STA &BB
     9F20   A9 00      LDA #&00
     9F22   85 BC      STA &BC
     9F24   85 BF      STA &BF
     9F26   85 C0      STA &C0
     9F28   AD 05 B8   LDA &B805
     9F2B   29 F8      AND #&F8
     9F2D   A8         TAY
     9F2E   F0 26      BEQ &9F56
     9F30   D0 11      BNE &9F43
.Label_A845_fileloop
     9F32   20 C5 9F   JSR &9FC5
     9F35   20 C5 82   JSR &82C5
     9F38   A5 C4      LDA &C4
     9F3A   38         SEC
     9F3B   E5 BB      SBC &BB
     9F3D   A5 C5      LDA &C5
     9F3F   E5 BC      SBC &BC
     9F41   90 13      BCC &9F56
.Label_A856_fileloop_entry
     9F43   B9 07 B8   LDA &B807,Y
     9F46   38         SEC
     9F47   E5 BB      SBC &BB
     9F49   85 C1      STA &C1
     9F4B   B9 06 B8   LDA &B806,Y
     9F4E   29 03      AND #&03
     9F50   E5 BC      SBC &BC
     9F52   85 C2      STA &C2
     9F54   90 DC      BCC &9F32
.Label_A86B_nofiles
     9F56   84 BD      STY &BD
     9F58   24 C6      BIT &C6
     9F5A   30 2B      BMI &9F87
     9F5C   A5 C1      LDA &C1
     9F5E   05 C2      ORA &C2
     9F60   F0 25      BEQ &9F87
     9F62   A5 BC      LDA &BC
     9F64   20 15 81   JSR &8115
     9F67   A5 BB      LDA &BB
     9F69   20 0D 81   JSR &810D
     9F6C   20 BE 80   JSR &80BE
     9F6F   20 20 20 ...
     9F77   A5 C2      LDA &C2
     9F79   20 15 81   JSR &8115
     9F7C   A5 C1      LDA &C1
     9F7E   20 0D 81   JSR &810D
     9F81   20 E7 FF   JSR &FFE7
     9F84   20 C5 9F   JSR &9FC5
.Label_A87A_free
     9F87   A5 C1      LDA &C1
     9F89   18         CLC
     9F8A   65 BF      ADC &BF
     9F8C   85 BF      STA &BF
     9F8E   A5 C2      LDA &C2
     9F90   65 C0      ADC &C0
     9F92   85 C0      STA &C0
     9F94   A4 BD      LDY &BD
     9F96   D0 9A      BNE &9F32
     9F98   24 C6      BIT &C6
     9F9A   10 28      BPL &9FC4
     9F9C   A8         TAY
     9F9D   A6 BF      LDX &BF
     9F9F   A9 F8      LDA #&F8
     9FA1   38         SEC
     9FA2   ED 05 B8   SBC &B805
     9FA5   20 EF 9F   JSR &9FEF
     9FA8   46 72 65 ...
     9FAC   0D
     9FAD   A5 C4      LDA &C4
     9FAF   38         SEC
     9FB0   E5 BF      SBC &BF
     9FB2   AA         TAX
     9FB3   A5 C5      LDA &C5
     9FB5   E5 C0      SBC &C0
     9FB7   A8         TAY
     9FB8   AD 05 B8   LDA &B805
     9FBB   20 EF 9F   JSR &9FEF
     9FBE   55 73 65 ...
     9FC2   0D
     9FC3   EA         NOP
.Label_A8BD_rst
     9FC4   60         RTS
.Sub_A8E2_nextblock
     9FC5   B9 06 B8   LDA &B806,Y
     9FC8   48         PHA
     9FC9   20 1A 82   JSR &821A
     9FCC   85 BC      STA &BC
     9FCE   68         PLA
     9FCF   29 03      AND #&03
     9FD1   18         CLC
     9FD2   65 BC      ADC &BC
     9FD4   85 BC      STA &BC
     9FD6   B9 04 B8   LDA &B804,Y
     9FD9   C9 01      CMP #&01
     9FDB   A9 00      LDA #&00
     9FDD   79 05 B8   ADC &B805,Y
     9FE0   90 02      BCC &9FE4
     9FE2   E6 BC      INC &BC
.Label_A902
     9FE4   18         CLC
     9FE5   79 07 B8   ADC &B807,Y
     9FE8   85 BB      STA &BB
     9FEA   90 02      BCC &9FEE
     9FEC   E6 BC      INC &BC
.Label_A90C
     9FEE   60         RTS
.Sub_A90D_freeinfo
     9FEF   4A         LSR A
     9FF0   4A         LSR A
     9FF1   4A         LSR A
     9FF2   20 0A 81   JSR &810A
     9FF5   20 BE 80   JSR &80BE
     9FF8   20 46 69 ...
     9FFF   86 BC      STX &BC
     A001   84 BD      STY &BD
     A003   98         TYA
     A004   20 15 81   JSR &8115
     A007   8A         TXA
     A008   20 0D 81   JSR &810D
     A00B   20 BE 80   JSR &80BE
     A00E   20 53 65 ...
     A017   A9 00      LDA #&00
     A019   85 BB      STA &BB
     A01B   85 BE      STA &BE
     A01D   A2 1F      LDX #&1F
     A01F   86 C1      STX &C1
     A021   A2 09      LDX #&09
.Label_A941_loop1
     A023   9D 00 B9   STA &B900,X
     A026   CA         DEX
     A027   10 FA      BPL &A023
.Label_A947_loop2
     A029   06 BB      ASL &BB
     A02B   26 BC      ROL &BC
     A02D   26 BD      ROL &BD
     A02F   26 BE      ROL &BE
     A031   A2 00      LDX #&00
     A033   A0 09      LDY #&09
.Label_A953_loop3
     A035   BD 00 B9   LDA &B900,X
     A038   2A         ROL A
     A039   C9 0A      CMP #&0A
     A03B   90 02      BCC &A03F
     A03D   E9 0A      SBC #&0A
.Label_A95D
     A03F   9D 00 B9   STA &B900,X
     A042   E8         INX
     A043   88         DEY
     A044   10 EF      BPL &A035
     A046   C6 C1      DEC &C1
     A048   10 DF      BPL &A029
     A04A   A0 20      LDY #&20
     A04C   A2 05      LDX #&05
.Label_A96C_loop4
     A04E   D0 02      BNE &A052
     A050   A0 2C      LDY #&2C
.Label_A970
     A052   BD 00 B9   LDA &B900,X
     A055   D0 07      BNE &A05E
     A057   C0 2C      CPY #&2C
     A059   F0 03      BEQ &A05E
     A05B   98         TYA
     A05C   D0 04      BNE &A062
.Label_A97D
     A05E   A0 2C      LDY #&2C
     A060   09 30      ORA #&30
.Label_A982
     A062   20 EE FF   JSR &FFEE
     A065   E0 03      CPX #&03
     A067   D0 04      BNE &A06D
     A069   98         TYA
     A06A   20 EE FF   JSR &FFEE
.Label_A98D
     A06D   CA         DEX
     A06E   10 DE      BPL &A04E
     A070   20 BE 80   JSR &80BE
     A073   20 42 79 ...
     A07A   EA         NOP
     A07B   4C BE 80   JMP &80BE
.CalculateCRC7
     A07E   A0 0F      LDY #&0F
     A080   A9 00      LDA #&00
.c7loop1
     A082   59 E0 B9   EOR &B9E0,Y
     A085   0A         ASL A
     A086   A2 07      LDX #&07
.c7loop2
     A088   90 02      BCC &A08C
     A08A   49 12      EOR #&12
.c7b7z1
     A08C   0A         ASL A
     A08D   CA         DEX
     A08E   D0 F8      BNE &A088
     A090   90 02      BCC &A094
     A092   49 12      EOR #&12
.c7b7z2
     A094   88         DEY
     A095   10 EB      BPL &A082
     A097   09 01      ORA #&01
     A099   60         RTS
.CheckCRC7
     A09A   20 F6 83   JSR &83F6
     A09D   20 7E A0   JSR &A07E
     A0A0   CD F0 B9   CMP &B9F0
     A0A3   D0 01      BNE &A0A6
     A0A5   60         RTS
.errBadSum
     A0A6   20 57 80   JSR &8057
     A0A9   FF
     A0AA   53 75 6D 
     A0AD   00
.ResetCRC7
     A0AE   20 F6 83   JSR &83F6
     A0B1   20 7E A0   JSR &A07E
     A0B4   8D F0 B9   STA &B9F0
     A0B7   18         CLC
     A0B8   60         RTS
.CheckForException
     A0B9   AD 74 B9   LDA &B974
     A0BC   2D 75 B9   AND &B975
     A0BF   0D D6 B9   ORA &B9D6
     A0C2   49 FF      EOR #&FF
     A0C4   D0 1E      BNE &A0E4
     A0C6   A5 C2      LDA &C2
     A0C8   29 30      AND #&30
     A0CA   D0 19      BNE &A0E5
     A0CC   A5 C1      LDA &C1
     A0CE   30 15      BMI &A0E5
     A0D0   18         CLC
     A0D1   A5 BC      LDA &BC
     A0D3   65 C0      ADC &C0
     A0D5   AA         TAX
     A0D6   A5 BD      LDA &BD
     A0D8   30 0B      BMI &A0E5
     A0DA   65 C1      ADC &C1
     A0DC   10 06      BPL &A0E4
     A0DE   0A         ASL A
     A0DF   D0 04      BNE &A0E5
     A0E1   8A         TXA
     A0E2   D0 01      BNE &A0E5
.noexception
     A0E4   60         RTS
.errException
     A0E5   20 71 80   JSR &8071
     A0E8   FF
     A0E9   4E 6F 74 ...
     A0F4   00
.Set_CurDirDrv_ToDefaults_CheckCurDrvCat
     A0F5   20 CD 8B   JSR &8BCD
.CheckCurDrvCat
     A0F8   AD 82 B9   LDA &B982
     A0FB   C5 CD      CMP &CD
     A0FD   D0 07      BNE &A106
     A0FF   60         RTS
.Set_CurDirDrv_ToDefaults_and_load
     A100   20 CD 8B   JSR &8BCD
.LoadCurDrvCat2
     A103   20 F6 83   JSR &83F6
.LoadCurDrvCat
     A106   A9 53      LDA #&53
     A108   D0 0D      BNE &A117
.SaveCatToDisk
     A10A   AD 04 B8   LDA &B804
     A10D   18         CLC
     A10E   F8         SED
     A10F   69 01      ADC #&01
     A111   8D 04 B8   STA &B804
     A114   D8         CLD
     A115   A9 4B      LDA #&4B
.exec_cat_rw
     A117   48         PHA
     A118   A5 CD      LDA &CD
     A11A   A2 00      LDX #&00
.loop
     A11C   9D B0 B9   STA &B9B0,X
     A11F   BD 34 A1   LDA &A134,X
     A122   E8         INX
     A123   E0 0A      CPX #&0A
     A125   D0 F5      BNE &A11C
     A127   68         PLA
     A128   8D B6 B9   STA &B9B6
     A12B   20 5B A1   JSR &A15B
     A12E   A5 CD      LDA &CD
     A130   8D 82 B9   STA &B982
     A133   60         RTS
.datax
     A134   00
     A135   B7
     A136   FF
     A137   FF
     A138   03
     A139   53
     A13A   00
     A13B   00
     A13C   22
.OW7F_Execute
     A13D   A5 B0      LDA &B0
     A13F   48         PHA
     A140   A5 B1      LDA &B1
     A142   48         PHA
     A143   A9 B0      LDA #&B0
     A145   85 B0      STA &B0
     A147   A9 B9      LDA #&B9
     A149   85 B1      STA &B1
     A14B   20 43 B0   JSR &B043
     A14E   68         PLA
     A14F   85 B1      STA &B1
     A151   68         PLA
     A152   85 B0      STA &B0
     A154   AE B5 B9   LDX &B9B5
     A157   BD B7 B9   LDA &B9B7,X
     A15A   60         RTS
.OW7F_Execute_and_ReportIfDiskFault
     A15B   20 3D A1   JSR &A13D
.ReportIfDiskFault
     A15E   D0 01      BNE &A161
     A160   60         RTS
.l0
     A161   C9 10      CMP #&10
     A163   D0 10      BNE &A175
     A165   20 61 80   JSR &8061
     A168   C7
     A169   44 72 69 ...
     A174   00
.l1
     A175   C9 12      CMP #&12
     A177   D0 0E      BNE &A187
     A179   20 4C 80   JSR &804C
     A17C   C9
     A17D   72 65 61 ...
     A186   00
.l2
     A187   A5 CD      LDA &CD
     A189   8D B0 B9   STA &B9B0
     A18C   A2 06      LDX #&06
.loop1
     A18E   BD EA A1   LDA &A1EA,X
     A191   9D B1 B9   STA &B9B1,X
     A194   CA         DEX
     A195   10 F7      BPL &A18E
     A197   20 3D A1   JSR &A13D
     A19A   48         PHA
     A19B   A5 CD      LDA &CD
     A19D   29 02      AND #&02
     A19F   0A         ASL A
     A1A0   0A         ASL A
     A1A1   69 12      ADC #&12
     A1A3   8D B7 B9   STA &B9B7
     A1A6   20 3D A1   JSR &A13D
     A1A9   48         PHA
     A1AA   20 4C 80   JSR &804C
     A1AD   00         BRK
     A1AE   EA         NOP
     A1AF   20 78 80   JSR &8078
     A1B2   C7
     A1B3   73 65 63 ...
     A1C7   EA         NOP
     A1C8   A9 3A      LDA #&3A
     A1CA   20 3E B0   JSR &B03E
     A1CD   A5 CD      LDA &CD
     A1CF   20 8C 8C   JSR &8C8C
     A1D2   A9 20      LDA #&20
     A1D4   20 3E B0   JSR &B03E
     A1D7   68         PLA
     A1D8   20 84 8C   JSR &8C84
     A1DB   A9 2F      LDA #&2F
     A1DD   20 3E B0   JSR &B03E
     A1E0   68         PLA
     A1E1   20 84 8C   JSR &8C84
     A1E4   20 78 80   JSR &8078
     A1E7   C7
     A1E8   00
     A1E9   EA         NOP
.spec
     A1EA   00
     A1EB   00
     A1EC   00
     A1ED   00
     A1EE   01
     A1EF   7D
     A1F0   06
.bcd_inc16_zp_x_A8
     A1F1   A2 A8      LDX #&A8
.bcd_inc16_zp_x
     A1F3   F8         SED
     A1F4   18         CLC
     A1F5   B5 00      LDA &00,X
     A1F7   69 01      ADC #&01
     A1F9   95 00      STA &00,X
     A1FB   B5 01      LDA &01,X
     A1FD   69 00      ADC #&00
     A1FF   95 01      STA &01,X
     A201   D8         CLD
     A202   60         RTS
Including file MMC_UserPort.asm
.MMC_SendingData
     A203   20 1A A2   JSR &A21A
     A206   A9 FE      LDA #&FE
.UP_WriteByte
     A208   48         PHA
     A209   20 1B A3   JSR &A31B
     A20C   68         PLA
     A20D   8D 6A FE   STA &FE6A
     A210   A9 04      LDA #&04
.wait
     A212   2C 6D FE   BIT &FE6D
     A215   F0 FB      BEQ &A212
     A217   4C 8E A3   JMP &A38E
.MMC_16Clocks
     A21A   A0 02      LDY #&02
.MMC_Clocks
.MMC_SlowClocks
.clku1
     A21C   20 BD A2   JSR &A2BD
     A21F   88         DEY
     A220   D0 FA      BNE &A21C
     A222   60         RTS
.MMC_DoCommand
     A223   A2 00      LDX #&00
     A225   A0 07      LDY #&07
.dcmdu1
     A227   BD 87 B9   LDA &B987,X
     A22A   20 08 A2   JSR &A208
     A22D   E8         INX
     A22E   88         DEY
     A22F   D0 F6      BNE &A227
.waitresp_up
     A231   A2 09      LDX #&09
     A233   A0 00      LDY #&00
.wrup
     A235   88         DEY
     A236   F0 0F      BEQ &A247
     A238   A9 0B      LDA #&0B
     A23A   8E 60 FE   STX &FE60
     A23D   8D 60 FE   STA &FE60
     A240   AD 6A FE   LDA &FE6A
     A243   29 01      AND #&01
     A245   D0 EE      BNE &A235
.wrup_timeout
     A247   A9 0B      LDA #&0B
.UP_ReadBits7
     A249   8E 60 FE   STX &FE60
     A24C   8D 60 FE   STA &FE60
     A24F   8E 60 FE   STX &FE60
     A252   8D 60 FE   STA &FE60
     A255   8E 60 FE   STX &FE60
     A258   8D 60 FE   STA &FE60
     A25B   8E 60 FE   STX &FE60
     A25E   8D 60 FE   STA &FE60
     A261   8E 60 FE   STX &FE60
     A264   8D 60 FE   STA &FE60
     A267   8E 60 FE   STX &FE60
     A26A   8D 60 FE   STA &FE60
     A26D   8E 60 FE   STX &FE60
     A270   8D 60 FE   STA &FE60
     A273   AD 6A FE   LDA &FE6A
     A276   60         RTS
.MMC_WaitForData
.wlu1
     A277   20 BD A2   JSR &A2BD
     A27A   C9 FE      CMP #&FE
     A27C   D0 F9      BNE &A277
     A27E   60         RTS
.MMC_Read256
     A27F   A2 00      LDX #&00
     A281   F0 02      BEQ &A285
.MMC_ReadBLS
     A283   A6 C6      LDX &C6
.MMC_ReadX
     A285   20 05 A3   JSR &A305
     A288   A0 00      LDY #&00
     A28A   AD AE B9   LDA &B9AE
     A28D   D0 0A      BNE &A299
.MMC_ReadToMemory
     A28F   20 D3 A2   JSR &A2D3
     A292   91 BC      STA (&BC),Y
     A294   C8         INY
     A295   CA         DEX
     A296   D0 F7      BNE &A28F
     A298   60         RTS
.MMC_ReadToTube
     A299   20 D3 A2   JSR &A2D3
     A29C   8D E5 FE   STA &FEE5
     A29F   EA         NOP
     A2A0   EA         NOP
     A2A1   EA         NOP
     A2A2   C8         INY
     A2A3   CA         DEX
     A2A4   D0 F3      BNE &A299
.tube_delay
     A2A6   60         RTS
.MMC_ReadBuffer
     A2A7   A2 FF      LDX #&FF
     A2A9   8E 82 B9   STX &B982
     A2AC   E8         INX
     A2AD   20 05 A3   JSR &A305
     A2B0   A0 00      LDY #&00
.rdbuf2
     A2B2   20 D3 A2   JSR &A2D3
     A2B5   99 00 B7   STA &B700,Y
     A2B8   C8         INY
     A2B9   CA         DEX
     A2BA   D0 F6      BNE &A2B2
     A2BC   60         RTS
.MMC_GetByte
.UP_ReadByteX
     A2BD   A9 0B      LDA #&0B
     A2BF   8D 60 FE   STA &FE60
     A2C2   20 05 A3   JSR &A305
     A2C5   A9 04      LDA #&04
.lastByte
     A2C7   2C 6D FE   BIT &FE6D
     A2CA   F0 FB      BEQ &A2C7
     A2CC   20 F4 A2   JSR &A2F4
     A2CF   AD 6A FE   LDA &FE6A
     A2D2   60         RTS
.WaitForShiftDone
     A2D3   A9 04      LDA #&04
     A2D5   E0 01      CPX #&01
     A2D7   F0 EE      BEQ &A2C7
.notLastByte
     A2D9   2C 6D FE   BIT &FE6D
     A2DC   F0 FB      BEQ &A2D9
     A2DE   AD 6A FE   LDA &FE6A
     A2E1   60         RTS
.MMC_DEVICE_RESET
     A2E2   A9 0B      LDA #&0B
     A2E4   8D 60 FE   STA &FE60
     A2E7   AD 62 FE   LDA &FE62
     A2EA   09 1F      ORA #&1F
     A2EC   8D 62 FE   STA &FE62
     A2EF   A9 1C      LDA #&1C
     A2F1   8D 6E FE   STA &FE6E
.ShiftRegMode0
     A2F4   AD 6B FE   LDA &FE6B
     A2F7   29 E3      AND #&E3
     A2F9   8D 6B FE   STA &FE6B
     A2FC   AD 62 FE   LDA &FE62
     A2FF   09 02      ORA #&02
     A301   8D 62 FE   STA &FE62
     A304   60         RTS
.ShiftRegMode2
     A305   AD 62 FE   LDA &FE62
     A308   29 FD      AND #&FD
     A30A   8D 62 FE   STA &FE62
     A30D   AD 6B FE   LDA &FE6B
     A310   29 E3      AND #&E3
     A312   09 08      ORA #&08
     A314   8D 6B FE   STA &FE6B
     A317   AD 6A FE   LDA &FE6A
     A31A   60         RTS
.ShiftRegMode6
     A31B   A9 17      LDA #&17
     A31D   8D 60 FE   STA &FE60
     A320   AD 62 FE   LDA &FE62
     A323   29 FD      AND #&FD
     A325   8D 62 FE   STA &FE62
     A328   AD 6B FE   LDA &FE6B
     A32B   29 E3      AND #&E3
     A32D   09 18      ORA #&18
     A32F   8D 6B FE   STA &FE6B
     A332   60         RTS
.MMC_EndWrite
     A333   20 1A A2   JSR &A21A
.ewu1
     A336   20 BD A2   JSR &A2BD
     A339   A8         TAY
     A33A   29 1F      AND #&1F
     A33C   C9 1F      CMP #&1F
     A33E   F0 F6      BEQ &A336
     A340   C9 05      CMP #&05
     A342   D0 53      BNE &A397
.ewu2
     A344   20 BD A2   JSR &A2BD
     A347   C9 FF      CMP #&FF
     A349   D0 F9      BNE &A344
     A34B   60         RTS
.MMC_Write256
     A34C   20 1B A3   JSR &A31B
     A34F   AC AE B9   LDY &B9AE
     A352   D0 11      BNE &A365
.wru1
     A354   B1 BC      LDA (&BC),Y
     A356   8D 6A FE   STA &FE6A
     A359   A9 04      LDA #&04
.wait
     A35B   2C 6D FE   BIT &FE6D
     A35E   F0 FB      BEQ &A35B
     A360   C8         INY
     A361   D0 F1      BNE &A354
     A363   F0 29      BEQ &A38E
.wruT1
     A365   A0 00      LDY #&00
.wruT2
     A367   AD E5 FE   LDA &FEE5
     A36A   8D 6A FE   STA &FE6A
     A36D   A9 04      LDA #&04
.wait
     A36F   2C 6D FE   BIT &FE6D
     A372   F0 FB      BEQ &A36F
     A374   C8         INY
     A375   D0 F0      BNE &A367
     A377   F0 15      BEQ &A38E
.MMC_WriteBuffer
     A379   A0 00      LDY #&00
     A37B   20 1B A3   JSR &A31B
.wbu1
     A37E   B9 00 B7   LDA &B700,Y
     A381   8D 6A FE   STA &FE6A
     A384   A9 04      LDA #&04
.wait
     A386   2C 6D FE   BIT &FE6D
     A389   F0 FB      BEQ &A386
     A38B   C8         INY
     A38C   D0 F0      BNE &A37E
.ShiftRegMode6Exit
     A38E   20 F4 A2   JSR &A2F4
     A391   A9 0B      LDA #&0B
     A393   8D 60 FE   STA &FE60
     A396   60         RTS
Processed file 'MMC_UserPort.asm' ok
.errWrite2
     A397   98         TYA
     A398   20 00 B0   JSR &B000
     A39B   57 72 69 ...
     A3B0   00
Including file MMC.asm
.MMC_SetCommand
     A3B1   8D 88 B9   STA &B988
     A3B4   A9 00      LDA #&00
     A3B6   8D 89 B9   STA &B989
     A3B9   8D 8A B9   STA &B98A
     A3BC   8D 8B B9   STA &B98B
     A3BF   8D 8C B9   STA &B98C
     A3C2   A9 FF      LDA #&FF
     A3C4   8D 87 B9   STA &B987
     A3C7   8D 8D B9   STA &B98D
     A3CA   8D 8E B9   STA &B98E
     A3CD   60         RTS
.MMC_INIT
     A3CE   20 3A 80   JSR &803A
     A3D1   A9 00      LDA #&00
     A3D3   8D AF B9   STA &B9AF
     A3D6   A9 32      LDA #&32
     A3D8   85 C1      STA &C1
.iloop
     A3DA   A0 0A      LDY #&0A
     A3DC   20 1C A2   JSR &A21C
     A3DF   A9 40      LDA #&40
     A3E1   20 B1 A3   JSR &A3B1
     A3E4   A9 95      LDA #&95
     A3E6   8D 8D B9   STA &B98D
     A3E9   20 23 A2   JSR &A223
     A3EC   29 81      AND #&81
     A3EE   C9 01      CMP #&01
     A3F0   D0 2F      BNE &A421
     A3F2   8D DE B9   STA &B9DE
     A3F5   A9 48      LDA #&48
     A3F7   20 B1 A3   JSR &A3B1
     A3FA   A9 01      LDA #&01
     A3FC   8D 8B B9   STA &B98B
     A3FF   A9 AA      LDA #&AA
     A401   8D 8C B9   STA &B98C
     A404   A9 87      LDA #&87
     A406   8D 8D B9   STA &B98D
     A409   20 23 A2   JSR &A223
     A40C   C9 01      CMP #&01
     A40E   F0 24      BEQ &A434
     A410   A9 00      LDA #&00
     A412   8D DE B9   STA &B9DE
.il1
     A415   A9 41      LDA #&41
     A417   20 B1 A3   JSR &A3B1
     A41A   20 23 A2   JSR &A223
     A41D   C9 02      CMP #&02
     A41F   90 09      BCC &A42A
.ifail
     A421   C6 C1      DEC &C1
     A423   D0 B5      BNE &A3DA
.ifaildone
     A425   20 44 80   JSR &8044
     A428   38         SEC
     A429   60         RTS
.il11
     A42A   24 FF      BIT &FF
     A42C   30 F3      BMI &A421
     A42E   C9 00      CMP #&00
     A430   D0 E3      BNE &A415
     A432   F0 42      BEQ &A476
.isdhc
     A434   20 BD A2   JSR &A2BD
     A437   20 BD A2   JSR &A2BD
     A43A   20 BD A2   JSR &A2BD
     A43D   20 BD A2   JSR &A2BD
.isdhc2
     A440   A9 77      LDA #&77
     A442   20 B1 A3   JSR &A3B1
     A445   20 23 A2   JSR &A223
     A448   A9 69      LDA #&69
     A44A   20 B1 A3   JSR &A3B1
     A44D   A9 40      LDA #&40
     A44F   8D 89 B9   STA &B989
     A452   20 23 A2   JSR &A223
     A455   D0 E9      BNE &A440
     A457   A9 7A      LDA #&7A
     A459   20 B1 A3   JSR &A3B1
     A45C   20 23 A2   JSR &A223
     A45F   D0 C0      BNE &A421
     A461   20 BD A2   JSR &A2BD
     A464   29 40      AND #&40
     A466   48         PHA
     A467   20 BD A2   JSR &A2BD
     A46A   20 BD A2   JSR &A2BD
     A46D   20 BD A2   JSR &A2BD
     A470   68         PLA
     A471   D0 03      BNE &A476
     A473   8D DE B9   STA &B9DE
.iok
     A476   A9 50      LDA #&50
     A478   20 B1 A3   JSR &A3B1
     A47B   A9 02      LDA #&02
     A47D   8D 8B B9   STA &B98B
     A480   20 23 A2   JSR &A223
     A483   D0 0A      BNE &A48F
     A485   A9 40      LDA #&40
     A487   8D AF B9   STA &B9AF
     A48A   20 44 80   JSR &8044
     A48D   18         CLC
     A48E   60         RTS
.blkerr
     A48F   20 00 B0   JSR &B000
     A492   53 65 74 ...
     A4A6   00
.MMC_GetCIDCRC
     A4A7   A9 4A      LDA #&4A
     A4A9   20 B1 A3   JSR &A3B1
     A4AC   20 F4 A4   JSR &A4F4
     A4AF   A0 10      LDY #&10
     A4B1   20 1C A2   JSR &A21C
     A4B4   20 BD A2   JSR &A2BD
     A4B7   A8         TAY
     A4B8   4C BD A2   JMP &A2BD
.MMC_SetupWrite
     A4BB   A9 58      LDA #&58
     A4BD   D0 02      BNE &A4C1
.MMC_SetupRead
     A4BF   A9 51      LDA #&51
.setuprw
     A4C1   20 B1 A3   JSR &A3B1
.setCommandAddress
     A4C4   AD DE B9   LDA &B9DE
     A4C7   D0 13      BNE &A4DC
     A4C9   8D 8C B9   STA &B98C
     A4CC   A5 C0      LDA &C0
     A4CE   8D 89 B9   STA &B989
     A4D1   A5 BF      LDA &BF
     A4D3   8D 8A B9   STA &B98A
     A4D6   A5 BE      LDA &BE
     A4D8   8D 8B B9   STA &B98B
     A4DB   60         RTS
.setCommandAddressSDHC
     A4DC   A9 00      LDA #&00
     A4DE   8D 89 B9   STA &B989
     A4E1   A5 C0      LDA &C0
     A4E3   4A         LSR A
     A4E4   8D 8A B9   STA &B98A
     A4E7   A5 BF      LDA &BF
     A4E9   6A         ROR A
     A4EA   8D 8B B9   STA &B98B
     A4ED   A5 BE      LDA &BE
     A4EF   6A         ROR A
     A4F0   8D 8C B9   STA &B98C
     A4F3   60         RTS
.MMC_StartRead
     A4F4   20 23 A2   JSR &A223
     A4F7   D0 03      BNE &A4FC
     A4F9   4C 77 A2   JMP &A277
.errRead
     A4FC   20 00 B0   JSR &B000
     A4FF   52 65 61 ...
     A50A   00
.MMC_StartWrite
     A50B   20 23 A2   JSR &A223
     A50E   D0 03      BNE &A513
     A510   4C 03 A2   JMP &A203
.errWrite
     A513   20 00 B0   JSR &B000
     A516   57 72 69 ...
     A522   00
.SetupCatRW
     A523   20 3A 80   JSR &803A
     A526   A9 00      LDA #&00
     A528   8D AE B9   STA &B9AE
     A52B   85 BC      STA &BC
     A52D   A9 B7      LDA #&B7
     A52F   85 BD      STA &BD
     A531   60         RTS
.MMC_ReadCatalogue
     A532   20 23 A5   JSR &A523
     A535   20 BF A4   JSR &A4BF
     A538   20 F4 A4   JSR &A4F4
     A53B   20 7F A2   JSR &A27F
     A53E   E6 BD      INC &BD
     A540   20 7F A2   JSR &A27F
     A543   20 1A A2   JSR &A21A
     A546   4C 44 80   JMP &8044
.MMC_WriteCatalogue
     A549   20 23 A5   JSR &A523
     A54C   20 BB A4   JSR &A4BB
     A54F   20 0B A5   JSR &A50B
     A552   20 4C A3   JSR &A34C
     A555   E6 BD      INC &BD
     A557   20 4C A3   JSR &A34C
     A55A   20 33 A3   JSR &A333
     A55D   4C 44 80   JMP &8044
.MMC_RWBlock_CheckIfToTube
     A560   48         PHA
     A561   AD AC B9   LDA &B9AC
     A564   2D AD B9   AND &B9AD
     A567   0D D6 B9   ORA &B9D6
     A56A   49 FF      EOR #&FF
     A56C   8D AE B9   STA &B9AE
     A56F   38         SEC
     A570   F0 0D      BEQ &A57F
     A572   20 59 8C   JSR &8C59
     A575   A2 AA      LDX #&AA
     A577   A0 B9      LDY #&B9
     A579   68         PLA
     A57A   48         PHA
     A57B   20 06 04   JSR &0406
     A57E   18         CLC
.notTube
     A57F   68         PLA
     A580   60         RTS
.MMC_ReadBlock
     A581   4E A6 B9   LSR &B9A6
     A584   20 3A 80   JSR &803A
     A587   20 91 A5   JSR &A591
     A58A   4C 44 80   JMP &8044
.rb_err
     A58D   6E A6 B9   ROR &B9A6
.rb1_exit
     A590   60         RTS
.rdblk
     A591   A6 C4      LDX &C4
     A593   D0 04      BNE &A599
     A595   A5 C5      LDA &C5
     A597   F0 F7      BEQ &A590
.rb1
     A599   A9 01      LDA #&01
     A59B   20 60 A5   JSR &A560
     A59E   A6 C4      LDX &C4
     A5A0   66 BE      ROR &BE
     A5A2   66 C1      ROR &C1
     A5A4   10 07      BPL &A5AD
     A5A6   E8         INX
     A5A7   86 C4      STX &C4
     A5A9   D0 02      BNE &A5AD
     A5AB   E6 C5      INC &C5
.rb2
     A5AD   06 BE      ASL &BE
     A5AF   20 BF A4   JSR &A4BF
     A5B2   A5 C5      LDA &C5
     A5B4   D0 0E      BNE &A5C4
     A5B6   A6 C4      LDX &C4
     A5B8   E0 03      CPX #&03
     A5BA   B0 08      BCS &A5C4
.rb4_loop
     A5BC   A5 C6      LDA &C6
     A5BE   D0 47      BNE &A607
     A5C0   E0 01      CPX #&01
     A5C2   F0 3A      BEQ &A5FE
.rb3
     A5C4   24 C1      BIT &C1
     A5C6   10 0D      BPL &A5D5
     A5C8   20 F4 A4   JSR &A4F4
     A5CB   A0 00      LDY #&00
     A5CD   84 C1      STY &C1
     A5CF   20 1C A2   JSR &A21C
     A5D2   4C DD A5   JMP &A5DD
.rb6_loop
     A5D5   20 F4 A4   JSR &A4F4
     A5D8   20 7F A2   JSR &A27F
     A5DB   E6 BD      INC &BD
.rb7
     A5DD   20 7F A2   JSR &A27F
     A5E0   E6 BD      INC &BD
     A5E2   20 1A A2   JSR &A21A
     A5E5   20 E0 A6   JSR &A6E0
     A5E8   F0 A6      BEQ &A590
     A5EA   20 94 AF   JSR &AF94
     A5ED   B0 9E      BCS &A58D
     A5EF   20 BF A4   JSR &A4BF
     A5F2   A6 C4      LDX &C4
     A5F4   A5 C5      LDA &C5
     A5F6   D0 DD      BNE &A5D5
     A5F8   E0 03      CPX #&03
     A5FA   B0 D9      BCS &A5D5
     A5FC   90 BE      BCC &A5BC
.rb9
     A5FE   20 F4 A4   JSR &A4F4
     A601   20 7F A2   JSR &A27F
     A604   4C 2E A6   JMP &A62E
.rb5
     A607   20 F4 A4   JSR &A4F4
     A60A   24 C1      BIT &C1
     A60C   10 08      BPL &A616
     A60E   A0 00      LDY #&00
     A610   20 1C A2   JSR &A21C
     A613   4C 1F A6   JMP &A61F
.rbx1
     A616   C6 C4      DEC &C4
     A618   F0 05      BEQ &A61F
     A61A   20 7F A2   JSR &A27F
     A61D   E6 BD      INC &BD
.rbx2
     A61F   20 83 A2   JSR &A283
     A622   98         TYA
     A623   49 FF      EOR #&FF
     A625   A8         TAY
     A626   C8         INY
     A627   20 1C A2   JSR &A21C
     A62A   A5 C4      LDA &C4
     A62C   D0 05      BNE &A633
.rbx4
     A62E   A0 00      LDY #&00
     A630   20 1C A2   JSR &A21C
.rbx3
     A633   4C 1A A2   JMP &A21A
.wb1_exit
     A636   60         RTS
.MMC_WriteBlock
     A637   4E A6 B9   LSR &B9A6
     A63A   20 3A 80   JSR &803A
     A63D   20 43 A6   JSR &A643
     A640   4C 44 80   JMP &8044
.wrblk
     A643   A6 C4      LDX &C4
     A645   D0 04      BNE &A64B
     A647   A5 C5      LDA &C5
     A649   F0 EB      BEQ &A636
.wb1
     A64B   A9 00      LDA #&00
     A64D   20 60 A5   JSR &A560
     A650   A6 C4      LDX &C4
     A652   66 BE      ROR &BE
     A654   6A         ROR A
     A655   06 BE      ASL &BE
     A657   48         PHA
     A658   20 BB A4   JSR &A4BB
     A65B   68         PLA
     A65C   10 37      BPL &A695
     A65E   A9 51      LDA #&51
     A660   8D 88 B9   STA &B988
     A663   20 F4 A4   JSR &A4F4
     A666   20 A7 A2   JSR &A2A7
     A669   A0 00      LDY #&00
     A66B   20 1C A2   JSR &A21C
     A66E   A0 02      LDY #&02
     A670   20 1C A2   JSR &A21C
     A673   A9 58      LDA #&58
     A675   8D 88 B9   STA &B988
     A678   20 0B A5   JSR &A50B
     A67B   20 79 A3   JSR &A379
     A67E   20 4C A3   JSR &A34C
     A681   20 33 A3   JSR &A333
     A684   A9 FF      LDA #&FF
     A686   20 E2 A6   JSR &A6E2
     A689   F0 AB      BEQ &A636
     A68B   E6 BD      INC &BD
.wb4
     A68D   20 94 AF   JSR &AF94
     A690   B0 4A      BCS &A6DC
     A692   20 BB A4   JSR &A4BB
.wb2
     A695   A5 C5      LDA &C5
     A697   D0 2D      BNE &A6C6
     A699   A6 C4      LDX &C4
     A69B   F0 3E      BEQ &A6DB
     A69D   CA         DEX
     A69E   D0 26      BNE &A6C6
     A6A0   A9 51      LDA #&51
     A6A2   8D 88 B9   STA &B988
     A6A5   20 F4 A4   JSR &A4F4
     A6A8   A0 00      LDY #&00
     A6AA   20 1C A2   JSR &A21C
     A6AD   20 A7 A2   JSR &A2A7
     A6B0   A0 02      LDY #&02
     A6B2   20 1C A2   JSR &A21C
     A6B5   A9 58      LDA #&58
     A6B7   8D 88 B9   STA &B988
     A6BA   20 0B A5   JSR &A50B
     A6BD   20 4C A3   JSR &A34C
     A6C0   20 79 A3   JSR &A379
     A6C3   4C 33 A3   JMP &A333
.wb3
     A6C6   20 0B A5   JSR &A50B
     A6C9   20 4C A3   JSR &A34C
     A6CC   E6 BD      INC &BD
     A6CE   20 4C A3   JSR &A34C
     A6D1   E6 BD      INC &BD
     A6D3   20 33 A3   JSR &A333
     A6D6   20 E0 A6   JSR &A6E0
     A6D9   D0 B2      BNE &A68D
.wb5
     A6DB   60         RTS
.wb_err
     A6DC   6E A6 B9   ROR &B9A6
     A6DF   60         RTS
.dec_seccountby2
     A6E0   A9 FE      LDA #&FE
.dec_seccount
     A6E2   18         CLC
     A6E3   65 C4      ADC &C4
     A6E5   85 C4      STA &C4
     A6E7   AA         TAX
     A6E8   A9 FF      LDA #&FF
     A6EA   65 C5      ADC &C5
     A6EC   85 C5      STA &C5
     A6EE   05 C4      ORA &C4
     A6F0   60         RTS
.MMC_BEGIN2
     A6F1   20 F6 83   JSR &83F6
     A6F4   20 FA A6   JSR &A6FA
     A6F7   4C 4D A7   JMP &A74D
.MMC_BEGIN1
     A6FA   A2 0F      LDX #&0F
.begloop1
     A6FC   B5 BC      LDA &BC,X
     A6FE   9D 90 B9   STA &B990,X
     A701   CA         DEX
     A702   10 F8      BPL &A6FC
     A704   20 E2 A2   JSR &A2E2
     A707   2C AF B9   BIT &B9AF
     A70A   50 01      BVC &A70D
     A70C   60         RTS
.begX
     A70D   20 CE A3   JSR &A3CE
     A710   B0 06      BCS &A718
     A712   20 22 A7   JSR &A722
     A715   4C DE A7   JMP &A7DE
.carderr
     A718   20 71 80   JSR &8071
     A71B   FF
     A71C   43 61 72 ...
     A721   00
.MMC_CheckCardID
     A722   20 9A A0   JSR &A09A
     A725   AD E4 B9   LDA &B9E4
     A728   F0 0D      BEQ &A737
     A72A   20 A7 A4   JSR &A4A7
     A72D   CD EF B9   CMP &B9EF
     A730   D0 06      BNE &A738
     A732   CC EE B9   CPY &B9EE
     A735   D0 01      BNE &A738
.cid_x
     A737   60         RTS
.errCardChanged
     A738   A9 00      LDA #&00
     A73A   8D AF B9   STA &B9AF
     A73D   20 71 80   JSR &8071
     A740   FF
     A741   57 72 6F ...
     A74C   00
.MMC_END
     A74D   A2 0F      LDX #&0F
.eloop0
     A74F   BD 90 B9   LDA &B990,X
     A752   95 BC      STA &BC,X
     A754   CA         DEX
     A755   10 F8      BPL &A74F
     A757   60         RTS
Processed file 'MMC.asm' ok
.CMD_DABOUT
     A758   A2 00      LDX #&00
.loop
     A75A   BD 09 80   LDA &8009,X
     A75D   D0 02      BNE &A761
     A75F   A9 0D      LDA #&0D
.print
     A761   20 E3 FF   JSR &FFE3
     A764   E8         INX
     A765   E0 2E      CPX #&2E
     A767   D0 F1      BNE &A75A
     A769   60         RTS
Including file MM32.asm
.mm32_cmd_dbug
.l1
     A76A   20 9E 80   JSR &809E
     A76D   46 41 54 ...
     A776   A0 00      LDY #&00
     A778   20 B4 A7   JSR &A7B4
     A77B   20 9E 80   JSR &809E
     A77E   44 41 54 ...
     A787   A0 02      LDY #&02
     A789   20 B4 A7   JSR &A7B4
     A78C   20 9E 80   JSR &809E
     A78F   43 4C 55 ...
     A798   A0 04      LDY #&04
     A79A   20 BA A7   JSR &A7BA
     A79D   A2 00      LDX #&00
.loop
     A79F   8A         TXA
     A7A0   20 FD 80   JSR &80FD
     A7A3   A9 3A      LDA #&3A
     A7A5   20 EE FF   JSR &FFEE
     A7A8   20 C3 A7   JSR &A7C3
     A7AB   20 E7 FF   JSR &FFE7
     A7AE   E8         INX
     A7AF   E0 03      CPX #&03
     A7B1   D0 EC      BNE &A79F
     A7B3   60         RTS
.phex2
     A7B4   B9 E1 B9   LDA &B9E1,Y
     A7B7   20 FD 80   JSR &80FD
.phex1
     A7BA   B9 E0 B9   LDA &B9E0,Y
     A7BD   20 FD 80   JSR &80FD
     A7C0   4C E7 FF   JMP &FFE7
.mm32_pclust
     A7C3   BD EB B9   LDA &B9EB,X
     A7C6   20 FD 80   JSR &80FD
     A7C9   BD E8 B9   LDA &B9E8,X
     A7CC   20 FD 80   JSR &80FD
     A7CF   BD E5 B9   LDA &B9E5,X
     A7D2   20 FD 80   JSR &80FD
     A7D5   60         RTS
.mm32_readblock
     A7D6   A9 FF      LDA #&FF
     A7D8   8D 82 B9   STA &B982
     A7DB   4C 32 A5   JMP &A532
.mm32_init_dos
     A7DE   20 9A A0   JSR &A09A
     A7E1   AD E4 B9   LDA &B9E4
     A7E4   F0 01      BEQ &A7E7
     A7E6   60         RTS
.init
     A7E7   20 6E A8   JSR &A86E
     A7EA   90 71      BCC &A85D
     A7EC   AD 0C B7   LDA &B70C
     A7EF   C9 02      CMP #&02
     A7F1   D0 6A      BNE &A85D
     A7F3   4D 2C B7   EOR &B72C
     A7F6   0D 26 B7   ORA &B726
     A7F9   D0 62      BNE &A85D
     A7FB   AD 25 B7   LDA &B725
     A7FE   4A         LSR A
     A7FF   F0 5C      BEQ &A85D
     A801   AD 0D B7   LDA &B70D
     A804   85 CB      STA &CB
     A806   A5 C7      LDA &C7
     A808   A4 C8      LDY &C8
     A80A   18         CLC
     A80B   6D 0E B7   ADC &B70E
     A80E   AA         TAX
     A80F   98         TYA
     A810   6D 0F B7   ADC &B70F
     A813   B0 48      BCS &A85D
     A815   86 C7      STX &C7
     A817   85 C8      STA &C8
.loop1
     A819   A8         TAY
     A81A   8A         TXA
     A81B   6D 24 B7   ADC &B724
     A81E   AA         TAX
     A81F   98         TYA
     A820   6D 25 B7   ADC &B725
     A823   B0 38      BCS &A85D
     A825   CE 10 B7   DEC &B710
     A828   D0 EF      BNE &A819
     A82A   A8         TAY
     A82B   0E 0D B7   ASL &B70D
     A82E   8A         TXA
     A82F   38         SEC
     A830   ED 0D B7   SBC &B70D
     A833   85 C9      STA &C9
     A835   98         TYA
     A836   E9 00      SBC #&00
     A838   85 CA      STA &CA
     A83A   20 9A A0   JSR &A09A
     A83D   20 A7 A4   JSR &A4A7
     A840   8D EF B9   STA &B9EF
     A843   8C EE B9   STY &B9EE
     A846   A0 05      LDY #&05
.loop2
     A848   B9 C6 00   LDA &00C6,Y
     A84B   99 DF B9   STA &B9DF,Y
     A84E   88         DEY
     A84F   D0 F7      BNE &A848
     A851   98         TYA
     A852   A0 08      LDY #&08
.loop3
     A854   99 E5 B9   STA &B9E5,Y
     A857   88         DEY
     A858   10 FA      BPL &A854
     A85A   4C AE A0   JMP &A0AE
.faterr
     A85D   20 71 80   JSR &8071
     A860   FF
     A861   43 61 72 ...
     A86D   00
.read_VBR
     A86E   A9 00      LDA #&00
     A870   85 C7      STA &C7
     A872   85 C8      STA &C8
     A874   85 BE      STA &BE
     A876   85 BF      STA &BF
     A878   85 C0      STA &C0
     A87A   20 AF A8   JSR &A8AF
     A87D   90 41      BCC &A8C0
     A87F   AD 00 B7   LDA &B700
     A882   C9 EB      CMP #&EB
     A884   D0 0E      BNE &A894
     A886   AD 02 B7   LDA &B702
     A889   C9 90      CMP #&90
     A88B   D0 07      BNE &A894
     A88D   AD 0C B7   LDA &B70C
     A890   C9 02      CMP #&02
     A892   F0 2C      BEQ &A8C0
.mbr
     A894   AD C6 B8   LDA &B8C6
     A897   85 C7      STA &C7
     A899   85 BE      STA &BE
     A89B   AD C7 B8   LDA &B8C7
     A89E   85 C8      STA &C8
     A8A0   85 BF      STA &BF
     A8A2   AD C8 B8   LDA &B8C8
     A8A5   0D C9 B8   ORA &B8C9
     A8A8   D0 17      BNE &A8C1
     A8AA   85 C0      STA &C0
     A8AC   20 F9 AF   JSR &AFF9
.isfat
     A8AF   20 D6 A7   JSR &A7D6
     A8B2   AD FE B8   LDA &B8FE
     A8B5   C9 55      CMP #&55
     A8B7   D0 08      BNE &A8C1
     A8B9   AD FF B8   LDA &B8FF
     A8BC   C9 AA      CMP #&AA
     A8BE   D0 01      BNE &A8C1
.ifx
     A8C0   60         RTS
.bad
     A8C1   18         CLC
     A8C2   60         RTS
.mm32_SECT_X_First
     A8C3   B9 E5 B9   LDA &B9E5,Y
     A8C6   85 C8      STA &C8
     A8C8   B9 E8 B9   LDA &B9E8,Y
     A8CB   85 C9      STA &C9
     A8CD   B9 EB B9   LDA &B9EB,Y
     A8D0   85 C2      STA &C2
     A8D2   29 3F      AND #&3F
     A8D4   85 CA      STA &CA
     A8D6   05 C8      ORA &C8
     A8D8   05 C9      ORA &C9
     A8DA   D0 0C      BNE &A8E8
     A8DC   C0 02      CPY #&02
     A8DE   F0 04      BEQ &A8E4
     A8E0   24 C2      BIT &C2
     A8E2   10 0F      BPL &A8F3
.l1
     A8E4   A9 02      LDA #&02
     A8E6   85 C8      STA &C8
.l2
     A8E8   AD E4 B9   LDA &B9E4
     A8EB   85 CB      STA &CB
     A8ED   A9 00      LDA #&00
     A8EF   85 CE      STA &CE
     A8F1   B8         CLV
     A8F2   60         RTS
.l3
     A8F3   2C F6 A8   BIT &A8F6
.l4
     A8F6   60         RTS
.mm32_SECT_X_Next
     A8F7   C6 CB      DEC &CB
     A8F9   F0 02      BEQ &A8FD
     A8FB   18         CLC
     A8FC   60         RTS
.l1
     A8FD   20 06 A9   JSR &A906
     A900   AD E4 B9   LDA &B9E4
     A903   85 CB      STA &CB
     A905   60         RTS
.next_cluster
     A906   20 1F 84   JSR &841F
     A909   C6 CE      DEC &CE
     A90B   10 1D      BPL &A92A
     A90D   AD AE B9   LDA &B9AE
     A910   48         PHA
     A911   A5 BC      LDA &BC
     A913   48         PHA
     A914   A5 BD      LDA &BD
     A916   48         PHA
     A917   A5 C6      LDA &C6
     A919   48         PHA
     A91A   20 4D A9   JSR &A94D
     A91D   68         PLA
     A91E   85 C6      STA &C6
     A920   68         PLA
     A921   85 BD      STA &BD
     A923   68         PLA
     A924   85 BC      STA &BC
     A926   68         PLA
     A927   8D AE B9   STA &B9AE
.l1
     A92A   18         CLC
     A92B   A5 CE      LDA &CE
     A92D   F0 12      BEQ &A941
     A92F   E6 C8      INC &C8
     A931   D0 0D      BNE &A940
     A933   E6 C9      INC &C9
     A935   D0 09      BNE &A940
     A937   E6 CA      INC &CA
.l2
     A939   A5 CA      LDA &CA
     A93B   29 C0      AND #&C0
     A93D   F0 01      BEQ &A940
     A93F   38         SEC
.l3
     A940   60         RTS
.l4
     A941   A2 02      LDX #&02
.loop1
     A943   BD A0 B9   LDA &B9A0,X
     A946   95 C8      STA &C8,X
     A948   CA         DEX
     A949   10 F8      BPL &A943
     A94B   30 EC      BMI &A939
.read_fat
     A94D   A5 C8      LDA &C8
     A94F   0A         ASL A
     A950   85 CB      STA &CB
     A952   A5 C9      LDA &C9
     A954   2A         ROL A
     A955   A8         TAY
     A956   A5 CA      LDA &CA
     A958   2A         ROL A
     A959   AA         TAX
     A95A   98         TYA
     A95B   6D E0 B9   ADC &B9E0
     A95E   85 BE      STA &BE
     A960   8A         TXA
     A961   6D E1 B9   ADC &B9E1
     A964   85 BF      STA &BF
     A966   A9 00      LDA #&00
     A968   8D AE B9   STA &B9AE
     A96B   85 C0      STA &C0
     A96D   20 F9 AF   JSR &AFF9
     A970   20 3A 80   JSR &803A
     A973   20 BF A4   JSR &A4BF
     A976   20 F4 A4   JSR &A4F4
     A979   A9 A0      LDA #&A0
     A97B   85 BC      STA &BC
     A97D   A9 B9      LDA #&B9
     A97F   85 BD      STA &BD
     A981   A5 CB      LDA &CB
     A983   20 CC A9   JSR &A9CC
.loop1
     A986   E6 CE      INC &CE
     A988   A9 04      LDA #&04
     A98A   85 C6      STA &C6
     A98C   20 83 A2   JSR &A283
     A98F   E6 CB      INC &CB
     A991   E6 CB      INC &CB
     A993   F0 31      BEQ &A9C6
     A995   38         SEC
     A996   AD A2 B9   LDA &B9A2
     A999   29 C0      AND #&C0
     A99B   0D A3 B9   ORA &B9A3
     A99E   D0 1B      BNE &A9BB
     A9A0   AD A0 B9   LDA &B9A0
     A9A3   E5 C8      SBC &C8
     A9A5   A8         TAY
     A9A6   AD A1 B9   LDA &B9A1
     A9A9   E5 C9      SBC &C9
     A9AB   D0 11      BNE &A9BE
     A9AD   AD A2 B9   LDA &B9A2
     A9B0   E5 CA      SBC &CA
     A9B2   D0 0A      BNE &A9BE
     A9B4   88         DEY
     A9B5   C4 CE      CPY &CE
     A9B7   F0 CD      BEQ &A986
     A9B9   D0 03      BNE &A9BE
.l2
     A9BB   6E A2 B9   ROR &B9A2
.l3
     A9BE   38         SEC
     A9BF   A9 00      LDA #&00
     A9C1   E5 CB      SBC &CB
     A9C3   20 CC A9   JSR &A9CC
.l4
     A9C6   20 1A A2   JSR &A21A
     A9C9   4C 44 80   JMP &8044
.clocks
     A9CC   0A         ASL A
     A9CD   48         PHA
     A9CE   90 05      BCC &A9D5
     A9D0   A0 00      LDY #&00
     A9D2   20 1C A2   JSR &A21C
.l1
     A9D5   68         PLA
     A9D6   F0 04      BEQ &A9DC
     A9D8   A8         TAY
     A9D9   4C 1C A2   JMP &A21C
.l2
     A9DC   60         RTS
.mm32_Scan_Dir
     A9DD   A0 02      LDY #&02
     A9DF   20 C3 A8   JSR &A8C3
.loop1
     A9E2   20 BB AF   JSR &AFBB
     A9E5   B0 0F      BCS &A9F6
     A9E7   20 D6 A7   JSR &A7D6
     A9EA   20 F7 A9   JSR &A9F7
     A9ED   90 07      BCC &A9F6
     A9EF   F0 05      BEQ &A9F6
     A9F1   20 F7 A8   JSR &A8F7
     A9F4   90 EC      BCC &A9E2
.exit
     A9F6   60         RTS
.scan_block
     A9F7   A9 00      LDA #&00
     A9F9   85 AB      STA &AB
     A9FB   85 B0      STA &B0
     A9FD   A9 B7      LDA #&B7
.loop1
     A9FF   85 B1      STA &B1
.loop2
     AA01   A0 00      LDY #&00
     AA03   B1 B0      LDA (&B0),Y
     AA05   F0 75      BEQ &AA7C
     AA07   30 5F      BMI &AA68
     AA09   C9 21      CMP #&21
     AA0B   90 5B      BCC &AA68
     AA0D   A0 15      LDY #&15
     AA0F   B1 B0      LDA (&B0),Y
     AA11   29 0F      AND #&0F
     AA13   D0 53      BNE &AA68
     AA15   88         DEY
     AA16   B1 B0      LDA (&B0),Y
     AA18   29 F0      AND #&F0
     AA1A   D0 4C      BNE &AA68
     AA1C   A0 0B      LDY #&0B
     AA1E   B1 B0      LDA (&B0),Y
     AA20   29 0E      AND #&0E
     AA22   D0 44      BNE &AA68
     AA24   B1 B0      LDA (&B0),Y
     AA26   4A         LSR A
     AA27   29 08      AND #&08
     AA29   85 B8      STA &B8
     AA2B   F0 04      BEQ &AA31
     AA2D   A9 80      LDA #&80
     AA2F   D0 0C      BNE &AA3D
.l1
     AA31   24 B2      BIT &B2
     AA33   30 33      BMI &AA68
     AA35   6A         ROR A
     AA36   85 B9      STA &B9
     AA38   20 55 AB   JSR &AB55
     AA3B   05 B9      ORA &B9
.l2
     AA3D   85 B9      STA &B9
     AA3F   20 E5 AA   JSR &AAE5
     AA42   20 82 AB   JSR &AB82
     AA45   B0 21      BCS &AA68
     AA47   A5 AA      LDA &AA
     AA49   F0 14      BEQ &AA5F
     AA4B   C9 03      CMP #&03
     AA4D   D0 03      BNE &AA52
     AA4F   4C B1 AA   JMP &AAB1
.lock_or_unlock
     AA52   C9 02      CMP #&02
     AA54   F0 06      BEQ &AA5C
     AA56   20 A0 AA   JSR &AAA0
     AA59   4C 5F AA   JMP &AA5F
.lock
     AA5C   20 8F AA   JSR &AA8F
.s1
     AA5F   24 B7      BIT &B7
     AA61   30 02      BMI &AA65
     AA63   18         CLC
     AA64   60         RTS
.logging
     AA65   20 10 AB   JSR &AB10
.skip
     AA68   20 70 8C   JSR &8C70
     AA6B   18         CLC
     AA6C   A5 B0      LDA &B0
     AA6E   69 20      ADC #&20
     AA70   85 B0      STA &B0
     AA72   90 8D      BCC &AA01
     AA74   A5 B1      LDA &B1
     AA76   69 00      ADC #&00
     AA78   C9 B8      CMP #&B8
     AA7A   F0 83      BEQ &A9FF
.exit
     AA7C   08         PHP
     AA7D   48         PHA
     AA7E   A5 AB      LDA &AB
     AA80   C9 FF      CMP #&FF
     AA82   D0 03      BNE &AA87
     AA84   20 49 A5   JSR &A549
.nowrite
     AA87   A0 00      LDY #&00
     AA89   84 AB      STY &AB
     AA8B   68         PLA
     AA8C   28         PLP
     AA8D   38         SEC
     AA8E   60         RTS
.lock_fat_file
     AA8F   A9 80      LDA #&80
     AA91   85 B9      STA &B9
     AA93   A0 0B      LDY #&0B
     AA95   B1 B0      LDA (&B0),Y
     AA97   09 01      ORA #&01
     AA99   91 B0      STA (&B0),Y
     AA9B   A9 FF      LDA #&FF
     AA9D   85 AB      STA &AB
     AA9F   60         RTS
.unlock_fat_file
     AAA0   A9 00      LDA #&00
     AAA2   85 B9      STA &B9
     AAA4   A0 0B      LDY #&0B
     AAA6   B1 B0      LDA (&B0),Y
     AAA8   29 FE      AND #&FE
     AAAA   91 B0      STA (&B0),Y
     AAAC   A9 FF      LDA #&FF
     AAAE   85 AB      STA &AB
     AAB0   60         RTS
.rename_fat_file
     AAB1   A2 21      LDX #&21
     AAB3   A0 00      LDY #&00
     AAB5   A9 2E      LDA #&2E
     AAB7   85 BA      STA &BA
     AAB9   A9 08      LDA #&08
     AABB   20 C4 AA   JSR &AAC4
     AABE   A9 02      LDA #&02
     AAC0   85 BA      STA &BA
     AAC2   A9 0B      LDA #&0B
.copy_and_pad_with_spaces
     AAC4   85 BB      STA &BB
.loop
     AAC6   BD 00 B9   LDA &B900,X
     AAC9   E8         INX
     AACA   C5 BA      CMP &BA
     AACC   F0 0E      BEQ &AADC
     AACE   C4 BB      CPY &BB
     AAD0   F0 F4      BEQ &AAC6
     AAD2   91 B0      STA (&B0),Y
     AAD4   C8         INY
     AAD5   D0 EF      BNE &AAC6
.padloop
     AAD7   A9 20      LDA #&20
     AAD9   91 B0      STA (&B0),Y
     AADB   C8         INY
.pad
     AADC   C4 BB      CPY &BB
     AADE   D0 F7      BNE &AAD7
     AAE0   20 49 A5   JSR &A549
     AAE3   18         CLC
     AAE4   60         RTS
.copy_name
     AAE5   A2 01      LDX #&01
     AAE7   A0 00      LDY #&00
.loop1
     AAE9   B1 B0      LDA (&B0),Y
     AAEB   C9 21      CMP #&21
     AAED   90 04      BCC &AAF3
     AAEF   9D 00 B9   STA &B900,X
     AAF2   E8         INX
.l1
     AAF3   C8         INY
     AAF4   C0 08      CPY #&08
     AAF6   D0 06      BNE &AAFE
.l11
     AAF8   A9 2E      LDA #&2E
     AAFA   9D 00 B9   STA &B900,X
     AAFD   E8         INX
.l2
     AAFE   C0 0B      CPY #&0B
     AB00   D0 E7      BNE &AAE9
.l3
     AB02   A9 02      LDA #&02
     AB04   8D 00 B9   STA &B900
     AB07   9D 00 B9   STA &B900,X
     AB0A   A9 00      LDA #&00
     AB0C   9D 01 B9   STA &B901,X
     AB0F   60         RTS
.print_dir_entry
     AB10   A2 03      LDX #&03
     AB12   20 4E AB   JSR &AB4E
     AB15   A2 20      LDX #&20
     AB17   A5 B8      LDA &B8
     AB19   F0 02      BEQ &AB1D
     AB1B   A2 2F      LDX #&2F
.l99
     AB1D   8A         TXA
     AB1E   A0 01      LDY #&01
     AB20   A2 0E      LDX #&0E
.loop1
     AB22   20 E1 80   JSR &80E1
     AB25   B9 00 B9   LDA &B900,Y
     AB28   C9 20      CMP #&20
     AB2A   90 11      BCC &AB3D
     AB2C   C9 2E      CMP #&2E
     AB2E   F0 04      BEQ &AB34
.l0
     AB30   CA         DEX
     AB31   C8         INY
     AB32   D0 EE      BNE &AB22
.l1
     AB34   B9 01 B9   LDA &B901,Y
     AB37   C9 20      CMP #&20
     AB39   A9 2E      LDA #&2E
     AB3B   B0 F3      BCS &AB30
.lx
     AB3D   20 4E AB   JSR &AB4E
     AB40   A9 4C      LDA #&4C
     AB42   24 B9      BIT &B9
     AB44   30 02      BMI &AB48
     AB46   A9 20      LDA #&20
.l00
     AB48   20 E1 80   JSR &80E1
     AB4B   4C D8 80   JMP &80D8
.lspc
     AB4E   20 D8 80   JSR &80D8
     AB51   CA         DEX
     AB52   D0 FA      BNE &AB4E
     AB54   60         RTS
.is_XSD
     AB55   A0 0B      LDY #&0B
     AB57   B1 B0      LDA (&B0),Y
     AB59   29 10      AND #&10
     AB5B   D0 19      BNE &AB76
     AB5D   A2 FF      LDX #&FF
.loop1
     AB5F   A0 08      LDY #&08
     AB61   18         CLC
.loop2
     AB62   E8         INX
     AB63   BD 79 AB   LDA &AB79,X
     AB66   30 0A      BMI &AB72
     AB68   F0 0C      BEQ &AB76
     AB6A   51 B0      EOR (&B0),Y
     AB6C   F0 01      BEQ &AB6F
     AB6E   38         SEC
.x1
     AB6F   C8         INY
     AB70   D0 F0      BNE &AB62
.x2
     AB72   B0 EB      BCS &AB5F
     AB74   0A         ASL A
     AB75   60         RTS
.l2
     AB76   A9 80      LDA #&80
     AB78   60         RTS
.ext_table
     AB79   53 53 44 
     AB7C   80
     AB7D   44 53 44 
     AB80   A0
     AB81   00         BRK
.dir_match
     AB82   A2 0F      LDX #&0F
     AB84   A0 00      LDY #&00
.l00
     AB86   E8         INX
     AB87   86 BA      STX &BA
.l0
     AB89   84 BB      STY &BB
.l1
     AB8B   BD 00 B9   LDA &B900,X
     AB8E   F0 19      BEQ &ABA9
     AB90   C9 01      CMP #&01
     AB92   F0 F2      BEQ &AB86
     AB94   B9 00 B9   LDA &B900,Y
     AB97   F0 11      BEQ &ABAA
     AB99   DD 00 B9   CMP &B900,X
     AB9C   D0 04      BNE &ABA2
     AB9E   C8         INY
     AB9F   E8         INX
     ABA0   D0 E9      BNE &AB8B
.l2
     ABA2   A6 BA      LDX &BA
     ABA4   A4 BB      LDY &BB
     ABA6   C8         INY
     ABA7   D0 E0      BNE &AB89
.ex1
     ABA9   18         CLC
.ex2
     ABAA   60         RTS
.mm32_param_count
     ABAB   A9 00      LDA #&00
.mm32_param_count_a
     ABAD   48         PHA
     ABAE   98         TYA
     ABAF   48         PHA
     ABB0   A2 00      LDX #&00
.loop1
     ABB2   20 C3 81   JSR &81C3
     ABB5   F0 08      BEQ &ABBF
     ABB7   E8         INX
.loop2
     ABB8   20 A8 81   JSR &81A8
     ABBB   90 FB      BCC &ABB8
     ABBD   B0 F3      BCS &ABB2
.l1
     ABBF   68         PLA
     ABC0   A8         TAY
     ABC1   68         PLA
     ABC2   10 03      BPL &ABC7
     ABC4   CA         DEX
     ABC5   30 0A      BMI &ABD1
.l2
     ABC7   E0 01      CPX #&01
     ABC9   F0 05      BEQ &ABD0
     ABCB   B0 04      BCS &ABD1
     ABCD   6A         ROR A
     ABCE   B0 01      BCS &ABD1
.l3
     ABD0   60         RTS
.err
     ABD1   4C B7 99   JMP &99B7
.mm32_param_drive
     ABD4   90 10      BCC &ABE6
     ABD6   20 C3 81   JSR &81C3
     ABD9   20 E2 8B   JSR &8BE2
     ABDC   20 A8 81   JSR &81A8
     ABDF   A5 CD      LDA &CD
     ABE1   B0 06      BCS &ABE9
     ABE3   4C F2 8B   JMP &8BF2
.l1
     ABE6   AD CA B9   LDA &B9CA
.l2
     ABE9   29 01      AND #&01
     ABEB   85 CD      STA &CD
     ABED   60         RTS
.mm32_param_filename
     ABEE   66 B7      ROR &B7
     ABF0   A2 01      LDX #&01
     ABF2   86 B2      STX &B2
     ABF4   86 B3      STX &B3
     ABF6   86 B4      STX &B4
     ABF8   86 B5      STX &B5
     ABFA   20 C3 81   JSR &81C3
     ABFD   F0 48      BEQ &AC47
.loop1
     ABFF   20 A8 81   JSR &81A8
     AC02   B0 43      BCS &AC47
     AC04   C9 2F      CMP #&2F
     AC06   D0 09      BNE &AC11
     AC08   66 B2      ROR &B2
     AC0A   D0 F3      BNE &ABFF
.loop2
     AC0C   20 A8 81   JSR &81A8
     AC0F   B0 36      BCS &AC47
.l0
     AC11   24 B7      BIT &B7
     AC13   10 0E      BPL &AC23
     AC15   C9 2A      CMP #&2A
     AC17   D0 0A      BNE &AC23
     AC19   24 B3      BIT &B3
     AC1B   30 EF      BMI &AC0C
     AC1D   66 B3      ROR &B3
     AC1F   A9 01      LDA #&01
     AC21   D0 1B      BNE &AC3E
.l1
     AC23   46 B3      LSR &B3
     AC25   C9 2E      CMP #&2E
     AC27   D0 08      BNE &AC31
     AC29   24 B5      BIT &B5
     AC2B   10 11      BPL &AC3E
     AC2D   66 B4      ROR &B4
     AC2F   30 0D      BMI &AC3E
.l2
     AC31   38         SEC
     AC32   66 B5      ROR &B5
     AC34   C9 61      CMP #&61
     AC36   90 06      BCC &AC3E
     AC38   C9 7B      CMP #&7B
     AC3A   B0 02      BCS &AC3E
     AC3C   49 20      EOR #&20
.l3
     AC3E   9D 10 B9   STA &B910,X
     AC41   E8         INX
     AC42   E0 10      CPX #&10
     AC44   D0 C6      BNE &AC0C
     AC46   60         RTS
.exloop
     AC47   CA         DEX
     AC48   F0 18      BEQ &AC62
     AC4A   24 B7      BIT &B7
     AC4C   30 0A      BMI &AC58
     AC4E   24 B4      BIT &B4
     AC50   30 06      BMI &AC58
     AC52   A9 2E      LDA #&2E
     AC54   9D 11 B9   STA &B911,X
     AC57   E8         INX
.lx1
     AC58   A9 02      LDA #&02
     AC5A   8D 10 B9   STA &B910
     AC5D   E8         INX
     AC5E   9D 10 B9   STA &B910,X
     AC61   E8         INX
.lx2
     AC62   A9 00      LDA #&00
     AC64   9D 10 B9   STA &B910,X
     AC67   AD 10 B9   LDA &B910
     AC6A   18         CLC
     AC6B   60         RTS
.mm32_swap_str_16_32
     AC6C   A2 10      LDX #&10
.loop
     AC6E   BD 0F B9   LDA &B90F,X
     AC71   48         PHA
     AC72   BD 1F B9   LDA &B91F,X
     AC75   9D 0F B9   STA &B90F,X
     AC78   68         PLA
     AC79   9D 1F B9   STA &B91F,X
     AC7C   CA         DEX
     AC7D   D0 EF      BNE &AC6E
     AC7F   60         RTS
.mm32_cmd_dcat
     AC80   20 AB AB   JSR &ABAB
     AC83   38         SEC
     AC84   20 EE AB   JSR &ABEE
     AC87   A9 00      LDA #&00
     AC89   85 AA      STA &AA
     AC8B   20 DD A9   JSR &A9DD
     AC8E   A9 86      LDA #&86
     AC90   20 F4 FF   JSR &FFF4
     AC93   E0 00      CPX #&00
     AC95   F0 03      BEQ &AC9A
     AC97   20 7D 83   JSR &837D
.dcEven
     AC9A   60         RTS
.mm32_cmd_dboot
     AC9B   A9 00      LDA #&00
     AC9D   85 CD      STA &CD
     AC9F   20 AB AB   JSR &ABAB
     ACA2   B0 11      BCS &ACB5
     ACA4   A2 00      LDX #&00
.loop
     ACA6   BD C2 AC   LDA &ACC2,X
     ACA9   9D 10 B9   STA &B910,X
     ACAC   F0 03      BEQ &ACB1
     ACAE   E8         INX
     ACAF   D0 F5      BNE &ACA6
.l1
     ACB1   85 B7      STA &B7
     ACB3   85 B2      STA &B2
.l2
     ACB5   A9 00      LDA #&00
     ACB7   20 3B AD   JSR &AD3B
     ACBA   90 01      BCC &ACBD
     ACBC   60         RTS
.l3
     ACBD   A9 00      LDA #&00
     ACBF   4C D2 8C   JMP &8CD2
.bootdisk
     ACC2   02
     ACC3   42 4F 4F ...
     ACC8   02
     ACC9   00
.mm32_cmd_din
     ACCA   A9 80      LDA #&80
     ACCC   20 AD AB   JSR &ABAD
     ACCF   20 D4 AB   JSR &ABD4
     ACD2   A9 00      LDA #&00
     ACD4   4C 3A AD   JMP &AD3A
.mm32_cmd_autoload
     ACD7   A2 00      LDX #&00
     ACD9   86 CD      STX &CD
.loop
     ACDB   BD F1 AC   LDA &ACF1,X
     ACDE   9D 10 B9   STA &B910,X
     ACE1   F0 03      BEQ &ACE6
     ACE3   E8         INX
     ACE4   D0 F5      BNE &ACDB
.l1
     ACE6   85 B7      STA &B7
     ACE8   85 B2      STA &B2
     ACEA   18         CLC
     ACEB   A9 02      LDA #&02
     ACED   4C 3B AD   JMP &AD3B
     ACF0   60         RTS
.bootdisk
     ACF1   02
     ACF2   42 4F 4F ...
     ACF7   02
     ACF8   00
.mm32_add_ssd_ext
     ACF9   A0 01      LDY #&01
.l0
     ACFB   B9 10 B9   LDA &B910,Y
     ACFE   C8         INY
     ACFF   C9 2E      CMP #&2E
     AD01   D0 F8      BNE &ACFB
.s1
     AD03   A9 53      LDA #&53
     AD05   99 10 B9   STA &B910,Y
     AD08   99 11 B9   STA &B911,Y
     AD0B   A9 44      LDA #&44
     AD0D   99 12 B9   STA &B912,Y
     AD10   A9 02      LDA #&02
     AD12   99 13 B9   STA &B913,Y
     AD15   A9 00      LDA #&00
     AD17   99 14 B9   STA &B914,Y
     AD1A   60         RTS
.mm32_upd_dsktbl
     AD1B   A2 00      LDX #&00
     AD1D   A5 CD      LDA &CD
     AD1F   0A         ASL A
     AD20   0A         ASL A
     AD21   0A         ASL A
     AD22   0A         ASL A
     AD23   A8         TAY
.l0
     AD24   BD 10 B9   LDA &B910,X
     AD27   99 C0 BA   STA &BAC0,Y
     AD2A   E8         INX
     AD2B   C8         INY
     AD2C   E0 10      CPX #&10
     AD2E   D0 F4      BNE &AD24
     AD30   60         RTS
.mm32_cmd_ddir
     AD31   20 AB AB   JSR &ABAB
     AD34   A9 02      LDA #&02
     AD36   85 CD      STA &CD
     AD38   A9 01      LDA #&01
.mm32_chain_open
     AD3A   38         SEC
.mm32_chain_open2
     AD3B   48         PHA
     AD3C   90 08      BCC &AD46
     AD3E   18         CLC
     AD3F   20 EE AB   JSR &ABEE
     AD42   B0 33      BCS &AD77
     AD44   F0 65      BEQ &ADAB
.l0
     AD46   A5 CD      LDA &CD
     AD48   C9 02      CMP #&02
     AD4A   66 B2      ROR &B2
     AD4C   A9 00      LDA #&00
     AD4E   85 AA      STA &AA
     AD50   20 DD A9   JSR &A9DD
     AD53   90 2C      BCC &AD81
     AD55   68         PLA
     AD56   48         PHA
     AD57   29 01      AND #&01
     AD59   D0 1C      BNE &AD77
     AD5B   20 F9 AC   JSR &ACF9
     AD5E   20 DD A9   JSR &A9DD
     AD61   90 1E      BCC &AD81
.mm32_change_ext_dsd
     AD63   A0 01      LDY #&01
.l0
     AD65   B9 10 B9   LDA &B910,Y
     AD68   C8         INY
     AD69   C9 2E      CMP #&2E
     AD6B   D0 F8      BNE &AD65
.s1
     AD6D   A9 44      LDA #&44
     AD6F   99 10 B9   STA &B910,Y
     AD72   20 DD A9   JSR &A9DD
     AD75   90 0A      BCC &AD81
.notfound
     AD77   68         PLA
     AD78   29 02      AND #&02
     AD7A   F0 02      BEQ &AD7E
     AD7C   38         SEC
     AD7D   60         RTS
.notautoload
     AD7E   4C 40 82   JMP &8240
.found
     AD81   68         PLA
     AD82   48         PHA
     AD83   29 01      AND #&01
     AD85   F0 06      BEQ &AD8D
     AD87   68         PLA
     AD88   A5 B8      LDA &B8
     AD8A   D0 28      BNE &ADB4
     AD8C   60         RTS
.file
     AD8D   68         PLA
     AD8E   A6 B8      LDX &B8
     AD90   F0 22      BEQ &ADB4
     AD92   29 02      AND #&02
     AD94   F0 02      BEQ &AD98
     AD96   38         SEC
     AD97   60         RTS
.notautoload2
     AD98   20 71 80   JSR &8071
     AD9B   D6
     AD9C   49 73 20 ...
     ADA8   00
     ADA9   EA         NOP
     ADAA   60         RTS
.zerolen
     ADAB   68         PLA
     ADAC   A5 B2      LDA &B2
     ADAE   29 80      AND #&80
     ADB0   A8         TAY
     ADB1   4C 20 AE   JMP &AE20
.okay
     ADB4   20 1B AD   JSR &AD1B
     ADB7   A0 1A      LDY #&1A
     ADB9   B1 B0      LDA (&B0),Y
     ADBB   85 B7      STA &B7
     ADBD   C8         INY
     ADBE   B1 B0      LDA (&B0),Y
     ADC0   85 B8      STA &B8
     ADC2   A0 14      LDY #&14
     ADC4   B1 B0      LDA (&B0),Y
     ADC6   05 B9      ORA &B9
     ADC8   85 B9      STA &B9
     ADCA   A5 CD      LDA &CD
     ADCC   C9 02      CMP #&02
     ADCE   F0 1D      BEQ &ADED
     ADD0   49 01      EOR #&01
     ADD2   AA         TAX
     ADD3   A5 B7      LDA &B7
     ADD5   DD E5 B9   CMP &B9E5,X
     ADD8   D0 13      BNE &ADED
     ADDA   A5 B8      LDA &B8
     ADDC   DD E8 B9   CMP &B9E8,X
     ADDF   D0 0C      BNE &ADED
     ADE1   A5 B9      LDA &B9
     ADE3   DD EB B9   CMP &B9EB,X
     ADE6   D0 05      BNE &ADED
     ADE8   A0 00      LDY #&00
     ADEA   20 22 AE   JSR &AE22
.l1
     ADED   20 9A A0   JSR &A09A
     ADF0   A6 CD      LDX &CD
     ADF2   A5 B7      LDA &B7
     ADF4   9D E5 B9   STA &B9E5,X
     ADF7   A5 B8      LDA &B8
     ADF9   9D E8 B9   STA &B9E8,X
     ADFC   A5 B9      LDA &B9
     ADFE   9D EB B9   STA &B9EB,X
     AE01   4C AE A0   JMP &A0AE
.mm32_cmd_dout
     AE04   20 AB AB   JSR &ABAB
     AE07   20 D4 AB   JSR &ABD4
     AE0A   A2 00      LDX #&00
     AE0C   A5 CD      LDA &CD
     AE0E   0A         ASL A
     AE0F   0A         ASL A
     AE10   0A         ASL A
     AE11   0A         ASL A
     AE12   A8         TAY
     AE13   A9 20      LDA #&20
.s0
     AE15   99 C0 BA   STA &BAC0,Y
     AE18   E8         INX
     AE19   C8         INY
     AE1A   E0 10      CPX #&10
     AE1C   D0 F7      BNE &AE15
     AE1E   A0 00      LDY #&00
.mm32_clear_cluster_index
     AE20   A6 CD      LDX &CD
.mm32_clear_cluster_index_x
     AE22   20 9A A0   JSR &A09A
     AE25   A9 00      LDA #&00
     AE27   9D E5 B9   STA &B9E5,X
     AE2A   9D E8 B9   STA &B9E8,X
     AE2D   98         TYA
     AE2E   9D EB B9   STA &B9EB,X
     AE31   4C AE A0   JMP &A0AE
.mm32_cmd_ddrive
     AE34   A0 00      LDY #&00
.l1
     AE36   98         TYA
     AE37   48         PHA
     AE38   A9 3A      LDA #&3A
     AE3A   20 EE FF   JSR &FFEE
     AE3D   68         PLA
     AE3E   48         PHA
     AE3F   18         CLC
     AE40   69 30      ADC #&30
     AE42   20 EE FF   JSR &FFEE
     AE45   A9 20      LDA #&20
     AE47   20 EE FF   JSR &FFEE
     AE4A   68         PLA
     AE4B   48         PHA
     AE4C   0A         ASL A
     AE4D   0A         ASL A
     AE4E   0A         ASL A
     AE4F   0A         ASL A
     AE50   AA         TAX
     AE51   A0 00      LDY #&00
     AE53   BD C0 BA   LDA &BAC0,X
     AE56   C9 02      CMP #&02
     AE58   D0 1C      BNE &AE76
     AE5A   E8         INX
.l2
     AE5B   BD C0 BA   LDA &BAC0,X
     AE5E   C9 02      CMP #&02
     AE60   F0 09      BEQ &AE6B
     AE62   20 EE FF   JSR &FFEE
     AE65   E8         INX
     AE66   C8         INY
     AE67   C0 10      CPY #&10
     AE69   D0 F0      BNE &AE5B
.s1
     AE6B   20 7D 83   JSR &837D
     AE6E   68         PLA
     AE6F   A8         TAY
     AE70   C8         INY
     AE71   C0 02      CPY #&02
     AE73   D0 C1      BNE &AE36
     AE75   60         RTS
.empty
     AE76   20 9E 80   JSR &809E
     AE79   3C 45 6D ...
     AE80   EA         NOP
     AE81   4C 6B AE   JMP &AE6B
.mm32_cmd_daccess
     AE84   A9 80      LDA #&80
     AE86   20 AD AB   JSR &ABAD
     AE89   38         SEC
     AE8A   20 EE AB   JSR &ABEE
     AE8D   A2 01      LDX #&01
     AE8F   20 C3 81   JSR &81C3
     AE92   D0 14      BNE &AEA8
.gotflag
     AE94   86 AA      STX &AA
     AE96   20 DD A9   JSR &A9DD
     AE99   A9 86      LDA #&86
     AE9B   20 F4 FF   JSR &FFF4
     AE9E   E0 00      CPX #&00
     AEA0   F0 03      BEQ &AEA5
     AEA2   20 7D 83   JSR &837D
.dcEven
     AEA5   60         RTS
.parmloop
     AEA6   A2 02      LDX #&02
.getparm
     AEA8   20 A8 81   JSR &81A8
     AEAB   B0 E7      BCS &AE94
     AEAD   29 5F      AND #&5F
     AEAF   C9 4C      CMP #&4C
     AEB1   F0 F3      BEQ &AEA6
.errbadparm
     AEB3   20 57 80   JSR &8057
     AEB6   CF
     AEB7   61 74 74 ...
     AEC0   00
.mm32_cmd_drename
     AEC1   A9 81      LDA #&81
     AEC3   20 AD AB   JSR &ABAD
     AEC6   18         CLC
     AEC7   20 EE AB   JSR &ABEE
     AECA   20 6C AC   JSR &AC6C
     AECD   18         CLC
     AECE   20 EE AB   JSR &ABEE
     AED1   20 FD AE   JSR &AEFD
     AED4   90 16      BCC &AEEC
     AED6   A9 00      LDA #&00
     AED8   85 AA      STA &AA
     AEDA   20 DD A9   JSR &A9DD
     AEDD   90 10      BCC &AEEF
     AEDF   20 6C AC   JSR &AC6C
     AEE2   A9 03      LDA #&03
     AEE4   85 AA      STA &AA
     AEE6   20 DD A9   JSR &A9DD
     AEE9   B0 0F      BCS &AEFA
     AEEB   60         RTS
.badname
     AEEC   4C 84 81   JMP &8184
.destexists
     AEEF   20 61 80   JSR &8061
     AEF2   C4
     AEF3   45 78 69 ...
     AEF9   00
.notfound
     AEFA   4C 40 82   JMP &8240
.mm32_check_filename
     AEFD   AD 10 B9   LDA &B910
     AF00   C9 02      CMP #&02
     AF02   D0 2B      BNE &AF2F
     AF04   AD 11 B9   LDA &B911
     AF07   C9 2E      CMP #&2E
     AF09   F0 24      BEQ &AF2F
     AF0B   A2 01      LDX #&01
     AF0D   86 BA      STX &BA
.checknameloop
     AF0F   BD 10 B9   LDA &B910,X
     AF12   E8         INX
     AF13   E0 11      CPX #&11
     AF15   F0 18      BEQ &AF2F
     AF17   C9 02      CMP #&02
     AF19   F0 15      BEQ &AF30
     AF1B   C9 2E      CMP #&2E
     AF1D   D0 04      BNE &AF23
     AF1F   C6 BA      DEC &BA
     AF21   30 0C      BMI &AF2F
.notdot
     AF23   A0 0E      LDY #&0E
.checkcharloop
     AF25   D9 30 AF   CMP &AF30,Y
     AF28   F0 05      BEQ &AF2F
     AF2A   88         DEY
     AF2B   D0 F8      BNE &AF25
     AF2D   F0 E0      BEQ &AF0F
.badname
     AF2F   18         CLC
.checknameend
     AF30   60         RTS
.invalid_chars
     AF31   22
     AF32   2A
     AF33   2B
     AF34   2C
     AF35   2F
     AF36   3A
     AF37   3B
     AF38   3C
     AF39   3D
     AF3A   3E
     AF3B   3F
     AF3C   5B
     AF3D   5C
     AF3E   5D
.invalid_chars_end
.mm32_disk_seek_sector
     AF3F   8C A5 B9   STY &B9A5
     AF42   8D A4 B9   STA &B9A4
     AF45   A5 CD      LDA &CD
     AF47   29 01      AND #&01
     AF49   A8         TAY
     AF4A   20 C3 A8   JSR &A8C3
     AF4D   70 0B      BVS &AF5A
     AF4F   24 C2      BIT &C2
     AF51   A5 CD      LDA &CD
     AF53   6A         ROR A
     AF54   6A         ROR A
     AF55   90 04      BCC &AF5B
     AF57   70 02      BVS &AF5B
.l1
     AF59   B8         CLV
.l2
     AF5A   60         RTS
.l3
     AF5B   50 05      BVC &AF62
     AF5D   2E A5 B9   ROL &B9A5
     AF60   B0 F7      BCS &AF59
.l4
     AF62   AC A5 B9   LDY &B9A5
     AF65   F0 04      BEQ &AF6B
.loop1
     AF67   A2 04      LDX #&04
     AF69   D0 08      BNE &AF73
.l5
     AF6B   AD A4 B9   LDA &B9A4
     AF6E   4A         LSR A
     AF6F   F0 11      BEQ &AF82
     AF71   AA         TAX
     AF72   CA         DEX
.loop2
     AF73   20 F7 A8   JSR &A8F7
     AF76   B0 E1      BCS &AF59
     AF78   CA         DEX
     AF79   10 F8      BPL &AF73
     AF7B   88         DEY
     AF7C   F0 ED      BEQ &AF6B
     AF7E   C0 FF      CPY #&FF
     AF80   D0 E5      BNE &AF67
.l6
     AF82   20 BB AF   JSR &AFBB
     AF85   B0 D2      BCS &AF59
     AF87   6E A4 B9   ROR &B9A4
     AF8A   90 02      BCC &AF8E
     AF8C   E6 BE      INC &BE
.l7
     AF8E   0E A4 B9   ASL &B9A4
     AF91   B8         CLV
     AF92   18         CLC
     AF93   60         RTS
.mm32_disk_next_sector
     AF94   20 1F 84   JSR &841F
     AF97   A0 01      LDY #&01
     AF99   AE A4 B9   LDX &B9A4
     AF9C   E8         INX
     AF9D   E8         INX
     AF9E   E0 0A      CPX #&0A
     AFA0   D0 0E      BNE &AFB0
     AFA2   A2 00      LDX #&00
     AFA4   EE A5 B9   INC &B9A5
     AFA7   24 C2      BIT &C2
     AFA9   50 05      BVC &AFB0
     AFAB   A0 06      LDY #&06
     AFAD   EE A5 B9   INC &B9A5
.l1
     AFB0   8E A4 B9   STX &B9A4
.loop1
     AFB3   20 F7 A8   JSR &A8F7
     AFB6   B0 47      BCS &AFFF
     AFB8   88         DEY
     AFB9   D0 F8      BNE &AFB3
.mm32_SECT_X_Address
     AFBB   A2 02      LDX #&02
.loop1
     AFBD   B5 C8      LDA &C8,X
     AFBF   95 BE      STA &BE,X
     AFC1   CA         DEX
     AFC2   10 F9      BPL &AFBD
     AFC4   AD E4 B9   LDA &B9E4
.loop2
     AFC7   4A         LSR A
     AFC8   B0 09      BCS &AFD3
     AFCA   06 BE      ASL &BE
     AFCC   26 BF      ROL &BF
     AFCE   26 C0      ROL &C0
     AFD0   90 F5      BCC &AFC7
     AFD2   60         RTS
.l3
     AFD3   18         CLC
     AFD4   A5 BE      LDA &BE
     AFD6   6D E2 B9   ADC &B9E2
     AFD9   85 BE      STA &BE
     AFDB   A5 BF      LDA &BF
     AFDD   6D E3 B9   ADC &B9E3
     AFE0   85 BF      STA &BF
     AFE2   90 02      BCC &AFE6
     AFE4   E6 C0      INC &C0
.l4
     AFE6   38         SEC
     AFE7   AD E4 B9   LDA &B9E4
     AFEA   E5 CB      SBC &CB
     AFEC   18         CLC
     AFED   65 BE      ADC &BE
     AFEF   85 BE      STA &BE
     AFF1   90 06      BCC &AFF9
     AFF3   E6 BF      INC &BF
     AFF5   D0 02      BNE &AFF9
     AFF7   E6 C0      INC &C0
.l5
.mm32_lba_to_256
     AFF9   06 BE      ASL &BE
     AFFB   26 BF      ROL &BF
     AFFD   26 C0      ROL &C0
.l2rts
     AFFF   60         RTS
.mm32_MMC_error
     B000   85 B0      STA &B0
     B002   20 61 80   JSR &8061
     B005   C5
     B006   4D 4D 43 ...
     B00A   EA         NOP
     B00B   68         PLA
     B00C   85 B8      STA &B8
     B00E   68         PLA
     B00F   85 B9      STA &B9
     B011   A0 00      LDY #&00
     B013   8C AF B9   STY &B9AF
.loop1
     B016   C8         INY
     B017   B1 B8      LDA (&B8),Y
     B019   F0 05      BEQ &B020
     B01B   20 3E B0   JSR &B03E
     B01E   D0 F6      BNE &B016
.l1
     B020   A8         TAY
     B021   A5 B0      LDA &B0
     B023   20 84 8C   JSR &8C84
     B026   A9 2F      LDA #&2F
     B028   20 3E B0   JSR &B03E
.loop2
     B02B   B9 89 B9   LDA &B989,Y
     B02E   20 84 8C   JSR &8C84
     B031   C8         INY
     B032   C0 04      CPY #&04
     B034   D0 F5      BNE &B02B
     B036   A9 00      LDA #&00
     B038   9D 00 01   STA &0100,X
     B03B   4C 00 01   JMP &0100
.mm32_PrintChr100
     B03E   9D 00 01   STA &0100,X
     B041   E8         INX
     B042   60         RTS
.Osword7F_8271_Emulation
     B043   A0 06      LDY #&06
     B045   B1 B0      LDA (&B0),Y
     B047   A2 10      LDX #&10
.loop1
     B049   DD A8 B1   CMP &B1A8,X
     B04C   F0 05      BEQ &B053
     B04E   CA         DEX
     B04F   10 F8      BPL &B049
     B051   30 0F      BMI &B062
.l2
     B053   20 85 B0   JSR &B085
     B056   48         PHA
     B057   A0 05      LDY #&05
     B059   B1 B0      LDA (&B0),Y
     B05B   18         CLC
     B05C   69 07      ADC #&07
     B05E   A8         TAY
     B05F   68         PLA
     B060   91 B0      STA (&B0),Y
.l3
     B062   A9 00      LDA #&00
     B064   60         RTS
.spec_reg
     B065   A0 07      LDY #&07
     B067   B1 B0      LDA (&B0),Y
     B069   C9 06      CMP #&06
     B06B   D0 04      BNE &B071
     B06D   AD A4 B9   LDA &B9A4
     B070   60         RTS
.l1
     B071   C9 12      CMP #&12
     B073   D0 09      BNE &B07E
.l2
     B075   AD A5 B9   LDA &B9A5
     B078   24 C2      BIT &C2
     B07A   50 01      BVC &B07D
     B07C   4A         LSR A
.l3
     B07D   60         RTS
.l4
     B07E   C9 1A      CMP #&1A
     B080   F0 F3      BEQ &B075
     B082   A9 00      LDA #&00
     B084   60         RTS
.ow7f_1
     B085   BD B8 B1   LDA &B1B8,X
     B088   F0 DB      BEQ &B065
     B08A   48         PHA
     B08B   88         DEY
     B08C   29 0F      AND #&0F
     B08E   D1 B0      CMP (&B0),Y
     B090   D0 27      BNE &B0B9
     B092   20 FA A6   JSR &A6FA
     B095   68         PLA
     B096   85 C7      STA &C7
     B098   A0 0B      LDY #&0B
.loop1
     B09A   B1 B0      LDA (&B0),Y
     B09C   99 BB 00   STA &00BB,Y
     B09F   C0 05      CPY #&05
     B0A1   B0 03      BCS &B0A6
     B0A3   99 A9 B9   STA &B9A9,Y
.l0
     B0A6   88         DEY
     B0A7   D0 F1      BNE &B09A
     B0A9   B1 B0      LDA (&B0),Y
     B0AB   30 03      BMI &B0B0
     B0AD   20 D5 8B   JSR &8BD5
.l1
     B0B0   20 C3 B0   JSR &B0C3
     B0B3   48         PHA
     B0B4   20 4D A7   JSR &A74D
     B0B7   68         PLA
     B0B8   60         RTS
.owfault
     B0B9   68         PLA
     B0BA   A9 FF      LDA #&FF
     B0BC   60         RTS
.owdrvnotrdy
     B0BD   A9 10      LDA #&10
     B0BF   60         RTS
.ownosector
     B0C0   A9 1E      LDA #&1E
     B0C2   60         RTS
.ow7f_2
     B0C3   A9 10      LDA #&10
     B0C5   24 C7      BIT &C7
     B0C7   D0 04      BNE &B0CD
     B0C9   10 33      BPL &B0FE
     B0CB   30 23      BMI &B0F0
.l10
     B0CD   A5 C2      LDA &C2
     B0CF   0A         ASL A
     B0D0   85 BE      STA &BE
     B0D2   A5 C3      LDA &C3
     B0D4   2A         ROL A
     B0D5   85 BF      STA &BF
     B0D7   A5 C4      LDA &C4
     B0D9   30 E5      BMI &B0C0
     B0DB   2A         ROL A
     B0DC   85 C0      STA &C0
     B0DE   A5 C5      LDA &C5
     B0E0   0A         ASL A
     B0E1   85 C4      STA &C4
     B0E3   B0 DB      BCS &B0C0
     B0E5   A9 00      LDA #&00
     B0E7   85 C5      STA &C5
     B0E9   85 C6      STA &C6
     B0EB   26 C7      ROL &C7
     B0ED   4C 5E B1   JMP &B15E
.l11
     B0F0   A5 C6      LDA &C6
     B0F2   F0 27      BEQ &B11B
     B0F4   E6 C4      INC &C4
     B0F6   D0 23      BNE &B11B
     B0F8   E6 C5      INC &C5
     B0FA   D0 1F      BNE &B11B
     B0FC   F0 C2      BEQ &B0C0
.l0
     B0FE   A5 C4      LDA &C4
     B100   50 02      BVC &B104
     B102   A9 0A      LDA #&0A
.l1
     B104   29 1F      AND #&1F
     B106   85 C4      STA &C4
     B108   70 07      BVS &B111
     B10A   18         CLC
     B10B   65 C3      ADC &C3
     B10D   C9 0B      CMP #&0B
     B10F   B0 AF      BCS &B0C0
.l2
     B111   A9 00      LDA #&00
     B113   85 C5      STA &C5
     B115   85 C6      STA &C6
     B117   50 02      BVC &B11B
     B119   85 C3      STA &C3
.l3
     B11B   A5 C3      LDA &C3
     B11D   C9 0A      CMP #&0A
     B11F   B0 9F      BCS &B0C0
.l4
     B121   A4 C2      LDY &C2
     B123   20 3F AF   JSR &AF3F
     B126   70 95      BVS &B0BD
     B128   B0 96      BCS &B0C0
     B12A   26 C7      ROL &C7
     B12C   24 C7      BIT &C7
     B12E   50 07      BVC &B137
     B130   24 C2      BIT &C2
     B132   10 03      BPL &B137
     B134   A9 12      LDA #&12
     B136   60         RTS
.l5
     B137   24 C7      BIT &C7
     B139   30 40      BMI &B17B
     B13B   66 C3      ROR &C3
     B13D   B0 1F      BCS &B15E
     B13F   A5 C4      LDA &C4
     B141   C9 02      CMP #&02
     B143   D0 19      BNE &B15E
     B145   A5 BD      LDA &BD
     B147   C9 B7      CMP #&B7
     B149   D0 13      BNE &B15E
     B14B   AD AC B9   LDA &B9AC
     B14E   2D AD B9   AND &B9AD
     B151   0D D6 B9   ORA &B9D6
     B154   49 FF      EOR #&FF
     B156   05 BC      ORA &BC
     B158   05 C5      ORA &C5
     B15A   05 C6      ORA &C6
     B15C   F0 2F      BEQ &B18D
.l6
     B15E   24 C7      BIT &C7
     B160   70 13      BVS &B175
     B162   20 81 A5   JSR &A581
.l7
     B165   AD AE B9   LDA &B9AE
     B168   F0 03      BEQ &B16D
     B16A   20 68 8C   JSR &8C68
.l8
     B16D   2C A6 B9   BIT &B9A6
     B170   30 33      BMI &B1A5
.OK
     B172   A9 00      LDA #&00
     B174   60         RTS
.l9
     B175   20 37 A6   JSR &A637
     B178   4C 65 B1   JMP &B165
.vform
     B17B   A0 FF      LDY #&FF
     B17D   8C 82 B9   STY &B982
     B180   50 0B      BVC &B18D
     B182   C8         INY
     B183   98         TYA
.floop
     B184   99 00 B7   STA &B700,Y
     B187   99 00 B8   STA &B800,Y
     B18A   C8         INY
     B18B   D0 F7      BNE &B184
.cat
.loop
     B18D   24 C7      BIT &C7
     B18F   70 06      BVS &B197
     B191   20 32 A5   JSR &A532
     B194   4C 9A B1   JMP &B19A
.k1
     B197   20 49 A5   JSR &A549
.k2
     B19A   C6 C4      DEC &C4
     B19C   C6 C4      DEC &C4
     B19E   F0 D2      BEQ &B172
     B1A0   20 94 AF   JSR &AF94
     B1A3   90 E8      BCC &B18D
.ownosector2
     B1A5   A9 1E      LDA #&1E
     B1A7   60         RTS
.owtable1
     B1A8   7D
     B1A9   4A
     B1AA   4B
     B1AB   4C
     B1AC   4E
     B1AD   4F
     B1AE   52
     B1AF   53
     B1B0   54
     B1B1   56
     B1B2   57
     B1B3   5E
     B1B4   5F
     B1B5   63
     B1B6   A5
     B1B7   85
.owtable2
     B1B8   00
     B1B9   23
     B1BA   23
     B1BB   34
     B1BC   23
     B1BD   23
     B1BE   03
     B1BF   03
     B1C0   14
     B1C1   03
     B1C2   03
     B1C3   45
     B1C4   43
     B1C5   65
     B1C6   A5
     B1C7   85
Processed file 'MM32.asm' ok
Including file Utilities.asm
.CMD_DUMP
     B1C8   A9 40      LDA #&40
     B1CA   20 C7 B2   JSR &B2C7
     B1CD   A9 00      LDA #&00
     B1CF   48         PHA
     B1D0   AA         TAX
     B1D1   F0 06      BEQ &B1D9
.dump_inc_address
     B1D3   69 08      ADC #&08
     B1D5   48         PHA
     B1D6   90 01      BCC &B1D9
     B1D8   E8         INX
.dump_loop
     B1D9   8A         TXA
     B1DA   20 0D 81   JSR &810D
     B1DD   68         PLA
     B1DE   48         PHA
     B1DF   20 0D 81   JSR &810D
     B1E2   8A         TXA
     B1E3   48         PHA
     B1E4   20 1E 81   JSR &811E
     B1E7   A2 07      LDX #&07
.dump_getbytes_loop
     B1E9   20 D7 FF   JSR &FFD7
     B1EC   B0 0B      BCS &B1F9
     B1EE   95 A8      STA &A8,X
     B1F0   20 0D 81   JSR &810D
     B1F3   20 1E 81   JSR &811E
     B1F6   CA         DEX
     B1F7   10 F0      BPL &B1E9
.dump_eof
     B1F9   08         PHP
     B1FA   90 12      BCC &B20E
.dump_padnum_loop
     B1FC   A9 2A      LDA #&2A
     B1FE   20 EE FF   JSR &FFEE
     B201   20 EE FF   JSR &FFEE
     B204   20 1E 81   JSR &811E
     B207   A9 00      LDA #&00
     B209   95 A8      STA &A8,X
     B20B   CA         DEX
     B20C   10 EE      BPL &B1FC
.dump_noteof
     B20E   A2 07      LDX #&07
.dump_chr_loop
     B210   B5 A8      LDA &A8,X
     B212   29 7F      AND #&7F
     B214   C9 7F      CMP #&7F
     B216   F0 04      BEQ &B21C
     B218   C9 20      CMP #&20
     B21A   B0 02      BCS &B21E
.showchrdot
     B21C   A9 2E      LDA #&2E
.showchrexit
     B21E   20 EE FF   JSR &FFEE
     B221   CA         DEX
     B222   10 EC      BPL &B210
     B224   20 E7 FF   JSR &FFE7
     B227   28         PLP
     B228   68         PLA
     B229   AA         TAX
     B22A   68         PLA
     B22B   24 FF      BIT &FF
     B22D   30 3A      BMI &B269
     B22F   90 A2      BCC &B1D3
     B231   B0 31      BCS &B264
.CMD_TYPE
     B233   A9 00      LDA #&00
     B235   F0 02      BEQ &B239
.CMD_LIST
     B237   A9 FF      LDA #&FF
.type
     B239   85 AA      STA &AA
     B23B   A9 40      LDA #&40
     B23D   20 C7 B2   JSR &B2C7
     B240   A9 0D      LDA #&0D
.list_loop_entry
     B242   25 AA      AND &AA
     B244   49 0D      EOR #&0D
     B246   AA         TAX
.list_loop
     B247   20 D7 FF   JSR &FFD7
     B24A   B0 15      BCS &B261
     B24C   C9 0A      CMP #&0A
     B24E   F0 F7      BEQ &B247
     B250   48         PHA
     B251   8A         TXA
     B252   D0 03      BNE &B257
     B254   20 F8 B2   JSR &B2F8
.list_skiplineno
     B257   68         PLA
     B258   20 E3 FF   JSR &FFE3
     B25B   24 FF      BIT &FF
     B25D   30 0A      BMI &B269
     B25F   10 E1      BPL &B242
.list_eof
     B261   20 E7 FF   JSR &FFE7
.Utils_CloseFile_Yhandle
     B264   A9 00      LDA #&00
     B266   4C CE FF   JMP &FFCE
.Utils_ESCAPE_CloseFileY
     B269   20 64 B2   JSR &B264
     B26C   4C 74 8C   JMP &8C74
.CMD_BUILD
     B26F   A9 80      LDA #&80
     B271   20 C7 B2   JSR &B2C7
.loop_newline
     B274   20 F8 B2   JSR &B2F8
     B277   A2 00      LDX #&00
.loop_line
     B279   20 E0 FF   JSR &FFE0
     B27C   B0 EB      BCS &B269
     B27E   C9 15      CMP #&15
     B280   F0 11      BEQ &B293
     B282   C9 7F      CMP #&7F
     B284   F0 14      BEQ &B29A
     B286   20 E3 FF   JSR &FFE3
     B289   20 D4 FF   JSR &FFD4
     B28C   E8         INX
     B28D   C9 0D      CMP #&0D
     B28F   D0 E8      BNE &B279
     B291   F0 E1      BEQ &B274
.clearline
     B293   20 A0 B2   JSR &B2A0
     B296   D0 FB      BNE &B293
     B298   F0 DF      BEQ &B279
.subpointer
     B29A   20 A0 B2   JSR &B2A0
     B29D   4C 79 B2   JMP &B279
.fpdec
     B2A0   8A         TXA
     B2A1   F0 23      BEQ &B2C6
     B2A3   48         PHA
     B2A4   A9 7F      LDA #&7F
     B2A6   20 EE FF   JSR &FFEE
     B2A9   A9 00      LDA #&00
     B2AB   A2 AA      LDX #&AA
     B2AD   20 DA FF   JSR &FFDA
     B2B0   A5 AA      LDA &AA
     B2B2   D0 08      BNE &B2BC
     B2B4   A5 AB      LDA &AB
     B2B6   D0 02      BNE &B2BA
     B2B8   C6 AC      DEC &AC
.decmsb
     B2BA   C6 AB      DEC &AB
.declsb
     B2BC   C6 AA      DEC &AA
.fpdecdone
     B2BE   A9 03      LDA #&03
     B2C0   20 DA FF   JSR &FFDA
     B2C3   68         PLA
     B2C4   AA         TAX
     B2C5   CA         DEX
.fpdecrts
     B2C6   60         RTS
.Utils_FilenameAtXY
     B2C7   85 AF      STA &AF
     B2C9   BA         TSX
     B2CA   A9 00      LDA #&00
     B2CC   9D 07 01   STA &0107,X
     B2CF   85 A8      STA &A8
     B2D1   85 A9      STA &A9
     B2D3   88         DEY
.utils_skipspcloop
     B2D4   C8         INY
     B2D5   B1 F2      LDA (&F2),Y
     B2D7   C9 20      CMP #&20
     B2D9   F0 F9      BEQ &B2D4
     B2DB   C9 0D      CMP #&0D
     B2DD   D0 03      BNE &B2E2
     B2DF   4C B7 99   JMP &99B7
.utils_notnullstr
     B2E2   98         TYA
     B2E3   18         CLC
     B2E4   65 F2      ADC &F2
     B2E6   AA         TAX
     B2E7   A5 F3      LDA &F3
     B2E9   69 00      ADC #&00
     B2EB   A8         TAY
     B2EC   A5 AF      LDA &AF
     B2EE   20 CE FF   JSR &FFCE
     B2F1   F0 02      BEQ &B2F5
     B2F3   A8         TAY
     B2F4   60         RTS
.utils_filenotfound
     B2F5   4C 40 82   JMP &8240
.Utils_PrintLineNoA8
     B2F8   20 F1 A1   JSR &A1F1
     B2FB   20 0D 81   JSR &810D
     B2FE   A5 A8      LDA &A8
     B300   20 0D 81   JSR &810D
     B303   4C 1E 81   JMP &811E
Processed file 'Utilities.asm' ok
Including file TubeHost230.asm
.TUBE_CODE_500
     B306   37 05
     B308   96 05
     B30A   F2 05
     B30C   07 06
     B30E   27 06
     B310   68 06
     B312   5E 05
     B314   2D 05
     B316   20 05
     B318   42 05
     B31A   A9 05
     B31C   D1 05
     B31E   86
     B31F   88
     B320   96
     B321   98
     B322   18
     B323   18
     B324   82
     B325   18
     B326   20 C5 06   JSR &06C5
     B329   A8         TAY
     B32A   20 C5 06   JSR &06C5
     B32D   20 D4 FF   JSR &FFD4
     B330   4C 9C 05   JMP &059C
     B333   20 C5 06   JSR &06C5
     B336   A8         TAY
     B337   20 D7 FF   JSR &FFD7
     B33A   4C 3A 05   JMP &053A
     B33D   20 E0 FF   JSR &FFE0
     B340   6A         ROR A
     B341   20 95 06   JSR &0695
     B344   2A         ROL A
     B345   4C 9E 05   JMP &059E
     B348   20 C5 06   JSR &06C5
     B34B   F0 0B      BEQ &B358
     B34D   48         PHA
     B34E   20 82 05   JSR &0582
     B351   68         PLA
     B352   20 CE FF   JSR &FFCE
     B355   4C 9E 05   JMP &059E
.Label_AD2D
     B358   20 C5 06   JSR &06C5
     B35B   A8         TAY
     B35C   A9 00      LDA #&00
     B35E   20 CE FF   JSR &FFCE
     B361   4C 9C 05   JMP &059C
     B364   20 C5 06   JSR &06C5
     B367   A8         TAY
     B368   A2 04      LDX #&04
.Label_AD3F
     B36A   20 C5 06   JSR &06C5
     B36D   95 FF      STA &FF,X
     B36F   CA         DEX
     B370   D0 F8      BNE &B36A
     B372   20 C5 06   JSR &06C5
     B375   20 DA FF   JSR &FFDA
     B378   20 95 06   JSR &0695
     B37B   A2 03      LDX #&03
.Label_AD52
     B37D   B5 00      LDA &00,X
     B37F   20 95 06   JSR &0695
     B382   CA         DEX
     B383   10 F8      BPL &B37D
     B385   4C 36 00   JMP &0036
     B388   A2 00      LDX #&00
     B38A   A0 00      LDY #&00
.Label_AD61
     B38C   20 C5 06   JSR &06C5
     B38F   99 00 07   STA &0700,Y
     B392   C8         INY
     B393   F0 04      BEQ &B399
     B395   C9 0D      CMP #&0D
     B397   D0 F3      BNE &B38C
.Label_AD6E
     B399   A0 07      LDY #&07
     B39B   60         RTS
     B39C   20 82 05   JSR &0582
     B39F   20 F7 FF   JSR &FFF7
     B3A2   A9 7F      LDA #&7F
.Label_AD79
     B3A4   2C E2 FE   BIT &FEE2
     B3A7   50 FB      BVC &B3A4
     B3A9   8D E3 FE   STA &FEE3
.Label_AD81
     B3AC   4C 36 00   JMP &0036
     B3AF   A2 10      LDX #&10
.Label_AD86
     B3B1   20 C5 06   JSR &06C5
     B3B4   95 01      STA &01,X
     B3B6   CA         DEX
     B3B7   D0 F8      BNE &B3B1
     B3B9   20 82 05   JSR &0582
     B3BC   86 00      STX &00
     B3BE   84 01      STY &01
     B3C0   A0 00      LDY #&00
     B3C2   20 C5 06   JSR &06C5
     B3C5   20 DD FF   JSR &FFDD
     B3C8   20 95 06   JSR &0695
     B3CB   A2 10      LDX #&10
.Label_ADA2
     B3CD   B5 01      LDA &01,X
     B3CF   20 95 06   JSR &0695
     B3D2   CA         DEX
     B3D3   D0 F8      BNE &B3CD
     B3D5   F0 D5      BEQ &B3AC
     B3D7   A2 0D      LDX #&0D
.Label_ADAE
     B3D9   20 C5 06   JSR &06C5
     B3DC   95 FF      STA &FF,X
     B3DE   CA         DEX
     B3DF   D0 F8      BNE &B3D9
     B3E1   20 C5 06   JSR &06C5
     B3E4   A0 00      LDY #&00
     B3E6   20 D1 FF   JSR &FFD1
     B3E9   48         PHA
     B3EA   A2 0C      LDX #&0C
.Label_ADC1
     B3EC   B5 00      LDA &00,X
     B3EE   20 95 06   JSR &0695
     B3F1   CA         DEX
     B3F2   10 F8      BPL &B3EC
     B3F4   68         PLA
     B3F5   4C 3A 05   JMP &053A
     B3F8   20 C5 06   JSR &06C5
     B3FB   AA         TAX
     B3FC   20 C5 06   JSR &06C5
     B3FF   20 F4 FF   JSR &FFF4
.Label_ADD7
     B402   2C E2 FE   BIT &FEE2
     B405   50 FB      BVC &B402
     B407   8E E3 FE   STX &FEE3
.Label_ADDF
     B40A   4C 36 00   JMP &0036
     B40D   20 C5 06   JSR &06C5
     B410   AA         TAX
     B411   20 C5 06   JSR &06C5
     B414   A8         TAY
     B415   20 C5 06   JSR &06C5
     B418   20 F4 FF   JSR &FFF4
     B41B   49 9D      EOR #&9D
     B41D   F0 EB      BEQ &B40A
     B41F   6A         ROR A
     B420   20 95 06   JSR &0695
.Label_ADF8
     B423   2C E2 FE   BIT &FEE2
     B426   50 FB      BVC &B423
     B428   8C E3 FE   STY &FEE3
     B42B   70 D5      BVS &B402
     B42D   20 C5 06   JSR &06C5
     B430   A8         TAY
.Label_AE06
     B431   2C E2 FE   BIT &FEE2
     B434   10 FB      BPL &B431
     B436   AE E3 FE   LDX &FEE3
     B439   CA         DEX
     B43A   30 0F      BMI &B44B
.Label_AE11
     B43C   2C E2 FE   BIT &FEE2
     B43F   10 FB      BPL &B43C
     B441   AD E3 FE   LDA &FEE3
     B444   9D 28 01   STA &0128,X
     B447   CA         DEX
     B448   10 F2      BPL &B43C
     B44A   98         TYA
.Label_AE20
     B44B   A2 28      LDX #&28
     B44D   A0 01      LDY #&01
     B44F   20 F1 FF   JSR &FFF1
.Label_AE27
     B452   2C E2 FE   BIT &FEE2
     B455   10 FB      BPL &B452
     B457   AE E3 FE   LDX &FEE3
     B45A   CA         DEX
     B45B   30 0E      BMI &B46B
.Label_AE32
     B45D   BC 28 01   LDY &0128,X
.Label_AE35
     B460   2C E2 FE   BIT &FEE2
     B463   50 FB      BVC &B460
     B465   8C E3 FE   STY &FEE3
     B468   CA         DEX
     B469   10 F2      BPL &B45D
.Label_AE40
     B46B   4C 36 00   JMP &0036
     B46E   A2 04      LDX #&04
.Label_AE45
     B470   20 C5 06   JSR &06C5
     B473   95 00      STA &00,X
     B475   CA         DEX
     B476   10 F8      BPL &B470
     B478   E8         INX
     B479   A0 00      LDY #&00
     B47B   8A         TXA
     B47C   20 F1 FF   JSR &FFF1
     B47F   90 05      BCC &B486
     B481   A9 FF      LDA #&FF
     B483   4C 9E 05   JMP &059E
.Label_AE5B
     B486   A2 00      LDX #&00
     B488   A9 7F      LDA #&7F
     B48A   20 95 06   JSR &0695
.Label_AE62
     B48D   BD 00 07   LDA &0700,X
     B490   20 95 06   JSR &0695
     B493   E8         INX
     B494   C9 0D      CMP #&0D
     B496   D0 F5      BNE &B48D
     B498   4C 36 00   JMP &0036
.Label_AE70
     B49B   2C E2 FE   BIT &FEE2
     B49E   50 FB      BVC &B49B
     B4A0   8D E3 FE   STA &FEE3
     B4A3   60         RTS
.Label_AE79
     B4A4   2C E6 FE   BIT &FEE6
     B4A7   50 FB      BVC &B4A4
     B4A9   8D E7 FE   STA &FEE7
     B4AC   60         RTS
     B4AD   A5 FF      LDA &FF
     B4AF   38         SEC
     B4B0   6A         ROR A
     B4B1   30 0F      BMI &B4C2
     B4B3   48         PHA
     B4B4   A9 00      LDA #&00
     B4B6   20 BC 06   JSR &06BC
     B4B9   98         TYA
     B4BA   20 BC 06   JSR &06BC
     B4BD   8A         TXA
     B4BE   20 BC 06   JSR &06BC
     B4C1   68         PLA
.Label_AE97
     B4C2   2C E0 FE   BIT &FEE0
     B4C5   50 FB      BVC &B4C2
     B4C7   8D E1 FE   STA &FEE1
     B4CA   60         RTS
.Label_AEA0
     B4CB   2C E2 FE   BIT &FEE2
     B4CE   10 FB      BPL &B4CB
     B4D0   AD E3 FE   LDA &FEE3
     B4D3   60         RTS
.SERVICE09_TUBEHelp
     B4D4   C9 09      CMP #&09
     B4D6   D0 2A      BNE &B502
     B4D8   98         TYA
     B4D9   48         PHA
     B4DA   B1 F2      LDA (&F2),Y
     B4DC   C9 0D      CMP #&0D
     B4DE   D0 1E      BNE &B4FE
     B4E0   A9 E9      LDA #&E9
     B4E2   20 2D 93   JSR &932D
     B4E5   A6 F4      LDX &F4
     B4E7   98         TYA
     B4E8   F0 14      BEQ &B4FE
     B4EA   20 9E 80   JSR &809E
     B4ED   0D
     B4EE   54 55 42 ...
     B4FC   0D
     B4FD   EA         NOP
.Label_AED3
     B4FE   68         PLA
     B4FF   A8         TAY
     B500   A9 09      LDA #&09
.SERVICEFE_TUBEPostInit
     B502   C9 FE      CMP #&FE
     B504   90 5C      BCC &B562
     B506   D0 1B      BNE &B523
     B508   C0 00      CPY #&00
     B50A   F0 56      BEQ &B562
     B50C   A2 06      LDX #&06
     B50E   A9 14      LDA #&14
     B510   20 F4 FF   JSR &FFF4
.servFE_tubemsg_loop
     B513   2C E0 FE   BIT &FEE0
     B516   10 FB      BPL &B513
     B518   AD E1 FE   LDA &FEE1
     B51B   F0 43      BEQ &B560
     B51D   20 EE FF   JSR &FFEE
     B520   4C 13 B5   JMP &B513
.SERVICEFF_TUBEInit
     B523   A9 AD      LDA #&AD
     B525   8D 20 02   STA &0220
     B528   A9 06      LDA #&06
     B52A   8D 21 02   STA &0221
     B52D   A9 16      LDA #&16
     B52F   8D 02 02   STA &0202
     B532   A9 00      LDA #&00
     B534   8D 03 02   STA &0203
     B537   A9 8E      LDA #&8E
     B539   8D E0 FE   STA &FEE0
     B53C   A0 00      LDY #&00
.servFF_copytubecode_loop
     B53E   B9 A4 B5   LDA &B5A4,Y
     B541   99 00 04   STA &0400,Y
     B544   B9 06 B3   LDA &B306,Y
     B547   99 00 05   STA &0500,Y
     B54A   B9 06 B4   LDA &B406,Y
     B54D   99 00 06   STA &0600,Y
     B550   88         DEY
     B551   D0 EB      BNE &B53E
     B553   20 21 04   JSR &0421
     B556   A2 41      LDX #&41
.servFF_copytubezpcode_loop
     B558   BD 63 B5   LDA &B563,X
     B55B   95 16      STA &16,X
     B55D   CA         DEX
     B55E   10 F8      BPL &B558
.servFE_exitA_0
     B560   A9 00      LDA #&00
.servFE_exit
     B562   60         RTS
.TUBE_ZP_CODE_0016
     B563   A9 FF      LDA #&FF
     B565   20 9E 06   JSR &069E
     B568   AD E3 FE   LDA &FEE3
     B56B   A9 00      LDA #&00
     B56D   20 95 06   JSR &0695
     B570   A8         TAY
     B571   B1 FD      LDA (&FD),Y
     B573   20 95 06   JSR &0695
.Label_AF4B
     B576   C8         INY
     B577   B1 FD      LDA (&FD),Y
     B579   20 95 06   JSR &0695
     B57C   AA         TAX
     B57D   D0 F7      BNE &B576
     B57F   A2 FF      LDX #&FF
     B581   9A         TXS
     B582   58         CLI
.Label_AF58
     B583   2C E0 FE   BIT &FEE0
     B586   10 06      BPL &B58E
.Label_AF5D
     B588   AD E1 FE   LDA &FEE1
     B58B   20 EE FF   JSR &FFEE
.Label_AF63
     B58E   2C E2 FE   BIT &FEE2
     B591   10 F0      BPL &B583
     B593   2C E0 FE   BIT &FEE0
     B596   30 F0      BMI &B588
     B598   AE E3 FE   LDX &FEE3
     B59B   86 51      STX &51
     B59D   6C 00 05   JMP (&0500)
     B5A0   00 80
     B5A2   00 00
.TUBE_CODE_400
     B5A4   4C 84 04   JMP &0484
     B5A7   4C A7 06   JMP &06A7
     B5AA   C9 80      CMP #&80
     B5AC   90 2B      BCC &B5D9
     B5AE   C9 C0      CMP #&C0
     B5B0   B0 1A      BCS &B5CC
     B5B2   09 40      ORA #&40
     B5B4   C5 15      CMP &15
     B5B6   D0 20      BNE &B5D8
     B5B8   08         PHP
     B5B9   78         SEI
     B5BA   A9 05      LDA #&05
     B5BC   20 9E 06   JSR &069E
     B5BF   A5 15      LDA &15
     B5C1   20 9E 06   JSR &069E
     B5C4   28         PLP
     B5C5   A9 80      LDA #&80
     B5C7   85 15      STA &15
     B5C9   85 14      STA &14
     B5CB   60         RTS
.Label_AFA1
     B5CC   06 14      ASL &14
     B5CE   B0 06      BCS &B5D6
     B5D0   C5 15      CMP &15
     B5D2   F0 04      BEQ &B5D8
     B5D4   18         CLC
     B5D5   60         RTS
.Label_AFAB
     B5D6   85 15      STA &15
.Label_AFAD
     B5D8   60         RTS
.Label_AFAE
     B5D9   08         PHP
     B5DA   78         SEI
     B5DB   84 13      STY &13
     B5DD   86 12      STX &12
     B5DF   20 9E 06   JSR &069E
     B5E2   AA         TAX
     B5E3   A0 03      LDY #&03
     B5E5   A5 15      LDA &15
     B5E7   20 9E 06   JSR &069E
.Label_AFBF
     B5EA   B1 12      LDA (&12),Y
     B5EC   20 9E 06   JSR &069E
     B5EF   88         DEY
     B5F0   10 F8      BPL &B5EA
     B5F2   A0 18      LDY #&18
     B5F4   8C E0 FE   STY &FEE0
     B5F7   BD 18 05   LDA &0518,X
     B5FA   8D E0 FE   STA &FEE0
     B5FD   4A         LSR A
     B5FE   4A         LSR A
     B5FF   90 06      BCC &B607
     B601   2C E5 FE   BIT &FEE5
     B604   2C E5 FE   BIT &FEE5
.Label_AFDC
     B607   20 9E 06   JSR &069E
.Label_AFDF
     B60A   2C E6 FE   BIT &FEE6
     B60D   50 FB      BVC &B60A
     B60F   B0 0D      BCS &B61E
     B611   E0 04      CPX #&04
     B613   D0 11      BNE &B626
.Label_AFEA
     B615   20 14 04   JSR &0414
     B618   20 95 06   JSR &0695
     B61B   4C 32 00   JMP &0032
.Label_AFF3
     B61E   4A         LSR A
     B61F   90 05      BCC &B626
     B621   A0 88      LDY #&88
     B623   8C E0 FE   STY &FEE0
.Label_AFFB
     B626   28         PLP
     B627   60         RTS
     B628   58         CLI
     B629   B0 0A      BCS &B635
     B62B   D0 03      BNE &B630
     B62D   4C 9C 05   JMP &059C
.Label_B005
     B630   AE 8D 02   LDX &028D
     B633   F0 E0      BEQ &B615
.Label_B00A
     B635   A9 FF      LDA #&FF
     B637   20 06 04   JSR &0406
     B63A   90 F9      BCC &B635
     B63C   20 CE 04   JSR &04CE
.Label_B014
     B63F   08         PHP
     B640   78         SEI
     B641   A9 07      LDA #&07
     B643   20 C7 04   JSR &04C7
     B646   A0 00      LDY #&00
     B648   84 00      STY &00
.Label_B01F
     B64A   B1 00      LDA (&00),Y
     B64C   8D E5 FE   STA &FEE5
     B64F   EA         NOP
     B650   EA         NOP
     B651   EA         NOP
     B652   C8         INY
     B653   D0 F5      BNE &B64A
     B655   28         PLP
     B656   E6 54      INC &54
     B658   D0 06      BNE &B660
     B65A   E6 55      INC &55
     B65C   D0 02      BNE &B660
     B65E   E6 56      INC &56
.Label_B035
     B660   E6 01      INC &01
     B662   24 01      BIT &01
     B664   50 D9      BVC &B63F
     B666   20 CE 04   JSR &04CE
     B669   A9 04      LDA #&04
     B66B   A0 00      LDY #&00
     B66D   A2 53      LDX #&53
     B66F   4C 06 04   JMP &0406
     B672   A9 80      LDA #&80
     B674   85 54      STA &54
     B676   85 01      STA &01
     B678   A9 20      LDA #&20
     B67A   2D 06 80   AND &8006
     B67D   A8         TAY
     B67E   84 53      STY &53
     B680   F0 19      BEQ &B69B
     B682   AE 07 80   LDX &8007
.Label_B05A
     B685   E8         INX
     B686   BD 00 80   LDA &8000,X
     B689   D0 FA      BNE &B685
     B68B   BD 01 80   LDA &8001,X
     B68E   85 53      STA &53
     B690   BD 02 80   LDA &8002,X
     B693   85 54      STA &54
     B695   BC 03 80   LDY &8003,X
     B698   BD 04 80   LDA &8004,X
.Label_B070
     B69B   85 56      STA &56
     B69D   84 55      STY &55
     B69F   60         RTS
Processed file 'TubeHost230.asm' ok
    code ends at&B6A0  (94 bytes free )
Saving file 'build/T/SWMMFS'
Processed file 'mmfs100.asm' ok
Processed file 'top_SWMMFS.asm' ok
